% raindrop T-matrix calculations using the code of Leinonen, J., "Python code for T-matrix scattering calculations". Available at https://github.com/jleinonen/pytmatrix/. 
% 
% refractive index calculations after Ray, P., 1972:  Broadband Complex Refractive Indices of Ice and Water, Appl. Opt. 11, 1836-1844 
% 
% raindrop aspect ratio estimated with the methodology of Brandes, Edward & Zhang, Guifu & Vivekanandan, Jothiram. (2005). Corrigendum. Journal of Applied Meteorology. 44. 186-. 10.1175/1520-0450(2005)44<186:C>2.0.CO;2. 
% 
% wave length: 1.795164 mm 
% temperature: 263.15 K 
% refractive index: 2.348847866058349609e+00 + 6.959495544433593750e-01 i 
% 
%r_eqv[mm]               axial ratio              ext[mm2]                 sca[mm2]                 back[mm2]
5.000000000000000104e-03 9.999900000999989436e-01 8.969527643581387806e-07 8.804150628509429020e-12 1.320361519795972337e-11
1.000000000000000021e-02 9.999900000999989436e-01 7.186511489113630525e-06 5.637917036464602924e-10 8.450188868060251421e-10
1.499999999999999944e-02 9.999900000999989436e-01 2.431733562441584377e-05 6.428079791474555829e-09 9.624973688830621596e-09
2.000000000000000042e-02 9.999900000999989436e-01 5.785523170568573984e-05 3.616504790916373211e-08 5.407618887392168490e-08
2.500000000000000139e-02 9.999900000999989436e-01 1.135505512402540135e-04 1.381915972347602551e-07 2.062649887170231941e-07
2.999999999999999889e-02 9.999900000999989436e-01 1.974123314248879676e-04 4.134805592705844999e-07 6.158200247627271218e-07
3.500000000000000333e-02 9.999900000999989436e-01 3.157897185462655329e-04 1.045133084162253931e-06 1.552576183584032467e-06
4.000000000000000083e-02 9.999900000999989436e-01 4.754610225826966111e-04 2.335097721369914095e-06 3.458569348275522874e-06
4.499999999999999833e-02 9.999900000999989436e-01 6.837311458421789674e-04 4.748360846646448546e-06 7.009262730211734595e-06
5.000000000000000278e-02 9.999900000999989436e-01 9.485377539526265158e-04 8.964985877145441534e-06 1.318384206882742627e-05
5.500000000000000028e-02 9.999900000999989436e-01 1.278567144596829720e-03 1.594040508565344993e-05 2.334432793362598599e-05
5.999999999999999778e-02 9.999900000999989436e-01 1.683379448342384307e-03 2.697441513765984353e-05 3.932318827489953914e-05
6.500000000000000222e-02 9.999900000999989436e-01 2.173545605554215096e-03 4.378932462408832916e-05 6.351898709535214952e-05
7.000000000000000666e-02 9.999900000999989436e-01 2.760793913103173902e-03 6.861771839581882278e-05 9.899947705544155576e-05
7.499999999999999722e-02 9.999900000999989436e-01 3.458169517299180141e-03 1.043003159100964366e-04 1.496114042943468491e-04
8.000000000000000167e-02 9.999900000999989436e-01 4.280205306507949697e-03 1.543942518063142974e-04 2.200958994934623658e-04
8.500000000000000611e-02 9.999900000999989436e-01 5.243105202729813480e-03 2.232922439566078067e-04 3.162083647818500769e-04
8.999999999999999667e-02 9.999900000999989436e-01 6.364938384172646492e-03 3.163527727887374577e-04 4.448410707557299074e-04
9.500000000000000111e-02 9.999900000999989436e-01 7.665849629872776086e-03 4.400413712447048559e-04 6.141464707714623791e-04
1.000000000000000056e-01 9.999900000999989436e-01 9.168275151912336912e-03 6.020831296143438907e-04 8.336590476198841053e-04
1.049999999999999961e-01 9.999900000999989436e-01 1.089717490334714441e-02 8.116255239941698408e-04 1.114411928277676345e-03
1.100000000000000006e-01 9.999900000999989436e-01 1.288027060937439912e-02 1.079411283804223350e-03 1.469045180821286316e-03
1.150000000000000050e-01 9.999900000999989436e-01 1.514829348513275185e-02 1.417960533720814733e-03 1.911901892263977035e-03
1.199999999999999956e-01 9.999900000999989436e-01 1.773523405172034925e-02 1.841758629851591436e-03 2.459104171169118960e-03
1.250000000000000000e-01 9.999900000999989436e-01 2.067859513585129302e-02 2.367451622578836158e-03 3.128608766267894359e-03
1.300000000000000044e-01 9.999900000999989436e-01 2.401964234377176183e-02 3.014039002496904200e-03 3.940225101448813216e-03
1.350000000000000089e-01 9.999900000999989436e-01 2.780363823678820567e-02 3.803069474042436882e-03 4.915601158644759133e-03
1.400000000000000133e-01 9.999900000999989436e-01 3.208007344269056538e-02 4.758825812623640635e-03 6.078155608829736642e-03
1.449999999999999900e-01 9.999900000999989436e-01 3.690286080117470557e-02 5.908498901318113769e-03 7.452954594273053859e-03
1.499999999999999944e-01 9.999900000999989436e-01 4.233049179261418743e-02 7.282342091587156938e-03 9.066521092119514402e-03
1.549999999999999989e-01 9.999900000999989436e-01 4.842616944616064123e-02 8.913792502672247819e-03 1.094655833730264101e-02
1.600000000000000033e-01 9.999900000999989436e-01 5.525784574258715831e-02 1.083956565890979024e-02 1.312159903651394059e-02
1.650000000000000078e-01 9.999900000999989436e-01 6.289821192588070098e-02 1.309969021418843152e-02 1.562054053727480497e-02
1.700000000000000122e-01 9.999900000999989436e-01 7.142459346906968043e-02 1.573748941153925787e-02 1.847208202347530581e-02
1.750000000000000167e-01 9.999900000999989436e-01 8.091870273723916762e-02 1.879948754023672355e-02 2.170404748912643095e-02
1.799999999999999933e-01 9.999900000999989436e-01 9.146629693075339351e-02 2.233524252198128626e-02 2.534261024318967132e-02
1.849999999999999978e-01 9.999900000999989436e-01 1.031566723536585795e-01 2.639706164418038209e-02 2.941138661240670985e-02
1.900000000000000022e-01 1.000338260324268314e+00 1.160991500751349520e-01 3.104676787494292656e-02 3.394401997965063728e-02
1.950000000000000067e-01 1.000344839311130496e+00 1.303556829289110597e-01 3.632806076752557317e-02 3.893165614549765063e-02
2.000000000000000111e-01 1.000357515291503407e+00 1.460367452758589979e-01 4.230490984229231394e-02 4.439573709551413588e-02
2.050000000000000155e-01 1.000376259251188893e+00 1.632369715739220850e-01 4.903576577558342586e-02 5.033957022124273262e-02
2.099999999999999922e-01 1.000401042453005207e+00 1.820489162008588901e-01 5.657879102127982146e-02 5.675882292662309120e-02
2.149999999999999967e-01 1.000431836433301802e+00 2.025612123189956815e-01 6.499081108416517039e-02 6.364057901708269904e-02
2.200000000000000011e-01 1.000468612998516083e+00 2.248565384762631625e-01 7.432628978054535429e-02 7.096279944815725438e-02
2.250000000000000056e-01 1.000511344221778787e+00 2.490091312383370392e-01 8.463611223474491740e-02 7.869394857674236188e-02
2.300000000000000100e-01 1.000560002439564444e+00 2.750822373358157158e-01 9.596638089079652378e-02 8.679311918407392468e-02
2.350000000000000144e-01 1.000614560248383578e+00 3.031252607604840721e-01 1.083571182673413180e-01 9.521056008170510065e-02
2.399999999999999911e-01 1.000674990501522643e+00 3.331707602891281206e-01 1.218410020122290827e-01 1.038887689339866305e-01
2.449999999999999956e-01 1.000741266305821942e+00 3.652313387038877979e-01 1.364420994456391478e-01 1.127640964863770856e-01
2.500000000000000000e-01 1.000813361018499714e+00 3.992967583321013758e-01 1.521746973081290477e-01 1.217688785840935761e-01
2.550000000000000044e-01 1.000891248244015541e+00 4.353308257668820902e-01 1.690421356391591245e-01 1.308339272634004014e-01
2.600000000000000089e-01 1.000974901830975039e+00 4.732691779753313566e-01 1.870358826135876673e-01 1.398913114174755445e-01
2.650000000000000133e-01 1.001064295869075416e+00 5.130171375230035968e-01 2.061346593673910321e-01 1.488771609651346195e-01
2.700000000000000178e-01 1.001159404686088994e+00 5.544488827172400214e-01 2.263037670027509551e-01 1.577340869750219754e-01
2.750000000000000222e-01 1.001260202844886926e+00 5.974072478721479396e-01 2.474946378480066544e-01 1.664131780105782832e-01
2.800000000000000266e-01 1.001366665140501100e+00 6.417052981097790543e-01 2.696447995906550155e-01 1.748752238012840077e-01
2.850000000000000311e-01 1.001478766597222014e+00 6.871291864312801811e-01 2.926778747192138597e-01 1.830905608310559041e-01
2.899999999999999800e-01 1.001596482465736404e+00 7.334425553775925088e-01 3.165042635748341326e-01 1.910381244633885534e-01
2.949999999999999845e-01 1.001719788220298835e+00 7.803927103654363373e-01 3.410220767094387928e-01 1.987031553455510524e-01
2.999999999999999889e-01 1.001848659555939935e+00 8.277180022499532885e-01 3.661186390189223872e-01 2.060739905023804552e-01
3.049999999999999933e-01 1.001983072385710605e+00 8.751560131132567477e-01 3.916723646396949032e-01 2.131384035362496043e-01
3.099999999999999978e-01 1.002123002837959964e+00 9.224525331324509025e-01 4.175553522619128710e-01 2.198798146854362423e-01
3.150000000000000022e-01 1.002268427253648841e+00 9.693702022060778356e-01 4.436360101225673147e-01 2.262736100628068014e-01
3.200000000000000067e-01 1.002419322183694117e+00 1.015696330459131991e+00 4.697821559549980042e-01 2.322845539341668319e-01
3.250000000000000111e-01 1.002575664386349930e+00 1.061249566011734480e+00 4.958642519976795282e-01 2.378652526231047615e-01
3.300000000000000155e-01 1.002737430824617970e+00 1.105884939990981586e+00 5.217584476551396788e-01 2.429557491838998107e-01
3.350000000000000200e-01 1.002904598663692415e+00 1.149497107955671726e+00 5.473496803663004950e-01 2.474847019189805319e-01
3.400000000000000244e-01 1.003077145268434833e+00 1.192021299103177112e+00 5.725339976953838228e-01 2.513713882932940291e-01
3.450000000000000289e-01 1.003255048200880628e+00 1.233433045766852754e+00 5.972209241156467563e-01 2.545288320609206401e-01
3.500000000000000333e-01 1.003438285217776782e+00 1.273746101364283678e+00 6.213349889904733470e-01 2.568672661949868985e-01
3.549999999999999822e-01 1.003626834268148693e+00 1.313008952045714217e+00 6.448165743477864975e-01 2.582976557954902441e-01
3.599999999999999867e-01 1.003820673490896542e+00 1.351301404202830847e+00 6.676231066471988163e-01 2.587357138805485013e-01
3.649999999999999911e-01 1.004019781212422524e+00 1.388729405502635128e+00 6.897283850900434166e-01 2.581045307864132665e-01
3.699999999999999956e-01 1.004224135944284502e+00 1.425420933532339562e+00 7.111230308855638338e-01 2.563379190748383274e-01
3.750000000000000000e-01 1.004433716380879638e+00 1.461520776696206170e+00 7.318132046676537605e-01 2.533821073136683366e-01
3.800000000000000044e-01 1.004648501397155336e+00 1.497186651391484213e+00 7.518204539363971817e-01 2.491978396174531762e-01
3.850000000000000089e-01 1.004868470046347273e+00 1.532584668149802987e+00 7.711803282283963279e-01 2.437614564193179012e-01
3.900000000000000133e-01 1.005093601557745631e+00 1.567885117151419205e+00 7.899410693837313202e-01 2.370658684098009283e-01
3.950000000000000178e-01 1.005323875334485528e+00 1.603259322097365658e+00 8.081627787979206445e-01 2.291214981576170096e-01
4.000000000000000222e-01 1.005559270951367434e+00 1.638875792282834087e+00 8.259156218672487615e-01 2.199566607944705987e-01
4.050000000000000266e-01 1.005799768152698448e+00 1.674897237179239218e+00 8.432786306050455982e-01 2.096187086406244571e-01
4.100000000000000311e-01 1.006045346850164002e+00 1.711477476654705177e+00 8.603379209393048344e-01 1.981744699397566534e-01
4.150000000000000355e-01 1.006295987120720881e+00 1.748758902168618512e+00 8.771854596413051208e-01 1.857117512288910810e-01
4.199999999999999845e-01 1.006551669204517108e+00 1.786869696938832464e+00 8.939169859015363429e-01 1.723403011809001295e-01
4.249999999999999889e-01 1.006812373502834479e+00 1.825921512734905994e+00 9.106301609748569392e-01 1.581929923988799336e-01
4.299999999999999933e-01 1.007078080576055967e+00 1.866007479230053390e+00 9.274227903100457082e-01 1.434274061433741809e-01
4.349999999999999978e-01 1.007348771141657329e+00 1.907200351505126346e+00 9.443906111671779291e-01 1.282266013033849794e-01
4.400000000000000022e-01 1.007624426072219359e+00 1.949551234252760334e+00 9.616254150445759930e-01 1.128000835954719172e-01
4.450000000000000067e-01 1.007905026393466796e+00 1.993088579587194653e+00 9.792127086637623101e-01 9.738334249888451477e-02
4.500000000000000111e-01 1.008190553282325652e+00 2.037817134660127039e+00 9.972294079604687722e-01 8.223730380303424792e-02
4.550000000000000155e-01 1.008480988065006079e+00 2.083718702504532949e+00 1.015742359737280109e+00 6.764582471225383253e-02
4.600000000000000200e-01 1.008776312215104998e+00 2.130751679065852500e+00 1.034805827632433228e+00 5.391243179301490746e-02
4.650000000000000244e-01 1.009076507351731156e+00 2.178852541221293571e+00 1.054460323227941254e+00 4.135516852843885288e-02
4.700000000000000289e-01 1.009381555237651273e+00 2.227936784582475127e+00 1.074730933318791104e+00 3.030011743445585118e-02
4.750000000000000333e-01 1.009691437777457068e+00 2.277901099639359384e+00 1.095626715470378487e+00 2.107354654378973402e-02
4.799999999999999822e-01 1.010006137015752481e+00 2.328625204865359066e+00 1.117139770517378894e+00 1.399297117588859524e-02
4.849999999999999867e-01 1.010325635135361333e+00 2.379975090377507652e+00 1.139245883411854843e+00 9.357672558092364895e-03
4.899999999999999911e-01 1.010649914455556075e+00 2.431805638278031978e+00 1.161904733747910479e+00 7.438689544171616687e-03
4.949999999999999956e-01 1.010978957430304748e+00 2.483964547608297657e+00 1.185061400717441371e+00 8.469509148687459979e-03
5.000000000000000000e-01 1.011312746646537475e+00 2.536295528927055010e+00 1.208647849055487944e+00 1.263746638213605195e-02
5.050000000000000044e-01 1.011651264822433394e+00 2.588642928412886235e+00 1.232585577254327713e+00 2.007654107632332596e-02
5.100000000000000089e-01 1.011994494805724676e+00 2.640855065384434930e+00 1.256787868635652172e+00 3.086221589707507235e-02
5.150000000000000133e-01 1.012342419572020980e+00 2.692788830897217878e+00 1.281162959248456135e+00 4.500831397742346973e-02
5.200000000000000178e-01 1.012695022223150554e+00 2.744313110427221147e+00 1.305617146465375189e+00 6.246622888435916787e-02
5.250000000000000222e-01 1.013052285985520662e+00 2.795312837349967161e+00 1.330058112455480002e+00 8.312639188025640335e-02
5.300000000000000266e-01 1.013414194208494434e+00 2.845691358669057092e+00 1.354397590936657458e+00 1.068218345654144141e-01
5.350000000000000311e-01 1.013780730362787486e+00 2.895373486909134542e+00 1.378554569148264131e+00 1.333335159125564884e-01
5.400000000000000355e-01 1.014151878038878962e+00 2.944306522274540594e+00 1.402457106736012538e+00 1.623971769364506712e-01
5.450000000000000400e-01 1.014527620945441466e+00 2.992461933570215393e+00 1.426044959348828689e+00 1.937107782467307471e-01
5.500000000000000444e-01 1.014907942907788518e+00 3.039834763588920463e+00 1.449270349500609401e+00 2.269424799771870005e-01
5.550000000000000488e-01 1.015292827866336012e+00 3.086443613911770800e+00 1.472099422307290295e+00 2.617383918859952918e-01
5.600000000000000533e-01 1.015682259875082316e+00 3.132328952725745630e+00 1.494512253309275174e+00 2.977302485429837997e-01
5.650000000000000577e-01 1.016076223100103704e+00 3.177551377681975708e+00 1.516502971508855158e+00 3.345419287226877314e-01
5.700000000000000622e-01 1.016474701818065096e+00 3.222189187182669112e+00 1.538079108914177429e+00 3.717951262541211999e-01
5.750000000000000666e-01 1.016877680414747243e+00 3.266335852076665880e+00 1.559260860561893391e+00 4.091140654409110011e-01
5.799999999999999600e-01 1.017285143383589441e+00 3.310096778364648884e+00 1.580079582933172411e+00 4.461290229072626956e-01
5.849999999999999645e-01 1.017697075324246692e+00 3.353587347744865887e+00 1.600577405350873006e+00 4.824797715502127105e-01
5.899999999999999689e-01 1.018113460941162618e+00 3.396928701440312004e+00 1.620804468267751597e+00 5.178164953821285943e-01
5.949999999999999734e-01 1.018534285042156151e+00 3.440245880255126121e+00 1.640818262177999642e+00 5.518022622554252798e-01
5.999999999999999778e-01 1.018959532537025314e+00 3.483665309436344337e+00 1.660682047255526372e+00 5.841137968628724586e-01
6.049999999999999822e-01 1.019389188436160998e+00 3.527311782326529865e+00 1.680462824998977700e+00 6.144422644299127878e-01
6.099999999999999867e-01 1.019823237849180497e+00 3.571307008964223595e+00 1.700230538268158842e+00 6.424951976726840375e-01
6.149999999999999911e-01 1.020261665983570154e+00 3.615767661723648718e+00 1.720056300948052286e+00 6.679972764611084024e-01
6.199999999999999956e-01 1.020704458143344873e+00 3.660803073810566577e+00 1.740010902472084453e+00 6.906923401612659053e-01
6.250000000000000000e-01 1.021151599727719406e+00 3.706514635015520032e+00 1.760164057091211820e+00 7.103460149200404583e-01
6.300000000000000044e-01 1.021603076229795626e+00 3.752994225977184684e+00 1.780583150179470886e+00 7.267484451306198689e-01
6.350000000000000089e-01 1.022058873235258902e+00 3.800322651352557202e+00 1.801331835216688937e+00 7.397168155632896092e-01
6.400000000000000133e-01 1.022518976421092685e+00 3.848569692177693291e+00 1.822469971134557332e+00 7.491004752690032520e-01
6.450000000000000178e-01 1.022983371554301524e+00 3.897792240062946778e+00 1.844051884782789585e+00 7.547831570817553626e-01
6.500000000000000222e-01 1.023452044490649859e+00 3.948034501312652100e+00 1.866126414522337740e+00 7.566878935437822973e-01
6.550000000000000266e-01 1.023924981173411908e+00 3.999326449742931722e+00 1.888735305021063571e+00 7.547798305439312738e-01
6.600000000000000311e-01 1.024402167632133542e+00 4.051685056256642881e+00 1.911914241101961398e+00 7.490703436102961188e-01
6.650000000000000355e-01 1.024883589981409493e+00 4.105112751617428835e+00 1.935691126909945492e+00 7.396188272960848575e-01
6.700000000000000400e-01 1.025369234419667430e+00 4.159598159004390006e+00 1.960086205545312543e+00 7.265343810920412704e-01
6.750000000000000444e-01 1.025859087227968924e+00 4.215117026447448012e+00 1.985112644248056446e+00 7.099772056064737047e-01
6.800000000000000488e-01 1.026353134768820174e+00 4.271632227098721479e+00 2.010775910578826764e+00 6.901571510652270147e-01
6.850000000000000533e-01 1.026851363484993174e+00 4.329095576901126563e+00 2.037074427703918111e+00 6.673320020155776300e-01
6.900000000000000577e-01 1.027353759898360641e+00 4.387448305615853528e+00 2.063999502637682504e+00 6.418045661151002834e-01
6.950000000000000622e-01 1.027860310608740946e+00 4.446623804397915158e+00 2.091536683889325676e+00 6.139182788948539526e-01
7.000000000000000666e-01 1.028371002292754355e+00 4.506549035593502062e+00 2.119666010649699839e+00 5.840505395006098110e-01
7.049999999999999600e-01 1.028885821702690384e+00 4.567146408988544515e+00 2.148362680682529557e+00 5.526071016315817763e-01
7.099999999999999645e-01 1.029404755665387139e+00 4.628336223939964356e+00 2.177598212194006955e+00 5.200144750084048084e-01
7.149999999999999689e-01 1.029927791081118427e+00 4.690039185785158438e+00 2.207341633675958814e+00 4.867119774142952271e-01
7.199999999999999734e-01 1.030454914922495746e+00 4.752178051615599585e+00 2.237560219704490816e+00 4.531431962804169378e-01
7.249999999999999778e-01 1.030986114233377604e+00 4.814679740141517783e+00 2.268220322479539419e+00 4.197495060967753044e-01
7.299999999999999822e-01 1.031521376127789047e+00 4.877477354477357530e+00 2.299288563901808580e+00 3.869610911531341513e-01
7.349999999999999867e-01 1.032060687788854958e+00 4.940511796942338663e+00 2.330732912359168907e+00 3.551915868398343723e-01
7.399999999999999911e-01 1.032604036467738684e+00 5.003732361684021690e+00 2.362522958389846828e+00 3.248312147503766845e-01
7.449999999999999956e-01 1.033151409482594651e+00 5.067098122610862454e+00 2.394630782891786769e+00 2.962422842698232972e-01
7.500000000000000000e-01 1.033702794217528753e+00 5.130577792533496329e+00 2.427031317169333846e+00 2.697550088083356945e-01
7.550000000000000044e-01 1.034258178121568061e+00 5.194150714748582587e+00 2.459702824990236181e+00 2.456647113364096580e-01
7.600000000000000089e-01 1.034817548707643198e+00 5.257805886327061806e+00 2.492627126344206356e+00 2.242297249568228068e-01
7.650000000000000133e-01 1.035380893551575587e+00 5.321541918889382217e+00 2.525789639619932636e+00 2.056709585843114751e-01
7.700000000000000178e-01 1.035948200291078702e+00 5.385366625975644972e+00 2.559179646702800071e+00 1.901704851800223028e-01
7.750000000000000222e-01 1.036519456624765523e+00 5.449295043469781774e+00 2.592789054259732051e+00 1.778728446946790109e-01
7.800000000000000266e-01 1.037094650311166655e+00 5.513349941887555339e+00 2.626613908537985598e+00 1.688854217521428280e-01
7.850000000000000311e-01 1.037673769167756666e+00 5.577559800559094505e+00 2.660652850070590159e+00 1.632799940730851607e-01
7.900000000000000355e-01 1.038256801069989743e+00 5.641957970767899511e+00 2.694907272139117183e+00 1.610935834073733142e-01
7.950000000000000400e-01 1.038843733950345127e+00 5.706581343874433720e+00 2.729380799978216920e+00 1.623306747141379236e-01
8.000000000000000444e-01 1.039434555797379867e+00 5.771469753577079587e+00 2.764079229157688111e+00 1.669645661698957728e-01
8.050000000000000488e-01 1.040029254654790458e+00 5.836664208131500331e+00 2.799009726701493062e+00 1.749394944632903792e-01
8.100000000000000533e-01 1.040627818620484257e+00 5.902206465056418772e+00 2.834180944140843650e+00 1.861719555184781494e-01
8.150000000000000577e-01 1.041230235845658436e+00 5.968138174476421476e+00 2.869602430315799424e+00 2.005525461526093955e-01
8.200000000000000622e-01 1.041836494533886492e+00 6.034499244599936141e+00 2.905284119445982860e+00 2.179480712035607448e-01
8.250000000000000666e-01 1.042446582940215416e+00 6.101327979252946676e+00 2.941236479959102645e+00 2.382027888906883550e-01
8.300000000000000711e-01 1.043060489370268407e+00 6.168660061104473513e+00 2.977469759436814911e+00 2.611404216669004907e-01
8.349999999999999645e-01 1.043678202179357140e+00 6.236528286810402832e+00 3.013994421976868399e+00 2.865661562527638262e-01
8.399999999999999689e-01 1.044299709771603135e+00 6.304961429434579046e+00 3.050820039814535978e+00 3.142682427215466867e-01
8.449999999999999734e-01 1.044925000599063569e+00 6.373984560474602823e+00 3.087955662813103963e+00 3.440201884258081710e-01
8.499999999999999778e-01 1.045554063160868408e+00 6.443618629760876182e+00 3.125409645241651546e+00 3.755827655655024078e-01
8.549999999999999822e-01 1.046186886002363758e+00 6.513880457719580797e+00 3.163189584665216714e+00 4.087064225110021431e-01
8.599999999999999867e-01 1.046823457714263217e+00 6.584781793119918625e+00 3.201301530248589877e+00 4.431334756056127810e-01
8.649999999999999911e-01 1.047463766931806317e+00 6.656330964219933755e+00 3.239751046237029364e+00 4.786004407654548820e-01
8.699999999999999956e-01 1.048107802333925420e+00 6.728531488219312351e+00 3.278542398313109452e+00 5.148407768065469403e-01
8.750000000000000000e-01 1.048755552642418598e+00 6.801383138985166887e+00 3.317678594992677699e+00 5.515869401190555132e-01
8.800000000000000044e-01 1.049407006621131844e+00 6.874881687026726418e+00 3.357161496643634280e+00 5.885738474515708196e-01
8.850000000000000089e-01 1.050062153075147497e+00 6.949020587416658401e+00 3.396991998554013570e+00 6.255414541760327962e-01
8.900000000000000133e-01 1.050720980849978670e+00 7.023787784205770990e+00 3.437170051523994907e+00 6.622331831680992043e-01
8.950000000000000178e-01 1.051383478830772988e+00 7.099170862769225820e+00 3.477694499590140875e+00 6.984050508164886262e-01
9.000000000000000222e-01 1.052049635941522787e+00 7.175154003264498925e+00 3.518562664008159313e+00 7.338227004682539301e-01
9.050000000000000266e-01 1.052719441144281065e+00 7.251720918479450440e+00 3.559772378871438825e+00 7.682649854194562034e-01
9.100000000000000311e-01 1.053392883438386107e+00 7.328852414637241353e+00 3.601319144445858100e+00 8.015252935324221895e-01
9.150000000000000355e-01 1.054069951859691656e+00 7.406529852224460697e+00 3.643199240699870778e+00 8.334135696040386732e-01
9.200000000000000400e-01 1.054750635479804632e+00 7.484733393096304255e+00 3.685407650956539882e+00 8.637564648423323721e-01
9.250000000000000444e-01 1.055434923405329073e+00 7.563443561950951022e+00 3.727938957661444341e+00 8.923986261510774565e-01
9.300000000000000488e-01 1.056122804777117841e+00 7.642640999118358813e+00 3.770787697217548917e+00 9.192038051516385755e-01
9.350000000000000533e-01 1.056814268769528553e+00 7.722307192184000080e+00 3.813947961627345951e+00 9.440542120469044285e-01
9.400000000000000577e-01 1.057509304589689725e+00 7.802424199985195763e+00 3.857413522673835082e+00 9.668514301539491429e-01
9.450000000000000622e-01 1.058207901476769797e+00 7.882976103398399381e+00 3.901178744449329105e+00 9.875159537564617285e-01
9.500000000000000666e-01 1.058910048701254603e+00 7.963947750100356160e+00 3.945237719179249147e+00 1.005986477738434859e+00
9.550000000000000711e-01 1.059615735564230832e+00 8.045324897408603348e+00 3.989583917520527212e+00 1.022220281163469524e+00
9.599999999999999645e-01 1.060324951396675930e+00 8.127096154111326243e+00 4.034212014041193228e+00 1.036191534684120841e+00
9.649999999999999689e-01 1.061037685558753330e+00 8.209251090184356059e+00 4.079116626741135399e+00 1.047891716804676632e+00
9.699999999999999734e-01 1.061753927439116119e+00 8.291780278319750508e+00 4.124291882164448531e+00 1.057327669308438134e+00
9.749999999999999778e-01 1.062473666454213594e+00 8.374676756163133007e+00 4.169733130043920433e+00 1.064521866494942293e+00
9.799999999999999822e-01 1.063196892047607145e+00 8.457934715048237351e+00 4.215435403849866702e+00 1.069510334278774177e+00
9.849999999999999867e-01 1.063923593689290348e+00 8.541549390645034379e+00 4.261394021387371112e+00 1.072343012474046509e+00
9.899999999999999911e-01 1.064653760875015509e+00 8.625518064910584926e+00 4.307605180256202537e+00 1.073081760335246937e+00
9.949999999999999956e-01 1.065387383125626419e+00 8.709838386099056251e+00 4.354064685052000172e+00 1.071800349908914152e+00
1.000000000000000000e+00 1.066124449986396217e+00 8.794509756504766074e+00 4.400769133093673346e+00 1.068582888468256664e+00
1.005000000000000115e+00 1.066864951026373021e+00 8.879539815974597516e+00 4.447720063099132481e+00 1.063534539831735515e+00
1.010000000000000009e+00 1.067608875837728233e+00 8.964921933653011266e+00 4.494909873728809124e+00 1.056748877833778799e+00
1.015000000000000124e+00 1.068356214035114826e+00 9.050657448135865479e+00 4.542335624703272678e+00 1.048337661376784968e+00
1.020000000000000018e+00 1.069106955255026969e+00 9.136748070049323545e+00 4.589994783127063549e+00 1.038420566487582963e+00
1.024999999999999911e+00 1.069861089155168976e+00 9.223196024887673872e+00 4.637884849449738667e+00 1.027123504545780275e+00
1.030000000000000027e+00 1.070618605413826918e+00 9.310004249869988868e+00 4.686004173957235786e+00 1.014579936844234753e+00
1.034999999999999920e+00 1.071379493729249344e+00 9.397175132083843252e+00 4.734350349334723873e+00 1.000927690945977444e+00
1.040000000000000036e+00 1.072143743819029771e+00 9.484711493197009347e+00 4.782921640528889462e+00 9.863114748138728238e-01
1.044999999999999929e+00 1.072911345419497398e+00 9.572619645343181105e+00 4.831716983608741245e+00 9.708785153182248884e-01
1.050000000000000044e+00 1.073682288285112474e+00 9.660896970662648187e+00 4.880734602426535673e+00 9.547828646907500216e-01
1.054999999999999938e+00 1.074456562187866782e+00 9.749548993066929015e+00 4.929973233731031357e+00 9.381799987368009131e-01
1.060000000000000053e+00 1.075234156916690775e+00 9.838578276421138469e+00 4.979431642009110703e+00 9.212287583666204371e-01
1.064999999999999947e+00 1.076015062276864054e+00 9.927987933672854481e+00 5.029108854509395599e+00 9.040903563488132955e-01
1.070000000000000062e+00 1.076799268089433603e+00 1.001778012756944491e+01 5.079003562476851030e+00 8.869282789384256294e-01
1.074999999999999956e+00 1.077586764190635593e+00 1.010795814043548546e+01 5.129115692784377956e+00 8.699060649817484947e-01
1.080000000000000071e+00 1.078377540431322945e+00 1.019852395327980865e+01 5.179443980205936882e+00 8.531886754956405916e-01
1.084999999999999964e+00 1.079171586676399119e+00 1.028948055800391259e+01 5.229988274888786925e+00 8.369401263436021532e-01
1.090000000000000080e+00 1.079968892804255898e+00 1.038082973800113784e+01 5.280747740437420568e+00 8.213244415343551319e-01
1.094999999999999973e+00 1.080769448706216718e+00 1.047257419654557253e+01 5.331722210864105804e+00 8.065031060170519961e-01
1.100000000000000089e+00 1.081573244285985780e+00 1.056471649829903825e+01 5.382911783539655382e+00 7.926356150747262408e-01
1.104999999999999982e+00 1.082380269459101152e+00 1.065725854022812413e+01 5.434315905949770098e+00 7.798779110257958447e-01
1.110000000000000098e+00 1.083190514152395201e+00 1.075020315237650692e+01 5.485935098128182474e+00 7.683823464800718650e-01
1.114999999999999991e+00 1.084003968303457022e+00 1.084355261329291409e+01 5.537769581739365954e+00 7.582961028008542437e-01
1.120000000000000107e+00 1.084820621860102863e+00 1.093730980814632758e+01 5.589819993137409071e+00 7.497608631914459698e-01
1.125000000000000000e+00 1.085640464779849657e+00 1.103147725581118443e+01 5.642086824110432275e+00 7.429110551387918537e-01
1.130000000000000115e+00 1.086463487029394992e+00 1.112605758854221882e+01 5.694570804064376546e+00 7.378738617719478032e-01
1.135000000000000009e+00 1.087289678584100638e+00 1.122105391585416356e+01 5.747273324826434937e+00 7.347686436128997300e-01
1.140000000000000124e+00 1.088119029427482509e+00 1.131646912990345832e+01 5.800195536892154280e+00 7.337041727375664957e-01
1.145000000000000018e+00 1.088951529550704622e+00 1.141230626841304741e+01 5.853338872275656968e+00 7.347793183053302757e-01
1.150000000000000133e+00 1.089787168952079055e+00 1.150856810738860148e+01 5.906704515539992428e+00 7.380817721769407092e-01
1.155000000000000027e+00 1.090625937636568565e+00 1.160525830921438306e+01 5.960294945490732132e+00 7.436876703606645211e-01
1.159999999999999920e+00 1.091467825615297427e+00 1.170237969706240477e+01 6.014111847704869618e+00 7.516583989710068359e-01
1.165000000000000036e+00 1.092312822905064262e+00 1.179993568036536367e+01 6.068157535996647312e+00 7.620443156665921425e-01
1.169999999999999929e+00 1.093160919527861763e+00 1.189792909444497404e+01 6.122434266637039713e+00 7.748790588364926624e-01
1.175000000000000044e+00 1.094012105510399513e+00 1.199636283702023754e+01 6.176944325613947129e+00 7.901824581817425974e-01
1.179999999999999938e+00 1.094866370883633921e+00 1.209524001513183045e+01 6.231690343787574804e+00 8.079572728735299192e-01
1.185000000000000053e+00 1.095723705682299487e+00 1.219456329655323046e+01 6.286675368550289633e+00 8.281922179282652507e-01
1.189999999999999947e+00 1.096584099944449830e+00 1.229433494904265167e+01 6.341901587992123446e+00 8.508574388983195513e-01
1.195000000000000062e+00 1.097447543710998508e+00 1.239455728476463747e+01 6.397371997469377902e+00 8.759076667722742737e-01
1.199999999999999956e+00 1.098314027025267592e+00 1.249523255696614576e+01 6.453089769306962431e+00 9.032803160252859120e-01
1.205000000000000071e+00 1.099183539932540254e+00 1.259636837215449212e+01 6.509057548260102521e+00 9.328856089428976262e-01
1.209999999999999964e+00 1.100056072479618674e+00 1.269795391616110258e+01 6.565277419816190729e+00 9.646449536987682372e-01
1.215000000000000080e+00 1.100931614714385054e+00 1.279999594587597045e+01 6.621752381036325019e+00 9.984369185728878549e-01
1.219999999999999973e+00 1.101810156685369746e+00 1.290249505691039467e+01 6.678485228603335599e+00 1.034132848593617648e+00
1.225000000000000089e+00 1.102691688441321372e+00 1.300545136805979674e+01 6.735478155295753666e+00 1.071587925350051096e+00
1.229999999999999982e+00 1.103576200030784493e+00 1.310886470778877033e+01 6.792733620288227137e+00 1.110641975418636962e+00
1.235000000000000098e+00 1.104463681501680172e+00 1.321273407180045290e+01 6.850253464898475642e+00 1.151122625242394060e+00
1.239999999999999991e+00 1.105354122900890967e+00 1.331705867732666171e+01 6.908039758714513923e+00 1.192842673774763274e+00
1.245000000000000107e+00 1.106247514273852595e+00 1.342183683061431942e+01 6.966093853350285414e+00 1.235604927220930183e+00
1.250000000000000000e+00 1.107143845664148030e+00 1.352706734631252417e+01 7.024417900789556413e+00 1.279200507098001260e+00
1.255000000000000115e+00 1.108043107113107384e+00 1.363274766098836466e+01 7.083012303112242947e+00 1.323411955491283098e+00
1.260000000000000009e+00 1.108945288659413109e+00 1.373887547562770628e+01 7.141878259980956045e+00 1.368014263567014499e+00
1.265000000000000124e+00 1.109850380338708309e+00 1.384544857769163073e+01 7.201016651409359426e+00 1.412777979925271987e+00
1.270000000000000018e+00 1.110758372183210829e+00 1.395246393052341993e+01 7.260427500893593233e+00 1.457466968520453099e+00
1.275000000000000133e+00 1.111669254221331116e+00 1.405991914462742542e+01 7.320111508655294585e+00 1.501846119267284729e+00
1.280000000000000027e+00 1.112583016477296738e+00 1.416781105020328724e+01 7.380068185680623394e+00 1.545677666644179826e+00
1.284999999999999920e+00 1.113499648970778022e+00 1.427613706029624474e+01 7.440297663234907155e+00 1.588725859025659659e+00
1.290000000000000036e+00 1.114419141716522343e+00 1.438489443985369576e+01 7.500799264704337332e+00 1.630759745255333737e+00
1.294999999999999929e+00 1.115341484723989307e+00 1.449408066275105256e+01 7.561572478101570738e+00 1.671553509762151668e+00
1.300000000000000044e+00 1.116266667996994588e+00 1.460369338896876812e+01 7.622616794032484933e+00 1.710887130789952915e+00
1.304999999999999938e+00 1.117194681533353773e+00 1.471373009878351290e+01 7.683930410019409685e+00 1.748552227669421866e+00
1.310000000000000053e+00 1.118125515324534858e+00 1.482418993046310263e+01 7.745513760970439421e+00 1.784349747054986057e+00
1.314999999999999947e+00 1.119059159355313193e+00 1.493507071912129724e+01 7.807364619416704343e+00 1.818094961497011885e+00
1.320000000000000062e+00 1.119995603603431533e+00 1.504637178646745710e+01 7.869482581917957909e+00 1.849617576897485183e+00
1.324999999999999956e+00 1.120934838039265857e+00 1.515809271700824645e+01 7.931866301551085741e+00 1.878762934662171924e+00
1.330000000000000071e+00 1.121876852625492305e+00 1.527023338506278272e+01 7.994515001039892432e+00 1.905394214255812013e+00
1.334999999999999964e+00 1.122821637316764765e+00 1.538279437931306859e+01 8.057427490123693303e+00 1.929394357942936011e+00
1.340000000000000080e+00 1.123769182059389804e+00 1.549577681611021163e+01 8.120603292887640379e+00 1.950663988558598794e+00
1.344999999999999973e+00 1.124719476791012696e+00 1.560918206389160723e+01 8.184041371179432645e+00 1.969127896792760790e+00
1.350000000000000089e+00 1.125672511440304557e+00 1.572301231890334705e+01 8.247741376550070669e+00 1.984730470682680936e+00
1.354999999999999982e+00 1.126628275926654377e+00 1.583727038475603877e+01 8.311703084322395796e+00 1.997440183976623818e+00
1.360000000000000098e+00 1.127586760159866808e+00 1.595195879650662718e+01 8.375925623062947523e+00 2.007246495625883753e+00
1.364999999999999991e+00 1.128547954039863965e+00 1.606708195387894733e+01 8.440410019792540908e+00 2.014164238990957756e+00
1.370000000000000107e+00 1.129511847456391438e+00 1.618264327444099493e+01 8.505155841602299205e+00 2.018230045319192367e+00
1.375000000000000000e+00 1.130478430288730518e+00 1.629865637561022140e+01 8.570163135118130882e+00 2.019512744283530115e+00
1.380000000000000115e+00 1.131447692405412875e+00 1.641510834507067784e+01 8.635433756110385772e+00 2.018077735723200039e+00
1.385000000000000009e+00 1.132419623663941444e+00 1.653201331482008030e+01 8.700968744089003337e+00 2.014039040450293694e+00
1.390000000000000124e+00 1.133394213910515980e+00 1.664937575163437344e+01 8.766768385587313972e+00 2.007523614560320802e+00
1.395000000000000018e+00 1.134371452979762385e+00 1.676720150189089509e+01 8.832834700407264705e+00 1.998679930923488168e+00
1.400000000000000133e+00 1.135351330694467364e+00 1.688549601891775254e+01 8.899169138722108130e+00 1.987674509984625359e+00
1.405000000000000027e+00 1.136333836865317526e+00 1.700426466556294969e+01 8.965773559384297542e+00 1.974693249855354882e+00
1.409999999999999920e+00 1.137318961290643582e+00 1.712351322479199567e+01 9.032650191202735712e+00 1.959938159156778159e+00
1.415000000000000036e+00 1.138306693756168331e+00 1.724324680598390458e+01 9.099800893009691194e+00 1.943629509606410011e+00
1.419999999999999929e+00 1.139297024034760630e+00 1.736347056044230186e+01 9.167228026758497350e+00 1.925998333424262299e+00
1.425000000000000044e+00 1.140289941886192482e+00 1.748418973426900180e+01 9.234934181446455170e+00 1.907289110247449404e+00
1.429999999999999938e+00 1.141285437056903218e+00 1.760540896443684034e+01 9.302921940947353363e+00 1.887757138446211735e+00
1.435000000000000053e+00 1.142283499279765024e+00 1.772713255791055431e+01 9.371193776322575886e+00 1.867665169410450021e+00
1.439999999999999947e+00 1.143284118273856675e+00 1.784936447092002609e+01 9.439752291613716650e+00 1.847282843680008169e+00
1.445000000000000062e+00 1.144287283744239936e+00 1.797210848876191491e+01 9.508600418141810451e+00 1.826883073026503546e+00
1.449999999999999956e+00 1.145292985381740625e+00 1.809536746315334810e+01 9.577740239529575206e+00 1.806742067777252103e+00
1.455000000000000071e+00 1.146301212862736563e+00 1.821914405422813843e+01 9.647174583404892090e+00 1.787135168619033987e+00
1.459999999999999964e+00 1.147311955848947074e+00 1.834344080779315433e+01 9.716906469217020614e+00 1.768335699053622978e+00
1.465000000000000080e+00 1.148325203987230259e+00 1.846825885431704961e+01 9.786937476314358619e+00 1.750612740213591145e+00
1.469999999999999973e+00 1.149340946909383598e+00 1.859359987922404756e+01 9.857268737765743083e+00 1.734245955657762073e+00
1.475000000000000089e+00 1.150359174231948334e+00 1.871946336483729567e+01 9.927905057056728211e+00 1.719457268731210853e+00
1.479999999999999982e+00 1.151379875556021837e+00 1.884585001273121563e+01 9.998847066822502683e+00 1.706504351405351061e+00
1.485000000000000098e+00 1.152403040467071982e+00 1.897275937601703077e+01 1.007009649316360012e+01 1.695618635690944620e+00
1.489999999999999991e+00 1.153428658534756623e+00 1.910019089448398333e+01 1.014165510753913146e+01 1.687017231755368885e+00
1.495000000000000107e+00 1.154456719312749513e+00 1.922814322689234956e+01 1.021352418819965102e+01 1.680900444504892066e+00
1.500000000000000000e+00 1.155487212338569769e+00 1.935661485726920361e+01 1.028570512478022536e+01 1.677451487789214157e+00
1.505000000000000115e+00 1.156520127133416675e+00 1.948560380014951576e+01 1.035819871295732675e+01 1.676835346353337197e+00
1.510000000000000009e+00 1.157555453202008700e+00 1.961510777096719593e+01 1.043100576751912101e+01 1.679196322795758922e+00
1.515000000000000124e+00 1.158593180032429393e+00 1.974512403349721268e+01 1.050412639078422572e+01 1.684657190493916490e+00
1.520000000000000018e+00 1.159633297095975069e+00 1.987565086696999472e+01 1.057756193141513457e+01 1.693319433398311924e+00
1.525000000000000133e+00 1.160675793847010029e+00 2.000668461204931248e+01 1.065131180461580840e+01 1.705261127623592943e+00
1.530000000000000027e+00 1.161720659722826676e+00 2.013822290386167779e+01 1.072537609914624035e+01 1.720537764334378883e+00
1.535000000000000142e+00 1.162767884143507846e+00 2.027026264575426140e+01 1.079975466892433822e+01 1.739180253812270038e+00
1.540000000000000036e+00 1.163817456511797577e+00 2.040280164608519797e+01 1.087444772727609177e+01 1.761195709669490794e+00
1.544999999999999929e+00 1.164869366212974766e+00 2.053583640509879160e+01 1.094945384241274056e+01 1.786567864562963459e+00
1.550000000000000044e+00 1.165923602614732379e+00 2.066936465002773815e+01 1.102477283800392449e+01 1.815257221585447223e+00
1.554999999999999938e+00 1.166980155067061542e+00 2.080338419811613093e+01 1.110040414815413001e+01 1.847200224651848410e+00
1.560000000000000053e+00 1.168039012902141183e+00 2.093789282475270142e+01 1.117634686337566841e+01 1.882309984395432068e+00
1.564999999999999947e+00 1.169100165434231231e+00 2.107288430866912066e+01 1.125259882889162100e+01 1.920452316387041503e+00
1.570000000000000062e+00 1.170163601959574473e+00 2.120836469336967056e+01 1.132916114377495376e+01 1.961550350075109250e+00
1.574999999999999956e+00 1.171229311756297298e+00 2.134432943349356648e+01 1.140603231811872220e+01 2.005430524342024068e+00
1.580000000000000071e+00 1.172297284084322211e+00 2.148077788274655830e+01 1.148321160612837488e+01 2.051925051131390454e+00
1.584999999999999964e+00 1.173367508185281460e+00 2.161770878595291023e+01 1.156069750330560097e+01 2.100849537765645980e+00
1.590000000000000080e+00 1.174439973282435989e+00 2.175512227883396577e+01 1.163848919464761877e+01 2.152002027086220792e+00
1.594999999999999973e+00 1.175514668580601496e+00 2.189301869976153725e+01 1.171658604713555363e+01 2.205167841362163816e+00
1.600000000000000089e+00 1.176591583266077601e+00 2.203139814791085271e+01 1.179498686643660399e+01 2.260118911378301565e+00
1.604999999999999982e+00 1.177670706506583453e+00 2.217026262504914769e+01 1.187369199562822786e+01 2.316615608096967094e+00
1.610000000000000098e+00 1.178752027451198003e+00 2.230961225996345121e+01 1.195269960894764338e+01 2.374408700899087066e+00
1.614999999999999991e+00 1.179835535230304933e+00 2.244944936200984031e+01 1.203200995231704695e+01 2.433243657427730966e+00
1.620000000000000107e+00 1.180921218955544472e+00 2.258977609875229930e+01 1.211162262860927008e+01 2.492857727047105509e+00
1.625000000000000000e+00 1.182009067719768769e+00 2.273059404159819508e+01 1.219153684008400518e+01 2.552984710593422690e+00
1.630000000000000115e+00 1.183099070597002811e+00 2.287190658299408597e+01 1.227175305556877483e+01 2.613358972731352203e+00
1.635000000000000009e+00 1.184191216642411337e+00 2.301371580253604421e+01 1.235227069501340580e+01 2.673711116795763232e+00
1.640000000000000124e+00 1.185285494892271307e+00 2.315602517400925819e+01 1.243309047752625851e+01 2.733777019072799686e+00
1.645000000000000018e+00 1.186381894363947032e+00 2.329883247797989299e+01 1.251421066425866080e+01 2.793308906796493574e+00
1.650000000000000133e+00 1.187480404055874628e+00 2.344215152389018897e+01 1.259563558184384391e+01 2.852021400551162156e+00
1.655000000000000027e+00 1.188581012947548476e+00 2.358597991388260695e+01 1.267736270879671423e+01 2.909677919379631383e+00
1.660000000000000142e+00 1.189683709999514560e+00 2.373032160796367052e+01 1.275939346596328505e+01 2.966039787829235941e+00
1.665000000000000036e+00 1.190788484153369131e+00 2.387518059833109518e+01 1.284172907000890440e+01 3.020875554272490771e+00
1.669999999999999929e+00 1.191895324331762041e+00 2.402055961005429197e+01 1.292436963842237674e+01 3.073967383784511398e+00
1.675000000000000044e+00 1.193004219438406732e+00 2.416646267509441515e+01 1.300731672753356349e+01 3.125110535444450388e+00
1.679999999999999938e+00 1.194115158358093565e+00 2.431289309396822063e+01 1.309057148813235116e+01 3.174115597779195941e+00
1.685000000000000053e+00 1.195228129956711127e+00 2.445985350492699695e+01 1.317413415781259012e+01 3.220806864224444954e+00
1.689999999999999947e+00 1.196343123081270665e+00 2.460734737256771609e+01 1.325800663024252302e+01 3.265027555919736812e+00
1.695000000000000062e+00 1.197460126559938276e+00 2.475537808540706664e+01 1.334219055020028222e+01 3.306637950897432621e+00
1.699999999999999956e+00 1.198579129202069993e+00 2.490394759447540807e+01 1.342668642412081503e+01 3.345518590700781836e+00
1.705000000000000071e+00 1.199700119798254416e+00 2.505305886161293927e+01 1.351149621458214511e+01 3.381565521626389792e+00
1.709999999999999964e+00 1.200823087120360011e+00 2.520271408834835825e+01 1.359662109243073047e+01 3.414701552767304360e+00
1.715000000000000080e+00 1.201948019921588173e+00 2.535291501486893750e+01 1.368206233342405476e+01 3.444864064845880147e+00
1.719999999999999973e+00 1.203074906936531852e+00 2.550366326438081899e+01 1.376782092552314296e+01 3.472012233716584628e+00
1.725000000000000089e+00 1.204203736881238829e+00 2.565496067965804627e+01 1.385389892993945793e+01 3.496129768521940129e+00
1.729999999999999982e+00 1.205334498453282777e+00 2.580680875415959719e+01 1.394029791974196364e+01 3.517217858821948262e+00
1.735000000000000098e+00 1.206467180331836975e+00 2.595920770839378022e+01 1.402701835357844473e+01 3.535299601442768225e+00
1.739999999999999991e+00 1.207601771177756689e+00 2.611215061363086676e+01 1.411405919201721559e+01 3.550417028926919905e+00
1.745000000000000107e+00 1.208738259633664436e+00 2.626565234406590221e+01 1.420142610921103632e+01 3.562638923565575766e+00
1.750000000000000000e+00 1.209876634324042799e+00 2.641970641541061582e+01 1.428911845528518754e+01 3.572047933627287009e+00
1.755000000000000115e+00 1.211016883855332349e+00 2.657431250624270547e+01 1.437713687248900030e+01 3.578746868462700181e+00
1.760000000000000009e+00 1.212158996816034451e+00 2.672946924308932282e+01 1.446548122592241370e+01 3.582856930507970716e+00
1.765000000000000124e+00 1.213302961776821398e+00 2.688517833666222145e+01 1.455415473072893207e+01 3.584517967492021562e+00
1.770000000000000018e+00 1.214448767290650766e+00 2.704143718145742170e+01 1.464315640053211176e+01 3.583889113272234361e+00
1.775000000000000133e+00 1.215596401892885980e+00 2.719824541881488500e+01 1.473248723642153024e+01 3.581136023229294807e+00
1.780000000000000027e+00 1.216745854101423552e+00 2.735560208070790722e+01 1.482214797953605157e+01 3.576450227434780693e+00
1.785000000000000142e+00 1.217897112416823635e+00 2.751350602512369647e+01 1.491213914374977278e+01 3.570028822813117841e+00
1.790000000000000036e+00 1.219050165322449919e+00 2.767195587925829514e+01 1.500246073256339585e+01 3.562084112851712003e+00
1.794999999999999929e+00 1.220205001284612623e+00 2.783095045595514350e+01 1.509311333277866041e+01 3.552836042594026633e+00
1.800000000000000044e+00 1.221361608752716377e+00 2.799048840269808025e+01 1.518409699387341405e+01 3.542516229957224816e+00
1.804999999999999938e+00 1.222519976159418986e+00 2.815056834835780819e+01 1.527541189502670527e+01 3.531361035678586280e+00
1.810000000000000053e+00 1.223680091920789526e+00 2.831118888515744203e+01 1.536705781732978338e+01 3.519617113717854018e+00
1.814999999999999947e+00 1.224841944436477315e+00 2.847234878916319545e+01 1.545903473540959716e+01 3.507529983854603461e+00
1.820000000000000062e+00 1.226005522089884225e+00 2.863404692067932800e+01 1.555134285192032273e+01 3.495354056104094997e+00
1.824999999999999956e+00 1.227170813248343206e+00 2.879628231972312591e+01 1.564398169526760185e+01 3.483339024522753125e+00
1.830000000000000071e+00 1.228337806263303689e+00 2.895905381114546628e+01 1.573695136783119608e+01 3.471738742707161762e+00
1.834999999999999964e+00 1.229506489470522324e+00 2.912236027354413537e+01 1.583025098726180246e+01 3.460800225936611074e+00
1.840000000000000080e+00 1.230676851190258825e+00 2.928620162387262127e+01 1.592388094432280354e+01 3.450773425170822417e+00
1.844999999999999973e+00 1.231848879727479362e+00 2.945057669984569415e+01 1.601784026442626541e+01 3.441897932681361016e+00
1.850000000000000089e+00 1.233022563372064173e+00 2.961548523124291421e+01 1.611212860029552729e+01 3.434410524680746590e+00
1.854999999999999982e+00 1.234197890399023168e+00 2.978091505251157400e+01 1.620674410868907955e+01 3.428511407621395612e+00
1.860000000000000098e+00 1.235374849068715752e+00 2.994688932147574434e+01 1.630168999016053277e+01 3.424465354213586110e+00
1.864999999999999991e+00 1.236553427627077095e+00 3.011339697764346113e+01 1.639696365790619126e+01 3.422455109992696531e+00
1.870000000000000107e+00 1.237733614305851271e+00 3.028043856705867753e+01 1.649256537127222444e+01 3.422680837121443442e+00
1.875000000000000000e+00 1.238915397322829737e+00 3.044801506469419294e+01 1.658849495945507257e+01 3.425320813237410000e+00
1.880000000000000115e+00 1.240098764882095139e+00 3.061612659500443812e+01 1.668475164893588314e+01 3.430543046551979280e+00
1.885000000000000009e+00 1.241283705174272667e+00 3.078477484964525246e+01 1.678133572282369101e+01 3.438501389673245257e+00
1.890000000000000124e+00 1.242470206376787178e+00 3.095396024746031927e+01 1.687824627955258094e+01 3.449331025585650412e+00
1.895000000000000018e+00 1.243658256654124994e+00 3.112368478956554441e+01 1.697548410143129161e+01 3.463152328763520860e+00
1.900000000000000133e+00 1.244847844158103012e+00 3.129394993983204643e+01 1.707304858957273197e+01 3.480067830179629063e+00
1.905000000000000027e+00 1.246038957028144711e+00 3.146475655853228304e+01 1.717093928198277553e+01 3.500161990708388071e+00
1.910000000000000142e+00 1.247231583391559262e+00 3.163610800213355390e+01 1.726915774914041179e+01 3.523499986694464958e+00
1.915000000000000036e+00 1.248425711363831514e+00 3.180800490110871692e+01 1.736770283795875969e+01 3.550127793204018722e+00
1.919999999999999929e+00 1.249621329048912655e+00 3.198044977207903372e+01 1.746657508697837002e+01 3.580074131152814143e+00
1.925000000000000044e+00 1.250818424539521745e+00 3.215344487188495748e+01 1.756577517077239747e+01 3.613347314464173454e+00
1.929999999999999938e+00 1.252016985917450365e+00 3.232699250379187816e+01 1.766530344823848253e+01 3.649934567484579784e+00
1.935000000000000053e+00 1.253217001253874363e+00 3.250109497281165005e+01 1.776516035272478078e+01 3.689806440836627566e+00
1.939999999999999947e+00 1.254418458609672937e+00 3.267575439592791042e+01 1.786534613455446063e+01 3.732913413556428139e+00
1.945000000000000062e+00 1.255621346035752151e+00 3.285097230267258084e+01 1.796586094286095658e+01 3.779188300025511094e+00
1.949999999999999956e+00 1.256825651573374891e+00 3.302675238548338399e+01 1.806670648475040153e+01 3.828543221489716153e+00
1.955000000000000071e+00 1.258031363254499713e+00 3.320309621265347033e+01 1.816788313904767449e+01 3.880876403276020348e+00
1.959999999999999964e+00 1.259238469102119673e+00 3.338000577368157451e+01 1.826939127155226572e+01 3.936064988851637025e+00
1.965000000000000080e+00 1.260446957130616275e+00 3.355748388464507315e+01 1.837123238971592087e+01 3.993972767066690910e+00
1.969999999999999973e+00 1.261656815346111182e+00 3.373553250255253744e+01 1.847340729617265254e+01 4.054446617473851155e+00
1.975000000000000089e+00 1.262868031746829489e+00 3.391413316297959568e+01 1.857591220957432654e+01 4.117375726495393629e+00
1.979999999999999982e+00 1.264080594323466533e+00 3.409332648497253615e+01 1.867875671885713018e+01 4.182473523682830319e+00
1.985000000000000098e+00 1.265294491059563597e+00 3.427309475887016532e+01 1.878193679794199866e+01 4.249596937337686953e+00
1.989999999999999991e+00 1.266509709931886274e+00 3.445344079411485438e+01 1.888545475126600337e+01 4.318543613854707530e+00
1.995000000000000107e+00 1.267726238910813485e+00 3.463436542872899793e+01 1.898931080432734575e+01 4.389096506903945816e+00
2.000000000000000000e+00 1.268944065960727619e+00 3.481587005825232950e+01 1.909350598068517968e+01 4.461037870906110925e+00
2.004999999999999893e+00 1.270163179040415979e+00 3.499795529753627221e+01 1.919804099830491495e+01 4.534133516889992777e+00
2.010000000000000231e+00 1.271383566103475360e+00 3.518062361623021417e+01 1.930291793954339852e+01 4.608148035184335356e+00
2.015000000000000124e+00 1.272605215098723486e+00 3.536387451019430017e+01 1.940813677606078969e+01 4.682845233595575252e+00
2.020000000000000018e+00 1.273828113970618237e+00 3.554770938061855645e+01 1.951369904207147243e+01 4.757978288017846502e+00
2.024999999999999911e+00 1.275052250659680864e+00 3.573212864469255834e+01 1.961960559679830141e+01 4.833304305306073800e+00
2.030000000000000249e+00 1.276277613102927866e+00 3.591713191196800636e+01 1.972585628028197391e+01 4.908579289925924627e+00
2.035000000000000142e+00 1.277504189234306420e+00 3.610272021206301929e+01 1.983245293247179575e+01 4.983557930445526196e+00
2.040000000000000036e+00 1.278731966985139357e+00 3.628889365415510326e+01 1.993939627908413215e+01 5.058002379214664224e+00
2.044999999999999929e+00 1.279960934284574359e+00 3.647565163821138157e+01 2.004668625522720404e+01 5.131675283856253600e+00
2.049999999999999822e+00 1.281191079060038929e+00 3.666299471511208452e+01 2.015432468630966056e+01 5.204347552004263022e+00
2.055000000000000160e+00 1.282422389237703575e+00 3.685092181853706705e+01 2.026231095033487861e+01 5.275796449918100706e+00
2.060000000000000053e+00 1.283654852742951435e+00 3.703943375413923178e+01 2.037064685771951744e+01 5.345808637132403618e+00
2.064999999999999947e+00 1.284888457500850345e+00 3.722852932417929139e+01 2.047933232104414003e+01 5.414179664635675238e+00
2.069999999999999840e+00 1.286123191436637780e+00 3.741820782522720634e+01 2.058836725178885274e+01 5.480714926152963073e+00
2.075000000000000178e+00 1.287359042476205584e+00 3.760845164810480412e+01 2.069775031622866379e+01 5.545200910389270099e+00
2.080000000000000071e+00 1.288595998546594679e+00 3.779929391579249653e+01 2.080748607467135969e+01 5.607537287915071111e+00
2.084999999999999964e+00 1.289834047576496001e+00 3.799071763121206402e+01 2.091757269857093604e+01 5.667539564841425737e+00
2.089999999999999858e+00 1.291073177496757207e+00 3.818272232612883244e+01 2.102801020375385121e+01 5.725068288581097065e+00
2.095000000000000195e+00 1.292313376240894485e+00 3.837530817035951713e+01 2.113879951048812700e+01 5.780003307985200678e+00
2.100000000000000089e+00 1.293554631745612582e+00 3.856847370273143127e+01 2.124994003621432626e+01 5.832237959647921244e+00
2.104999999999999982e+00 1.294796931951329721e+00 3.876221872973807336e+01 2.136143193335223600e+01 5.881685358438651257e+00
2.109999999999999876e+00 1.296040264802710951e+00 3.895654288039429503e+01 2.147327527275619019e+01 5.928278455998159835e+00
2.115000000000000213e+00 1.297284618249205046e+00 3.915144586469777721e+01 2.158547006851882344e+01 5.971964820440722299e+00
2.120000000000000107e+00 1.298529980245588522e+00 3.934692717738248291e+01 2.169801604277309437e+01 6.012710558619446921e+00
2.125000000000000000e+00 1.299776338752518745e+00 3.954298750431256337e+01 2.181091389081431942e+01 6.050505031012920476e+00
2.129999999999999893e+00 1.301023681737088600e+00 3.973962584882676907e+01 2.192416283618947404e+01 6.085352475462207700e+00
2.135000000000000231e+00 1.302271997173391371e+00 3.993684289803896803e+01 2.203776341378138426e+01 6.117278698465880460e+00
2.140000000000000124e+00 1.303521273043090511e+00 4.013463804873632057e+01 2.215171456448947040e+01 6.146326577728276064e+00
2.145000000000000018e+00 1.304771497335994956e+00 4.033301230791210656e+01 2.226601711849213316e+01 6.172556856180747786e+00
2.149999999999999911e+00 1.306022658050641327e+00 4.053196642878913991e+01 2.238067114201859198e+01 6.196050405532397498e+00
2.155000000000000249e+00 1.307274743194883682e+00 4.073149992716650303e+01 2.249567580032676517e+01 6.216903489362582746e+00
2.160000000000000142e+00 1.308527740786487481e+00 4.093161444364213963e+01 2.261103201673775587e+01 6.235232808223444501e+00
2.165000000000000036e+00 1.309781638853730668e+00 4.113230988259236653e+01 2.272673863181896081e+01 6.251166893625971888e+00
2.169999999999999929e+00 1.311036425436011399e+00 4.133358819758350933e+01 2.284279703571816711e+01 6.264853504144785035e+00
2.175000000000000266e+00 1.312292088584462002e+00 4.153544929967168287e+01 2.295920589838850390e+01 6.276453490309982008e+00
2.180000000000000160e+00 1.313548616362568033e+00 4.173789438954365494e+01 2.307596550296664617e+01 6.286141665190011274e+00
2.185000000000000053e+00 1.314805996846795111e+00 4.194092510058692369e+01 2.319307644635039622e+01 6.294105502592480583e+00
2.189999999999999947e+00 1.316064218127219965e+00 4.214454390926254490e+01 2.331053996446000909e+01 6.300544684330952272e+00
2.194999999999999840e+00 1.317323268308171258e+00 4.234874995345067816e+01 2.342835420204744779e+01 6.305667761666951421e+00
2.200000000000000178e+00 1.318583135508872406e+00 4.255354649920134591e+01 2.354652104057944939e+01 6.309694067335836820e+00
2.205000000000000071e+00 1.319843807864092611e+00 4.275890960420407794e+01 2.366503739538094209e+01 6.312795071593479079e+00
2.209999999999999964e+00 1.321105273524805224e+00 4.296488865778133714e+01 2.378390882517145144e+01 6.315304568427538179e+00
2.214999999999999858e+00 1.322367520658849438e+00 4.317146164532893238e+01 2.390313268778761824e+01 6.317415689396779221e+00
2.220000000000000195e+00 1.323630537451601530e+00 4.337863088559000602e+01 2.402271038838951966e+01 6.319368605135378125e+00
2.225000000000000089e+00 1.324894312106648098e+00 4.358639805665319500e+01 2.414264199707618275e+01 6.321408929402073440e+00
2.229999999999999982e+00 1.326158832846469293e+00 4.379476402067602692e+01 2.426292757498977437e+01 6.323779879321588915e+00
2.234999999999999876e+00 1.327424087913126938e+00 4.400373123656463292e+01 2.438356834231439407e+01 6.326731268754498316e+00
2.240000000000000213e+00 1.328690065568957523e+00 4.421330023598957837e+01 2.450456394735596888e+01 6.330500824427575779e+00
2.245000000000000107e+00 1.329956754097271210e+00 4.442347434527935945e+01 2.462591686879591535e+01 6.335330069402334452e+00
2.250000000000000000e+00 1.331224141803060590e+00 4.463425286399555603e+01 2.474762525593755669e+01 6.341454195293712459e+00
2.254999999999999893e+00 1.332492217013710345e+00 4.484563886950373046e+01 2.486969195461641391e+01 6.349101917022121455e+00
2.260000000000000231e+00 1.333760968079716003e+00 4.505763307009154062e+01 2.499211640028227777e+01 6.358495581569701294e+00
2.265000000000000124e+00 1.335030383375409135e+00 4.527023751667849893e+01 2.511490056938465187e+01 6.369846442965583222e+00
2.270000000000000018e+00 1.336300451299685221e+00 4.548345219179798704e+01 2.523804355487873607e+01 6.383357179673405213e+00
2.274999999999999911e+00 1.337571160276742388e+00 4.569727897926672000e+01 2.536154713358791213e+01 6.399221391418083549e+00
2.280000000000000249e+00 1.338842498756821042e+00 4.591170526375638872e+01 2.548541138507860637e+01 6.417711498246991830e+00
2.285000000000000142e+00 1.340114455216953049e+00 4.612675762896476073e+01 2.560963720062882132e+01 6.438816541141877181e+00
2.290000000000000036e+00 1.341387018161716460e+00 4.634242528656082527e+01 2.573422649582628452e+01 6.462770834314098600e+00
2.294999999999999929e+00 1.342660176123993576e+00 4.655870839998657118e+01 2.585917849170170157e+01 6.489713771719008761e+00
2.300000000000000266e+00 1.343933917665737443e+00 4.677560733724119046e+01 2.598449494554428796e+01 6.519767333502218598e+00
2.305000000000000160e+00 1.345208231378743458e+00 4.699312270687612170e+01 2.611017532761853488e+01 6.553032226629850854e+00
2.310000000000000053e+00 1.346483105885426967e+00 4.721125462767512460e+01 2.623622076901227729e+01 6.589601155656077403e+00
2.314999999999999947e+00 1.347758529839606201e+00 4.743000472629271513e+01 2.636263292464662200e+01 6.629537811467463904e+00
2.319999999999999840e+00 1.349034491927291413e+00 4.764937116750517987e+01 2.648941049334974451e+01 6.672895934261521944e+00
2.325000000000000178e+00 1.350310980867478472e+00 4.786935589243672240e+01 2.661655573245535678e+01 6.719710099258736413e+00
2.330000000000000071e+00 1.351587985412951776e+00 4.808995806287502006e+01 2.674406857934505766e+01 6.769997386386278571e+00
2.334999999999999964e+00 1.352865494351088493e+00 4.831117813484390666e+01 2.687194941900064649e+01 6.823747761886679974e+00
2.339999999999999858e+00 1.354143496504671029e+00 4.853301508673204268e+01 2.700019831393062475e+01 6.880942986849570175e+00
2.345000000000000195e+00 1.355421980732705700e+00 4.875546948360759814e+01 2.712881595403790413e+01 6.941540561046514846e+00
2.350000000000000089e+00 1.356700935931243857e+00 4.897854161245309257e+01 2.725780336862166209e+01 7.005481986721593834e+00
2.354999999999999982e+00 1.357980351034212774e+00 4.920223078956217933e+01 2.738716066575863195e+01 7.072691981287666074e+00
2.359999999999999876e+00 1.359260215014249207e+00 4.942653667904233572e+01 2.751688775834458411e+01 7.143073406741741849e+00
2.365000000000000213e+00 1.360540516883539608e+00 4.965145872669508265e+01 2.764698473010661672e+01 7.216514838825139222e+00
2.370000000000000107e+00 1.361821245694665894e+00 4.987699675328616422e+01 2.777745168891427596e+01 7.292893524364790991e+00
2.375000000000000000e+00 1.363102390541456321e+00 5.010315137703589983e+01 2.790829011654254543e+01 7.372060392645760629e+00
2.379999999999999893e+00 1.364383940559842134e+00 5.032992146833091596e+01 2.803949905199804959e+01 7.453863666328534698e+00
2.385000000000000231e+00 1.365665884928720875e+00 5.055730674738265407e+01 2.817107866438329111e+01 7.538129787806439275e+00
2.390000000000000124e+00 1.366948212870820356e+00 5.078530767895544074e+01 2.830302939039628995e+01 7.624676103222522983e+00
2.395000000000000018e+00 1.368230913653576408e+00 5.101392064953185468e+01 2.843535413836842807e+01 7.713133640520172918e+00
2.399999999999999911e+00 1.369513976590007287e+00 5.124315181049789913e+01 2.856804748763786250e+01 7.803626731253964444e+00
2.405000000000000249e+00 1.370797391039600077e+00 5.147299667959939740e+01 2.870111083838562394e+01 7.895783333895744605e+00
2.410000000000000142e+00 1.372081146409197538e+00 5.170345767015280813e+01 2.883454647991310082e+01 7.989377388198275476e+00
2.415000000000000036e+00 1.373365232153893167e+00 5.193453351727988121e+01 2.896835299137841702e+01 8.084179355832274538e+00
2.419999999999999929e+00 1.374649637777930256e+00 5.216622414617396686e+01 2.910253039133818476e+01 8.179955860682031954e+00
2.425000000000000266e+00 1.375934352835608943e+00 5.239853019564462500e+01 2.923707919024188229e+01 8.276467822971412147e+00
2.430000000000000160e+00 1.377219366932191491e+00 5.263145186235871620e+01 2.937199905798871313e+01 8.373468059385544393e+00
2.435000000000000053e+00 1.378504669724822440e+00 5.286499020549620553e+01 2.950729084332362007e+01 8.470719283808232802e+00
2.439999999999999947e+00 1.379790250923445205e+00 5.309914432956479402e+01 2.964295286113809524e+01 8.567969974873639316e+00
2.444999999999999840e+00 1.381076100291728892e+00 5.333391547220082174e+01 2.977898637726936215e+01 8.664985608831598185e+00
2.450000000000000178e+00 1.382362207647998886e+00 5.356930463613074522e+01 2.991539157082027600e+01 8.761525763203145800e+00
2.455000000000000071e+00 1.383648562866170106e+00 5.380531203951054664e+01 3.005216818461319406e+01 8.857348866036772961e+00
2.459999999999999964e+00 1.384935155876690471e+00 5.404193742383922938e+01 3.018931489743884811e+01 8.952230269542598151e+00
2.464999999999999858e+00 1.386221976667483702e+00 5.427918372212356246e+01 3.032683430110226297e+01 9.045945734043639774e+00
2.470000000000000195e+00 1.387509015284901448e+00 5.451705064024733360e+01 3.046472533251198556e+01 9.138282086307341956e+00
2.475000000000000089e+00 1.388796261834676082e+00 5.475553884236187230e+01 3.060298777917906676e+01 9.229028192683188081e+00
2.479999999999999982e+00 1.390083706482882597e+00 5.499465017912764608e+01 3.074162248209795933e+01 9.317996806945291866e+00
2.484999999999999876e+00 1.391371339456903167e+00 5.523438481113797849e+01 3.088062927332859431e+01 9.404997608830500511e+00
2.490000000000000213e+00 1.392659151046396371e+00 5.547476047334016869e+01 3.102001668378992250e+01 9.489989404598244249e+00
2.495000000000000107e+00 1.393947131604270639e+00 5.571574743426167231e+01 3.115976890859086978e+01 9.572566691159126506e+00
2.500000000000000000e+00 1.395235271547664579e+00 5.595736153724006101e+01 3.129989446472423964e+01 9.652706113521336562e+00
2.504999999999999893e+00 1.396523561358930632e+00 5.619960427127528391e+01 3.144039388009817770e+01 9.730283160922059693e+00
2.510000000000000231e+00 1.397811991586621838e+00 5.644247579882645027e+01 3.158126616395359676e+01 9.805187806465385236e+00
2.515000000000000124e+00 1.399100552846486600e+00 5.668597787022873291e+01 3.172251284756265477e+01 9.877321560633129494e+00
2.520000000000000018e+00 1.400389235822465217e+00 5.693011241167249636e+01 3.186413497341194656e+01 9.946602644931100912e+00
2.524999999999999911e+00 1.401678031267691527e+00 5.717487880405503375e+01 3.200613081771314228e+01 1.001297824887823218e+01
2.530000000000000249e+00 1.402966930005501656e+00 5.742028942744937581e+01 3.214850727650804174e+01 1.007636042613419924e+01
2.535000000000000142e+00 1.404255922930439437e+00 5.766632562351150426e+01 3.229125510319207137e+01 1.013680477414525249e+01
2.540000000000000036e+00 1.405545001009279815e+00 5.791299776894145879e+01 3.243437939621067301e+01 1.019427149739457583e+01
2.544999999999999929e+00 1.406834155282040921e+00 5.816030724101145211e+01 3.257788076295314283e+01 1.024876643234329343e+01
2.550000000000000266e+00 1.408123376863012810e+00 5.840825412566174180e+01 3.272175940566624064e+01 1.030033057218404657e+01
2.555000000000000160e+00 1.409412656941783526e+00 5.865683956134915178e+01 3.286601566779260963e+01 1.034900327865833880e+01
2.560000000000000053e+00 1.410701986784272943e+00 5.890606472933950499e+01 3.301065082994902866e+01 1.039485574664047363e+01
2.564999999999999947e+00 1.411991357733769048e+00 5.915592956716713502e+01 3.315566430294603606e+01 1.043796959865162499e+01
2.569999999999999840e+00 1.413280761211968217e+00 5.940643505579313910e+01 3.330105737453723691e+01 1.047844934887806012e+01
2.575000000000000178e+00 1.414570188720020605e+00 5.965758231286200441e+01 3.344683056622609740e+01 1.051641741695078380e+01
2.580000000000000071e+00 1.415859631839580635e+00 5.990937094088406667e+01 3.359298389399548768e+01 1.055199817387228300e+01
2.584999999999999964e+00 1.417149082233858159e+00 6.016180242003562029e+01 3.373951863448185406e+01 1.058534396765521635e+01
2.589999999999999858e+00 1.418438531648677170e+00 6.041487647764279245e+01 3.388643470735247121e+01 1.061661769313122328e+01
2.595000000000000195e+00 1.419727971913536280e+00 6.066859349617839570e+01 3.403373264034758705e+01 1.064600208867369169e+01
2.600000000000000089e+00 1.421017394942674095e+00 6.092295328054372305e+01 3.418141241098790317e+01 1.067367903011356844e+01
2.604999999999999982e+00 1.422306792736138581e+00 6.117795699565160561e+01 3.432947582493321192e+01 1.069985360166303501e+01
2.609999999999999876e+00 1.423596157380858207e+00 6.143361886493352841e+01 3.447792712501223633e+01 1.072471080519797937e+01
2.615000000000000213e+00 1.424885481051721747e+00 6.168991052384404128e+01 3.462675702158314550e+01 1.074851389434214788e+01
2.620000000000000107e+00 1.426174756012655642e+00 6.194684664336392643e+01 3.477597172546273185e+01 1.077146465184683422e+01
2.625000000000000000e+00 1.427463974617710019e+00 6.220442604234705897e+01 3.492557008550008391e+01 1.079380380608373002e+01
2.629999999999999893e+00 1.428753129312145598e+00 6.246264893128443418e+01 3.507555295219342639e+01 1.081577104576479975e+01
2.635000000000000231e+00 1.430042212633526821e+00 6.272151635624009458e+01 3.522592154060448166e+01 1.083760433414471791e+01
2.640000000000000124e+00 1.431331217212814755e+00 6.298102634326851046e+01 3.537667445459499049e+01 1.085955524026775088e+01
2.645000000000000018e+00 1.432620135775467096e+00 6.324118001599048711e+01 3.552781299016002237e+01 1.088186281299685199e+01
2.649999999999999911e+00 1.433908961142540850e+00 6.350197724995778970e+01 3.567933760174720703e+01 1.090478102129050519e+01
2.655000000000000249e+00 1.435197686231796554e+00 6.376341711697482850e+01 3.583124728277956450e+01 1.092855292711431225e+01
2.660000000000000142e+00 1.436486304058808727e+00 6.402549991260828222e+01 3.598354281824146028e+01 1.095341538730450459e+01
2.665000000000000036e+00 1.437774807738079197e+00 6.428822588588408848e+01 3.613622487429729802e+01 1.097961653746505384e+01
2.669999999999999929e+00 1.439063190484150212e+00 6.455159531035080533e+01 3.628929368438602410e+01 1.100738068183583529e+01
2.675000000000000266e+00 1.440351445612727099e+00 6.481560668941577319e+01 3.644274801121389373e+01 1.103693723645716140e+01
2.680000000000000160e+00 1.441639566541798700e+00 6.508026130940521625e+01 3.659658938347637758e+01 1.106850459345333881e+01
2.685000000000000053e+00 1.442927546792763360e+00 6.534555792503461191e+01 3.675081650496446173e+01 1.110228768313940506e+01
2.689999999999999947e+00 1.444215379991559578e+00 6.561149758717607483e+01 3.690543030886843923e+01 1.113848361683480803e+01
2.694999999999999840e+00 1.445503059869796658e+00 6.587808004268394768e+01 3.706043071558469393e+01 1.117728335615986524e+01
2.700000000000000178e+00 1.446790580265890691e+00 6.614530514327880439e+01 3.721581779580419180e+01 1.121886081246549338e+01
2.705000000000000071e+00 1.448077935126202975e+00 6.641317360772804079e+01 3.737159154435360620e+01 1.126336651485092410e+01
2.709999999999999964e+00 1.449365118506182437e+00 6.668168541532621418e+01 3.752775217717650946e+01 1.131095610723294698e+01
2.714999999999999858e+00 1.450652124571508272e+00 6.695086919166301698e+01 3.768430792079286107e+01 1.136188104520258157e+01
2.720000000000000195e+00 1.451938947599239915e+00 6.722067093587119757e+01 3.784124283706341885e+01 1.141601742148018950e+01
2.725000000000000089e+00 1.453225581978965009e+00 6.749111658064445862e+01 3.799856407530729996e+01 1.147357921979078554e+01
2.729999999999999982e+00 1.454512022213955591e+00 6.776220842545406242e+01 3.815627351084536656e+01 1.153464498207324951e+01
2.734999999999999876e+00 1.455798262922322506e+00 6.803394541986398281e+01 3.831436954084704638e+01 1.159928156321972104e+01
2.740000000000000213e+00 1.457084298838174696e+00 6.830632796977236865e+01 3.847285251883621982e+01 1.166753072447226280e+01
2.745000000000000107e+00 1.458370124812782276e+00 6.857935749299485906e+01 3.863172301418261156e+01 1.173941681000753157e+01
2.750000000000000000e+00 1.459655735815740485e+00 6.885303385923737096e+01 3.879098039380502883e+01 1.181495699930270327e+01
2.754999999999999893e+00 1.460941126936137202e+00 6.912735889083289464e+01 3.895062618393795617e+01 1.189413718102405149e+01
2.760000000000000231e+00 1.462226293383724007e+00 6.940233288934639688e+01 3.911065944915974057e+01 1.197692742188438508e+01
2.765000000000000124e+00 1.463511230490086357e+00 6.967795560937901200e+01 3.927108016473266616e+01 1.206328822775489229e+01
2.770000000000000018e+00 1.464795933709824194e+00 6.995422973135669054e+01 3.943188993255978403e+01 1.215314749323456844e+01
2.774999999999999911e+00 1.466080398621724123e+00 7.023115485808156677e+01 3.959308779700881331e+01 1.224643116843441248e+01
2.780000000000000249e+00 1.467364620929943797e+00 7.050873179909952171e+01 3.975467410680816727e+01 1.234303743172767653e+01
2.785000000000000142e+00 1.468648596465194744e+00 7.078696191129648696e+01 3.991664930886929596e+01 1.244284975219514600e+01
2.790000000000000036e+00 1.469932321185927426e+00 7.106587024169168387e+01 4.007902042718882285e+01 1.254561015636443422e+01
2.794999999999999929e+00 1.471215791179520282e+00 7.134541091086651932e+01 4.024177477337896391e+01 1.265142151937848425e+01
2.800000000000000266e+00 1.472499002663467449e+00 7.162560745071934321e+01 4.040491916242398673e+01 1.276000318268924794e+01
2.805000000000000160e+00 1.473781951986576466e+00 7.190646104931923333e+01 4.056845392357811875e+01 1.287118195238689999e+01
2.810000000000000053e+00 1.475064635630160437e+00 7.218797166271053811e+01 4.073237882373357621e+01 1.298477077871276641e+01
2.814999999999999947e+00 1.476347050209237288e+00 7.247014063862648925e+01 4.089669441052623711e+01 1.310057214655155633e+01
2.819999999999999840e+00 1.477629192473728592e+00 7.275296983823550079e+01 4.106140238281646759e+01 1.321837522011004040e+01
2.825000000000000178e+00 1.478911059309663267e+00 7.303645804789591978e+01 4.122650119071952446e+01 1.333796631009060540e+01
2.830000000000000071e+00 1.480192647740382617e+00 7.332060822148824286e+01 4.139199317169634185e+01 1.345911832541549913e+01
2.834999999999999964e+00 1.481473954927746250e+00 7.360541965942462639e+01 4.155787730507933020e+01 1.358159514720115624e+01
2.839999999999999858e+00 1.482754978173340454e+00 7.389089278496044244e+01 4.172415388407301862e+01 1.370516310606536159e+01
2.845000000000000195e+00 1.484035714919693882e+00 7.417702980823787584e+01 4.189082518968901070e+01 1.382957745592811705e+01
2.850000000000000089e+00 1.485316162751484814e+00 7.446382965665806353e+01 4.205788914479590801e+01 1.395459378711265508e+01
2.854999999999999982e+00 1.486596319396762178e+00 7.475129404760535579e+01 4.222534820341066109e+01 1.407996443969333278e+01
2.859999999999999876e+00 1.487876182728162133e+00 7.503942430089070115e+01 4.239320296406415167e+01 1.420544313923215185e+01
2.865000000000000213e+00 1.489155750764126207e+00 7.532821840098317523e+01 4.256145195673370552e+01 1.433078154832803186e+01
2.870000000000000107e+00 1.490435021670126092e+00 7.561767877688352257e+01 4.273009664408552055e+01 1.445574072738301119e+01
2.875000000000000000e+00 1.491713993759884893e+00 7.590783058700471031e+01 4.289914432965279190e+01 1.458018635035848476e+01
2.879999999999999893e+00 1.492992665496607696e+00 7.619862475659884637e+01 4.306858180293872351e+01 1.470367227912162811e+01
2.885000000000000231e+00 1.494271035494205480e+00 7.649008693051082730e+01 4.323841754208409327e+01 1.482607619778366015e+01
2.890000000000000124e+00 1.495549102518527240e+00 7.678221676006427288e+01 4.340865082088848226e+01 1.494717318250094884e+01
2.895000000000000018e+00 1.496826865488593894e+00 7.707501336368842715e+01 4.357928134544160770e+01 1.506675224740775398e+01
2.899999999999999911e+00 1.498104323477830180e+00 7.736847732619392559e+01 4.375030984099603870e+01 1.518462051689462378e+01
2.905000000000000249e+00 1.499381475715303225e+00 7.766260922754332796e+01 4.392173682953473701e+01 1.530057597509226142e+01
2.910000000000000142e+00 1.500658321586958444e+00 7.795740955439966058e+01 4.409356301426637259e+01 1.541444524701885932e+01
2.915000000000000036e+00 1.501934860636862323e+00 7.825287836797389218e+01 4.426578840057322850e+01 1.552606180629870636e+01
2.919999999999999929e+00 1.503211092568443430e+00 7.854901537936142120e+01 4.443841349414523734e+01 1.563528118761407804e+01
2.925000000000000266e+00 1.504487017245737190e+00 7.884582104718802498e+01 4.461143843285458388e+01 1.574195796812037074e+01
2.930000000000000160e+00 1.505762634694630231e+00 7.914329518962061627e+01 4.478486341337587362e+01 1.584597723822271043e+01
2.935000000000000053e+00 1.507037945104112264e+00 7.944143818420359082e+01 4.495868906704941992e+01 1.594723364020398648e+01
2.939999999999999947e+00 1.508312948827522426e+00 7.974024979844051586e+01 4.513291494643487312e+01 1.604564372613264922e+01
2.944999999999999840e+00 1.509587646383803383e+00 8.003972986995407268e+01 4.530754100814314000e+01 1.614113265191972602e+01
2.950000000000000178e+00 1.510862038458753664e+00 8.033987977320947493e+01 4.548256923079348724e+01 1.623365229042021696e+01
2.955000000000000071e+00 1.512136125906285322e+00 8.064069913973284542e+01 4.565799869511359077e+01 1.632316701420499427e+01
2.959999999999999964e+00 1.513409909749681370e+00 8.094218698747896212e+01 4.583382884489509479e+01 1.640966510937974121e+01
2.964999999999999858e+00 1.514683391182853445e+00 8.124434555481009568e+01 4.601006186289496469e+01 1.649314704877585669e+01
2.970000000000000195e+00 1.515956571571605682e+00 8.154717416344459480e+01 4.618669669490320473e+01 1.657362863070305536e+01
2.975000000000000089e+00 1.517229452454897709e+00 8.185067258030825599e+01 4.636373334430072646e+01 1.665116033341766766e+01
2.979999999999999982e+00 1.518502035546109630e+00 8.215484122051987015e+01 4.654117201287490246e+01 1.672579030389325183e+01
2.984999999999999876e+00 1.519774322734309235e+00 8.245968120616672081e+01 4.671901358891228995e+01 1.679759849059758281e+01
2.990000000000000213e+00 1.521046316085523209e+00 8.276523517073459857e+01 4.689726725673562413e+01 1.686661389130425448e+01
2.995000000000000107e+00 1.522318017844006111e+00 8.307142114967219015e+01 4.707591507222988980e+01 1.693307340615006140e+01
3.000000000000000000e+00 1.523589430433515579e+00 8.337827921592089808e+01 4.725496561962536646e+01 1.699704126352422406e+01
3.004999999999999893e+00 1.524860556458587313e+00 8.368581040204860244e+01 4.743441972533648254e+01 1.705865595168602056e+01
3.010000000000000231e+00 1.526131398705811604e+00 8.399401549831627278e+01 4.761427770415149752e+01 1.711807459877517346e+01
3.015000000000000124e+00 1.527401960145112314e+00 8.430289436368781253e+01 4.779453915330688574e+01 1.717546814990057058e+01
3.020000000000000018e+00 1.528672243931031183e+00 8.461244816084432330e+01 4.797520480349396621e+01 1.723101993299237122e+01
3.024999999999999911e+00 1.529942253404009023e+00 8.492267799716572085e+01 4.815627520509379167e+01 1.728492250998420943e+01
3.030000000000000249e+00 1.531211992091669805e+00 8.523358416685928773e+01 4.833775002164940560e+01 1.733738816888418910e+01
3.035000000000000142e+00 1.532481463710112957e+00 8.554516652036166136e+01 4.851962892526671567e+01 1.738863001857039592e+01
3.040000000000000036e+00 1.533750672165198337e+00 8.585742742258442206e+01 4.870191358105314805e+01 1.743886966448878795e+01
3.044999999999999929e+00 1.535019621553841640e+00 8.617036722764609635e+01 4.888460355867677265e+01 1.748834585300851074e+01
3.050000000000000266e+00 1.536288316165307810e+00 8.648398639491718143e+01 4.906769906008935322e+01 1.753729495207915789e+01
3.055000000000000160e+00 1.537556760482504448e+00 8.679828638860735168e+01 4.925120123830843966e+01 1.758596431558427398e+01
3.060000000000000053e+00 1.538824959183287211e+00 8.711326800389426239e+01 4.943510954172964489e+01 1.763459559850560154e+01
3.064999999999999947e+00 1.540092917141751672e+00 8.742893197920345472e+01 4.961942476535092794e+01 1.768344369643081748e+01
3.070000000000000284e+00 1.541360639429545376e+00 8.774527955333917362e+01 4.980414740108834337e+01 1.773276243873862512e+01
3.075000000000000178e+00 1.542628131317168361e+00 8.806231219678306843e+01 4.998927826072366543e+01 1.778279720006570130e+01
3.080000000000000071e+00 1.543895398275281439e+00 8.838007089154379514e+01 5.017482516473873488e+01 1.783374977991039856e+01
3.084999999999999964e+00 1.545162445976019150e+00 8.869847847904344462e+01 5.036077313345047912e+01 1.788595776118833314e+01
3.089999999999999858e+00 1.546429280294300046e+00 8.901757438192142047e+01 5.054713079007927945e+01 1.793961788716406147e+01
3.095000000000000195e+00 1.547695907309144969e+00 8.933735780603345233e+01 5.073389697184204294e+01 1.799496333774403212e+01
3.100000000000000089e+00 1.548962333304992001e+00 8.965783204729530098e+01 5.092107421012136115e+01 1.805223979369367981e+01
3.104999999999999982e+00 1.550228564773019402e+00 8.997899658632142916e+01 5.110866156417041850e+01 1.811165369441154382e+01
3.109999999999999876e+00 1.551494608412467890e+00 9.030085368332068185e+01 5.129666108300087757e+01 1.817342193535526462e+01
3.115000000000000213e+00 1.552760471131968911e+00 9.062340239187217605e+01 5.148507161384599584e+01 1.823775030659270868e+01
3.120000000000000107e+00 1.554026160050869576e+00 9.094664539702087325e+01 5.167389472800919492e+01 1.830482300691135933e+01
3.125000000000000000e+00 1.555291682500568706e+00 9.127058338544883043e+01 5.186313103580100403e+01 1.837481761507137890e+01
3.129999999999999893e+00 1.556557046025848434e+00 9.159521700436091862e+01 5.205278091502831472e+01 1.844790264785320488e+01
3.135000000000000231e+00 1.557822258386214909e+00 9.192054759010854070e+01 5.224284567839585236e+01 1.852422494757581362e+01
3.140000000000000124e+00 1.559087327557234559e+00 9.224657383777146435e+01 5.243332327732602494e+01 1.860392397330353731e+01
3.145000000000000018e+00 1.560352261731882795e+00 9.257329923742192079e+01 5.262421719164602507e+01 1.868711058892190380e+01
3.149999999999999911e+00 1.561617069321888263e+00 9.290072368120183910e+01 5.281552700159534197e+01 1.877389579810771281e+01
3.155000000000000249e+00 1.562881758959084433e+00 9.322884770770706098e+01 5.300725312633159092e+01 1.886435912325678288e+01
3.160000000000000142e+00 1.564146339496760740e+00 9.355767320352326522e+01 5.319939760739378443e+01 1.895857217183789700e+01
3.165000000000000036e+00 1.565410820011023496e+00 9.388719937461648612e+01 5.339195896215354509e+01 1.905657963751769302e+01
3.169999999999999929e+00 1.566675209802153468e+00 9.421742768820071490e+01 5.358493839141939219e+01 1.915842014785532399e+01
3.175000000000000266e+00 1.567939518395971676e+00 9.454835865417373952e+01 5.377833691379414915e+01 1.926409915244881432e+01
3.180000000000000160e+00 1.569203755545205192e+00 9.487999305350045631e+01 5.397215500738695937e+01 1.937362640033296657e+01
3.185000000000000053e+00 1.570467931230861369e+00 9.521233103408047782e+01 5.416639245906374356e+01 1.948696164596020708e+01
3.189999999999999947e+00 1.571732055663601191e+00 9.554537506523676882e+01 5.436105183469744162e+01 1.960407422803736566e+01
3.195000000000000284e+00 1.572996139285118833e+00 9.587916879199697462e+01 5.455613901559007672e+01 1.972524151518079449e+01
3.200000000000000178e+00 1.574260192769525224e+00 9.621362701264793316e+01 5.475164118001447378e+01 1.984974312829109877e+01
3.205000000000000071e+00 1.575524227024737378e+00 9.654879150757776074e+01 5.494756523230662992e+01 1.997778229072803668e+01
3.209999999999999964e+00 1.576788253193867284e+00 9.688466481815996190e+01 5.514391364093942371e+01 2.010926343572701924e+01
3.214999999999999858e+00 1.578052282656617233e+00 9.722124611513159209e+01 5.534068485968131057e+01 2.024405659670930291e+01
3.220000000000000195e+00 1.579316327030685141e+00 9.755853608144521161e+01 5.553787957301128131e+01 2.038201209559979787e+01
3.225000000000000089e+00 1.580580398173165202e+00 9.789653561375881452e+01 5.573549884450851266e+01 2.052298557227590337e+01
3.229999999999999982e+00 1.581844508181959430e+00 9.823524505952183006e+01 5.593354278020740367e+01 2.066679511276881698e+01
3.234999999999999876e+00 1.583108669397191415e+00 9.857468791458151713e+01 5.613201571692123082e+01 2.081299050644009085e+01
3.240000000000000213e+00 1.584372894402625409e+00 9.891482250682165045e+01 5.633091196051145033e+01 2.096190066204874825e+01
3.245000000000000107e+00 1.585637196027092743e+00 9.925566999870915197e+01 5.653023543486543190e+01 2.111305720856111279e+01
3.250000000000000000e+00 1.586901587345919129e+00 9.959723011333647946e+01 5.672998490465094790e+01 2.126624926284202033e+01
3.254999999999999893e+00 1.588166081682362174e+00 9.993950670577113726e+01 5.693016442673260258e+01 2.142127428974233183e+01
3.260000000000000231e+00 1.589430692609048013e+00 1.002824968034721422e+02 5.713076992469611071e+01 2.157786627969098348e+01
3.265000000000000124e+00 1.590695433949419924e+00 1.006262041916384362e+02 5.733180574502901550e+01 2.173580638899849404e+01
3.270000000000000018e+00 1.591960319779189614e+00 1.009706284553054303e+02 5.753327011149847436e+01 2.189484484450988333e+01
3.274999999999999911e+00 1.593225364427793389e+00 1.013157716495199026e+02 5.773516496341076731e+01 2.205475076100990250e+01
3.280000000000000249e+00 1.594490582479856755e+00 1.016616330220173694e+02 5.793748934273664020e+01 2.221524481370761350e+01
3.285000000000000142e+00 1.595755988776664358e+00 1.020082160750012861e+02 5.814024637956985941e+01 2.237610063705028551e+01
3.290000000000000036e+00 1.597021598417631694e+00 1.023555205959688692e+02 5.834343444916881793e+01 2.253707812701333779e+01
3.294999999999999929e+00 1.598287426761794583e+00 1.027035477844537752e+02 5.854705477478756848e+01 2.269790175776272889e+01
3.300000000000000266e+00 1.599553489429289543e+00 1.030522984870026164e+02 5.875110756006777990e+01 2.285834896384591630e+01
3.305000000000000160e+00 1.600819802302856587e+00 1.034017755422082132e+02 5.895559497701016483e+01 2.301817275973469634e+01
3.310000000000000053e+00 1.602086381529337800e+00 1.037519782650377778e+02 5.916051547220733653e+01 2.317714148962847531e+01
3.314999999999999947e+00 1.603353243521186133e+00 1.041029216600692990e+02 5.936587093410591365e+01 2.333531543919680828e+01
3.320000000000000284e+00 1.604620404957985969e+00 1.044545822831772313e+02 5.957166216440364082e+01 2.349191598259493219e+01
3.325000000000000178e+00 1.605887882787973897e+00 1.048069771272126616e+02 5.977789241602896197e+01 2.364700134401666176e+01
3.330000000000000071e+00 1.607155694229572163e+00 1.051601009699614622e+02 5.998455585086849595e+01 2.380039256443726003e+01
3.334999999999999964e+00 1.608423856772927873e+00 1.055139602051334720e+02 6.019165860765118481e+01 2.395188491956221100e+01
3.339999999999999858e+00 1.609692388181460876e+00 1.058685549217393458e+02 6.039919907706416069e+01 2.410130718736012412e+01
3.345000000000000195e+00 1.610961306493419842e+00 1.062238869478579204e+02 6.060718149501401797e+01 2.424848639902537784e+01
3.350000000000000089e+00 1.612230630023444355e+00 1.065799571019808525e+02 6.081560093169227343e+01 2.439331696637543345e+01
3.354999999999999982e+00 1.613500377364142535e+00 1.069367658483978545e+02 6.102446143596898764e+01 2.453559863937538310e+01
3.359999999999999876e+00 1.614770567387667999e+00 1.072943185845372795e+02 6.123376369518928186e+01 2.467527947389562470e+01
3.365000000000000213e+00 1.616041219247312144e+00 1.076526153683411877e+02 6.144351064218115255e+01 2.481222545765933418e+01
3.370000000000000107e+00 1.617312352379102647e+00 1.080116563716208873e+02 6.165369867466198173e+01 2.494636353215400604e+01
3.375000000000000000e+00 1.618583986503417060e+00 1.083714448570841427e+02 6.186433321050423473e+01 2.507762654170892347e+01
3.379999999999999893e+00 1.619856141626595081e+00 1.087319816278132976e+02 6.207541341206228935e+01 2.520595518209985642e+01
3.385000000000000231e+00 1.621128838042573905e+00 1.090932701224654977e+02 6.228694036221461516e+01 2.533135388474401850e+01
3.390000000000000124e+00 1.622402096334521149e+00 1.094553094889988358e+02 6.249891229601455223e+01 2.545376946655710881e+01
3.395000000000000018e+00 1.623675937376488410e+00 1.098181028939389705e+02 6.271133477041904314e+01 2.557323708560049624e+01
3.399999999999999911e+00 1.624950382335069499e+00 1.101816517182625148e+02 6.292420493784002389e+01 2.568977747557528346e+01
3.405000000000000249e+00 1.626225452671069327e+00 1.105459571427717691e+02 6.313752585512087023e+01 2.580343655718732165e+01
3.410000000000000142e+00 1.627501170141188780e+00 1.109110257365224328e+02 6.335130280646644252e+01 2.591425819776425499e+01
3.415000000000000036e+00 1.628777556799715365e+00 1.112768478015544815e+02 6.356552211024013133e+01 2.602233341029540625e+01
3.419999999999999929e+00 1.630054635000228513e+00 1.116434386423766938e+02 6.378020436194111653e+01 2.612775541218534059e+01
3.425000000000000266e+00 1.631332427397314877e+00 1.120107908781009769e+02 6.399533797378465749e+01 2.623063730014427719e+01
3.430000000000000160e+00 1.632610956948298497e+00 1.123789090206575310e+02 6.421092596160391963e+01 2.633112072223141453e+01
3.435000000000000053e+00 1.633890246914980304e+00 1.127477955447575511e+02 6.442697285403643548e+01 2.642930643835005000e+01
3.439999999999999947e+00 1.635170320865392934e+00 1.131174394264489678e+02 6.464346265478977216e+01 2.652508288233067901e+01
3.445000000000000284e+00 1.636451202675564431e+00 1.134878691185705719e+02 6.486043140045603650e+01 2.661929224580158149e+01
3.450000000000000178e+00 1.637732916531301264e+00 1.138590678549336843e+02 6.507785620401887172e+01 2.671167444964636672e+01
3.455000000000000071e+00 1.639015486929979559e+00 1.142310294444470173e+02 6.529572121443588628e+01 2.680242978100474360e+01
3.459999999999999964e+00 1.640298938682350771e+00 1.146037894132539776e+02 6.551408780261762388e+01 2.689205071087792476e+01
3.464999999999999858e+00 1.641583296914366441e+00 1.149773158165023119e+02 6.573289197965623032e+01 2.698040057420637439e+01
3.470000000000000195e+00 1.642868587069010289e+00 1.153516186958027845e+02 6.595216560594272437e+01 2.706784629970156786e+01
3.475000000000000089e+00 1.644154834908149621e+00 1.157267065840156022e+02 6.617190473808238949e+01 2.715462277874753383e+01
3.479999999999999982e+00 1.645442066514400281e+00 1.161025578443934023e+02 6.639209654163238383e+01 2.724116891358000103e+01
3.484999999999999876e+00 1.646730308293007594e+00 1.164792142850593706e+02 6.661277525031285052e+01 2.732733155141545822e+01
3.490000000000000213e+00 1.648019586973742623e+00 1.168566548616862093e+02 6.683391727557392414e+01 2.741359458761817436e+01
3.495000000000000107e+00 1.649309929612814640e+00 1.172348822069353957e+02 6.705553035363260506e+01 2.750019539412359038e+01
3.500000000000000000e+00 1.650601363594798476e+00 1.176138959537422721e+02 6.727761063002240860e+01 2.758736099239208173e+01
3.504999999999999893e+00 1.651893916634581849e+00 1.179929846310456441e+02 6.749974845255502487e+01 2.767309159125285944e+01
3.510000000000000231e+00 1.653187616779326907e+00 1.183728593631555555e+02 6.772234992230619355e+01 2.775991005010348545e+01
3.515000000000000124e+00 1.654482492410449757e+00 1.187535293862709835e+02 6.794543372605366471e+01 2.784799934524416187e+01
3.520000000000000018e+00 1.655778572245619973e+00 1.191349838310937344e+02 6.816898176623764982e+01 2.793774176232128426e+01
3.524999999999999911e+00 1.657075885340773880e+00 1.195172289564936108e+02 6.839299790410225910e+01 2.802928970739964498e+01
3.530000000000000249e+00 1.658374461092151142e+00 1.199002748492910086e+02 6.861749923866466361e+01 2.812285717743075608e+01
3.535000000000000142e+00 1.659674329238346902e+00 1.202841176422032987e+02 6.884247386188627615e+01 2.821873522628775532e+01
3.540000000000000036e+00 1.660975519862385452e+00 1.206687345757186165e+02 6.906791510757994956e+01 2.831739899425972951e+01
3.544999999999999929e+00 1.662278063393811456e+00 1.210541344552518268e+02 6.929378049723234767e+01 2.841838533373219988e+01
3.550000000000000266e+00 1.663581990610803807e+00 1.214404122500360472e+02 6.952024276607444619e+01 2.852250833994232337e+01
3.555000000000000160e+00 1.664887332642308815e+00 1.218274468542887661e+02 6.974710270656399302e+01 2.862954723302224380e+01
3.560000000000000053e+00 1.666194120970192039e+00 1.222153576901741729e+02 6.997452945940587199e+01 2.873933101855060102e+01
3.564999999999999947e+00 1.667502387431416100e+00 1.226040158450410047e+02 7.020238189382615701e+01 2.885346680519976559e+01
3.570000000000000284e+00 1.668812164220237593e+00 1.229935004526486182e+02 7.043071781693063826e+01 2.897059937556490183e+01
3.575000000000000178e+00 1.670123483890425531e+00 1.233838223443097633e+02 7.065957845493718992e+01 2.909137283861087298e+01
3.580000000000000071e+00 1.671436379357503110e+00 1.237749281402418120e+02 7.088887823575228708e+01 2.921666361295537229e+01
3.584999999999999964e+00 1.672750883901015451e+00 1.241668384027575769e+02 7.111866545256543759e+01 2.934527483505981493e+01
3.589999999999999858e+00 1.674067031166816655e+00 1.245596000095642495e+02 7.134896471763443060e+01 2.947815702051127573e+01
3.595000000000000195e+00 1.675384855169382847e+00 1.249531674186405752e+02 7.157975028031918896e+01 2.961460066646179001e+01
3.600000000000000089e+00 1.676704390294149860e+00 1.253476008054748263e+02 7.181104271942540151e+01 2.975538523423031734e+01
3.604999999999999982e+00 1.678025671299876453e+00 1.257428296995851014e+02 7.204280522722007163e+01 2.990053277753566618e+01
3.609999999999999876e+00 1.679348733321033071e+00 1.261389029728281912e+02 7.227506306815980963e+01 3.004951262390998323e+01
3.615000000000000213e+00 1.680673611870211692e+00 1.265358083554459796e+02 7.250782792409063404e+01 3.020289940647429816e+01
3.620000000000000107e+00 1.682000342840573426e+00 1.269336032885870367e+02 7.274116140425367405e+01 3.035958661839349304e+01
3.625000000000000000e+00 1.683328962508309878e+00 1.273321902146325328e+02 7.297493253136045155e+01 3.052044272562136129e+01
3.629999999999999893e+00 1.684659507535143819e+00 1.277316197899686898e+02 7.320921066514085851e+01 3.068519055292131270e+01
3.635000000000000231e+00 1.685992014970846498e+00 1.281318576965558123e+02 7.344394269429196243e+01 3.085512566775527432e+01
3.640000000000000124e+00 1.687326522255794936e+00 1.285330623965434995e+02 7.367929037017069049e+01 3.102747624223375311e+01
3.645000000000000018e+00 1.688663067223552527e+00 1.289350421470963681e+02 7.391509947809630887e+01 3.120386803475838633e+01
3.649999999999999911e+00 1.690001688103477839e+00 1.293379290019777557e+02 7.415141953533279207e+01 3.138377652646795468e+01
3.655000000000000249e+00 1.691342423523365834e+00 1.297415956179184775e+02 7.438820312304363824e+01 3.156725505534634380e+01
3.660000000000000142e+00 1.692685312512123508e+00 1.301461377947857727e+02 7.462550152520466895e+01 3.175298386862108302e+01
3.665000000000000036e+00 1.694030394502469727e+00 1.305515664715532864e+02 7.486333333713902505e+01 3.194242279126949313e+01
3.669999999999999929e+00 1.695377709333675487e+00 1.309579150187792038e+02 7.510174044746293021e+01 3.213474692619845285e+01
3.675000000000000266e+00 1.696727297254325917e+00 1.313650428581293852e+02 7.534056338234715611e+01 3.232919414937149583e+01
3.680000000000000160e+00 1.698079198925130706e+00 1.317730804845791113e+02 7.557994249616976390e+01 3.252658159004722194e+01
3.685000000000000053e+00 1.699433455421752726e+00 1.321820966139571851e+02 7.581995301934421150e+01 3.272636863773959703e+01
3.689999999999999947e+00 1.700790108237682396e+00 1.325918703936240775e+02 7.606035057765947727e+01 3.292778845934644494e+01
3.695000000000000284e+00 1.702149199287140036e+00 1.330025991949697755e+02 7.630135281218539944e+01 3.313106558103585542e+01
3.700000000000000178e+00 1.703510770908022831e+00 1.334141641012940340e+02 7.654284704560200225e+01 3.333610497806174777e+01
3.705000000000000071e+00 1.704874865864877798e+00 1.338266506998374155e+02 7.678488188062942754e+01 3.354217680408388702e+01
3.709999999999999964e+00 1.706241527351919807e+00 1.342400340344159417e+02 7.702745053936112640e+01 3.374926539054800401e+01
3.714999999999999858e+00 1.707610798996081591e+00 1.346543173763721484e+02 7.727055361300841696e+01 3.395715954097953215e+01
3.720000000000000195e+00 1.708982724860113711e+00 1.350695019510369832e+02 7.751419313647176068e+01 3.416559978050941737e+01
3.725000000000000089e+00 1.710357349445704500e+00 1.354855942959401602e+02 7.775837127483767119e+01 3.437435505165773719e+01
3.729999999999999982e+00 1.711734717696661745e+00 1.359025938532970201e+02 7.800308996224032398e+01 3.458317463664566560e+01
3.734999999999999876e+00 1.713114875002117454e+00 1.363205100022752276e+02 7.824835405108269981e+01 3.479180185904479572e+01
3.740000000000000213e+00 1.714497867199787251e+00 1.367393413485064002e+02 7.849416218446170035e+01 3.500004627516393185e+01
3.745000000000000107e+00 1.715883740579261962e+00 1.371590929311204263e+02 7.874051766836720390e+01 3.520766337628939624e+01
3.750000000000000000e+00 1.717272541885350057e+00 1.375797694293453333e+02 7.898742342536812089e+01 3.541439449649492133e+01
3.754999999999999893e+00 1.718664318321458495e+00 1.380013711689508682e+02 7.923488007053218496e+01 3.562007975451938080e+01
3.760000000000000231e+00 1.720059117553022654e+00 1.384239073547267083e+02 7.948289237830820753e+01 3.582451364713878661e+01
3.765000000000000124e+00 1.721456987710977105e+00 1.388473480265346609e+02 7.973144966941055145e+01 3.602727555832881023e+01
3.770000000000000018e+00 1.722857977395276574e+00 1.392717535663612409e+02 7.998057694638703197e+01 3.622858435406965327e+01
3.774999999999999911e+00 1.724262135678464647e+00 1.396970991707288192e+02 8.023026237278267558e+01 3.642808123946609555e+01
3.780000000000000249e+00 1.725669512109285098e+00 1.401233939648457181e+02 8.048051212283334621e+01 3.662562655230396302e+01
3.785000000000000142e+00 1.727080156716347847e+00 1.405506379253434659e+02 8.073132861416330286e+01 3.682110735482996233e+01
3.790000000000000036e+00 1.728494120011841551e+00 1.409788329311777773e+02 8.098271040740814897e+01 3.701435144046121195e+01
3.794999999999999929e+00 1.729911452995299248e+00 1.414079871353633848e+02 8.123466659453865191e+01 3.720524947261372972e+01
3.800000000000000266e+00 1.731332207157411762e+00 1.418381036914057631e+02 8.148719219419936621e+01 3.739376426891581673e+01
3.805000000000000160e+00 1.732756434483898600e+00 1.422691870896854027e+02 8.174029449405747982e+01 3.757977277041789677e+01
3.810000000000000053e+00 1.734184187459427706e+00 1.427012357196702226e+02 8.199397097306173521e+01 3.776321350611972605e+01
3.814999999999999947e+00 1.735615519071593615e+00 1.431342604148142641e+02 8.224822980473152256e+01 3.794406565699426181e+01
3.820000000000000284e+00 1.737050482814948671e+00 1.435682660092107028e+02 8.250307312025152839e+01 3.812232220405162764e+01
3.825000000000000178e+00 1.738489132695088868e+00 1.440032541113746163e+02 8.275850276510038839e+01 3.829789891179105155e+01
3.830000000000000071e+00 1.739931523232801869e+00 1.444392252488690929e+02 8.301451467034905818e+01 3.847087272286306359e+01
3.834999999999999964e+00 1.741377709468272084e+00 1.448761933688028591e+02 8.327112319204768198e+01 3.864133474849689520e+01
3.839999999999999858e+00 1.742827746965340152e+00 1.453141500067015102e+02 8.352831882571221911e+01 3.880912653497184550e+01
3.845000000000000195e+00 1.744281691815829705e+00 1.457531104988884749e+02 8.378611145112607517e+01 3.897449996099999936e+01
3.850000000000000089e+00 1.745739600643932299e+00 1.461930777705953517e+02 8.404450261308815584e+01 3.913750281397022235e+01
3.854999999999999982e+00 1.747201530610656750e+00 1.466340508825510369e+02 8.430349368022145029e+01 3.929815007217231226e+01
3.859999999999999876e+00 1.748667539418339745e+00 1.470760408091470310e+02 8.456308804730744555e+01 3.945664637283880438e+01
3.865000000000000213e+00 1.750137685315223512e+00 1.475190521291072230e+02 8.482329328943033886e+01 3.961302460561473282e+01
3.870000000000000107e+00 1.751612027100100555e+00 1.479630336859587487e+02 8.508409107982167541e+01 3.976787413372662172e+01
3.875000000000000000e+00 1.753090624127023878e+00 1.484080919857654806e+02 8.534551217671960899e+01 3.992059177983885832e+01
3.879999999999999893e+00 1.754573536310083837e+00 1.488541884211164188e+02 8.560755280528461242e+01 4.007171622892970220e+01
3.885000000000000231e+00 1.756060824128258258e+00 1.493013215590470111e+02 8.587020786839649134e+01 4.022148437077105143e+01
3.890000000000000124e+00 1.757552548630337386e+00 1.497494978227341278e+02 8.613348335876293049e+01 4.037004791675548887e+01
3.895000000000000018e+00 1.759048771439909009e+00 1.501987280605950446e+02 8.639738559898799508e+01 4.051747744314667443e+01
3.899999999999999911e+00 1.760549554760425739e+00 1.506490098426168061e+02 8.666191189180048582e+01 4.066417382339425757e+01
3.905000000000000249e+00 1.762054961380348228e+00 1.511003575323426560e+02 8.692707092004806668e+01 4.081030627707891512e+01
3.910000000000000142e+00 1.763565054678360111e+00 1.515527651788067374e+02 8.719286084362158817e+01 4.095615451280419705e+01
3.915000000000000036e+00 1.765079898628665322e+00 1.520062463991721415e+02 8.745928989846008506e+01 4.110176821861490737e+01
3.919999999999999929e+00 1.766599557806353804e+00 1.524608128985417750e+02 8.772636244272734984e+01 4.124755745782516669e+01
3.925000000000000266e+00 1.768124097392861804e+00 1.529164472761492277e+02 8.799406414493306272e+01 4.139373638097342223e+01
3.930000000000000160e+00 1.769653583181507006e+00 1.533731826135945084e+02 8.826242555128062861e+01 4.154052576199579505e+01
3.935000000000000053e+00 1.771188081583099816e+00 1.538310070767155651e+02 8.853142970783331123e+01 4.168823142511314472e+01
3.939999999999999947e+00 1.772727659631656794e+00 1.542899357947021031e+02 8.880109165887560607e+01 4.183695957549386435e+01
3.945000000000000284e+00 1.774272384990179141e+00 1.547499697806802601e+02 8.907140691741797411e+01 4.198712865833328323e+01
3.950000000000000178e+00 1.775822325956536885e+00 1.552110547386400583e+02 8.934236663930971645e+01 4.213857084059335989e+01
3.955000000000000071e+00 1.777377551469432548e+00 1.556733144258403172e+02 8.961400557988690707e+01 4.229214148342015989e+01
3.959999999999999964e+00 1.778938131114458976e+00 1.561366960961495352e+02 8.988630984763912579e+01 4.244785013613931568e+01
3.965000000000000302e+00 1.780504135130244192e+00 1.566012126846729018e+02 9.015928633770623435e+01 4.260586079471350018e+01
3.970000000000000195e+00 1.782075634414699072e+00 1.570668642212090163e+02 9.043293828998557160e+01 4.276652979093650941e+01
3.975000000000000089e+00 1.783652700531359159e+00 1.575336575080124248e+02 9.070726815475910598e+01 4.292989240787638749e+01
3.979999999999999982e+00 1.785235405715812629e+00 1.580015939689667732e+02 9.098227094877574928e+01 4.309624891584953588e+01
3.984999999999999876e+00 1.786823822882243729e+00 1.584706920000208470e+02 9.125796778247647012e+01 4.326582926212903146e+01
3.990000000000000213e+00 1.788418025630066133e+00 1.589409582319235028e+02 9.153436110497463574e+01 4.343872744742582626e+01
3.995000000000000107e+00 1.790018088250662442e+00 1.594123860809755797e+02 9.181144029842030818e+01 4.361530674871117697e+01
4.000000000000000000e+00 1.791624085734228267e+00 1.598849906107737979e+02 9.208921647685690459e+01 4.379546333054935303e+01
