% raindrop T-matrix calculations using the code of Leinonen, J., "Python code for T-matrix scattering calculations". Available at https://github.com/jleinonen/pytmatrix/. 
% 
% refractive index calculations after Ray, P., 1972:  Broadband Complex Refractive Indices of Ice and Water, Appl. Opt. 11, 1836-1844 
% 
% raindrop aspect ratio estimated with the methodology of Brandes, Edward & Zhang, Guifu & Vivekanandan, Jothiram. (2005). Corrigendum. Journal of Applied Meteorology. 44. 186-. 10.1175/1520-0450(2005)44<186:C>2.0.CO;2. 
% 
% wave length: 107.068735 mm 
% temperature: 298.15 K 
% refractive index: 8.788341522216796875e+00 + 6.021077632904052734e-01 i 
% 
%r_eqv[mm]               axial ratio              ext[mm2]                 sca[mm2]                 back[mm2]
5.000000000000000104e-03 9.999900000999989436e-01 4.621353127071599123e-10 1.438602398643185723e-18 2.157902698879080927e-18
1.000000000000000021e-02 9.999900000999989436e-01 3.697151244264279364e-09 9.207057348957140723e-17 1.381056091478801331e-16
1.499999999999999944e-02 9.999900000999989436e-01 1.247827194482212478e-08 1.048741841226457454e-15 1.573106227459380887e-15
2.000000000000000042e-02 9.999900000999989436e-01 2.957940738360772594e-08 5.892523008925232237e-15 8.838718895884686582e-15
2.500000000000000139e-02 9.999900000999989436e-01 5.777550403751838609e-08 2.247821319974025244e-14 3.371692772893781123e-14
2.999999999999999889e-02 9.999900000999989436e-01 9.984289048149673989e-08 6.711965660404153080e-14 1.006777968257039524e-13
3.500000000000000333e-02 9.999900000999989436e-01 1.585596036859734184e-07 1.692509130670942146e-13 2.538705710723912405e-13
4.000000000000000083e-02 9.999900000999989436e-01 2.367057905452720944e-07 3.771232482893909179e-13 5.656679881622122039e-13
4.499999999999999833e-02 9.999900000999989436e-01 3.370639736725852821e-07 7.645382674360641906e-13 1.146764063912483370e-12
5.000000000000000278e-02 9.999900000999989436e-01 4.624195270885720240e-07 1.438616364962705206e-12 2.157823845804664726e-12
5.500000000000000028e-02 9.999900000999989436e-01 6.155608364708279252e-07 2.548601867222505919e-12 3.822686894579947069e-12
5.999999999999999778e-02 9.999900000999989436e-01 7.992799168709777290e-07 4.295703790594191187e-12 6.443122532360440860e-12
6.500000000000000222e-02 9.999900000999989436e-01 1.016372488942478169e-06 6.943972721240265302e-12 1.041513722971860940e-11
7.000000000000000666e-02 9.999900000999989436e-01 1.269638578534557261e-06 1.083221418096554331e-11 1.624683425196720532e-11
7.499999999999999722e-02 9.999900000999989436e-01 1.561882664794654583e-06 1.638693923975028873e-11 2.457782623582553435e-11
8.000000000000000167e-02 9.999900000999989436e-01 1.895914174147929105e-06 2.413634254216361115e-11 3.620018544233516073e-11
8.500000000000000611e-02 9.999900000999989436e-01 2.274547810334881244e-06 3.472534342988140797e-11 5.208098465108984999e-11
8.999999999999999667e-02 9.999900000999989436e-01 2.700603827203919835e-06 4.893161155825586415e-11 7.338631021850886480e-11
9.500000000000000111e-02 9.999900000999989436e-01 3.176908507731230912e-06 6.768269990554352245e-11 1.015069309934261235e-10
1.000000000000000056e-01 9.999900000999989436e-01 3.706294665312686036e-06 9.207415199028723652e-11 1.380854226622163629e-10
1.049999999999999961e-01 9.999900000999989436e-01 4.291601677889236963e-06 1.233886739660015555e-10 1.850448828086917322e-10
1.100000000000000006e-01 9.999900000999989436e-01 4.935675961824845305e-06 1.631163226334468070e-10 2.446191624836954645e-10
1.150000000000000050e-01 9.999900000999989436e-01 5.641371043622696260e-06 2.129757981509384270e-10 3.193847466605423118e-10
1.199999999999999956e-01 9.999900000999989436e-01 6.411549381234799042e-06 2.749366932486226846e-10 4.122940604806450530e-10
1.250000000000000000e-01 9.999900000999989436e-01 7.249080902542184249e-06 3.512428113986527371e-10 5.267103690160173017e-10
1.300000000000000044e-01 9.999900000999989436e-01 8.156843363981621664e-06 4.444364293514072030e-10 6.664440829333791185e-10
1.350000000000000089e-01 9.999900000999989436e-01 9.137724762432275242e-06 5.573838276062258441e-10 8.357909540443904778e-10
1.400000000000000133e-01 9.999900000999989436e-01 1.019462130405921350e-05 6.933018156543870226e-10 1.039571750512856424e-09
1.449999999999999900e-01 9.999900000999989436e-01 1.133044014473693466e-05 8.557847452566765830e-10 1.283172650341801826e-09
1.499999999999999944e-01 9.999900000999989436e-01 1.254809793705302322e-05 1.048833619701607190e-09 1.572588763628570138e-09
1.549999999999999989e-01 9.999900000999989436e-01 1.385051994312694379e-05 1.276885240380784959e-09 1.914467695134067858e-09
1.600000000000000033e-01 9.999900000999989436e-01 1.524064641203492872e-05 1.544842710127362744e-09 2.316155124799818662e-09
1.650000000000000078e-01 9.999900000999989436e-01 1.672142451074392773e-05 1.858107143582331448e-09 2.785742180352009740e-09
1.700000000000000122e-01 9.999900000999989436e-01 1.829581467046784878e-05 2.222611287519762003e-09 3.332115654881187135e-09
1.750000000000000167e-01 9.999900000999989436e-01 1.996679095136924526e-05 2.644850876642383951e-09 3.965004807422499401e-09
1.799999999999999933e-01 9.999900000999989436e-01 2.173733774286959634e-05 3.131922324203171118e-09 4.695037642689251629e-09
1.849999999999999978e-01 9.999900000999989436e-01 2.361045258148946919e-05 3.691555744325664981e-09 5.533790166089416705e-09
1.900000000000000022e-01 1.000338260324268314e+00 2.559564337367359945e-05 4.333268096759601100e-09 6.495515868069076654e-09
1.950000000000000067e-01 1.000344839311130496e+00 2.768360003757608276e-05 5.064155900017282234e-09 7.590834191352956658e-09
2.000000000000000111e-01 1.000357515291503407e+00 2.988337533124952789e-05 5.895039906112551549e-09 8.835947570350239031e-09
2.050000000000000155e-01 1.000376259251188893e+00 3.219806098413884651e-05 6.836587824695321250e-09 1.024682488262455786e-08
2.099999999999999922e-01 1.000401042453005207e+00 3.463075509759224011e-05 7.900298786615568078e-09 1.184067778468918942e-08
2.149999999999999967e-01 1.000431836433301802e+00 3.718457932244481498e-05 9.098546795807617450e-09 1.363602543930936670e-08
2.200000000000000011e-01 1.000468612998516083e+00 3.986267173875737040e-05 1.044462569589560261e-08 1.565276147235706291e-08
2.250000000000000056e-01 1.000511344221778787e+00 4.266819229729367429e-05 1.195279243374583189e-08 1.791221835571728824e-08
2.300000000000000100e-01 1.000560002439564444e+00 4.560432056152580936e-05 1.363831828423071977e-08 2.043724366939956122e-08
2.350000000000000144e-01 1.000614560248383578e+00 4.867424911705863497e-05 1.551752504190087150e-08 2.325225380325275891e-08
2.399999999999999911e-01 1.000674990501522643e+00 5.188120024160195251e-05 1.760784391055614425e-08 2.638332164090045362e-08
2.449999999999999956e-01 1.000741266305821942e+00 5.522841713357503696e-05 1.992785686524888570e-08 2.985823791653065842e-08
2.500000000000000000e-01 1.000813361018499714e+00 5.871914964764773980e-05 2.249735595267488673e-08 3.370659944384325917e-08
2.550000000000000044e-01 1.000891248244015541e+00 6.235669299130115425e-05 2.533738829248722824e-08 3.795987581758199579e-08
2.600000000000000089e-01 1.000974901830975039e+00 6.614434989238274936e-05 2.847030276098938483e-08 4.265147864695892385e-08
2.650000000000000133e-01 1.001064295869075416e+00 7.008544487968135640e-05 3.191981933241140562e-08 4.781686465662994657e-08
2.700000000000000178e-01 1.001159404686088994e+00 7.418333968210199018e-05 3.571106774489801835e-08 5.349359277268988266e-08
2.750000000000000222e-01 1.001260202844886926e+00 7.844139937264166371e-05 3.987065431904662849e-08 5.972142334971264838e-08
2.800000000000000266e-01 1.001366665140501100e+00 8.286303646106839976e-05 4.442672753024782666e-08 6.654241549083816042e-08
2.850000000000000311e-01 1.001478766597222014e+00 8.745167700734605791e-05 4.940900218280363633e-08 7.400096220975571510e-08
2.899999999999999800e-01 1.001596482465736404e+00 9.221075687787257775e-05 5.484885898897766784e-08 8.214393859939824382e-08
2.949999999999999845e-01 1.001719788220298835e+00 9.714378382658890923e-05 6.077937787301262125e-08 9.102075062224370209e-08
2.999999999999999889e-01 1.001848659555939935e+00 1.022542328965187348e-04 6.723541393164385798e-08 1.006834476606984400e-07
3.049999999999999933e-01 1.001983072385710605e+00 1.075456661296033149e-04 7.425367066034801568e-08 1.111868310391213655e-07
3.099999999999999978e-01 1.002123002837959964e+00 1.130216182738195529e-04 8.187272021237725716e-08 1.225884830097391227e-07
3.150000000000000022e-01 1.002268427253648841e+00 1.186856926244036109e-04 9.013311105966399113e-08 1.349489266600532787e-07
3.200000000000000067e-01 1.002419322183694117e+00 1.245415041601007241e-04 9.907741677396658289e-08 1.483316975123188457e-07
3.250000000000000111e-01 1.002575664386349930e+00 1.305926899469428523e-04 1.087503462081985698e-07 1.628035071021436153e-07
3.300000000000000155e-01 1.002737430824617970e+00 1.368429461581751390e-04 1.191987305251485498e-07 1.784342218493245709e-07
3.350000000000000200e-01 1.002904598663692415e+00 1.432959628914590741e-04 1.304716533496214952e-07 1.952970563377494078e-07
3.400000000000000244e-01 1.003077145268434833e+00 1.499554825269342449e-04 1.426205016749329851e-07 2.134686478288021055e-07
3.450000000000000289e-01 1.003255048200880628e+00 1.568252688898283485e-04 1.556990361428179026e-07 2.330291596671781364e-07
3.500000000000000333e-01 1.003438285217776782e+00 1.639091389997439309e-04 1.697635187261342762e-07 2.540624706132483066e-07
3.549999999999999822e-01 1.003626834268148693e+00 1.712109135835053236e-04 1.848726835799031397e-07 2.766561289621522160e-07
3.599999999999999867e-01 1.003820673490896542e+00 1.787344477968447437e-04 2.010878900690197966e-07 3.009015798574282764e-07
3.649999999999999911e-01 1.004019781212422524e+00 1.864836683043343002e-04 2.184732039671544437e-07 3.268942845986973529e-07
3.699999999999999956e-01 1.004224135944284502e+00 1.944624982025703534e-04 2.370954158820409941e-07 3.547337455932521156e-07
3.750000000000000000e-01 1.004433716380879638e+00 2.026749043530619917e-04 2.570242158028239137e-07 3.845237659776745483e-07
3.800000000000000044e-01 1.004648501397155336e+00 2.111248802007300446e-04 2.783321442834047040e-07 4.163723734628799418e-07
3.850000000000000089e-01 1.004868470046347273e+00 2.198164824584146471e-04 3.010948065623168195e-07 4.503921382458971304e-07
3.900000000000000133e-01 1.005093601557745631e+00 2.287537749206820629e-04 3.253908907875289123e-07 4.867001982513741936e-07
3.950000000000000178e-01 1.005323875334485528e+00 2.379408856495491024e-04 3.513021757160031749e-07 5.254182670520972537e-07
4.000000000000000222e-01 1.005559270951367434e+00 2.473819332172386425e-04 3.789138823620238896e-07 5.666731577426347023e-07
4.050000000000000266e-01 1.005799768152698448e+00 2.570811376579468233e-04 4.083145040076772034e-07 6.105965252660311539e-07
4.100000000000000311e-01 1.006045346850164002e+00 2.670427104556956800e-04 4.395957879354684902e-07 6.573248360269102686e-07
4.150000000000000355e-01 1.006295987120720881e+00 2.772709091420782232e-04 4.728533409761152576e-07 7.070002710850318326e-07
4.199999999999999845e-01 1.006551669204517108e+00 2.877700378280864386e-04 5.081860222948999954e-07 7.597698130234912841e-07
4.249999999999999889e-01 1.006812373502834479e+00 2.985444709403398730e-04 5.456968582153477048e-07 8.157866133743742924e-07
4.299999999999999933e-01 1.007078080576055967e+00 3.095985504177273056e-04 5.854921940933689728e-07 8.752087169879989904e-07
4.349999999999999978e-01 1.007348771141657329e+00 3.209367280909460052e-04 6.276827590978022050e-07 9.382006545941688503e-07
4.400000000000000022e-01 1.007624426072219359e+00 3.325634445910598974e-04 6.723828638452755647e-07 1.004932236116775083e-06
4.450000000000000067e-01 1.007905026393466796e+00 3.444832477012265293e-04 7.197111084950801959e-07 1.075579605889941463e-06
4.500000000000000111e-01 1.008190553282325652e+00 3.567006588026621055e-04 7.697902734461938723e-07 1.150325077117069311e-06
4.550000000000000155e-01 1.008480988065006079e+00 3.692202902340452038e-04 8.227476592446882940e-07 1.229357633371479198e-06
4.600000000000000200e-01 1.008776312215104998e+00 3.820467995366993064e-04 8.787144893962792721e-07 1.312872032931197041e-06
4.650000000000000244e-01 1.009076507351731156e+00 3.951848043518518100e-04 9.378270776732817262e-07 1.401070547784974242e-06
4.700000000000000289e-01 1.009381555237651273e+00 4.086391044593518963e-04 1.000225703278777317e-06 1.494161278519546251e-06
4.750000000000000333e-01 1.009691437777457068e+00 4.224144175005605699e-04 1.066055993675879116e-06 1.592360216849312408e-06
4.799999999999999822e-01 1.010006137015752481e+00 4.365156101325036605e-04 1.135467984992663833e-06 1.695889833512345246e-06
4.849999999999999867e-01 1.010325635135361333e+00 4.509475438197898091e-04 1.208616766699934241e-06 1.804980040714678219e-06
4.899999999999999911e-01 1.010649914455556075e+00 4.657151128699135115e-04 1.285662593675066593e-06 1.919868349729187680e-06
4.949999999999999956e-01 1.010978957430304748e+00 4.808232456618338258e-04 1.366770719185828616e-06 2.040799619237077750e-06
5.000000000000000000e-01 1.011312746646537475e+00 4.962770576078551644e-04 1.452111788934312518e-06 2.168026636235448364e-06
5.050000000000000044e-01 1.011651264822433394e+00 5.120815059737705366e-04 1.541861999751065930e-06 2.301810348775219781e-06
5.100000000000000089e-01 1.011994494805724676e+00 5.282417438225892829e-04 1.636202355681141617e-06 2.442418744862190945e-06
5.150000000000000133e-01 1.012342419572020980e+00 5.447629477652584859e-04 1.735320456546338174e-06 2.590129523601258751e-06
5.200000000000000178e-01 1.012695022223150554e+00 5.616503045833196300e-04 1.839409311493495921e-06 2.745228313020814664e-06
5.250000000000000222e-01 1.013052285985520662e+00 5.789090620691569530e-04 1.948667044684211155e-06 2.908008221213617484e-06
5.300000000000000266e-01 1.013414194208494434e+00 5.965445558621223490e-04 2.063298798353840695e-06 3.078772677817789085e-06
5.350000000000000311e-01 1.013780730362787486e+00 6.145621524899228449e-04 2.183515463708899463e-06 3.257833526418293909e-06
5.400000000000000355e-01 1.014151878038878962e+00 6.329672929373167780e-04 2.309533727618520533e-06 3.445511090055755603e-06
5.450000000000000400e-01 1.014527620945441466e+00 6.517653787879681190e-04 2.441577813048238458e-06 3.642136762103573900e-06
5.500000000000000444e-01 1.014907942907788518e+00 6.709620064200790858e-04 2.579877204710457738e-06 3.848049599010395925e-06
5.550000000000000488e-01 1.015292827866336012e+00 6.905627327436665575e-04 2.724668365223819831e-06 4.063598878921810602e-06
5.600000000000000533e-01 1.015682259875082316e+00 7.105732351117293897e-04 2.876194907516881885e-06 4.289144348278125473e-06
5.650000000000000577e-01 1.016076223100103704e+00 7.309991448603916659e-04 3.034707332512730911e-06 4.525055824905135107e-06
5.700000000000000622e-01 1.016474701818065096e+00 7.518462117006408747e-04 3.200462659594184577e-06 4.771712633406458044e-06
5.750000000000000666e-01 1.016877680414747243e+00 7.731203063923431078e-04 3.373725020202325793e-06 5.029504481904327454e-06
5.799999999999999600e-01 1.017285143383589441e+00 7.948272593449866872e-04 3.554766764973082429e-06 5.298833112635726849e-06
5.849999999999999645e-01 1.017697075324246692e+00 8.169729475573120304e-04 3.743867178162059856e-06 5.580110370046313514e-06
5.899999999999999689e-01 1.018113460941162618e+00 8.395635113861593148e-04 3.941312582958290694e-06 5.873758335125441918e-06
5.949999999999999734e-01 1.018534285042156151e+00 8.626048340009144413e-04 4.147397449919951312e-06 6.180210994203926990e-06
5.999999999999999778e-01 1.018959532537025314e+00 8.861030593450785033e-04 4.362424644812004721e-06 6.499914582683746990e-06
6.049999999999999822e-01 1.019389188436160998e+00 9.100643885475170024e-04 4.586703873025657929e-06 6.833325250003252798e-06
6.099999999999999867e-01 1.019823237849180497e+00 9.344950550230174229e-04 4.820555251950447669e-06 7.180914392984192828e-06
6.149999999999999911e-01 1.020261665983570154e+00 9.594013391250221434e-04 5.064304303440494393e-06 7.543161159396988538e-06
6.199999999999999956e-01 1.020704458143344873e+00 9.847894911095970202e-04 5.318286654903271327e-06 7.920559462916954393e-06
6.250000000000000000e-01 1.021151599727719406e+00 1.010666097833327068e-03 5.582847166959803033e-06 8.313616660698981952e-06
6.300000000000000044e-01 1.021603076229795626e+00 1.037037576359735964e-03 5.858337519140803697e-06 8.722849934408191767e-06
6.350000000000000089e-01 1.022058873235258902e+00 1.063910393870744556e-03 6.145119556882427108e-06 9.148791295624700192e-06
6.400000000000000133e-01 1.022518976421092685e+00 1.091291269060047555e-03 6.443565413202203941e-06 9.591987728672676485e-06
6.450000000000000178e-01 1.022983371554301524e+00 1.119186834922493868e-03 6.754053847159309352e-06 1.005299572965344039e-05
6.500000000000000222e-01 1.023452044490649859e+00 1.147603831059891121e-03 7.076975601489272564e-06 1.053238926673955630e-05
6.550000000000000266e-01 1.023924981173411908e+00 1.176549065745362103e-03 7.412729637163549381e-06 1.103075417851444199e-05
6.600000000000000311e-01 1.024402167632133542e+00 1.206029508028605684e-03 7.761723070394821314e-06 1.154868804730750558e-05
6.650000000000000355e-01 1.024883589981409493e+00 1.236051910512421916e-03 8.124377232105106709e-06 1.208680922742115384e-05
6.700000000000000400e-01 1.025369234419667430e+00 1.266623513812218174e-03 8.501119030224238857e-06 1.264574393663396015e-05
6.750000000000000444e-01 1.025859087227968924e+00 1.297751224346707860e-03 8.892388593114023551e-06 1.322613766945130217e-05
6.800000000000000488e-01 1.026353134768820174e+00 1.329442380228898404e-03 9.298634800434719575e-06 1.382864848488749333e-05
6.850000000000000533e-01 1.026851363484993174e+00 1.361704052090999088e-03 9.720318640844406073e-06 1.445395200455174115e-05
6.900000000000000577e-01 1.027353759898360641e+00 1.394543609362245166e-03 1.015791019761648690e-05 1.510273693675640677e-05
6.950000000000000622e-01 1.027860310608740946e+00 1.427968468526805406e-03 1.061189207141465452e-05 1.577571009194523273e-05
7.000000000000000666e-01 1.028371002292754355e+00 1.461986002249296640e-03 1.108275794425257243e-05 1.647359430703433693e-05
7.049999999999999600e-01 1.028885821702690384e+00 1.496603733142834848e-03 1.157101099261607153e-05 1.719712600408471425e-05
7.099999999999999645e-01 1.029404755665387139e+00 1.531829294651001691e-03 1.207716751072476994e-05 1.794706058759422320e-05
7.149999999999999689e-01 1.029927791081118427e+00 1.567670507494187040e-03 1.260175544206881987e-05 1.872417025863195659e-05
7.199999999999999734e-01 1.030454914922495746e+00 1.604134846207466844e-03 1.314531448120340445e-05 1.952924412079588666e-05
7.249999999999999778e-01 1.030986114233377604e+00 1.641230391489295441e-03 1.370839438719683688e-05 2.036308566428027684e-05
7.299999999999999822e-01 1.031521376127789047e+00 1.678964824867652068e-03 1.429156093104456446e-05 2.122652161718512745e-05
7.349999999999999867e-01 1.032060687788854958e+00 1.717346220028029887e-03 1.489538820963314997e-05 2.212039039378517857e-05
7.399999999999999911e-01 1.032604036467738684e+00 1.756382676257116620e-03 1.552046903081565502e-05 2.304555774226790156e-05
7.449999999999999956e-01 1.033151409482594651e+00 1.796082362232051923e-03 1.616740068405184851e-05 2.400289526785738799e-05
7.500000000000000000e-01 1.033702794217528753e+00 1.836453482102048430e-03 1.683680169459109336e-05 2.499330556665109996e-05
7.550000000000000044e-01 1.034258178121568061e+00 1.877504298448593855e-03 1.752929740623086237e-05 2.601770066151200993e-05
7.600000000000000089e-01 1.034817548707643198e+00 1.919243153254865343e-03 1.824553070465392769e-05 2.707701793810656158e-05
7.650000000000000133e-01 1.035380893551575587e+00 1.961678575896864170e-03 1.898615589161757150e-05 2.817221096831666263e-05
7.700000000000000178e-01 1.035948200291078702e+00 2.004819162114329905e-03 1.975184319087564964e-05 2.930425635738790290e-05
7.750000000000000222e-01 1.036519456624765523e+00 2.048673560226304136e-03 2.054327454515169490e-05 3.047414725280371404e-05
7.800000000000000266e-01 1.037094650311166655e+00 2.093250441000154855e-03 2.136115075568305744e-05 3.168290405419851998e-05
7.850000000000000311e-01 1.037673769167756666e+00 2.138558459020154390e-03 2.220617729795201951e-05 3.293155331617347869e-05
7.900000000000000355e-01 1.038256801069989743e+00 2.184606726565976615e-03 2.307908642777545933e-05 3.422116050028775966e-05
7.950000000000000400e-01 1.038843733950345127e+00 2.231404243105034567e-03 2.398062042322475561e-05 3.555280520099823822e-05
8.000000000000000444e-01 1.039434555797379867e+00 2.278959991077611578e-03 2.491153133963594442e-05 3.692758049096873680e-05
8.050000000000000488e-01 1.040029254654790458e+00 2.327283088079896110e-03 2.587259141263355611e-05 3.834660860762028239e-05
8.100000000000000533e-01 1.040627818620484257e+00 2.376382767663505480e-03 2.686459383443565076e-05 3.981104202184916445e-05
8.150000000000000577e-01 1.041230235845658436e+00 2.426268417956489818e-03 2.788833672770017798e-05 4.132203950609826434e-05
8.200000000000000622e-01 1.041836494533886492e+00 2.476949561156864890e-03 2.894463931945654551e-05 4.288079019676206444e-05
8.250000000000000666e-01 1.042446582940215416e+00 2.528435568478935250e-03 3.003434282216618730e-05 4.448851491863291773e-05
8.300000000000000711e-01 1.043060489370268407e+00 2.580736025976066925e-03 3.115829909892746488e-05 4.614644918771045295e-05
8.349999999999999645e-01 1.043678202179357140e+00 2.633860782911143922e-03 3.231737073297662823e-05 4.785584348056060651e-05
8.399999999999999689e-01 1.044299709771603135e+00 2.687819540535355337e-03 3.351245474426770720e-05 4.961799829638876750e-05
8.449999999999999734e-01 1.044925000599063569e+00 2.742622118485643287e-03 3.474444135754344677e-05 5.143420278091372658e-05
8.499999999999999778e-01 1.045554063160868408e+00 2.798278832392030700e-03 3.601426209600461952e-05 5.330580641860533275e-05
8.549999999999999822e-01 1.046186886002363758e+00 2.854799423763232282e-03 3.732284782410990779e-05 5.523415651207870151e-05
8.599999999999999867e-01 1.046823457714263217e+00 2.912194060855589992e-03 3.867116598186531970e-05 5.722065337320571569e-05
8.649999999999999911e-01 1.047463766931806317e+00 2.970473368615120149e-03 4.006017616127680866e-05 5.926668450579558291e-05
8.699999999999999956e-01 1.048107802333925420e+00 3.029647326359978868e-03 4.149088914486678055e-05 6.137371204815322443e-05
8.750000000000000000e-01 1.048755552642418598e+00 3.089726718996701257e-03 4.296430082749160369e-05 6.354317478940320460e-05
8.800000000000000044e-01 1.049407006621131844e+00 3.150721982087372353e-03 4.448145295212546304e-05 6.577657820604123490e-05
8.850000000000000089e-01 1.050062153075147497e+00 3.212643519758120493e-03 4.604339251411039980e-05 6.807543423768000826e-05
8.900000000000000133e-01 1.050720980849978670e+00 3.275502813012066538e-03 4.765119306157891200e-05 7.044129281898764308e-05
8.950000000000000178e-01 1.051383478830772988e+00 3.339310148974942039e-03 4.930593270128585747e-05 7.287570915704810314e-05
9.000000000000000222e-01 1.052049635941522787e+00 3.404076474441037042e-03 5.100873169246322730e-05 7.538029951700124813e-05
9.050000000000000266e-01 1.052719441144281065e+00 3.469813192299722564e-03 5.276072295476621880e-05 7.795669766633919349e-05
9.100000000000000311e-01 1.053392883438386107e+00 3.536531711369133180e-03 5.456304442268118351e-05 8.060654299387128203e-05
9.150000000000000355e-01 1.054069951859691656e+00 3.604242519487384222e-03 5.641687768872951872e-05 8.333153820866748534e-05
9.200000000000000400e-01 1.054750635479804632e+00 3.672957907372094693e-03 5.832340155011635647e-05 8.613338018764174139e-05
9.250000000000000444e-01 1.055434923405329073e+00 3.742688792961767087e-03 6.028384789449979503e-05 8.901384296545629122e-05
9.300000000000000488e-01 1.056122804777117841e+00 3.813447195445658980e-03 6.229944605985697340e-05 9.197469514165200163e-05
9.350000000000000533e-01 1.056814268769528553e+00 3.885244341838430329e-03 6.437144685014707830e-05 9.501773527893122152e-05
9.400000000000000577e-01 1.057509304589689725e+00 3.958092567010498310e-03 6.650113956705185048e-05 9.814481743547965773e-05
9.450000000000000622e-01 1.058207901476769797e+00 4.032003598360234774e-03 6.868981899394052909e-05 1.013578018860468612e-04
9.500000000000000666e-01 1.058910048701254603e+00 4.106989616383689007e-03 7.093881983449830755e-05 1.046586061389886377e-04
9.550000000000000711e-01 1.059615735564230832e+00 4.183062740937521819e-03 7.324947281696124544e-05 1.080491401724920439e-04
9.599999999999999645e-01 1.060324951396675930e+00 4.260235076897977806e-03 7.562316758809553194e-05 1.115313992267342720e-04
9.649999999999999689e-01 1.061037685558753330e+00 4.338519127870081593e-03 7.806129018818803750e-05 1.151073709486606173e-04
9.699999999999999734e-01 1.061753927439116119e+00 4.417927850324461329e-03 8.056525951275954691e-05 1.187790903187644395e-04
9.749999999999999778e-01 1.062473666454213594e+00 4.498473281262392945e-03 8.313651790564909679e-05 1.225486243296928363e-04
9.799999999999999822e-01 1.063196892047607145e+00 4.580168316620567351e-03 8.577654213226766687e-05 1.264180893515683211e-04
9.849999999999999867e-01 1.063923593689290348e+00 4.663025994179957438e-03 8.848682407919949847e-05 1.303896216641861540e-04
9.899999999999999911e-01 1.064653760875015509e+00 4.747059047047955463e-03 9.126887000390358946e-05 1.344653767384541073e-04
9.949999999999999956e-01 1.065387383125626419e+00 4.832281135206197703e-03 9.412425209833308966e-05 1.386476058541728361e-04
1.000000000000000000e+00 1.066124449986396217e+00 4.918704620241873791e-03 9.705450672213255235e-05 1.429385043279535368e-04
1.005000000000000115e+00 1.066864951026373021e+00 5.006351495735760632e-03 1.000614569612194907e-04 1.473407059594334441e-04
1.010000000000000009e+00 1.067608875837728233e+00 5.095227402246334247e-03 1.031465517711896565e-04 1.518562581161721984e-04
1.015000000000000124e+00 1.068356214035114826e+00 5.185346008358990982e-03 1.063114048681500657e-04 1.564874633775047098e-04
1.020000000000000018e+00 1.069106955255026969e+00 5.276721225808475059e-03 1.095577221143548112e-04 1.612367590742099410e-04
1.024999999999999911e+00 1.069861089155168976e+00 5.369366581909857522e-03 1.128871924812816917e-04 1.661065546912888710e-04
1.030000000000000027e+00 1.070618605413826918e+00 5.463296062244869279e-03 1.163015549184107523e-04 1.710993309345948822e-04
1.034999999999999920e+00 1.071379493729249344e+00 5.558523811613681753e-03 1.198025529499650881e-04 1.762175730008759382e-04
1.040000000000000036e+00 1.072143743819029771e+00 5.655064287040494249e-03 1.233920040883242433e-04 1.814638726926992270e-04
1.044999999999999929e+00 1.072911345419497398e+00 5.752931935244337894e-03 1.270717326211633915e-04 1.868408287314744158e-04
1.050000000000000044e+00 1.073682288285112474e+00 5.852140840647851276e-03 1.308435423639438028e-04 1.923510074856790979e-04
1.054999999999999938e+00 1.074456562187866782e+00 5.952705687097257538e-03 1.347093389308939577e-04 1.979971226389484436e-04
1.060000000000000053e+00 1.075234156916690775e+00 6.054641627125442217e-03 1.386710578287892435e-04 2.037819292117695876e-04
1.064999999999999947e+00 1.076015062276864054e+00 6.157963204087883551e-03 1.427305907809805433e-04 2.097081145541920247e-04
1.070000000000000062e+00 1.076799268089433603e+00 6.262685335858104822e-03 1.468899081790177297e-04 2.157784791402606907e-04
1.074999999999999956e+00 1.077586764190635593e+00 6.368823342747690491e-03 1.511510365647710170e-04 2.219959033499127002e-04
1.080000000000000071e+00 1.078377540431322945e+00 6.476392920787310201e-03 1.555160097582950764e-04 2.283632760687199224e-04
1.084999999999999964e+00 1.079171586676399119e+00 6.585408917880037662e-03 1.599868650673017911e-04 2.348834866011536248e-04
1.090000000000000080e+00 1.079968892804255898e+00 6.695886893776218686e-03 1.645656972106223867e-04 2.415595071713161975e-04
1.094999999999999973e+00 1.080769448706216718e+00 6.807843007644477987e-03 1.692546609103306977e-04 2.483943944562408174e-04
1.100000000000000089e+00 1.081573244285985780e+00 6.921292964600455830e-03 1.740559167280100988e-04 2.553912115386578418e-04
1.104999999999999982e+00 1.082380269459101152e+00 7.036252476430511146e-03 1.789716010436168321e-04 2.625529803031915847e-04
1.110000000000000098e+00 1.083190514152395201e+00 7.152737870810241781e-03 1.840040239643705902e-04 2.698829783344220898e-04
1.114999999999999991e+00 1.084003968303457022e+00 7.270765009306962533e-03 1.891553582693854458e-04 2.773842742531271383e-04
1.120000000000000107e+00 1.084820621860102863e+00 7.390351294468479847e-03 1.944279846308029716e-04 2.850602419662523306e-04
1.125000000000000000e+00 1.085640464779849657e+00 7.511512756178117221e-03 1.998241705445658316e-04 2.929140831744860918e-04
1.130000000000000115e+00 1.086463487029394992e+00 7.634265418196038884e-03 2.053463383778729174e-04 3.009492262707541489e-04
1.135000000000000009e+00 1.087289678584100638e+00 7.758627001087320049e-03 2.109968235620783940e-04 3.091689648852907171e-04
1.140000000000000124e+00 1.088119029427482509e+00 7.884613684588209423e-03 2.167780876063442883e-04 3.175767770060282814e-04
1.145000000000000018e+00 1.088951529550704622e+00 8.012243965535703963e-03 2.226926303459153046e-04 3.261761929542805532e-04
1.150000000000000133e+00 1.089787168952079055e+00 8.141534187802461700e-03 2.287429551031152351e-04 3.349707425498448269e-04
1.155000000000000027e+00 1.090625937636568565e+00 8.272501616407355526e-03 2.349316029679260950e-04 3.439640084115350204e-04
1.159999999999999920e+00 1.091467825615297427e+00 8.405164277968731057e-03 2.412611508530415584e-04 3.531596212843160650e-04
1.165000000000000036e+00 1.092312822905064262e+00 8.539539616257680807e-03 2.477342130194580810e-04 3.625612638849774142e-04
1.169999999999999929e+00 1.093160919527861763e+00 8.675645819846982895e-03 2.543534745860535299e-04 3.721727179637945773e-04
1.175000000000000044e+00 1.094012105510399513e+00 8.813501083677722364e-03 2.611215918166236031e-04 3.819977182824822889e-04
1.179999999999999938e+00 1.094866370883633921e+00 8.953123142754962696e-03 2.680413961485065806e-04 3.920402536199135029e-04
1.185000000000000053e+00 1.095723705682299487e+00 9.094530517686973126e-03 2.751155512275404850e-04 4.023040599355861462e-04
1.189999999999999947e+00 1.096584099944449830e+00 9.237741563891684049e-03 2.823469693566665471e-04 4.127932376111241933e-04
1.195000000000000062e+00 1.097447543710998508e+00 9.382775875202600813e-03 2.897384972787686694e-04 4.235117833840161355e-04
1.199999999999999956e+00 1.098314027025267592e+00 9.529651192957873732e-03 2.972929868488242283e-04 4.344636955834478868e-04
1.205000000000000071e+00 1.099183539932540254e+00 9.678387117315454327e-03 3.050134377542274814e-04 4.456531895034056539e-04
1.209999999999999964e+00 1.100056072479618674e+00 9.829002784531847350e-03 3.129027818753347067e-04 4.570843711066808297e-04
1.215000000000000080e+00 1.100931614714385054e+00 9.981517485426876293e-03 3.209641034127639465e-04 4.687615682920549007e-04
1.219999999999999973e+00 1.101810156685369746e+00 1.013595006365018182e-02 3.292004557634254053e-04 4.806890576665672323e-04
1.225000000000000089e+00 1.102691688441321372e+00 1.029232150372593434e-02 3.376148939475372753e-04 4.928711129750923663e-04
1.229999999999999982e+00 1.103576200030784493e+00 1.045065032985889424e-02 3.462105921777551901e-04 5.053121771590458455e-04
1.235000000000000098e+00 1.104463681501680172e+00 1.061095785444362075e-02 3.549908491815042090e-04 5.180168737757534069e-04
1.239999999999999991e+00 1.105354122900890967e+00 1.077326276369481792e-02 3.639588506223581958e-04 5.309896520163052535e-04
1.245000000000000107e+00 1.106247514273852595e+00 1.093758651959222429e-02 3.731179046464937416e-04 5.442351354967863266e-04
1.250000000000000000e+00 1.107143845664148030e+00 1.110394935199087926e-02 3.824712832819317709e-04 5.577578892317006229e-04
1.255000000000000115e+00 1.108043107113107384e+00 1.127237180604823141e-02 3.920223838354347989e-04 5.715626584222954863e-04
1.260000000000000009e+00 1.108945288659413109e+00 1.144287504953423948e-02 4.017747349543781513e-04 5.856543745222875458e-04
1.265000000000000124e+00 1.109850380338708309e+00 1.161547962656367915e-02 4.117316588642278572e-04 6.000376573990058799e-04
1.270000000000000018e+00 1.110758372183210829e+00 1.179020669927752750e-02 4.218968649529301895e-04 6.147176946341370790e-04
1.275000000000000133e+00 1.111669254221331116e+00 1.196707805626636735e-02 4.322737655323426490e-04 6.296992240192393056e-04
1.280000000000000027e+00 1.112583016477296738e+00 1.214611516858042119e-02 4.428660818439117863e-04 6.449874396123012835e-04
1.284999999999999920e+00 1.113499648970778022e+00 1.232733983474678524e-02 4.536774058984402252e-04 6.605873319921748768e-04
1.290000000000000036e+00 1.114419141716522343e+00 1.251077414816017738e-02 4.647115590936697202e-04 6.765042263302332819e-04
1.294999999999999929e+00 1.115341484723989307e+00 1.269643930078744390e-02 4.759722311723638740e-04 6.927432470614594030e-04
1.300000000000000044e+00 1.116266667996994588e+00 1.288435830377758842e-02 4.874632516362618949e-04 7.093097140271415390e-04
1.304999999999999938e+00 1.117194681533353773e+00 1.307455451145188990e-02 4.991885934503184196e-04 7.262091581539705095e-04
1.310000000000000053e+00 1.118125515324534858e+00 1.326704878505009788e-02 5.111519986621998642e-04 7.434467524050092108e-04
1.314999999999999947e+00 1.119059159355313193e+00 1.346186510501476592e-02 5.233576422998826704e-04 7.610283150518590235e-04
1.320000000000000062e+00 1.119995603603431533e+00 1.365902617954822297e-02 5.358093621279398774e-04 7.789591435585678861e-04
1.324999999999999956e+00 1.120934838039265857e+00 1.385855476079014825e-02 5.485113436723047060e-04 7.972450533692947974e-04
1.330000000000000071e+00 1.121876852625492305e+00 1.406047604619244280e-02 5.614677259036120237e-04 8.158917790253339452e-04
1.334999999999999964e+00 1.122821637316764765e+00 1.426481152742674861e-02 5.746827000805709591e-04 8.349051199202636503e-04
1.340000000000000080e+00 1.123769182059389804e+00 1.447158581549672779e-02 5.881605158932503262e-04 8.542909621034545844e-04
1.344999999999999973e+00 1.124719476791012696e+00 1.468082286724470796e-02 6.019054717348400110e-04 8.740552499545718983e-04
1.350000000000000089e+00 1.125672511440304557e+00 1.489254791201620291e-02 6.159218198891276870e-04 8.942038484454995027e-04
1.354999999999999982e+00 1.126628275926654377e+00 1.510678306786989930e-02 6.302141825572425780e-04 9.147431693617879200e-04
1.360000000000000098e+00 1.127586760159866808e+00 1.532355478445224413e-02 6.447868128926567818e-04 9.356790600853286642e-04
1.364999999999999991e+00 1.128547954039863965e+00 1.554288767324581849e-02 6.596444514440150120e-04 9.570180885421861877e-04
1.370000000000000107e+00 1.129511847456391438e+00 1.576480571439581660e-02 6.747914596185806057e-04 9.787662480009282247e-04
1.375000000000000000e+00 1.130478430288730518e+00 1.598933506718267644e-02 6.902326960146437478e-04 1.000930258732838458e-03
1.380000000000000115e+00 1.131447692405412875e+00 1.621650094457586025e-02 7.059726359557060883e-04 1.023516265869770349e-03
1.385000000000000009e+00 1.132419623663941444e+00 1.644632828460684815e-02 7.220162569608403217e-04 1.046531141993296095e-03
1.390000000000000124e+00 1.133394213910515980e+00 1.667884323367351679e-02 7.383683753945714280e-04 1.069981522049316767e-03
1.395000000000000018e+00 1.134371452979762385e+00 1.691407287569948042e-02 7.550336356869894903e-04 1.093873771848787122e-03
1.400000000000000133e+00 1.135351330694467364e+00 1.715204275934891637e-02 7.720173195687207203e-04 1.118215182690197049e-03
1.405000000000000027e+00 1.136333836865317526e+00 1.739277751018201632e-02 7.893241905760679409e-04 1.143012280299076158e-03
1.409999999999999920e+00 1.137318961290643582e+00 1.763630637870925236e-02 8.069594230415710629e-04 1.168272182696652008e-03
1.415000000000000036e+00 1.138306693756168331e+00 1.788265521962575932e-02 8.249281345086497156e-04 1.194001911945829705e-03
1.419999999999999929e+00 1.139297024034760630e+00 1.813184991871023138e-02 8.432355085067732691e-04 1.220208578539366123e-03
1.425000000000000044e+00 1.140289941886192482e+00 1.838392032497676576e-02 8.618869148695730781e-04 1.246899560097370708e-03
1.429999999999999938e+00 1.141285437056903218e+00 1.863889140232327657e-02 8.808875365780859026e-04 1.274081943243390988e-03
1.435000000000000053e+00 1.142283499279765024e+00 1.889679241633325166e-02 9.002428716149776669e-04 1.301763271059610139e-03
1.439999999999999947e+00 1.143284118273856675e+00 1.915765200241654337e-02 9.199583627079554841e-04 1.329950993849308505e-03
1.445000000000000062e+00 1.144287283744239936e+00 1.942149574494754158e-02 9.400395105058453231e-04 1.358652631990598216e-03
1.449999999999999956e+00 1.145292985381740625e+00 1.968835354050961148e-02 9.604920169776062430e-04 1.387876001600035119e-03
1.455000000000000071e+00 1.146301212862736563e+00 1.995825525967063682e-02 9.813213890003636645e-04 1.417628606256555795e-03
1.459999999999999964e+00 1.147311955848947074e+00 2.023122650359152758e-02 1.002533463768277367e-03 1.447918434056331104e-03
1.465000000000000080e+00 1.148325203987230259e+00 2.050729900994148133e-02 1.024134012075654174e-03 1.478753360329742358e-03
1.469999999999999973e+00 1.149340946909383598e+00 2.078650145243301009e-02 1.046128875093436201e-03 1.510141357554746445e-03
1.475000000000000089e+00 1.150359174231948334e+00 2.106886372401434171e-02 1.068524239225545789e-03 1.542090884082207266e-03
1.479999999999999982e+00 1.151379875556021837e+00 2.135441452072153398e-02 1.091325809927107780e-03 1.574609680637862295e-03
1.485000000000000098e+00 1.152403040467071982e+00 2.164318312198480754e-02 1.114539776677664568e-03 1.607706194238650967e-03
1.489999999999999991e+00 1.153428658534756623e+00 2.193520313184696077e-02 1.138172401808649732e-03 1.641388960222014450e-03
1.495000000000000107e+00 1.154456719312749513e+00 2.223050080151542374e-02 1.162229881741200319e-03 1.675666412648308019e-03
1.500000000000000000e+00 1.155487212338569769e+00 2.252910971259077660e-02 1.186718484170693573e-03 1.710547064847516441e-03
1.505000000000000115e+00 1.156520127133416675e+00 2.283106042558234738e-02 1.211644695007350067e-03 1.746039745203511323e-03
1.510000000000000009e+00 1.157555453202008700e+00 2.313638347810909393e-02 1.237014928666541275e-03 1.782153164877212440e-03
1.515000000000000124e+00 1.158593180032429393e+00 2.344511004508016347e-02 1.262835672349198364e-03 1.818896128967089796e-03
1.520000000000000018e+00 1.159633297095975069e+00 2.375727312297364752e-02 1.289113489937152848e-03 1.856277530176508525e-03
1.525000000000000133e+00 1.160675793847010029e+00 2.407290266384574245e-02 1.315855323406813155e-03 1.894306822736317774e-03
1.530000000000000027e+00 1.161720659722826676e+00 2.439203229323210625e-02 1.343067736985151380e-03 1.932992873485915673e-03
1.535000000000000142e+00 1.162767884143507846e+00 2.471469381446687527e-02 1.370757677506157304e-03 1.972345103953129439e-03
1.540000000000000036e+00 1.163817456511797577e+00 2.504091901507621981e-02 1.398932175693159540e-03 2.012373046176479767e-03
1.544999999999999929e+00 1.164869366212974766e+00 2.537074340187078433e-02 1.427598021478099222e-03 2.053085872395302332e-03
1.550000000000000044e+00 1.165923602614732379e+00 2.570419753258897794e-02 1.456762400853329380e-03 2.094493299650567603e-03
1.554999999999999938e+00 1.166980155067061542e+00 2.604131629045517912e-02 1.486432585445216599e-03 2.136605172681933177e-03
1.560000000000000053e+00 1.168039012902141183e+00 2.638213212936420943e-02 1.516615596697653981e-03 2.179430946440743481e-03
1.564999999999999947e+00 1.169100165434231231e+00 2.672668053866586110e-02 1.547319205427436254e-03 2.222981169897518105e-03
1.570000000000000062e+00 1.170163601959574473e+00 2.707499457174257149e-02 1.578550596612546004e-03 2.267265501105546026e-03
1.574999999999999956e+00 1.171229311756297298e+00 2.742710850993847899e-02 1.610317033660426875e-03 2.312293715618039640e-03
1.580000000000000071e+00 1.172297284084322211e+00 2.778305666472459870e-02 1.642626543352509799e-03 2.358076668961018706e-03
1.584999999999999964e+00 1.173367508185281460e+00 2.814287574639892306e-02 1.675486559988243829e-03 2.404624358032053828e-03
1.590000000000000080e+00 1.174439973282435989e+00 2.850660010967202146e-02 1.708905292749569958e-03 2.451947882316985426e-03
1.594999999999999973e+00 1.175514668580601496e+00 2.887426585033940618e-02 1.742889988547898991e-03 2.500056924871332364e-03
1.600000000000000089e+00 1.176591583266077601e+00 2.924590732108216240e-02 1.777448677491217472e-03 2.548962285103651294e-03
1.604999999999999982e+00 1.177670706506583453e+00 2.962156064562725469e-02 1.812589841834059360e-03 2.598675416044100156e-03
1.610000000000000098e+00 1.178752027451198003e+00 3.000126445166263062e-02 1.848321338476361731e-03 2.649206847788453893e-03
1.614999999999999991e+00 1.179835535230304933e+00 3.038505304559254924e-02 1.884651471423735543e-03 2.700567723008348141e-03
1.620000000000000107e+00 1.180921218955544472e+00 3.077296263970879034e-02 1.921588639249858024e-03 2.752769332868245516e-03
1.625000000000000000e+00 1.182009067719768769e+00 3.116503304360903129e-02 1.959140952099191427e-03 2.805822510448232644e-03
1.630000000000000115e+00 1.183099070597002811e+00 3.156130048146555539e-02 1.997316990430217723e-03 2.859738763521830086e-03
1.635000000000000009e+00 1.184191216642411337e+00 3.196180110388038148e-02 2.036125807197544657e-03 2.914530280715872234e-03
1.640000000000000124e+00 1.185285494892271307e+00 3.236657603698649827e-02 2.075575405501238133e-03 2.970207672094688379e-03
1.645000000000000018e+00 1.186381894363947032e+00 3.277566021636253019e-02 2.115675027595565610e-03 3.026783366848275186e-03
1.650000000000000133e+00 1.187480404055874628e+00 3.318909479488243303e-02 2.156433636565722577e-03 3.084269363064483585e-03
1.655000000000000027e+00 1.188581012947548476e+00 3.360691593623156559e-02 2.197859894355001439e-03 3.142677189388644928e-03
1.660000000000000142e+00 1.189683709999514560e+00 3.402916602399461837e-02 2.239963353897892091e-03 3.202019669218908980e-03
1.665000000000000036e+00 1.190788484153369131e+00 3.445588246315473696e-02 2.282752457842539794e-03 3.262307954850934312e-03
1.669999999999999929e+00 1.191895324331762041e+00 3.488710643561532959e-02 2.326237362744638243e-03 3.323555732329236921e-03
1.675000000000000044e+00 1.193004219438406732e+00 3.532287534400879031e-02 2.370426705883437336e-03 3.385774403121916739e-03
1.679999999999999938e+00 1.194115158358093565e+00 3.576323281540815663e-02 2.415330025441636899e-03 3.448976683782950265e-03
1.685000000000000053e+00 1.195228129956711127e+00 3.620821630896174648e-02 2.460957812830422489e-03 3.513176644639247597e-03
1.689999999999999947e+00 1.196343123081270665e+00 3.665786942124050346e-02 2.507318555024672622e-03 3.578385466348776335e-03
1.695000000000000062e+00 1.197460126559938276e+00 3.711223086667812116e-02 2.554422956345827819e-03 3.644617452076843577e-03
1.699999999999999956e+00 1.198579129202069993e+00 3.757134302694591088e-02 2.602280552208779355e-03 3.711885256239747140e-03
1.705000000000000071e+00 1.199700119798254416e+00 3.803524953415659410e-02 2.650901407852573975e-03 3.780202245786048500e-03
1.709999999999999964e+00 1.200823087120360011e+00 3.850399156615239016e-02 2.700295243606053858e-03 3.849581283078073492e-03
1.715000000000000080e+00 1.201948019921588173e+00 3.897761028190604993e-02 2.750473225488784135e-03 3.920037303874964602e-03
1.719999999999999973e+00 1.203074906936531852e+00 3.945615057209530402e-02 2.801444852126249493e-03 3.991582763564446509e-03
1.725000000000000089e+00 1.204203736881238829e+00 3.993965116405388122e-02 2.853221055057833695e-03 4.064232250500184052e-03
1.729999999999999982e+00 1.205334498453282777e+00 4.042816182610343284e-02 2.905811987091637492e-03 4.137999135754326027e-03
1.735000000000000098e+00 1.206467180331836975e+00 4.092172135329775334e-02 2.959228350307818722e-03 4.212897586594015718e-03
1.739999999999999991e+00 1.207601771177756689e+00 4.142037580639233718e-02 3.013481435348576778e-03 4.288942612217680646e-03
1.745000000000000107e+00 1.208738259633664436e+00 4.192417013147928251e-02 3.068581704481688609e-03 4.366147983855303560e-03
1.750000000000000000e+00 1.209876634324042799e+00 4.243314796973884917e-02 3.124540201657508270e-03 4.444528303988897963e-03
1.755000000000000115e+00 1.211016883855332349e+00 4.294735300282008506e-02 3.181368085613112476e-03 4.524098295672848019e-03
1.760000000000000009e+00 1.212158996816034451e+00 4.346683260653257108e-02 3.239076629812603133e-03 4.604872849028221297e-03
1.765000000000000124e+00 1.213302961776821398e+00 4.399163294925549639e-02 3.297677219420488449e-03 4.686866969288685375e-03
1.770000000000000018e+00 1.214448767290650766e+00 4.452179892798637656e-02 3.357181360489291510e-03 4.770095838876126787e-03
1.775000000000000133e+00 1.215596401892885980e+00 4.505737424870843999e-02 3.417600672590116219e-03 4.854574755220163705e-03
1.780000000000000027e+00 1.216745854101423552e+00 4.559840997183909478e-02 3.478946903026775006e-03 4.940319183187103814e-03
1.785000000000000142e+00 1.217897112416823635e+00 4.614495230642323004e-02 3.541231396820141569e-03 5.027343969828322774e-03
1.790000000000000036e+00 1.219050165322449919e+00 4.669704863177209786e-02 3.604466638708456964e-03 5.115665651493596193e-03
1.794999999999999929e+00 1.220205001284612623e+00 4.725474389322596031e-02 3.668664728424691959e-03 5.205300054834940786e-03
1.800000000000000044e+00 1.221361608752716377e+00 4.781808801636940054e-02 3.733837369115979802e-03 5.296262525825454724e-03
1.804999999999999938e+00 1.222519976159418986e+00 4.838713205335860856e-02 3.799997421410716489e-03 5.388569997192011428e-03
1.810000000000000053e+00 1.223680091920789526e+00 4.896191973098877603e-02 3.867157347435411143e-03 5.482238816056205638e-03
1.814999999999999947e+00 1.224841944436477315e+00 4.954250099638948801e-02 3.935329213627687152e-03 5.577284706917437843e-03
1.820000000000000062e+00 1.226005522089884225e+00 5.012892938772470219e-02 4.004526267117652222e-03 5.673725136225413017e-03
1.824999999999999956e+00 1.227170813248343206e+00 5.072125237530232533e-02 4.074761347308658056e-03 5.771576868403047005e-03
1.830000000000000071e+00 1.228337806263303689e+00 5.131951864292843418e-02 4.146046890216585797e-03 5.870856113324416509e-03
1.834999999999999964e+00 1.229506489470522324e+00 5.192377930534593927e-02 4.218396524935358327e-03 5.971580753081773794e-03
1.840000000000000080e+00 1.230676851190258825e+00 5.253408799556587294e-02 4.291823494014395529e-03 6.073768114473729329e-03
1.844999999999999973e+00 1.231848879727479362e+00 5.315049339294784791e-02 4.366340587628032843e-03 6.177434780363321581e-03
1.850000000000000089e+00 1.233022563372064173e+00 5.377304670489727739e-02 4.441961858177669899e-03 6.282599194863759499e-03
1.854999999999999982e+00 1.234197890399023168e+00 5.440180147615530926e-02 4.518700353591988648e-03 6.389278259982539808e-03
1.860000000000000098e+00 1.235374849068715752e+00 5.503680893905416732e-02 4.596570969676683910e-03 6.497491557847733488e-03
1.864999999999999991e+00 1.236553427627077095e+00 5.567812393346580763e-02 4.675586451168929278e-03 6.607255546811092312e-03
1.870000000000000107e+00 1.237733614305851271e+00 5.632579644302226907e-02 4.755761389283512386e-03 6.718589251356453518e-03
1.875000000000000000e+00 1.238915397322829737e+00 5.697988134885463574e-02 4.837109950873838028e-03 6.831511135347380186e-03
1.880000000000000115e+00 1.240098764882095139e+00 5.764043347039372184e-02 4.919646430274400919e-03 6.946039760111144372e-03
1.885000000000000009e+00 1.241283705174272667e+00 5.830750780852070325e-02 5.003385269559883046e-03 7.062193875185646640e-03
1.890000000000000124e+00 1.242470206376787178e+00 5.898115670383860532e-02 5.088341027991361530e-03 7.179992356610235757e-03
1.895000000000000018e+00 1.243658256654124994e+00 5.966143512372674290e-02 5.174528430155734236e-03 7.299454328942326861e-03
1.900000000000000133e+00 1.244847844158103012e+00 6.034840038601623630e-02 5.261962944352401202e-03 7.420599933653736734e-03
1.905000000000000027e+00 1.246038957028144711e+00 6.104210745460612181e-02 5.350658952475530195e-03 7.543447695324784728e-03
1.910000000000000142e+00 1.247231583391559262e+00 6.174261369758411028e-02 5.440631598383434409e-03 7.668017221861917788e-03
1.915000000000000036e+00 1.248425711363831514e+00 6.244997407294062414e-02 5.531895518157596905e-03 7.794327313418253356e-03
1.919999999999999929e+00 1.249621329048912655e+00 6.316424592035779773e-02 5.624468046074856259e-03 7.922400714971425395e-03
1.925000000000000044e+00 1.250818424539521745e+00 6.388548418962515518e-02 5.718364134567105808e-03 8.052256591723047988e-03
1.929999999999999938e+00 1.252016985917450365e+00 6.461375122502649448e-02 5.813598864734471211e-03 8.183914380872849351e-03
1.935000000000000053e+00 1.253217001253874363e+00 6.534910446319790178e-02 5.910190063814114644e-03 8.317397344656815919e-03
1.939999999999999947e+00 1.254418458609672937e+00 6.609160374923835068e-02 6.008150485336691271e-03 8.452721384444536815e-03
1.945000000000000062e+00 1.255621346035752151e+00 6.684130408293578740e-02 6.107499591310282597e-03 8.589912160823172382e-03
1.949999999999999956e+00 1.256825651573374891e+00 6.759826287176015636e-02 6.208251726266343640e-03 8.728987745403725407e-03
1.955000000000000071e+00 1.258031363254499713e+00 6.836254988448475789e-02 6.310425373915247438e-03 8.869972299812536182e-03
1.959999999999999964e+00 1.259238469102119673e+00 6.913421759409858758e-02 6.414035160472989286e-03 9.012884239915275666e-03
1.965000000000000080e+00 1.260446957130616275e+00 6.991332843472779224e-02 6.519098529824528948e-03 9.157746146647705726e-03
1.969999999999999973e+00 1.261656815346111182e+00 7.069994226347740829e-02 6.625634505516547930e-03 9.304582726427219203e-03
1.975000000000000089e+00 1.262868031746829489e+00 7.149412399608490176e-02 6.733656730193970583e-03 9.453410915691096497e-03
1.979999999999999982e+00 1.264080594323466533e+00 7.229593351427597570e-02 6.843185943532554064e-03 9.604257893956379133e-03
1.985000000000000098e+00 1.265294491059563597e+00 7.310543572391478562e-02 6.954237467254881754e-03 9.757143020926544591e-03
1.989999999999999991e+00 1.266509709931886274e+00 7.392269053124522760e-02 7.066831023066031704e-03 9.912091726258212901e-03
1.995000000000000107e+00 1.267726238910813485e+00 7.474776284148056116e-02 7.180982208688797830e-03 1.006912375366536203e-02
2.000000000000000000e+00 1.268944065960727619e+00 7.558071501137600401e-02 7.296711103494435240e-03 1.022826510503510936e-02
2.004999999999999893e+00 1.270163179040415979e+00 7.642161207461055372e-02 7.414033590791188968e-03 1.038953565329111053e-02
2.010000000000000231e+00 1.271383566103475360e+00 7.727052366169549769e-02 7.532970107962479178e-03 1.055296190656672406e-02
2.015000000000000124e+00 1.272605215098723486e+00 7.812750498386696052e-02 7.653538328094773233e-03 1.071856625099194479e-02
2.020000000000000018e+00 1.273828113970618237e+00 7.899263316055318840e-02 7.775757578254304143e-03 1.088637342395870275e-02
2.024999999999999911e+00 1.275052250659680864e+00 7.986596081890458276e-02 7.899645847529579781e-03 1.105640632467258869e-02
2.030000000000000249e+00 1.276277613102927866e+00 8.074756521593751124e-02 8.025222808138866848e-03 1.122869003977126044e-02
2.035000000000000142e+00 1.277504189234306420e+00 8.163751368643551443e-02 8.152506781124111909e-03 1.140324779316172037e-02
2.040000000000000036e+00 1.278731966985139357e+00 8.253586386300085231e-02 8.281517786125673630e-03 1.158010515825397442e-02
2.044999999999999929e+00 1.279960934284574359e+00 8.344269298386780553e-02 8.412276026677000668e-03 1.175928784228578994e-02
2.049999999999999822e+00 1.281191079060038929e+00 8.435806343126162066e-02 8.544800344226055611e-03 1.194081977192901212e-02
2.055000000000000160e+00 1.282422389237703575e+00 8.528205013941361767e-02 8.679111300786836181e-03 1.212472701478715421e-02
2.060000000000000053e+00 1.283654852742951435e+00 8.621471553901796647e-02 8.815229661399290317e-03 1.231103618275201581e-02
2.064999999999999947e+00 1.284888457500850345e+00 8.715613200824488815e-02 8.953174780911671640e-03 1.249977158282099612e-02
2.069999999999999840e+00 1.286123191436637780e+00 8.810637934733281385e-02 9.092966165460906330e-03 1.269095768842397678e-02
2.075000000000000178e+00 1.287359042476205584e+00 8.906551256085244728e-02 9.234626741565714336e-03 1.288462409995857171e-02
2.080000000000000071e+00 1.288595998546594679e+00 9.003361397447880166e-02 9.378174739074145172e-03 1.308079319732642458e-02
2.084999999999999964e+00 1.289834047576496001e+00 9.101074854501395306e-02 9.523633497717788957e-03 1.327949516651808111e-02
2.089999999999999858e+00 1.291073177496757207e+00 9.199699605625415166e-02 9.671023240840790833e-03 1.348075516486195967e-02
2.095000000000000195e+00 1.292313376240894485e+00 9.299242160698713289e-02 9.820367732501557659e-03 1.368460365048532711e-02
2.100000000000000089e+00 1.293554631745612582e+00 9.399710490051159384e-02 9.971684189122878572e-03 1.389106166483692131e-02
2.104999999999999982e+00 1.294796931951329721e+00 9.501111335747428055e-02 1.012499846266726872e-02 1.410016241848273573e-02
2.109999999999999876e+00 1.296040264802710951e+00 9.603452695707995201e-02 1.028032980457652124e-02 1.431192979319481466e-02
2.115000000000000213e+00 1.297284618249205046e+00 9.706741801891390076e-02 1.043770105463437403e-02 1.452639254603182994e-02
2.120000000000000107e+00 1.298529980245588522e+00 9.810986389308958000e-02 1.059713702106820921e-02 1.474358230777158413e-02
2.125000000000000000e+00 1.299776338752518745e+00 9.916193710135146056e-02 1.075865569295015797e-02 1.496352097892801429e-02
2.129999999999999893e+00 1.301023681737088600e+00 1.002237174425435612e-01 1.092228585550269679e-02 1.518624574347570214e-02
2.135000000000000231e+00 1.302271997173391371e+00 1.012952748466582065e-01 1.108804582670511879e-02 1.541177878246843998e-02
2.140000000000000124e+00 1.303521273043090511e+00 1.023766991333483339e-01 1.125595947507788790e-02 1.564015008245926708e-02
2.145000000000000018e+00 1.304771497335994956e+00 1.034680602193353560e-01 1.142605269603972490e-02 1.587139265301648269e-02
2.149999999999999911e+00 1.306022658050641327e+00 1.045694331181076797e-01 1.159834610535148865e-02 1.610553174497657281e-02
2.155000000000000249e+00 1.307274743194883682e+00 1.056809025943442198e-01 1.177286604746011212e-02 1.634260083000768290e-02
2.160000000000000142e+00 1.308527740786487481e+00 1.068025485174801253e-01 1.194963538608213860e-02 1.658262820263640969e-02
2.165000000000000036e+00 1.309781638853730668e+00 1.079344508335216418e-01 1.212867716577986817e-02 1.682564255093211072e-02
2.169999999999999929e+00 1.311036425436011399e+00 1.090766893256832071e-01 1.231001837001027832e-02 1.707167789591206714e-02
2.175000000000000266e+00 1.312292088584462002e+00 1.102293341936139148e-01 1.249368246768745028e-02 1.732076351038755804e-02
2.180000000000000160e+00 1.313548616362568033e+00 1.113924899279784414e-01 1.267969503586273937e-02 1.757293128439353300e-02
2.185000000000000053e+00 1.314805996846795111e+00 1.125662265689361119e-01 1.286807990942208726e-02 1.782821079696336741e-02
2.189999999999999947e+00 1.316064218127219965e+00 1.137506191353968993e-01 1.305886308458688652e-02 1.808663442029261048e-02
2.194999999999999840e+00 1.317323268308171258e+00 1.149457623895620145e-01 1.325206882192000481e-02 1.834823224054502044e-02
2.200000000000000178e+00 1.318583135508872406e+00 1.161517411360927371e-01 1.344772551133947142e-02 1.861303994920925770e-02
2.205000000000000071e+00 1.319843807864092611e+00 1.173686353240964292e-01 1.364585784112208426e-02 1.888108811786351829e-02
2.209999999999999964e+00 1.321105273524805224e+00 1.185965250046740332e-01 1.384649271475222460e-02 1.915241007913070365e-02
2.214999999999999858e+00 1.322367520658849438e+00 1.198355048384322635e-01 1.404965520831746514e-02 1.942703693477068269e-02
2.220000000000000195e+00 1.323630537451601530e+00 1.210856598290961234e-01 1.425537266189015433e-02 1.970500251296016317e-02
2.225000000000000089e+00 1.324894312106648098e+00 1.223470747169663753e-01 1.446367267028423817e-02 1.998634114564135089e-02
2.229999999999999982e+00 1.326158832846469293e+00 1.236198395332036848e-01 1.467458093658590562e-02 2.027108454003040405e-02
2.234999999999999876e+00 1.327424087913126938e+00 1.249040391578859627e-01 1.488812548397985824e-02 2.055926750101061407e-02
2.240000000000000213e+00 1.328690065568957523e+00 1.261997633842504019e-01 1.510433458929834674e-02 2.085092494641274663e-02
2.245000000000000107e+00 1.329956754097271210e+00 1.275071021369984237e-01 1.532323465410259829e-02 2.114608941103825537e-02
2.250000000000000000e+00 1.331224141803060590e+00 1.288261501930393904e-01 1.554485436090349490e-02 2.144479623129905144e-02
2.254999999999999893e+00 1.332492217013710345e+00 1.301569876131220271e-01 1.576922271644820919e-02 2.174708137052912271e-02
2.260000000000000231e+00 1.333760968079716003e+00 1.314997093175890031e-01 1.599636890598574168e-02 2.205298094344022158e-02
2.265000000000000124e+00 1.335030383375409135e+00 1.328544099867357275e-01 1.622631807632228876e-02 2.236252523126692690e-02
2.270000000000000018e+00 1.336300451299685221e+00 1.342211894326564570e-01 1.645910424414541440e-02 2.267575715859480173e-02
2.274999999999999911e+00 1.337571160276742388e+00 1.356001227814073173e-01 1.669475298119173917e-02 2.299270724349134973e-02
2.280000000000000249e+00 1.338842498756821042e+00 1.369913198185113978e-01 1.693329445548217085e-02 2.331341276745274235e-02
2.285000000000000142e+00 1.340114455216953049e+00 1.383948603943816191e-01 1.717475907294236173e-02 2.363791124752117126e-02
2.290000000000000036e+00 1.341387018161716460e+00 1.398108543608615473e-01 1.741917750584436042e-02 2.396624052119885467e-02
2.294999999999999929e+00 1.342660176123993576e+00 1.412393866404942633e-01 1.766657842454187263e-02 2.429843526878503260e-02
2.300000000000000266e+00 1.343933917665737443e+00 1.426805620529789098e-01 1.791699301383615009e-02 2.463453392893315275e-02
2.305000000000000160e+00 1.345208231378743458e+00 1.441344705616944277e-01 1.817045268244273787e-02 2.497457495987092171e-02
2.310000000000000053e+00 1.346483105885426967e+00 1.456012069659270158e-01 1.842698913961325277e-02 2.531859715753845969e-02
2.314999999999999947e+00 1.347758529839606201e+00 1.470808811116888215e-01 1.868662966208718343e-02 2.566663356392022075e-02
2.319999999999999840e+00 1.349034491927291413e+00 1.485735829742647895e-01 1.894941112299680999e-02 2.601872958294386418e-02
2.325000000000000178e+00 1.350310980867478472e+00 1.500794222073682793e-01 1.921536125612632873e-02 2.637491895549900350e-02
2.330000000000000071e+00 1.351587985412951776e+00 1.515984790817631045e-01 1.948451279578081521e-02 2.673524100381379290e-02
2.334999999999999964e+00 1.352865494351088493e+00 1.531308780194693964e-01 1.975689868564510857e-02 2.709973657259050553e-02
2.339999999999999858e+00 1.354143496504671029e+00 1.546766943284258733e-01 2.003255215235493630e-02 2.746844592946283761e-02
2.345000000000000195e+00 1.355421980732705700e+00 1.562360623432247353e-01 2.031150430769358695e-02 2.784140671461904359e-02
2.350000000000000089e+00 1.356700935931243857e+00 1.578090623586729246e-01 2.059379135118377321e-02 2.821866352950540280e-02
2.354999999999999982e+00 1.357980351034212774e+00 1.593957991472705338e-01 2.087944241662175598e-02 2.860025052407844451e-02
2.359999999999999876e+00 1.359260215014249207e+00 1.609963825714826324e-01 2.116849429435354452e-02 2.898621345311591310e-02
2.365000000000000213e+00 1.360540516883539608e+00 1.626109222799135279e-01 2.146098405074355411e-02 2.937659788339843855e-02
2.370000000000000107e+00 1.361821245694665894e+00 1.642395134980680349e-01 2.175693657458237923e-02 2.977143165291042462e-02
2.375000000000000000e+00 1.363102390541456321e+00 1.658822708267331525e-01 2.205639197112159444e-02 3.017076477384153868e-02
2.379999999999999893e+00 1.364383940559842134e+00 1.675392992264039538e-01 2.235938566493672966e-02 3.057463996159045030e-02
2.385000000000000231e+00 1.365665884928720875e+00 1.692106987058985546e-01 2.266594823268065773e-02 3.098309341744134165e-02
2.390000000000000124e+00 1.366948212870820356e+00 1.708965986919401547e-01 2.297612591497871434e-02 3.139618338872482428e-02
2.395000000000000018e+00 1.368230913653576408e+00 1.725970844093489276e-01 2.328993950804120888e-02 3.181393168171297442e-02
2.399999999999999911e+00 1.369513976590007287e+00 1.743122806730888763e-01 2.360743586152616938e-02 3.223639721441798334e-02
2.405000000000000249e+00 1.370797391039600077e+00 1.760422922376511934e-01 2.392864137105814304e-02 3.266360914289562212e-02
2.410000000000000142e+00 1.372081146409197538e+00 1.777872390040569350e-01 2.425360363850180209e-02 3.309562804209329606e-02
2.415000000000000036e+00 1.373365232153893167e+00 1.795472308098293446e-01 2.458235479631541362e-02 3.353249076477281959e-02
2.419999999999999929e+00 1.374649637777930256e+00 1.813223676321246980e-01 2.491492719304002137e-02 3.397423542771150357e-02
2.425000000000000266e+00 1.375934352835608943e+00 1.831127790809055078e-01 2.525136415595785264e-02 3.442091548296198622e-02
2.430000000000000160e+00 1.377219366932191491e+00 1.849185752686881012e-01 2.559170398393001422e-02 3.487257680734529713e-02
2.435000000000000053e+00 1.378504669724822440e+00 1.867398560887061909e-01 2.593597980358950880e-02 3.532925832562696516e-02
2.439999999999999947e+00 1.379790250923445205e+00 1.885767611735020000e-01 2.628423048297486020e-02 3.579100607471462359e-02
2.444999999999999840e+00 1.381076100291728892e+00 1.904294002827410792e-01 2.663649512642168524e-02 3.625786782963765637e-02
2.450000000000000178e+00 1.382362207647998886e+00 1.922978836538506986e-01 2.699281321154535854e-02 3.672989023693631894e-02
2.455000000000000071e+00 1.383648562866170106e+00 1.941823407923494726e-01 2.735322451820932851e-02 3.720712110095821673e-02
2.459999999999999964e+00 1.384935155876690471e+00 1.960828816882782821e-01 2.771776912740711585e-02 3.768960851480953472e-02
2.464999999999999858e+00 1.386221976667483702e+00 1.979996459137270404e-01 2.808648747324279590e-02 3.817740072226743359e-02
2.470000000000000195e+00 1.387509015284901448e+00 1.999327238959149600e-01 2.845941450942621881e-02 3.867053830283129212e-02
2.475000000000000089e+00 1.388796261834676082e+00 2.018822551074584137e-01 2.883659118777750011e-02 3.916906976783997296e-02
2.479999999999999982e+00 1.390083706482882597e+00 2.038483594001417321e-01 2.921806459770114744e-02 3.967305305584425956e-02
2.484999999999999876e+00 1.391371339456903167e+00 2.058311567319693614e-01 2.960387060421795780e-02 4.018252948874483782e-02
2.490000000000000213e+00 1.392659151046396371e+00 2.078307768312865622e-01 2.999405111278337713e-02 4.069754885897353125e-02
2.495000000000000107e+00 1.393947131604270639e+00 2.098473494186928745e-01 3.038864839930584955e-02 4.121816112843461333e-02
2.500000000000000000e+00 1.395235271547664579e+00 2.118809847856035211e-01 3.078770502982294821e-02 4.174441735569777573e-02
2.504999999999999893e+00 1.396523561358930632e+00 2.139318322041948717e-01 3.119126395129255547e-02 4.227636824419218203e-02
2.510000000000000231e+00 1.397811991586621838e+00 2.160000018236336305e-01 3.159936232490781483e-02 4.281405637169845985e-02
2.515000000000000124e+00 1.399100552846486600e+00 2.180856136608064488e-01 3.201204976259734020e-02 4.335754225704451653e-02
2.520000000000000018e+00 1.400389235822465217e+00 2.201888270865348385e-01 3.242936404479501711e-02 4.390686916219489755e-02
2.524999999999999911e+00 1.401678031267691527e+00 2.223097521354976680e-01 3.285134936105881670e-02 4.446208879371790074e-02
2.530000000000000249e+00 1.402966930005501656e+00 2.244485089963250968e-01 3.327805637259361599e-02 4.502326336135228924e-02
2.535000000000000142e+00 1.404255922930439437e+00 2.266052572061584003e-01 3.370952385578653704e-02 4.559043634668862033e-02
2.540000000000000036e+00 1.405545001009279815e+00 2.287801064159072917e-01 3.414579695749394433e-02 4.616366158909455952e-02
2.544999999999999929e+00 1.406834155282040921e+00 2.309732064991948941e-01 3.458692124493538411e-02 4.674299258062154100e-02
2.550000000000000266e+00 1.408123376863012810e+00 2.331846876356633569e-01 3.503293621806974345e-02 4.732847400792454529e-02
2.555000000000000160e+00 1.409412656941783526e+00 2.354146695884234697e-01 3.548390086159938783e-02 4.792017846542705184e-02
2.560000000000000053e+00 1.410701986784272943e+00 2.376633215646733188e-01 3.593984246628934009e-02 4.851813399273094407e-02
2.564999999999999947e+00 1.411991357733769048e+00 2.399307441998455859e-01 3.640082734746578202e-02 4.912242212630009430e-02
2.569999999999999840e+00 1.413280761211968217e+00 2.422174696645923997e-01 3.686689137759540519e-02 4.973308282721258800e-02
2.575000000000000178e+00 1.414570188720020605e+00 2.445229062904513140e-01 3.733807900270759428e-02 5.035016754506094899e-02
2.580000000000000071e+00 1.415859631839580635e+00 2.468475527326061403e-01 3.781444631069831586e-02 5.097374348465812111e-02
2.584999999999999964e+00 1.417149082233858159e+00 2.491915291699177137e-01 3.829602834180077797e-02 5.160384847101311817e-02
2.589999999999999858e+00 1.418438531648677170e+00 2.515550149968361904e-01 3.878288709034467124e-02 5.224055784817343423e-02
2.595000000000000195e+00 1.419727971913536280e+00 2.539381202859137820e-01 3.927506490833285180e-02 5.288392016388663436e-02
2.600000000000000089e+00 1.421017394942674095e+00 2.563410046268009279e-01 3.977260437436331425e-02 5.353398293645759282e-02
2.604999999999999982e+00 1.422306792736138581e+00 2.587637982748569598e-01 4.027556198298008761e-02 5.419081394374433008e-02
2.609999999999999876e+00 1.423596157380858207e+00 2.612066705903928199e-01 4.078398785402122251e-02 5.485447107483890083e-02
2.615000000000000213e+00 1.424885481051721747e+00 2.636697614213508456e-01 4.129793249872634742e-02 5.552501334090813312e-02
2.620000000000000107e+00 1.426174756012655642e+00 2.661532010300084461e-01 4.181743986770205396e-02 5.620248967241708860e-02
2.625000000000000000e+00 1.427463974617710019e+00 2.686571487631870259e-01 4.234256804384558398e-02 5.688697013268203401e-02
2.629999999999999893e+00 1.428753129312145598e+00 2.711817645201268778e-01 4.287336165328539672e-02 5.757850431856519069e-02
2.635000000000000231e+00 1.430042212633526821e+00 2.737271882372573906e-01 4.340987260284635135e-02 5.827715133222068772e-02
2.640000000000000124e+00 1.431331217212814755e+00 2.762935798045748625e-01 4.395215315876613987e-02 5.898297329014294543e-02
2.645000000000000018e+00 1.432620135775467096e+00 2.788810787989736140e-01 4.450026325533015109e-02 5.969603974520416162e-02
2.649999999999999911e+00 1.433908961142540850e+00 2.814898451295531623e-01 4.505424875850966987e-02 6.041640341165430139e-02
2.655000000000000249e+00 1.435197686231796554e+00 2.841200386567194758e-01 4.561415590763807926e-02 6.114411411924446094e-02
2.660000000000000142e+00 1.436486304058808727e+00 2.867718091476992859e-01 4.618005308060287029e-02 6.187925558539299903e-02
2.665000000000000036e+00 1.437774807738079197e+00 2.894453163023418263e-01 4.675197987159002144e-02 6.262186923391992177e-02
2.669999999999999929e+00 1.439063190484150212e+00 2.921407201188223612e-01 4.732999825826119528e-02 6.337202805359005986e-02
2.675000000000000266e+00 1.440351445612727099e+00 2.948581803838597470e-01 4.791416326673743342e-02 6.412979573816923740e-02
2.680000000000000160e+00 1.441639566541798700e+00 2.975978369293377224e-01 4.850452284830152061e-02 6.489522437986484926e-02
2.685000000000000053e+00 1.442927546792763360e+00 3.003598791584373151e-01 4.910114026624673444e-02 6.566838972770684679e-02
2.689999999999999947e+00 1.444215379991559578e+00 3.031444572924610892e-01 4.970407175762201618e-02 6.644935597937107197e-02
2.694999999999999840e+00 1.445503059869796658e+00 3.059517310206931739e-01 5.031336644773590910e-02 6.723817653444516540e-02
2.700000000000000178e+00 1.446790580265890691e+00 3.087818702030512008e-01 5.092908116459193835e-02 6.803491671939988772e-02
2.705000000000000071e+00 1.448077935126202975e+00 3.116350443043239826e-01 5.155127328071962972e-02 6.883964270874670666e-02
2.709999999999999964e+00 1.449365118506182437e+00 3.145114037041455979e-01 5.218000844725782100e-02 6.965243065308028558e-02
2.714999999999999858e+00 1.450652124571508272e+00 3.174111277766950567e-01 5.281533713628294019e-02 7.047333583453176120e-02
2.720000000000000195e+00 1.451938947599239915e+00 3.203343962320221450e-01 5.345731785720586604e-02 7.130242613109336047e-02
2.725000000000000089e+00 1.453225581978965009e+00 3.232813491661836180e-01 5.410600973768966981e-02 7.213976732727862828e-02
2.729999999999999982e+00 1.454512022213955591e+00 3.262521862062353617e-01 5.476147224885727360e-02 7.298542761157417180e-02
2.734999999999999876e+00 1.455798262922322506e+00 3.292470670088623041e-01 5.542377321783390626e-02 7.383948612331583949e-02
2.740000000000000213e+00 1.457084298838174696e+00 3.322661618158029295e-01 5.609295703982062481e-02 7.470198873061356659e-02
2.745000000000000107e+00 1.458370124812782276e+00 3.353096499739541270e-01 5.676909233261583781e-02 7.557301603934381273e-02
2.750000000000000000e+00 1.459655735815740485e+00 3.383777113491465705e-01 5.745223216888597356e-02 7.645262437239307152e-02
2.754999999999999893e+00 1.460941126936137202e+00 3.414705059695573031e-01 5.814245443342978131e-02 7.734090783068542363e-02
2.760000000000000231e+00 1.462226293383724007e+00 3.445882332270412407e-01 5.883980483147860374e-02 7.823791195557662503e-02
2.765000000000000124e+00 1.463511230490086357e+00 3.477310731279377731e-01 5.954435392503248936e-02 7.914372015343827671e-02
2.770000000000000018e+00 1.464795933709824194e+00 3.508991853079813095e-01 6.025615635413389404e-02 8.005839022138606931e-02
2.774999999999999911e+00 1.466080398621724123e+00 3.540927499673708900e-01 6.097528373243540217e-02 8.098200595375748545e-02
2.780000000000000249e+00 1.467364620929943797e+00 3.573119863237378957e-01 6.170179990208632392e-02 8.191463843472483741e-02
2.785000000000000142e+00 1.468648596465194744e+00 3.605570147837941497e-01 6.243576054416750953e-02 8.285634868450378332e-02
2.790000000000000036e+00 1.469932321185927426e+00 3.638280747241245394e-01 6.317723886297663127e-02 8.380722146589666965e-02
2.794999999999999929e+00 1.471215791179520282e+00 3.671253457402503528e-01 6.392629137874705769e-02 8.476731615237850792e-02
2.800000000000000266e+00 1.472499002663467449e+00 3.704490076730024284e-01 6.468298357626595108e-02 8.573670701060334687e-02
2.805000000000000160e+00 1.473781951986576466e+00 3.737992405856906952e-01 6.544739018957050625e-02 8.671547964264163244e-02
2.810000000000000053e+00 1.475064635630160437e+00 3.771762441901416185e-01 6.621956888105459682e-02 8.770369682623545271e-02
2.814999999999999947e+00 1.476347050209237288e+00 3.805801979517765554e-01 6.699959536197372389e-02 8.870144504317142853e-02
2.819999999999999840e+00 1.477629192473728592e+00 3.840113220123072546e-01 6.778752827772939471e-02 8.970878658502437486e-02
2.825000000000000178e+00 1.478911059309663267e+00 3.874697758454002661e-01 6.858343538798908345e-02 9.072579714582884591e-02
2.830000000000000071e+00 1.480192647740382617e+00 3.909557598776353116e-01 6.938738488532322779e-02 9.175255280908281574e-02
2.834999999999999964e+00 1.481473954927746250e+00 3.944695125736292773e-01 7.019945463499281668e-02 9.278914309135126437e-02
2.839999999999999858e+00 1.482754978173340454e+00 3.980111749693691636e-01 7.101970493057575828e-02 9.383563097347354109e-02
2.845000000000000195e+00 1.484035714919693882e+00 4.015809663953308628e-01 7.184820534794310321e-02 9.489209472016818525e-02
2.850000000000000089e+00 1.485316162751484814e+00 4.051791259530725942e-01 7.268502609112732771e-02 9.595861159132007545e-02
2.854999999999999982e+00 1.486596319396762178e+00 4.088057945782926916e-01 7.353024709702085659e-02 9.703527237145977147e-02
2.859999999999999876e+00 1.487876182728162133e+00 4.124612110236591245e-01 7.438392097796335534e-02 9.812213002837053000e-02
2.865000000000000213e+00 1.489155750764126207e+00 4.161455559873835641e-01 7.524613797553975081e-02 9.921928942128523110e-02
2.870000000000000107e+00 1.490435021670126092e+00 4.198590681287280857e-01 7.611696082477630021e-02 1.003268181665789710e-01
2.875000000000000000e+00 1.491713993759884893e+00 4.236019281114587476e-01 7.699646223831629888e-02 1.014447942070944436e-01
2.879999999999999893e+00 1.492992665496607696e+00 4.273743551811052810e-01 7.788472471613958059e-02 1.025733126429933112e-01
2.885000000000000231e+00 1.494271035494205480e+00 4.311765693114302800e-01 7.878180296285910988e-02 1.037124265983454668e-01
2.890000000000000124e+00 1.495549102518527240e+00 4.350087502837944320e-01 7.968779008104774630e-02 1.048622454401484105e-01
2.895000000000000018e+00 1.496826865488593894e+00 4.388711377851750584e-01 8.060275118007351192e-02 1.060228365923081978e-01
2.899999999999999911e+00 1.498104323477830180e+00 4.427639117724935791e-01 8.152676136368947057e-02 1.071942819679532755e-01
2.905000000000000249e+00 1.499381475715303225e+00 4.466873512484205166e-01 8.245989609177936663e-02 1.083766655238138504e-01
2.910000000000000142e+00 1.500658321586958444e+00 4.506416167459010857e-01 8.340223158934061132e-02 1.095700686487521558e-01
2.915000000000000036e+00 1.501934860636862323e+00 4.546269477815025328e-01 8.435386430786015466e-02 1.107746043389719326e-01
2.919999999999999929e+00 1.503211092568443430e+00 4.586435641380790518e-01 8.531484168408919044e-02 1.119903138514441593e-01
2.925000000000000266e+00 1.504487017245737190e+00 4.626916654925365968e-01 8.628524133738478541e-02 1.132172816934179926e-01
2.930000000000000160e+00 1.505762634694630231e+00 4.667715315130313014e-01 8.726517141881492967e-02 1.144556355418290816e-01
2.935000000000000053e+00 1.507037945104112264e+00 4.708833022300635829e-01 8.825468052225793336e-02 1.157054186628367620e-01
2.939999999999999947e+00 1.508312948827522426e+00 4.750272769755391478e-01 8.925387837213034914e-02 1.169667596657212039e-01
2.944999999999999840e+00 1.509587646383803383e+00 4.792036556349297816e-01 9.026281412619174827e-02 1.182397019456855880e-01
2.950000000000000178e+00 1.510862038458753664e+00 4.834126384649463648e-01 9.128159903101322470e-02 1.195243739137011318e-01
2.955000000000000071e+00 1.512136125906285322e+00 4.876545045413521184e-01 9.231028299083848809e-02 1.208208215373445249e-01
2.959999999999999964e+00 1.513409909749681370e+00 4.919294539569099567e-01 9.334897847675729943e-02 1.221291762107497292e-01
2.964999999999999858e+00 1.514683391182853445e+00 4.962377458893641458e-01 9.439773614795803069e-02 1.234494825351603597e-01
2.970000000000000195e+00 1.515956571571605682e+00 5.005795610846560661e-01 9.545664887616922556e-02 1.247818440913265742e-01
2.975000000000000089e+00 1.517229452454897709e+00 5.049551983511113562e-01 9.652583149387175543e-02 1.261263928632496145e-01
2.979999999999999982e+00 1.518502035546109630e+00 5.093648581786097695e-01 9.760531468060881788e-02 1.274831447436785559e-01
2.984999999999999876e+00 1.519774322734309235e+00 5.138088192129974807e-01 9.869523566815834037e-02 1.288522663785730271e-01
2.990000000000000213e+00 1.521046316085523209e+00 5.182872627877451732e-01 9.979564721086467416e-02 1.302338041995284579e-01
2.995000000000000107e+00 1.522318017844006111e+00 5.228004671649247870e-01 1.009066454807291541e-01 1.316278609718000148e-01
3.000000000000000000e+00 1.523589430433515579e+00 5.273486729342391488e-01 1.020283052563823595e-01 1.330345171797402970e-01
3.004999999999999893e+00 1.524860556458587313e+00 5.319321394590004193e-01 1.031607459402414106e-01 1.344539077232514146e-01
3.010000000000000231e+00 1.526131398705811604e+00 5.365510669155775236e-01 1.043039995609033044e-01 1.358860508058041539e-01
3.015000000000000124e+00 1.527401960145112314e+00 5.412057546444796197e-01 1.054582086486618997e-01 1.373311168710497354e-01
3.020000000000000018e+00 1.528672243931031183e+00 5.458964222758229123e-01 1.066234506365393436e-01 1.387891831758366612e-01
3.024999999999999911e+00 1.529942253404009023e+00 5.506233499205066551e-01 1.077998030832111181e-01 1.402603309035591050e-01
3.030000000000000249e+00 1.531211992091669805e+00 5.553867571301647210e-01 1.089873441514807167e-01 1.417446355505493916e-01
3.035000000000000142e+00 1.532481463710112957e+00 5.601869432257929882e-01 1.101861974104345054e-01 1.432422420124031259e-01
3.040000000000000036e+00 1.533750672165198337e+00 5.650241285688925030e-01 1.113964196015989061e-01 1.447531974706466051e-01
3.044999999999999929e+00 1.535019621553841640e+00 5.698985731075739691e-01 1.126181128352983646e-01 1.462776164098243958e-01
3.050000000000000266e+00 1.536288316165307810e+00 5.748105557563418788e-01 1.138514035867757013e-01 1.478156404391007539e-01
3.055000000000000160e+00 1.537556760482504448e+00 5.797602972209560113e-01 1.150963495933435277e-01 1.493673215171537616e-01
3.060000000000000053e+00 1.538824959183287211e+00 5.847481363605104843e-01 1.163530554412191970e-01 1.509327723039026459e-01
3.064999999999999947e+00 1.540092917141751672e+00 5.897742730944709466e-01 1.176216028530717855e-01 1.525120778206651984e-01
3.070000000000000284e+00 1.541360639429545376e+00 5.948389878649994467e-01 1.189021213121059517e-01 1.541053825027610125e-01
3.075000000000000178e+00 1.542628131317168361e+00 5.999425794540650392e-01 1.201946703128883437e-01 1.557127397509394662e-01
3.080000000000000071e+00 1.543895398275281439e+00 6.050853079088224229e-01 1.214993570787122057e-01 1.573342624421225078e-01
3.084999999999999964e+00 1.545162445976019150e+00 6.102673935399627325e-01 1.228162894457894144e-01 1.589700706833504229e-01
3.089999999999999858e+00 1.546429280294300046e+00 6.154891952578875891e-01 1.241455522882571466e-01 1.606202478984834203e-01
3.095000000000000195e+00 1.547695907309144969e+00 6.207509135370912201e-01 1.254872546619003604e-01 1.622849151330164608e-01
3.100000000000000089e+00 1.548962333304992001e+00 6.260528679001722274e-01 1.268415071020070062e-01 1.639641864726313347e-01
3.104999999999999982e+00 1.550228564773019402e+00 6.313953373897955856e-01 1.282083958688458591e-01 1.656581529811892162e-01
3.109999999999999876e+00 1.551494608412467890e+00 6.367785830464729457e-01 1.295880081629788294e-01 1.673668977171835770e-01
3.115000000000000213e+00 1.552760471131968911e+00 6.422029233246889790e-01 1.309804557897213950e-01 1.690905444333843932e-01
3.120000000000000107e+00 1.554026160050869576e+00 6.476685989295347667e-01 1.323858519561319225e-01 1.708292118479872168e-01
3.125000000000000000e+00 1.555291682500568706e+00 6.531759094448081893e-01 1.338043103536357969e-01 1.725830231769940604e-01
3.129999999999999893e+00 1.556557046025848434e+00 6.587251742662555420e-01 1.352358954284829939e-01 1.743520332382983984e-01
3.135000000000000231e+00 1.557822258386214909e+00 6.643166730067286974e-01 1.366807472709739846e-01 1.761364016617257555e-01
3.140000000000000124e+00 1.559087327557234559e+00 6.699506464080045021e-01 1.381389567616433667e-01 1.779362144138524060e-01
3.145000000000000018e+00 1.560352261731882795e+00 6.756274534364931084e-01 1.396106149697121934e-01 1.797515621786200390e-01
3.149999999999999911e+00 1.561617069321888263e+00 6.813473541160798286e-01 1.410958647402811017e-01 1.815826074910934507e-01
3.155000000000000249e+00 1.562881758959084433e+00 6.871106877533604829e-01 1.425947728550404359e-01 1.834294041440470702e-01
3.160000000000000142e+00 1.564146339496760740e+00 6.929176947842027312e-01 1.441074840418498093e-01 1.852921138977508819e-01
3.165000000000000036e+00 1.565410820011023496e+00 6.987687143750469509e-01 1.456340919768886466e-01 1.871708323338787672e-01
3.169999999999999929e+00 1.566675209802153468e+00 7.046640669053415573e-01 1.471747172760935474e-01 1.890656845743786674e-01
3.175000000000000266e+00 1.567939518395971676e+00 7.106040312548748128e-01 1.487294286931168663e-01 1.909767260076393469e-01
3.180000000000000160e+00 1.569203755545205192e+00 7.165888885016528098e-01 1.502984005575613291e-01 1.929041628890159898e-01
3.185000000000000053e+00 1.570467931230861369e+00 7.226189978286190474e-01 1.518817030337658858e-01 1.948480492641080364e-01
3.189999999999999947e+00 1.571732055663601191e+00 7.286946387902768496e-01 1.534794595864405475e-01 1.968085179468885004e-01
3.195000000000000284e+00 1.572996139285118833e+00 7.348162111653221418e-01 1.550917674408505142e-01 1.987856644945021900e-01
3.200000000000000178e+00 1.574260192769525224e+00 7.409839145960889217e-01 1.567187788603289778e-01 2.007796559320313423e-01
3.205000000000000071e+00 1.575524227024737378e+00 7.471980702556525467e-01 1.583605928525373130e-01 2.027905898539098251e-01
3.209999999999999964e+00 1.576788253193867284e+00 7.534590761288860739e-01 1.600173089302742435e-01 2.048185615950591509e-01
3.214999999999999858e+00 1.578052282656617233e+00 7.597672132668763512e-01 1.616890545400305468e-01 2.068637047706237686e-01
3.220000000000000195e+00 1.579316327030685141e+00 7.661228008824203517e-01 1.633759580872726491e-01 2.089261568197896268e-01
3.225000000000000089e+00 1.580580398173165202e+00 7.725262380897394143e-01 1.650781209063960087e-01 2.110060170617705788e-01
3.229999999999999982e+00 1.581844508181959430e+00 7.789777263108458305e-01 1.667957012763659208e-01 2.131034557186715361e-01
3.234999999999999876e+00 1.583108669397191415e+00 7.854776647007943868e-01 1.685287741732964806e-01 2.152185371913436507e-01
3.240000000000000213e+00 1.584372894402625409e+00 7.920263730072942820e-01 1.702774710632426469e-01 2.173513990451554911e-01
3.245000000000000107e+00 1.585637196027092743e+00 7.986242108397838546e-01 1.720419245102197403e-01 2.195021797963446764e-01
3.250000000000000000e+00 1.586901587345919129e+00 8.052714981630263447e-01 1.738222680642970419e-01 2.216710187108241470e-01
3.254999999999999893e+00 1.588166081682362174e+00 8.119685557630326178e-01 1.756185788023485461e-01 2.238579793798517736e-01
3.260000000000000231e+00 1.589430692609048013e+00 8.187157814850286597e-01 1.774310490829037190e-01 2.260632790546773796e-01
3.265000000000000124e+00 1.590695433949419924e+00 8.255134570878834843e-01 1.792597575564965351e-01 2.282869827803988838e-01
3.270000000000000018e+00 1.591960319779189614e+00 8.323619415695781010e-01 1.811048408703347379e-01 2.305292324453190045e-01
3.274999999999999911e+00 1.593225364427793389e+00 8.392615951734131441e-01 1.829664367894635602e-01 2.327901714710350900e-01
3.280000000000000249e+00 1.594490582479856755e+00 8.462127771892529182e-01 1.848446841350198933e-01 2.350699437573711137e-01
3.285000000000000142e+00 1.595755988776664358e+00 8.532158080695070312e-01 1.867396636067380766e-01 2.373686131009656031e-01
3.290000000000000036e+00 1.597021598417631694e+00 8.602710872403520614e-01 1.886515743250958554e-01 2.396864114973277782e-01
3.294999999999999929e+00 1.598287426761794583e+00 8.673789353850318573e-01 1.905804690283686986e-01 2.420233546596157193e-01
3.300000000000000266e+00 1.599553489429289543e+00 8.745396723637445247e-01 1.925265490496246568e-01 2.443796768885239390e-01
3.305000000000000160e+00 1.600819802302856587e+00 8.817537366170115076e-01 1.944899277130006376e-01 2.467554880667274797e-01
3.310000000000000053e+00 1.602086381529337800e+00 8.890214893608417990e-01 1.964707193077339653e-01 2.491508902619077870e-01
3.314999999999999947e+00 1.603353243521186133e+00 8.963432112419037479e-01 1.984690988450576177e-01 2.515660745235616114e-01
3.320000000000000284e+00 1.604620404957985969e+00 9.037193799535228056e-01 2.004851514193838613e-01 2.540011130938495398e-01
3.325000000000000178e+00 1.605887882787973897e+00 9.111502775222508621e-01 2.025190543169461954e-01 2.564561966050353248e-01
3.330000000000000071e+00 1.607155694229572163e+00 9.186363429079149601e-01 2.045709246486458743e-01 2.589314348497046558e-01
3.334999999999999964e+00 1.608423856772927873e+00 9.261778563015291565e-01 2.066409111651179575e-01 2.614269809700911495e-01
3.339999999999999858e+00 1.609692388181460876e+00 9.337752981206579594e-01 2.087291322889323619e-01 2.639429454730666258e-01
3.345000000000000195e+00 1.610961306493419842e+00 9.414290275247617634e-01 2.108357699494721182e-01 2.664795269290836099e-01
3.350000000000000089e+00 1.612230630023444355e+00 9.491393654752037223e-01 2.129609444576571475e-01 2.690368370549146571e-01
3.354999999999999982e+00 1.613500377364142535e+00 9.569067510164733781e-01 2.151048083901306862e-01 2.716150356883091366e-01
3.359999999999999876e+00 1.614770567387667999e+00 9.647315444509306781e-01 2.172675157287429770e-01 2.742142749887733211e-01
3.365000000000000213e+00 1.616041219247312144e+00 9.726141467616403746e-01 2.194491570340235675e-01 2.768346306951938174e-01
3.370000000000000107e+00 1.617312352379102647e+00 9.805549569580832570e-01 2.216499519240217320e-01 2.794763443080010568e-01
3.375000000000000000e+00 1.618583986503417060e+00 9.885543750898568849e-01 2.238699926331320644e-01 2.821394934097721796e-01
3.379999999999999893e+00 1.619856141626595081e+00 9.966127612675775849e-01 2.261094692315978316e-01 2.848242779043120843e-01
3.385000000000000231e+00 1.621128838042573905e+00 1.004730517126835698e+00 2.283684749228588606e-01 2.875307753895047225e-01
3.390000000000000124e+00 1.622402096334521149e+00 1.012908080713442516e+00 2.306472349743935724e-01 2.902592329396380122e-01
3.395000000000000018e+00 1.623675937376488410e+00 1.021145813581101125e+00 2.329458774760071738e-01 2.930097698642595283e-01
3.399999999999999911e+00 1.624950382335069499e+00 1.029444154709956871e+00 2.352644977906403478e-01 2.957824652923001230e-01
3.405000000000000249e+00 1.626225452671069327e+00 1.037803544218653284e+00 2.376033250032119903e-01 2.985775700972230773e-01
3.410000000000000142e+00 1.627501170141188780e+00 1.046224264065038323e+00 2.399624898331604861e-01 3.013952055889143611e-01
3.415000000000000036e+00 1.628777556799715365e+00 1.054706872910456728e+00 2.423421572412743086e-01 3.042355391093944927e-01
3.419999999999999929e+00 1.630054635000228513e+00 1.063251730854014143e+00 2.447424594906169038e-01 3.070986929889232830e-01
3.425000000000000266e+00 1.631332427397314877e+00 1.071859199563863774e+00 2.471635631725002669e-01 3.099848422693872174e-01
3.430000000000000160e+00 1.632610956948298497e+00 1.080529797379619739e+00 2.496056710996409078e-01 3.128941926647222926e-01
3.435000000000000053e+00 1.633890246914980304e+00 1.089263886232894274e+00 2.520688838949275423e-01 3.158268273422825678e-01
3.439999999999999947e+00 1.635170320865392934e+00 1.098061944274238533e+00 2.545534061532112036e-01 3.187829663148815107e-01
3.445000000000000284e+00 1.636451202675564431e+00 1.106924334217795014e+00 2.570593748352271724e-01 3.217627353365016818e-01
3.450000000000000178e+00 1.637732916531301264e+00 1.115851535612608414e+00 2.595869624631046424e-01 3.247663024711887059e-01
3.455000000000000071e+00 1.639015486929979559e+00 1.124843947959451196e+00 2.621363774926368517e-01 3.277938971320990547e-01
3.459999999999999964e+00 1.640298938682350771e+00 1.133902012329655040e+00 2.647077251591555269e-01 3.308455942253473170e-01
3.464999999999999858e+00 1.641583296914366441e+00 1.143026169602112452e+00 2.673012159367378904e-01 3.339216246609792993e-01
3.470000000000000195e+00 1.642868587069010289e+00 1.152216899128309713e+00 2.699169919230540726e-01 3.370221126797379174e-01
3.475000000000000089e+00 1.644154834908149621e+00 1.161474640609308384e+00 2.725552667245123573e-01 3.401472928327642364e-01
3.479999999999999982e+00 1.645442066514400281e+00 1.170799796650219493e+00 2.752161490104421682e-01 3.432972355285114352e-01
3.484999999999999876e+00 1.646730308293007594e+00 1.180192806437550201e+00 2.778998900838054453e-01 3.464722325675698156e-01
3.490000000000000213e+00 1.648019586973742623e+00 1.189654191728551025e+00 2.806066368145909706e-01 3.496724052626873913e-01
3.495000000000000107e+00 1.649309929612814640e+00 1.199184351380565561e+00 2.833365352990310782e-01 3.528979004456644364e-01
3.500000000000000000e+00 1.650601363594798476e+00 1.208783765721877845e+00 2.860897702439804124e-01 3.561488906101976659e-01
3.504999999999999893e+00 1.651893916634581849e+00 1.218459021746291393e+00 2.888643358558857233e-01 3.594206030138144548e-01
3.510000000000000231e+00 1.653187616779326907e+00 1.228204689348076251e+00 2.916626029884530347e-01 3.627181213889867362e-01
3.515000000000000124e+00 1.654482492410449757e+00 1.238021173598035540e+00 2.944846848098460756e-01 3.660415373927035088e-01
3.520000000000000018e+00 1.655778572245619973e+00 1.247908958771741128e+00 2.973308442241211491e-01 3.693911337297107189e-01
3.524999999999999911e+00 1.657075885340773880e+00 1.257868490514117310e+00 3.002011963246074555e-01 3.727670035733667286e-01
3.530000000000000249e+00 1.658374461092151142e+00 1.267900371993752717e+00 3.030959693739583294e-01 3.761693805225682641e-01
3.535000000000000142e+00 1.659674329238346902e+00 1.278004932173725239e+00 3.060153567531141983e-01 3.795984501026730684e-01
3.540000000000000036e+00 1.660975519862385452e+00 1.288182733875248953e+00 3.089595132115017240e-01 3.830543651232150015e-01
3.544999999999999929e+00 1.662278063393811456e+00 1.298434262423147301e+00 3.119286719890799198e-01 3.865373642347820771e-01
3.550000000000000266e+00 1.663581990610803807e+00 1.308760083809605179e+00 3.149229915759661491e-01 3.900475831582829178e-01
3.555000000000000160e+00 1.664887332642308815e+00 1.319160485422078644e+00 3.179426688977791127e-01 3.935852235277800260e-01
3.560000000000000053e+00 1.666194120970192039e+00 1.329636150787000481e+00 3.209879412982413194e-01 3.971505349386927897e-01
3.564999999999999947e+00 1.667502387431416100e+00 1.340187447978797186e+00 3.240589707209549641e-01 4.007436554777422111e-01
3.570000000000000284e+00 1.668812164220237593e+00 1.350814981209717658e+00 3.271559582708459812e-01 4.043647912109569753e-01
3.575000000000000178e+00 1.670123483890425531e+00 1.361519158429037368e+00 3.302791076098937073e-01 4.080141291581409480e-01
3.580000000000000071e+00 1.671436379357503110e+00 1.372300585387906668e+00 3.334286613172882108e-01 4.116919370966836134e-01
3.584999999999999964e+00 1.672750883901015451e+00 1.383159748437289283e+00 3.366047468286740840e-01 4.153983043309473211e-01
3.589999999999999858e+00 1.674067031166816655e+00 1.394097172794549033e+00 3.398075705601044105e-01 4.191334341524753926e-01
3.595000000000000195e+00 1.675384855169382847e+00 1.405113269599835402e+00 3.430374599821450210e-01 4.228976934931541476e-01
3.600000000000000089e+00 1.676704390294149860e+00 1.416208681807570979e+00 3.462945057335031773e-01 4.266911268416256342e-01
3.604999999999999982e+00 1.678025671299876453e+00 1.427383778952181492e+00 3.495789588790109148e-01 4.305139966647086869e-01
3.609999999999999876e+00 1.679348733321033071e+00 1.438639326319272049e+00 3.528910728444510925e-01 4.343665593120557000e-01
3.615000000000000213e+00 1.680673611870211692e+00 1.449975613559596255e+00 3.562309395320309990e-01 4.382488663484618852e-01
3.620000000000000107e+00 1.682000342840573426e+00 1.461393326348325861e+00 3.595988969089311538e-01 4.421612892183895971e-01
3.625000000000000000e+00 1.683328962508309878e+00 1.472892913769602741e+00 3.629951206323193125e-01 4.461039914865745915e-01
3.629999999999999893e+00 1.684659507535143819e+00 1.484474944427620402e+00 3.664197879148904935e-01 4.500771316964999880e-01
3.635000000000000231e+00 1.685992014970846498e+00 1.496139983608008484e+00 3.698732436260584455e-01 4.540810797745294947e-01
3.640000000000000124e+00 1.687326522255794936e+00 1.507888522799841091e+00 3.733555840769099410e-01 4.581158982705133553e-01
3.645000000000000018e+00 1.688663067223552527e+00 1.519721129309429042e+00 3.768670740684775811e-01 4.621818542866092394e-01
3.649999999999999911e+00 1.690001688103477839e+00 1.531638372182300145e+00 3.804079800251559118e-01 4.662792243102239498e-01
3.655000000000000249e+00 1.691342423523365834e+00 1.543640818744725474e+00 3.839784857424523024e-01 4.704081802422671599e-01
3.660000000000000142e+00 1.692685312512123508e+00 1.555728959862068272e+00 3.875787767701991959e-01 4.745688719693862412e-01
3.665000000000000036e+00 1.694030394502469727e+00 1.567903364607178496e+00 3.912092089257649397e-01 4.787617109088526668e-01
3.669999999999999929e+00 1.695377709333675487e+00 1.580164602724824841e+00 3.948699711707793214e-01 4.829868579056946776e-01
3.675000000000000266e+00 1.696727297254325917e+00 1.592513321484736455e+00 3.985612529167242846e-01 4.872444810060341802e-01
3.680000000000000160e+00 1.698079198925130706e+00 1.604950014348591747e+00 4.022832450285438455e-01 4.915347430793475803e-01
3.685000000000000053e+00 1.699433455421752726e+00 1.617475248098771301e+00 4.060363983922294917e-01 4.958581812399820432e-01
3.689999999999999947e+00 1.700790108237682396e+00 1.630089516711186848e+00 4.098207340291720735e-01 5.002147257756979215e-01
3.695000000000000284e+00 1.702149199287140036e+00 1.642793627925231759e+00 4.136366212479419824e-01 5.046047862078638646e-01
3.700000000000000178e+00 1.703510770908022831e+00 1.655587833780924889e+00 4.174842569121214320e-01 5.090285380570581664e-01
3.705000000000000071e+00 1.704874865864877798e+00 1.668473103953670877e+00 4.213639267579577519e-01 5.134862837477696118e-01
3.709999999999999964e+00 1.706241527351919807e+00 1.681449691616617281e+00 4.252758314649070503e-01 5.179781863284951271e-01
3.714999999999999858e+00 1.707610798996081591e+00 1.694518406966316615e+00 4.292202597918545193e-01 5.225045592557630014e-01
3.720000000000000195e+00 1.708982724860113711e+00 1.707679664120519414e+00 4.331975053506273432e-01 5.270656895724401547e-01
3.725000000000000089e+00 1.710357349445704500e+00 1.720934270093646079e+00 4.372077707714289163e-01 5.316617812795145781e-01
3.729999999999999982e+00 1.711734717696661745e+00 1.734282641561945670e+00 4.412512630970818472e-01 5.362929937959802773e-01
3.734999999999999876e+00 1.713114875002117454e+00 1.747725430156617410e+00 4.453283688861665035e-01 5.409597790565815467e-01
3.740000000000000213e+00 1.714497867199787251e+00 1.761263287275542488e+00 4.494392995716156580e-01 5.456623007801835179e-01
3.745000000000000107e+00 1.715883740579261962e+00 1.774896708755165253e+00 4.535843551854417122e-01 5.504008924149241810e-01
3.750000000000000000e+00 1.717272541885350057e+00 1.788626505075383344e+00 4.577636572004351589e-01 5.551756030376334694e-01
3.754999999999999893e+00 1.718664318321458495e+00 1.802453171270238297e+00 4.619776947204536355e-01 5.599870114228466811e-01
3.760000000000000231e+00 1.720059117553022654e+00 1.816377202403003821e+00 4.662265919709159268e-01 5.648351689901101036e-01
3.765000000000000124e+00 1.721456987710977105e+00 1.830399409764945418e+00 4.705106579556407320e-01 5.697204096942434237e-01
3.770000000000000018e+00 1.722857977395276574e+00 1.844520371589822405e+00 4.748302046732889026e-01 5.746430538233260332e-01
3.774999999999999911e+00 1.724262135678464647e+00 1.858740658329731454e+00 4.791854534700838442e-01 5.796032899918286407e-01
3.780000000000000249e+00 1.725669512109285098e+00 1.873060931182181088e+00 4.835768146722115857e-01 5.846015781456861404e-01
3.785000000000000142e+00 1.727080156716347847e+00 1.887481918976612327e+00 4.880044177157894514e-01 5.896379896516540375e-01
3.790000000000000036e+00 1.728494120011841551e+00 1.902004043453217497e+00 4.924685827360443247e-01 5.947128525395997123e-01
3.794999999999999929e+00 1.729911452995299248e+00 1.916628117034647527e+00 4.969697282692928653e-01 5.998266359071064979e-01
3.800000000000000266e+00 1.731332207157411762e+00 1.931354717679643285e+00 5.015080843131470845e-01 6.049795446137156141e-01
3.805000000000000160e+00 1.732756434483898600e+00 1.946184583723765460e+00 5.060838818174906439e-01 6.101717838824296525e-01
3.810000000000000053e+00 1.734184187459427706e+00 1.961118209285899416e+00 5.106974496374393491e-01 6.154036990492988135e-01
3.814999999999999947e+00 1.735615519071593615e+00 1.976156414301234232e+00 5.153491203156198575e-01 6.206756220403374380e-01
3.820000000000000284e+00 1.737050482814948671e+00 1.991299775332262989e+00 5.200391292466761683e-01 6.259877799224091710e-01
3.825000000000000178e+00 1.738489132695088868e+00 2.006548872330744082e+00 5.247679113603724854e-01 6.313406494834616911e-01
3.830000000000000071e+00 1.739931523232801869e+00 2.021904444506015697e+00 5.295357086652594525e-01 6.367344288989577050e-01
3.834999999999999964e+00 1.741377709468272084e+00 2.037367150560837725e+00 5.343428612804954625e-01 6.421694930159230763e-01
3.839999999999999858e+00 1.742827746965340152e+00 2.052937726803187868e+00 5.391896132839562039e-01 6.476460590397320471e-01
3.845000000000000195e+00 1.744281691815829705e+00 2.068616758672927158e+00 5.440763105105355102e-01 6.531644810336736384e-01
3.850000000000000089e+00 1.745739600643932299e+00 2.084404983742416562e+00 5.490033014313071558e-01 6.587251146739395713e-01
3.854999999999999982e+00 1.747201530610656750e+00 2.100302983970787629e+00 5.539709364043657880e-01 6.643283376153220621e-01
3.859999999999999876e+00 1.748667539418339745e+00 2.116311500360379405e+00 5.589795695132278031e-01 6.699745107635939334e-01
3.865000000000000213e+00 1.750137685315223512e+00 2.132431273500617230e+00 5.640293529577814491e-01 6.756637248485378722e-01
3.870000000000000107e+00 1.751612027100100555e+00 2.148662810722185235e+00 5.691208495979114268e-01 6.813966204878159072e-01
3.875000000000000000e+00 1.753090624127023878e+00 2.165007087093690608e+00 5.742543189351446697e-01 6.871734294839844104e-01
3.879999999999999893e+00 1.754573536310083837e+00 2.181464531135987706e+00 5.794300188832764986e-01 6.929944203391223967e-01
3.885000000000000231e+00 1.756060824128258258e+00 2.198035966018349718e+00 5.846483165169703566e-01 6.988599487818266676e-01
3.890000000000000124e+00 1.757552548630337386e+00 2.214722135881391107e+00 5.899096852263803203e-01 7.047705324536244209e-01
3.895000000000000018e+00 1.759048771439909009e+00 2.231523625098468244e+00 5.952142863804622541e-01 7.107262868827234348e-01
3.899999999999999911e+00 1.760549554760425739e+00 2.248441260242670658e+00 6.005627027985886990e-01 7.167278947092244890e-01
3.905000000000000249e+00 1.762054961380348228e+00 2.265475546275795615e+00 6.059551027552758651e-01 7.227754410070589275e-01
3.910000000000000142e+00 1.763565054678360111e+00 2.282627468235393309e+00 6.113918638516957493e-01 7.288693307861149329e-01
3.915000000000000036e+00 1.765079898628665322e+00 2.299897617275901140e+00 6.168734739882673068e-01 7.350101150865745447e-01
3.919999999999999929e+00 1.766599557806353804e+00 2.317286578673225517e+00 6.224002133913901780e-01 7.411980274234952759e-01
3.925000000000000266e+00 1.768124097392861804e+00 2.334795258382027061e+00 6.279724673128566081e-01 7.474334999861731443e-01
3.930000000000000160e+00 1.769653583181507006e+00 2.352424408839467240e+00 6.335906284895356233e-01 7.537169141023226659e-01
3.935000000000000053e+00 1.771188081583099816e+00 2.370174698564464499e+00 6.392550880766635357e-01 7.600487095944987725e-01
3.939999999999999947e+00 1.772727659631656794e+00 2.388046716211015053e+00 6.449661352110440671e-01 7.664291268656868716e-01
3.945000000000000284e+00 1.774272384990179141e+00 2.406041296556660214e+00 6.507242775483038644e-01 7.728587390435917026e-01
3.950000000000000178e+00 1.775822325956536885e+00 2.424159346241045565e+00 6.565298069055010011e-01 7.793378302406205327e-01
3.955000000000000071e+00 1.777377551469432548e+00 2.442401380771579422e+00 6.623832389717504432e-01 7.858669610003167216e-01
3.959999999999999964e+00 1.778938131114458976e+00 2.460768153067366626e+00 6.682848708295603402e-01 7.924464222819345149e-01
3.965000000000000302e+00 1.780504135130244192e+00 2.479260730933078083e+00 6.742351141965902128e-01 7.990766327693092919e-01
3.970000000000000195e+00 1.782075634414699072e+00 2.497879396431137433e+00 6.802343819831817573e-01 8.057580365700784952e-01
3.975000000000000089e+00 1.783652700531359159e+00 2.516625139809930189e+00 6.862832048889651038e-01 8.124912111821321892e-01
3.979999999999999982e+00 1.785235405715812629e+00 2.535498721531144195e+00 6.923817759404891081e-01 8.192763237176957647e-01
3.984999999999999876e+00 1.786823822882243729e+00 2.554500814316353896e+00 6.985306332504183091e-01 8.261139402777027962e-01
3.990000000000000213e+00 1.788418025630066133e+00 2.573632333910338410e+00 7.047303161351103906e-01 8.330046895865772516e-01
3.995000000000000107e+00 1.790018088250662442e+00 2.592893963223374509e+00 7.109810283709823153e-01 8.399486889598787309e-01
4.000000000000000000e+00 1.791624085734228267e+00 2.612286457789382510e+00 7.172833135443820174e-01 8.469465915577687465e-01
