% raindrop T-matrix calculations using the code of Leinonen, J., "Python code for T-matrix scattering calculations". Available at https://github.com/jleinonen/pytmatrix/. 
% 
% refractive index calculations after Ray, P., 1972:  Broadband Complex Refractive Indices of Ice and Water, Appl. Opt. 11, 1836-1844 
% 
% raindrop aspect ratio estimated with the methodology of Brandes, Edward & Zhang, Guifu & Vivekanandan, Jothiram. (2005). Corrigendum. Journal of Applied Meteorology. 44. 186-. 10.1175/1520-0450(2005)44<186:C>2.0.CO;2. 
% 
% wave length: 1.795164 mm 
% temperature: 273.15 K 
% refractive index: 2.505459547042846680e+00 + 8.819110989570617676e-01 i 
% 
%r_eqv[mm]               axial ratio              ext[mm2]                 sca[mm2]                 back[mm2]
5.000000000000000104e-03 9.999900000999989436e-01 9.624844321003399033e-07 1.031419362577626475e-11 1.546809252996051088e-11
1.000000000000000021e-02 9.999900000999989436e-01 7.713432739979199720e-06 6.605424352565314209e-10 9.899945888426665680e-10
1.499999999999999944e-02 9.999900000999989436e-01 2.611100966804860306e-05 7.532166559314766925e-09 1.127724668829479038e-08
2.000000000000000042e-02 9.999900000999989436e-01 6.215882253088080543e-05 4.238447494400978555e-08 6.336676437697864893e-08
2.500000000000000139e-02 9.999900000999989436e-01 1.220892909886964661e-04 1.619946135792817709e-07 2.417393617280608212e-07
2.999999999999999889e-02 9.999900000999989436e-01 2.124554058985450111e-04 4.848389412657607321e-07 7.218664675476255808e-07
3.500000000000000333e-02 9.999900000999989436e-01 3.402313919654595766e-04 1.225912439113254344e-06 1.820337203858401954e-06
4.000000000000000083e-02 9.999900000999989436e-01 5.129232761814325227e-04 2.740060807279605207e-06 4.056074502118805743e-06
4.499999999999999833e-02 9.999900000999989436e-01 7.386900721817978282e-04 5.574269901091554220e-06 8.222561516749439086e-06
5.000000000000000278e-02 9.999900000999989436e-01 1.026476220238316424e-03 1.052942649458414961e-05 1.547095145894574158e-05
5.500000000000000028e-02 9.999900000999989436e-01 1.386156795659178017e-03 1.873211339416084803e-05 2.740384726550008394e-05
5.999999999999999778e-02 9.999900000999989436e-01 1.828695259802032725e-03 3.171708162432305180e-05 4.617948678132034361e-05
6.500000000000000222e-02 9.999900000999989436e-01 2.366316603129749521e-03 5.152099967288037880e-05 7.462582655982427226e-05
7.000000000000000666e-02 9.999900000999989436e-01 3.012693802201511263e-03 8.078823769114665840e-05 1.163640620591072826e-04
7.499999999999999722e-02 9.999900000999989436e-01 3.783152185042772467e-03 1.228892488001283084e-04 1.759406316767253304e-04
8.000000000000000167e-02 9.999900000999989436e-01 4.694887360574285726e-03 1.820522238323126949e-04 2.589667122362128925e-04
8.500000000000000611e-02 9.999900000999989436e-01 5.767204152751208117e-03 2.635086603486913896e-04 3.722639469355518453e-04
8.999999999999999667e-02 9.999900000999989436e-01 7.021768222091782745e-03 3.736530101244762850e-04 5.240142298895932027e-04
9.500000000000000111e-02 9.999900000999989436e-01 8.482876538511071110e-03 5.202167703920981996e-04 7.239114594808385107e-04
1.000000000000000056e-01 9.999900000999989436e-01 1.017774690829582711e-02 7.124573022906418446e-04 9.833128338895570902e-04
1.049999999999999961e-01 9.999900000999989436e-01 1.213681366249077902e-02 9.613600375781355609e-04 1.315384809542601962e-03
1.100000000000000006e-01 9.999900000999989436e-01 1.439404764942678328e-02 1.279854797554490524e-03 1.735241603127117473e-03
1.150000000000000050e-01 9.999900000999989436e-01 1.698727372948982683e-02 1.683042134970822758e-03 2.260067246686085773e-03
1.199999999999999956e-01 9.999900000999989436e-01 1.995850100476108044e-02 2.188430408384227800e-03 2.909219182425416567e-03
1.250000000000000000e-01 9.999900000999989436e-01 2.335424722977644946e-02 2.816179288422115002e-03 3.704304376927699399e-03
1.300000000000000044e-01 9.999900000999989436e-01 2.722585635273117033e-02 3.589342658450841734e-03 4.669215505125311368e-03
1.350000000000000089e-01 9.999900000999989436e-01 3.162978714865320728e-02 4.534110349182545775e-03 5.830124939689789419e-03
1.400000000000000133e-01 9.999900000999989436e-01 3.662788335761726910e-02 5.680038452026491859e-03 7.215421272368030547e-03
1.449999999999999900e-01 9.999900000999989436e-01 4.228757169529740595e-02 7.060256813782909979e-03 8.855573875646035112e-03
1.499999999999999944e-01 9.999900000999989436e-01 4.868202015420270562e-02 8.711649284934421672e-03 1.078292159406377300e-02
1.549999999999999989e-01 9.999900000999989436e-01 5.589016932700130447e-02 1.067499131768333970e-02 1.303137200062430209e-02
1.600000000000000033e-01 9.999900000999989436e-01 6.399666998068750945e-02 1.299502223645800092e-02 1.563598672629266592e-02
1.650000000000000078e-01 9.999900000999989436e-01 7.309166131348522610e-02 1.572045201314689611e-02 1.863247058503537945e-02
1.700000000000000122e-01 9.999900000999989436e-01 8.327035054979804729e-02 1.890386418784350750e-02 2.205652940527651554e-02
1.750000000000000167e-01 9.999900000999989436e-01 9.463237654901211771e-02 2.260151759734065069e-02 2.594312734307781601e-02
1.799999999999999933e-01 9.999900000999989436e-01 1.072809175823201816e-01 2.687299625349433285e-02 3.032560892431150623e-02
1.849999999999999978e-01 9.999900000999989436e-01 1.213214747203302524e-01 3.178072825157383235e-02 3.523475771483543240e-02
1.900000000000000022e-01 1.000338260324268314e+00 1.368809463299809348e-01 3.739846777800009958e-02 4.071450134223296435e-02
1.950000000000000067e-01 1.000344839311130496e+00 1.540258313600939288e-01 4.377556393108338745e-02 4.675713653357949778e-02
2.000000000000000111e-01 1.000357515291503407e+00 1.728763165802946478e-01 5.098605217826144426e-02 5.339378761307479737e-02
2.050000000000000155e-01 1.000376259251188893e+00 1.935278194347165026e-01 5.909519135512492083e-02 6.063471757276964191e-02
2.099999999999999922e-01 1.000401042453005207e+00 2.160663008147958586e-01 6.816580900447158364e-02 6.848267173323185908e-02
2.149999999999999967e-01 1.000431836433301802e+00 2.405647375110556430e-01 7.825663489097936520e-02 7.693219769073741943e-02
2.200000000000000011e-01 1.000468612998516083e+00 2.670792614978967361e-01 8.942045918675618765e-02 8.596919213793843828e-02
2.250000000000000056e-01 1.000511344221778787e+00 2.956452257391066762e-01 1.017022540505584660e-01 9.557085701495132701e-02
2.300000000000000100e-01 1.000560002439564444e+00 3.262731617999677924e-01 1.151371361020709361e-01 1.057058512615737800e-01
2.350000000000000144e-01 1.000614560248383578e+00 3.589450162510543496e-01 1.297483895188088210e-01 1.163348173597712060e-01
2.399999999999999911e-01 1.000674990501522643e+00 3.936109166529646042e-01 1.455455621746599426e-01 1.274111180705937152e-01
2.449999999999999956e-01 1.000741266305821942e+00 4.301866674131182844e-01 1.625227447164986905e-01 1.388817217419347494e-01
2.500000000000000000e-01 1.000813361018499714e+00 4.685525145306429495e-01 1.806571444445820296e-01 1.506880944780654152e-01
2.550000000000000044e-01 1.000891248244015541e+00 5.085530701545346588e-01 1.999080322915672836e-01 1.627669686332961219e-01
2.600000000000000089e-01 1.000974901830975039e+00 5.499991271583111185e-01 2.202162147797813163e-01 1.750508155651517850e-01
2.650000000000000133e-01 1.001064295869075416e+00 5.926713258119397087e-01 2.415041499245363099e-01 1.874680173841280217e-01
2.700000000000000178e-01 1.001159404686088994e+00 6.363251331110638676e-01 2.636765730374925898e-01 1.999425688581141503e-01
2.750000000000000222e-01 1.001260202844886926e+00 6.806981297157239652e-01 2.866220128143126544e-01 2.123934734516613188e-01
2.800000000000000266e-01 1.001366665140501100e+00 7.255179469702150996e-01 3.102149608194236241e-01 2.247341250007732771e-01
2.850000000000000311e-01 1.001478766597222014e+00 7.705114192754172198e-01 3.343185663873871616e-01 2.368713756915542812e-01
2.899999999999999800e-01 1.001596482465736404e+00 8.154135511706505079e-01 3.587880767095900092e-01 2.487052743817565470e-01
2.949999999999999845e-01 1.001719788220298835e+00 8.599763232616719488e-01 3.834743492383169139e-01 2.601288048058038038e-01
2.999999999999999889e-01 1.001848659555939935e+00 9.039766218930505026e-01 4.082281182536093844e-01 2.710289256406001046e-01
3.049999999999999933e-01 1.001983072385710605e+00 9.472223353809230417e-01 4.329035384993920599e-01 2.812875249916123033e-01
3.099999999999999978e-01 1.002123002837959964e+00 9.895571374811948928e-01 4.573621667503766641e-01 2.907836380988206848e-01
3.150000000000000022e-01 1.002268427253648841e+00 1.030863136700831406e+00 4.814762098757363606e-01 2.993959162600740020e-01
3.200000000000000067e-01 1.002419322183694117e+00 1.071061963406088946e+00 5.051314193531702967e-01 3.070054145887051167e-01
3.250000000000000111e-01 1.002575664386349930e+00 1.110114198455434353e+00 5.282293991351371121e-01 3.134984552711824191e-01
3.300000000000000155e-01 1.002737430824617970e+00 1.148017186706443260e+00 5.506891017361699170e-01 3.187693626004828307e-01
3.350000000000000200e-01 1.002904598663692415e+00 1.184802361819096816e+00 5.724480952258051980e-01 3.227229411846073148e-01
3.400000000000000244e-01 1.003077145268434833e+00 1.220531358445062331e+00 5.934626675515937144e-01 3.252760036334579330e-01
3.450000000000000289e-01 1.003255048200880628e+00 1.255291928814077362e+00 6.137079584777992425e-01 3.263591961283002774e-01
3.500000000000000333e-01 1.003438285217776782e+00 1.289193833648457410e+00 6.331774793558238024e-01 3.259177967645919272e-01
3.549999999999999822e-01 1.003626834268148693e+00 1.322364332924010677e+00 6.518820028357446006e-01 3.239120632467654692e-01
3.599999999999999867e-01 1.003820673490896542e+00 1.354944177271710348e+00 6.698485265945131051e-01 3.203175383766138640e-01
3.649999999999999911e-01 1.004019781212422524e+00 1.387083850661946949e+00 6.871191632979559705e-01 3.151252860281035795e-01
3.699999999999999956e-01 1.004224135944284502e+00 1.418939643645800386e+00 7.037492548692209082e-01 3.083417443831182325e-01
3.750000000000000000e-01 1.004433716380879638e+00 1.450670715345909967e+00 7.198062082063632072e-01 2.999889842508551840e-01
3.800000000000000044e-01 1.004648501397155336e+00 1.482435450322582282e+00 7.353673434825315214e-01 2.901051580982799138e-01
3.850000000000000089e-01 1.004868470046347273e+00 1.514389403693153335e+00 7.505187570157518806e-01 2.787452317415844427e-01
3.900000000000000133e-01 1.005093601557745631e+00 1.546682390736765056e+00 7.653533872926500115e-01 2.659821825434854348e-01
3.950000000000000178e-01 1.005323875334485528e+00 1.579456213113319407e+00 7.799690067682771843e-01 2.519081003735205160e-01
4.000000000000000222e-01 1.005559270951367434e+00 1.612842852138811178e+00 7.944667604515602832e-01 2.366361040625261369e-01
4.050000000000000266e-01 1.005799768152698448e+00 1.646962635833217004e+00 8.089493150456540382e-01 2.203021414333437566e-01
4.100000000000000311e-01 1.006045346850164002e+00 1.681922524663170826e+00 8.235187481595825920e-01 2.030664165952762723e-01
4.150000000000000355e-01 1.006295987120720881e+00 1.717814719620107011e+00 8.382748372168151718e-01 1.851151119164871628e-01
4.199999999999999845e-01 1.006551669204517108e+00 1.754715641269222637e+00 8.533132961810193651e-01 1.666612649140356839e-01
4.249999999999999889e-01 1.006812373502834479e+00 1.792684657573117235e+00 8.687237260027159680e-01 1.479449673704146262e-01
4.299999999999999933e-01 1.007078080576055967e+00 1.831762998638831297e+00 8.845875643003721089e-01 1.292323407083765807e-01
4.349999999999999978e-01 1.007348771141657329e+00 1.871973452594861698e+00 9.009767402539851089e-01 1.108136623583965696e-01
4.400000000000000022e-01 1.007624426072219359e+00 1.913319436989371125e+00 9.179517565899660836e-01 9.299992460724447463e-02
4.450000000000000067e-01 1.007905026393466796e+00 1.955785005345071603e+00 9.355604685907469298e-01 7.611786608777741658e-02
4.500000000000000111e-01 1.008190553282325652e+00 1.999334672798820156e+00 9.538367776945001486e-01 6.050388061235479481e-02
4.550000000000000155e-01 1.008480988065006079e+00 2.043913751768875020e+00 9.727997415201388165e-01 4.649646814580549181e-02
4.600000000000000200e-01 1.008776312215104998e+00 2.089449312043317075e+00 9.924532448496302672e-01 3.442765628944954859e-02
4.650000000000000244e-01 1.009076507351731156e+00 2.135851725265031753e+00 1.012786207357576851e+00 2.461418076079742098e-02
4.700000000000000289e-01 1.009381555237651273e+00 2.183016238047994051e+00 1.033772787115521563e+00 1.734800845300048244e-02
4.750000000000000333e-01 1.009691437777457068e+00 2.230825500351570234e+00 1.055373313135316016e+00 1.288743963865376756e-02
4.799999999999999822e-01 1.010006137015752481e+00 2.279153119315640019e+00 1.077536531225726568e+00 1.144906691830993063e-02
4.849999999999999867e-01 1.010325635135361333e+00 2.327866321441202757e+00 1.100200370459195831e+00 1.320074864203038545e-02
4.899999999999999911e-01 1.010649914455556075e+00 2.376830789851273718e+00 1.123295470969053689e+00 1.825649698735454241e-02
4.949999999999999956e-01 1.010978957430304748e+00 2.425913723475402684e+00 1.146746713606224377e+00 2.667324346529835119e-02
5.000000000000000000e-01 1.011312746646537475e+00 2.474988851745483220e+00 1.170476791220652180e+00 3.844960073162327630e-02
5.050000000000000044e-01 1.011651264822433394e+00 2.523939421980977205e+00 1.194408397435446467e+00 5.352662964447852528e-02
5.100000000000000089e-01 1.011994494805724676e+00 2.572662020885959411e+00 1.218466903965323089e+00 7.179097391924446625e-02
5.150000000000000133e-01 1.012342419572020980e+00 2.621069414932550856e+00 1.242582916197534582e+00 9.307901582671375407e-02
5.200000000000000178e-01 1.012695022223150554e+00 2.669092563515099936e+00 1.266694127836009098e+00 1.171825010365229319e-01
5.250000000000000222e-01 1.013052285985520662e+00 2.716682257715696824e+00 1.290747187361531934e+00 1.438556397289654509e-01
5.300000000000000266e-01 1.013414194208494434e+00 2.763809170008564742e+00 1.314698210184001459e+00 1.728215743131856774e-01
5.350000000000000311e-01 1.013780730362787486e+00 2.810464676218053182e+00 1.338514554908008858e+00 2.037793893625604591e-01
5.400000000000000355e-01 1.014151878038878962e+00 2.856658965798536176e+00 1.362173968364824628e+00 2.364113989033493624e-01
5.450000000000000400e-01 1.014527620945441466e+00 2.902420375438323763e+00 1.385665148300164518e+00 2.703885898900241780e-01
5.500000000000000444e-01 1.014907942907788518e+00 2.947793496149602621e+00 1.408987114709736588e+00 3.053763978682318969e-01
5.550000000000000488e-01 1.015292827866336012e+00 2.992836752638238007e+00 1.432148365356538999e+00 3.410388504261557263e-01
5.600000000000000533e-01 1.015682259875082316e+00 3.037620680819562491e+00 1.455166117514502977e+00 3.770427266020177637e-01
5.650000000000000577e-01 1.016076223100103704e+00 3.082224730851125472e+00 1.478065016403903531e+00 4.130598318912266365e-01
5.700000000000000622e-01 1.016474701818065096e+00 3.126735539368047601e+00 1.500876015924273110e+00 4.487696556079091570e-01
5.750000000000000666e-01 1.016877680414747243e+00 3.171244732342999306e+00 1.523635493768328963e+00 4.838610955840654260e-01
5.799999999999999600e-01 1.017285143383589441e+00 3.215846060124630146e+00 1.546383496590250317e+00 5.180331169402049296e-01
5.849999999999999645e-01 1.017697075324246692e+00 3.260634264764746604e+00 1.569163185647379999e+00 5.509970400599758511e-01
5.899999999999999689e-01 1.018113460941162618e+00 3.305702717363377729e+00 1.592019450730910668e+00 5.824763642620184312e-01
5.949999999999999734e-01 1.018534285042156151e+00 3.351142314541125877e+00 1.614998190615396290e+00 6.122087101794999597e-01
5.999999999999999778e-01 1.018959532537025314e+00 3.397039453625692929e+00 1.638145035734655641e+00 6.399469205148944351e-01
6.049999999999999822e-01 1.019389188436160998e+00 3.443475326397701597e+00 1.661504906806630100e+00 6.654605227030906400e-01
6.099999999999999867e-01 1.019823237849180497e+00 3.490524686301370583e+00 1.685121316077107245e+00 6.885376360987154332e-01
6.149999999999999911e-01 1.020261665983570154e+00 3.538254763968501138e+00 1.709035401813289834e+00 7.089865228091019045e-01
6.199999999999999956e-01 1.020704458143344873e+00 3.586724683292807470e+00 1.733285793304176980e+00 7.266383363873550882e-01
6.250000000000000000e-01 1.021151599727719406e+00 3.635984569500934516e+00 1.757907739955807624e+00 7.413489297979266590e-01
6.300000000000000044e-01 1.021603076229795626e+00 3.686075490210791727e+00 1.782933181374508624e+00 7.530014001696387904e-01
6.350000000000000089e-01 1.022058873235258902e+00 3.737028908684148831e+00 1.808390154474309286e+00 7.615083958566611910e-01
6.400000000000000133e-01 1.022518976421092685e+00 3.788866386556940302e+00 1.834302544426826609e+00 7.668138626107431355e-01
6.450000000000000178e-01 1.022983371554301524e+00 3.841600079644031496e+00 1.860690325479560370e+00 7.688951499487167718e-01
6.500000000000000222e-01 1.023452044490649859e+00 3.895232163439700468e+00 1.887568683432224725e+00 7.677635762406714859e-01
6.550000000000000266e-01 1.023924981173411908e+00 3.949756144663919777e+00 1.914949037630791828e+00 7.634662347811401739e-01
6.600000000000000311e-01 1.024402167632133542e+00 4.005156669053773655e+00 1.942838336531552468e+00 7.560853848090096641e-01
6.650000000000000355e-01 1.024883589981409493e+00 4.061410587729247901e+00 1.971239421829077854e+00 7.457378163760823853e-01
6.700000000000000400e-01 1.025369234419667430e+00 4.118487902880060503e+00 2.000151541628589325e+00 7.325743090853092943e-01
6.750000000000000444e-01 1.025859087227968924e+00 4.176352568289085632e+00 2.029570116078815545e+00 7.167770323661503129e-01
6.800000000000000488e-01 1.026353134768820174e+00 4.234963646588175479e+00 2.059487602787708482e+00 6.985577254811765613e-01
6.850000000000000533e-01 1.026851363484993174e+00 4.294276478630997040e+00 2.089893364861648006e+00 6.781540159249764832e-01
6.900000000000000577e-01 1.027353759898360641e+00 4.354244023371420802e+00 2.120774437199503204e+00 6.558262147430671263e-01
6.950000000000000622e-01 1.027860310608740946e+00 4.414817899461811024e+00 2.152115971838060915e+00 6.318533530522743025e-01
7.000000000000000666e-01 1.028371002292754355e+00 4.475949482745583019e+00 2.183901298690575921e+00 6.065289622282489246e-01
7.049999999999999600e-01 1.028885821702690384e+00 4.537591207816692673e+00 2.216112937433332597e+00 5.801574773695266085e-01
7.099999999999999645e-01 1.029404755665387139e+00 4.599697519694649905e+00 2.248732646521147682e+00 5.530487704575847152e-01
7.149999999999999689e-01 1.029927791081118427e+00 4.662225455736924040e+00 2.281741722269998274e+00 5.255154719792609619e-01
7.199999999999999734e-01 1.030454914922495746e+00 4.725135012121497446e+00 2.315121484728279277e+00 4.978683770473334991e-01
7.249999999999999778e-01 1.030986114233377604e+00 4.788391007297002844e+00 2.348853897066914609e+00 4.704128537099263041e-01
7.299999999999999822e-01 1.031521376127789047e+00 4.851962024522009642e+00 2.382921212240083797e+00 4.434463777687256414e-01
7.349999999999999867e-01 1.032060687788854958e+00 4.915821876179911953e+00 2.417307176911966504e+00 4.172551360280386534e-01
7.399999999999999911e-01 1.032604036467738684e+00 4.979948445937937507e+00 2.451995834045620715e+00 3.921118803086616200e-01
7.449999999999999956e-01 1.033151409482594651e+00 5.044324690853416726e+00 2.486972784101052714e+00 3.682736415418313425e-01
7.500000000000000000e-01 1.033702794217528753e+00 5.108938144504322487e+00 2.522224924558344128e+00 3.459807091977994964e-01
7.550000000000000044e-01 1.034258178121568061e+00 5.173780745252774871e+00 2.557740516475562220e+00 3.254551926547700202e-01
7.600000000000000089e-01 1.034817548707643198e+00 5.238848286254376596e+00 2.593508898414866870e+00 3.068996917067704500e-01
7.650000000000000133e-01 1.035380893551575587e+00 5.304140540591157915e+00 2.629520823499626569e+00 2.904965918488495724e-01
7.700000000000000178e-01 1.035948200291078702e+00 5.369660300885453097e+00 2.665768194424924520e+00 2.764081380135705035e-01
7.750000000000000222e-01 1.036519456624765523e+00 5.435413773479583988e+00 2.702244593200423761e+00 2.647760904887756506e-01
7.800000000000000266e-01 1.037094650311166655e+00 5.501409003536582354e+00 2.738944036213426525e+00 2.557207795226320024e-01
7.850000000000000311e-01 1.037673769167756666e+00 5.567656753738982722e+00 2.775862271838359430e+00 2.493421553338973640e-01
7.900000000000000355e-01 1.038256801069989743e+00 5.634169002581464802e+00 2.812995429356819344e+00 2.457190612724088064e-01
7.950000000000000400e-01 1.038843733950345127e+00 5.700959035596127933e+00 2.850340808888686794e+00 2.449100572275740850e-01
8.000000000000000444e-01 1.039434555797379867e+00 5.768041189691425430e+00 2.887896479642131808e+00 2.469529801120065315e-01
8.050000000000000488e-01 1.040029254654790458e+00 5.835430258839045869e+00 2.925661135981985073e+00 2.518658443029118121e-01
8.100000000000000533e-01 1.040627818620484257e+00 5.903141596613570741e+00 2.963634241960268145e+00 2.596464357556192981e-01
8.150000000000000577e-01 1.041230235845658436e+00 5.971190165389846705e+00 3.001815720183349967e+00 2.702738598243058510e-01
8.200000000000000622e-01 1.041836494533886492e+00 6.039590770620761440e+00 3.040205786636161367e+00 2.837075814304426125e-01
8.250000000000000666e-01 1.042446582940215416e+00 6.108357842248352654e+00 3.078805178676968346e+00 2.998889944331780688e-01
8.300000000000000711e-01 1.043060489370268407e+00 6.177505398648524881e+00 3.117615206886799051e+00 3.187415032788687985e-01
8.349999999999999645e-01 1.043678202179357140e+00 6.247046272103749409e+00 3.156637085498637418e+00 3.401712953976632758e-01
8.399999999999999689e-01 1.044299709771603135e+00 6.316993212229493615e+00 3.195872948325033658e+00 3.640680280227221455e-01
8.449999999999999734e-01 1.044925000599063569e+00 6.387357163236621282e+00 3.235324197655582878e+00 3.903050861291966767e-01
8.499999999999999778e-01 1.045554063160868408e+00 6.458148905301563047e+00 3.274993443387674841e+00 4.187415341487533693e-01
8.549999999999999822e-01 1.046186886002363758e+00 6.529377779422893546e+00 3.314882897206491652e+00 4.492217207577316462e-01
8.599999999999999867e-01 1.046823457714263217e+00 6.601052088405734430e+00 3.354994725782138421e+00 4.815770857833244767e-01
8.649999999999999911e-01 1.047463766931806317e+00 6.673179571364380891e+00 3.395331912059800672e+00 5.156269387552172567e-01
8.699999999999999956e-01 1.048107802333925420e+00 6.745766638664473014e+00 3.435897021251051786e+00 5.511794835222020295e-01
8.750000000000000000e-01 1.048755552642418598e+00 6.818818647288996893e+00 3.476692811558371954e+00 5.880331905279447824e-01
8.800000000000000044e-01 1.049407006621131844e+00 6.892340467825324168e+00 3.517722310327970892e+00 6.259777706358883309e-01
8.850000000000000089e-01 1.050062153075147497e+00 6.966336611086341613e+00 3.558988208327777958e+00 6.647965467439030940e-01
8.900000000000000133e-01 1.050720980849978670e+00 7.040808068176970025e+00 3.600493632985290127e+00 7.042638594278562980e-01
8.950000000000000178e-01 1.051383478830772988e+00 7.115757884988808790e+00 3.642241690340110694e+00 7.441522560231144112e-01
9.000000000000000222e-01 1.052049635941522787e+00 7.191187147982955885e+00 3.684235185470474683e+00 7.842302163472696375e-01
9.050000000000000266e-01 1.052719441144281065e+00 7.267096617323879570e+00 3.726477375752776489e+00 8.242643613764685240e-01
9.100000000000000311e-01 1.053392883438386107e+00 7.343485764198170784e+00 3.768970817055675493e+00 8.640210260157126232e-01
9.150000000000000355e-01 1.054069951859691656e+00 7.420354163558042337e+00 3.811718862052538181e+00 9.032678965733392795e-01
9.200000000000000400e-01 1.054750635479804632e+00 7.497700016151488178e+00 3.854723960710726427e+00 9.417747595892954626e-01
9.250000000000000444e-01 1.055434923405329073e+00 7.575521165786634370e+00 3.897988838336307715e+00 9.793165497180835732e-01
9.300000000000000488e-01 1.056122804777117841e+00 7.653815077777277764e+00 3.941516078680853852e+00 1.015673359687308874e+00
9.350000000000000533e-01 1.056814268769528553e+00 7.732578382246155790e+00 3.985307992576351044e+00 1.050632943889943105e+00
9.400000000000000577e-01 1.057509304589689725e+00 7.811807164921747315e+00 4.029366558144099386e+00 1.083991859910869549e+00
9.450000000000000622e-01 1.058207901476769797e+00 7.891497236190707198e+00 4.073693878858973605e+00 1.115556966815312023e+00
9.500000000000000666e-01 1.058910048701254603e+00 7.971643917756668252e+00 4.118291682853705282e+00 1.145146840069936944e+00
9.550000000000000711e-01 1.059615735564230832e+00 8.052241501773023558e+00 4.163160823294038693e+00 1.172593849129472954e+00
9.599999999999999645e-01 1.060324951396675930e+00 8.133284650444005948e+00 4.208302651475169576e+00 1.197744436229368326e+00
9.649999999999999689e-01 1.061037685558753330e+00 8.214767054656592293e+00 4.253717661136334982e+00 1.220461427127547793e+00
9.699999999999999734e-01 1.061753927439116119e+00 8.296682674486289599e+00 4.299406501812676140e+00 1.240624361364356387e+00
9.749999999999999778e-01 1.062473666454213594e+00 8.379024452099523401e+00 4.345368688587791794e+00 1.258131369114410036e+00
9.799999999999999822e-01 1.063196892047607145e+00 8.461785770505576565e+00 4.391604162496179242e+00 1.272899663212233357e+00
9.849999999999999867e-01 1.063923593689290348e+00 8.544959266224138261e+00 4.438111789223327719e+00 1.284866992128764762e+00
9.899999999999999911e-01 1.064653760875015509e+00 8.628538163690567586e+00 4.484890715478472067e+00 1.293991530452281102e+00
9.949999999999999956e-01 1.065387383125626419e+00 8.712514765332191047e+00 4.531939055662693505e+00 1.300253176204252403e+00
1.000000000000000000e+00 1.066124449986396217e+00 8.796882411157843862e+00 4.579255270884607043e+00 1.303654821691949239e+00
1.005000000000000115e+00 1.066864951026373021e+00 8.881642133977571518e+00 4.626842859212701775e+00 1.304232297255212059e+00
1.010000000000000009e+00 1.067608875837728233e+00 8.966779409259977740e+00 4.674693693958044349e+00 1.302022539024266123e+00
1.015000000000000124e+00 1.068356214035114826e+00 9.052287648947114462e+00 4.722805021026548644e+00 1.297094349478092434e+00
1.020000000000000018e+00 1.069106955255026969e+00 9.138160756509467575e+00 4.771173748843871465e+00 1.289539731684827162e+00
1.024999999999999911e+00 1.069861089155168976e+00 9.224393499401925212e+00 4.819797140087104914e+00 1.279470870990129239e+00
1.030000000000000027e+00 1.070618605413826918e+00 9.310980470840773293e+00 4.868671435355741650e+00 1.267022712115990712e+00
1.034999999999999920e+00 1.071379493729249344e+00 9.397917557123733445e+00 4.917793532130608547e+00 1.252349914552224330e+00
1.040000000000000036e+00 1.072143743819029771e+00 9.485200810957138629e+00 4.967159777311835001e+00 1.235626150997221506e+00
1.044999999999999929e+00 1.072911345419497398e+00 9.572827475745485870e+00 5.016766874364593676e+00 1.217043909289531545e+00
1.050000000000000044e+00 1.073682288285112474e+00 9.660798866523633066e+00 5.066611837358115267e+00 1.196813523014784275e+00
1.054999999999999938e+00 1.074456562187866782e+00 9.749107210281579228e+00 5.116690712351948278e+00 1.175157473684445453e+00
1.060000000000000053e+00 1.075234156916690775e+00 9.837755800958253971e+00 5.167001479623667848e+00 1.152315315425015863e+00
1.064999999999999947e+00 1.076015062276864054e+00 9.926744512234545681e+00 5.217540413032864421e+00 1.128538274700772392e+00
1.070000000000000062e+00 1.076799268089433603e+00 1.001607536666399056e+01 5.268305617150280895e+00 1.104086920008950479e+00
1.074999999999999956e+00 1.077586764190635593e+00 1.010575084439017601e+01 5.319294916296383846e+00 1.079230684392036288e+00
1.080000000000000071e+00 1.078377540431322945e+00 1.019577440908053667e+01 5.370506547643758566e+00 1.054245735719025356e+00
1.084999999999999964e+00 1.079171586676399119e+00 1.028615003580551424e+01 5.421938965937213695e+00 1.029412130813649240e+00
1.090000000000000080e+00 1.079968892804255898e+00 1.037688321923276291e+01 5.473591323118354168e+00 1.005011685900082385e+00
1.094999999999999973e+00 1.080769448706216718e+00 1.046797989816739971e+01 5.525463373119970711e+00 9.813264288673484437e-01
1.100000000000000089e+00 1.081573244285985780e+00 1.055944645347378774e+01 5.577554840916002732e+00 9.586365698361829502e-01
1.104999999999999982e+00 1.082380269459101152e+00 1.065129048494899244e+01 5.629866303636445579e+00 9.372165895589958939e-01
1.110000000000000098e+00 1.083190514152395201e+00 1.074351993222781587e+01 5.682399082290013226e+00 9.173349057854942590e-01
1.114999999999999991e+00 1.084003968303457022e+00 1.083614273386371529e+01 5.735154139825199948e+00 8.992511514536837280e-01
1.120000000000000107e+00 1.084820621860102863e+00 1.092916798182185190e+01 5.788133715114807565e+00 8.832130856307163214e-01
1.125000000000000000e+00 1.085640464779849657e+00 1.102260469308689572e+01 5.841340384288384868e+00 8.694562916275889730e-01
1.130000000000000115e+00 1.086463487029394992e+00 1.111646162563709339e+01 5.894776563162290373e+00 8.582009930229600458e-01
1.135000000000000009e+00 1.087289678584100638e+00 1.121074808621054864e+01 5.948445726759473473e+00 8.496500987531883098e-01
1.140000000000000124e+00 1.088119029427482509e+00 1.130547310952157325e+01 6.002351408712542913e+00 8.439879241958601064e-01
1.145000000000000018e+00 1.088951529550704622e+00 1.140064560738942845e+01 6.056497671944274686e+00 8.413786327535919263e-01
1.150000000000000133e+00 1.089787168952079055e+00 1.149627382404097808e+01 6.110888260004417205e+00 8.419640113669654147e-01
1.155000000000000027e+00 1.090625937636568565e+00 1.159236611159576746e+01 6.165527873002931258e+00 8.458631560917616588e-01
1.159999999999999920e+00 1.091467825615297427e+00 1.168892982746420905e+01 6.220420878161322165e+00 8.531703658415330516e-01
1.165000000000000036e+00 1.092312822905064262e+00 1.178597209955869474e+01 6.275572041842272242e+00 8.639553437667522040e-01
1.169999999999999929e+00 1.093160919527861763e+00 1.188349901748681248e+01 6.330985787638494955e+00 8.782606969424217036e-01
1.175000000000000044e+00 1.094012105510399513e+00 1.198151615481315702e+01 6.386667053544194061e+00 8.961034534608059987e-01
1.179999999999999938e+00 1.094866370883633921e+00 1.208002822941041821e+01 6.442620394632582403e+00 9.174722947604619927e-01
1.185000000000000053e+00 1.095723705682299487e+00 1.217903891911226033e+01 6.498850146257158400e+00 9.423297428616782545e-01
1.189999999999999947e+00 1.096584099944449830e+00 1.227855108680742369e+01 6.555360852024090690e+00 9.706115445070243597e-01
1.195000000000000062e+00 1.097447543710998508e+00 1.237856678466599192e+01 6.612156373198091686e+00 1.002225364832284527e+00
1.199999999999999956e+00 1.098314027025267592e+00 1.247908728304709669e+01 6.669241117235020333e+00 1.037054021963987216e+00
1.205000000000000071e+00 1.099183539932540254e+00 1.258011205052931736e+01 6.726617700166516833e+00 1.074954021452375397e+00
1.209999999999999964e+00 1.100056072479618674e+00 1.268164073119985247e+01 6.784290037881557822e+00 1.115758408307139238e+00
1.215000000000000080e+00 1.100931614714385054e+00 1.278367156855925124e+01 6.842260571423325999e+00 1.159275728055849886e+00
1.219999999999999973e+00 1.101810156685369746e+00 1.288620207001922324e+01 6.900531823631984807e+00 1.205294088203560321e+00
1.225000000000000089e+00 1.102691688441321372e+00 1.298922914517262406e+01 6.959106076566236254e+00 1.253581744143783983e+00
1.229999999999999982e+00 1.103576200030784493e+00 1.309274869344050352e+01 7.017984562952625183e+00 1.303886828624707395e+00
1.235000000000000098e+00 1.104463681501680172e+00 1.319675626178146999e+01 7.077168508389963364e+00 1.355943245961635624e+00
1.239999999999999991e+00 1.105354122900890967e+00 1.330124677676068323e+01 7.136658741088848679e+00 1.409469623807618532e+00
1.245000000000000107e+00 1.106247514273852595e+00 1.340621492994453945e+01 7.196455513846077956e+00 1.464172439065799525e+00
1.250000000000000000e+00 1.107143845664148030e+00 1.351165497019202455e+01 7.256558861062789134e+00 1.519750421201434998e+00
1.255000000000000115e+00 1.108043107113107384e+00 1.361756785467807163e+01 7.316967190362539064e+00 1.575873667644406506e+00
1.260000000000000009e+00 1.108945288659413109e+00 1.372393351405221651e+01 7.377681372275752381e+00 1.632268091463772608e+00
1.265000000000000124e+00 1.109850380338708309e+00 1.383075299556237425e+01 7.438699538365042940e+00 1.688597494116476527e+00
1.270000000000000018e+00 1.110758372183210829e+00 1.393802027488573714e+01 7.500020477531682772e+00 1.744546854140531567e+00
1.275000000000000133e+00 1.111669254221331116e+00 1.404572930035631728e+01 7.561641889762105606e+00 1.799804617409646479e+00
1.280000000000000027e+00 1.112583016477296738e+00 1.415387476784633591e+01 7.623562170552739659e+00 1.854064139226667240e+00
1.284999999999999920e+00 1.113499648970778022e+00 1.426245115011302822e+01 7.685778585220232273e+00 1.907027416654855090e+00
1.290000000000000036e+00 1.114419141716522343e+00 1.437145449210325587e+01 7.748289879797634505e+00 1.958406131480386003e+00
1.294999999999999929e+00 1.115341484723989307e+00 1.448088023760728760e+01 7.811092897702673454e+00 2.007925991656127174e+00
1.300000000000000044e+00 1.116266667996994588e+00 1.459072476035555255e+01 7.874185284008401453e+00 2.055325813689450332e+00
1.304999999999999938e+00 1.117194681533353773e+00 1.470098540629628658e+01 7.937564707041859791e+00 2.100363700217646734e+00
1.310000000000000053e+00 1.118125515324534858e+00 1.481165934553884966e+01 8.001228293135177694e+00 2.142814704776376367e+00
1.314999999999999947e+00 1.119059159355313193e+00 1.492274620839159027e+01 8.065174798668575562e+00 2.182475286489200972e+00
1.320000000000000062e+00 1.119995603603431533e+00 1.503424438665746798e+01 8.129400960014574906e+00 2.219163229987207497e+00
1.324999999999999956e+00 1.120934838039265857e+00 1.514615421506317894e+01 8.193904131529679447e+00 2.252719939416135020e+00
1.330000000000000071e+00 1.121876852625492305e+00 1.525847605654084660e+01 8.258684133437700581e+00 2.283011772298000341e+00
1.334999999999999964e+00 1.122821637316764765e+00 1.537121156279393475e+01 8.323738607446921733e+00 2.309930455204633137e+00
1.340000000000000080e+00 1.123769182059389804e+00 1.548436248294192374e+01 8.389065604143993937e+00 2.333393883774198763e+00
1.344999999999999973e+00 1.124719476791012696e+00 1.559793233164784532e+01 8.454664638238927665e+00 2.353345414045087125e+00
1.350000000000000089e+00 1.125672511440304557e+00 1.571192423994039267e+01 8.520534564353635432e+00 2.369756995768645957e+00
1.354999999999999982e+00 1.126628275926654377e+00 1.582634191272951441e+01 8.586674350796565491e+00 2.382627774384404429e+00
1.360000000000000098e+00 1.127586760159866808e+00 1.594119025874237749e+01 8.653084119968768917e+00 2.391983173060097112e+00
1.364999999999999991e+00 1.128547954039863965e+00 1.605647376328897025e+01 8.719763298359044512e+00 2.397875629101316797e+00
1.370000000000000107e+00 1.129511847456391438e+00 1.617219846076370615e+01 8.786712954898543870e+00 2.400384521143533512e+00
1.375000000000000000e+00 1.130478430288730518e+00 1.628836908323442145e+01 8.853932611076997361e+00 2.399613109670286182e+00
1.380000000000000115e+00 1.131447692405412875e+00 1.640499250373299844e+01 8.921424232049734115e+00 2.395693168487983193e+00
1.385000000000000009e+00 1.132419623663941444e+00 1.652207413940256941e+01 8.989188125594957057e+00 2.388776171597065012e+00
1.390000000000000124e+00 1.133394213910515980e+00 1.663962010250531875e+01 9.057225692451496002e+00 2.379039186667654793e+00
1.395000000000000018e+00 1.134371452979762385e+00 1.675763688240364502e+01 9.125538865868204397e+00 2.366678871195855294e+00
1.400000000000000133e+00 1.135351330694467364e+00 1.687613037710688602e+01 9.194129406391070347e+00 2.351913783840371863e+00
1.405000000000000027e+00 1.136333836865317526e+00 1.699510677652108015e+01 9.262999441159474046e+00 2.334979123088909869e+00
1.409999999999999920e+00 1.137318961290643582e+00 1.711457167278084057e+01 9.332151068482719580e+00 2.316127849007434847e+00
1.415000000000000036e+00 1.138306693756168331e+00 1.723452706785877098e+01 9.401585190984683038e+00 2.295637690853510104e+00
1.419999999999999929e+00 1.139297024034760630e+00 1.735498418170530499e+01 9.471306378773524770e+00 2.273767790872999850e+00
1.425000000000000044e+00 1.140289941886192482e+00 1.747594549353819104e+01 9.541316861123064541e+00 2.250818338774887462e+00
1.429999999999999938e+00 1.141285437056903218e+00 1.759741518118793735e+01 9.611618884046581712e+00 2.227090094355366201e+00
1.435000000000000053e+00 1.142283499279765024e+00 1.771939663052500080e+01 9.682214637703953741e+00 2.202887949384031874e+00
1.439999999999999947e+00 1.143284118273856675e+00 1.784189338458638119e+01 9.753106690910710697e+00 2.178523478437053296e+00
1.445000000000000062e+00 1.144287283744239936e+00 1.796490905918803804e+01 9.824298585299292341e+00 2.154308359303631182e+00
1.449999999999999956e+00 1.145292985381740625e+00 1.808844549631196941e+01 9.895792076058132380e+00 2.130555275866074183e+00
1.455000000000000071e+00 1.146301212862736563e+00 1.821250443366238159e+01 9.967589858430475402e+00 2.107575181242099305e+00
1.459999999999999964e+00 1.147311955848947074e+00 1.833708749423867346e+01 1.003969427424394567e+01 2.085673204965281524e+00
1.465000000000000080e+00 1.148325203987230259e+00 1.846219504320664484e+01 1.011210743032472337e+01 2.065149310116184189e+00
1.469999999999999973e+00 1.149340946909383598e+00 1.858782765568675543e+01 1.018483159425774964e+01 2.046293186235983441e+00
1.475000000000000089e+00 1.150359174231948334e+00 1.871398497932346316e+01 1.025786867041337125e+01 2.029385162898273531e+00
1.479999999999999982e+00 1.151379875556021837e+00 1.884066605691287677e+01 1.033122009830457166e+01 2.014691564429606618e+00
1.485000000000000098e+00 1.152403040467071982e+00 1.896786980106635312e+01 1.040488770951979802e+01 2.002465139040636277e+00
1.489999999999999991e+00 1.153428658534756623e+00 1.909559421360837561e+01 1.047887217988364306e+01 1.992941480545766586e+00
1.495000000000000107e+00 1.154456719312749513e+00 1.922383806104513937e+01 1.055317580409586320e+01 1.986338342109323252e+00
1.500000000000000000e+00 1.155487212338569769e+00 1.935259840689773725e+01 1.062779868171861608e+01 1.982854132509122680e+00
1.505000000000000115e+00 1.156520127133416675e+00 1.948187269616974149e+01 1.070274141483347030e+01 1.982666620936348156e+00
1.510000000000000009e+00 1.157555453202008700e+00 1.961165801022103494e+01 1.077800466919583400e+01 1.985931030855886625e+00
1.515000000000000124e+00 1.158593180032429393e+00 1.974195153306640549e+01 1.085358877317614201e+01 1.992779159732080307e+00
1.520000000000000018e+00 1.159633297095975069e+00 1.987274403017136137e+01 1.092949276430956118e+01 2.003303676113726173e+00
1.525000000000000133e+00 1.160675793847010029e+00 2.000404366680504609e+01 1.100571842543874723e+01 2.017618900142464256e+00
1.530000000000000027e+00 1.161720659722826676e+00 2.013584160905933373e+01 1.108226446410608901e+01 2.035768280113800621e+00
1.535000000000000142e+00 1.162767884143507846e+00 2.026813502519861032e+01 1.115913067938207348e+01 2.057784541495409680e+00
1.540000000000000036e+00 1.163817456511797577e+00 2.040091995743959430e+01 1.123631564307579467e+01 2.083675159832468093e+00
1.544999999999999929e+00 1.164869366212974766e+00 2.053419426765655231e+01 1.131381928699284956e+01 2.113420983831606925e+00
1.550000000000000044e+00 1.165923602614732379e+00 2.066795491259092898e+01 1.139164054996013320e+01 2.146978471189403326e+00
1.554999999999999938e+00 1.166980155067061542e+00 2.080219899822509788e+01 1.146977820636714362e+01 2.184278930228629179e+00
1.560000000000000053e+00 1.168039012902141183e+00 2.093692491732957350e+01 1.154823187612336710e+01 2.225227850646112504e+00
1.564999999999999947e+00 1.169100165434231231e+00 2.107212992432922505e+01 1.162699959154923235e+01 2.269708339459838520e+00
1.570000000000000062e+00 1.170163601959574473e+00 2.120781285395232274e+01 1.170608086912837464e+01 2.317580260302706030e+00
1.574999999999999956e+00 1.171229311756297298e+00 2.134397185478168879e+01 1.178547392102840519e+01 2.368680750297077253e+00
1.580000000000000071e+00 1.172297284084322211e+00 2.148060618898795227e+01 1.186517771266553112e+01 2.422827115983018587e+00
1.584999999999999964e+00 1.173367508185281460e+00 2.161771568602827642e+01 1.194519182358409637e+01 2.479816852189129062e+00
1.590000000000000080e+00 1.174439973282435989e+00 2.175529975648669634e+01 1.202551436087310677e+01 2.539429463734881320e+00
1.594999999999999973e+00 1.175514668580601496e+00 2.189335816164862791e+01 1.210614410172653166e+01 2.601428611179042338e+00
1.600000000000000089e+00 1.176591583266077601e+00 2.203189290214815799e+01 1.218708142412283024e+01 2.665561674532734848e+00
1.604999999999999982e+00 1.177670706506583453e+00 2.217090393398980552e+01 1.226832437425125732e+01 2.731565176245655202e+00
1.610000000000000098e+00 1.178752027451198003e+00 2.231039241169611387e+01 1.234987198682553355e+01 2.799160264988577840e+00
1.614999999999999991e+00 1.179835535230304933e+00 2.245035452548330213e+01 1.243172339485980160e+01 2.868070094030783501e+00
1.620000000000000107e+00 1.180921218955544472e+00 2.259080417927218321e+01 1.251387978592229189e+01 2.937988223473940952e+00
1.625000000000000000e+00 1.182009067719768769e+00 2.273173817017841003e+01 1.259634006823186425e+01 3.008622210717918577e+00
1.630000000000000115e+00 1.183099070597002811e+00 2.287315904179750348e+01 1.267910375004450785e+01 3.079669626516442271e+00
1.635000000000000009e+00 1.184191216642411337e+00 2.301506993655164734e+01 1.276217100121615999e+01 3.150827867120297388e+00
1.640000000000000124e+00 1.185285494892271307e+00 2.315747334725772788e+01 1.284554122023802769e+01 3.221790500361298548e+00
1.645000000000000018e+00 1.186381894363947032e+00 2.330037410043823698e+01 1.292921625292237486e+01 3.292259971735016943e+00
1.650000000000000133e+00 1.187480404055874628e+00 2.344377494489180691e+01 1.301319548693306061e+01 3.361937643626727201e+00
1.655000000000000027e+00 1.188581012947548476e+00 2.358767997795493443e+01 1.309748016843364127e+01 3.430533537556532231e+00
1.660000000000000142e+00 1.189683709999514560e+00 2.373209233495131087e+01 1.318207017249184076e+01 3.497766550413406339e+00
1.665000000000000036e+00 1.190788484153369131e+00 2.387701616407405680e+01 1.326696681824546253e+01 3.563364110276586505e+00
1.669999999999999929e+00 1.191895324331762041e+00 2.402245561583834998e+01 1.335217150406023912e+01 3.627065950101516556e+00
1.675000000000000044e+00 1.193004219438406732e+00 2.416841460707505007e+01 1.343768544413092059e+01 3.688625321532186252e+00
1.679999999999999938e+00 1.194115158358093565e+00 2.431489609188456313e+01 1.352350901863373522e+01 3.747811126634867485e+00
1.685000000000000053e+00 1.195228129956711127e+00 2.446190442602576454e+01 1.360964458293582879e+01 3.804407183289055361e+00
1.689999999999999947e+00 1.196343123081270665e+00 2.460944280560491038e+01 1.369609320423758447e+01 3.858219326077554800e+00
1.695000000000000062e+00 1.197460126559938276e+00 2.475751531270944028e+01 1.378285725817758767e+01 3.909066855506238891e+00
1.699999999999999956e+00 1.198579129202069993e+00 2.490612332708226972e+01 1.386993641840090952e+01 3.956793032515940389e+00
1.705000000000000071e+00 1.199700119798254416e+00 2.505527148309341356e+01 1.395733437306240532e+01 4.001264550788938834e+00
1.709999999999999964e+00 1.200823087120360011e+00 2.520496181335616015e+01 1.404505187225845830e+01 4.042366735053514404e+00
1.715000000000000080e+00 1.201948019921588173e+00 2.535518908576687735e+01 1.413308983092139393e+01 4.080020531929064553e+00
1.719999999999999973e+00 1.203074906936531852e+00 2.550597015624794039e+01 1.422145224919948348e+01 4.114137619974146176e+00
1.725000000000000089e+00 1.204203736881238829e+00 2.565729921686228820e+01 1.431013892996838877e+01 4.144685869053787108e+00
1.729999999999999982e+00 1.205334498453282777e+00 2.580917853461508926e+01 1.439915255371530023e+01 4.171646455586221158e+00
1.735000000000000098e+00 1.206467180331836975e+00 2.596160903056074432e+01 1.448849428799856653e+01 4.195027410885582064e+00
1.739999999999999991e+00 1.207601771177756689e+00 2.611459125794126734e+01 1.457816541692061207e+01 4.214859819200624358e+00
1.745000000000000107e+00 1.208738259633664436e+00 2.626812625546205737e+01 1.466816785915744958e+01 4.231195025234431029e+00
1.750000000000000000e+00 1.209876634324042799e+00 2.642221470413362638e+01 1.475850343442607482e+01 4.244116632608393225e+00
1.755000000000000115e+00 1.211016883855332349e+00 2.657685581437350919e+01 1.484917250876527994e+01 4.253726229510618850e+00
1.760000000000000009e+00 1.212158996816034451e+00 2.673204956440647351e+01 1.494017656532481908e+01 4.260146913844533145e+00
1.765000000000000124e+00 1.213302961776821398e+00 2.688779598154640382e+01 1.503151721348526060e+01 4.263528991722041361e+00
1.770000000000000018e+00 1.214448767290650766e+00 2.704409388752845800e+01 1.512319512498937257e+01 4.264038716526513895e+00
1.775000000000000133e+00 1.215596401892885980e+00 2.720094210419515335e+01 1.521521073543403801e+01 4.261864758439573464e+00
1.780000000000000027e+00 1.216745854101423552e+00 2.735834060409131041e+01 1.530756593742836991e+01 4.257214095834426004e+00
1.785000000000000142e+00 1.217897112416823635e+00 2.751628700999955157e+01 1.540026005472701520e+01 4.250311819452714523e+00
1.790000000000000036e+00 1.219050165322449919e+00 2.767478039571638249e+01 1.549329441049457401e+01 4.241396806054026136e+00
1.794999999999999929e+00 1.220205001284612623e+00 2.783381930974691798e+01 1.558666903126787240e+01 4.230724742609965894e+00
1.800000000000000044e+00 1.221361608752716377e+00 2.799340186341126469e+01 1.568038408469026379e+01 4.218562778558643700e+00
1.804999999999999938e+00 1.222519976159418986e+00 2.815352731455241297e+01 1.577444033389265243e+01 4.205187788701391760e+00
1.810000000000000053e+00 1.223680091920789526e+00 2.831419296355946358e+01 1.586883683512592214e+01 4.190890614042338314e+00
1.814999999999999947e+00 1.224841944436477315e+00 2.847539779247365743e+01 1.596357422111594815e+01 4.175961784589691916e+00
1.820000000000000062e+00 1.226005522089884225e+00 2.863714088385136236e+01 1.605865266593881557e+01 4.160703353214021405e+00
1.824999999999999956e+00 1.227170813248343206e+00 2.879941973794437970e+01 1.615407098691937549e+01 4.145420115719463006e+00
1.830000000000000071e+00 1.228337806263303689e+00 2.896223369114493806e+01 1.624982957113854098e+01 4.130418621762370179e+00
1.834999999999999964e+00 1.229506489470522324e+00 2.912558161701252146e+01 1.634592802154488567e+01 4.115998288918682135e+00
1.840000000000000080e+00 1.230676851190258825e+00 2.928946223371546154e+01 1.644236583895187209e+01 4.102469870805363961e+00
1.844999999999999973e+00 1.231848879727479362e+00 2.945387443956620288e+01 1.653914188632608528e+01 4.090124284669881760e+00
1.850000000000000089e+00 1.233022563372064173e+00 2.961880446949360035e+01 1.663625582737813957e+01 4.079206168196409799e+00
1.854999999999999982e+00 1.234197890399023168e+00 2.978427763491527003e+01 1.673370808517153918e+01 4.070096588113916170e+00
1.860000000000000098e+00 1.235374849068715752e+00 2.995028150088887386e+01 1.683149813882731394e+01 4.063024918008534492e+00
1.864999999999999991e+00 1.236553427627077095e+00 3.011681566388098474e+01 1.692962461405430474e+01 4.058253771350273986e+00
1.870000000000000107e+00 1.237733614305851271e+00 3.028388054799203388e+01 1.702808795104019879e+01 4.056034125808524848e+00
1.875000000000000000e+00 1.238915397322829737e+00 3.045147648700965348e+01 1.712688681619259512e+01 4.056597595576637794e+00
1.880000000000000115e+00 1.240098764882095139e+00 3.061960473345773082e+01 1.722602194717288526e+01 4.060167206976692533e+00
1.885000000000000009e+00 1.241283705174272667e+00 3.078826540426896585e+01 1.732549197739801272e+01 4.066942946673552051e+00
1.890000000000000124e+00 1.242470206376787178e+00 3.095745996311377368e+01 1.742529700656477587e+01 4.077108308280179116e+00
1.895000000000000018e+00 1.243658256654124994e+00 3.112719036602602785e+01 1.752543723842043022e+01 4.090824204522446550e+00
1.900000000000000133e+00 1.244847844158103012e+00 3.129745745831786863e+01 1.762591195604546357e+01 4.108236076161476902e+00
1.905000000000000027e+00 1.246038957028144711e+00 3.146826300140908472e+01 1.772672110231161469e+01 4.129463830628059107e+00
1.910000000000000142e+00 1.247231583391559262e+00 3.163960974536215076e+01 1.782786554776484778e+01 4.154603536646854778e+00
1.915000000000000036e+00 1.248425711363831514e+00 3.181149880865098112e+01 1.792934399957439950e+01 4.183730923961048731e+00
1.919999999999999929e+00 1.249621329048912655e+00 3.198393374451193338e+01 1.803115881353728511e+01 4.216898794095957470e+00
1.925000000000000044e+00 1.250818424539521745e+00 3.215691543599124458e+01 1.813330810645572910e+01 4.254135259415013692e+00
1.929999999999999938e+00 1.252016985917450365e+00 3.233044758976084410e+01 1.823579388364428411e+01 4.295443684452075139e+00
1.935000000000000053e+00 1.253217001253874363e+00 3.250453193833139665e+01 1.833861566522745790e+01 4.340801726792358650e+00
1.939999999999999947e+00 1.254418458609672937e+00 3.267917198858060601e+01 1.844177474895257873e+01 4.390167529661821000e+00
1.945000000000000062e+00 1.255621346035752151e+00 3.285436913392916836e+01 1.854527119805328539e+01 4.443475522066144379e+00
1.949999999999999956e+00 1.256825651573374891e+00 3.303012765281583540e+01 1.864910697986794119e+01 4.500633305493134451e+00
1.955000000000000071e+00 1.258031363254499713e+00 3.320643691595593339e+01 1.875328135224528836e+01 4.561568974096013029e+00
1.959999999999999964e+00 1.259238469102119673e+00 3.338332266263244463e+01 1.885779617593357926e+01 4.626069467511796596e+00
1.965000000000000080e+00 1.260446957130616275e+00 3.356077717644549097e+01 1.896265288223390399e+01 4.694015320516888856e+00
1.969999999999999973e+00 1.261656815346111182e+00 3.373880234070514206e+01 1.906785228952876921e+01 4.765234414847170363e+00
1.975000000000000089e+00 1.262868031746829489e+00 3.391739990442536623e+01 1.917339444286984218e+01 4.839530629985844712e+00
1.979999999999999982e+00 1.264080594323466533e+00 3.409657313893622188e+01 1.927928185342117828e+01 4.916692518907506582e+00
1.985000000000000098e+00 1.265294491059563597e+00 3.427632388067767266e+01 1.938551533621145495e+01 4.996491732147322118e+00
1.989999999999999991e+00 1.266509709931886274e+00 3.445665373265426723e+01 1.949209592775615008e+01 5.078683669736198780e+00
1.995000000000000107e+00 1.267726238910813485e+00 3.463756408367036954e+01 1.959902440230776932e+01 5.163014101339645556e+00
2.000000000000000000e+00 1.268944065960727619e+00 3.481905715394271539e+01 1.970630249153945002e+01 5.249212032585020005e+00
2.004999999999999893e+00 1.270163179040415979e+00 3.500113421594223695e+01 1.981393149411153587e+01 5.336998809008611566e+00
2.010000000000000231e+00 1.271383566103475360e+00 3.518379613077966184e+01 1.992191211427619990e+01 5.426089273604090657e+00
2.015000000000000124e+00 1.272605215098723486e+00 3.536704429716616715e+01 2.003024595214887427e+01 5.516186034995862464e+00
2.020000000000000018e+00 1.273828113970618237e+00 3.555087964417257496e+01 2.013893429238981980e+01 5.606992962820369186e+00
2.024999999999999911e+00 1.275052250659680864e+00 3.573530215035407309e+01 2.024797755289232981e+01 5.698206139840709561e+00
2.030000000000000249e+00 1.276277613102927866e+00 3.592031295332669316e+01 2.035737744127411730e+01 5.789524100635489390e+00
2.035000000000000142e+00 1.277504189234306420e+00 3.610591169509601173e+01 2.046713438693974751e+01 5.880641040108125495e+00
2.040000000000000036e+00 1.278731966985139357e+00 3.629209900801645716e+01 2.057724969900691647e+01 5.971258434534849613e+00
2.044999999999999929e+00 1.279960934284574359e+00 3.647887416461260557e+01 2.068772381122322201e+01 6.061081475820637721e+00
2.049999999999999822e+00 1.281191079060038929e+00 3.666623720970815725e+01 2.079855751252023310e+01 6.149819904975023732e+00
2.055000000000000160e+00 1.282422389237703575e+00 3.685418820509302407e+01 2.090975215423542721e+01 6.237190502699731631e+00
2.060000000000000053e+00 1.283654852742951435e+00 3.704272616733963019e+01 2.102130780632693785e+01 6.322921468792594979e+00
2.064999999999999947e+00 1.284888457500850345e+00 3.723185111042662498e+01 2.113322556551696962e+01 6.406754110617701059e+00
2.069999999999999840e+00 1.286123191436637780e+00 3.742156097139995552e+01 2.124550444698236618e+01 6.488437436035684236e+00
2.075000000000000178e+00 1.287359042476205584e+00 3.761185658829450773e+01 2.135814684999470359e+01 6.567738816922054745e+00
2.080000000000000071e+00 1.288595998546594679e+00 3.780273607694284976e+01 2.147115156389985557e+01 6.644440864137581393e+00
2.084999999999999964e+00 1.289834047576496001e+00 3.799419928140623881e+01 2.158451973517836819e+01 6.718342180318903623e+00
2.089999999999999858e+00 1.291073177496757207e+00 3.818624437522330339e+01 2.169825006765739772e+01 6.789259943308243450e+00
2.095000000000000195e+00 1.292313376240894485e+00 3.837886967058905441e+01 2.181234898652071763e+01 6.857110564794606233e+00
2.100000000000000089e+00 1.293554631745612582e+00 3.857207804254307604e+01 2.192680727800799190e+01 6.921607109275786485e+00
2.104999999999999982e+00 1.294796931951329721e+00 3.876586655173339580e+01 2.204162894991197419e+01 6.982691775011185875e+00
2.109999999999999876e+00 1.296040264802710951e+00 3.896023459893099528e+01 2.215681393625047946e+01 7.040271830004789066e+00
2.115000000000000213e+00 1.297284618249205046e+00 3.915518112289144881e+01 2.227236202584021640e+01 7.094265980666792260e+00
2.120000000000000107e+00 1.298529980245588522e+00 3.935070585006059929e+01 2.238827300436943801e+01 7.144623139400751555e+00
2.125000000000000000e+00 1.299776338752518745e+00 3.954680843178545047e+01 2.250454706152445539e+01 7.191311546629592044e+00
2.129999999999999893e+00 1.301023681737088600e+00 3.974348890911586807e+01 2.262118411235226390e+01 7.234325429952916053e+00
2.135000000000000231e+00 1.302271997173391371e+00 3.994074599087655031e+01 2.273818292357159265e+01 7.273681975453714976e+00
2.140000000000000124e+00 1.303521273043090511e+00 4.013858119551229464e+01 2.285554504632615291e+01 7.309419800142089585e+00
2.145000000000000018e+00 1.304771497335994956e+00 4.033699237041625452e+01 2.297326789205040498e+01 7.341606145977420894e+00
2.149999999999999911e+00 1.306022658050641327e+00 4.053598241097486721e+01 2.309135382665105851e+01 7.370322153094417850e+00
2.155000000000000249e+00 1.307274743194883682e+00 4.073554931572918036e+01 2.320980045449134366e+01 7.395682057077856086e+00
2.160000000000000142e+00 1.308527740786487481e+00 4.093569511326675325e+01 2.332860883247088779e+01 7.417812681394030605e+00
2.165000000000000036e+00 1.309781638853730668e+00 4.113642025474098318e+01 2.344777897794516974e+01 7.436865461644504016e+00
2.169999999999999929e+00 1.311036425436011399e+00 4.133772411362078003e+01 2.356730904836835805e+01 7.453012585812214930e+00
2.175000000000000266e+00 1.312292088584462002e+00 4.153960947852591801e+01 2.368720104046691688e+01 7.466443294638186678e+00
2.180000000000000160e+00 1.313548616362568033e+00 4.174207701067426513e+01 2.380745429917048028e+01 7.477366131253224246e+00
2.185000000000000053e+00 1.314805996846795111e+00 4.194512734367830831e+01 2.392806816388431912e+01 7.486004292145908678e+00
2.189999999999999947e+00 1.316064218127219965e+00 4.214876243815444923e+01 2.404904386306774455e+01 7.492598031420370397e+00
2.194999999999999840e+00 1.317323268308171258e+00 4.235298360104224713e+01 2.417038084471442261e+01 7.497401975220378212e+00
2.200000000000000178e+00 1.318583135508872406e+00 4.255779207736118508e+01 2.429207912592686469e+01 7.500679387703883094e+00
2.205000000000000071e+00 1.319843807864092611e+00 4.276322537044235617e+01 2.441415433400115376e+01 7.502494758699113753e+00
2.209999999999999964e+00 1.321105273524805224e+00 4.296921724074373827e+01 2.453657737649102799e+01 7.503544019499320150e+00
2.214999999999999858e+00 1.322367520658849438e+00 4.317580305484216296e+01 2.465936412288187896e+01 7.503922132806787104e+00
2.220000000000000195e+00 1.323630537451601530e+00 4.338298324834344299e+01 2.478251332966073761e+01 7.503929971472889981e+00
2.225000000000000089e+00 1.324894312106648098e+00 4.359076054015016410e+01 2.490602675107723840e+01 7.503867377928541416e+00
2.229999999999999982e+00 1.326158832846469293e+00 4.379913561399328614e+01 2.502990343433711473e+01 7.504040511903560251e+00
2.234999999999999876e+00 1.327424087913126938e+00 4.400811146284083009e+01 2.515414538741223538e+01 7.504756468288789506e+00
2.240000000000000213e+00 1.328690065568957523e+00 4.421768969203802868e+01 2.527875276793059101e+01 7.506316666499768253e+00
2.245000000000000107e+00 1.329956754097271210e+00 4.442787127590092666e+01 2.540372561078638824e+01 7.509025377012910951e+00
2.250000000000000000e+00 1.331224141803060590e+00 4.463865871581187150e+01 2.552906547193197540e+01 7.513176685636838492e+00
2.254999999999999893e+00 1.332492217013710345e+00 4.485005349546372599e+01 2.565477271238003709e+01 7.519058905824318018e+00
2.260000000000000231e+00 1.333760968079716003e+00 4.506205726181668325e+01 2.578084854948552618e+01 7.526956462146988436e+00
2.265000000000000124e+00 1.335030383375409135e+00 4.527467213534170298e+01 2.590729426113161793e+01 7.537138739557270206e+00
2.270000000000000018e+00 1.336300451299685221e+00 4.548789815469640274e+01 2.603410895225714583e+01 7.549866259615173547e+00
2.274999999999999911e+00 1.337571160276742388e+00 4.570173714225184369e+01 2.616129422465664334e+01 7.565387066270453431e+00
2.280000000000000249e+00 1.338842498756821042e+00 4.591619121442111862e+01 2.628885212134648697e+01 7.583933628274796668e+00
2.285000000000000142e+00 1.340114455216953049e+00 4.613126092196312555e+01 2.641678267406690139e+01 7.605721666459226427e+00
2.290000000000000036e+00 1.341387018161716460e+00 4.634695842124047971e+01 2.654508929290908981e+01 7.630909754851069593e+00
2.294999999999999929e+00 1.342660176123993576e+00 4.656326208210842310e+01 2.667376702421001511e+01 7.659759833906602644e+00
2.300000000000000266e+00 1.343933917665737443e+00 4.678018444563562639e+01 2.680282036184483729e+01 7.692394178462995669e+00
2.305000000000000160e+00 1.345208231378743458e+00 4.699772530505848067e+01 2.693224935848609647e+01 7.728957243201367788e+00
2.310000000000000053e+00 1.346483105885426967e+00 4.721588466104176263e+01 2.706205457465386033e+01 7.769569366644797803e+00
2.314999999999999947e+00 1.347758529839606201e+00 4.743466431648006676e+01 2.719223819336288273e+01 7.814328994095968817e+00
2.319999999999999840e+00 1.349034491927291413e+00 4.765406321761754072e+01 2.732279926735476039e+01 7.863314461555507506e+00
2.325000000000000178e+00 1.350310980867478472e+00 4.787408144011467215e+01 2.745373876667444435e+01 7.916577452533908321e+00
2.330000000000000071e+00 1.351587985412951776e+00 4.809471989404463699e+01 2.758505813300406828e+01 7.974151166735653717e+00
2.334999999999999964e+00 1.352865494351088493e+00 4.831597686852673945e+01 2.771675629409154951e+01 8.036046128708385083e+00
2.339999999999999858e+00 1.354143496504671029e+00 4.853785382420723238e+01 2.784883554022983887e+01 8.102244270940486714e+00
2.345000000000000195e+00 1.355421980732705700e+00 4.876034991418903530e+01 2.798129557075263207e+01 8.172707605033075140e+00
2.350000000000000089e+00 1.356700935931243857e+00 4.898346431874455931e+01 2.811413647719532349e+01 8.247374410634543906e+00
2.354999999999999982e+00 1.357980351034212774e+00 4.920719754183550521e+01 2.824735933620221573e+01 8.326161051982081673e+00
2.359999999999999876e+00 1.359260215014249207e+00 4.943154756749581225e+01 2.838096306932590096e+01 8.408962483844357294e+00
2.365000000000000213e+00 1.360540516883539608e+00 4.965651579708310948e+01 2.851494971973311010e+01 8.495651565874712929e+00
2.370000000000000107e+00 1.361821245694665894e+00 4.988210089430488381e+01 2.864931880709530887e+01 8.586077101104631737e+00
2.375000000000000000e+00 1.363102390541456321e+00 5.010830215548933353e+01 2.878406980233086543e+01 8.680073895844330423e+00
2.379999999999999893e+00 1.364383940559842134e+00 5.033511897248676803e+01 2.891920329346636009e+01 8.777453236859770414e+00
2.385000000000000231e+00 1.365665884928720875e+00 5.056255064997521487e+01 2.905471874673351351e+01 8.878015009519227618e+00
2.390000000000000124e+00 1.366948212870820356e+00 5.079059811394451884e+01 2.919061765128656560e+01 8.981528515590767370e+00
2.395000000000000018e+00 1.368230913653576408e+00 5.101928292603972181e+01 2.932690445479948238e+01 9.087759277319790385e+00
2.399999999999999911e+00 1.369513976590007287e+00 5.124856078699941975e+01 2.946356879397617590e+01 9.196459798734874624e+00
2.405000000000000249e+00 1.370797391039600077e+00 5.147845288014865872e+01 2.960061560422555971e+01 9.307365601067971284e+00
2.410000000000000142e+00 1.372081146409197538e+00 5.170895788419930739e+01 2.973804412324128776e+01 9.420206061391974472e+00
2.415000000000000036e+00 1.373365232153893167e+00 5.194007744433203300e+01 2.987585590899513477e+01 9.534691674731515576e+00
2.419999999999999929e+00 1.374649637777930256e+00 5.217181039353192773e+01 3.001404948830258945e+01 9.650531658376531041e+00
2.425000000000000266e+00 1.375934352835608943e+00 5.240415657259740101e+01 3.015262481494587377e+01 9.767429232258681537e+00
2.430000000000000160e+00 1.377219366932191491e+00 5.263711714978068557e+01 3.029158270142512777e+01 9.885082228505778446e+00
2.435000000000000053e+00 1.378504669724822440e+00 5.287069163615873180e+01 3.043092265567318577e+01 1.000319046698026604e+01
2.439999999999999947e+00 1.379790250923445205e+00 5.310488040345236982e+01 3.057064407548834595e+01 1.012143965220229269e+01
2.444999999999999840e+00 1.381076100291728892e+00 5.333968409015218981e+01 3.071074728500089890e+01 1.023952666897495867e+01
2.450000000000000178e+00 1.382362207647998886e+00 5.357510301124612084e+01 3.085123205952303493e+01 1.035715253394938173e+01
2.455000000000000071e+00 1.383648562866170106e+00 5.381113832168055211e+01 3.099209898694499543e+01 1.047401699605848790e+01
2.459999999999999964e+00 1.384935155876690471e+00 5.404780585118006542e+01 3.113335129637017218e+01 1.058985944273569224e+01
2.464999999999999858e+00 1.386221976667483702e+00 5.428507698599425879e+01 3.127498185086125204e+01 1.070433948980435623e+01
2.470000000000000195e+00 1.387509015284901448e+00 5.452296643931028797e+01 3.141699398852963299e+01 1.081720241136883054e+01
2.475000000000000089e+00 1.388796261834676082e+00 5.476147604124289359e+01 3.155938849768232046e+01 1.092819171424584290e+01
2.479999999999999982e+00 1.390083706482882597e+00 5.500060631557190050e+01 3.170216483407275376e+01 1.103704633401129875e+01
2.484999999999999876e+00 1.391371339456903167e+00 5.524035894358254239e+01 3.184532401529640566e+01 1.114353789592679611e+01
2.490000000000000213e+00 1.392659151046396371e+00 5.548073359799495563e+01 3.198886439553366756e+01 1.124743316581987251e+01
2.495000000000000107e+00 1.393947131604270639e+00 5.572173346636906643e+01 3.213278859446280222e+01 1.134853045428802076e+01
2.500000000000000000e+00 1.395235271547664579e+00 5.596335840860675859e+01 3.227709508583666320e+01 1.144664009919365277e+01
2.504999999999999893e+00 1.396523561358930632e+00 5.620561086147798591e+01 3.242178589618722384e+01 1.154158961849893927e+01
2.510000000000000231e+00 1.397811991586621838e+00 5.644849125884898200e+01 3.256685945493347134e+01 1.163322520582273789e+01
2.515000000000000124e+00 1.399100552846486600e+00 5.669200121950126459e+01 3.271231767221350140e+01 1.172142317694086522e+01
2.520000000000000018e+00 1.400389235822465217e+00 5.693614247073915635e+01 3.285816072495482842e+01 1.180607132891123534e+01
2.524999999999999911e+00 1.401678031267691527e+00 5.718091550044174909e+01 3.300438860030097032e+01 1.188708201636563189e+01
2.530000000000000249e+00 1.402966930005501656e+00 5.742632212563827920e+01 3.315100237887457268e+01 1.196438352110982706e+01
2.535000000000000142e+00 1.404255922930439437e+00 5.767236363724935444e+01 3.329800224210585924e+01 1.203794165012395112e+01
2.540000000000000036e+00 1.405545001009279815e+00 5.791904063047747542e+01 3.344538846886322858e+01 1.210773024539521714e+01
2.544999999999999929e+00 1.406834155282040921e+00 5.816635532640070494e+01 3.359316288876964762e+01 1.217376102554902140e+01
2.550000000000000266e+00 1.408123376863012810e+00 5.841432384965249724e+01 3.374132731955587872e+01 1.223596711002766924e+01
2.555000000000000160e+00 1.409412656941783526e+00 5.866291665543340628e+01 3.388987797862883156e+01 1.229456659165722243e+01
2.560000000000000053e+00 1.410701986784272943e+00 5.891214974061364273e+01 3.403881794941790417e+01 1.234955060584454678e+01
2.564999999999999947e+00 1.411991357733769048e+00 5.916202342273282255e+01 3.418814737210548316e+01 1.240101562051469131e+01
2.569999999999999840e+00 1.413280761211968217e+00 5.941253907590818528e+01 3.433786726956226687e+01 1.244907398943583132e+01
2.575000000000000178e+00 1.414570188720020605e+00 5.966369807981769924e+01 3.448797931051393562e+01 1.249386475533248309e+01
2.580000000000000071e+00 1.415859631839580635e+00 5.991549869263085526e+01 3.463848140383876029e+01 1.253554975364302848e+01
2.584999999999999964e+00 1.417149082233858159e+00 6.016794352062624540e+01 3.478937620485180560e+01 1.257430087676596209e+01
2.589999999999999858e+00 1.418438531648677170e+00 6.042103239939803672e+01 3.494066386093927434e+01 1.261031970960586612e+01
2.595000000000000195e+00 1.419727971913536280e+00 6.067476555886514689e+01 3.509234501881044821e+01 1.264381399132753359e+01
2.600000000000000089e+00 1.421017394942674095e+00 6.092914359160285187e+01 3.524442029284593758e+01 1.267501730017862371e+01
2.604999999999999982e+00 1.422306792736138581e+00 6.118416554384074857e+01 3.539688905188197054e+01 1.270417634553131592e+01
2.609999999999999876e+00 1.423596157380858207e+00 6.143983328716869607e+01 3.554975381139691137e+01 1.273154528184339718e+01
2.615000000000000213e+00 1.424885481051721747e+00 6.169614503872912792e+01 3.570301280184040138e+01 1.275739515332648466e+01
2.620000000000000107e+00 1.426174756012655642e+00 6.195310188872829116e+01 3.585666794847471550e+01 1.278200810026080170e+01
2.625000000000000000e+00 1.427463974617710019e+00 6.221070383777760782e+01 3.601071948391268052e+01 1.280567730973364782e+01
2.629999999999999893e+00 1.428753129312145598e+00 6.246895002825105081e+01 3.616516736536264887e+01 1.282869902574240761e+01
2.635000000000000231e+00 1.430042212633526821e+00 6.272784058387149742e+01 3.632001177466280240e+01 1.285137628226607731e+01
2.640000000000000124e+00 1.431331217212814755e+00 6.298739379542593042e+01 3.647525528353952495e+01 1.287413597622983197e+01
2.645000000000000018e+00 1.432620135775467096e+00 6.324757415339179545e+01 3.663089466403216932e+01 1.289705994475917272e+01
2.649999999999999911e+00 1.433908961142540850e+00 6.350839788906996120e+01 3.678693113002184134e+01 1.292057064778994402e+01
2.655000000000000249e+00 1.435197686231796554e+00 6.376986482328460681e+01 3.694336487744270414e+01 1.294497785925273448e+01
2.660000000000000142e+00 1.436486304058808727e+00 6.403197515190537104e+01 3.710019689771512219e+01 1.297058724708956312e+01
2.665000000000000036e+00 1.437774807738079197e+00 6.429472828493312875e+01 3.725742642834975982e+01 1.299770371975796479e+01
2.669999999999999929e+00 1.439063190484150212e+00 6.455812370543193879e+01 3.741505405160449271e+01 1.302663005988849854e+01
2.675000000000000266e+00 1.440351445612727099e+00 6.482216131144343763e+01 3.757307940971249849e+01 1.305764534336734606e+01
2.680000000000000160e+00 1.441639566541798700e+00 6.508684155262803017e+01 3.773150301909051052e+01 1.309103781081495477e+01
2.685000000000000053e+00 1.442927546792763360e+00 6.535216344664172539e+01 3.789032484696076608e+01 1.312707080823951955e+01
2.689999999999999947e+00 1.444215379991559578e+00 6.561812712472035969e+01 3.804954440250106273e+01 1.316600005413163466e+01
2.694999999999999840e+00 1.445503059869796658e+00 6.588473271860907232e+01 3.820916223043307980e+01 1.320807684751317801e+01
2.700000000000000178e+00 1.446790580265890691e+00 6.615198029386698408e+01 3.836917860574199324e+01 1.325352144120706477e+01
2.705000000000000071e+00 1.448077935126202975e+00 6.641986990201753827e+01 3.852959274506059728e+01 1.330254763154688291e+01
2.709999999999999964e+00 1.449365118506182437e+00 6.668840050572639200e+01 3.869040428586181690e+01 1.335534904522232580e+01
2.714999999999999858e+00 1.450652124571508272e+00 6.695757427634964642e+01 3.885161454818792492e+01 1.341210149115251937e+01
2.720000000000000195e+00 1.451938947599239915e+00 6.722739028933867189e+01 3.901322269845280744e+01 1.347295701612756780e+01
2.725000000000000089e+00 1.453225581978965009e+00 6.749784915083924375e+01 3.917522887828923217e+01 1.353804708749617269e+01
2.729999999999999982e+00 1.454512022213955591e+00 6.776895112015293421e+01 3.933763279857093664e+01 1.360749675275147297e+01
2.734999999999999876e+00 1.455798262922322506e+00 6.804069714748092679e+01 3.950043501139154500e+01 1.368138738149395017e+01
2.740000000000000213e+00 1.457084298838174696e+00 6.831308698751061570e+01 3.966363496678881972e+01 1.375978902721355546e+01
2.745000000000000107e+00 1.458370124812782276e+00 6.858613973619922888e+01 3.982723522945450867e+01 1.384264763426765299e+01
2.750000000000000000e+00 1.459655735815740485e+00 6.885982213991630374e+01 3.999123236086253996e+01 1.393018843765728043e+01
2.754999999999999893e+00 1.460941126936137202e+00 6.913415039828119291e+01 4.015562705297405444e+01 1.402231237636784655e+01
2.760000000000000231e+00 1.462226293383724007e+00 6.940912623276889803e+01 4.032042055452112095e+01 1.411899998864946504e+01
2.765000000000000124e+00 1.463511230490086357e+00 6.968475048220525991e+01 4.048561288276895453e+01 1.422020204440273261e+01
2.770000000000000018e+00 1.464795933709824194e+00 6.996102353733481038e+01 4.065120380862265392e+01 1.432584483084006877e+01
2.774999999999999911e+00 1.466080398621724123e+00 7.023794673679678624e+01 4.081719369322769353e+01 1.443584389118050204e+01
2.780000000000000249e+00 1.467364620929943797e+00 7.051552157164040580e+01 4.098358352206867039e+01 1.455008655471012702e+01
2.785000000000000142e+00 1.468648596465194744e+00 7.079374847265916060e+01 4.115037307838620961e+01 1.466843404795377026e+01
2.790000000000000036e+00 1.469932321185927426e+00 7.107262816943786277e+01 4.131756223094579639e+01 1.479073386785946198e+01
2.794999999999999929e+00 1.471215791179520282e+00 7.135216135224708012e+01 4.148515098472567786e+01 1.491681271383062324e+01
2.800000000000000266e+00 1.472499002663467449e+00 7.163235093192297143e+01 4.165314156457458239e+01 1.504646994154684059e+01
2.805000000000000160e+00 1.473781951986576466e+00 7.191319638066646291e+01 4.182153266753901732e+01 1.517950677049267938e+01
2.810000000000000053e+00 1.475064635630160437e+00 7.219469969051047542e+01 4.199032596151566565e+01 1.531568248502107110e+01
2.814999999999999947e+00 1.476347050209237288e+00 7.247686062608572399e+01 4.215952033563547729e+01 1.545476450409594094e+01
2.819999999999999840e+00 1.477629192473728592e+00 7.275968145654306340e+01 4.232911770410851915e+01 1.559648618968140710e+01
2.825000000000000178e+00 1.478911059309663267e+00 7.304316263984131297e+01 4.249911806036239881e+01 1.574058978116886820e+01
2.830000000000000071e+00 1.480192647740382617e+00 7.332730470019841107e+01 4.266952119157001277e+01 1.588678648283327632e+01
2.834999999999999964e+00 1.481473954927746250e+00 7.361210965472483281e+01 4.284032906692886655e+01 1.603478503573111169e+01
2.839999999999999858e+00 1.482754978173340454e+00 7.389757693414198059e+01 4.301154077283958088e+01 1.618429068553240313e+01
2.845000000000000195e+00 1.484035714919693882e+00 7.418370822832494582e+01 4.318315758578074792e+01 1.633500060900769313e+01
2.850000000000000089e+00 1.485316162751484814e+00 7.447050497070051733e+01 4.335518068488493526e+01 1.648660114159762102e+01
2.854999999999999982e+00 1.486596319396762178e+00 7.475796542336625805e+01 4.352760837534739835e+01 1.663878534525183284e+01
2.859999999999999876e+00 1.487876182728162133e+00 7.504609282747664167e+01 4.370044396961220912e+01 1.679123561760621186e+01
2.865000000000000213e+00 1.489155750764126207e+00 7.533488576545420301e+01 4.387368556399755448e+01 1.694364025575236354e+01
2.870000000000000107e+00 1.490435021670126092e+00 7.562434984161177454e+01 4.404733044316351709e+01 1.709554336581707901e+01
2.875000000000000000e+00 1.491713993759884893e+00 7.591447756218879306e+01 4.422138769273847458e+01 1.724691535218305205e+01
2.879999999999999893e+00 1.492992665496607696e+00 7.620527395468951681e+01 4.439585445034947497e+01 1.739731962544673394e+01
2.885000000000000231e+00 1.494271035494205480e+00 7.649673674119006250e+01 4.457072888791361009e+01 1.754646487911645991e+01
2.890000000000000124e+00 1.495549102518527240e+00 7.678886931552747797e+01 4.474601043114228105e+01 1.769418122092798384e+01
2.895000000000000018e+00 1.496826865488593894e+00 7.708167036553139440e+01 4.492170528263034157e+01 1.783998020602963663e+01
2.899999999999999911e+00 1.498104323477830180e+00 7.737514014689305952e+01 4.509781057414153338e+01 1.798369772096799935e+01
2.905000000000000249e+00 1.499381475715303225e+00 7.766927769602909848e+01 4.527432536354911008e+01 1.812508839486931578e+01
2.910000000000000142e+00 1.500658321586958444e+00 7.796408495011927187e+01 4.545125205729390672e+01 1.826391207377033155e+01
2.915000000000000036e+00 1.501934860636862323e+00 7.825956141822059919e+01 4.562859044769659533e+01 1.839995440398232063e+01
2.919999999999999929e+00 1.503211092568443430e+00 7.855570650455298676e+01 4.580634017008036807e+01 1.853301269039485177e+01
2.925000000000000266e+00 1.504487017245737190e+00 7.885252093066233670e+01 4.598450193533595609e+01 1.866290869581972700e+01
2.930000000000000160e+00 1.505762634694630231e+00 7.915000418858777209e+01 4.616307644061829762e+01 1.878947220940481699e+01
2.935000000000000053e+00 1.507037945104112264e+00 7.944815779165314495e+01 4.634206409013506800e+01 1.891256516285621103e+01
2.939999999999999947e+00 1.508312948827522426e+00 7.974697955244181458e+01 4.652146426446853411e+01 1.903206226899553499e+01
2.944999999999999840e+00 1.509587646383803383e+00 8.004647163797963572e+01 4.670127856212035056e+01 1.914786669540155728e+01
2.950000000000000178e+00 1.510862038458753664e+00 8.034663155440904347e+01 4.688150476572727143e+01 1.925989774380648711e+01
2.955000000000000071e+00 1.512136125906285322e+00 8.064746145002322919e+01 4.706214509491962872e+01 1.936810151171087568e+01
2.959999999999999964e+00 1.513409909749681370e+00 8.094896071910896751e+01 4.724319971241028782e+01 1.947244971873971409e+01
2.964999999999999858e+00 1.514683391182853445e+00 8.125112937901829469e+01 4.742466772525328622e+01 1.957292749114053265e+01
2.970000000000000195e+00 1.515956571571605682e+00 8.155396119307391700e+01 4.760654664941575476e+01 1.966942127088329784e+01
2.975000000000000089e+00 1.517229452454897709e+00 8.185746843152026031e+01 4.778884237953911907e+01 1.976221501848202422e+01
2.979999999999999982e+00 1.518502035546109630e+00 8.216164582526516824e+01 4.797155289662852340e+01 1.985125724552748139e+01
2.984999999999999876e+00 1.519774322734309235e+00 8.246649427072345873e+01 4.815467890453624022e+01 1.993662925349325121e+01
2.990000000000000213e+00 1.521046316085523209e+00 8.277201240365302226e+01 4.833821838774152013e+01 2.001843526125928463e+01
2.995000000000000107e+00 1.522318017844006111e+00 8.307820148170310404e+01 4.852217270775399527e+01 2.009680273187264632e+01
3.000000000000000000e+00 1.523589430433515579e+00 8.338506267614340572e+01 4.870654305162797471e+01 2.017188107148025367e+01
3.004999999999999893e+00 1.524860556458587313e+00 8.369259590212415389e+01 4.889132842461793871e+01 2.024384382206052635e+01
3.010000000000000231e+00 1.526131398705811604e+00 8.400080048866293225e+01 4.907652818799874694e+01 2.031287443114905145e+01
3.015000000000000124e+00 1.527401960145112314e+00 8.430967947187399147e+01 4.926214434608957760e+01 2.037918598103994583e+01
3.020000000000000018e+00 1.528672243931031183e+00 8.461923223709192143e+01 4.944817679937702337e+01 2.044299697346559697e+01
3.024999999999999911e+00 1.529942253404009023e+00 8.492945860305434280e+01 4.963462366824212779e+01 2.050454767000944045e+01
3.030000000000000249e+00 1.531211992091669805e+00 8.524035996088228728e+01 4.982148695943941163e+01 2.056409888240554551e+01
3.035000000000000142e+00 1.532481463710112957e+00 8.555193947841104318e+01 5.000876826209426440e+01 2.062192160856902490e+01
3.040000000000000036e+00 1.533750672165198337e+00 8.586419445868239109e+01 5.019646525556998995e+01 2.067828417874760660e+01
3.044999999999999929e+00 1.535019621553841640e+00 8.617712793067659049e+01 5.038457888715082333e+01 2.073348868629239306e+01
3.050000000000000266e+00 1.536288316165307810e+00 8.649074044141157458e+01 5.057311046653705944e+01 2.078783082252341075e+01
3.055000000000000160e+00 1.537556760482504448e+00 8.680503373522313382e+01 5.076206068372482605e+01 2.084162206585431321e+01
3.060000000000000053e+00 1.538824959183287211e+00 8.712000823652348913e+01 5.095142891082856806e+01 2.089517512856465942e+01
3.064999999999999947e+00 1.540092917141751672e+00 8.743566346171948567e+01 5.114121432404712664e+01 2.094880200606079157e+01
3.070000000000000284e+00 1.541360639429545376e+00 8.775200393195700599e+01 5.133142091677077445e+01 2.100282011356991063e+01
3.075000000000000178e+00 1.542628131317168361e+00 8.806899564743692110e+01 5.152203259394828194e+01 2.105778421902826736e+01
3.080000000000000071e+00 1.543895398275281439e+00 8.838670315112071307e+01 5.171307763717517503e+01 2.111357532568499451e+01
3.084999999999999964e+00 1.545162445976019150e+00 8.870509802593785764e+01 5.190454381283025498e+01 2.117069683922678180e+01
3.089999999999999858e+00 1.546429280294300046e+00 8.902417837645158727e+01 5.209642824134194683e+01 2.122951113333505546e+01
3.095000000000000195e+00 1.547695907309144969e+00 8.934394742210321283e+01 5.228873333873740137e+01 2.129028393432254518e+01
3.100000000000000089e+00 1.548962333304992001e+00 8.966441006587858453e+01 5.248146431611946383e+01 2.135333631900150309e+01
3.104999999999999982e+00 1.550228564773019402e+00 8.998556045526117941e+01 5.267461491209719071e+01 2.141892061017613713e+01
3.109999999999999876e+00 1.551494608412467890e+00 9.030740462073752894e+01 5.286819043910753635e+01 2.148734083842617437e+01
3.115000000000000213e+00 1.552760471131968911e+00 9.062992452916842012e+01 5.306218245413496959e+01 2.155873838825099043e+01
3.120000000000000107e+00 1.554026160050869576e+00 9.095315725313761845e+01 5.325660803609572724e+01 2.163361679482562749e+01
3.125000000000000000e+00 1.555291682500568706e+00 9.127708067493945521e+01 5.345145401310515609e+01 2.171203362764814671e+01
3.129999999999999893e+00 1.556557046025848434e+00 9.160170368647288797e+01 5.364672874547921566e+01 2.179427567066331406e+01
3.135000000000000231e+00 1.557822258386214909e+00 9.192702039252850454e+01 5.384242627072015352e+01 2.188052309603807544e+01
3.140000000000000124e+00 1.559087327557234559e+00 9.225303742711254529e+01 5.403855192552364883e+01 2.197094040550743799e+01
3.145000000000000018e+00 1.560352261731882795e+00 9.257975720425308452e+01 5.423511252820421191e+01 2.206573071121805896e+01
3.149999999999999911e+00 1.561617069321888263e+00 9.290717243963456440e+01 5.443209373295212572e+01 2.216497801349793306e+01
3.155000000000000249e+00 1.562881758959084433e+00 9.323529029267444912e+01 5.462950718926809657e+01 2.226886662027034447e+01
3.160000000000000142e+00 1.564146339496760740e+00 9.356410906480085998e+01 5.482734785488551665e+01 2.237745297949039625e+01
3.165000000000000036e+00 1.565410820011023496e+00 9.389363251982172187e+01 5.502562319900359000e+01 2.249082492576778591e+01
3.169999999999999929e+00 1.566675209802153468e+00 9.422385536931207639e+01 5.522432520376828791e+01 2.260902853225472242e+01
3.175000000000000266e+00 1.567939518395971676e+00 9.455478375653864020e+01 5.542346099620537814e+01 2.273209322164247581e+01
3.180000000000000160e+00 1.569203755545205192e+00 9.488641717265505804e+01 5.562302924734272125e+01 2.286004409770094625e+01
3.185000000000000053e+00 1.570467931230861369e+00 9.521873747505213714e+01 5.582302169978964201e+01 2.299290672673843616e+01
3.189999999999999947e+00 1.571732055663601191e+00 9.555178365977755561e+01 5.602346163461821504e+01 2.313052544797750443e+01
3.195000000000000284e+00 1.572996139285118833e+00 9.588552934552650697e+01 5.622432659269625788e+01 2.327291417974850063e+01
3.200000000000000178e+00 1.574260192769525224e+00 9.621998883667372127e+01 5.642563411180262989e+01 2.341990875664974325e+01
3.205000000000000071e+00 1.575524227024737378e+00 9.655514897337246794e+01 5.662736998397373611e+01 2.357151441378529810e+01
3.209999999999999964e+00 1.576788253193867284e+00 9.689102189391216768e+01 5.682954360953691264e+01 2.372756233154688488e+01
3.214999999999999858e+00 1.578052282656617233e+00 9.722760240590154979e+01 5.703215477523631449e+01 2.388790598604905924e+01
3.220000000000000195e+00 1.579316327030685141e+00 9.756489741786502634e+01 5.723520841695164307e+01 2.405231617746320083e+01
3.225000000000000089e+00 1.580580398173165202e+00 9.790289426569506759e+01 5.743869086592799533e+01 2.422066250216797201e+01
3.229999999999999982e+00 1.581844508181959430e+00 9.824161030685965557e+01 5.764262239337621452e+01 2.439267238999823562e+01
3.234999999999999876e+00 1.583108669397191415e+00 9.858102926916785691e+01 5.784697977142074166e+01 2.456822521232711765e+01
3.240000000000000213e+00 1.584372894402625409e+00 9.892115969768488526e+01 5.805178306041113956e+01 2.474694369452887344e+01
3.245000000000000107e+00 1.585637196027092743e+00 9.926200921599246385e+01 5.825702813032097538e+01 2.492867192939414167e+01
3.250000000000000000e+00 1.586901587345919129e+00 9.960356668038960493e+01 5.846270571540771499e+01 2.511321912834907266e+01
3.254999999999999893e+00 1.588166081682362174e+00 9.994583550679024597e+01 5.866882143192874821e+01 2.530003987987049285e+01
3.260000000000000231e+00 1.589430692609048013e+00 1.002888332038046428e+02 5.887539781183215126e+01 2.548901060484108427e+01
3.265000000000000124e+00 1.590695433949419924e+00 1.006325367641390187e+02 5.908240377270367105e+01 2.567991096189278721e+01
3.270000000000000018e+00 1.591960319779189614e+00 1.009769449752237307e+02 5.928983407480829726e+01 2.587220698285424092e+01
3.274999999999999911e+00 1.593225364427793389e+00 1.013220886499071725e+02 5.949773272546180181e+01 2.606579218205637005e+01
3.280000000000000249e+00 1.594490582479856755e+00 1.016679438717462034e+02 5.970606652453811591e+01 2.626026487016930488e+01
3.285000000000000142e+00 1.595755988776664358e+00 1.020145197293143582e+02 5.991483929614352633e+01 2.645537438244757666e+01
3.290000000000000036e+00 1.597021598417631694e+00 1.023618252766373473e+02 6.012406865135060485e+01 2.665076685221252006e+01
3.294999999999999929e+00 1.598287426761794583e+00 1.027098129661201966e+02 6.033374356886906753e+01 2.684606838773736115e+01
3.300000000000000266e+00 1.599553489429289543e+00 1.030585266071810508e+02 6.054380770099585618e+01 2.704100248584512656e+01
3.305000000000000160e+00 1.600819802302856587e+00 1.034080253977004986e+02 6.075442178774609658e+01 2.723509244228192827e+01
3.310000000000000053e+00 1.602086381529337800e+00 1.037582007138249338e+02 6.096541350400191561e+01 2.742857742163530332e+01
3.314999999999999947e+00 1.603353243521186133e+00 1.041091096863312373e+02 6.117684540575115903e+01 2.762051087828917417e+01
3.320000000000000284e+00 1.604620404957985969e+00 1.044607880048205999e+02 6.138879079341310785e+01 2.781068959554735898e+01
3.325000000000000178e+00 1.605887882787973897e+00 1.048131349386804771e+02 6.160110548654790819e+01 2.799932133799621781e+01
3.330000000000000071e+00 1.607155694229572163e+00 1.051662559653417333e+02 6.181392205525104089e+01 2.818579679222174050e+01
3.334999999999999964e+00 1.608423856772927873e+00 1.055200924640036391e+02 6.202716499983579723e+01 2.836985585811048338e+01
3.339999999999999858e+00 1.609692388181460876e+00 1.058746666540473882e+02 6.224085490483707872e+01 2.855145354394723611e+01
3.345000000000000195e+00 1.610961306493419842e+00 1.062299768006329970e+02 6.245501672570671303e+01 2.872996967205144259e+01
3.350000000000000089e+00 1.612230630023444355e+00 1.065860368644269016e+02 6.266963481894874377e+01 2.890563564856754297e+01
3.354999999999999982e+00 1.613500377364142535e+00 1.069428188525806860e+02 6.288468745864820164e+01 2.907818993720136902e+01
3.359999999999999876e+00 1.614770567387667999e+00 1.073003372483963602e+02 6.310018611182423598e+01 2.924729399258444928e+01
3.365000000000000213e+00 1.616041219247312144e+00 1.076586135251012593e+02 6.331615051868281796e+01 2.941315365532098625e+01
3.370000000000000107e+00 1.617312352379102647e+00 1.080175942174662680e+02 6.353254307124190348e+01 2.957498314085455959e+01
3.375000000000000000e+00 1.618583986503417060e+00 1.083773542064012645e+02 6.374946438385173053e+01 2.973254906179002433e+01
3.379999999999999893e+00 1.619856141626595081e+00 1.087379376561292474e+02 6.396687532773766804e+01 2.988727366581112221e+01
3.385000000000000231e+00 1.621128838042573905e+00 1.090992149292945896e+02 6.418468029809068298e+01 3.003810101648030084e+01
3.390000000000000124e+00 1.622402096334521149e+00 1.094611722237555824e+02 6.440290422894253197e+01 3.018484536054561218e+01
3.395000000000000018e+00 1.623675937376488410e+00 1.098238672439539556e+02 6.462152622603581165e+01 3.032917847180240045e+01
3.399999999999999911e+00 1.624950382335069499e+00 1.101874725723487387e+02 6.484080068018852216e+01 3.046788154589967235e+01
3.405000000000000249e+00 1.626225452671069327e+00 1.105518189055706557e+02 6.506050737682878093e+01 3.060239666145589510e+01
3.410000000000000142e+00 1.627501170141188780e+00 1.109168615736398067e+02 6.528063889087931670e+01 3.073398814150299785e+01
3.415000000000000036e+00 1.628777556799715365e+00 1.112825326754357889e+02 6.550106580866767558e+01 3.086340412362639185e+01
3.419999999999999929e+00 1.630054635000228513e+00 1.116492150524140641e+02 6.572225835826824891e+01 3.098662734998789148e+01
3.425000000000000266e+00 1.631332427397314877e+00 1.120164809804904706e+02 6.594369868440250571e+01 3.110860377611503225e+01
3.430000000000000160e+00 1.632610956948298497e+00 1.123845725915688973e+02 6.616565569335099894e+01 3.122610189681530457e+01
3.435000000000000053e+00 1.633890246914980304e+00 1.127534477482833211e+02 6.638815846420294520e+01 3.134090802085620808e+01
3.439999999999999947e+00 1.635170320865392934e+00 1.131230863286302792e+02 6.661109545452535485e+01 3.145292001405676174e+01
3.445000000000000284e+00 1.636451202675564431e+00 1.134934896895328365e+02 6.683449448228620327e+01 3.156217162954383681e+01
3.450000000000000178e+00 1.637732916531301264e+00 1.138646695284388244e+02 6.705836992133785657e+01 3.166899588068160298e+01
3.455000000000000071e+00 1.639015486929979559e+00 1.142366244477337602e+02 6.728272480386081611e+01 3.177371674769127097e+01
3.459999999999999964e+00 1.640298938682350771e+00 1.146093519850255547e+02 6.750755246114675856e+01 3.187645213438983660e+01
3.464999999999999858e+00 1.641583296914366441e+00 1.149828599629316841e+02 6.773285872885517733e+01 3.197756308585885776e+01
3.470000000000000195e+00 1.642868587069010289e+00 1.153571475360932084e+02 6.795864186208986268e+01 3.207723211923732265e+01
3.475000000000000089e+00 1.644154834908149621e+00 1.157322203207833695e+02 6.818490981557273756e+01 3.217595977564394616e+01
3.479999999999999982e+00 1.645442066514400281e+00 1.161080714698310601e+02 6.841165671731292264e+01 3.227382765890306615e+01
3.484999999999999876e+00 1.646730308293007594e+00 1.164847127452863162e+02 6.863889195450170178e+01 3.237134168510847587e+01
3.490000000000000213e+00 1.648019586973742623e+00 1.168621125952369084e+02 6.886659107396766899e+01 3.246844220521747815e+01
3.495000000000000107e+00 1.649309929612814640e+00 1.172403188149166908e+02 6.909478302986978804e+01 3.256590243498272486e+01
3.500000000000000000e+00 1.650601363594798476e+00 1.176193210810835836e+02 6.932346947124392500e+01 3.266395048929477696e+01
3.504999999999999893e+00 1.651893916634581849e+00 1.179983914657493642e+02 6.955219876730274109e+01 3.276014126693583961e+01
3.510000000000000231e+00 1.653187616779326907e+00 1.183782506662059859e+02 6.978141296163973095e+01 3.285742620230260513e+01
3.515000000000000124e+00 1.654482492410449757e+00 1.187588947326580069e+02 7.001110732642609946e+01 3.295627771666961081e+01
3.520000000000000018e+00 1.655778572245619973e+00 1.191403356853862903e+02 7.024129868580780567e+01 3.305692393549948349e+01
3.524999999999999911e+00 1.657075885340773880e+00 1.195225717582381435e+02 7.047197499506899021e+01 3.315962481056511990e+01
3.530000000000000249e+00 1.658374461092151142e+00 1.199055953761442339e+02 7.070313926211133548e+01 3.326488026260491182e+01
3.535000000000000142e+00 1.659674329238346902e+00 1.202894200956954904e+02 7.093479977934593705e+01 3.337279793143348883e+01
3.540000000000000036e+00 1.660975519862385452e+00 1.206740410743237248e+02 7.116694605868795520e+01 3.348379948099157133e+01
3.544999999999999929e+00 1.662278063393811456e+00 1.210594661094507956e+02 7.139958933841370481e+01 3.359807083091954638e+01
3.550000000000000266e+00 1.663581990610803807e+00 1.214456900396622956e+02 7.163272033823227503e+01 3.371583901931833083e+01
3.555000000000000160e+00 1.664887332642308815e+00 1.218327201188911175e+02 7.186635431355901460e+01 3.383750752769392278e+01
3.560000000000000053e+00 1.666194120970192039e+00 1.222205599044909263e+02 7.210048567876850711e+01 3.396323778982480945e+01
3.564999999999999947e+00 1.667502387431416100e+00 1.226092039506788325e+02 7.233511129005285056e+01 3.409316020823021631e+01
3.570000000000000284e+00 1.668812164220237593e+00 1.229986657886293813e+02 7.257024293154523775e+01 3.422755958559461931e+01
3.575000000000000178e+00 1.670123483890425531e+00 1.233889269188415767e+02 7.280586902972136443e+01 3.436676362633848214e+01
3.580000000000000071e+00 1.671436379357503110e+00 1.237800093934604320e+02 7.304199434447750150e+01 3.451057689552614960e+01
3.584999999999999964e+00 1.672750883901015451e+00 1.241719234208235889e+02 7.327863353967539695e+01 3.465927782717659511e+01
3.589999999999999858e+00 1.674067031166816655e+00 1.245646464852248272e+02 7.351576707353197548e+01 3.481303126812220228e+01
3.595000000000000195e+00 1.675384855169382847e+00 1.249582032494077737e+02 7.375341805384884708e+01 3.497185514213263247e+01
3.600000000000000089e+00 1.676704390294149860e+00 1.253525810500860445e+02 7.399156836230403655e+01 3.513586180931011427e+01
3.604999999999999982e+00 1.678025671299876453e+00 1.257477898726115768e+02 7.423023389434823116e+01 3.530517627185290053e+01
3.609999999999999876e+00 1.679348733321033071e+00 1.261438364935244323e+02 7.446941439155131093e+01 3.547965649541364996e+01
3.615000000000000213e+00 1.680673611870211692e+00 1.265407114784424181e+02 7.470910504436930921e+01 3.565936877525867743e+01
3.620000000000000107e+00 1.682000342840573426e+00 1.269384396570260520e+02 7.494931553966947035e+01 3.584411468570867498e+01
3.625000000000000000e+00 1.683328962508309878e+00 1.273369824062855145e+02 7.519003071170880048e+01 3.603438758760524507e+01
3.629999999999999893e+00 1.684659507535143819e+00 1.277363901650595466e+02 7.543127080056794398e+01 3.622946969284930674e+01
3.635000000000000231e+00 1.685992014970846498e+00 1.281366378384855977e+02 7.567303058913275038e+01 3.642956046640357926e+01
3.640000000000000124e+00 1.687326522255794936e+00 1.285377383733811314e+02 7.591530521926887332e+01 3.663445266356549013e+01
3.645000000000000018e+00 1.688663067223552527e+00 1.289396965648817002e+02 7.615811739931103830e+01 3.684424195088268306e+01
3.649999999999999911e+00 1.690001688103477839e+00 1.293424864850806273e+02 7.640142729081098594e+01 3.705844588351373403e+01
3.655000000000000249e+00 1.691342423523365834e+00 1.297461659750670151e+02 7.664529406639914555e+01 3.727701224860822293e+01
3.660000000000000142e+00 1.692685312512123508e+00 1.301506911140211287e+02 7.688966701699881412e+01 3.749968504863279861e+01
3.665000000000000036e+00 1.694030394502469727e+00 1.305560947568606593e+02 7.713458978125436261e+01 3.772640605453839413e+01
3.669999999999999929e+00 1.695377709333675487e+00 1.309623503603223185e+02 7.738002701096533542e+01 3.795686519498109845e+01
3.675000000000000266e+00 1.696727297254325917e+00 1.313694900598722199e+02 7.762600179347998619e+01 3.819064184259593020e+01
3.680000000000000160e+00 1.698079198925130706e+00 1.317775077489029343e+02 7.787252828152350048e+01 3.842797495832407151e+01
3.685000000000000053e+00 1.699433455421752726e+00 1.321864049651635469e+02 7.811959371157990972e+01 3.866791410205448898e+01
3.689999999999999947e+00 1.700790108237682396e+00 1.325961882480362135e+02 7.836719652874658948e+01 3.891062322702591558e+01
3.695000000000000284e+00 1.702149199287140036e+00 1.330068383658960158e+02 7.861531123412130739e+01 3.915576950771754383e+01
3.700000000000000178e+00 1.703510770908022831e+00 1.334183871051489803e+02 7.886397485934637075e+01 3.940300316825368299e+01
3.705000000000000071e+00 1.704874865864877798e+00 1.338308364042853214e+02 7.911324735457458246e+01 3.965160553501400642e+01
3.709999999999999964e+00 1.706241527351919807e+00 1.342441612211466406e+02 7.936297920838694608e+01 3.990200531340938994e+01
3.714999999999999858e+00 1.707610798996081591e+00 1.346584092871836162e+02 7.961333923743342211e+01 4.015325680108472284e+01
3.720000000000000195e+00 1.708982724860113711e+00 1.350735524538963546e+02 7.986422397141922147e+01 4.040526157397682283e+01
3.725000000000000089e+00 1.710357349445704500e+00 1.354896135601520655e+02 8.011567704245331356e+01 4.065804329311774978e+01
3.729999999999999982e+00 1.711734717696661745e+00 1.359065585074602325e+02 8.036765617866780076e+01 4.091085517335503852e+01
3.734999999999999876e+00 1.713114875002117454e+00 1.363244270622589340e+02 8.062021708242130558e+01 4.116338705871094561e+01
3.740000000000000213e+00 1.714497867199787251e+00 1.367432130748507291e+02 8.087333155625242398e+01 4.141561851346909862e+01
3.745000000000000107e+00 1.715883740579261962e+00 1.371629166575627607e+02 8.112700817715396795e+01 4.166699272676589771e+01
3.750000000000000000e+00 1.717272541885350057e+00 1.375835284517923753e+02 8.138124520005982276e+01 4.191760507669784630e+01
3.754999999999999893e+00 1.718664318321458495e+00 1.380051048086465926e+02 8.163608228828927338e+01 4.216682163167659070e+01
3.760000000000000231e+00 1.720059117553022654e+00 1.384275878593804237e+02 8.189146805528227446e+01 4.241421532898049662e+01
3.765000000000000124e+00 1.721456987710977105e+00 1.388509970297608902e+02 8.214741762166769945e+01 4.265959743837134255e+01
3.770000000000000018e+00 1.722857977395276574e+00 1.392753540371601275e+02 8.240396168582751102e+01 4.290307952766158195e+01
3.774999999999999911e+00 1.724262135678464647e+00 1.397006664794107849e+02 8.266108661746388009e+01 4.314432647891462125e+01
3.780000000000000249e+00 1.725669512109285098e+00 1.401269139105606030e+02 8.291877610167341572e+01 4.338338775205904341e+01
3.785000000000000142e+00 1.727080156716347847e+00 1.405540979033408746e+02 8.317705526740843425e+01 4.361930026816747841e+01
3.790000000000000036e+00 1.728494120011841551e+00 1.409822612711649299e+02 8.343594069439990335e+01 4.385223245875182130e+01
3.794999999999999929e+00 1.729911452995299248e+00 1.414113782407931126e+02 8.369539055768774460e+01 4.408244458083656525e+01
3.800000000000000266e+00 1.731332207157411762e+00 1.418414526313410136e+02 8.395544529239546705e+01 4.430939703791344897e+01
3.805000000000000160e+00 1.732756434483898600e+00 1.422724550890988269e+02 8.421606334949096606e+01 4.453331811274774310e+01
3.810000000000000053e+00 1.734184187459427706e+00 1.427044681803863853e+02 8.447731637516386627e+01 4.475352172177357346e+01
3.814999999999999947e+00 1.735615519071593615e+00 1.431374291102682719e+02 8.473913008999699059e+01 4.497028134862986803e+01
3.820000000000000284e+00 1.737050482814948671e+00 1.435713507231240555e+02 8.500154164233538268e+01 4.518370237428525371e+01
3.825000000000000178e+00 1.738489132695088868e+00 1.440062888826313383e+02 8.526458734828111119e+01 4.539363059739425665e+01
3.830000000000000071e+00 1.739931523232801869e+00 1.444422035954827948e+02 8.552823381270050618e+01 4.559998210390180162e+01
3.834999999999999964e+00 1.741377709468272084e+00 1.448790982154283711e+02 8.579247690141139060e+01 4.580276834249946205e+01
3.839999999999999858e+00 1.742827746965340152e+00 1.453169892185191543e+02 8.605732150189641061e+01 4.600248008786586240e+01
3.845000000000000195e+00 1.744281691815829705e+00 1.457559270461096048e+02 8.632283897384992599e+01 4.619851706962798232e+01
3.850000000000000089e+00 1.745739600643932299e+00 1.461958130030122049e+02 8.658891059946347468e+01 4.639140895659838293e+01
3.854999999999999982e+00 1.747201530610656750e+00 1.466367311912416369e+02 8.685563625861274772e+01 4.658106523965217605e+01
3.859999999999999876e+00 1.748667539418339745e+00 1.470786230522255948e+02 8.712293539820473143e+01 4.676732110357304606e+01
3.865000000000000213e+00 1.750137685315223512e+00 1.475215795254315196e+02 8.739090061596525061e+01 4.695181906328864585e+01
3.870000000000000107e+00 1.751612027100100555e+00 1.479655028241074604e+02 8.765946936978514259e+01 4.713228983011854467e+01
3.875000000000000000e+00 1.753090624127023878e+00 1.484104866306076360e+02 8.792866751853091500e+01 4.731144768652379184e+01
3.879999999999999893e+00 1.754573536310083837e+00 1.488565313129737717e+02 8.819855427389809677e+01 4.748758839713787694e+01
3.885000000000000231e+00 1.756060824128258258e+00 1.493036458660112373e+02 8.846907216752933323e+01 4.766155875953393917e+01
3.890000000000000124e+00 1.757552548630337386e+00 1.497517073039390993e+02 8.874015281521712950e+01 4.783410665572022680e+01
3.895000000000000018e+00 1.759048771439909009e+00 1.502008559314595288e+02 8.901192613860543190e+01 4.800500113915778400e+01
3.899999999999999911e+00 1.760549554760425739e+00 1.506510720927140881e+02 8.928434392214444415e+01 4.817447287623684105e+01
3.905000000000000249e+00 1.762054961380348228e+00 1.511023296731020480e+02 8.955738733034368693e+01 4.834315435595794241e+01
3.910000000000000142e+00 1.763565054678360111e+00 1.515546471357091889e+02 8.983109897874356875e+01 4.851135423687814097e+01
3.915000000000000036e+00 1.765079898628665322e+00 1.520080467784045197e+02 9.010546177615788110e+01 4.867897800175564527e+01
3.919999999999999929e+00 1.766599557806353804e+00 1.524625102230883442e+02 9.038048872398476874e+01 4.884626630319474572e+01
3.925000000000000266e+00 1.768124097392861804e+00 1.529181112573422183e+02 9.065624122308921073e+01 4.901367689949480422e+01
3.930000000000000160e+00 1.769653583181507006e+00 1.533747262227829822e+02 9.093255136832505059e+01 4.918146949335535112e+01
3.935000000000000053e+00 1.771188081583099816e+00 1.538324515066329070e+02 9.120959455272813443e+01 4.935014407812746384e+01
3.939999999999999947e+00 1.772727659631656794e+00 1.542912972255743682e+02 9.148729424168436708e+01 4.952137486535673361e+01
3.945000000000000284e+00 1.774272384990179141e+00 1.547512306688188346e+02 9.176567071821099830e+01 4.969236199825465405e+01
3.950000000000000178e+00 1.775822325956536885e+00 1.552122677708649974e+02 9.204471698745167885e+01 4.986609610082352617e+01
3.955000000000000071e+00 1.777377551469432548e+00 1.556744311144987591e+02 9.232443788021703313e+01 5.004212308471691273e+01
3.959999999999999964e+00 1.778938131114458976e+00 1.561377432670375924e+02 9.260489341825660858e+01 5.021980752740965670e+01
3.965000000000000302e+00 1.780504135130244192e+00 1.566021458643600113e+02 9.288601928193637036e+01 5.040060757925467527e+01
3.970000000000000195e+00 1.782075634414699072e+00 1.570677099681005870e+02 9.316782848333886591e+01 5.058455692887499566e+01
3.975000000000000089e+00 1.783652700531359159e+00 1.575344328838986883e+02 9.345036649065170309e+01 5.077180547656202236e+01
3.979999999999999982e+00 1.785235405715812629e+00 1.580022443212108954e+02 9.373354291224730162e+01 5.096370467583618336e+01
3.984999999999999876e+00 1.786823822882243729e+00 1.584712848419204647e+02 9.401752175668933376e+01 5.115749899017390590e+01
3.990000000000000213e+00 1.788418025630066133e+00 1.589414338114841598e+02 9.430213162735378774e+01 5.135743788954289357e+01
3.995000000000000107e+00 1.790018088250662442e+00 1.594128380982870397e+02 9.458757812200508397e+01 5.156000608024966425e+01
4.000000000000000000e+00 1.791624085734228267e+00 1.598852722811731724e+02 9.487356033276023481e+01 5.176805971331982903e+01
