% raindrop T-matrix calculations using the code of Leinonen, J., "Python code for T-matrix scattering calculations". Available at https://github.com/jleinonen/pytmatrix/. 
% 
% refractive index calculations after Ray, P., 1972:  Broadband Complex Refractive Indices of Ice and Water, Appl. Opt. 11, 1836-1844 
% 
% raindrop aspect ratio estimated with the methodology of Brandes, Edward & Zhang, Guifu & Vivekanandan, Jothiram. (2005). Corrigendum. Journal of Applied Meteorology. 44. 186-. 10.1175/1520-0450(2005)44<186:C>2.0.CO;2. 
% 
% wave length: 31.228381 mm 
% temperature: 308.15 K 
% refractive index: 8.238868713378906250e+00 + 1.416044354438781738e+00 i 
% 
%r_eqv[mm]               axial ratio              ext[mm2]                 sca[mm2]                 back[mm2]
5.000000000000000104e-03 9.999900000999989436e-01 4.294896723303927692e-09 1.979309140396669652e-16 2.968949760056626308e-16
1.000000000000000021e-02 9.999900000999989436e-01 3.436530393736577281e-08 1.266762168906516534e-14 1.900107251547126045e-14
1.499999999999999944e-02 9.999900000999989436e-01 1.160174133294129149e-07 1.442929683609014710e-13 2.164302117506768177e-13
2.000000000000000042e-02 9.999900000999989436e-01 2.751189420596513074e-07 8.107389765874282082e-13 1.216016109822221356e-12
2.500000000000000139e-02 9.999900000999989436e-01 5.376300806273213917e-07 3.092755792643699282e-12 4.638583050432579872e-12
2.999999999999999889e-02 9.999900000999989436e-01 9.296347296198254075e-07 9.235037195511123254e-12 1.385018769470442633e-11
3.500000000000000333e-02 9.999900000999989436e-01 1.477371922244244105e-06 2.328765921524536247e-11 3.492335977476279850e-11
4.000000000000000083e-02 9.999900000999989436e-01 2.207267179414563417e-06 5.189015989623180441e-11 7.781157880454633413e-11
4.499999999999999833e-02 9.999900000999989436e-01 3.145964981953439295e-06 1.051982928299444092e-10 1.577367222194084659e-10
5.000000000000000278e-02 9.999900000999989436e-01 4.320360223733279371e-06 1.979534758453423144e-10 2.967891461128922932e-10
5.500000000000000028e-02 9.999900000999989436e-01 5.757630507894485811e-06 3.506951293228452461e-10 5.257402618164558547e-10
5.999999999999999778e-02 9.999900000999989436e-01 7.485269835737460012e-06 5.911158515003660882e-10 8.860670429801841668e-10
6.500000000000000222e-02 9.999900000999989436e-01 9.531120424721941083e-06 9.555596008845791233e-10 1.432188174422111597e-09
7.000000000000000666e-02 9.999900000999989436e-01 1.192340630831956569e-05 1.490662596692913197e-09 2.233910806022920869e-09
7.499999999999999722e-02 9.999900000999989436e-01 1.469076736624728832e-05 2.255138540870454815e-09 3.379089655826251250e-09
8.000000000000000167e-02 9.999900000999989436e-01 1.786229313621581102e-05 3.321705395324880934e-09 4.976493593237145388e-09
8.500000000000000611e-02 9.999900000999989436e-01 2.146755756479112019e-05 4.779156809152126144e-09 7.158883565696666043e-09
8.999999999999999667e-02 9.999900000999989436e-01 2.553665188940568059e-05 6.734576983478313409e-09 1.008629920713842265e-08
9.500000000000000111e-02 9.999900000999989436e-01 3.010022449560755540e-05 9.315699510465901711e-09 1.394955403970886415e-08
1.000000000000000056e-01 9.999900000999989436e-01 3.518950561983064974e-05 1.267340666080851775e-08 1.897393301853845443e-08
1.049999999999999961e-01 9.999900000999989436e-01 4.083635918411157139e-05 1.698438086918264420e-08 2.542310900803354543e-08
1.100000000000000006e-01 9.999900000999989436e-01 4.707330614592168466e-05 2.245389313785840998e-08 3.360325423136031441e-08
1.150000000000000050e-01 9.999900000999989436e-01 5.393357242339195793e-05 2.931873148269500915e-08 4.386735017218633062e-08
1.199999999999999956e-01 9.999900000999989436e-01 6.145110627690731004e-05 3.785029779195743912e-08 5.661973730040578577e-08
1.250000000000000000e-01 9.999900000999989436e-01 6.966065441000500675e-05 4.835779811389745367e-08 7.232079099674902048e-08
1.300000000000000044e-01 9.999900000999989436e-01 7.859774509263820223e-05 6.119165788239564252e-08 9.149191926729709556e-08
1.350000000000000089e-01 9.999900000999989436e-01 8.829878679691399832e-05 7.674699419571357694e-08 1.147206294700584753e-07
1.400000000000000133e-01 9.999900000999989436e-01 9.880105950422334450e-05 9.546731026590512571e-08 1.426659099124149201e-07
1.449999999999999900e-01 9.999900000999989436e-01 1.101427801084786597e-04 1.178482845471749811e-07 1.760637337612341396e-07
1.499999999999999944e-01 9.999900000999989436e-01 1.223631558041438181e-04 1.444416902063895611e-07 2.157327370250879139e-07
1.549999999999999989e-01 9.999900000999989436e-01 1.355023713266226531e-04 1.758595721705138174e-07 2.625802598413415733e-07
1.600000000000000033e-01 9.999900000999989436e-01 1.496017048598812568e-04 2.127783932162307535e-07 3.176083165043914200e-07
1.650000000000000078e-01 9.999900000999989436e-01 1.647035088706346611e-04 2.559435505089146142e-07 3.819200948269771045e-07
1.700000000000000122e-01 9.999900000999989436e-01 1.808512866859816426e-04 3.061737412065055334e-07 4.567262002326911942e-07
1.750000000000000167e-01 9.999900000999989436e-01 1.980897299490161692e-04 3.643658244285131394e-07 5.433516140646550670e-07
1.799999999999999933e-01 9.999900000999989436e-01 2.164647579432626024e-04 4.314995978134057259e-07 6.432424923561010370e-07
1.849999999999999978e-01 9.999900000999989436e-01 2.360235739143299596e-04 5.086426149903484734e-07 7.579729890304050354e-07
1.900000000000000022e-01 1.000338260324268314e+00 2.568732511760572941e-04 5.971090756281662619e-07 8.894833052972464327e-07
1.950000000000000067e-01 1.000344839311130496e+00 2.789523885820417151e-04 6.978804916460986076e-07 1.039209645032618903e-06
2.000000000000000111e-01 1.000357515291503407e+00 3.023666408548170061e-04 8.124517206457184595e-07 1.209353553691341076e-06
2.050000000000000155e-01 1.000376259251188893e+00 3.271690660745676764e-04 9.422974807007012604e-07 1.402080609959168414e-06
2.099999999999999922e-01 1.000401042453005207e+00 3.534142478371775668e-04 1.089007643599449407e-06 1.619722889446590338e-06
2.149999999999999967e-01 1.000431836433301802e+00 3.811584148694933992e-04 1.254293546797887132e-06 1.864787772882006543e-06
2.200000000000000011e-01 1.000468612998516083e+00 4.104593807627863805e-04 1.439994264065407806e-06 2.139966639866026021e-06
2.250000000000000056e-01 1.000511344221778787e+00 4.413766666389451606e-04 1.648082737096685741e-06 2.448143312467120354e-06
2.300000000000000100e-01 1.000560002439564444e+00 4.739716109926171836e-04 1.880672406467877188e-06 2.792403174525635206e-06
2.350000000000000144e-01 1.000614560248383578e+00 5.083072687200583008e-04 2.140022930356583304e-06 3.176040883765590230e-06
2.399999999999999911e-01 1.000674990501522643e+00 5.444485880045237631e-04 2.428549146211160546e-06 3.602572849546290627e-06
2.449999999999999956e-01 1.000741266305821942e+00 5.824624805439058365e-04 2.748824865248492506e-06 4.075741952176582156e-06
2.500000000000000000e-01 1.000813361018499714e+00 6.224178509175121252e-04 3.103592687779429202e-06 4.599531159751313799e-06
2.550000000000000044e-01 1.000891248244015541e+00 6.643855005596230236e-04 3.495769281039081155e-06 5.178170319768293020e-06
2.600000000000000089e-01 1.000974901830975039e+00 7.084384741959672514e-04 3.928454986329523487e-06 5.816149319718679467e-06
2.650000000000000133e-01 1.001064295869075416e+00 7.546519354851539225e-04 4.404938537641233894e-06 6.518223907848733917e-06
2.700000000000000178e-01 1.001159404686088994e+00 8.031032869856562662e-04 4.928707746603659910e-06 7.289430279533342208e-06
2.750000000000000222e-01 1.001260202844886926e+00 8.538721401224751324e-04 5.503455711799017906e-06 8.135092959080365450e-06
2.800000000000000266e-01 1.001366665140501100e+00 9.070405390509499437e-04 6.133089463053554704e-06 9.060836211736642416e-06
2.850000000000000311e-01 1.001478766597222014e+00 9.626929424181781278e-04 6.821736748648453855e-06 1.007259253739278639e-05
2.899999999999999800e-01 1.001596482465736404e+00 1.020916272803460128e-03 7.573759124147584238e-06 1.117662056208725594e-05
2.949999999999999845e-01 1.001719788220298835e+00 1.081800072912919792e-03 8.393751674074196521e-06 1.237950281786503342e-05
2.999999999999999889e-01 1.001848659555939935e+00 1.145436303064661801e-03 9.286565311445699636e-06 1.368817713373917138e-05
3.049999999999999933e-01 1.001983072385710605e+00 1.211919846555834001e-03 1.025730014298234553e-05 1.510992471894311702e-05
3.099999999999999978e-01 1.002123002837959964e+00 1.281348328872630163e-03 1.131132694083678842e-05 1.665240012985571075e-05
3.150000000000000022e-01 1.002268427253648841e+00 1.353822215938693761e-03 1.245429128052602869e-05 1.832363515540550849e-05
3.200000000000000067e-01 1.002419322183694117e+00 1.429444685518864314e-03 1.369212278993052174e-05 2.013205032686898416e-05
3.250000000000000111e-01 1.002575664386349930e+00 1.508322296885343224e-03 1.503104707927401088e-05 2.208647022842335659e-05
3.300000000000000155e-01 1.002737430824617970e+00 1.590564364807968379e-03 1.647759579554067182e-05 2.419613581580916411e-05
3.350000000000000200e-01 1.002904598663692415e+00 1.676283543369770819e-03 1.803860669985004947e-05 2.647070199024011299e-05
3.400000000000000244e-01 1.003077145268434833e+00 1.765595667795047787e-03 1.972125639284773828e-05 2.892028318807726074e-05
3.450000000000000289e-01 1.003255048200880628e+00 1.858619962753787873e-03 2.153304855214709348e-05 3.155543313257785752e-05
3.500000000000000333e-01 1.003438285217776782e+00 1.955478973107348251e-03 2.348183401732113163e-05 3.438717157435688254e-05
3.549999999999999822e-01 1.003626834268148693e+00 2.056298921334904009e-03 2.557581927979601800e-05 3.742699336583861226e-05
3.599999999999999867e-01 1.003820673490896542e+00 2.161209294374239701e-03 2.782358017378683840e-05 4.068688564767904446e-05
3.649999999999999911e-01 1.004019781212422524e+00 2.270343763180356338e-03 3.023408018863942226e-05 4.417935121291829097e-05
3.699999999999999956e-01 1.004224135944284502e+00 2.383839501106637098e-03 3.281666274872632689e-05 4.791739359239308865e-05
3.750000000000000000e-01 1.004433716380879638e+00 2.501837236081428956e-03 3.558107473836540259e-05 5.191454771427128092e-05
3.800000000000000044e-01 1.004648501397155336e+00 2.624482568415262371e-03 3.853748257930227083e-05 5.618489970140613896e-05
3.850000000000000089e-01 1.004868470046347273e+00 2.751924174933390466e-03 4.169647768598011529e-05 6.074309087456793231e-05
3.900000000000000133e-01 1.005093601557745631e+00 2.884315510956101791e-03 4.506909635355956265e-05 6.560434257706948579e-05
3.950000000000000178e-01 1.005323875334485528e+00 3.021814315239484960e-03 4.866680736003970136e-05 7.078443263044262496e-05
4.000000000000000222e-01 1.005559270951367434e+00 3.164582577582896860e-03 5.250157532821375135e-05 7.629978531468424921e-05
4.050000000000000266e-01 1.005799768152698448e+00 3.312786896421716226e-03 5.658580476967512953e-05 8.216738279472423734e-05
4.100000000000000311e-01 1.006045346850164002e+00 3.466598118890405322e-03 6.093241376501287178e-05 8.840486880983908376e-05
4.150000000000000355e-01 1.006295987120720881e+00 3.626192335497109998e-03 6.555483182174623826e-05 9.503053961049638546e-05
4.199999999999999845e-01 1.006551669204517108e+00 3.791750563000717642e-03 7.046697345981121289e-05 1.020633003932712674e-04
4.249999999999999889e-01 1.006812373502834479e+00 3.963458184937061757e-03 7.568333197550501516e-05 1.095227961153633431e-04
4.299999999999999933e-01 1.007078080576055967e+00 4.141506397172809058e-03 8.121889059951414684e-05 1.174292756219115009e-04
4.349999999999999978e-01 1.007348771141657329e+00 4.326090767376079664e-03 8.708924204088086052e-05 1.258037603557448530e-04
4.400000000000000022e-01 1.007624426072219359e+00 4.517413098229853576e-03 9.331052913790108358e-05 1.346679508084048995e-04
4.450000000000000067e-01 1.007905026393466796e+00 4.715680402283176260e-03 9.989947844681499006e-05 1.440442684076145667e-04
4.500000000000000111e-01 1.008190553282325652e+00 4.921104889627868698e-03 1.068734287476284290e-04 1.539558908834896182e-04
4.550000000000000155e-01 1.008480988065006079e+00 5.133905133430144777e-03 1.142503597636936611e-04 1.644267863770844493e-04
4.600000000000000200e-01 1.008776312215104998e+00 5.354305015186842411e-03 1.220488304626119076e-04 1.754816150074915845e-04
4.650000000000000244e-01 1.009076507351731156e+00 5.582535403545132655e-03 1.302881244676034028e-04 1.871459340017330765e-04
4.700000000000000289e-01 1.009381555237651273e+00 5.818832485589349457e-03 1.389881060495327806e-04 1.994459792537312166e-04
4.750000000000000333e-01 1.009691437777457068e+00 6.063439023286744389e-03 1.481694308234415077e-04 2.124089634761670159e-04
4.799999999999999822e-01 1.010006137015752481e+00 6.316604356237306116e-03 1.578533326189073330e-04 2.260627558827778565e-04
4.849999999999999867e-01 1.010325635135361333e+00 6.578584605205799705e-03 1.680618760780310862e-04 2.404362420210199918e-04
4.899999999999999911e-01 1.010649914455556075e+00 6.849643103912181688e-03 1.788177610775535515e-04 2.555590296685472792e-04
4.949999999999999956e-01 1.010978957430304748e+00 7.130048732410665911e-03 1.901444957159411698e-04 2.714616890841920187e-04
5.000000000000000000e-01 1.011312746646537475e+00 7.420079243586607046e-03 2.020663504669918122e-04 2.881756773647327699e-04
5.050000000000000044e-01 1.011651264822433394e+00 7.720018994971991448e-03 2.146084131913696580e-04 3.057334053287349670e-04
5.100000000000000089e-01 1.011994494805724676e+00 8.030159747381514571e-03 2.277964986026837434e-04 3.241680991236309110e-04
5.150000000000000133e-01 1.012342419572020980e+00 8.350801566433415507e-03 2.416572723344088155e-04 3.435139617311275587e-04
5.200000000000000178e-01 1.012695022223150554e+00 8.682251292290428177e-03 2.562182702610554569e-04 3.638061971564969044e-04
5.250000000000000222e-01 1.013052285985520662e+00 9.024825093576787152e-03 2.715079252619687555e-04 3.850810339719142657e-04
5.300000000000000266e-01 1.013414194208494434e+00 9.378847007498566923e-03 2.875554218806479771e-04 4.073754945432435642e-04
5.350000000000000311e-01 1.013780730362787486e+00 9.744649347613211846e-03 3.043910002731000579e-04 4.307278352737152092e-04
5.400000000000000355e-01 1.014151878038878962e+00 1.012257352349503134e-02 3.220456869441920382e-04 4.551771345890380711e-04
5.450000000000000400e-01 1.014527620945441466e+00 1.051296906222907133e-02 3.405515707856481022e-04 4.807636731361418156e-04
5.500000000000000444e-01 1.014907942907788518e+00 1.091619562731575496e-02 3.599415571347279073e-04 5.075285793315716847e-04
5.550000000000000488e-01 1.015292827866336012e+00 1.133262181929687099e-02 3.802497075719610221e-04 5.355142886219682943e-04
5.600000000000000533e-01 1.015682259875082316e+00 1.176262600463391823e-02 4.015109403524420688e-04 5.647641044672657186e-04
5.650000000000000577e-01 1.016076223100103704e+00 1.220659629754155227e-02 4.237612809909655593e-04 5.953225426891679264e-04
5.700000000000000622e-01 1.016474701818065096e+00 1.266493058026867125e-02 4.470377430380995370e-04 6.272351397240647506e-04
5.750000000000000666e-01 1.016877680414747243e+00 1.313803736481471834e-02 4.713784481929973627e-04 6.605486072954548692e-04
5.799999999999999600e-01 1.017285143383589441e+00 1.362633617155521552e-02 4.968227086334228368e-04 6.953109383415339044e-04
5.849999999999999645e-01 1.017697075324246692e+00 1.413025630600068736e-02 5.234106668825866740e-04 7.315708705715008109e-04
5.899999999999999689e-01 1.018113460941162618e+00 1.465024019947546580e-02 5.511839190120721831e-04 7.693787634953552952e-04
5.949999999999999734e-01 1.018534285042156151e+00 1.518673798356618386e-02 5.801851103168112304e-04 8.087859761945797232e-04
5.999999999999999778e-01 1.018959532537025314e+00 1.574021503098753730e-02 6.104580553410515406e-04 8.498450529369756638e-04
6.049999999999999822e-01 1.019389188436160998e+00 1.631114856643717595e-02 6.420476414694061039e-04 8.926095488624073921e-04
6.099999999999999867e-01 1.019823237849180497e+00 1.690002442062131169e-02 6.750003473306772760e-04 9.371347521216341278e-04
6.149999999999999911e-01 1.020261665983570154e+00 1.750734651330568617e-02 7.093633945403465379e-04 9.834764288813677580e-04
6.199999999999999956e-01 1.020704458143344873e+00 1.813362571887072380e-02 7.451859225438743975e-04 1.031692516636102674e-03
6.250000000000000000e-01 1.021151599727719406e+00 1.877939063687422347e-02 7.825179799890545759e-04 1.081841631012878937e-03
6.300000000000000044e-01 1.021603076229795626e+00 1.944518178091332594e-02 8.214109359437789248e-04 1.133983637822635069e-03
6.350000000000000089e-01 1.022058873235258902e+00 2.013155242617638979e-02 8.619176384592547790e-04 1.188179854912461931e-03
6.400000000000000133e-01 1.022518976421092685e+00 2.083907195373988636e-02 9.040923194730565195e-04 1.244492891302833660e-03
6.450000000000000178e-01 1.022983371554301524e+00 2.156832417127271112e-02 9.479907613749728431e-04 1.302986844203509516e-03
6.500000000000000222e-01 1.023452044490649859e+00 2.231990649010239663e-02 9.936700381018262647e-04 1.363726922018658905e-03
6.550000000000000266e-01 1.023924981173411908e+00 2.309443161849927817e-02 1.041188517678253963e-03 1.426779414717951585e-03
6.600000000000000311e-01 1.024402167632133542e+00 2.389253004465204111e-02 1.090606528721428659e-03 1.492212606131840605e-03
6.650000000000000355e-01 1.024883589981409493e+00 2.471484590361832170e-02 1.141985768205512099e-03 1.560095877363115377e-03
6.700000000000000400e-01 1.025369234419667430e+00 2.556204195959066450e-02 1.195389145904584248e-03 1.630499541222925732e-03
6.750000000000000444e-01 1.025859087227968924e+00 2.643479628482853228e-02 1.250881643918339567e-03 1.703495892467794077e-03
6.800000000000000488e-01 1.026353134768820174e+00 2.733380481230352627e-02 1.308529871585944158e-03 1.779158679937665284e-03
6.850000000000000533e-01 1.026851363484993174e+00 2.825978123005696424e-02 1.368401540499052191e-03 1.857562260724184532e-03
6.900000000000000577e-01 1.027353759898360641e+00 2.921345882534698638e-02 1.430566931438308079e-03 1.938783627704330050e-03
6.950000000000000622e-01 1.027860310608740946e+00 3.019558616434735165e-02 1.495097118750111443e-03 2.022899887770501087e-03
7.000000000000000666e-01 1.028371002292754355e+00 3.120693386600323707e-02 1.562065645235800621e-03 2.109990601537590094e-03
7.049999999999999600e-01 1.028885821702690384e+00 3.224829374507465901e-02 1.631547453562197251e-03 2.200136201825822653e-03
7.099999999999999645e-01 1.029404755665387139e+00 3.332047216604450135e-02 1.703619473053917619e-03 2.293418829142463648e-03
7.149999999999999689e-01 1.029927791081118427e+00 3.442430165905783351e-02 1.778360682737721923e-03 2.389922346049716713e-03
7.199999999999999734e-01 1.030454914922495746e+00 3.556063441565433109e-02 1.855851522825847878e-03 2.489731476466896555e-03
7.249999999999999778e-01 1.030986114233377604e+00 3.673034297673807153e-02 1.936175186079884623e-03 2.592933520070570333e-03
7.299999999999999822e-01 1.031521376127789047e+00 3.793432190959884764e-02 2.019415079314042846e-03 2.699614888715325210e-03
7.349999999999999867e-01 1.032060687788854958e+00 3.917349301001824685e-02 2.105659214806591094e-03 2.809867087058473458e-03
7.399999999999999911e-01 1.032604036467738684e+00 4.044879507768234933e-02 2.194995419548693028e-03 2.923779955266760707e-03
7.449999999999999956e-01 1.033151409482594651e+00 4.176119736616795003e-02 2.287514440750616600e-03 3.041446110897405141e-03
7.500000000000000000e-01 1.033702794217528753e+00 4.311169132574869944e-02 2.383309626313837720e-03 3.162960234929280273e-03
7.550000000000000044e-01 1.034258178121568061e+00 4.450129213418430041e-02 2.482475484924727156e-03 3.288417217205277278e-03
7.600000000000000089e-01 1.034817548707643198e+00 4.593104219444586744e-02 2.585109667916763495e-03 3.417914743840139418e-03
7.650000000000000133e-01 1.035380893551575587e+00 4.740201269936402534e-02 2.691311558809261501e-03 3.551551305055794007e-03
7.700000000000000178e-01 1.035948200291078702e+00 4.891529700856643570e-02 2.801183315215176935e-03 3.689427601295362791e-03
7.750000000000000222e-01 1.036519456624765523e+00 5.047202241358587915e-02 2.914828862947372798e-03 3.831645108297085985e-03
7.800000000000000266e-01 1.037094650311166655e+00 5.207334327333129620e-02 3.032354472697665858e-03 3.978306746663081220e-03
7.850000000000000311e-01 1.037673769167756666e+00 5.372044307388227496e-02 3.153869321773067509e-03 4.129517757063587251e-03
7.900000000000000355e-01 1.038256801069989743e+00 5.541453728338429502e-02 3.279484468072823601e-03 4.285383892559660977e-03
7.950000000000000400e-01 1.038843733950345127e+00 5.715686878152861916e-02 3.409315149937678160e-03 4.446015052434633234e-03
8.000000000000000444e-01 1.039434555797379867e+00 5.894871260232022181e-02 3.543476275570580942e-03 4.611518427116559349e-03
8.050000000000000488e-01 1.040029254654790458e+00 6.079138621986741875e-02 3.682088203327431308e-03 4.782006897943234629e-03
8.100000000000000533e-01 1.040627818620484257e+00 6.268622927566673553e-02 3.825272762122195001e-03 4.957593026546143478e-03
8.150000000000000577e-01 1.041230235845658436e+00 6.463462211103619681e-02 3.973153830952126653e-03 5.138390175690668235e-03
8.200000000000000622e-01 1.041836494533886492e+00 6.663798079922526874e-02 4.125858597807532252e-03 5.324513993768858339e-03
8.250000000000000666e-01 1.042446582940215416e+00 6.869775191784263657e-02 4.283518282839277221e-03 5.516083215632094396e-03
8.300000000000000711e-01 1.043060489370268407e+00 7.081542962965732546e-02 4.446265044335395190e-03 5.713215691055376771e-03
8.349999999999999645e-01 1.043678202179357140e+00 7.299254205625137215e-02 4.614234500685001315e-03 5.916031359174424124e-03
8.399999999999999689e-01 1.044299709771603135e+00 7.523064803351700580e-02 4.787567256899169857e-03 6.124654521058998241e-03
8.449999999999999734e-01 1.044925000599063569e+00 7.753136725139651853e-02 4.966403493575260834e-03 6.339206306040238298e-03
8.499999999999999778e-01 1.045554063160868408e+00 7.989634349717580908e-02 5.150889168943041489e-03 6.559813029167857641e-03
8.549999999999999822e-01 1.046186886002363758e+00 8.232726964775899381e-02 5.341172666227945141e-03 6.786601429601123517e-03
8.599999999999999867e-01 1.046823457714263217e+00 8.482588607930317826e-02 5.537404791108364692e-03 7.019699001580458758e-03
8.649999999999999911e-01 1.047463766931806317e+00 8.739397075146722316e-02 5.739741028193114103e-03 7.259236150543604132e-03
8.699999999999999956e-01 1.048107802333925420e+00 9.003335759149592998e-02 5.948338637151327421e-03 7.505343239668281138e-03
8.750000000000000000e-01 1.048755552642418598e+00 9.274592457387460798e-02 6.163360508170680555e-03 7.758154872487656520e-03
8.800000000000000044e-01 1.049407006621131844e+00 9.553359387316225082e-02 6.384970667460223605e-03 8.017803864725720278e-03
8.850000000000000089e-01 1.050062153075147497e+00 9.839834233545158293e-02 6.613337317523754200e-03 8.284425472591365122e-03
8.900000000000000133e-01 1.050720980849978670e+00 1.013422007857659457e-01 6.848633795033919579e-03 8.558158931773146225e-03
8.950000000000000178e-01 1.051383478830772988e+00 1.043672578886108565e-01 7.091034688922507115e-03 8.839140975494465258e-03
9.000000000000000222e-01 1.052049635941522787e+00 1.074756464741397355e-01 7.340721495881218604e-03 9.127514519900115780e-03
9.050000000000000266e-01 1.052719441144281065e+00 1.106695507690140939e-01 7.597875310340318142e-03 9.423418118613191563e-03
9.100000000000000311e-01 1.053392883438386107e+00 1.139512391137314229e-01 7.862684370020692898e-03 9.726996325271930824e-03
9.150000000000000355e-01 1.054069951859691656e+00 1.173230178974565552e-01 8.135340882679491584e-03 1.003839460566166922e-02
9.200000000000000400e-01 1.054750635479804632e+00 1.207872578488125154e-01 8.416039285596940353e-03 1.035775813766781454e-02
9.250000000000000444e-01 1.055434923405329073e+00 1.243463976059772103e-01 8.704979764330197933e-03 1.068523518770921402e-02
9.300000000000000488e-01 1.056122804777117841e+00 1.280029371839147279e-01 9.002364891839058011e-03 1.102097308735133091e-02
9.350000000000000533e-01 1.056814268769528553e+00 1.317594342413396513e-01 9.308405124708209535e-03 1.136512541696790314e-02
9.400000000000000577e-01 1.057509304589689725e+00 1.356185446776100312e-01 9.623309603872608198e-03 1.171783935106968100e-02
9.450000000000000622e-01 1.058207901476769797e+00 1.395829655712322592e-01 9.947297494272132681e-03 1.207927097460946737e-02
9.500000000000000666e-01 1.058910048701254603e+00 1.436554788689611284e-01 1.028059060899062793e-02 1.244957546959236938e-02
9.550000000000000711e-01 1.059615735564230832e+00 1.478389349260475494e-01 1.062341322164303027e-02 1.282890603916702829e-02
9.599999999999999645e-01 1.060324951396675930e+00 1.521362677071030900e-01 1.097599839526049517e-02 1.321742269770887455e-02
9.649999999999999689e-01 1.061037685558753330e+00 1.565504802812877627e-01 1.133857974186079122e-02 1.361528131691975944e-02
9.699999999999999734e-01 1.061753927439116119e+00 1.610846707084146179e-01 1.171139990482816980e-02 1.402264406493018180e-02
9.749999999999999778e-01 1.062473666454213594e+00 1.657420218381026877e-01 1.209470448445124080e-02 1.443967157642868891e-02
9.799999999999999822e-01 1.063196892047607145e+00 1.705257747200916441e-01 1.248874393929563092e-02 1.486652677514396434e-02
9.849999999999999867e-01 1.063923593689290348e+00 1.754392817356176804e-01 1.289377401599500587e-02 1.530337158411293648e-02
9.899999999999999911e-01 1.064653760875015509e+00 1.804859945138453103e-01 1.331005780480424422e-02 1.575037402493314337e-02
9.949999999999999956e-01 1.065387383125626419e+00 1.856694325111437616e-01 1.373786165736948228e-02 1.620769905106373213e-02
1.000000000000000000e+00 1.066124449986396217e+00 1.909932306914463584e-01 1.417745966489771491e-02 1.667551638002842673e-02
1.005000000000000115e+00 1.066864951026373021e+00 1.964610433422191715e-01 1.462915933155921160e-02 1.715404224460718996e-02
1.010000000000000009e+00 1.067608875837728233e+00 2.020767532122584587e-01 1.509321852579664953e-02 1.764340419306013874e-02
1.015000000000000124e+00 1.068356214035114826e+00 2.078443070351634059e-01 1.556992629292750820e-02 1.814377176216494178e-02
1.020000000000000018e+00 1.069106955255026969e+00 2.137677534152479519e-01 1.605958005767069499e-02 1.865531950895197091e-02
1.024999999999999911e+00 1.069861089155168976e+00 2.198512292889193975e-01 1.656248079692198075e-02 1.917821905544941918e-02
1.030000000000000027e+00 1.070618605413826918e+00 2.260989944152287656e-01 1.707894073229970430e-02 1.971265047915032875e-02
1.034999999999999920e+00 1.071379493729249344e+00 2.325154568722824777e-01 1.760927351695677420e-02 2.025878821542433789e-02
1.040000000000000036e+00 1.072143743819029771e+00 2.391051209574764913e-01 1.815380441539561976e-02 2.081681386519083909e-02
1.044999999999999929e+00 1.072911345419497398e+00 2.458725992506290980e-01 1.871285741813489070e-02 2.138690040557392202e-02
1.050000000000000044e+00 1.073682288285112474e+00 2.528226606016167888e-01 1.928677397587192505e-02 2.196923631353880912e-02
1.054999999999999938e+00 1.074456562187866782e+00 2.599602030458388335e-01 1.987589446553821720e-02 2.256399986082245623e-02
1.060000000000000053e+00 1.075234156916690775e+00 2.672902200566448228e-01 2.048057186887988074e-02 2.317137748143963463e-02
1.064999999999999947e+00 1.076015062276864054e+00 2.748179220100978037e-01 2.110116080289376958e-02 2.379155063184996283e-02
1.070000000000000062e+00 1.076799268089433603e+00 2.825485875065497643e-01 2.173803184814675910e-02 2.442471190946339521e-02
1.074999999999999956e+00 1.077586764190635593e+00 2.904876921797112099e-01 2.239155465114341104e-02 2.507104465786013162e-02
1.080000000000000071e+00 1.078377540431322945e+00 2.986408273986236872e-01 2.306211245646760943e-02 2.573074092340113528e-02
1.084999999999999964e+00 1.079171586676399119e+00 3.070137814577083568e-01 2.375009342363996676e-02 2.640399023029905631e-02
1.090000000000000080e+00 1.079968892804255898e+00 3.156124712778722308e-01 2.445590001624738108e-02 2.709099174562005358e-02
1.094999999999999973e+00 1.080769448706216718e+00 3.244429918276394709e-01 2.517993395932031572e-02 2.779193333415797343e-02
1.100000000000000089e+00 1.081573244285985780e+00 3.335116066772924048e-01 2.592261476958126337e-02 2.850701714289580538e-02
1.104999999999999982e+00 1.082380269459101152e+00 3.428247768802057949e-01 2.668436446137971776e-02 2.923643832499747686e-02
1.110000000000000098e+00 1.083190514152395201e+00 3.523891067927437115e-01 2.746562049151302434e-02 2.998040226276002182e-02
1.114999999999999991e+00 1.084003968303457022e+00 3.622114306433793507e-01 2.826681959567215255e-02 3.073910515893970435e-02
1.120000000000000107e+00 1.084820621860102863e+00 3.722987199103227618e-01 2.908841804573373060e-02 3.151275415141112368e-02
1.125000000000000000e+00 1.085640464779849657e+00 3.826582103371057308e-01 2.993087809706820174e-02 3.230155784973549188e-02
1.130000000000000115e+00 1.086463487029394992e+00 3.932973074606356256e-01 3.079467585724515385e-02 3.310572780248458719e-02
1.135000000000000009e+00 1.087289678584100638e+00 4.042236082348162340e-01 3.168029708262036503e-02 3.392548275444103034e-02
1.140000000000000124e+00 1.088119029427482509e+00 4.154449463062353520e-01 3.258822461260266201e-02 3.476102116421801724e-02
1.145000000000000018e+00 1.088951529550704622e+00 4.269693875146690076e-01 3.351896534020538249e-02 3.561256424402080289e-02
1.150000000000000133e+00 1.089787168952079055e+00 4.388052138555558757e-01 3.447305169895523158e-02 3.648035510202438103e-02
1.155000000000000027e+00 1.090625937636568565e+00 4.509609598761566418e-01 3.545099156804225327e-02 3.736459331086704888e-02
1.159999999999999920e+00 1.091467825615297427e+00 4.634453772962991991e-01 3.645333315600001595e-02 3.826551751589584577e-02
1.165000000000000036e+00 1.092312822905064262e+00 4.762674567274595705e-01 3.748062926226577302e-02 3.918336357205977338e-02
1.169999999999999929e+00 1.093160919527861763e+00 4.894365129857399244e-01 3.853343744561171097e-02 4.011835785181486896e-02
1.175000000000000044e+00 1.094012105510399513e+00 5.029620533074208311e-01 3.961234266125759906e-02 4.107075259395143868e-02
1.179999999999999938e+00 1.094866370883633921e+00 5.168538900881525233e-01 4.071793554330498111e-02 4.204079404738407522e-02
1.185000000000000053e+00 1.095723705682299487e+00 5.311221071597581611e-01 4.185081164067907394e-02 4.302872419319984237e-02
1.189999999999999947e+00 1.096584099944449830e+00 5.457770887063470022e-01 4.301158789584438175e-02 4.403479845776502033e-02
1.195000000000000062e+00 1.097447543710998508e+00 5.608295022893542425e-01 4.420091110597049872e-02 4.505930043655868855e-02
1.199999999999999956e+00 1.098314027025267592e+00 5.762903714905353025e-01 4.541940235278203036e-02 4.610246630069251422e-02
1.205000000000000071e+00 1.099183539932540254e+00 5.921709085124035044e-01 4.666774562170019486e-02 4.716460297057371159e-02
1.209999999999999964e+00 1.100056072479618674e+00 6.084827488469947143e-01 4.794660789643308274e-02 4.824597882624725304e-02
1.215000000000000080e+00 1.100931614714385054e+00 6.252379198289361728e-01 4.925668785272708378e-02 4.934689688794752227e-02
1.219999999999999973e+00 1.101810156685369746e+00 6.424486144777465935e-01 5.059868304962178431e-02 5.046764284122561006e-02
1.225000000000000089e+00 1.102691688441321372e+00 6.601275405574524857e-01 5.197332496642633609e-02 5.160853170136542323e-02
1.229999999999999982e+00 1.103576200030784493e+00 6.782876382950767669e-01 5.338135231097923539e-02 5.276988233660794697e-02
1.235000000000000098e+00 1.104463681501680172e+00 6.969423495568888294e-01 5.482353118843875245e-02 5.395202825756291454e-02
1.239999999999999991e+00 1.105354122900890967e+00 7.161053371870077511e-01 5.630063555125987967e-02 5.515530921112515861e-02
1.245000000000000107e+00 1.106247514273852595e+00 7.357908840870088785e-01 5.781346746726268720e-02 5.638008507929687108e-02
1.250000000000000000e+00 1.107143845664148030e+00 7.560133873847105779e-01 5.936283831404563782e-02 5.762671572161138372e-02
1.255000000000000115e+00 1.108043107113107384e+00 7.767879074476564671e-01 6.094959784347349363e-02 5.889560182113547787e-02
1.260000000000000009e+00 1.108945288659413109e+00 7.981297901843216192e-01 6.257457828998139182e-02 6.018710617400779145e-02
1.265000000000000124e+00 1.109850380338708309e+00 8.200549118963395001e-01 6.423867855606744948e-02 6.150167944745069115e-02
1.270000000000000018e+00 1.110758372183210829e+00 8.425794367862009526e-01 6.594279220824270094e-02 6.283973534077944012e-02
1.275000000000000133e+00 1.111669254221331116e+00 8.657201649771777419e-01 6.768783238430083060e-02 6.420172359198889067e-02
1.280000000000000027e+00 1.112583016477296738e+00 8.894943324328946632e-01 6.947475597018082372e-02 6.558812737965517836e-02
1.284999999999999920e+00 1.113499648970778022e+00 9.139195307361576148e-01 7.130452241392236379e-02 6.699942822686118238e-02
1.290000000000000036e+00 1.114419141716522343e+00 9.390139733241368303e-01 7.317813495132625967e-02 6.843616301355288922e-02
1.294999999999999929e+00 1.115341484723989307e+00 9.647963386386766427e-01 7.509660161314161975e-02 6.989885919207440568e-02
1.300000000000000044e+00 1.116266667996994588e+00 9.912857680087908685e-01 7.706096503867224112e-02 7.138808948659047804e-02
1.304999999999999938e+00 1.117194681533353773e+00 1.018502130438563524e+00 7.907230615004344487e-02 7.290446164695482678e-02
1.310000000000000053e+00 1.118125515324534858e+00 1.046465548500340237e+00 8.113170928929135106e-02 7.444859606934882412e-02
1.314999999999999947e+00 1.119059159355313193e+00 1.075196926633280814e+00 8.324029753417445943e-02 7.602115757824005893e-02
1.320000000000000062e+00 1.119995603603431533e+00 1.104717660545625479e+00 8.539924638905112275e-02 7.762286398844568669e-02
1.324999999999999956e+00 1.120934838039265857e+00 1.135049690448938442e+00 8.760971441996817655e-02 7.925442345464696337e-02
1.330000000000000071e+00 1.121876852625492305e+00 1.166215578894668869e+00 8.987293464387272057e-02 8.091664524771061129e-02
1.334999999999999964e+00 1.122821637316764765e+00 1.198238529868338897e+00 9.219013900652034410e-02 8.261032972525943208e-02
1.340000000000000080e+00 1.123769182059389804e+00 1.231142340989051176e+00 9.456262509031208852e-02 8.433636879550679422e-02
1.344999999999999973e+00 1.124719476791012696e+00 1.264951318445862949e+00 9.699170004497424669e-02 8.609567668730939982e-02
1.350000000000000089e+00 1.125672511440304557e+00 1.299690683948500292e+00 9.947869389798719153e-02 8.788920703138056179e-02
1.354999999999999982e+00 1.126628275926654377e+00 1.335385925617093461e+00 1.020250056757670692e-01 8.971800776150706813e-02
1.360000000000000098e+00 1.127586760159866808e+00 1.372063569269832195e+00 1.046320607139463038e-01 9.158317725340694992e-02
1.364999999999999991e+00 1.128547954039863965e+00 1.409750671619790952e+00 1.073012959685053364e-01 9.348584781847150971e-02
1.370000000000000107e+00 1.129511847456391438e+00 1.448474807284549914e+00 1.100342225592907952e-01 9.542726133248737030e-02
1.375000000000000000e+00 1.130478430288730518e+00 1.488264458475387242e+00 1.128323800217909262e-01 9.740872127309296857e-02
1.380000000000000115e+00 1.131447692405412875e+00 1.529148675116624334e+00 1.156973354747205529e-01 9.943158901906140601e-02
1.385000000000000009e+00 1.132419623663941444e+00 1.571157254172811824e+00 1.186307090857640911e-01 1.014973304379681723e-01
1.390000000000000124e+00 1.133394213910515980e+00 1.614320762714991142e+00 1.216341786764237182e-01 1.036075069558536621e-01
1.395000000000000018e+00 1.134371452979762385e+00 1.658670419152409092e+00 1.247094391669438529e-01 1.057637484418848944e-01
1.400000000000000133e+00 1.135351330694467364e+00 1.704238091649482145e+00 1.278582433195769863e-01 1.079677950516435558e-01
1.405000000000000027e+00 1.136333836865317526e+00 1.751056540153789198e+00 1.310823897841148777e-01 1.102215017185470269e-01
1.409999999999999920e+00 1.137318961290643582e+00 1.799159062139388920e+00 1.343837257255215134e-01 1.125268257345322653e-01
1.415000000000000036e+00 1.138306693756168331e+00 1.848579828732082486e+00 1.377641762578823148e-01 1.148858765127532960e-01
1.419999999999999929e+00 1.139297024034760630e+00 1.899353670080154100e+00 1.412256598861807988e-01 1.173008271744544195e-01
1.425000000000000044e+00 1.140289941886192482e+00 1.951516079278416749e+00 1.447702017515725970e-01 1.197740544920938843e-01
1.429999999999999938e+00 1.141285437056903218e+00 2.005103296041842231e+00 1.483998525544094893e-01 1.223080433482032908e-01
1.435000000000000053e+00 1.142283499279765024e+00 2.060152442992767341e+00 1.521167188456961916e-01 1.249054260174052439e-01
1.439999999999999947e+00 1.143284118273856675e+00 2.116700976309138227e+00 1.559229892440122944e-01 1.275690269311661185e-01
1.445000000000000062e+00 1.144287283744239936e+00 2.174787360313374940e+00 1.598208512278933846e-01 1.303017823935283814e-01
1.449999999999999956e+00 1.145292985381740625e+00 2.234450253897418470e+00 1.638126100391951723e-01 1.331068502675123444e-01
1.455000000000000071e+00 1.146301212862736563e+00 2.295729862624703799e+00 1.679006012126624259e-01 1.359875780726007011e-01
1.459999999999999964e+00 1.147311955848947074e+00 2.358665827973899898e+00 1.720872782817257918e-01 1.389475558478143746e-01
1.465000000000000080e+00 1.148325203987230259e+00 2.423299233626111882e+00 1.763750355043491591e-01 1.419904653925412596e-01
1.469999999999999973e+00 1.149340946909383598e+00 2.489671343642132939e+00 1.807664572812807402e-01 1.451203219492069318e-01
1.475000000000000089e+00 1.150359174231948334e+00 2.557824104696934331e+00 1.852641252550504269e-01 1.483413322148876001e-01
1.479999999999999982e+00 1.151379875556021837e+00 2.627799915232554628e+00 1.898707214619149153e-01 1.516579719359551215e-01
1.485000000000000098e+00 1.152403040467071982e+00 2.699641179392810564e+00 1.945889559780296929e-01 1.550749458386191382e-01
1.489999999999999991e+00 1.153428658534756623e+00 2.773391415041761121e+00 1.994216135315043936e-01 1.585972261490482538e-01
1.495000000000000107e+00 1.154456719312749513e+00 2.849093928565781919e+00 2.043716051182204729e-01 1.622301638183017425e-01
1.500000000000000000e+00 1.155487212338569769e+00 2.926792489350681148e+00 2.094418516866527746e-01 1.659793080827775824e-01
1.505000000000000115e+00 1.156520127133416675e+00 3.006530599771561008e+00 2.146353338628890772e-01 1.698505454964844008e-01
1.510000000000000009e+00 1.157555453202008700e+00 3.088352718920490680e+00 2.199551805960860973e-01 1.738501676326780210e-01
1.515000000000000124e+00 1.158593180032429393e+00 3.172302397671677543e+00 2.254044788224862927e-01 1.779846858998196668e-01
1.520000000000000018e+00 1.159633297095975069e+00 3.258423621015581251e+00 2.309865279745854649e-01 1.822611466447639217e-01
1.525000000000000133e+00 1.160675793847010029e+00 3.346759996332953957e+00 2.367045579898015839e-01 1.866868059694557214e-01
1.530000000000000027e+00 1.161720659722826676e+00 3.437355045806604892e+00 2.425619747182017338e-01 1.912694511107970730e-01
1.535000000000000142e+00 1.162767884143507846e+00 3.530251683050201983e+00 2.485621471082934408e-01 1.960171388511866286e-01
1.540000000000000036e+00 1.163817456511797577e+00 3.625492198587271897e+00 2.547086539300688623e-01 2.009385288416598025e-01
1.544999999999999929e+00 1.164869366212974766e+00 3.723118160325494141e+00 2.610050702838618286e-01 2.060426528786703237e-01
1.550000000000000044e+00 1.165923602614732379e+00 3.823170739029826404e+00 2.674549696884708783e-01 2.113389155673625064e-01
1.554999999999999938e+00 1.166980155067061542e+00 3.925689323153148891e+00 2.740620898345844103e-01 2.168373295570712733e-01
1.560000000000000053e+00 1.168039012902141183e+00 4.030712837227506284e+00 2.808302473513771824e-01 2.225483984987914055e-01
1.564999999999999947e+00 1.169100165434231231e+00 4.138278518658728977e+00 2.877632314823506121e-01 2.284830789486996527e-01
1.570000000000000062e+00 1.170163601959574473e+00 4.248421771241704725e+00 2.948649329719104095e-01 2.346528593018319397e-01
1.574999999999999956e+00 1.171229311756297298e+00 4.361176694743452487e+00 3.021392935532229984e-01 2.410698283535322450e-01
1.580000000000000071e+00 1.172297284084322211e+00 4.476574975814611612e+00 3.095903535460665101e-01 2.477466187740241799e-01
1.584999999999999964e+00 1.173367508185281460e+00 4.594646578890729138e+00 3.172221581245162625e-01 2.546964454671317712e-01
1.590000000000000080e+00 1.174439973282435989e+00 4.715418737591235754e+00 3.250387978744041506e-01 2.619331013540117659e-01
1.594999999999999973e+00 1.175514668580601496e+00 4.838915639698799787e+00 3.330443962100234634e-01 2.694709525927950211e-01
1.600000000000000089e+00 1.176591583266077601e+00 4.965159333731510749e+00 3.412431580017952215e-01 2.773250881946637270e-01
1.604999999999999982e+00 1.177670706506583453e+00 5.094166994269826887e+00 3.496392572766441331e-01 2.855110750557587895e-01
1.610000000000000098e+00 1.178752027451198003e+00 5.225954418427740222e+00 3.582369216983533611e-01 2.940451997900619396e-01
1.614999999999999991e+00 1.179835535230304933e+00 5.360531742235894903e+00 3.670403965929037171e-01 3.029444007093174962e-01
1.620000000000000107e+00 1.180921218955544472e+00 5.497906103711502901e+00 3.760539211562626827e-01 3.122261926088903961e-01
1.625000000000000000e+00 1.182009067719768769e+00 5.638079326400558422e+00 3.852817497112166478e-01 3.219087952679716702e-01
1.630000000000000115e+00 1.183099070597002811e+00 5.781049167485628359e+00 3.947281025672574328e-01 3.320110280041102535e-01
1.635000000000000009e+00 1.184191216642411337e+00 5.926807471572179686e+00 4.043972001005709527e-01 3.425523611563598969e-01
1.640000000000000124e+00 1.185285494892271307e+00 6.075342024732991675e+00 4.142932202354438487e-01 3.535528912512052035e-01
1.645000000000000018e+00 1.186381894363947032e+00 6.226633173160026402e+00 4.244202586503402208e-01 3.650332763418951965e-01
1.650000000000000133e+00 1.187480404055874628e+00 6.380656598674930180e+00 4.347825188197399493e-01 3.770149919109202497e-01
1.655000000000000027e+00 1.188581012947548476e+00 6.537380491095720281e+00 4.453839435181086714e-01 3.895198113708970844e-01
1.660000000000000142e+00 1.189683709999514560e+00 6.696767345215114631e+00 4.562284550384133608e-01 4.025701978560625172e-01
1.665000000000000036e+00 1.190788484153369131e+00 6.858772385100087909e+00 4.673199738485283583e-01 4.161892218991114500e-01
1.669999999999999929e+00 1.191895324331762041e+00 7.023342457333836997e+00 4.786622454601420218e-01 4.304003719351603419e-01
1.675000000000000044e+00 1.193004219438406732e+00 7.190418449377693477e+00 4.902588869077794120e-01 4.452275964467501401e-01
1.679999999999999938e+00 1.194115158358093565e+00 7.359932600016415805e+00 5.021134064758701054e-01 4.606953133659074107e-01
1.685000000000000053e+00 1.195228129956711127e+00 7.531808525714232871e+00 5.142291539126215838e-01 4.768282535560746105e-01
1.689999999999999947e+00 1.196343123081270665e+00 7.705962813717088800e+00 5.266093507736283597e-01 4.936515705208608940e-01
1.695000000000000062e+00 1.197460126559938276e+00 7.882302826675997132e+00 5.392570190370161720e-01 5.111906068703793160e-01
1.699999999999999956e+00 1.198579129202069993e+00 8.060727167112986535e+00 5.521749318997255518e-01 5.294708952384445944e-01
1.705000000000000071e+00 1.199700119798254416e+00 8.241125065663300830e+00 5.653657969671552763e-01 5.485181970651032968e-01
1.709999999999999964e+00 1.200823087120360011e+00 8.423379748070377815e+00 5.788319243887020127e-01 5.683581980449338156e-01
1.715000000000000080e+00 1.201948019921588173e+00 8.607361390414650870e+00 5.925755658974414253e-01 5.890167284257945557e-01
1.719999999999999973e+00 1.203074906936531852e+00 8.792935632443796834e+00 6.065986679175993102e-01 6.105194732936152224e-01
1.725000000000000089e+00 1.204203736881238829e+00 8.979955671055909860e+00 6.209027754645702890e-01 6.328917674338423449e-01
1.729999999999999982e+00 1.205334498453282777e+00 9.168268632878948665e+00 6.354893712487285073e-01 6.561588751518878659e-01
1.735000000000000098e+00 1.206467180331836975e+00 9.357712411107449668e+00 6.503596755558876952e-01 6.803457600129262373e-01
1.739999999999999991e+00 1.207601771177756689e+00 9.548115634957227371e+00 6.655141936794656266e-01 7.054763899097173940e-01
1.745000000000000107e+00 1.208738259633664436e+00 9.739300279864780308e+00 6.809538408695696710e-01 7.315750084843447576e-01
1.750000000000000000e+00 1.209876634324042799e+00 9.931081721430896181e+00 6.966785936699563253e-01 7.586644137904952068e-01
1.755000000000000115e+00 1.211016883855332349e+00 1.012326524285283647e+01 7.126883356494206900e-01 7.867668801951239743e-01
1.760000000000000009e+00 1.212158996816034451e+00 1.031565733516337069e+01 7.289829607629426667e-01 8.159039634128318896e-01
1.765000000000000124e+00 1.213302961776821398e+00 1.050804248571033561e+01 7.455614729610394731e-01 8.460963046308697111e-01
1.770000000000000018e+00 1.214448767290650766e+00 1.070021488091189887e+01 7.624227511240179167e-01 8.773628643933133464e-01
1.775000000000000133e+00 1.215596401892885980e+00 1.089195764982011738e+01 7.795656819897697209e-01 9.097221308722156508e-01
1.780000000000000027e+00 1.216745854101423552e+00 1.108305285269764973e+01 7.969884863875621450e-01 9.431908025658378714e-01
1.785000000000000142e+00 1.217897112416823635e+00 1.127327699468411559e+01 8.146892131135745618e-01 9.777844046728055849e-01
1.790000000000000036e+00 1.219050165322449919e+00 1.146240575253916738e+01 8.326658258728382167e-01 1.013517233675804707e+00
1.794999999999999929e+00 1.220205001284612623e+00 1.165021216409214766e+01 8.509155734820850192e-01 1.050401464202479040e+00
1.800000000000000044e+00 1.221361608752716377e+00 1.183647016671585028e+01 8.694356355266751324e-01 1.088447922211016605e+00
1.804999999999999938e+00 1.222519976159418986e+00 1.202095256814944690e+01 8.882232385345962822e-01 1.127666143818557343e+00
1.810000000000000053e+00 1.223680091920789526e+00 1.220343606317395313e+01 9.072751170036833512e-01 1.168063557769136285e+00
1.814999999999999947e+00 1.224841944436477315e+00 1.238369761977785721e+01 9.265875755604896513e-01 1.209645503195792671e+00
1.820000000000000062e+00 1.226005522089884225e+00 1.256151894268130143e+01 9.461571655488586474e-01 1.252416089418265210e+00
1.824999999999999956e+00 1.227170813248343206e+00 1.273668735494789495e+01 9.659802130047899782e-01 1.296377490052827541e+00
1.830000000000000071e+00 1.228337806263303689e+00 1.290899223283738806e+01 9.860524773413426036e-01 1.341529410732010819e+00
1.834999999999999964e+00 1.229506489470522324e+00 1.307823438950584105e+01 1.006370255550248727e+00 1.387870609898494312e+00
1.840000000000000080e+00 1.230676851190258825e+00 1.324421853736216370e+01 1.026929329101568866e+00 1.435397373957136402e+00
1.844999999999999973e+00 1.231848879727479362e+00 1.340675919152672080e+01 1.047725770919700539e+00 1.484104655423624797e+00
1.850000000000000089e+00 1.233022563372064173e+00 1.356568155246527674e+01 1.068755176336324997e+00 1.533984919523442292e+00
1.854999999999999982e+00 1.234197890399023168e+00 1.372081870121095015e+01 1.090013594028222732e+00 1.585029573016229376e+00
1.860000000000000098e+00 1.235374849068715752e+00 1.387201604570789826e+01 1.111497068108227682e+00 1.637228256976203999e+00
1.864999999999999991e+00 1.236553427627077095e+00 1.401913071149886214e+01 1.133201586501521918e+00 1.690568779528396570e+00
1.870000000000000107e+00 1.237733614305851271e+00 1.416203178902664028e+01 1.155123258278535570e+00 1.745037483223399244e+00
1.875000000000000000e+00 1.238915397322829737e+00 1.430060174424463959e+01 1.177258504299204978e+00 1.800619492989357306e+00
1.880000000000000115e+00 1.240098764882095139e+00 1.443473680311582541e+01 1.199603825642360899e+00 1.857298481226303366e+00
1.885000000000000009e+00 1.241283705174272667e+00 1.456434480031755641e+01 1.222155958159309774e+00 1.915056987816070810e+00
1.890000000000000124e+00 1.242470206376787178e+00 1.468934970826973618e+01 1.244911884116125744e+00 1.973876421351664190e+00
1.895000000000000018e+00 1.243658256654124994e+00 1.480968891795158626e+01 1.267868792104847264e+00 2.033737163632910683e+00
1.900000000000000133e+00 1.244847844158103012e+00 1.492531353737573063e+01 1.291024293787925936e+00 2.094618967689416245e+00
1.905000000000000027e+00 1.246038957028144711e+00 1.503619114543221258e+01 1.314376306333213673e+00 2.156500888043358266e+00
1.910000000000000142e+00 1.247231583391559262e+00 1.514229996651119414e+01 1.337922865455306809e+00 2.219361029732181745e+00
1.915000000000000036e+00 1.248425711363831514e+00 1.524363433281834723e+01 1.361662355821048553e+00 2.283177075760103758e+00
1.919999999999999929e+00 1.249621329048912655e+00 1.534020361085446105e+01 1.385594051467350596e+00 2.347927204829906245e+00
1.925000000000000044e+00 1.250818424539521745e+00 1.543202734733725556e+01 1.409716983205467677e+00 2.413588532175994228e+00
1.929999999999999938e+00 1.252016985917450365e+00 1.551914069003694507e+01 1.434030876226026985e+00 2.480138491680961454e+00
1.935000000000000053e+00 1.253217001253874363e+00 1.560159007802684528e+01 1.458535787668045591e+00 2.547554514137518655e+00
1.939999999999999947e+00 1.254418458609672937e+00 1.567943495703846857e+01 1.483232100388186314e+00 2.615814215895206907e+00
1.945000000000000062e+00 1.255621346035752151e+00 1.575274588416903931e+01 1.508120891152976650e+00 2.684895785053348138e+00
1.949999999999999956e+00 1.256825651573374891e+00 1.582160313533574048e+01 1.533203126219046641e+00 2.754777175822626045e+00
1.955000000000000071e+00 1.258031363254499713e+00 1.588609809156352703e+01 1.558480733642216176e+00 2.825437798180116200e+00
1.959999999999999964e+00 1.259238469102119673e+00 1.594633146640885180e+01 1.583955711673777689e+00 2.896856964478282226e+00
1.965000000000000080e+00 1.260446957130616275e+00 1.600241373255838440e+01 1.609630534253787326e+00 2.969014915020905754e+00
1.969999999999999973e+00 1.261656815346111182e+00 1.605446156501772137e+01 1.635507964442714179e+00 3.041892574369756019e+00
1.975000000000000089e+00 1.262868031746829489e+00 1.610260008411275834e+01 1.661591225496168001e+00 3.115471754454014697e+00
1.979999999999999982e+00 1.264080594323466533e+00 1.614696064393335462e+01 1.687883902312566242e+00 3.189735196136412654e+00
1.985000000000000098e+00 1.265294491059563597e+00 1.618768107210940244e+01 1.714390205341848938e+00 3.264667197277665522e+00
1.989999999999999991e+00 1.266509709931886274e+00 1.622490271083806235e+01 1.741114035353001910e+00 3.340251779901036056e+00
1.995000000000000107e+00 1.267726238910813485e+00 1.625877225179084817e+01 1.768060078761153564e+00 3.416474885434752640e+00
2.000000000000000000e+00 1.268944065960727619e+00 1.628944121618420482e+01 1.795233271901359950e+00 3.493323551798888094e+00
2.004999999999999893e+00 1.270163179040415979e+00 1.631706173765235235e+01 1.822638850412247491e+00 3.570785682162334496e+00
2.010000000000000231e+00 1.271383566103475360e+00 1.634179058980575050e+01 1.850282369278624106e+00 3.648850618941781310e+00
2.015000000000000124e+00 1.272605215098723486e+00 1.636378542917194423e+01 1.878169415554463262e+00 3.727508288695562833e+00
2.020000000000000018e+00 1.273828113970618237e+00 1.638320288403276237e+01 1.906305903364372112e+00 3.806749956423947978e+00
2.024999999999999911e+00 1.275052250659680864e+00 1.640020483289228181e+01 1.934698077479153788e+00 3.886568079192531666e+00
2.030000000000000249e+00 1.276277613102927866e+00 1.641494958947525973e+01 1.963352452939116866e+00 3.966956575076209912e+00
2.035000000000000142e+00 1.277504189234306420e+00 1.642759532615952267e+01 1.992275557549011866e+00 4.047909997166468266e+00
2.040000000000000036e+00 1.278731966985139357e+00 1.643830138284448239e+01 2.021473849557001934e+00 4.129423368145429762e+00
2.044999999999999929e+00 1.279960934284574359e+00 1.644722417380583579e+01 2.050954737204683020e+00 4.211494693362364039e+00
2.049999999999999822e+00 1.281191079060038929e+00 1.645451856080564568e+01 2.080724747055721746e+00 4.294120540636998662e+00
2.055000000000000160e+00 1.282422389237703575e+00 1.646033818498235135e+01 2.110791497480305257e+00 4.377300828133376065e+00
2.060000000000000053e+00 1.283654852742951435e+00 1.646483469460306637e+01 2.141161961992893215e+00 4.461034741300107243e+00
2.064999999999999947e+00 1.284888457500850345e+00 1.646815513661202957e+01 2.171843464837678983e+00 4.545322801496981313e+00
2.069999999999999840e+00 1.286123191436637780e+00 1.647044609212089483e+01 2.202843494795085455e+00 4.630166799343003348e+00
2.075000000000000178e+00 1.287359042476205584e+00 1.647185040066320028e+01 2.234169346140671752e+00 4.715568664762160189e+00
2.080000000000000071e+00 1.288595998546594679e+00 1.647250683917747693e+01 2.265829070984528570e+00 4.801533005493065609e+00
2.084999999999999964e+00 1.289834047576496001e+00 1.647255126300816386e+01 2.297829482686711611e+00 4.888062006112833480e+00
2.089999999999999858e+00 1.291073177496757207e+00 1.647211727206595810e+01 2.330178723189673118e+00 4.975161779073563828e+00
2.095000000000000195e+00 1.292313376240894485e+00 1.647133342711388693e+01 2.362884006302564011e+00 5.062836916504159568e+00
2.100000000000000089e+00 1.293554631745612582e+00 1.647032619417401023e+01 2.395952941405873560e+00 5.151093564086894006e+00
2.104999999999999982e+00 1.294796931951329721e+00 1.646921626658116011e+01 2.429393320022659175e+00 5.239938991101731780e+00
2.109999999999999876e+00 1.296040264802710951e+00 1.646812135893276619e+01 2.463212095049943873e+00 5.329379068674064968e+00
2.115000000000000213e+00 1.297284618249205046e+00 1.646715580487868280e+01 2.497417203595869495e+00 5.419422448512682955e+00
2.120000000000000107e+00 1.298529980245588522e+00 1.646643169372847737e+01 2.532016125762276193e+00 5.510077602145548425e+00
2.125000000000000000e+00 1.299776338752518745e+00 1.646605382278754703e+01 2.567015607440872316e+00 5.601351744995932691e+00
2.129999999999999893e+00 1.301023681737088600e+00 1.646612612273141707e+01 2.602423598181754283e+00 5.693255396605510832e+00
2.135000000000000231e+00 1.302271997173391371e+00 1.646674846602488884e+01 2.638246999156054873e+00 5.785796976653462487e+00
2.140000000000000124e+00 1.303521273043090511e+00 1.646801455579172924e+01 2.674492821728672975e+00 5.878986403945972050e+00
2.145000000000000018e+00 1.304771497335994956e+00 1.647001751555328397e+01 2.711167985974022088e+00 5.972832980648091983e+00
2.149999999999999911e+00 1.306022658050641327e+00 1.647284558090345996e+01 2.748279587178827033e+00 6.067347580782803895e+00
2.155000000000000249e+00 1.307274743194883682e+00 1.647658330695813333e+01 2.785834096341383681e+00 6.162539765844806894e+00
2.160000000000000142e+00 1.308527740786487481e+00 1.648131296919672550e+01 2.823839044188712677e+00 6.258421903773767170e+00
2.165000000000000036e+00 1.309781638853730668e+00 1.648711098332122660e+01 2.862299938513039432e+00 6.355002531952600009e+00
2.169999999999999929e+00 1.311036425436011399e+00 1.649405375824953524e+01 2.901223407331320558e+00 6.452292974276947923e+00
2.175000000000000266e+00 1.312292088584462002e+00 1.650221152873206520e+01 2.940616319464940176e+00 6.550305235622575495e+00
2.180000000000000160e+00 1.313548616362568033e+00 1.651165317411584255e+01 2.980484324594428802e+00 6.649049513384194476e+00
2.185000000000000053e+00 1.314805996846795111e+00 1.652244321530245585e+01 3.020833323276792992e+00 6.748536556499103334e+00
2.189999999999999947e+00 1.316064218127219965e+00 1.653464491131984460e+01 3.061669402384771477e+00 6.848778066649312990e+00
2.194999999999999840e+00 1.317323268308171258e+00 1.654831714743211890e+01 3.102997889946646382e+00 6.949784090347017163e+00
2.200000000000000178e+00 1.318583135508872406e+00 1.656351604793059096e+01 3.144824704272181304e+00 7.051566578050811884e+00
2.205000000000000071e+00 1.319843807864092611e+00 1.658029588217115702e+01 3.187154798341020889e+00 7.154135898794906190e+00
2.209999999999999964e+00 1.321105273524805224e+00 1.659870646241060399e+01 3.229993886925111468e+00 7.257503834199233950e+00
2.214999999999999858e+00 1.322367520658849438e+00 1.661879679025847167e+01 3.273346327172502512e+00 7.361680080724835484e+00
2.220000000000000195e+00 1.323630537451601530e+00 1.664061273683457998e+01 3.317217352922658957e+00 7.466676218264597154e+00
2.225000000000000089e+00 1.324894312106648098e+00 1.666419767717184186e+01 3.361611045676108578e+00 7.572501472662950484e+00
2.229999999999999982e+00 1.326158832846469293e+00 1.668959112211647167e+01 3.406532517745743505e+00 7.679167952945851638e+00
2.234999999999999876e+00 1.327424087913126938e+00 1.671683272684319732e+01 3.451985818101189540e+00 7.786685467062953059e+00
2.240000000000000213e+00 1.328690065568957523e+00 1.674595742311909063e+01 3.497974859632696720e+00 7.895064087291505217e+00
2.245000000000000107e+00 1.329956754097271210e+00 1.677699918663682865e+01 3.544503936609177508e+00 8.004314386070896958e+00
2.250000000000000000e+00 1.331224141803060590e+00 1.680999063465435128e+01 3.591576331588332227e+00 8.114445383571011305e+00
2.254999999999999893e+00 1.332492217013710345e+00 1.684495976522039129e+01 3.639195682216896266e+00 8.225467318860321342e+00
2.260000000000000231e+00 1.333760968079716003e+00 1.688193460632632892e+01 3.687366111533059598e+00 8.337391327775014460e+00
2.265000000000000124e+00 1.335030383375409135e+00 1.692094053542851384e+01 3.736089369457602505e+00 8.450223713898427746e+00
2.270000000000000018e+00 1.336300451299685221e+00 1.696199979999398977e+01 3.785369811176129584e+00 8.563976529512521196e+00
2.274999999999999911e+00 1.337571160276742388e+00 1.700513424604061186e+01 3.835210185495189439e+00 8.678658954552220806e+00
2.280000000000000249e+00 1.338842498756821042e+00 1.705036287035511577e+01 3.885612882511637167e+00 8.794278996562294282e+00
2.285000000000000142e+00 1.340114455216953049e+00 1.709770271437278311e+01 3.936580352654824200e+00 8.910845821046551762e+00
2.290000000000000036e+00 1.341387018161716460e+00 1.714717021793302010e+01 3.988115280547662067e+00 9.028368211574100854e+00
2.294999999999999929e+00 1.342660176123993576e+00 1.719877813485614837e+01 4.040219712909814298e+00 9.146854672428881727e+00
2.300000000000000266e+00 1.343933917665737443e+00 1.725253943008999968e+01 4.092896687266566857e+00 9.266315368367836314e+00
2.305000000000000160e+00 1.345208231378743458e+00 1.730846395105720603e+01 4.146147298378826562e+00 9.386756872069362601e+00
2.310000000000000053e+00 1.346483105885426967e+00 1.736656081632060378e+01 4.199974722698349261e+00 9.508189663022738713e+00
2.314999999999999947e+00 1.347758529839606201e+00 1.742683617166391841e+01 4.254379769691024826e+00 9.630620554482765883e+00
2.319999999999999840e+00 1.349034491927291413e+00 1.748929580734825251e+01 4.309365131539896865e+00 9.754058839310758344e+00
2.325000000000000178e+00 1.350310980867478472e+00 1.755394407523825606e+01 4.364932413623343166e+00 9.878512987738012896e+00
2.330000000000000071e+00 1.351587985412951776e+00 1.762078478132141512e+01 4.421083465829669379e+00 1.000399121299830618e+01
2.334999999999999964e+00 1.352865494351088493e+00 1.768981718244248214e+01 4.477819749123225890e+00 1.013050111990467173e+01
2.339999999999999858e+00 1.354143496504671029e+00 1.776104237497957428e+01 4.535144046373363658e+00 1.025805359916560455e+01
2.345000000000000195e+00 1.355421980732705700e+00 1.783445826775393783e+01 4.593057230073516628e+00 1.038665442143625306e+01
2.350000000000000089e+00 1.356700935931243857e+00 1.791006285385331864e+01 4.651561688657327664e+00 1.051631407340618907e+01
2.354999999999999982e+00 1.357980351034212774e+00 1.798786105793976375e+01 4.710659572590648381e+00 1.064704084285717123e+01
2.359999999999999876e+00 1.359260215014249207e+00 1.806783232302189646e+01 4.770353036547426484e+00 1.077884467695645476e+01
2.365000000000000213e+00 1.360540516883539608e+00 1.814997987323369344e+01 4.830644365596597822e+00 1.091173394520946438e+01
2.370000000000000107e+00 1.361821245694665894e+00 1.823429639479459752e+01 4.891535580791602555e+00 1.104571851115817793e+01
2.375000000000000000e+00 1.363102390541456321e+00 1.832077456387836634e+01 4.953029755185526462e+00 1.118080791795968310e+01
2.379999999999999893e+00 1.364383940559842134e+00 1.840940806594564805e+01 5.015129659126010608e+00 1.131701260645936280e+01
2.385000000000000231e+00 1.365665884928720875e+00 1.850018792405283818e+01 5.077837398002417402e+00 1.145434058790027798e+01
2.390000000000000124e+00 1.366948212870820356e+00 1.859310511351511508e+01 5.141157747801615940e+00 1.159280608296794846e+01
2.395000000000000018e+00 1.368230913653576408e+00 1.868815121494871434e+01 5.205092991115621182e+00 1.173241683384222611e+01
2.399999999999999911e+00 1.369513976590007287e+00 1.878531781848899129e+01 5.269647569757832883e+00 1.187318606822206846e+01
2.405000000000000249e+00 1.370797391039600077e+00 1.888459406045150502e+01 5.334825080482517912e+00 1.201512330012104002e+01
2.410000000000000142e+00 1.372081146409197538e+00 1.898597138545780183e+01 5.400630922323698790e+00 1.215824351943807891e+01
2.415000000000000036e+00 1.373365232153893167e+00 1.908944053577678446e+01 5.467069196112089635e+00 1.230255722642405303e+01
2.419999999999999929e+00 1.374649637777930256e+00 1.919499203995767900e+01 5.534145290582306309e+00 1.244807776825357770e+01
2.425000000000000266e+00 1.375934352835608943e+00 1.930261663747988976e+01 5.601865125440505189e+00 1.259481941900777358e+01
2.430000000000000160e+00 1.377219366932191491e+00 1.941230647082159066e+01 5.670234340953316021e+00 1.274279464005595841e+01
2.435000000000000053e+00 1.378504669724822440e+00 1.952405532580976910e+01 5.739259402354268680e+00 1.289201809650748842e+01
2.439999999999999947e+00 1.379790250923445205e+00 1.963785450470378890e+01 5.808947028147836811e+00 1.304250407270499501e+01
2.444999999999999840e+00 1.381076100291728892e+00 1.975369726720600028e+01 5.879304751979735677e+00 1.319426848457499979e+01
2.450000000000000178e+00 1.382362207647998886e+00 1.987157879240145419e+01 5.950340686515567690e+00 1.334732759769704913e+01
2.455000000000000071e+00 1.383648562866170106e+00 1.999149348368308310e+01 6.022062258949849145e+00 1.350169656524286665e+01
2.459999999999999964e+00 1.384935155876690471e+00 2.011343756756524215e+01 6.094477967634150062e+00 1.365739084122887270e+01
2.464999999999999858e+00 1.386221976667483702e+00 2.023741024335369687e+01 6.167597519279148344e+00 1.381442926008796590e+01
2.470000000000000195e+00 1.387509015284901448e+00 2.036340820328653933e+01 6.241430864199055684e+00 1.397282950434046711e+01
2.475000000000000089e+00 1.388796261834676082e+00 2.049143300145999547e+01 6.315986326448965293e+00 1.413260693985860605e+01
2.479999999999999982e+00 1.390083706482882597e+00 2.062148401413891108e+01 6.391276120086367030e+00 1.429378259399435791e+01
2.484999999999999876e+00 1.391371339456903167e+00 2.075356527516089500e+01 6.467309976388775361e+00 1.445637281713687372e+01
2.490000000000000213e+00 1.392659151046396371e+00 2.088767972794520134e+01 6.544099171790669800e+00 1.462039686464521182e+01
2.495000000000000107e+00 1.393947131604270639e+00 2.102383446289572433e+01 6.621655213648343086e+00 1.478587390707556537e+01
2.500000000000000000e+00 1.395235271547664579e+00 2.116203368404105944e+01 6.699990918034792742e+00 1.495282458298980721e+01
2.504999999999999893e+00 1.396523561358930632e+00 2.130228929948798822e+01 6.779118294068451789e+00 1.512126802700561079e+01
2.510000000000000231e+00 1.397811991586621838e+00 2.144460706685156381e+01 6.859049782134098550e+00 1.529122357299838342e+01
2.515000000000000124e+00 1.399100552846486600e+00 2.158900230962220235e+01 6.939798623005559719e+00 1.546271199235710192e+01
2.520000000000000018e+00 1.400389235822465217e+00 2.173548620751555305e+01 7.021378533113412423e+00 1.563575358648869162e+01
2.524999999999999911e+00 1.401678031267691527e+00 2.188407372966984354e+01 7.103802325296443954e+00 1.581036736340060855e+01
2.530000000000000249e+00 1.402966930005501656e+00 2.203478077762993337e+01 7.187083720316509883e+00 1.598657319631423057e+01
2.535000000000000142e+00 1.404255922930439437e+00 2.218762531498557067e+01 7.271237716987887900e+00 1.616439378723574549e+01
2.540000000000000036e+00 1.405545001009279815e+00 2.234262631176363456e+01 7.356278741568670121e+00 1.634384972305017314e+01
2.544999999999999929e+00 1.406834155282040921e+00 2.249980385631904056e+01 7.442220687996223383e+00 1.652495972753949616e+01
2.550000000000000266e+00 1.408123376863012810e+00 2.265918186940408674e+01 7.529078063820632494e+00 1.670774436405476138e+01
2.555000000000000160e+00 1.409412656941783526e+00 2.282078012184175719e+01 7.616865393541830009e+00 1.689222325648222522e+01
2.560000000000000053e+00 1.410701986784272943e+00 2.298462573286795418e+01 7.705597769953090648e+00 1.707841625706936739e+01
2.564999999999999947e+00 1.411991357733769048e+00 2.315074282687946905e+01 7.795289993036392140e+00 1.726634394141859374e+01
2.569999999999999840e+00 1.413280761211968217e+00 2.331915842992143695e+01 7.885957925664695445e+00 1.745602744558689423e+01
2.575000000000000178e+00 1.414570188720020605e+00 2.348990189256244321e+01 7.977614527636483821e+00 1.764748184034145950e+01
2.580000000000000071e+00 1.415859631839580635e+00 2.366299978093516998e+01 8.070276415291298022e+00 1.784072959165296268e+01
2.584999999999999964e+00 1.417149082233858159e+00 2.383848326669607687e+01 8.163957469154711433e+00 1.803578743775537774e+01
2.589999999999999858e+00 1.418438531648677170e+00 2.401638205887115518e+01 8.258672578742753956e+00 1.823267344272311519e+01
2.595000000000000195e+00 1.419727971913536280e+00 2.419672959990910499e+01 8.354435753028255363e+00 1.843140499890451167e+01
2.600000000000000089e+00 1.421017394942674095e+00 2.437955620813405488e+01 8.451263472121580023e+00 1.863200282722632295e+01
2.604999999999999982e+00 1.422306792736138581e+00 2.456489355369473415e+01 8.549167483336683304e+00 1.883447805456488311e+01
2.609999999999999876e+00 1.423596157380858207e+00 2.475277553751472936e+01 8.648164675115324940e+00 1.903885344757533815e+01
2.615000000000000213e+00 1.424885481051721747e+00 2.494323744107463980e+01 8.748266775766158077e+00 1.924513914930323821e+01
2.620000000000000107e+00 1.426174756012655642e+00 2.513631071724076449e+01 8.849488636112999629e+00 1.945335396718686738e+01
2.625000000000000000e+00 1.427463974617710019e+00 2.533203117349240685e+01 8.951844272453730156e+00 1.966351161548362114e+01
2.629999999999999893e+00 1.428753129312145598e+00 2.553043081699988903e+01 9.055345887494247847e+00 1.987562632186955369e+01
2.635000000000000231e+00 1.430042212633526821e+00 2.573154531695202607e+01 9.160008280117681423e+00 2.008971374222234019e+01
2.640000000000000124e+00 1.431331217212814755e+00 2.593540973939087735e+01 9.265841335401614032e+00 2.030578054104700669e+01
2.645000000000000018e+00 1.432620135775467096e+00 2.614205734541114978e+01 9.372860848856802818e+00 2.052384715311379537e+01
2.649999999999999911e+00 1.433908961142540850e+00 2.635152351835962037e+01 9.481077299593646757e+00 2.074392130807241230e+01
2.655000000000000249e+00 1.435197686231796554e+00 2.656383775640184197e+01 9.590502689176632956e+00 2.096601360126072677e+01
2.660000000000000142e+00 1.436486304058808727e+00 2.677904012980335224e+01 9.701148845233472429e+00 2.119013640006931354e+01
2.665000000000000036e+00 1.437774807738079197e+00 2.699715823487422028e+01 9.813028171173272085e+00 2.141630066818784783e+01
2.669999999999999929e+00 1.439063190484150212e+00 2.721822787982894454e+01 9.926150554597448661e+00 2.164451399739602877e+01
2.675000000000000266e+00 1.440351445612727099e+00 2.744227995189024227e+01 1.004052745210641717e+01 2.187478633313483911e+01
2.680000000000000160e+00 1.441639566541798700e+00 2.766934470465402285e+01 1.015616707754856129e+01 2.210712252544325551e+01
2.685000000000000053e+00 1.442927546792763360e+00 2.789945534393976700e+01 1.027308155475698648e+01 2.234153417632788319e+01
2.689999999999999947e+00 1.444215379991559578e+00 2.813264103520454640e+01 1.039127897590074845e+01 2.257802393840119848e+01
2.694999999999999840e+00 1.445503059869796658e+00 2.836893055371079342e+01 1.051076995030279448e+01 2.281660214979898171e+01
2.700000000000000178e+00 1.446790580265890691e+00 2.860835475579099096e+01 1.063156506580629035e+01 2.305727669704019078e+01
2.705000000000000071e+00 1.448077935126202975e+00 2.885093945750232791e+01 1.075366910076016502e+01 2.330004554211742374e+01
2.709999999999999964e+00 1.449365118506182437e+00 2.909671061417366644e+01 1.087709089698082998e+01 2.354491504577935856e+01
2.714999999999999858e+00 1.450652124571508272e+00 2.934569564978589185e+01 1.100184104842127653e+01 2.379189270044833648e+01
2.720000000000000195e+00 1.451938947599239915e+00 2.959792040296504467e+01 1.112792489538200158e+01 2.404097869818569322e+01
2.725000000000000089e+00 1.453225581978965009e+00 2.985340636556010097e+01 1.125535112980512764e+01 2.429217873222154367e+01
2.729999999999999982e+00 1.454512022213955591e+00 3.011217756889389108e+01 1.138412483902656369e+01 2.454549083979487278e+01
2.734999999999999876e+00 1.455798262922322506e+00 3.037425548392082320e+01 1.151425311379173877e+01 2.480091873035519967e+01
2.740000000000000213e+00 1.457084298838174696e+00 3.063965844807911765e+01 1.164574454859035235e+01 2.505846754247277630e+01
2.745000000000000107e+00 1.458370124812782276e+00 3.090840852174408582e+01 1.177860041289753390e+01 2.531812917103967564e+01
2.750000000000000000e+00 1.459655735815740485e+00 3.118052314698135774e+01 1.191282963295017616e+01 2.557991088435624505e+01
2.754999999999999893e+00 1.460941126936137202e+00 3.145601702234595010e+01 1.204843865729833752e+01 2.584381455876352618e+01
2.760000000000000231e+00 1.462226293383724007e+00 3.173490712201441610e+01 1.218542859599974371e+01 2.610983217602905526e+01
2.765000000000000124e+00 1.463511230490086357e+00 3.201720748385320547e+01 1.232380586018485502e+01 2.637796645963452136e+01
2.770000000000000018e+00 1.464795933709824194e+00 3.230293185879441609e+01 1.246357514274796685e+01 2.664821602089985575e+01
2.774999999999999911e+00 1.466080398621724123e+00 3.259208778120517280e+01 1.260474047635977968e+01 2.692058005149156230e+01
2.780000000000000249e+00 1.467364620929943797e+00 3.288469081471763644e+01 1.274730462047211077e+01 2.719505343547230680e+01
2.785000000000000142e+00 1.468648596465194744e+00 3.318074423132289752e+01 1.289127133226982380e+01 2.747163605171583711e+01
2.790000000000000036e+00 1.469932321185927426e+00 3.348025816990161729e+01 1.303664473877215357e+01 2.775032516323106435e+01
2.794999999999999929e+00 1.471215791179520282e+00 3.378323851556027790e+01 1.318342670624206292e+01 2.803111695081295807e+01
2.800000000000000266e+00 1.472499002663467449e+00 3.408968840833058778e+01 1.333162088124794664e+01 2.831400968095286075e+01
2.805000000000000160e+00 1.473781951986576466e+00 3.439961328305748367e+01 1.348123081667078083e+01 2.859900141134870566e+01
2.810000000000000053e+00 1.475064635630160437e+00 3.471301027036903264e+01 1.363225548594918024e+01 2.888608393990533685e+01
2.814999999999999947e+00 1.476347050209237288e+00 3.502988217567789064e+01 1.378470025396803855e+01 2.917525845839956489e+01
2.819999999999999840e+00 1.477629192473728592e+00 3.535022734920131171e+01 1.393856625393276261e+01 2.946652136705920810e+01
2.825000000000000178e+00 1.478911059309663267e+00 3.567404330109308574e+01 1.409385167091986979e+01 2.975986080571530579e+01
2.830000000000000071e+00 1.480192647740382617e+00 3.600132377145637719e+01 1.425056362353148387e+01 3.005528522354796905e+01
2.834999999999999964e+00 1.481473954927746250e+00 3.633206334749375088e+01 1.440869993363225099e+01 3.035278353824543274e+01
2.839999999999999858e+00 1.482754978173340454e+00 3.666625483258032148e+01 1.456826297576901652e+01 3.065235458299895654e+01
2.845000000000000195e+00 1.484035714919693882e+00 3.700388974671194831e+01 1.472925272203843683e+01 3.095399310618845945e+01
2.850000000000000089e+00 1.485316162751484814e+00 3.734495868836902588e+01 1.489167079693269535e+01 3.125769589684677996e+01
2.854999999999999982e+00 1.486596319396762178e+00 3.768944779019479085e+01 1.505551885633758147e+01 3.156346335802806280e+01
2.859999999999999876e+00 1.487876182728162133e+00 3.803734479538266555e+01 1.522079592045990282e+01 3.187128727159079489e+01
2.865000000000000213e+00 1.489155750764126207e+00 3.838863366083822370e+01 1.538750546468539326e+01 3.218117175609126690e+01
2.870000000000000107e+00 1.490435021670126092e+00 3.874330064770721549e+01 1.555564415240221265e+01 3.249310657979350481e+01
2.875000000000000000e+00 1.491713993759884893e+00 3.910132605483401136e+01 1.572521486057978990e+01 3.280709459749360235e+01
2.879999999999999893e+00 1.492992665496607696e+00 3.946269158154904488e+01 1.589622042569898319e+01 3.312313774456431048e+01
2.885000000000000231e+00 1.494271035494205480e+00 3.982737847982350843e+01 1.606865685788581644e+01 3.344122734639891803e+01
2.890000000000000124e+00 1.495549102518527240e+00 4.019536209320392572e+01 1.624252598186693319e+01 3.376136415408843305e+01
2.895000000000000018e+00 1.496826865488593894e+00 4.056662172562490554e+01 1.641783078850706801e+01 3.408355436984594888e+01
2.899999999999999911e+00 1.498104323477830180e+00 4.094113102553813377e+01 1.659457056599218916e+01 3.440779460363853559e+01
2.905000000000000249e+00 1.499381475715303225e+00 4.131886746917002995e+01 1.677274274081489480e+01 3.473407978302099508e+01
2.910000000000000142e+00 1.500658321586958444e+00 4.169979985010044032e+01 1.695235357895438710e+01 3.506242442265393322e+01
2.915000000000000036e+00 1.501934860636862323e+00 4.208390324848086550e+01 1.713340014433273240e+01 3.539282218316237305e+01
2.919999999999999929e+00 1.503211092568443430e+00 4.247114730409838756e+01 1.731588361205197657e+01 3.572527699866601836e+01
2.925000000000000266e+00 1.504487017245737190e+00 4.286150124046393017e+01 1.749980518611054237e+01 3.605979272824285431e+01
2.930000000000000160e+00 1.505762634694630231e+00 4.325493341977685446e+01 1.768516614029531553e+01 3.639637701497849065e+01
2.935000000000000053e+00 1.507037945104112264e+00 4.365141184338109781e+01 1.787196968574672340e+01 3.673503673212433540e+01
2.939999999999999947e+00 1.508312948827522426e+00 4.405090004654776692e+01 1.806021403662044733e+01 3.707577407851032092e+01
2.944999999999999840e+00 1.509587646383803383e+00 4.445336587971053177e+01 1.824990244164427367e+01 3.741859936447553991e+01
2.950000000000000178e+00 1.510862038458753664e+00 4.485877048123926869e+01 1.844103763383562722e+01 3.776352261253876463e+01
2.955000000000000071e+00 1.512136125906285322e+00 4.526707713622901252e+01 1.863361991691225228e+01 3.811055133719931831e+01
2.959999999999999964e+00 1.513409909749681370e+00 4.567825452654735585e+01 1.882765041350284108e+01 3.845969228686151098e+01
2.964999999999999858e+00 1.514683391182853445e+00 4.609225500214009941e+01 1.902313587327535060e+01 3.881096741207478829e+01
2.970000000000000195e+00 1.515956571571605682e+00 4.650904386194338258e+01 1.922007432316217646e+01 3.916438010768041522e+01
2.975000000000000089e+00 1.517229452454897709e+00 4.692857980522197892e+01 1.941847296264253941e+01 3.951995158283152421e+01
2.979999999999999982e+00 1.518502035546109630e+00 4.735081829093506656e+01 1.961833156358689578e+01 3.987769160155242076e+01
2.984999999999999876e+00 1.519774322734309235e+00 4.777572656432591458e+01 1.981965352155308580e+01 4.023761472999900946e+01
2.990000000000000213e+00 1.521046316085523209e+00 4.820325296500957535e+01 2.002244791926178635e+01 4.059975108988895443e+01
2.995000000000000107e+00 1.522318017844006111e+00 4.863335671748646405e+01 2.022671182679584589e+01 4.096410443448213101e+01
3.000000000000000000e+00 1.523589430433515579e+00 4.906599643454440240e+01 2.043245580163135244e+01 4.133070599949333968e+01
3.004999999999999893e+00 1.524860556458587313e+00 4.950112947198881130e+01 2.063967983891638269e+01 4.169956997275617283e+01
3.010000000000000231e+00 1.526131398705811604e+00 4.993870722168084342e+01 2.084839316642306883e+01 4.207072496417460172e+01
3.015000000000000124e+00 1.527401960145112314e+00 5.037868370468407164e+01 2.105859829718614407e+01 4.244419178771416767e+01
3.020000000000000018e+00 1.528672243931031183e+00 5.082102164135677924e+01 2.127030631130752525e+01 4.282000260128160818e+01
3.024999999999999911e+00 1.529942253404009023e+00 5.126566788556663568e+01 2.148351571588128550e+01 4.319817117845615684e+01
3.030000000000000249e+00 1.531211992091669805e+00 5.171257729204499043e+01 2.169823986412214012e+01 4.357873781973158600e+01
3.035000000000000142e+00 1.532481463710112957e+00 5.216170743524295261e+01 2.191448167857780049e+01 4.396172478102886316e+01
3.040000000000000036e+00 1.533750672165198337e+00 5.261300972339878967e+01 2.213225111920699106e+01 4.434716660456913218e+01
3.044999999999999929e+00 1.535019621553841640e+00 5.306643625092203109e+01 2.235155602943854092e+01 4.473509657722446065e+01
3.050000000000000266e+00 1.536288316165307810e+00 5.352194425026128499e+01 2.257240227622606099e+01 4.512554245424026789e+01
3.055000000000000160e+00 1.537556760482504448e+00 5.397948940875619428e+01 2.279480353373953605e+01 4.551854757567372900e+01
3.060000000000000053e+00 1.538824959183287211e+00 5.443902102763171058e+01 2.301876217410907799e+01 4.591413730733497545e+01
3.064999999999999947e+00 1.540092917141751672e+00 5.490051470332855388e+01 2.324429135428313131e+01 4.631235299774900938e+01
3.070000000000000284e+00 1.541360639429545376e+00 5.536388623935557263e+01 2.347140149342349602e+01 4.671323666095306493e+01
3.075000000000000178e+00 1.542628131317168361e+00 5.582910914532853752e+01 2.370010348621454099e+01 4.711682925543235712e+01
3.080000000000000071e+00 1.543895398275281439e+00 5.629614278077802680e+01 2.393040686691050212e+01 4.752316798909878059e+01
3.084999999999999964e+00 1.545162445976019150e+00 5.676493214451463132e+01 2.416232161610640006e+01 4.793229306450563598e+01
3.089999999999999858e+00 1.546429280294300046e+00 5.723544303243147624e+01 2.439586174900457394e+01 4.834425256607538302e+01
3.095000000000000195e+00 1.547695907309144969e+00 5.770762931660943451e+01 2.463103616684423258e+01 4.875908406709874043e+01
3.100000000000000089e+00 1.548962333304992001e+00 5.818144367093970715e+01 2.486786233743124797e+01 4.917684314365994425e+01
3.104999999999999982e+00 1.550228564773019402e+00 5.865684791545476884e+01 2.510634531416143034e+01 4.959756022537107611e+01
3.109999999999999876e+00 1.551494608412467890e+00 5.913379571358182574e+01 2.534650585170511050e+01 5.002129927695131073e+01
3.115000000000000213e+00 1.552760471131968911e+00 5.961225296662636453e+01 2.558835279162771315e+01 5.044809679746026632e+01
3.120000000000000107e+00 1.554026160050869576e+00 6.009217174848534171e+01 2.583189812236473415e+01 5.087800082682525726e+01
3.125000000000000000e+00 1.555291682500568706e+00 6.057351446700908326e+01 2.607716182703350327e+01 5.131107016803162679e+01
3.129999999999999893e+00 1.556557046025848434e+00 6.105624614288274898e+01 2.632415286933211362e+01 5.174734465611803103e+01
3.135000000000000231e+00 1.557822258386214909e+00 6.154032401494719551e+01 2.657289043282543872e+01 5.218688474444982006e+01
3.140000000000000124e+00 1.559087327557234559e+00 6.202571277254857307e+01 2.682338622509091763e+01 5.262973400714573557e+01
3.145000000000000018e+00 1.560352261731882795e+00 6.251237708950478122e+01 2.707565823949979489e+01 5.307594889682325601e+01
3.149999999999999911e+00 1.561617069321888263e+00 6.300028364202871245e+01 2.732971917044573118e+01 5.352557837420048514e+01
3.155000000000000249e+00 1.562881758959084433e+00 6.348939196664408513e+01 2.758558857187595947e+01 5.397867959652420922e+01
3.160000000000000142e+00 1.564146339496760740e+00 6.397967720238761302e+01 2.784327817724941667e+01 5.443529926845321398e+01
3.165000000000000036e+00 1.565410820011023496e+00 6.447110423151667646e+01 2.810280882092350652e+01 5.489549664014671748e+01
3.169999999999999929e+00 1.566675209802153468e+00 6.496363946461617900e+01 2.836419042926883805e+01 5.535931499522563826e+01
3.175000000000000266e+00 1.567939518395971676e+00 6.545725848471366248e+01 2.862744958483374447e+01 5.582682516932092653e+01
3.180000000000000160e+00 1.569203755545205192e+00 6.595193534773814292e+01 2.889259428101200555e+01 5.629806334908578691e+01
3.185000000000000053e+00 1.570467931230861369e+00 6.644763729354552595e+01 2.915964666612484280e+01 5.677309336235719428e+01
3.189999999999999947e+00 1.571732055663601191e+00 6.694434303776236561e+01 2.942862481112402762e+01 5.725196821891063337e+01
3.195000000000000284e+00 1.572996139285118833e+00 6.744202583856883848e+01 2.969954009890885160e+01 5.773473252808138056e+01
3.200000000000000178e+00 1.574260192769525224e+00 6.794066624677695643e+01 2.997241701606928999e+01 5.822144953559308078e+01
3.205000000000000071e+00 1.575524227024737378e+00 6.844024484406432407e+01 3.024727173162613170e+01 5.871217136424762373e+01
3.209999999999999964e+00 1.576788253193867284e+00 6.894073727845301391e+01 3.052411844629276771e+01 5.920694163357628526e+01
3.214999999999999858e+00 1.578052282656617233e+00 6.944212782797664829e+01 3.080297711457474108e+01 5.970581760313161368e+01
3.220000000000000195e+00 1.579316327030685141e+00 6.994440228230561729e+01 3.108386394596137237e+01 6.020884728516359274e+01
3.225000000000000089e+00 1.580580398173165202e+00 7.044754140806851694e+01 3.136680107663712036e+01 6.071608894556345604e+01
3.229999999999999982e+00 1.581844508181959430e+00 7.095153460645040866e+01 3.165180634925305370e+01 6.122759338161944953e+01
3.234999999999999876e+00 1.583108669397191415e+00 7.145637387502139859e+01 3.193889094931529726e+01 6.174339706758738799e+01
3.240000000000000213e+00 1.584372894402625409e+00 7.196204113905007205e+01 3.222808065459778959e+01 6.226356416043685016e+01
3.245000000000000107e+00 1.585637196027092743e+00 7.246853109992048303e+01 3.251939007824732641e+01 6.278813566629285958e+01
3.250000000000000000e+00 1.586901587345919129e+00 7.297583888487915260e+01 3.281283500930896224e+01 6.331715451170060760e+01
3.254999999999999893e+00 1.588166081682362174e+00 7.348395961492704487e+01 3.310843711216332963e+01 6.385067610421016582e+01
3.260000000000000231e+00 1.589430692609048013e+00 7.399288394831350502e+01 3.340621417634032042e+01 6.438874611764103406e+01
3.265000000000000124e+00 1.590695433949419924e+00 7.450261327430149549e+01 3.370617897485202263e+01 6.493139944870365809e+01
3.270000000000000018e+00 1.591960319779189614e+00 7.501314858486387038e+01 3.400835482211717675e+01 6.547869124800175200e+01
3.274999999999999911e+00 1.593225364427793389e+00 7.552448764112622825e+01 3.431275622151741800e+01 6.603065765468798531e+01
3.280000000000000249e+00 1.594490582479856755e+00 7.603663745926034778e+01 3.461939872649080030e+01 6.658733618756112094e+01
3.285000000000000142e+00 1.595755988776664358e+00 7.654959316579601136e+01 3.492830327168037030e+01 6.714877799576977679e+01
3.290000000000000036e+00 1.597021598417631694e+00 7.706337138330985681e+01 3.523948577727210818e+01 6.771501681091427827e+01
3.294999999999999929e+00 1.598287426761794583e+00 7.757797123271853934e+01 3.555295898654163267e+01 6.828608632561970637e+01
3.300000000000000266e+00 1.599553489429289543e+00 7.809340348188386827e+01 3.586874677011366686e+01 6.886203522092274909e+01
3.305000000000000160e+00 1.600819802302856587e+00 7.860967979714769172e+01 3.618685828581413233e+01 6.944288702752955089e+01
3.310000000000000053e+00 1.602086381529337800e+00 7.912681168219232575e+01 3.650731403508866890e+01 7.002868528183289243e+01
3.314999999999999947e+00 1.603353243521186133e+00 7.964480888657028856e+01 3.683012841420737971e+01 7.061945903087396914e+01
3.320000000000000284e+00 1.604620404957985969e+00 8.016369118332373489e+01 3.715531449855007651e+01 7.121523731155077996e+01
3.325000000000000178e+00 1.605887882787973897e+00 8.068347124678815874e+01 3.748289354270186635e+01 7.181606085507688420e+01
3.330000000000000071e+00 1.607155694229572163e+00 8.120416372468406507e+01 3.781287707395879494e+01 7.242195438317500589e+01
3.334999999999999964e+00 1.608423856772927873e+00 8.172579048781310007e+01 3.814527821392201190e+01 7.303294248398447053e+01
3.339999999999999858e+00 1.609692388181460876e+00 8.224837141815702068e+01 3.848011286706125844e+01 7.364905492049602742e+01
3.345000000000000195e+00 1.610961306493419842e+00 8.277192464697131413e+01 3.881739609833734050e+01 7.427031842639082981e+01
3.350000000000000089e+00 1.612230630023444355e+00 8.329647451795938196e+01 3.915714154690106596e+01 7.489675955602059787e+01
3.354999999999999982e+00 1.613500377364142535e+00 8.382204602382479663e+01 3.949935867678858159e+01 7.552839134860380454e+01
3.359999999999999876e+00 1.614770567387667999e+00 8.434865778600028818e+01 3.984406662558106405e+01 7.616525030611684599e+01
3.365000000000000213e+00 1.616041219247312144e+00 8.487633370470530281e+01 4.019127421891154484e+01 7.680734870199347597e+01
3.370000000000000107e+00 1.617312352379102647e+00 8.540511148317244761e+01 4.054099737834424388e+01 7.745471132938568815e+01
3.375000000000000000e+00 1.618583986503417060e+00 8.593500960779689990e+01 4.089324394159849874e+01 7.810734886272072686e+01
3.379999999999999893e+00 1.619856141626595081e+00 8.646604939332299011e+01 4.124802595133959926e+01 7.876528286569710247e+01
3.385000000000000231e+00 1.621128838042573905e+00 8.699827141236063710e+01 4.160535921669946191e+01 7.942853426008305462e+01
3.390000000000000124e+00 1.622402096334521149e+00 8.753170683721199907e+01 4.196525054314102476e+01 8.009710911693794344e+01
3.395000000000000018e+00 1.623675937376488410e+00 8.806638011512636410e+01 4.232770871015643621e+01 8.077101995942672374e+01
3.399999999999999911e+00 1.624950382335069499e+00 8.860231838185150366e+01 4.269274602035191180e+01 8.145028365944270377e+01
3.405000000000000249e+00 1.626225452671069327e+00 8.913955115404678509e+01 4.306036832671137660e+01 8.213490433996554430e+01
3.410000000000000142e+00 1.627501170141188780e+00 8.967812869189364733e+01 4.343059377529353782e+01 8.282490490874278066e+01
3.415000000000000036e+00 1.628777556799715365e+00 9.021806120338672486e+01 4.380342313958898615e+01 8.352028514358777045e+01
3.419999999999999929e+00 1.630054635000228513e+00 9.075939481912593010e+01 4.417886949868668722e+01 8.422105855558955056e+01
3.425000000000000266e+00 1.631332427397314877e+00 9.130216348830484208e+01 4.455693549018825905e+01 8.492722103842663728e+01
3.430000000000000160e+00 1.632610956948298497e+00 9.184640075976435014e+01 4.493763066223304037e+01 8.563878198003875752e+01
3.435000000000000053e+00 1.633890246914980304e+00 9.239213604751533637e+01 4.532096370253455575e+01 8.635575198034725020e+01
3.439999999999999947e+00 1.635170320865392934e+00 9.293940440022763028e+01 4.570693696366027581e+01 8.707812365446811498e+01
3.445000000000000284e+00 1.636451202675564431e+00 9.348823813854669140e+01 4.609555906153374849e+01 8.780590737930110379e+01
3.450000000000000178e+00 1.637732916531301264e+00 9.403868200918803666e+01 4.648683509353662657e+01 8.853910159210002462e+01
3.455000000000000071e+00 1.639015486929979559e+00 9.459075723029100402e+01 4.688076956651185156e+01 8.927770605127406611e+01
3.459999999999999964e+00 1.640298938682350771e+00 9.514450946477211346e+01 4.727736789375877891e+01 9.002172065717734029e+01
3.464999999999999858e+00 1.641583296914366441e+00 9.569997500971702209e+01 4.767663116154412251e+01 9.077113590908828655e+01
3.470000000000000195e+00 1.642868587069010289e+00 9.625718177253229157e+01 4.807857433685524029e+01 9.152597704561117098e+01
3.475000000000000089e+00 1.644154834908149621e+00 9.681615981635729895e+01 4.848318128639187563e+01 9.228620205181888991e+01
3.479999999999999982e+00 1.645442066514400281e+00 9.737695571965193153e+01 4.889047058999877038e+01 9.305183084932427562e+01
3.484999999999999876e+00 1.646730308293007594e+00 9.793959872662688326e+01 4.930044247105183075e+01 9.382286159423520644e+01
3.490000000000000213e+00 1.648019586973742623e+00 9.850412416146117778e+01 4.971308832118106835e+01 9.459926251798069075e+01
3.495000000000000107e+00 1.649309929612814640e+00 9.907056435626662960e+01 5.012842347763122319e+01 9.538105896604227496e+01
3.500000000000000000e+00 1.650601363594798476e+00 9.963895398548817184e+01 5.054643985657609306e+01 9.616822538566930234e+01
3.504999999999999893e+00 1.651893916634581849e+00 1.002084727418976655e+02 5.096661429707361890e+01 9.695924534507511794e+01
3.510000000000000231e+00 1.653187616779326907e+00 1.007799890180902196e+02 5.138946366942826671e+01 9.775559565712731569e+01
3.515000000000000124e+00 1.654482492410449757e+00 1.013535472503877912e+02 5.181498934392774203e+01 9.855726453045339497e+01
3.520000000000000018e+00 1.655778572245619973e+00 1.019291755960085197e+02 5.224318922928576114e+01 9.936424600957296605e+01
3.524999999999999911e+00 1.657075885340773880e+00 1.025069139429947569e+02 5.267406205458847523e+01 1.001765197440557245e+02
3.530000000000000249e+00 1.658374461092151142e+00 1.030867830612219649e+02 5.310760908575693406e+01 1.009940858720050159e+02
3.535000000000000142e+00 1.659674329238346902e+00 1.036688194091409656e+02 5.354382169653311507e+01 1.018169190065599423e+02
3.540000000000000036e+00 1.660975519862385452e+00 1.042530589590210610e+02 5.398270471711452245e+01 1.026450140515960356e+02
3.544999999999999929e+00 1.662278063393811456e+00 1.048395224538461008e+02 5.442425201686960889e+01 1.034783619539316959e+02
3.550000000000000266e+00 1.663581990610803807e+00 1.054282439792965391e+02 5.486845933807803277e+01 1.043169391024960646e+02
3.555000000000000160e+00 1.664887332642308815e+00 1.060192527161288467e+02 5.531532169926186526e+01 1.051607302816831861e+02
3.560000000000000053e+00 1.666194120970192039e+00 1.066125739129946624e+02 5.576484039658019043e+01 1.060097342420710333e+02
3.564999999999999947e+00 1.667502387431416100e+00 1.072082414158887218e+02 5.621701880694351416e+01 1.068639450119024872e+02
3.570000000000000284e+00 1.668812164220237593e+00 1.078062897456562155e+02 5.667183658826047576e+01 1.077233179328268733e+02
3.575000000000000178e+00 1.670123483890425531e+00 1.084067326521428214e+02 5.712930649755325874e+01 1.085878722274109549e+02
3.580000000000000071e+00 1.671436379357503110e+00 1.090095990578485612e+02 5.758940480701053843e+01 1.094575569195346390e+02
3.584999999999999964e+00 1.672750883901015451e+00 1.096149192292811563e+02 5.805214153791322218e+01 1.103323847036839851e+02
3.589999999999999858e+00 1.674067031166816655e+00 1.102227188173591514e+02 5.851750831949144072e+01 1.112123354429788122e+02
3.595000000000000195e+00 1.675384855169382847e+00 1.108330212668852397e+02 5.898550123406199930e+01 1.120973890381258116e+02
3.600000000000000089e+00 1.676704390294149860e+00 1.114458506569125689e+02 5.945611236613506634e+01 1.129875326725529874e+02
3.604999999999999982e+00 1.678025671299876453e+00 1.120612297007748452e+02 5.992934623405706418e+01 1.138827680698801146e+02
3.609999999999999876e+00 1.679348733321033071e+00 1.126791920859693334e+02 6.040518760152583155e+01 1.147830570262744487e+02
3.615000000000000213e+00 1.680673611870211692e+00 1.132997469059874049e+02 6.088362797044636920e+01 1.156883841931969101e+02
3.620000000000000107e+00 1.682000342840573426e+00 1.139229243676931560e+02 6.136467392107466878e+01 1.165987533087389920e+02
3.625000000000000000e+00 1.683328962508309878e+00 1.145487440758256810e+02 6.184831219246908063e+01 1.175141363784408952e+02
3.629999999999999893e+00 1.684659507535143819e+00 1.151772265836868598e+02 6.233453692209371866e+01 1.184345187618833677e+02
3.635000000000000231e+00 1.685992014970846498e+00 1.158083973572416738e+02 6.282335323400159410e+01 1.193599053242307804e+02
3.640000000000000124e+00 1.687326522255794936e+00 1.164422756006246971e+02 6.331474565725351056e+01 1.202902612773138316e+02
3.645000000000000018e+00 1.688663067223552527e+00 1.170788862836126896e+02 6.380871724643753140e+01 1.212255894067160966e+02
3.649999999999999911e+00 1.690001688103477839e+00 1.177182386511836967e+02 6.430526473290655076e+01 1.221658777786875447e+02
3.655000000000000249e+00 1.691342423523365834e+00 1.183603559762974982e+02 6.480437490745049445e+01 1.231111036012375024e+02
3.660000000000000142e+00 1.692685312512123508e+00 1.190052655092340643e+02 6.530604915122711418e+01 1.240612582689432344e+02
3.665000000000000036e+00 1.694030394502469727e+00 1.196529774129490136e+02 6.581028461610468128e+01 1.250163378949057176e+02
3.669999999999999929e+00 1.695377709333675487e+00 1.203035158798450937e+02 6.631707400335095315e+01 1.259763222800755784e+02
3.675000000000000266e+00 1.696727297254325917e+00 1.209568996580692470e+02 6.682641617540811296e+01 1.269412069559044625e+02
3.680000000000000160e+00 1.698079198925130706e+00 1.216131396732584875e+02 6.733831498804362070e+01 1.279109984270957767e+02
3.685000000000000053e+00 1.699433455421752726e+00 1.222722620457340099e+02 6.785276229981400320e+01 1.288856708562991855e+02
3.689999999999999947e+00 1.700790108237682396e+00 1.229342857890862319e+02 6.836975550490357989e+01 1.298652172462225565e+02
3.695000000000000284e+00 1.702149199287140036e+00 1.235992205585571639e+02 6.888928960087483233e+01 1.308496287684584161e+02
3.700000000000000178e+00 1.703510770908022831e+00 1.242670940902723942e+02 6.941137254886548646e+01 1.318389111589432616e+02
3.705000000000000071e+00 1.704874865864877798e+00 1.249379141600590515e+02 6.993599732082391540e+01 1.328330528902082790e+02
3.709999999999999964e+00 1.706241527351919807e+00 1.256117032074988771e+02 7.046316905571818268e+01 1.338320542971203793e+02
3.714999999999999858e+00 1.707610798996081591e+00 1.262884829389161041e+02 7.099288541774372163e+01 1.348359039137296236e+02
3.720000000000000195e+00 1.708982724860113711e+00 1.269682632697767986e+02 7.152513939393926989e+01 1.358445925669563223e+02
3.725000000000000089e+00 1.710357349445704500e+00 1.276510724009147992e+02 7.205995442809086171e+01 1.368581502718393494e+02
3.729999999999999982e+00 1.711734717696661745e+00 1.283369121536804869e+02 7.259731012461216437e+01 1.378765418077280742e+02
3.734999999999999876e+00 1.713114875002117454e+00 1.290258201660773238e+02 7.313722729828931790e+01 1.388997937373144964e+02
3.740000000000000213e+00 1.714497867199787251e+00 1.297178046111312426e+02 7.367969503586569147e+01 1.399278797756257120e+02
3.745000000000000107e+00 1.715883740579261962e+00 1.304128768951475479e+02 7.422472174943059997e+01 1.409608136326298222e+02
3.750000000000000000e+00 1.717272541885350057e+00 1.311110738411558430e+02 7.477232648507585111e+01 1.419986218755769869e+02
3.754999999999999893e+00 1.718664318321458495e+00 1.318123942834374134e+02 7.532249524501875726e+01 1.430412723211948673e+02
3.760000000000000231e+00 1.720059117553022654e+00 1.325168671751168574e+02 7.587524264848838129e+01 1.440887853340172740e+02
3.765000000000000124e+00 1.721456987710977105e+00 1.332245165144645114e+02 7.643058096997847883e+01 1.451411711898169585e+02
3.770000000000000018e+00 1.722857977395276574e+00 1.339353536211682751e+02 7.698850987594778417e+01 1.461984260245432665e+02
3.774999999999999911e+00 1.724262135678464647e+00 1.346494106915012594e+02 7.754900548583115949e+01 1.472604847032062878e+02
3.780000000000000249e+00 1.725669512109285098e+00 1.353666908468464385e+02 7.811215056755844444e+01 1.483275088484001571e+02
3.785000000000000142e+00 1.727080156716347847e+00 1.360872219329198742e+02 7.867791215281965833e+01 1.493994221864271879e+02
3.790000000000000036e+00 1.728494120011841551e+00 1.368110318309708191e+02 7.924630349726560041e+01 1.504762351908911455e+02
3.794999999999999929e+00 1.729911452995299248e+00 1.375381340186753505e+02 7.981734156391509316e+01 1.515579673230589606e+02
3.800000000000000266e+00 1.731332207157411762e+00 1.382685483881157609e+02 8.039103711393353535e+01 1.526446337292378530e+02
3.805000000000000160e+00 1.732756434483898600e+00 1.390023074303906583e+02 8.096739836871525142e+01 1.537362307229053329e+02
3.810000000000000053e+00 1.734184187459427706e+00 1.397394282501262524e+02 8.154645167926072702e+01 1.548327945890203239e+02
3.814999999999999947e+00 1.735615519071593615e+00 1.404799282604692507e+02 8.212818969078730902e+01 1.559343057901882048e+02
3.820000000000000284e+00 1.737050482814948671e+00 1.412238363402881021e+02 8.271263499983056988e+01 1.570407814863015687e+02
3.825000000000000178e+00 1.738489132695088868e+00 1.419711838434165259e+02 8.329982364136297690e+01 1.581522779979228801e+02
3.830000000000000071e+00 1.739931523232801869e+00 1.427219804054278995e+02 8.388974284901038914e+01 1.592687566054857484e+02
3.834999999999999964e+00 1.741377709468272084e+00 1.434762564721120555e+02 8.448241859772785745e+01 1.603902535318510445e+02
3.839999999999999858e+00 1.742827746965340152e+00 1.442340492091206556e+02 8.507787908734607640e+01 1.615167954039347080e+02
3.845000000000000195e+00 1.744281691815829705e+00 1.449953640829492940e+02 8.567612929101626662e+01 1.626483835628503130e+02
3.850000000000000089e+00 1.745739600643932299e+00 1.457602352170963513e+02 8.627718742443305189e+01 1.637850245781496881e+02
3.854999999999999982e+00 1.747201530610656750e+00 1.465286967257945321e+02 8.688108230792796860e+01 1.649267570188492016e+02
3.859999999999999876e+00 1.748667539418339745e+00 1.473007654485490150e+02 8.748782426639212417e+01 1.660735832209668104e+02
3.865000000000000213e+00 1.750137685315223512e+00 1.480764702559770569e+02 8.809743073855365481e+01 1.672255099224650792e+02
3.870000000000000107e+00 1.751612027100100555e+00 1.488558415031417042e+02 8.870992961763776918e+01 1.683825744540746427e+02
3.875000000000000000e+00 1.753090624127023878e+00 1.496388988648703275e+02 8.932534304942433323e+01 1.695447930700868824e+02
3.879999999999999893e+00 1.754573536310083837e+00 1.504256778675986084e+02 8.994368247761127577e+01 1.707121621974717982e+02
3.885000000000000231e+00 1.756060824128258258e+00 1.512162027364610992e+02 9.056497374799162969e+01 1.718847101078722517e+02
3.890000000000000124e+00 1.757552548630337386e+00 1.520105048609379423e+02 9.118922882403383312e+01 1.730624356112070075e+02
3.895000000000000018e+00 1.759048771439909009e+00 1.528086001467974597e+02 9.181647791105874035e+01 1.742453695871936930e+02
3.899999999999999911e+00 1.760549554760425739e+00 1.536105384962643257e+02 9.244675293808499816e+01 1.754335474254481255e+02
3.905000000000000249e+00 1.762054961380348228e+00 1.544163260278129144e+02 9.308004325083814479e+01 1.766269236297420662e+02
3.910000000000000142e+00 1.763565054678360111e+00 1.552260090770894010e+02 9.371639886680608811e+01 1.778255665038353754e+02
3.915000000000000036e+00 1.765079898628665322e+00 1.560396061441136339e+02 9.435583459993706867e+01 1.790294749407996733e+02
3.919999999999999929e+00 1.766599557806353804e+00 1.568571488075547222e+02 9.499836579005500425e+01 1.802386561241697223e+02
3.925000000000000266e+00 1.768124097392861804e+00 1.576786516461874612e+02 9.564401585534808703e+01 1.814531246092570314e+02
3.930000000000000160e+00 1.769653583181507006e+00 1.585041702102182342e+02 9.629280432309100490e+01 1.826728799440174953e+02
3.935000000000000053e+00 1.771188081583099816e+00 1.593337048517980179e+02 9.694474906541863390e+01 1.838979403541841009e+02
3.939999999999999947e+00 1.772727659631656794e+00 1.601672949957161904e+02 9.759987092378713669e+01 1.851283111461919191e+02
3.945000000000000284e+00 1.774272384990179141e+00 1.610049639209477448e+02 9.825820197235326248e+01 1.863640230843628842e+02
3.950000000000000178e+00 1.775822325956536885e+00 1.618467486740663048e+02 9.891974473519987043e+01 1.876050499870989654e+02
3.955000000000000071e+00 1.777377551469432548e+00 1.626926754198258323e+02 9.958453167456876542e+01 1.888514254317392727e+02
3.959999999999999964e+00 1.778938131114458976e+00 1.635427654406774138e+02 1.002525857912604579e+02 1.901031652209336471e+02
3.965000000000000302e+00 1.780504135130244192e+00 1.643970316018443896e+02 1.009239010953608755e+02 1.913602229290025036e+02
3.970000000000000195e+00 1.782075634414699072e+00 1.652555129092297648e+02 1.015985089017330836e+02 1.926226301594147117e+02
3.975000000000000089e+00 1.783652700531359159e+00 1.661182236011364921e+02 1.022764319964352495e+02 1.938904010730553580e+02
3.979999999999999982e+00 1.785235405715812629e+00 1.669852118807823729e+02 1.029576904865287048e+02 1.951635366199769805e+02
3.984999999999999876e+00 1.786823822882243729e+00 1.678564780387467010e+02 1.036422808532275326e+02 1.964420063597477224e+02
3.990000000000000213e+00 1.788418025630066133e+00 1.687320511996538244e+02 1.043302352601053400e+02 1.977258415757285093e+02
3.995000000000000107e+00 1.790018088250662442e+00 1.696119599653417822e+02 1.050215547109401513e+02 1.990150038673588710e+02
4.000000000000000000e+00 1.791624085734228267e+00 1.704962154122249274e+02 1.057162740106329721e+02 2.003095390237192532e+02
