% raindrop T-matrix calculations using the code of Leinonen, J., "Python code for T-matrix scattering calculations". Available at https://github.com/jleinonen/pytmatrix/. 
% 
% refractive index calculations after Ray, P., 1972:  Broadband Complex Refractive Indices of Ice and Water, Appl. Opt. 11, 1836-1844 
% 
% raindrop aspect ratio estimated with the methodology of Brandes, Edward & Zhang, Guifu & Vivekanandan, Jothiram. (2005). Corrigendum. Journal of Applied Meteorology. 44. 186-. 10.1175/1520-0450(2005)44<186:C>2.0.CO;2. 
% 
% wave length: 22.043563 mm 
% temperature: 268.15 K 
% refractive index: 5.864048480987548828e+00 + 3.075336694717407227e+00 i 
% 
%r_eqv[mm]               axial ratio              ext[mm2]                 sca[mm2]                 back[mm2]
5.000000000000000104e-03 9.999900000999989436e-01 2.391226038554577941e-08 7.989630450048163054e-16 1.198439849546544245e-15
1.000000000000000021e-02 9.999900000999989436e-01 1.913260161214987308e-07 5.113399177567144737e-14 7.669976826013679936e-14
1.499999999999999944e-02 9.999900000999989436e-01 6.458825331056486070e-07 5.824548588862892189e-13 8.736509817713009747e-13
2.000000000000000042e-02 9.999900000999989436e-01 1.531503240735816644e-06 3.272666099748694814e-12 4.908686252168811843e-12
2.500000000000000139e-02 9.999900000999989436e-01 2.992530704046024947e-06 1.248448864982113176e-11 1.872486748866295952e-11
2.999999999999999889e-02 9.999900000999989436e-01 5.173870446615216411e-06 3.727943108710470403e-11 5.591112445364667612e-11
3.500000000000000333e-02 9.999900000999989436e-01 8.221132428870315604e-06 9.400761210400948169e-11 1.409838830350501368e-10
4.000000000000000083e-02 9.999900000999989436e-01 1.228077802835053583e-05 2.094738219806234986e-10 3.141305973311457646e-10
4.499999999999999833e-02 9.999900000999989436e-01 1.750025740485020343e-05 4.246800608038502255e-10 6.368144843389632859e-10
5.000000000000000278e-02 9.999900000999989436e-01 2.402816396296512724e-05 7.991455349822880360e-10 1.198240684040236233e-09
5.500000000000000028e-02 9.999900000999989436e-01 3.201437169172898574e-05 1.415803543339214667e-09 2.122681551569950786e-09
5.999999999999999778e-02 9.999900000999989436e-01 4.161018458767559881e-05 2.386477926657925519e-09 3.577663460684529941e-09
6.500000000000000222e-02 9.999900000999989436e-01 5.296849407221830325e-05 3.857936894360669975e-09 5.783010017830763465e-09
7.000000000000000666e-02 9.999900000999989436e-01 6.624391567722608272e-05 6.018528473161147542e-09 9.020746043950510005e-09
7.499999999999999722e-02 9.999900000999989436e-01 8.159293943986179994e-05 9.105393150203024759e-09 1.364585348247238844e-08
8.000000000000000167e-02 9.999900000999989436e-01 9.917410541917017484e-05 1.341226367855430462e-08 2.009789179831343593e-08
8.500000000000000611e-02 9.999900000999989436e-01 1.191481209944968432e-04 1.929784647071960381e-08 2.891347192217729334e-08
8.999999999999999667e-02 9.999900000999989436e-01 1.416780384278888087e-04 2.719477264993480243e-08 4.073956311605166234e-08
9.500000000000000111e-02 9.999900000999989436e-01 1.669294185230320272e-04 3.761916221456017507e-08 5.634769493708817113e-08
1.000000000000000056e-01 9.999900000999989436e-01 1.950704581989326405e-04 5.118074609424300191e-08 7.664896839917845432e-08
1.049999999999999961e-01 9.999900000999989436e-01 2.262721892034295803e-04 6.859358860199710173e-08 1.027099367496999188e-07
1.100000000000000006e-01 9.999900000999989436e-01 2.607085925749215438e-04 9.068741765685431798e-08 1.357693633792387225e-07
1.150000000000000050e-01 9.999900000999989436e-01 2.985568084652796459e-04 1.184194625765206984e-07 1.772557030289730701e-07
1.199999999999999956e-01 9.999900000999989436e-01 3.399972501022485130e-04 1.528870554313336866e-07 2.288056861645317726e-07
1.250000000000000000e-01 9.999900000999989436e-01 3.852138299537214978e-04 1.953406214554826271e-07 2.922834411075560938e-07
1.300000000000000044e-01 9.999900000999989436e-01 4.343940776749384233e-04 2.471973527582447497e-07 3.698005907163213760e-07
1.350000000000000089e-01 9.999900000999989436e-01 4.877293662840917129e-04 3.100556447431073907e-07 4.637374383108114006e-07
1.400000000000000133e-01 9.999900000999989436e-01 5.454149036376818591e-04 3.857096683563455343e-07 5.767642990209204581e-07
1.449999999999999900e-01 9.999900000999989436e-01 6.076502689915651853e-04 4.761651792094012518e-07 7.118646210258157680e-07
1.499999999999999944e-01 9.999900000999989436e-01 6.746392347164032041e-04 5.836554832542189390e-07 8.723582740049802857e-07
1.549999999999999989e-01 9.999900000999989436e-01 7.465900128625524868e-04 7.106579346556122978e-07 1.061925562419755570e-06
1.600000000000000033e-01 9.999900000999989436e-01 8.237156780850391109e-04 8.599115410404311658e-07 1.284632818423344937e-06
1.650000000000000078e-01 9.999900000999989436e-01 9.062340050261521399e-04 1.034434618240705590e-06 1.544957987857192037e-06
1.700000000000000122e-01 9.999900000999989436e-01 9.943679326995602877e-04 1.237543470536022503e-06 1.847817660729734786e-06
1.750000000000000167e-01 9.999900000999989436e-01 1.088345532285989051e-03 1.472871445968443454e-06 2.198594574206834876e-06
1.799999999999999933e-01 9.999900000999989436e-01 1.188400357824614386e-03 1.744388480422275686e-06 2.603165739036002961e-06
1.849999999999999978e-01 9.999900000999989436e-01 1.294771670809486417e-03 2.056422186022182234e-06 3.067932782134783698e-06
1.900000000000000022e-01 1.000338260324268314e+00 1.408033979599043750e-03 2.414298879425113736e-06 3.600783638326253423e-06
1.950000000000000067e-01 1.000344839311130496e+00 1.527812073004369831e-03 2.822000564596363895e-06 4.207570668832615670e-06
2.000000000000000111e-01 1.000357515291503407e+00 1.654668972875275763e-03 3.285590055219675840e-06 4.897254973406348527e-06
2.050000000000000155e-01 1.000376259251188893e+00 1.788869706606274800e-03 3.811049989083184124e-06 5.678657867308913016e-06
2.099999999999999922e-01 1.000401042453005207e+00 1.930686367346782367e-03 4.404830939823429794e-06 6.561282394232961645e-06
2.149999999999999967e-01 1.000431836433301802e+00 2.080397912670480746e-03 5.073881707543229818e-06 7.555356674579167960e-06
2.200000000000000011e-01 1.000468612998516083e+00 2.238290379166324191e-03 5.825667837890738241e-06 8.671859486484660956e-06
2.250000000000000056e-01 1.000511344221778787e+00 2.404657194364111326e-03 6.668202299391850077e-06 9.922563877819804036e-06
2.300000000000000100e-01 1.000560002439564444e+00 2.579799663198563148e-03 7.610072622309340025e-06 1.132007532963174176e-05
2.350000000000000144e-01 1.000614560248383578e+00 2.764026649355465388e-03 8.660462285870249073e-06 1.287786112983480508e-05
2.399999999999999911e-01 1.000674990501522643e+00 2.957655095049895912e-03 9.829182810770323059e-06 1.461029560599758008e-05
2.449999999999999956e-01 1.000741266305821942e+00 3.161010649086986105e-03 1.112670542334073976e-05 1.653270449168190345e-05
2.500000000000000000e-01 1.000813361018499714e+00 3.374426958293004659e-03 1.256418225866926078e-05 1.866139350616020243e-05
2.550000000000000044e-01 1.000891248244015541e+00 3.598246608552603532e-03 1.415348297613719580e-05 2.101369970698250959e-05
2.600000000000000089e-01 1.000974901830975039e+00 3.832821402135787488e-03 1.590722456997245609e-05 2.360803259233365943e-05
2.650000000000000133e-01 1.001064295869075416e+00 4.078511965690109417e-03 1.783879923443003584e-05 2.646391189971349659e-05
2.700000000000000178e-01 1.001159404686088994e+00 4.335689073005729276e-03 1.996241564029241320e-05 2.960202536171385021e-05
2.750000000000000222e-01 1.001260202844886926e+00 4.604732602820725031e-03 2.229311116537608666e-05 3.304424283057359215e-05
2.800000000000000266e-01 1.001366665140501100e+00 4.886032560951792184e-03 2.484682025827542829e-05 3.681371388353157507e-05
2.850000000000000311e-01 1.001478766597222014e+00 5.179989171886407312e-03 2.764036465708532639e-05 4.093484869215303836e-05
2.899999999999999800e-01 1.001596482465736404e+00 5.487013550911894015e-03 3.069153955206041409e-05 4.543344168967460516e-05
2.949999999999999845e-01 1.001719788220298835e+00 5.807527500748690605e-03 3.401909605929007353e-05 5.033664030431215603e-05
2.999999999999999889e-01 1.001848659555939935e+00 6.141963212180696040e-03 3.764282964909305431e-05 5.567307148494974174e-05
3.049999999999999933e-01 1.001983072385710605e+00 6.490764395416128221e-03 4.158356787767326891e-05 6.147281792647520365e-05
3.099999999999999978e-01 1.002123002837959964e+00 6.854387924985443255e-03 4.586325572037816594e-05 6.776753913487442967e-05
3.150000000000000022e-01 1.002268427253648841e+00 7.233299761096722430e-03 5.050496289187239254e-05 7.459047654070498400e-05
3.200000000000000067e-01 1.002419322183694117e+00 7.627980025115195864e-03 5.553292791269623429e-05 8.197651230949528462e-05
3.250000000000000111e-01 1.002575664386349930e+00 8.038920900208202866e-03 6.097262457142536547e-05 8.996226190362755957e-05
3.300000000000000155e-01 1.002737430824617970e+00 8.466626754895909338e-03 6.685076580331491170e-05 9.858607275617774506e-05
3.350000000000000200e-01 1.002904598663692415e+00 8.911614879405435619e-03 7.319536349980919809e-05 1.078881062284040921e-04
3.400000000000000244e-01 1.003077145268434833e+00 9.374417449305101277e-03 8.003579572500651789e-05 1.179104293408657036e-04
3.450000000000000289e-01 1.003255048200880628e+00 9.855577815451575102e-03 8.740279053407919846e-05 1.286969837024368657e-04
3.500000000000000333e-01 1.003438285217776782e+00 1.035565442563123398e-02 9.532856501273080858e-05 1.402937836071940726e-04
3.549999999999999822e-01 1.003626834268148693e+00 1.087522130583246267e-02 1.038467404816230481e-04 1.527487808840088718e-04
3.599999999999999867e-01 1.003820673490896542e+00 1.141486466389485081e-02 1.129925600195092459e-04 1.661121804343280398e-04
3.649999999999999911e-01 1.004019781212422524e+00 1.197518720671803330e-02 1.228027429087127453e-04 1.804362142241032376e-04
3.699999999999999956e-01 1.004224135944284502e+00 1.255680605726447810e-02 1.333157137038619943e-04 1.957754714083093355e-04
3.750000000000000000e-01 1.004433716380879638e+00 1.316035338355847455e-02 1.445715017674892885e-04 2.121867399601496090e-04
3.800000000000000044e-01 1.004648501397155336e+00 1.378647911352779039e-02 1.566119099315114007e-04 2.297292473670071902e-04
3.850000000000000089e-01 1.004868470046347273e+00 1.443584656008241145e-02 1.694805049593279427e-04 2.484646341111550758e-04
3.900000000000000133e-01 1.005093601557745631e+00 1.510913846725895314e-02 1.832226951744074614e-04 2.684570600034205754e-04
3.950000000000000178e-01 1.005323875334485528e+00 1.580705122729962608e-02 1.978857091040467960e-04 2.897731597209507719e-04
4.000000000000000222e-01 1.005559270951367434e+00 1.653030290374456895e-02 2.135187939926771594e-04 3.124823255672566332e-04
4.050000000000000266e-01 1.005799768152698448e+00 1.727962401026911232e-02 2.301731525629754568e-04 3.366566032975668076e-04
4.100000000000000311e-01 1.006045346850164002e+00 1.805576676516362084e-02 2.479020210531045578e-04 3.623707935489464856e-04
4.150000000000000355e-01 1.006295987120720881e+00 1.885950037280377869e-02 2.667608089265988830e-04 3.897026461951372386e-04
4.199999999999999845e-01 1.006551669204517108e+00 1.969161142755029847e-02 2.868069627995690389e-04 4.187326476410558034e-04
4.249999999999999889e-01 1.006812373502834479e+00 2.055290894504671270e-02 3.081003711275571337e-04 4.495446044908720353e-04
4.299999999999999933e-01 1.007078080576055967e+00 2.144421763996082544e-02 3.307029537702625222e-04 4.822250222160304189e-04
4.349999999999999978e-01 1.007348771141657329e+00 2.236638340694950891e-02 3.546791385497087036e-04 5.168637989991266279e-04
4.400000000000000022e-01 1.007624426072219359e+00 2.332027335218025271e-02 3.800958213021207125e-04 5.535541468627475960e-04
4.450000000000000067e-01 1.007905026393466796e+00 2.430677402781857357e-02 4.070221488025116473e-04 5.923922609667632436e-04
4.500000000000000111e-01 1.008190553282325652e+00 2.532679446703674578e-02 4.355301372918998532e-04 6.334782174155554300e-04
4.550000000000000155e-01 1.008480988065006079e+00 2.638126196265157264e-02 4.656940329878673243e-04 6.769150089577386778e-04
4.600000000000000200e-01 1.008776312215104998e+00 2.747112791886092975e-02 4.975911758849697018e-04 7.228098098230732217e-04
4.650000000000000244e-01 1.009076507351731156e+00 2.859736582023643739e-02 5.313012564805281958e-04 7.712728572735854911e-04
4.700000000000000289e-01 1.009381555237651273e+00 2.976097029830011842e-02 5.669070603134954752e-04 8.224185413455378400e-04
4.750000000000000333e-01 1.009691437777457068e+00 3.096296307178571239e-02 6.044942458276903602e-04 8.763650529098553597e-04
4.799999999999999822e-01 1.010006137015752481e+00 3.220438216124704711e-02 6.441512376707781654e-04 9.332342093942251745e-04
4.849999999999999867e-01 1.010325635135361333e+00 3.348629753818523763e-02 6.859696336531732582e-04 9.931520412261218757e-04
4.899999999999999911e-01 1.010649914455556075e+00 3.480979546522043611e-02 7.300442966025525284e-04 1.056248909229998666e-03
4.949999999999999956e-01 1.010978957430304748e+00 3.617599602098332118e-02 7.764729791201746426e-04 1.122658930243108357e-03
5.000000000000000000e-01 1.011312746646537475e+00 3.758603549512623543e-02 8.253568450446100964e-04 1.192520730972823151e-03
5.050000000000000044e-01 1.011651264822433394e+00 3.904108225061905108e-02 8.768005760588287387e-04 1.265977580000708863e-03
5.100000000000000089e-01 1.011994494805724676e+00 4.054232598655034547e-02 9.309120517630047921e-04 1.343176904781757074e-03
5.150000000000000133e-01 1.012342419572020980e+00 4.209098679685470412e-02 9.878026151914495127e-04 1.424270655146148753e-03
5.200000000000000178e-01 1.012695022223150554e+00 4.368830951157731679e-02 1.047587484069407602e-03 1.509415907492427404e-03
5.250000000000000222e-01 1.013052285985520662e+00 4.533556930034876586e-02 1.110385541319023435e-03 1.598774510468475938e-03
5.300000000000000266e-01 1.013414194208494434e+00 4.703406269812501067e-02 1.176318915294107849e-03 1.692512464208323440e-03
5.350000000000000311e-01 1.013780730362787486e+00 4.878512096865114667e-02 1.245514494404107364e-03 1.790802132401527868e-03
5.400000000000000355e-01 1.014151878038878962e+00 5.059010409853096496e-02 1.318102365494942070e-03 1.893819911465941495e-03
5.450000000000000400e-01 1.014527620945441466e+00 5.245039924850020824e-02 1.394216822422755537e-03 2.001747708787610103e-03
5.500000000000000444e-01 1.014907942907788518e+00 5.436741920377440723e-02 1.473996511530839808e-03 2.114773116640204786e-03
5.550000000000000488e-01 1.015292827866336012e+00 5.634261877591149187e-02 1.557584258573386322e-03 2.233089152664236889e-03
5.600000000000000533e-01 1.015682259875082316e+00 5.837747015908606452e-02 1.645126882032043984e-03 2.356893977634294795e-03
5.650000000000000577e-01 1.016076223100103704e+00 6.047348592052945171e-02 1.736776115539667882e-03 2.486392193620518519e-03
5.700000000000000622e-01 1.016474701818065096e+00 6.263220762690267784e-02 1.832688191667468424e-03 2.621794245637772917e-03
5.750000000000000666e-01 1.016877680414747243e+00 6.485520565014613048e-02 1.933023596274231022e-03 2.763316024373476364e-03
5.799999999999999600e-01 1.017285143383589441e+00 6.714409263712793619e-02 2.037947481577690508e-03 2.911179460915828791e-03
5.849999999999999645e-01 1.017697075324246692e+00 6.950050180798147959e-02 2.147630368610461797e-03 3.065613538122904762e-03
5.899999999999999689e-01 1.018113460941162618e+00 7.192610867030212185e-02 2.262247681982744799e-03 3.226853575982955354e-03
5.949999999999999734e-01 1.018534285042156151e+00 7.442262420314291194e-02 2.381979172446748502e-03 3.395140384725102087e-03
5.999999999999999778e-01 1.018959532537025314e+00 7.699178847026941219e-02 2.507010669225514469e-03 3.570722802665342310e-03
6.049999999999999822e-01 1.019389188436160998e+00 7.963537369044573766e-02 2.637532519214926853e-03 3.753855405361974842e-03
6.099999999999999867e-01 1.019823237849180497e+00 8.235520283516435669e-02 2.773741080971454942e-03 3.944800616780218087e-03
6.149999999999999911e-01 1.020261665983570154e+00 8.515311926487798000e-02 2.915837786204002191e-03 4.143827460392177607e-03
6.199999999999999956e-01 1.020704458143344873e+00 8.803101397573777354e-02 3.064029972123581951e-03 4.351212563241543818e-03
6.250000000000000000e-01 1.021151599727719406e+00 9.099080499073648742e-02 3.218530638747428910e-03 4.567239965983401623e-03
6.300000000000000044e-01 1.021603076229795626e+00 9.403445773581425859e-02 3.379558978947355425e-03 4.792201761135176860e-03
6.350000000000000089e-01 1.022058873235258902e+00 9.716397502603303649e-02 3.547338868621036350e-03 5.026395925517426061e-03
6.400000000000000133e-01 1.022518976421092685e+00 1.003813836719258529e-01 3.722102212849175053e-03 5.270131224195864945e-03
6.450000000000000178e-01 1.022983371554301524e+00 1.036887743956812907e-01 3.904086314354818406e-03 5.523723257098566743e-03
6.500000000000000222e-01 1.023452044490649859e+00 1.070882620746492903e-01 4.093534289783802224e-03 5.787495179076428305e-03
6.550000000000000266e-01 1.023924981173411908e+00 1.105820021541620291e-01 4.290696551952743153e-03 6.061779755529765265e-03
6.600000000000000311e-01 1.024402167632133542e+00 1.141721940971816007e-01 4.495830041221214948e-03 6.346918280605842386e-03
6.650000000000000355e-01 1.024883589981409493e+00 1.178610749852356254e-01 4.709198409609236663e-03 6.643260794977213189e-03
6.700000000000000400e-01 1.025369234419667430e+00 1.216509290404703819e-01 4.931072125591650680e-03 6.951166325914758665e-03
6.750000000000000444e-01 1.025859087227968924e+00 1.255440811576812865e-01 5.161728573221229140e-03 7.271002919203581674e-03
6.800000000000000488e-01 1.026353134768820174e+00 1.295428939754437736e-01 5.401453256594304468e-03 7.603149453409370831e-03
6.850000000000000533e-01 1.026851363484993174e+00 1.336497839169875357e-01 5.650537920401028577e-03 7.947992879089612814e-03
6.900000000000000577e-01 1.027353759898360641e+00 1.378671980806508712e-01 5.909282740285638422e-03 8.305931484599758663e-03
6.950000000000000622e-01 1.027860310608740946e+00 1.421976312942369314e-01 6.177995407062477837e-03 8.677373360523337256e-03
7.000000000000000666e-01 1.028371002292754355e+00 1.466436454035733583e-01 6.456990255461849716e-03 9.062735368683039541e-03
7.049999999999999600e-01 1.028885821702690384e+00 1.512077969081014051e-01 6.746591631505570626e-03 9.462448004450202399e-03
7.099999999999999645e-01 1.029404755665387139e+00 1.558927358900258631e-01 7.047130820272336574e-03 9.876950796194152934e-03
7.149999999999999689e-01 1.029927791081118427e+00 1.607011400001430168e-01 7.358948413822393592e-03 1.030669593939909437e-02
7.199999999999999734e-01 1.030454914922495746e+00 1.656357278144593714e-01 7.682390980888765056e-03 1.075214331299220380e-02
7.249999999999999778e-01 1.030986114233377604e+00 1.706992787217412599e-01 8.017817162877232534e-03 1.121376941129152358e-02
7.299999999999999822e-01 1.031521376127789047e+00 1.758945993623826365e-01 8.365591836088709030e-03 1.169205902483581860e-02
7.349999999999999867e-01 1.032060687788854958e+00 1.812245639587672930e-01 8.726089957782309434e-03 1.218751069940895992e-02
7.399999999999999911e-01 1.032604036467738684e+00 1.866920807187505971e-01 9.099696764306833968e-03 1.270063697821604068e-02
7.449999999999999956e-01 1.033151409482594651e+00 1.923001057493744781e-01 9.486804128278245388e-03 1.323195938441333423e-02
7.500000000000000000e-01 1.033702794217528753e+00 1.980516620819075535e-01 9.887815861496998190e-03 1.378201597030192897e-02
7.550000000000000044e-01 1.034258178121568061e+00 2.039498004900449357e-01 1.030314542833402243e-02 1.435135808307217396e-02
7.600000000000000089e-01 1.034817548707643198e+00 2.099976192392379315e-01 1.073321463548886252e-02 1.494054851869186171e-02
7.650000000000000133e-01 1.035380893551575587e+00 2.161982842444007402e-01 1.117845654387353629e-02 1.555016573934592770e-02
7.700000000000000178e-01 1.035948200291078702e+00 2.225550015871791687e-01 1.163931445243396832e-02 1.618080271566553832e-02
7.750000000000000222e-01 1.036519456624765523e+00 2.290710122886784050e-01 1.211624184462194338e-02 1.683306634917115102e-02
7.800000000000000266e-01 1.037094650311166655e+00 2.357496442052000041e-01 1.260970438903271859e-02 1.750758106486770271e-02
7.850000000000000311e-01 1.037673769167756666e+00 2.425942397882921708e-01 1.312017524983561875e-02 1.820498177755168479e-02
7.900000000000000355e-01 1.038256801069989743e+00 2.496082089078406063e-01 1.364814326442264844e-02 1.892592555166171600e-02
7.950000000000000400e-01 1.038843733950345127e+00 2.567950084949446876e-01 1.419410527200485467e-02 1.967108125884681549e-02
8.000000000000000444e-01 1.039434555797379867e+00 2.641581369144334057e-01 1.475857435130158851e-02 2.044114095460852418e-02
8.050000000000000488e-01 1.040029254654790458e+00 2.717011593464994657e-01 1.534206342615989857e-02 2.123679641264190551e-02
8.100000000000000533e-01 1.040627818620484257e+00 2.794276823975708757e-01 1.594511575361134623e-02 2.205878345918379710e-02
8.150000000000000577e-01 1.041230235845658436e+00 2.873413663094842030e-01 1.656827316778829856e-02 2.290783606722031004e-02
8.200000000000000622e-01 1.041836494533886492e+00 2.954459257410929074e-01 1.721209294918433705e-02 2.378471089294314708e-02
8.250000000000000666e-01 1.042446582940215416e+00 3.037451160586469023e-01 1.787714845667748298e-02 2.469018825576627454e-02
8.300000000000000711e-01 1.043060489370268407e+00 3.122427464472115610e-01 1.856401839293996339e-02 2.562505686264103869e-02
8.349999999999999645e-01 1.043678202179357140e+00 3.209426806269219945e-01 1.927330948230615223e-02 2.659014656840602564e-02
8.399999999999999689e-01 1.044299709771603135e+00 3.298488364350462554e-01 2.000562246178724801e-02 2.758627921206789624e-02
8.449999999999999734e-01 1.044925000599063569e+00 3.389651717458185276e-01 2.076159106393226511e-02 2.861432558607751239e-02
8.499999999999999778e-01 1.045554063160868408e+00 3.482956995619481688e-01 2.154184667317768018e-02 2.967515397797620275e-02
8.549999999999999822e-01 1.046186886002363758e+00 3.578444859845860138e-01 2.234704692093526443e-02 3.076967223711735838e-02
8.599999999999999867e-01 1.046823457714263217e+00 3.676156517627111597e-01 2.317785517161346023e-02 3.189879789154261708e-02
8.649999999999999911e-01 1.047463766931806317e+00 3.776133447439520285e-01 2.403495775742958349e-02 3.306348321708063587e-02
8.699999999999999956e-01 1.048107802333925420e+00 3.878417935560786178e-01 2.491904718232112320e-02 3.426469103672396405e-02
8.750000000000000000e-01 1.048755552642418598e+00 3.983052271846798664e-01 2.583084394781453436e-02 3.550342735400899979e-02
8.800000000000000044e-01 1.049407006621131844e+00 4.090079694620088469e-01 2.677106615324770233e-02 3.678069661698385451e-02
8.850000000000000089e-01 1.050062153075147497e+00 4.199543972902290423e-01 2.774046541185410872e-02 3.809755388268383502e-02
8.900000000000000133e-01 1.050720980849978670e+00 4.311489146889778135e-01 2.873980486301544110e-02 3.945507402850313705e-02
8.950000000000000178e-01 1.051383478830772988e+00 4.425959142115298839e-01 2.976984925947287128e-02 4.085433713188402205e-02
9.000000000000000222e-01 1.052049635941522787e+00 4.542999607495986081e-01 3.083140378013148053e-02 4.229648501138468658e-02
9.050000000000000266e-01 1.052719441144281065e+00 4.662655410679465984e-01 3.192527091487590979e-02 4.378265883694765215e-02
9.100000000000000311e-01 1.053392883438386107e+00 4.784972884673630023e-01 3.305228987941699614e-02 4.531405656506084373e-02
9.150000000000000355e-01 1.054069951859691656e+00 4.909997830903102267e-01 3.421329727005375382e-02 4.689187691261419155e-02
9.200000000000000400e-01 1.054750635479804632e+00 5.037777261525929751e-01 3.540915713234889933e-02 4.851736237633226534e-02
9.250000000000000444e-01 1.055434923405329073e+00 5.168358325342956583e-01 3.664075697050486746e-02 5.019179359309671601e-02
9.300000000000000488e-01 1.056122804777117841e+00 5.301788306205673651e-01 3.790899703863703091e-02 5.191647551234632174e-02
9.350000000000000533e-01 1.056814268769528553e+00 5.438115426746731318e-01 3.921479635499602878e-02 5.369274431032664691e-02
9.400000000000000577e-01 1.057509304589689725e+00 5.577388312113975566e-01 4.055909287643992556e-02 5.552197044174642104e-02
9.450000000000000622e-01 1.058207901476769797e+00 5.719654661393145378e-01 4.194284881396422721e-02 5.740556462478318273e-02
9.500000000000000666e-01 1.058910048701254603e+00 5.864964562980785612e-01 4.336704094097508511e-02 5.934496568124771748e-02
9.550000000000000711e-01 1.059615735564230832e+00 6.013366790758307712e-01 4.483267125139147463e-02 6.134165505095422882e-02
9.599999999999999645e-01 1.060324951396675930e+00 6.164911713695385709e-01 4.634076232536860074e-02 6.339715136059477507e-02
9.649999999999999689e-01 1.061037685558753330e+00 6.319649170666762350e-01 4.789235127527115971e-02 6.551300196175954826e-02
9.699999999999999734e-01 1.061753927439116119e+00 6.477629259463981715e-01 4.948850190463890270e-02 6.769080112144396089e-02
9.749999999999999778e-01 1.062473666454213594e+00 6.638903160572572348e-01 5.113029967998292818e-02 6.993218222009137119e-02
9.799999999999999822e-01 1.063196892047607145e+00 6.803521506035520305e-01 5.281885780410820741e-02 7.223882856775859507e-02
9.849999999999999867e-01 1.063923593689290348e+00 6.971535799879439166e-01 5.455529924317291390e-02 7.461244578410972106e-02
9.899999999999999911e-01 1.064653760875015509e+00 7.142997360148803931e-01 5.634077522892776135e-02 7.705479196801012787e-02
9.949999999999999956e-01 1.065387383125626419e+00 7.317958215395764521e-01 5.817646658557323186e-02 7.956767652441769367e-02
1.000000000000000000e+00 1.066124449986396217e+00 7.496470073388671329e-01 6.006357739456865547e-02 8.215295462407183613e-02
1.005000000000000115e+00 1.066864951026373021e+00 7.678586001102543079e-01 6.200346602103619376e-02 8.481273706742493979e-02
1.010000000000000009e+00 1.067608875837728233e+00 7.864358184995426937e-01 6.399725226632310693e-02 8.754876090930212296e-02
1.015000000000000124e+00 1.068356214035114826e+00 8.053837753062689231e-01 6.604621245575810484e-02 9.036302251805491959e-02
1.020000000000000018e+00 1.069106955255026969e+00 8.247078018321030157e-01 6.815164832234464620e-02 9.325756563854555037e-02
1.024999999999999911e+00 1.069861089155168976e+00 8.444131721295455861e-01 7.031488697712810765e-02 9.623448753023342017e-02
1.030000000000000027e+00 1.070618605413826918e+00 8.645052133942635608e-01 7.253726605290568286e-02 9.929591257666400828e-02
1.034999999999999920e+00 1.071379493729249344e+00 8.849891189609822018e-01 7.482017828368131562e-02 1.024440611007483293e-01
1.040000000000000036e+00 1.072143743819029771e+00 9.058702696951707045e-01 7.716502895382375271e-02 1.056811868469117455e-01
1.044999999999999929e+00 1.072911345419497398e+00 9.271538571928974459e-01 7.957324964318873706e-02 1.090095984641245852e-01
1.050000000000000044e+00 1.073682288285112474e+00 9.488453141333604846e-01 8.204629973517880981e-02 1.124316594550482246e-01
1.054999999999999938e+00 1.074456562187866782e+00 9.709498826184812525e-01 8.458564960352302209e-02 1.159497687407234495e-01
1.060000000000000053e+00 1.075234156916690775e+00 9.934727813289065956e-01 8.719286154014255219e-02 1.195664756362590925e-01
1.064999999999999947e+00 1.076015062276864054e+00 1.016419411880504109e+00 8.986943074182225655e-02 1.232842521634920502e-01
1.070000000000000062e+00 1.076799268089433603e+00 1.039794961663687234e+00 9.261697822224462806e-02 1.271057710922302297e-01
1.074999999999999956e+00 1.077586764190635593e+00 1.063604777141882396e+00 9.543708951522324180e-02 1.310336741265883398e-01
1.080000000000000071e+00 1.078377540431322945e+00 1.087854019328150290e+00 9.833139537606069847e-02 1.350706892338656706e-01
1.084999999999999964e+00 1.079171586676399119e+00 1.112548003367565874e+00 1.013015925065055001e-01 1.392196622850659926e-01
1.090000000000000080e+00 1.079968892804255898e+00 1.137691808222287104e+00 1.043493553406978219e-01 1.434834293082926648e-01
1.094999999999999973e+00 1.080769448706216718e+00 1.163290800484280352e+00 1.074764258424329572e-01 1.478649467568855513e-01
1.100000000000000089e+00 1.081573244285985780e+00 1.189350027950824673e+00 1.106845769348833580e-01 1.523672393850962203e-01
1.104999999999999982e+00 1.082380269459101152e+00 1.215874616051840329e+00 1.139755775054187570e-01 1.569933528915255505e-01
1.110000000000000098e+00 1.083190514152395201e+00 1.242869768592832935e+00 1.173513033080598456e-01 1.617465107014961212e-01
1.114999999999999991e+00 1.084003968303457022e+00 1.270340474088940352e+00 1.208135696656606056e-01 1.666298773257456900e-01
1.120000000000000107e+00 1.084820621860102863e+00 1.298291800312172173e+00 1.243643199318090475e-01 1.716468274264054961e-01
1.125000000000000000e+00 1.085640464779849657e+00 1.326728653665127045e+00 1.280054742368916254e-01 1.768007317761834118e-01
1.130000000000000115e+00 1.086463487029394992e+00 1.355656147590814209e+00 1.317389885582863907e-01 1.820950402649365862e-01
1.135000000000000009e+00 1.087289678584100638e+00 1.385079027536210594e+00 1.355668708699305780e-01 1.875333079054017638e-01
1.140000000000000124e+00 1.088119029427482509e+00 1.415002244672026732e+00 1.394911877604999018e-01 1.931192062192770287e-01
1.145000000000000018e+00 1.088951529550704622e+00 1.445430589011922784e+00 1.435139788898457947e-01 1.988563960096577932e-01
1.150000000000000133e+00 1.089787168952079055e+00 1.476368904951607108e+00 1.476374049869654259e-01 2.047487466528668532e-01
1.155000000000000027e+00 1.090625937636568565e+00 1.507821817946052967e+00 1.518635784772897068e-01 2.108000904384827456e-01
1.159999999999999920e+00 1.091467825615297427e+00 1.539793898287854734e+00 1.561947128799366091e-01 2.170144399425568416e-01
1.165000000000000036e+00 1.092312822905064262e+00 1.572289877739966535e+00 1.606330403715878763e-01 2.233958660281409603e-01
1.169999999999999929e+00 1.093160919527861763e+00 1.605314104974764566e+00 1.651808291435339360e-01 2.299485303481124676e-01
1.175000000000000044e+00 1.094012105510399513e+00 1.638871306538626671e+00 1.698403905243066891e-01 2.366766884114194225e-01
1.179999999999999938e+00 1.094866370883633921e+00 1.672965562310337884e+00 1.746140475488049126e-01 2.435846533035357087e-01
1.185000000000000053e+00 1.095723705682299487e+00 1.707601380600133112e+00 1.795042355462117267e-01 2.506769351993750616e-01
1.189999999999999947e+00 1.096584099944449830e+00 1.742782943377794380e+00 1.845133604738971034e-01 2.579580402273008444e-01
1.195000000000000062e+00 1.097447543710998508e+00 1.778514376696950894e+00 1.896438921467567540e-01 2.654326066749073121e-01
1.199999999999999956e+00 1.098314027025267592e+00 1.814799966420285404e+00 1.948983680952840747e-01 2.731054063292301937e-01
1.205000000000000071e+00 1.099183539932540254e+00 1.851643459431979055e+00 2.002793402132525546e-01 2.809812778175908021e-01
1.209999999999999964e+00 1.100056072479618674e+00 1.889049082084736542e+00 2.057893834365137897e-01 2.890651269921997724e-01
1.215000000000000080e+00 1.100931614714385054e+00 1.927020473838211068e+00 2.114311852666846403e-01 2.973620704463809106e-01
1.219999999999999973e+00 1.101810156685369746e+00 1.965561477203080276e+00 2.172074051175338916e-01 3.058772200564726651e-01
1.225000000000000089e+00 1.102691688441321372e+00 2.004675724222023891e+00 2.231207958369124944e-01 3.146158700696310984e-01
1.229999999999999982e+00 1.103576200030784493e+00 2.044366951603562299e+00 2.291741324466562979e-01 3.235833869934499618e-01
1.235000000000000098e+00 1.104463681501680172e+00 2.084638569150130571e+00 2.353702314886650382e-01 3.327852432709615393e-01
1.239999999999999991e+00 1.105354122900890967e+00 2.125493933491095611e+00 2.417119826493993873e-01 3.422270599763975185e-01
1.245000000000000107e+00 1.106247514273852595e+00 2.166936610478951142e+00 2.482022992063816769e-01 3.519145348847798060e-01
1.250000000000000000e+00 1.107143845664148030e+00 2.208969577156680408e+00 2.548441356204662611e-01 3.618534761162354174e-01
1.255000000000000115e+00 1.108043107113107384e+00 2.251596182099773635e+00 2.616405543329801131e-01 3.720498901386903312e-01
1.260000000000000009e+00 1.108945288659413109e+00 2.294819394263047485e+00 2.685945512970082660e-01 3.825097315542110299e-01
1.265000000000000124e+00 1.109850380338708309e+00 2.338642236446919487e+00 2.757092849466736273e-01 3.932392393124672370e-01
1.270000000000000018e+00 1.110758372183210829e+00 2.383067621929894742e+00 2.829879063918250837e-01 4.042446867366510932e-01
1.275000000000000133e+00 1.111669254221331116e+00 2.428098085350360424e+00 2.904336125644287891e-01 4.155324638897801570e-01
1.280000000000000027e+00 1.112583016477296738e+00 2.473736695016201192e+00 2.980496575701399586e-01 4.271090833170880230e-01
1.284999999999999920e+00 1.113499648970778022e+00 2.519985874913262425e+00 3.058394009054432594e-01 4.389812668163713405e-01
1.290000000000000036e+00 1.114419141716522343e+00 2.566848155423805622e+00 3.138061332524818003e-01 4.511556761247339509e-01
1.294999999999999929e+00 1.115341484723989307e+00 2.614325901280955655e+00 3.219533190842432391e-01 4.636392797202383842e-01
1.300000000000000044e+00 1.116266667996994588e+00 2.662421526146619755e+00 3.302844796052714083e-01 4.764391744435420017e-01
1.304999999999999938e+00 1.117194681533353773e+00 2.711137342970515451e+00 3.388030613449645179e-01 4.895623884674440984e-01
1.310000000000000053e+00 1.118125515324534858e+00 2.760475551542088901e+00 3.475126292945698303e-01 5.030161783079534210e-01
1.314999999999999947e+00 1.119059159355313193e+00 2.810438026980673687e+00 3.564167954324890530e-01 5.168079136342407232e-01
1.320000000000000062e+00 1.119995603603431533e+00 2.861027176651983694e+00 3.655193672691568474e-01 5.309452965844395633e-01
1.324999999999999956e+00 1.120934838039265857e+00 2.912244448536779107e+00 3.748239346931019345e-01 5.454357615758024247e-01
1.330000000000000071e+00 1.121876852625492305e+00 2.964091925861554344e+00 3.843343497505053441e-01 5.602871672699730743e-01
1.334999999999999964e+00 1.122821637316764765e+00 3.016571480787155757e+00 3.940545225328546119e-01 5.755075118452048777e-01
1.340000000000000080e+00 1.123769182059389804e+00 3.069684766505392570e+00 4.039882788734884822e-01 5.911047058995484438e-01
1.344999999999999973e+00 1.124719476791012696e+00 3.123433436621945614e+00 4.141395733220736841e-01 6.070868976389602878e-01
1.350000000000000089e+00 1.125672511440304557e+00 3.177819143879252461e+00 4.245124182901093834e-01 6.234623696119815373e-01
1.354999999999999982e+00 1.126628275926654377e+00 3.232843217524226542e+00 4.351110251028381115e-01 6.402397513131137252e-01
1.360000000000000098e+00 1.127586760159866808e+00 3.288507204086190683e+00 4.459393097535635508e-01 6.574272531876422798e-01
1.364999999999999991e+00 1.128547954039863965e+00 3.344812753132886396e+00 4.570016840552337256e-01 6.750338826157366023e-01
1.370000000000000107e+00 1.129511847456391438e+00 3.401761083123034268e+00 4.683021776140610104e-01 6.930681207887484652e-01
1.375000000000000000e+00 1.130478430288730518e+00 3.459353420582149230e+00 4.798453232258970691e-01 7.115392397243999190e-01
1.380000000000000115e+00 1.131447692405412875e+00 3.517591092485099935e+00 4.916353461895780486e-01 7.304560868254887929e-01
1.385000000000000009e+00 1.132419623663941444e+00 3.576475533869760248e+00 5.036766862729303851e-01 7.498278663204553940e-01
1.390000000000000124e+00 1.133394213910515980e+00 3.636007860065210373e+00 5.159739192383808737e-01 7.696640403937249353e-01
1.395000000000000018e+00 1.134371452979762385e+00 3.696189189932168162e+00 5.285316081933183474e-01 7.899740862191696467e-01
1.400000000000000133e+00 1.135351330694467364e+00 3.757020745522435146e+00 5.413542261636473674e-01 8.107673703523111675e-01
1.405000000000000027e+00 1.136333836865317526e+00 3.818503856824072784e+00 5.544465476425036732e-01 8.320537546684667607e-01
1.409999999999999920e+00 1.137318961290643582e+00 3.880639645372871094e+00 5.678133323996775728e-01 8.538431247646743882e-01
1.415000000000000036e+00 1.138306693756168331e+00 3.943429229470265529e+00 5.814594058348547811e-01 8.761454872402891780e-01
1.419999999999999929e+00 1.139297024034760630e+00 4.006873842988205148e+00 5.953894987887706769e-01 8.989707361305445676e-01
1.425000000000000044e+00 1.140289941886192482e+00 4.070974501543870971e+00 6.096087352296668538e-01 9.223294120437156574e-01
1.429999999999999938e+00 1.141285437056903218e+00 4.135732652310511348e+00 6.241218975886300147e-01 9.462315332048345518e-01
1.435000000000000053e+00 1.142283499279765024e+00 4.201149425127578496e+00 6.389342518312959296e-01 9.706879237973414787e-01
1.439999999999999947e+00 1.143284118273856675e+00 4.267226062606913395e+00 6.540508853672669654e-01 9.957091260864155968e-01
1.445000000000000062e+00 1.144287283744239936e+00 4.333964020377629289e+00 6.694769544775162062e-01 1.021305839618082745e+00
1.449999999999999956e+00 1.145292985381740625e+00 4.401364329570006895e+00 6.852176748938421103e-01 1.047488870427237817e+00
1.455000000000000071e+00 1.146301212862736563e+00 4.469428561595446325e+00 7.012784347054308309e-01 1.074269307042489796e+00
1.459999999999999964e+00 1.147311955848947074e+00 4.538158293494492845e+00 7.176646048360614261e-01 1.101658236983183103e+00
1.465000000000000080e+00 1.148325203987230259e+00 4.607554786214164366e+00 7.343817098039353564e-01 1.129667018014971935e+00
1.469999999999999973e+00 1.149340946909383598e+00 4.677619833160223450e+00 7.514351756226931300e-01 1.158306843433325461e+00
1.475000000000000089e+00 1.150359174231948334e+00 4.748355031161008100e+00 7.688307775748136619e-01 1.187589509745535121e+00
1.479999999999999982e+00 1.151379875556021837e+00 4.819762080300504792e+00 7.865739870427834735e-01 1.217526314237941998e+00
1.485000000000000098e+00 1.152403040467071982e+00 4.891842794847407028e+00 8.046706359378229534e-01 1.248129157075365647e+00
1.489999999999999991e+00 1.153428658534756623e+00 4.964599424804706729e+00 8.231266473869320865e-01 1.279410069823070373e+00
1.495000000000000107e+00 1.154456719312749513e+00 5.038033691243875012e+00 8.419477138174269459e-01 1.311380763483815270e+00
1.500000000000000000e+00 1.155487212338569769e+00 5.112147757580697949e+00 8.611398991872637465e-01 1.344053528079339976e+00
1.505000000000000115e+00 1.156520127133416675e+00 5.186944204311413564e+00 8.807092691856318600e-01 1.377440637030543868e+00
1.510000000000000009e+00 1.157555453202008700e+00 5.262424998369612084e+00 9.006617391314734045e-01 1.411554189334504938e+00
1.515000000000000124e+00 1.158593180032429393e+00 5.338593270230150623e+00 9.210035910693420425e-01 1.446406804618282971e+00
1.520000000000000018e+00 1.159633297095975069e+00 5.415451035606770880e+00 9.417411908469611737e-01 1.482011290943866078e+00
1.525000000000000133e+00 1.160675793847010029e+00 5.493001423746629364e+00 9.628806703504004805e-01 1.518380056165167913e+00
1.530000000000000027e+00 1.161720659722826676e+00 5.571247495313302878e+00 9.844286012626219939e-01 1.555526220343628196e+00
1.535000000000000142e+00 1.162767884143507846e+00 5.650192328534513031e+00 1.006391095601445684e+00 1.593462161316324899e+00
1.540000000000000036e+00 1.163817456511797577e+00 5.729839006974341231e+00 1.028775102581877432e+00 1.632201590803834534e+00
1.544999999999999929e+00 1.164869366212974766e+00 5.810191268015818089e+00 1.051587018117693395e+00 1.671757344690832259e+00
1.550000000000000044e+00 1.165923602614732379e+00 5.891252851953963976e+00 1.074833759645605458e+00 1.712143030402172750e+00
1.554999999999999938e+00 1.166980155067061542e+00 5.973027099623687164e+00 1.098521650494016955e+00 1.753371402239894072e+00
1.560000000000000053e+00 1.168039012902141183e+00 6.055518635571720765e+00 1.122658021692572783e+00 1.795456719272118473e+00
1.564999999999999947e+00 1.169100165434231231e+00 6.138731028532864897e+00 1.147249357915704371e+00 1.838411906605101009e+00
1.570000000000000062e+00 1.170163601959574473e+00 6.222668934737907165e+00 1.172302940983286357e+00 1.882251194534420913e+00
1.574999999999999956e+00 1.171229311756297298e+00 6.307337230365342329e+00 1.197825682430367022e+00 1.926988126011280444e+00
1.580000000000000071e+00 1.172297284084322211e+00 6.392740812738288092e+00 1.223825050546063720e+00 1.972637199682311326e+00
1.584999999999999964e+00 1.173367508185281460e+00 6.478883957741910393e+00 1.250307871232571255e+00 2.019211827944883630e+00
1.590000000000000080e+00 1.174439973282435989e+00 6.565772429655468478e+00 1.277281572392437781e+00 2.066726403740077433e+00
1.594999999999999973e+00 1.175514668580601496e+00 6.653412045998363666e+00 1.304753672332693126e+00 2.115195371941486879e+00
1.600000000000000089e+00 1.176591583266077601e+00 6.741807539072511624e+00 1.332731252442875824e+00 2.164632559569540149e+00
1.604999999999999982e+00 1.177670706506583453e+00 6.830966016714120848e+00 1.361222298459287883e+00 2.215053129081044681e+00
1.610000000000000098e+00 1.178752027451198003e+00 6.920892484019049107e+00 1.390234322692463387e+00 2.266471560884696146e+00
1.614999999999999991e+00 1.179835535230304933e+00 7.011593873737456128e+00 1.419774988923688586e+00 2.318902475736145607e+00
1.620000000000000107e+00 1.180921218955544472e+00 7.103076488314135517e+00 1.449851768674392805e+00 2.372360203872609041e+00
1.625000000000000000e+00 1.182009067719768769e+00 7.195347739468683557e+00 1.480473031397902428e+00 2.426860444429684183e+00
1.630000000000000115e+00 1.183099070597002811e+00 7.288414403333793423e+00 1.511646443129984752e+00 2.482417801139869429e+00
1.635000000000000009e+00 1.184191216642411337e+00 7.382283701017524180e+00 1.543380037190760889e+00 2.539047425842396510e+00
1.640000000000000124e+00 1.185285494892271307e+00 7.476963315076771366e+00 1.575681949596882570e+00 2.596764614055159015e+00
1.645000000000000018e+00 1.186381894363947032e+00 7.572461160283784132e+00 1.608560148435513870e+00 2.655584292562471305e+00
1.650000000000000133e+00 1.187480404055874628e+00 7.668785589771112576e+00 1.642023254476842942e+00 2.715522500838310371e+00
1.655000000000000027e+00 1.188581012947548476e+00 7.765944353111120080e+00 1.676079418813024802e+00 2.776594476108644738e+00
1.660000000000000142e+00 1.189683709999514560e+00 7.863946494235349860e+00 1.710736920550811835e+00 2.838815569948359929e+00
1.665000000000000036e+00 1.190788484153369131e+00 7.962800236149718103e+00 1.746004388227736737e+00 2.902201748088317323e+00
1.669999999999999929e+00 1.191895324331762041e+00 8.062515528896343042e+00 1.781890614558428121e+00 2.966769155519068057e+00
1.675000000000000044e+00 1.193004219438406732e+00 8.163100857687897616e+00 1.818403859399492895e+00 3.032533080649125967e+00
1.679999999999999938e+00 1.194115158358093565e+00 8.264567295090088805e+00 1.855553146111467600e+00 3.099509914759988050e+00
1.685000000000000053e+00 1.195228129956711127e+00 8.366922739176086310e+00 1.893347194385509802e+00 3.167715724250801390e+00
1.689999999999999947e+00 1.196343123081270665e+00 8.470178525607408915e+00 1.931794947393027373e+00 3.237166749104591013e+00
1.695000000000000062e+00 1.197460126559938276e+00 8.574344753562199273e+00 1.970905390927921497e+00 3.307879183273878976e+00
1.699999999999999956e+00 1.198579129202069993e+00 8.679431961501594017e+00 2.010687648545223194e+00 3.379869653397308493e+00
1.705000000000000071e+00 1.199700119798254416e+00 8.785451147116795312e+00 2.051150640155653182e+00 3.453154269152101108e+00
1.709999999999999964e+00 1.200823087120360011e+00 8.892413346883651926e+00 2.092303685323775309e+00 3.527749698412873780e+00
1.715000000000000080e+00 1.201948019921588173e+00 9.000329623796213596e+00 2.134156217470605021e+00 3.603672883072810862e+00
1.719999999999999973e+00 1.203074906936531852e+00 9.109211925613967864e+00 2.176717494392506946e+00 3.680940355959042787e+00
1.725000000000000089e+00 1.204203736881238829e+00 9.219072245838670909e+00 2.219996875134893077e+00 3.759568822916774078e+00
1.729999999999999982e+00 1.205334498453282777e+00 9.329922586066071943e+00 2.264004133707304689e+00 3.839575640035415738e+00
1.735000000000000098e+00 1.206467180331836975e+00 9.441775006276035498e+00 2.308748826672081034e+00 3.920977704656706919e+00
1.739999999999999991e+00 1.207601771177756689e+00 9.554642011239947053e+00 2.354240320674998443e+00 4.003791650371590904e+00
1.745000000000000107e+00 1.208738259633664436e+00 9.668536577558171530e+00 2.400489060913337358e+00 4.088035754923130760e+00
1.750000000000000000e+00 1.209876634324042799e+00 9.783471710518908182e+00 2.447504318458344041e+00 4.173726477632277998e+00
1.755000000000000115e+00 1.211016883855332349e+00 9.899460901297501891e+00 2.495296103798025467e+00 4.260881161637464665e+00
1.760000000000000009e+00 1.212158996816034451e+00 1.001651721859508015e+01 2.543874876214137881e+00 4.349518066736075106e+00
1.765000000000000124e+00 1.213302961776821398e+00 1.013465465357151452e+01 2.593250240921330274e+00 4.439654078162154960e+00
1.770000000000000018e+00 1.214448767290650766e+00 1.025388635324124387e+01 2.643432172645007405e+00 4.531306508176678349e+00
1.775000000000000133e+00 1.215596401892885980e+00 1.037422766486067971e+01 2.694431552724799062e+00 4.624494097798703685e+00
1.780000000000000027e+00 1.216745854101423552e+00 1.049569226036682146e+01 2.746258254694209811e+00 4.719233902387087731e+00
1.785000000000000142e+00 1.217897112416823635e+00 1.061829385348000088e+01 2.798922611048977771e+00 4.815543909956178759e+00
1.790000000000000036e+00 1.219050165322449919e+00 1.074204917630786227e+01 2.852435548903776485e+00 4.913442707392785103e+00
1.794999999999999929e+00 1.220205001284612623e+00 1.086697118791560790e+01 2.906806845610052648e+00 5.012947213101599075e+00
1.800000000000000044e+00 1.221361608752716377e+00 1.099307584192406573e+01 2.962047979488764859e+00 5.114077012952045642e+00
1.804999999999999938e+00 1.222519976159418986e+00 1.112037833147967625e+01 3.018168662273819525e+00 5.216848629764346157e+00
1.810000000000000053e+00 1.223680091920789526e+00 1.124889427218801075e+01 3.075180579964755356e+00 5.321281956518062017e+00
1.814999999999999947e+00 1.224841944436477315e+00 1.137863891413153183e+01 3.133093655804492172e+00 5.427393924763686428e+00
1.820000000000000062e+00 1.226005522089884225e+00 1.150962884336664871e+01 3.191919469813708332e+00 5.535204108890408925e+00
1.824999999999999956e+00 1.227170813248343206e+00 1.164187941981795760e+01 3.251668521283755275e+00 5.644730238392698496e+00
1.830000000000000071e+00 1.228337806263303689e+00 1.177540647354580727e+01 3.312352190937950969e+00 5.755991487851509270e+00
1.834999999999999964e+00 1.229506489470522324e+00 1.191022670551112839e+01 3.373980863112733708e+00 5.869005384298614736e+00
1.840000000000000080e+00 1.230676851190258825e+00 1.204635688482123790e+01 3.436566590134082055e+00 5.983792208517915157e+00
1.844999999999999973e+00 1.231848879727479362e+00 1.218381343135547290e+01 3.500119925662962928e+00 6.100369515312443092e+00
1.850000000000000089e+00 1.233022563372064173e+00 1.232261275506787079e+01 3.564652336058426130e+00 6.218756563295775308e+00
1.854999999999999982e+00 1.234197890399023168e+00 1.246277223999934769e+01 3.630175035498921510e+00 6.338971998683808451e+00
1.860000000000000098e+00 1.235374849068715752e+00 1.260430798529554686e+01 3.696699684098336380e+00 6.461035469277923049e+00
1.864999999999999991e+00 1.236553427627077095e+00 1.274723787353662097e+01 3.764237294920108834e+00 6.584964815830590013e+00
1.870000000000000107e+00 1.237733614305851271e+00 1.289157940650503420e+01 3.832799838209418830e+00 6.710780176362348470e+00
1.875000000000000000e+00 1.238915397322829737e+00 1.303734929146291144e+01 3.902398481267627339e+00 6.838499919398124405e+00
1.880000000000000115e+00 1.240098764882095139e+00 1.318456469545516541e+01 3.973044963102441596e+00 6.968143735022507279e+00
1.885000000000000009e+00 1.241283705174272667e+00 1.333324412827985483e+01 4.044751151152188307e+00 7.099730643473054492e+00
1.890000000000000124e+00 1.242470206376787178e+00 1.348340446662844450e+01 4.117528566441377436e+00 7.233280100480735442e+00
1.895000000000000018e+00 1.243658256654124994e+00 1.363506305084157866e+01 4.191389212597319336e+00 7.368811400424481128e+00
1.900000000000000133e+00 1.244847844158103012e+00 1.378823941009046550e+01 4.266344541766363463e+00 7.506343542364176891e+00
1.905000000000000027e+00 1.246038957028144711e+00 1.394294969886553126e+01 4.342406263451548121e+00 7.645895597686713785e+00
1.910000000000000142e+00 1.247231583391559262e+00 1.409921269734994809e+01 4.419586821598715076e+00 7.787487896180623537e+00
1.915000000000000036e+00 1.248425711363831514e+00 1.425704687120857095e+01 4.497897850246836526e+00 7.931139354425750021e+00
1.919999999999999929e+00 1.249621329048912655e+00 1.441646892110888345e+01 4.577350951806018919e+00 8.076868839167978820e+00
1.925000000000000044e+00 1.250818424539521745e+00 1.457749827350032135e+01 4.657958928191396453e+00 8.224697169747228642e+00
1.929999999999999938e+00 1.252016985917450365e+00 1.474015133803050936e+01 4.739733545049465313e+00 8.374643373547408842e+00
1.935000000000000053e+00 1.253217001253874363e+00 1.490444933758269563e+01 4.822687947707910538e+00 8.526728790069677544e+00
1.939999999999999947e+00 1.254418458609672937e+00 1.507040710976783870e+01 4.906832130068315756e+00 8.680969388409447873e+00
1.945000000000000062e+00 1.255621346035752151e+00 1.523804511841878906e+01 4.992179368113656146e+00 8.837386663278163468e+00
1.949999999999999956e+00 1.256825651573374891e+00 1.540738089305448000e+01 5.078742813060482142e+00 8.996001838946300566e+00
1.955000000000000071e+00 1.258031363254499713e+00 1.557843370998998189e+01 5.166533021387852642e+00 9.156831515633403029e+00
1.959999999999999964e+00 1.259238469102119673e+00 1.575122036185071828e+01 5.255563292827384991e+00 9.319897293472529043e+00
1.965000000000000080e+00 1.260446957130616275e+00 1.592576027224932211e+01 5.345846307152785748e+00 9.485219674232732601e+00
1.969999999999999973e+00 1.261656815346111182e+00 1.610207200433173114e+01 5.437392746005436095e+00 9.652815167111267414e+00
1.975000000000000089e+00 1.262868031746829489e+00 1.628017168187071917e+01 5.530217123494466591e+00 9.822707354548283476e+00
1.979999999999999982e+00 1.264080594323466533e+00 1.646008100302153920e+01 5.624330611823440407e+00 9.994913850913548004e+00
1.985000000000000098e+00 1.265294491059563597e+00 1.664181575349159203e+01 5.719744871908724271e+00 1.016945295436439700e+01
1.989999999999999991e+00 1.266509709931886274e+00 1.682539434219614094e+01 5.816473930786176361e+00 1.034634733421261465e+01
1.995000000000000107e+00 1.267726238910813485e+00 1.701083694101223998e+01 5.914530040086853013e+00 1.052561624834094012e+01
2.000000000000000000e+00 1.268944065960727619e+00 1.719815947517352583e+01 6.013924106396308922e+00 1.070727663442962552e+01
2.004999999999999893e+00 1.270163179040415979e+00 1.738738178140148349e+01 6.114669539673147192e+00 1.089134987916116160e+01
2.010000000000000231e+00 1.271383566103475360e+00 1.757851995500016784e+01 6.216779481484791425e+00 1.107785688500693944e+01
2.015000000000000124e+00 1.272605215098723486e+00 1.777159479628419447e+01 6.320265459812794084e+00 1.126681523534593410e+01
2.020000000000000018e+00 1.273828113970618237e+00 1.796662245231580357e+01 6.425140871295242029e+00 1.145824659540922141e+01
2.024999999999999911e+00 1.275052250659680864e+00 1.816362086216778948e+01 6.531417072310689242e+00 1.165216819791505465e+01
2.030000000000000249e+00 1.276277613102927866e+00 1.836260929742847381e+01 6.639106794710553316e+00 1.184859997075077409e+01
2.035000000000000142e+00 1.277504189234306420e+00 1.856360407123797529e+01 6.748223550058831677e+00 1.204756326276999978e+01
2.040000000000000036e+00 1.278731966985139357e+00 1.876662328061764029e+01 6.858779040935560900e+00 1.224907619353542287e+01
2.044999999999999929e+00 1.279960934284574359e+00 1.897168544384260258e+01 6.970786133858397626e+00 1.245315887244768227e+01
2.049999999999999822e+00 1.281191079060038929e+00 1.917880665245811045e+01 7.084256283650932851e+00 1.265982871129811826e+01
2.055000000000000160e+00 1.282422389237703575e+00 1.938800554926232067e+01 7.199202530751278140e+00 1.286910604416127057e+01
2.060000000000000053e+00 1.283654852742951435e+00 1.959929956333127521e+01 7.315637824023137448e+00 1.308101104628906697e+01
2.064999999999999947e+00 1.284888457500850345e+00 1.981270446193038381e+01 7.433573821441674667e+00 1.329556150708611106e+01
2.069999999999999840e+00 1.286123191436637780e+00 2.002823990934538401e+01 7.553023821286126704e+00 1.351277800037542320e+01
2.075000000000000178e+00 1.287359042476205584e+00 2.024592048033107261e+01 7.674000644236176782e+00 1.373268031720325411e+01
2.080000000000000071e+00 1.288595998546594679e+00 2.046576421016866121e+01 7.796514058783055034e+00 1.395528288357852809e+01
2.084999999999999964e+00 1.289834047576496001e+00 2.068778790434958026e+01 7.920578418272286925e+00 1.418060814134870817e+01
2.089999999999999858e+00 1.291073177496757207e+00 2.091200759690110189e+01 8.046206861619189965e+00 1.440867647118677475e+01
2.095000000000000195e+00 1.292313376240894485e+00 2.113844055438766389e+01 8.173409137098881061e+00 1.463950166326983116e+01
2.100000000000000089e+00 1.293554631745612582e+00 2.136710327562746059e+01 8.302199788905269884e+00 1.487310650293972181e+01
2.104999999999999982e+00 1.294796931951329721e+00 2.159801194519144829e+01 8.432590902069657446e+00 1.510950961574788209e+01
2.109999999999999876e+00 1.296040264802710951e+00 2.183118138452924484e+01 8.564592094261506361e+00 1.534872462349155242e+01
2.115000000000000213e+00 1.297284618249205046e+00 2.206662907703266896e+01 8.698218066752774646e+00 1.559077396819114725e+01
2.120000000000000107e+00 1.298529980245588522e+00 2.230436999613111482e+01 8.833481058340495906e+00 1.583567691031641544e+01
2.125000000000000000e+00 1.299776338752518745e+00 2.254442084737454266e+01 8.970390852196008069e+00 1.608344698237096537e+01
2.129999999999999893e+00 1.301023681737088600e+00 2.278679574644098693e+01 9.108961988469571835e+00 1.633410658920751501e+01
2.135000000000000231e+00 1.302271997173391371e+00 2.303151069171959264e+01 9.249205588924766630e+00 1.658767260256132303e+01
2.140000000000000124e+00 1.303521273043090511e+00 2.327858071336682855e+01 9.391132562271911510e+00 1.684415999959790256e+01
2.145000000000000018e+00 1.304771497335994956e+00 2.352802096000462839e+01 9.534755290992242394e+00 1.710358855885403528e+01
2.149999999999999911e+00 1.306022658050641327e+00 2.377984486306339917e+01 9.680085763139221200e+00 1.736597529356721736e+01
2.155000000000000249e+00 1.307274743194883682e+00 2.403406848676861429e+01 9.827135186308257886e+00 1.763133670958190180e+01
2.160000000000000142e+00 1.308527740786487481e+00 2.429070617504855889e+01 9.975917082234316169e+00 1.789969314382720711e+01
2.165000000000000036e+00 1.309781638853730668e+00 2.454977057747345981e+01 1.012644093994865990e+01 1.817105830393342814e+01
2.169999999999999929e+00 1.311036425436011399e+00 2.481127784477188669e+01 1.027871792679455965e+01 1.844544794123391895e+01
2.175000000000000266e+00 1.312292088584462002e+00 2.507524069933391786e+01 1.043276152394398437e+01 1.872288240918113189e+01
2.180000000000000160e+00 1.313548616362568033e+00 2.534167189787312324e+01 1.058858247287242094e+01 1.900337772880828169e+01
2.185000000000000053e+00 1.314805996846795111e+00 2.561058589391061346e+01 1.074619174314202752e+01 1.928694850316477272e+01
2.189999999999999947e+00 1.316064218127219965e+00 2.588199635518098418e+01 1.090559900063521681e+01 1.957360913476497544e+01
2.194999999999999840e+00 1.317323268308171258e+00 2.615591353244558093e+01 1.106681868034815608e+01 1.986338158425358102e+01
2.200000000000000178e+00 1.318583135508872406e+00 2.643235278471031080e+01 1.122985787367460730e+01 2.015627402013772240e+01
2.205000000000000071e+00 1.319843807864092611e+00 2.671132617134730936e+01 1.139473129550364838e+01 2.045230881271357148e+01
2.209999999999999964e+00 1.321105273524805224e+00 2.699284473255455552e+01 1.156144676883649325e+01 2.075149598928549821e+01
2.214999999999999858e+00 1.322367520658849438e+00 2.727692229823303904e+01 1.173001796777360362e+01 2.105385604944201816e+01
2.220000000000000195e+00 1.323630537451601530e+00 2.756356742446610752e+01 1.190045223463159729e+01 2.135939882921462996e+01
2.225000000000000089e+00 1.324894312106648098e+00 2.785279559054064791e+01 1.207276206115393435e+01 2.166814106916985239e+01
2.229999999999999982e+00 1.326158832846469293e+00 2.814461461497741723e+01 1.224695749130984623e+01 2.198009816012959305e+01
2.234999999999999876e+00 1.327424087913126938e+00 2.843903736481754407e+01 1.242304908111318085e+01 2.229528348229855439e+01
2.240000000000000213e+00 1.328690065568957523e+00 2.873607501959617494e+01 1.260104744491809292e+01 2.261371256170404109e+01
2.245000000000000107e+00 1.329956754097271210e+00 2.903573547200436522e+01 1.278096097298640821e+01 2.293539651175258953e+01
2.250000000000000000e+00 1.331224141803060590e+00 2.933803160369240004e+01 1.296280027365579102e+01 2.326034971081931602e+01
2.254999999999999893e+00 1.332492217013710345e+00 2.964297290781874494e+01 1.314657700804700013e+01 2.358858884335182182e+01
2.260000000000000231e+00 1.333760968079716003e+00 2.995056813585991762e+01 1.333229790221336941e+01 2.392012109862725922e+01
2.265000000000000124e+00 1.335030383375409135e+00 3.026082669815365733e+01 1.351997463061343652e+01 2.425496371564196352e+01
2.270000000000000018e+00 1.336300451299685221e+00 3.057375738866295478e+01 1.370961563281984041e+01 2.459312814190271013e+01
2.274999999999999911e+00 1.337571160276742388e+00 3.088937215617073306e+01 1.390123104071673232e+01 2.493462659939297055e+01
2.280000000000000249e+00 1.338842498756821042e+00 3.120767459657820453e+01 1.409482982178765020e+01 2.527947197315991801e+01
2.285000000000000142e+00 1.340114455216953049e+00 3.152867595302554449e+01 1.429041907968464642e+01 2.562767172263697901e+01
2.290000000000000036e+00 1.341387018161716460e+00 3.185238398700795415e+01 1.448800977351114661e+01 2.597924153566991734e+01
2.294999999999999929e+00 1.342660176123993576e+00 3.217880650368464757e+01 1.468761142562775035e+01 2.633419398086435237e+01
2.300000000000000266e+00 1.343933917665737443e+00 3.250795039292609090e+01 1.488922872192008384e+01 2.669253341801434942e+01
2.305000000000000160e+00 1.345208231378743458e+00 3.283982176514872720e+01 1.509287342839891721e+01 2.705427530451667550e+01
2.310000000000000053e+00 1.346483105885426967e+00 3.317442835602542317e+01 1.529855356162325997e+01 2.741943091658927756e+01
2.314999999999999947e+00 1.347758529839606201e+00 3.351177712980231149e+01 1.550627649764434857e+01 2.778800759073622118e+01
2.319999999999999840e+00 1.349034491927291413e+00 3.385187397498149409e+01 1.571604940973115561e+01 2.816001436318085283e+01
2.325000000000000178e+00 1.350310980867478472e+00 3.419472499612354000e+01 1.592787944822253365e+01 2.853545889438339600e+01
2.330000000000000071e+00 1.351587985412951776e+00 3.454033365432306368e+01 1.614177631149551573e+01 2.891435475370797192e+01
2.334999999999999964e+00 1.352865494351088493e+00 3.488870671965468517e+01 1.635774721428453660e+01 2.929671018380558678e+01
2.339999999999999858e+00 1.354143496504671029e+00 3.523985107002395978e+01 1.657579763315145982e+01 2.968252989584688351e+01
2.345000000000000195e+00 1.355421980732705700e+00 3.559376575891179328e+01 1.679593436277117746e+01 3.007182165745091851e+01
2.350000000000000089e+00 1.356700935931243857e+00 3.595045931503064907e+01 1.701816648241825192e+01 3.046459721044065105e+01
2.354999999999999982e+00 1.357980351034212774e+00 3.630993593455524149e+01 1.724249838875820728e+01 3.086085930315320880e+01
2.359999999999999876e+00 1.359260215014249207e+00 3.667219724205748577e+01 1.746893753245324277e+01 3.126061765072568122e+01
2.365000000000000213e+00 1.360540516883539608e+00 3.703724567237753718e+01 1.769748922255060819e+01 3.166387577252998753e+01
2.370000000000000107e+00 1.361821245694665894e+00 3.740508617531873625e+01 1.792816162275034131e+01 3.207064508217586507e+01
2.375000000000000000e+00 1.363102390541456321e+00 3.777569181522949293e+01 1.816095095148242677e+01 3.248091546976556288e+01
2.379999999999999893e+00 1.364383940559842134e+00 3.814911968358287453e+01 1.839587752030063683e+01 3.289471374653939506e+01
2.385000000000000231e+00 1.365665884928720875e+00 3.852534592408302672e+01 1.863294030345840468e+01 3.331203617168167597e+01
2.390000000000000124e+00 1.366948212870820356e+00 3.890436935682580355e+01 1.887214516759797789e+01 3.373288865319186414e+01
2.395000000000000018e+00 1.368230913653576408e+00 3.928619499628704403e+01 1.911349429448942416e+01 3.415726995165547919e+01
2.399999999999999911e+00 1.369513976590007287e+00 3.967081809588790975e+01 1.935699422787691049e+01 3.458518785612114499e+01
2.405000000000000249e+00 1.370797391039600077e+00 4.005824700206732558e+01 1.960264937086968473e+01 3.501664433110133245e+01
2.410000000000000142e+00 1.372081146409197538e+00 4.044847272140643923e+01 1.985046326322874677e+01 3.545164242072598881e+01
2.415000000000000036e+00 1.373365232153893167e+00 4.084149920337207362e+01 2.010044223484976555e+01 3.589018751029754384e+01
2.419999999999999929e+00 1.374649637777930256e+00 4.123732771175885148e+01 2.035258727063913753e+01 3.633227754793034592e+01
2.425000000000000266e+00 1.375934352835608943e+00 4.163595174632803264e+01 2.060690326396596106e+01 3.677791588981288129e+01
2.430000000000000160e+00 1.377219366932191491e+00 4.203737602725050237e+01 2.086338976459776262e+01 3.722709675788036776e+01
2.435000000000000053e+00 1.378504669724822440e+00 4.244159235339323999e+01 2.112205684712881038e+01 3.767983474459926185e+01
2.439999999999999947e+00 1.379790250923445205e+00 4.284860354749388733e+01 2.138290300947195632e+01 3.813612197709232987e+01
2.444999999999999840e+00 1.381076100291728892e+00 4.325840477633952474e+01 2.164593154946161846e+01 3.859595892860049560e+01
2.450000000000000178e+00 1.382362207647998886e+00 4.367099203939812213e+01 2.191114230228357229e+01 3.905934093195082824e+01
2.455000000000000071e+00 1.383648562866170106e+00 4.408636626593569474e+01 2.217854031551084404e+01 3.952627186318215280e+01
2.459999999999999964e+00 1.384935155876690471e+00 4.450451922035001928e+01 2.244812748453669471e+01 3.999675232878292519e+01
2.464999999999999858e+00 1.386221976667483702e+00 4.492544583953415582e+01 2.271990286598876452e+01 4.047077437961475255e+01
2.470000000000000195e+00 1.387509015284901448e+00 4.534914961509682740e+01 2.299387137523896030e+01 4.094834174630805990e+01
2.475000000000000089e+00 1.388796261834676082e+00 4.577561350054480727e+01 2.327003201847775316e+01 4.142944953536726871e+01
2.479999999999999982e+00 1.390083706482882597e+00 4.620484263890669752e+01 2.354838278798781204e+01 4.191408843512600413e+01
2.484999999999999876e+00 1.391371339456903167e+00 4.663682680042812478e+01 2.382892738552384415e+01 4.240226075556909535e+01
2.490000000000000213e+00 1.392659151046396371e+00 4.707155904244510225e+01 2.411166753875055235e+01 4.289396518354003263e+01
2.495000000000000107e+00 1.393947131604270639e+00 4.750903409200713412e+01 2.439659727943389456e+01 4.338918659926183352e+01
2.500000000000000000e+00 1.395235271547664579e+00 4.794924420098482898e+01 2.468372085588370624e+01 4.388792751905977951e+01
2.504999999999999893e+00 1.396523561358930632e+00 4.839218734084747808e+01 2.497303689913539060e+01 4.439018091310178704e+01
2.510000000000000231e+00 1.397811991586621838e+00 4.883784721085702074e+01 2.526454654275650213e+01 4.489594480238808671e+01
2.515000000000000124e+00 1.399100552846486600e+00 4.928622175489265089e+01 2.555824057538720240e+01 4.540519826481344978e+01
2.520000000000000018e+00 1.400389235822465217e+00 4.973730212787990723e+01 2.585412586526999945e+01 4.591794870679342466e+01
2.524999999999999911e+00 1.401678031267691527e+00 5.019107506848859401e+01 2.615219654747159339e+01 4.643418151315211873e+01
2.530000000000000249e+00 1.402966930005501656e+00 5.064753696991394349e+01 2.645245309453944316e+01 4.695389272764551691e+01
2.535000000000000142e+00 1.404255922930439437e+00 5.110667614375613255e+01 2.675489013371661429e+01 4.747706896241336949e+01
2.540000000000000036e+00 1.405545001009279815e+00 5.156848185872470935e+01 2.705950907436544739e+01 4.800370799242303121e+01
2.544999999999999929e+00 1.406834155282040921e+00 5.203294005123788679e+01 2.736629897625160979e+01 4.853378678094161103e+01
2.550000000000000266e+00 1.408123376863012810e+00 5.250004907230005102e+01 2.767526427005013900e+01 4.906730728586844492e+01
2.555000000000000160e+00 1.409412656941783526e+00 5.296978891468488371e+01 2.798639895137762679e+01 4.960425540695975855e+01
2.560000000000000053e+00 1.410701986784272943e+00 5.344215377165142655e+01 2.829969804814604117e+01 5.014461853108528544e+01
2.564999999999999947e+00 1.411991357733769048e+00 5.391712991415109713e+01 2.861516147862035808e+01 5.068839160154210077e+01
2.569999999999999840e+00 1.413280761211968217e+00 5.439470576762749943e+01 2.893277712208835339e+01 5.123554882374933328e+01
2.575000000000000178e+00 1.414570188720020605e+00 5.487486675305039796e+01 2.925254822560781776e+01 5.178609264050095362e+01
2.580000000000000071e+00 1.415859631839580635e+00 5.535760013431853821e+01 2.957446622759288601e+01 5.234000290074842354e+01
2.584999999999999964e+00 1.417149082233858159e+00 5.584288955781912733e+01 2.989852467149509962e+01 5.289726546871833079e+01
2.589999999999999858e+00 1.418438531648677170e+00 5.633072920367150260e+01 3.022471694655178709e+01 5.345786177728337663e+01
2.595000000000000195e+00 1.419727971913536280e+00 5.682109746426370833e+01 3.055304258843717946e+01 5.402178945886166872e+01
2.600000000000000089e+00 1.421017394942674095e+00 5.731398569962878042e+01 3.088348927022157042e+01 5.458902172345725745e+01
2.604999999999999982e+00 1.422306792736138581e+00 5.780937227941813461e+01 3.121605202556290592e+01 5.515954691749960404e+01
2.609999999999999876e+00 1.423596157380858207e+00 5.830724522746263006e+01 3.155072854176090758e+01 5.573335591903189368e+01
2.615000000000000213e+00 1.424885481051721747e+00 5.880759049964918717e+01 3.188750367248163897e+01 5.631041682580748642e+01
2.620000000000000107e+00 1.426174756012655642e+00 5.931039053243745940e+01 3.222637735342026133e+01 5.689072805892556772e+01
2.625000000000000000e+00 1.427463974617710019e+00 5.981562813002927470e+01 3.256734103096256661e+01 5.747427075162736543e+01
2.629999999999999893e+00 1.428753129312145598e+00 6.032328740494370578e+01 3.291038117629658188e+01 5.806101480716323948e+01
2.635000000000000231e+00 1.430042212633526821e+00 6.083334997304806535e+01 3.325549271116260286e+01 5.865094944399600507e+01
2.640000000000000124e+00 1.431331217212814755e+00 6.134579918299956347e+01 3.360266590589474589e+01 5.924405323497465048e+01
2.645000000000000018e+00 1.432620135775467096e+00 6.186061738449737391e+01 3.395189099323347648e+01 5.984030658357237797e+01
2.649999999999999911e+00 1.433908961142540850e+00 6.237778423267036487e+01 3.430316413656028374e+01 6.043969710466330980e+01
2.655000000000000249e+00 1.435197686231796554e+00 6.289728482927201725e+01 3.465647236859755509e+01 6.104220024313132598e+01
2.660000000000000142e+00 1.436486304058808727e+00 6.341909963989698440e+01 3.501180313849096137e+01 6.164778937174870777e+01
2.665000000000000036e+00 1.437774807738079197e+00 6.394320644771295292e+01 3.536914763240304893e+01 6.225644573789813307e+01
2.669999999999999929e+00 1.439063190484150212e+00 6.446959184601362836e+01 3.572850003616209591e+01 6.286815374063880313e+01
2.675000000000000266e+00 1.440351445612727099e+00 6.499822773260909514e+01 3.608984402386246870e+01 6.348288510541499363e+01
2.680000000000000160e+00 1.441639566541798700e+00 6.552910045699825048e+01 3.645317301679539668e+01 6.410062225802185765e+01
2.685000000000000053e+00 1.442927546792763360e+00 6.606218425259477556e+01 3.681847138893878935e+01 6.472133664596607616e+01
2.689999999999999947e+00 1.444215379991559578e+00 6.659746203803950948e+01 3.718573001811417811e+01 6.534500644539980385e+01
2.694999999999999840e+00 1.445503059869796658e+00 6.713491603003487285e+01 3.755493628732033073e+01 6.597160769893139332e+01
2.700000000000000178e+00 1.446790580265890691e+00 6.767451412318007442e+01 3.792607817486719313e+01 6.660111709798523805e+01
2.705000000000000071e+00 1.448077935126202975e+00 6.821624604057038255e+01 3.829914505283126402e+01 6.723351033013190658e+01
2.709999999999999964e+00 1.449365118506182437e+00 6.876008259398611244e+01 3.867412245283010463e+01 6.786876339952779347e+01
2.714999999999999858e+00 1.450652124571508272e+00 6.930600635277505717e+01 3.905099948421923273e+01 6.850684896853699968e+01
2.720000000000000195e+00 1.451938947599239915e+00 6.985398963075398626e+01 3.942976104564193918e+01 6.914774050007724782e+01
2.725000000000000089e+00 1.453225581978965009e+00 7.040401336363468943e+01 3.981039111594665059e+01 6.979140663217464180e+01
2.729999999999999982e+00 1.454512022213955591e+00 7.095605253224304931e+01 4.019288445284824718e+01 7.043783659789092155e+01
2.734999999999999876e+00 1.455798262922322506e+00 7.151008598225723745e+01 4.057721893561033966e+01 7.108698870970755479e+01
2.740000000000000213e+00 1.457084298838174696e+00 7.206608867488235148e+01 4.096338278342394545e+01 7.173883725244985499e+01
2.745000000000000107e+00 1.458370124812782276e+00 7.262403774399953704e+01 4.135136234252181708e+01 7.239335777775988845e+01
2.750000000000000000e+00 1.459655735815740485e+00 7.318390631436584215e+01 4.174113950478405144e+01 7.305051426201120535e+01
2.754999999999999893e+00 1.460941126936137202e+00 7.374567409860725320e+01 4.213270586321598898e+01 7.371029245921087636e+01
2.760000000000000231e+00 1.462226293383724007e+00 7.430931067458267592e+01 4.252604124684629028e+01 7.437265456153774323e+01
2.765000000000000124e+00 1.463511230490086357e+00 7.487480427339419009e+01 4.292113493442877825e+01 7.503757391793135412e+01
2.770000000000000018e+00 1.464795933709824194e+00 7.544211469250375046e+01 4.331796696239762667e+01 7.570501967850059089e+01
2.774999999999999911e+00 1.466080398621724123e+00 7.601121679745808990e+01 4.371651421875694155e+01 7.637494749531360583e+01
2.780000000000000249e+00 1.467364620929943797e+00 7.658209935952102398e+01 4.411677935446980570e+01 7.704735892884224313e+01
2.785000000000000142e+00 1.468648596465194744e+00 7.715472999799941078e+01 4.451873559320304707e+01 7.772220375534534753e+01
2.790000000000000036e+00 1.469932321185927426e+00 7.772907642438082121e+01 4.492235987190990443e+01 7.839944331788321108e+01
2.794999999999999929e+00 1.471215791179520282e+00 7.830512653465129347e+01 4.532765361015254513e+01 7.907907457210167479e+01
2.800000000000000266e+00 1.472499002663467449e+00 7.888284109007973655e+01 4.573458022117831945e+01 7.976103314136275912e+01
2.805000000000000160e+00 1.473781951986576466e+00 7.946219411551436451e+01 4.614313308406831027e+01 8.044530787611725486e+01
2.810000000000000053e+00 1.475064635630160437e+00 8.004316706782948643e+01 4.655329059415272752e+01 8.113185561179685124e+01
2.814999999999999947e+00 1.476347050209237288e+00 8.062573417480699334e+01 4.696504549724856048e+01 8.182066396203549630e+01
2.819999999999999840e+00 1.477629192473728592e+00 8.120986341203517611e+01 4.737836766709013148e+01 8.251167623580873567e+01
2.825000000000000178e+00 1.478911059309663267e+00 8.179552140439680841e+01 4.779324061726310902e+01 8.320486575843044363e+01
2.830000000000000071e+00 1.480192647740382617e+00 8.238269592171361921e+01 4.820965892040111100e+01 8.390022049059741960e+01
2.834999999999999964e+00 1.481473954927746250e+00 8.297135522114805894e+01 4.862759187338812694e+01 8.459768263959604440e+01
2.839999999999999858e+00 1.482754978173340454e+00 8.356146536353691090e+01 4.904702125556040215e+01 8.529722399001515498e+01
2.845000000000000195e+00 1.484035714919693882e+00 8.415300840035671115e+01 4.946793683758387772e+01 8.599881842978894042e+01
2.850000000000000089e+00 1.485316162751484814e+00 8.474595060844879413e+01 4.989031570680353411e+01 8.670243239579356498e+01
2.854999999999999982e+00 1.486596319396762178e+00 8.534025973943411714e+01 5.031413421415973630e+01 8.740802035485836541e+01
2.859999999999999876e+00 1.487876182728162133e+00 8.593592384948293272e+01 5.073938500696906573e+01 8.811556550913995522e+01
2.865000000000000213e+00 1.489155750764126207e+00 8.653290151028612343e+01 5.116604714704249091e+01 8.882503535899657265e+01
2.870000000000000107e+00 1.490435021670126092e+00 8.713116904395555196e+01 5.159408537967806296e+01 8.953636439175240014e+01
2.875000000000000000e+00 1.491713993759884893e+00 8.773070432566659349e+01 5.202349855060399619e+01 9.024954794961919902e+01
2.879999999999999893e+00 1.492992665496607696e+00 8.833147038371974702e+01 5.245425802659575254e+01 9.096453879544306176e+01
2.885000000000000231e+00 1.494271035494205480e+00 8.893345282865756474e+01 5.288635027865930738e+01 9.168131122774948949e+01
2.890000000000000124e+00 1.495549102518527240e+00 8.953660585094363000e+01 5.331974908212846032e+01 9.239981992231014374e+01
2.895000000000000018e+00 1.496826865488593894e+00 9.014091761440761275e+01 5.375444107527354731e+01 9.312003735497138734e+01
2.899999999999999911e+00 1.498104323477830180e+00 9.074634647799304332e+01 5.419040400106804611e+01 9.384192957967511006e+01
2.905000000000000249e+00 1.499381475715303225e+00 9.135288006174184261e+01 5.462761829945225145e+01 9.456545833535648171e+01
2.910000000000000142e+00 1.500658321586958444e+00 9.196047980867429317e+01 5.506606594028799861e+01 9.529059112665679265e+01
2.915000000000000036e+00 1.501934860636862323e+00 9.256911868894943041e+01 5.550571850621439296e+01 9.601728155156486366e+01
2.919999999999999929e+00 1.503211092568443430e+00 9.317877037770612958e+01 5.594656991400734825e+01 9.674551623016920132e+01
2.925000000000000266e+00 1.504487017245737190e+00 9.378940840859269201e+01 5.638858649056250982e+01 9.747523660420671376e+01
2.930000000000000160e+00 1.505762634694630231e+00 9.440100620645468155e+01 5.683175690320769036e+01 9.820642273705111336e+01
2.935000000000000053e+00 1.507037945104112264e+00 9.501353096400220011e+01 5.727606095446409284e+01 9.893904066926185692e+01
2.939999999999999947e+00 1.508312948827522426e+00 9.562696353497918267e+01 5.772147770605451456e+01 9.967305146755741418e+01
2.944999999999999840e+00 1.509587646383803383e+00 9.624126888542625125e+01 5.816798004667184330e+01 1.004084077887900008e+02
2.950000000000000178e+00 1.510862038458753664e+00 9.685642260421819572e+01 5.861555679814988196e+01 1.011450926676786395e+02
2.955000000000000071e+00 1.512136125906285322e+00 9.747239690472012796e+01 5.906418563489898332e+01 1.018830674374540024e+02
2.959999999999999964e+00 1.513409909749681370e+00 9.808915971657452815e+01 5.951383900646872149e+01 1.026222821101296461e+02
2.964999999999999858e+00 1.514683391182853445e+00 9.870668944149132074e+01 5.996450422246650902e+01 1.033627187181101590e+02
2.970000000000000195e+00 1.515956571571605682e+00 9.932496117523021439e+01 6.041616181703918897e+01 1.041043369522681843e+02
2.975000000000000089e+00 1.517229452454897709e+00 9.994394818914666700e+01 6.086879445501742936e+01 1.048471118024941973e+02
2.979999999999999982e+00 1.518502035546109630e+00 1.005636163913502230e+02 6.132236802107669149e+01 1.055909837960352178e+02
2.984999999999999876e+00 1.519774322734309235e+00 1.011839400697335236e+02 6.177687223871387801e+01 1.063359340476388297e+02
2.990000000000000213e+00 1.521046316085523209e+00 1.018048983384991146e+02 6.223228843920660580e+01 1.070819332120636176e+02
2.995000000000000107e+00 1.522318017844006111e+00 1.024264580492751122e+02 6.268859119443076366e+01 1.078289380487859574e+02
3.000000000000000000e+00 1.523589430433515579e+00 1.030486009211532377e+02 6.314576498247832603e+01 1.085769169548982092e+02
3.004999999999999893e+00 1.524860556458587313e+00 1.036712915835715023e+02 6.360378400921626962e+01 1.093258309186154520e+02
3.010000000000000231e+00 1.526131398705811604e+00 1.042945181484728039e+02 6.406263739801340762e+01 1.100756560935299007e+02
3.015000000000000124e+00 1.527401960145112314e+00 1.049182332988082891e+02 6.452229423485188420e+01 1.108263481420592882e+02
3.020000000000000018e+00 1.528672243931031183e+00 1.055424305959444098e+02 6.498274188629721948e+01 1.115778764678429837e+02
3.024999999999999911e+00 1.529942253404009023e+00 1.061670769843375979e+02 6.544395915776637196e+01 1.123302105092391088e+02
3.030000000000000249e+00 1.531211992091669805e+00 1.067921514177936189e+02 6.590592836736911408e+01 1.130833189406372554e+02
3.035000000000000142e+00 1.532481463710112957e+00 1.074176150313126925e+02 6.636861676685622058e+01 1.138371489421324441e+02
3.040000000000000036e+00 1.533750672165198337e+00 1.080434618277649008e+02 6.683202679029466253e+01 1.145917002531202940e+02
3.044999999999999929e+00 1.535019621553841640e+00 1.086696567281746155e+02 6.729612512846125583e+01 1.153469196511187107e+02
3.050000000000000266e+00 1.536288316165307810e+00 1.092961740380692390e+02 6.776089278675392791e+01 1.161027737402035740e+02
3.055000000000000160e+00 1.537556760482504448e+00 1.099229931618883853e+02 6.822631109840337160e+01 1.168592308645437612e+02
3.060000000000000053e+00 1.538824959183287211e+00 1.105500816279306520e+02 6.869235591078745529e+01 1.176162532858303962e+02
3.064999999999999947e+00 1.540092917141751672e+00 1.111774329759012829e+02 6.915902380363216650e+01 1.183738321903506119e+02
3.070000000000000284e+00 1.541360639429545376e+00 1.118050059342072871e+02 6.962627855758407236e+01 1.191319089444713057e+02
3.075000000000000178e+00 1.542628131317168361e+00 1.124327883530730077e+02 7.009411128064932939e+01 1.198904659103703381e+02
3.080000000000000071e+00 1.543895398275281439e+00 1.130607525660627459e+02 7.056250160333441102e+01 1.206494722010835261e+02
3.084999999999999964e+00 1.545162445976019150e+00 1.136888790454432296e+02 7.103142916411135843e+01 1.214088922721775958e+02
3.089999999999999858e+00 1.546429280294300046e+00 1.143171346430039534e+02 7.150087232749044119e+01 1.221686903808942191e+02
3.095000000000000195e+00 1.547695907309144969e+00 1.149455138004279320e+02 7.197082619608579535e+01 1.229288565814495797e+02
3.100000000000000089e+00 1.548962333304992001e+00 1.155739811180782795e+02 7.244125427135101347e+01 1.236893338376696079e+02
3.104999999999999982e+00 1.550228564773019402e+00 1.162025152994344523e+02 7.291214993293279178e+01 1.244501104801753257e+02
3.109999999999999876e+00 1.551494608412467890e+00 1.168311006453910750e+02 7.338349152325976377e+01 1.252111488844824407e+02
3.115000000000000213e+00 1.552760471131968911e+00 1.174597096308651345e+02 7.385525714707782186e+01 1.259724132987997507e+02
3.120000000000000107e+00 1.554026160050869576e+00 1.180883344592465960e+02 7.432744079753049959e+01 1.267338931987857649e+02
3.125000000000000000e+00 1.555291682500568706e+00 1.187169348298554326e+02 7.480001254364269414e+01 1.274955413821532062e+02
3.129999999999999893e+00 1.556557046025848434e+00 1.193455031919572491e+02 7.527296188292093859e+01 1.282573406162462959e+02
3.135000000000000231e+00 1.557822258386214909e+00 1.199740227747956851e+02 7.574627615529131219e+01 1.290192643075661749e+02
3.140000000000000124e+00 1.559087327557234559e+00 1.206024604303410683e+02 7.621992681915388346e+01 1.297812723759168989e+02
3.145000000000000018e+00 1.560352261731882795e+00 1.212308055243488525e+02 7.669390035396175165e+01 1.305433384630304090e+02
3.149999999999999911e+00 1.561617069321888263e+00 1.218590336294153644e+02 7.716818354462488116e+01 1.313054453124716758e+02
3.155000000000000249e+00 1.562881758959084433e+00 1.224871331530597729e+02 7.764276420087456643e+01 1.320675685226153462e+02
3.160000000000000142e+00 1.564146339496760740e+00 1.231150765478205784e+02 7.811761723866378304e+01 1.328296673937673802e+02
3.165000000000000036e+00 1.565410820011023496e+00 1.237428499135575208e+02 7.859272869799660555e+01 1.335917211384227983e+02
3.169999999999999929e+00 1.566675209802153468e+00 1.243704328562346433e+02 7.906808059776416542e+01 1.343537026137557575e+02
3.175000000000000266e+00 1.567939518395971676e+00 1.249978140679305909e+02 7.954366419103824626e+01 1.351155919805663359e+02
3.180000000000000160e+00 1.569203755545205192e+00 1.256249729447205539e+02 8.001946382766968213e+01 1.358773638904553138e+02
3.185000000000000053e+00 1.570467931230861369e+00 1.262518817950038255e+02 8.049545458127843744e+01 1.366389856106596028e+02
3.189999999999999947e+00 1.571732055663601191e+00 1.268785440609055399e+02 8.097163430277721829e+01 1.374004439985283739e+02
3.195000000000000284e+00 1.572996139285118833e+00 1.275049229699953912e+02 8.144797634725037483e+01 1.381617044705684236e+02
3.200000000000000178e+00 1.574260192769525224e+00 1.281310137674184944e+02 8.192447152029700419e+01 1.389227459208257471e+02
3.205000000000000071e+00 1.575524227024737378e+00 1.287567982059732401e+02 8.240110490050376768e+01 1.396835443522497542e+02
3.209999999999999964e+00 1.576788253193867284e+00 1.293822597743533436e+02 8.287786077499538351e+01 1.404440792635273851e+02
3.214999999999999858e+00 1.578052282656617233e+00 1.300073824989115394e+02 8.335472919047809626e+01 1.412043312514734055e+02
3.220000000000000195e+00 1.579316327030685141e+00 1.306321571273664972e+02 8.383169183097962218e+01 1.419642679781203185e+02
3.225000000000000089e+00 1.580580398173165202e+00 1.312565602990832758e+02 8.430873490331120479e+01 1.427238711243693388e+02
3.229999999999999982e+00 1.581844508181959430e+00 1.318805823067406777e+02 8.478584557553216428e+01 1.434831215156136182e+02
3.234999999999999876e+00 1.583108669397191415e+00 1.325042118723726219e+02 8.526301776015239398e+01 1.442420065735887817e+02
3.240000000000000213e+00 1.584372894402625409e+00 1.331274306203831657e+02 8.574022979407820344e+01 1.450004891343547797e+02
3.245000000000000107e+00 1.585637196027092743e+00 1.337502309135672078e+02 8.621747335029270687e+01 1.457585599299998762e+02
3.250000000000000000e+00 1.586901587345919129e+00 1.343725864264216909e+02 8.669472854493692182e+01 1.465161877793157146e+02
3.254999999999999893e+00 1.588166081682362174e+00 1.349945049451776526e+02 8.717199448385869687e+01 1.472733669245820352e+02
3.260000000000000231e+00 1.589430692609048013e+00 1.356159528902326201e+02 8.764924622209991867e+01 1.480300617689778448e+02
3.265000000000000124e+00 1.590695433949419924e+00 1.362369381922620448e+02 8.812649103338361556e+01 1.487862816628496887e+02
3.270000000000000018e+00 1.591960319779189614e+00 1.368574339535561819e+02 8.860369502160597222e+01 1.495419720137606703e+02
3.274999999999999911e+00 1.593225364427793389e+00 1.374774343004557977e+02 8.908085981758112837e+01 1.502971389257357657e+02
3.280000000000000249e+00 1.594490582479856755e+00 1.380969274247753447e+02 8.955796676116663946e+01 1.510517467680850814e+02
3.285000000000000142e+00 1.595755988776664358e+00 1.387159012701775964e+02 9.003501116900299905e+01 1.518057929598183478e+02
3.290000000000000036e+00 1.597021598417631694e+00 1.393343535936418505e+02 9.051198333316574463e+01 1.525592598720020590e+02
3.294999999999999929e+00 1.598287426761794583e+00 1.399522659971845258e+02 9.098887027644661885e+01 1.533121310948058635e+02
3.300000000000000266e+00 1.599553489429289543e+00 1.405696286229241707e+02 9.146566076197683515e+01 1.540643833296134915e+02
3.305000000000000160e+00 1.600819802302856587e+00 1.411864386622604286e+02 9.194234517700834886e+01 1.548160020652959190e+02
3.310000000000000053e+00 1.602086381529337800e+00 1.418026847567444690e+02 9.241891656473393368e+01 1.555669772870534189e+02
3.314999999999999947e+00 1.603353243521186133e+00 1.424183479249723518e+02 9.289535736341450445e+01 1.563172860036771112e+02
3.320000000000000284e+00 1.604620404957985969e+00 1.430334371475077830e+02 9.337166923394757134e+01 1.570669207718205200e+02
3.325000000000000178e+00 1.605887882787973897e+00 1.436479295000104912e+02 9.384783412625770893e+01 1.578158648351606814e+02
3.330000000000000071e+00 1.607155694229572163e+00 1.442618294633386427e+02 9.432385225919661309e+01 1.585641090176737862e+02
3.334999999999999964e+00 1.608423856772927873e+00 1.448751152752028588e+02 9.479970463491552835e+01 1.593116301444225940e+02
3.339999999999999858e+00 1.609692388181460876e+00 1.454877968987724444e+02 9.527539039582360658e+01 1.600584191409455173e+02
3.345000000000000195e+00 1.610961306493419842e+00 1.460998534575550423e+02 9.575089915009826314e+01 1.608044708409543091e+02
3.350000000000000089e+00 1.612230630023444355e+00 1.467112797642591033e+02 9.622621451035398366e+01 1.615497499482671628e+02
3.354999999999999982e+00 1.613500377364142535e+00 1.473220771532923834e+02 9.670134438323216841e+01 1.622942699667872262e+02
3.359999999999999876e+00 1.614770567387667999e+00 1.479322390559346161e+02 9.717627528406190152e+01 1.630380146879141705e+02
3.365000000000000213e+00 1.616041219247312144e+00 1.485417486388859913e+02 9.765099055167415543e+01 1.637809554224313331e+02
3.370000000000000107e+00 1.617312352379102647e+00 1.491506101179128621e+02 9.812549141430710620e+01 1.645230950494040201e+02
3.375000000000000000e+00 1.618583986503417060e+00 1.497588227710270417e+02 9.859977744934209909e+01 1.652644316054461058e+02
3.379999999999999893e+00 1.619856141626595081e+00 1.503663773149269218e+02 9.907383729869057731e+01 1.660049456850198055e+02
3.385000000000000231e+00 1.621128838042573905e+00 1.509732623884286227e+02 9.954765359939374036e+01 1.667446173839250321e+02
3.390000000000000124e+00 1.622402096334521149e+00 1.515794785598962449e+02 1.000212316222460345e+02 1.674834471009632182e+02
3.395000000000000018e+00 1.623675937376488410e+00 1.521850294798678078e+02 1.004945688028697646e+02 1.682214353160958353e+02
3.399999999999999911e+00 1.624950382335069499e+00 1.527899021907936685e+02 1.009676510651279955e+02 1.689585577965238770e+02
3.405000000000000249e+00 1.626225452671069327e+00 1.533940892088358510e+02 1.014404668688598434e+02 1.696948012284383651e+02
3.410000000000000142e+00 1.627501170141188780e+00 1.539976079377924805e+02 1.019130333862892428e+02 1.704301865329724706e+02
3.415000000000000036e+00 1.628777556799715365e+00 1.546004321195501063e+02 1.023853209776906681e+02 1.711646718318738465e+02
3.419999999999999929e+00 1.630054635000228513e+00 1.552025737481897920e+02 1.028573412067326558e+02 1.718982738499163361e+02
3.425000000000000266e+00 1.631332427397314877e+00 1.558040271706726969e+02 1.033290819384719157e+02 1.726309735834276182e+02
3.430000000000000160e+00 1.632610956948298497e+00 1.564047954806335099e+02 1.038005505729524742e+02 1.733627858704979303e+02
3.435000000000000053e+00 1.633890246914980304e+00 1.570048687871108370e+02 1.042717233113054647e+02 1.740936649089616992e+02
3.439999999999999947e+00 1.635170320865392934e+00 1.576042479282962177e+02 1.047426074327567278e+02 1.748236328986197066e+02
3.445000000000000284e+00 1.636451202675564431e+00 1.582029337742735322e+02 1.052132032672501794e+02 1.755526907369250296e+02
3.450000000000000178e+00 1.637732916531301264e+00 1.588009172836519554e+02 1.056834893494807233e+02 1.762807986406963892e+02
3.455000000000000071e+00 1.639015486929979559e+00 1.593982103479619354e+02 1.061534844826896062e+02 1.770079879314813240e+02
3.459999999999999964e+00 1.640298938682350771e+00 1.599948171425857879e+02 1.066231810270647458e+02 1.777342444554800522e+02
3.464999999999999858e+00 1.641583296914366441e+00 1.605907243761953396e+02 1.070925710231337575e+02 1.784595595287385947e+02
3.470000000000000195e+00 1.642868587069010289e+00 1.611859365819191794e+02 1.075616460771526732e+02 1.791839182430451842e+02
3.475000000000000089e+00 1.644154834908149621e+00 1.617804505427824608e+02 1.080304121130554478e+02 1.799073386039001718e+02
3.479999999999999982e+00 1.645442066514400281e+00 1.623742726568802937e+02 1.084988665255730211e+02 1.806298070914579341e+02
3.484999999999999876e+00 1.646730308293007594e+00 1.629674025270196864e+02 1.089670010052479796e+02 1.813513198089459877e+02
3.490000000000000213e+00 1.648019586973742623e+00 1.635598442167761846e+02 1.094348215719222992e+02 1.820718705156979809e+02
3.495000000000000107e+00 1.649309929612814640e+00 1.641515834110376773e+02 1.099023098626263248e+02 1.827914501055160201e+02
3.500000000000000000e+00 1.650601363594798476e+00 1.647426518393329218e+02 1.103694990669632148e+02 1.835100981538888618e+02
3.504999999999999893e+00 1.651893916634581849e+00 1.653313555944408790e+02 1.108349880074438545e+02 1.842232010493798100e+02
3.510000000000000231e+00 1.653187616779326907e+00 1.659193624982741539e+02 1.113001411303770425e+02 1.849352775219957721e+02
3.515000000000000124e+00 1.654482492410449757e+00 1.665066739022905438e+02 1.117649625379836635e+02 1.856463424247324951e+02
3.520000000000000018e+00 1.655778572245619973e+00 1.670932941183690730e+02 1.122294419721997372e+02 1.863563632235984358e+02
3.524999999999999911e+00 1.657075885340773880e+00 1.676792224260320268e+02 1.126935875787667669e+02 1.870653720624630694e+02
3.530000000000000249e+00 1.658374461092151142e+00 1.682644647692060573e+02 1.131573868468343846e+02 1.877733283917471283e+02
3.535000000000000142e+00 1.659674329238346902e+00 1.688490336387142463e+02 1.136208619686009627e+02 1.884802828487354986e+02
3.540000000000000036e+00 1.660975519862385452e+00 1.694329049265626566e+02 1.140839804651300398e+02 1.891861857229100394e+02
3.544999999999999929e+00 1.662278063393811456e+00 1.700160949753924626e+02 1.145467529917769269e+02 1.898910458547573228e+02
3.550000000000000266e+00 1.663581990610803807e+00 1.705986361117048205e+02 1.150092112840544587e+02 1.905949112925500231e+02
3.555000000000000160e+00 1.664887332642308815e+00 1.711804850437414700e+02 1.154713034934165705e+02 1.912977108242442625e+02
3.560000000000000053e+00 1.666194120970192039e+00 1.717616743634972636e+02 1.159330639484433334e+02 1.919994923209841886e+02
3.564999999999999947e+00 1.667502387431416100e+00 1.723422205637355660e+02 1.163945030962152316e+02 1.927002646932149617e+02
3.570000000000000284e+00 1.668812164220237593e+00 1.729220961765391849e+02 1.168555908340894547e+02 1.934000018465241340e+02
3.575000000000000178e+00 1.670123483890425531e+00 1.735013208266834681e+02 1.173163396466643462e+02 1.940987054641234977e+02
3.580000000000000071e+00 1.671436379357503110e+00 1.740799318555141326e+02 1.177767904920590354e+02 1.947964504861835451e+02
3.584999999999999964e+00 1.672750883901015451e+00 1.746578869670209713e+02 1.182368864428651420e+02 1.954931329171430150e+02
3.589999999999999858e+00 1.674067031166816655e+00 1.752351980119196355e+02 1.186966401489603982e+02 1.961887876625861509e+02
3.595000000000000195e+00 1.675384855169382847e+00 1.758118812341720343e+02 1.191560679546886803e+02 1.968834345749537817e+02
3.600000000000000089e+00 1.676704390294149860e+00 1.763879532743603988e+02 1.196151782121666116e+02 1.975770886998120091e+02
3.604999999999999982e+00 1.678025671299876453e+00 1.769634012280330353e+02 1.200739542743752821e+02 1.982697249193442701e+02
3.609999999999999876e+00 1.679348733321033071e+00 1.775382451801615673e+02 1.205324095430045332e+02 1.989613597023323734e+02
3.615000000000000213e+00 1.680673611870211692e+00 1.781124866476276054e+02 1.209905499254763583e+02 1.996520085633916892e+02
3.620000000000000107e+00 1.682000342840573426e+00 1.786861281569228765e+02 1.214483654003911113e+02 2.003416524847487779e+02
3.625000000000000000e+00 1.683328962508309878e+00 1.792591877837345180e+02 1.219058715331331229e+02 2.010303158067984555e+02
3.629999999999999893e+00 1.684659507535143819e+00 1.798316519624272303e+02 1.223630531904164229e+02 2.017179808757516355e+02
3.635000000000000231e+00 1.685992014970846498e+00 1.804035542371289296e+02 1.228199417146589667e+02 2.024046917750811758e+02
3.640000000000000124e+00 1.687326522255794936e+00 1.809748981035353950e+02 1.232765332168073655e+02 2.030904380792163408e+02
3.645000000000000018e+00 1.688663067223552527e+00 1.815456699712871398e+02 1.237328115693185282e+02 2.037752091870186462e+02
3.649999999999999911e+00 1.690001688103477839e+00 1.821158875261573939e+02 1.241887852778439907e+02 2.044590071757544933e+02
3.655000000000000249e+00 1.691342423523365834e+00 1.826855552518826471e+02 1.246444563367686271e+02 2.051418401731284575e+02
3.660000000000000142e+00 1.692685312512123508e+00 1.832547062489825862e+02 1.250998578210199810e+02 2.058237538224830416e+02
3.665000000000000036e+00 1.694030394502469727e+00 1.838233112791353108e+02 1.255549539966391137e+02 2.065047072032750464e+02
3.669999999999999929e+00 1.695377709333675487e+00 1.843914055469411437e+02 1.260097807968477497e+02 2.071847453104767851e+02
3.675000000000000266e+00 1.696727297254325917e+00 1.849589898801842480e+02 1.264643246864304160e+02 2.078638501693030776e+02
3.680000000000000160e+00 1.698079198925130706e+00 1.855260701689529697e+02 1.269185945102431248e+02 2.085420372063931325e+02
3.685000000000000053e+00 1.699433455421752726e+00 1.860926476399393152e+02 1.273725767118821750e+02 2.092192842660154497e+02
3.689999999999999947e+00 1.700790108237682396e+00 1.866587537304896784e+02 1.278263171923551909e+02 2.098956627314418029e+02
3.695000000000000284e+00 1.702149199287140036e+00 1.872243674288701243e+02 1.282797719467575632e+02 2.105711092299252130e+02
3.700000000000000178e+00 1.703510770908022831e+00 1.877895313360843090e+02 1.287329941949747081e+02 2.112457031243466190e+02
3.705000000000000071e+00 1.704874865864877798e+00 1.883542212417207793e+02 1.291859412878710032e+02 2.119193828179684544e+02
3.709999999999999964e+00 1.706241527351919807e+00 1.889184842151918247e+02 1.296386744542454608e+02 2.125922400177977636e+02
3.714999999999999858e+00 1.707610798996081591e+00 1.894822943026975679e+02 1.300911431214525180e+02 2.132642021730177930e+02
3.720000000000000195e+00 1.708982724860113711e+00 1.900456729666547346e+02 1.305433709392543449e+02 2.139353008029418959e+02
3.725000000000000089e+00 1.710357349445704500e+00 1.906086342087289154e+02 1.309953753377768351e+02 2.146055687042055524e+02
3.729999999999999982e+00 1.711734717696661745e+00 1.911711959855699092e+02 1.314471640457991555e+02 2.152750155503067049e+02
3.734999999999999876e+00 1.713114875002117454e+00 1.917333512817584165e+02 1.318987242173312779e+02 2.159436259574306405e+02
3.740000000000000213e+00 1.714497867199787251e+00 1.922951176928953032e+02 1.323500720253535690e+02 2.166114262276064721e+02
3.745000000000000107e+00 1.715883740579261962e+00 1.928564968558704891e+02 1.328011992253437086e+02 2.172783991316647985e+02
3.750000000000000000e+00 1.717272541885350057e+00 1.934175231632770817e+02 1.332521475048153263e+02 2.179446151612574454e+02
3.754999999999999893e+00 1.718664318321458495e+00 1.939781716257783728e+02 1.337028683778242453e+02 2.186100032706673915e+02
3.760000000000000231e+00 1.720059117553022654e+00 1.945384887471495574e+02 1.341534274516604626e+02 2.192746596541796578e+02
3.765000000000000124e+00 1.721456987710977105e+00 1.950984674933005749e+02 1.346037933310278731e+02 2.199385350961082679e+02
3.770000000000000018e+00 1.722857977395276574e+00 1.956581217344175343e+02 1.350539859788062813e+02 2.206016724914298379e+02
3.774999999999999911e+00 1.724262135678464647e+00 1.962174595095450798e+02 1.355040069669917102e+02 2.212640711115383283e+02
3.780000000000000249e+00 1.725669512109285098e+00 1.967764845476731352e+02 1.359538541271890040e+02 2.219257275231790061e+02
3.785000000000000142e+00 1.727080156716347847e+00 1.973352283020444418e+02 1.364035563965041149e+02 2.225866882211600455e+02
3.790000000000000036e+00 1.728494120011841551e+00 1.978936805496490479e+02 1.368530912635958998e+02 2.232469196429911165e+02
3.794999999999999929e+00 1.729911452995299248e+00 1.984518773079997231e+02 1.373025042093056527e+02 2.239064899551913470e+02
3.800000000000000266e+00 1.731332207157411762e+00 1.990098083778900673e+02 1.377517697786941824e+02 2.245653700676015774e+02
3.805000000000000160e+00 1.732756434483898600e+00 1.995674908468383251e+02 1.382009063591234508e+02 2.252235927422711370e+02
3.810000000000000053e+00 1.734184187459427706e+00 2.001249314508417001e+02 1.386499071056989294e+02 2.258811349732702922e+02
3.814999999999999947e+00 1.735615519071593615e+00 2.006821626238374279e+02 1.390988137124420803e+02 2.265380728591925106e+02
3.820000000000000284e+00 1.737050482814948671e+00 2.012391747480882316e+02 1.395475990048379913e+02 2.271943639095701712e+02
3.825000000000000178e+00 1.738489132695088868e+00 2.017959873038249157e+02 1.399962884346174121e+02 2.278500544413195712e+02
3.830000000000000071e+00 1.739931523232801869e+00 2.023526191442342110e+02 1.404448915325758946e+02 2.285051482259136151e+02
3.834999999999999964e+00 1.741377709468272084e+00 2.029090629377912478e+02 1.408933895149980344e+02 2.291596318451815648e+02
3.839999999999999858e+00 1.742827746965340152e+00 2.034653502237098053e+02 1.413418232021566041e+02 2.298135700941563471e+02
3.845000000000000195e+00 1.744281691815829705e+00 2.040214934465860495e+02 1.417901908444245862e+02 2.304669258107048222e+02
3.850000000000000089e+00 1.745739600643932299e+00 2.045775005567115272e+02 1.422385013561765845e+02 2.311197750723547699e+02
3.854999999999999982e+00 1.747201530610656750e+00 2.051333671850026121e+02 1.426867397405411850e+02 2.317720726846848720e+02
3.859999999999999876e+00 1.748667539418339745e+00 2.056891292581578909e+02 1.431349417969782962e+02 2.324238720136934830e+02
3.865000000000000213e+00 1.750137685315223512e+00 2.062447900110908563e+02 1.435831066374131524e+02 2.330751785688858320e+02
3.870000000000000107e+00 1.751612027100100555e+00 2.068003708329161725e+02 1.440312536340836402e+02 2.337260192567712522e+02
3.875000000000000000e+00 1.753090624127023878e+00 2.073558628428053794e+02 1.444793606071982310e+02 2.343763703503220199e+02
3.879999999999999893e+00 1.754573536310083837e+00 2.079113010565356205e+02 1.449274613753934204e+02 2.350262767304716931e+02
3.885000000000000231e+00 1.756060824128258258e+00 2.084666877581144036e+02 1.453755626987880589e+02 2.356757671533209191e+02
3.890000000000000124e+00 1.757552548630337386e+00 2.090220480395684035e+02 1.458236741327607433e+02 2.363248405521098903e+02
3.895000000000000018e+00 1.759048771439909009e+00 2.095773719871804985e+02 1.462717803482857732e+02 2.369734904143766130e+02
3.899999999999999911e+00 1.760549554760425739e+00 2.101326908181509054e+02 1.467199156504818802e+02 2.376217713820223594e+02
3.905000000000000249e+00 1.762054961380348228e+00 2.106880290321758196e+02 1.471680998670940994e+02 2.382697072008595569e+02
3.910000000000000142e+00 1.763565054678360111e+00 2.112433632802693353e+02 1.476162963531875789e+02 2.389172580905021164e+02
3.915000000000000036e+00 1.765079898628665322e+00 2.117987417910682950e+02 1.480645558066031526e+02 2.395644927664307318e+02
3.919999999999999929e+00 1.766599557806353804e+00 2.123541701363130585e+02 1.485128851801669043e+02 2.402114398353959928e+02
3.925000000000000266e+00 1.768124097392861804e+00 2.129096413127897733e+02 1.489612559584400344e+02 2.408580526301845168e+02
3.930000000000000160e+00 1.769653583181507006e+00 2.134651919805430396e+02 1.494097144596602504e+02 2.415044035507060300e+02
3.935000000000000053e+00 1.771188081583099816e+00 2.140208406309587588e+02 1.498582724724915067e+02 2.421505156471594091e+02
3.939999999999999947e+00 1.772727659631656794e+00 2.145765805782837958e+02 1.503069170072644170e+02 2.427963754503781217e+02
3.945000000000000284e+00 1.774272384990179141e+00 2.151324324454845396e+02 1.507556583331215450e+02 2.434420035091845875e+02
3.950000000000000178e+00 1.775822325956536885e+00 2.156884036679037706e+02 1.512045029159804130e+02 2.440874123945031329e+02
3.955000000000000071e+00 1.777377551469432548e+00 2.162445293708076690e+02 1.516534845795654007e+02 2.447326573604673570e+02
3.959999999999999964e+00 1.778938131114458976e+00 2.168008148229399978e+02 1.521026111263299754e+02 2.453777565038348314e+02
3.965000000000000302e+00 1.780504135130244192e+00 2.173572686135914864e+02 1.525518713388809715e+02 2.460226973152103085e+02
3.970000000000000195e+00 1.782075634414699072e+00 2.179139135024364293e+02 1.530012945101794912e+02 2.466675283251858559e+02
3.975000000000000089e+00 1.783652700531359159e+00 2.184707422063438287e+02 1.534508530058744782e+02 2.473122182807875333e+02
3.979999999999999982e+00 1.785235405715812629e+00 2.190278004450714491e+02 1.539006117311658954e+02 2.479568628607964342e+02
3.984999999999999876e+00 1.786823822882243729e+00 2.195850857212565188e+02 1.543505472589003489e+02 2.486014318644980108e+02
3.990000000000000213e+00 1.788418025630066133e+00 2.201426041715133124e+02 1.548006585962334327e+02 2.492459358175765374e+02
3.995000000000000107e+00 1.790018088250662442e+00 2.207003944749595234e+02 1.552509930739957440e+02 2.498904509161689020e+02
4.000000000000000000e+00 1.791624085734228267e+00 2.212584583535185345e+02 1.557015433551277113e+02 2.505349710511072487e+02
