% raindrop T-matrix calculations using the code of Leinonen, J., "Python code for T-matrix scattering calculations". Available at https://github.com/jleinonen/pytmatrix/. 
% 
% refractive index calculations after Ray, P., 1972:  Broadband Complex Refractive Indices of Ice and Water, Appl. Opt. 11, 1836-1844 
% 
% raindrop aspect ratio estimated with the methodology of Brandes, Edward & Zhang, Guifu & Vivekanandan, Jothiram. (2005). Corrigendum. Journal of Applied Meteorology. 44. 186-. 10.1175/1520-0450(2005)44<186:C>2.0.CO;2. 
% 
% wave length: 12.491352 mm 
% temperature: 263.15 K 
% refractive index: 4.135830879211425781e+00 + 2.587053775787353516e+00 i 
% 
%r_eqv[mm]               axial ratio              ext[mm2]                 sca[mm2]                 back[mm2]
5.000000000000000104e-03 9.999900000999989436e-01 8.288653167854186713e-08 7.483058935097201025e-15 1.122451826882980603e-14
1.000000000000000021e-02 9.999900000999989436e-01 6.631955146704197904e-07 4.789257726678941607e-13 7.183705965239105387e-13
1.499999999999999944e-02 9.999900000999989436e-01 2.238867267300945534e-06 5.455454863390604649e-12 8.182718882446027288e-12
2.000000000000000042e-02 9.999900000999989436e-01 5.308882152587094372e-06 3.065381176546691756e-11 4.597608729813592173e-11
2.500000000000000139e-02 9.999900000999989436e-01 1.037378878412099407e-05 1.169423369897728009e-10 1.753859041826889020e-10
2.999999999999999889e-02 9.999900000999989436e-01 1.793623690591896705e-05 3.492146712494991699e-10 5.237033289595349069e-10
3.500000000000000333e-02 9.999900000999989436e-01 2.850152435656478763e-05 8.806686193630668693e-10 1.320595634764719708e-09
4.000000000000000083e-02 9.999900000999989436e-01 4.257812932928893459e-05 1.962499358458174462e-09 2.942563843459918622e-09
4.499999999999999833e-02 9.999900000999989436e-01 6.067827950600855223e-05 3.979018505791365797e-09 5.965487289245660052e-09
5.000000000000000278e-02 9.999900000999989436e-01 8.331851139193019017e-05 7.488213287466146545e-09 1.122525807547070255e-08
5.500000000000000028e-02 9.999900000999989436e-01 1.110202118063365121e-04 1.326776137888040819e-08 1.988650760401889327e-08
5.999999999999999778e-02 9.999900000999989436e-01 1.443102271733502596e-04 2.236652140457692997e-08 3.351943121887609189e-08
6.500000000000000222e-02 9.999900000999989436e-01 1.837214555999853625e-04 3.616150096698436259e-08 5.418468709874493175e-08
7.000000000000000666e-02 9.999900000999989436e-01 2.297933593446702854e-04 5.642036504528976529e-08 8.452643427225391028e-08
7.499999999999999722e-02 9.999900000999989436e-01 2.830726656936688522e-04 8.536948478413739960e-08 1.278734776857840588e-07
8.000000000000000167e-02 9.999900000999989436e-01 3.441139195430404567e-04 1.257674835943546767e-07 1.883484211293359277e-07
8.500000000000000611e-02 9.999900000999989436e-01 4.134800698488389306e-04 1.809845014642534566e-07 2.709851217759881148e-07
8.999999999999999667e-02 9.999900000999989436e-01 4.917432145376199803e-04 2.550869634330815778e-07 3.818540858061484568e-07
9.500000000000000111e-02 9.999900000999989436e-01 5.794850074217285140e-04 3.529280814711131060e-07 5.281961059818540539e-07
1.000000000000000056e-01 9.999900000999989436e-01 6.772976748322213436e-04 4.802441265641350099e-07 7.185641518830179442e-07
1.049999999999999961e-01 9.999900000999989436e-01 7.857841509654976816e-04 6.437558986490138873e-07 9.629726075069705869e-07
1.100000000000000006e-01 9.999900000999989436e-01 9.055592828793375838e-04 8.512771019888534231e-07 1.273056365731778380e-06
1.150000000000000050e-01 9.999900000999989436e-01 1.037250138153456751e-03 1.111827116181035708e-06 1.662235966228977111e-06
1.199999999999999956e-01 9.999900000999989436e-01 1.181496748316831656e-03 1.435751011878250284e-06 2.145892993092899567e-06
1.250000000000000000e-01 9.999900000999989436e-01 1.338953001987102688e-03 1.834844146581822103e-06 2.741551680109153101e-06
1.300000000000000044e-01 9.999900000999989436e-01 1.510287118682292857e-03 2.322483404605924319e-06 3.469069763260336067e-06
1.350000000000000089e-01 9.999900000999989436e-01 1.696182419817213183e-03 2.913764964459862572e-06 4.350838340893380553e-06
1.400000000000000133e-01 9.999900000999989436e-01 1.897338228238692852e-03 3.625647747601749726e-06 5.411989405103307126e-06
1.449999999999999900e-01 9.999900000999989436e-01 2.114470356150921493e-03 4.477100251308302250e-06 6.680607559906216870e-06
1.499999999999999944e-01 9.999900000999989436e-01 2.348311889335050976e-03 5.489260566346716422e-06 8.187960516842083441e-06
1.549999999999999989e-01 9.999900000999989436e-01 2.599614359306725957e-03 6.685593149127821104e-06 9.968723704404578896e-06
1.600000000000000033e-01 9.999900000999989436e-01 2.869147739950466628e-03 8.092061517424688818e-06 1.206122761864561513e-05
1.650000000000000078e-01 9.999900000999989436e-01 3.157702035422937231e-03 9.737298392134209854e-06 1.450770020323150514e-05
1.700000000000000122e-01 9.999900000999989436e-01 3.466087655094897239e-03 1.165278936535745628e-05 1.735452822571388512e-05
1.750000000000000167e-01 9.999900000999989436e-01 3.795136362661793127e-03 1.387305865646737939e-05 2.065252047266875261e-05
1.799999999999999933e-01 9.999900000999989436e-01 4.145702107692141904e-03 1.643586644178242061e-05 2.445718687976839416e-05
1.849999999999999978e-01 9.999900000999989436e-01 4.518661515314345220e-03 1.938240168102675330e-05 2.882900951725907618e-05
1.900000000000000022e-01 1.000338260324268314e+00 4.916053566489512507e-03 2.276327249314878841e-05 3.384245851544322306e-05
1.950000000000000067e-01 1.000344839311130496e+00 5.336642747315401350e-03 2.661672659165986921e-05 3.955311269553041709e-05
2.000000000000000111e-01 1.000357515291503407e+00 5.782435041954407662e-03 3.100051132616955113e-05 4.604569421183830739e-05
2.050000000000000155e-01 1.000376259251188893e+00 6.254412307709722278e-03 3.597177594481598076e-05 5.340372719034111598e-05
2.099999999999999922e-01 1.000401042453005207e+00 6.753587000604094163e-03 4.159224365736997376e-05 6.171730932947913748e-05
2.149999999999999967e-01 1.000431836433301802e+00 7.280998330340370840e-03 4.792842804910100578e-05 7.108340808497668275e-05
2.200000000000000011e-01 1.000468612998516083e+00 7.837716656848757457e-03 5.505190229881689234e-05 8.160623372964755204e-05
2.250000000000000056e-01 1.000511344221778787e+00 8.424842444533491709e-03 6.303956034851511045e-05 9.339759824310620408e-05
2.300000000000000100e-01 1.000560002439564444e+00 9.043507477043976478e-03 7.197387720911418204e-05 1.065772707534767740e-04
2.350000000000000144e-01 1.000614560248383578e+00 9.694878107396482855e-03 8.194318404027173557e-05 1.212733531713937438e-04
2.399999999999999911e-01 1.000674990501522643e+00 1.038015301817580942e-02 9.304196821026117085e-05 1.376226905367406133e-04
2.449999999999999956e-01 1.000741266305821942e+00 1.110056669386201567e-02 1.053711591849080848e-04 1.557712584027186526e-04
2.500000000000000000e-01 1.000813361018499714e+00 1.185738904176284782e-02 1.190384076553110726e-04 1.758745367021723053e-04
2.550000000000000044e-01 1.000891248244015541e+00 1.265192665251419456e-02 1.341584341202015367e-04 1.980979864061623420e-04
2.600000000000000089e-01 1.000974901830975039e+00 1.348552577801978916e-02 1.508533049733891266e-04 2.226174138517545830e-04
2.650000000000000133e-01 1.001064295869075416e+00 1.435956982540110768e-02 1.692527764425206822e-04 2.496194355743469053e-04
2.700000000000000178e-01 1.001159404686088994e+00 1.527548432657825465e-02 1.894946565225746795e-04 2.793019653195861758e-04
2.750000000000000222e-01 1.001260202844886926e+00 1.623473677749711144e-02 2.117251564296375368e-04 3.118746840607265910e-04
2.800000000000000266e-01 1.001366665140501100e+00 1.723883504757717927e-02 2.360991288457962324e-04 3.475593392232698055e-04
2.850000000000000311e-01 1.001478766597222014e+00 1.828933236873928753e-02 2.627805963163633144e-04 3.865904709465914271e-04
2.899999999999999800e-01 1.001596482465736404e+00 1.938782637009900389e-02 2.919430478930558608e-04 4.292157944463230066e-04
2.949999999999999845e-01 1.001719788220298835e+00 2.053596358634392563e-02 3.237697476959687883e-04 4.756965922802971342e-04
2.999999999999999889e-01 1.001848659555939935e+00 2.173543409601304266e-02 3.584542555542623971e-04 5.263084251458698603e-04
3.049999999999999933e-01 1.001983072385710605e+00 2.298797797234719553e-02 3.962008416079966532e-04 5.813416761071658889e-04
3.099999999999999978e-01 1.002123002837959964e+00 2.429538858792207323e-02 4.372247577719938082e-04 6.411018837338699778e-04
3.150000000000000022e-01 1.002268427253648841e+00 2.565950553161763445e-02 4.817527156463025312e-04 7.059103788883080120e-04
3.200000000000000067e-01 1.002419322183694117e+00 2.708222532322079878e-02 5.300235053313055722e-04 7.761051234153661669e-04
3.250000000000000111e-01 1.002575664386349930e+00 2.856549525209889709e-02 5.822880907095016835e-04 8.520407773570223744e-04
3.300000000000000155e-01 1.002737430824617970e+00 3.011131881948014150e-02 6.388103199156723675e-04 9.340896649508453973e-04
3.350000000000000200e-01 1.002904598663692415e+00 3.172175918955925933e-02 6.998674070231893085e-04 1.022642409063598571e-03
3.400000000000000244e-01 1.003077145268434833e+00 3.339893359392253486e-02 7.657504318033922421e-04 1.118108585720010073e-03
3.450000000000000289e-01 1.003255048200880628e+00 3.514501782249794537e-02 8.367644951500053481e-04 1.220916861747475086e-03
3.500000000000000333e-01 1.003438285217776782e+00 3.696225261716121202e-02 9.132295443773276065e-04 1.331516130358994686e-03
3.549999999999999822e-01 1.003626834268148693e+00 3.885294108173358019e-02 9.954811296233147862e-04 1.450376533542357613e-03
3.599999999999999867e-01 1.003820673490896542e+00 4.081944452985548921e-02 1.083870108907853888e-03 1.577988933077850448e-03
3.649999999999999911e-01 1.004019781212422524e+00 4.286419198968585698e-02 1.178764148857787322e-03 1.714867034871564314e-03
3.699999999999999956e-01 1.004224135944284502e+00 4.498968240284928477e-02 1.280547821294856061e-03 1.861547431281656293e-03
3.750000000000000000e-01 1.004433716380879638e+00 4.719847892852270521e-02 1.389622711163360268e-03 2.018589649948642969e-03
3.800000000000000044e-01 1.004648501397155336e+00 4.949321416589298056e-02 1.506408976206998146e-03 2.186578376671413464e-03
3.850000000000000089e-01 1.004868470046347273e+00 5.187659455048989482e-02 1.631345563118799828e-03 2.366123653655713682e-03
3.900000000000000133e-01 1.005093601557745631e+00 5.435139444430785866e-02 1.764890187839209543e-03 2.557860762253413075e-03
3.950000000000000178e-01 1.005323875334485528e+00 5.692046704824944153e-02 1.907520860576843082e-03 2.762452342899905395e-03
4.000000000000000222e-01 1.005559270951367434e+00 5.958674090613220314e-02 2.059735931346594502e-03 2.980588377945792445e-03
4.050000000000000266e-01 1.005799768152698448e+00 6.235321804773774623e-02 2.222055384015260687e-03 3.212987990829592466e-03
4.100000000000000311e-01 1.006045346850164002e+00 6.522298064805988338e-02 2.395020487578840025e-03 3.460398823469070222e-03
4.150000000000000355e-01 1.006295987120720881e+00 6.819919250289571688e-02 2.579195518485026019e-03 3.723599445335499993e-03
4.199999999999999845e-01 1.006551669204517108e+00 7.128510105569942079e-02 2.775168173905798782e-03 4.003399907933571575e-03
4.249999999999999889e-01 1.006812373502834479e+00 7.448402697568266839e-02 2.983550257935543761e-03 4.300642612666950512e-03
4.299999999999999933e-01 1.007078080576055967e+00 7.779939044838220241e-02 3.204977182386164677e-03 4.616201443799946777e-03
4.349999999999999978e-01 1.007348771141657329e+00 8.123468855804870381e-02 3.440111170449428914e-03 4.950986459510791499e-03
4.400000000000000022e-01 1.007624426072219359e+00 8.479350479187393319e-02 3.689639964401341971e-03 5.305941830600081552e-03
4.450000000000000067e-01 1.007905026393466796e+00 8.847952862818815600e-02 3.954279445684018117e-03 5.682049611070996535e-03
4.500000000000000111e-01 1.008190553282325652e+00 9.229651682863668216e-02 4.234772001022353571e-03 6.080327223049145947e-03
4.550000000000000155e-01 1.008480988065006079e+00 9.624833975512264717e-02 4.531889325472940148e-03 6.501831524023298295e-03
4.600000000000000200e-01 1.008776312215104998e+00 1.003389467197840085e-01 4.846433286881265089e-03 6.947659972524284321e-03
4.650000000000000244e-01 1.009076507351731156e+00 1.045723944805885125e-01 5.179234107748276889e-03 7.418947853719379433e-03
4.700000000000000289e-01 1.009381555237651273e+00 1.089528402204626989e-01 5.531156195691938962e-03 7.916876779537606115e-03
4.750000000000000333e-01 1.009691437777457068e+00 1.134845163739245238e-01 5.903095766262833263e-03 8.442671154210533782e-03
4.799999999999999822e-01 1.010006137015752481e+00 1.181717902141165982e-01 6.295978186344973124e-03 8.997594134455361159e-03
4.849999999999999867e-01 1.010325635135361333e+00 1.230191066649636705e-01 6.710769637246888179e-03 9.582964790975419950e-03
4.899999999999999911e-01 1.010649914455556075e+00 1.280310260658485966e-01 7.148464643121800813e-03 1.020013965263964067e-02
4.949999999999999956e-01 1.010978957430304748e+00 1.332122144178910783e-01 7.610096984506585852e-03 1.085052868985543137e-02
5.000000000000000000e-01 1.011312746646537475e+00 1.385674320005736981e-01 8.096739716856952637e-03 1.153559540524567301e-02
5.050000000000000044e-01 1.011651264822433394e+00 1.441015615029575814e-01 8.609500835120713000e-03 1.225685036049287135e-02
5.100000000000000089e-01 1.011994494805724676e+00 1.498195932322384794e-01 9.149526755469088168e-03 1.301585630505408542e-02
5.150000000000000133e-01 1.012342419572020980e+00 1.557266226737849812e-01 9.718007938061167666e-03 1.381423632213677789e-02
5.200000000000000178e-01 1.012695022223150554e+00 1.618278681535438301e-01 1.031617104603093325e-02 1.465366252660689136e-02
5.250000000000000222e-01 1.013052285985520662e+00 1.681286530217861175e-01 1.094529238624753105e-02 1.553587563863328101e-02
5.300000000000000266e-01 1.013414194208494434e+00 1.746344194541392114e-01 1.160668330003930028e-02 1.646266366989213026e-02
5.350000000000000311e-01 1.013780730362787486e+00 1.813507319248958416e-01 1.230170733330951741e-02 1.743588713096252962e-02
5.400000000000000355e-01 1.014151878038878962e+00 1.882832647538639215e-01 1.303177018007325820e-02 1.845746435105543801e-02
5.450000000000000400e-01 1.014527620945441466e+00 1.954378194490483389e-01 1.379832757372257725e-02 1.952938320765309349e-02
5.500000000000000444e-01 1.014907942907788518e+00 2.028203076079002909e-01 1.460287752347144002e-02 2.065368970458823783e-02
5.550000000000000488e-01 1.015292827866336012e+00 2.104367717376608438e-01 1.544697631364896906e-02 2.183251162790070948e-02
5.600000000000000533e-01 1.015682259875082316e+00 2.182933903821874244e-01 1.633222501129998408e-02 2.306803902078402926e-02
5.650000000000000577e-01 1.016076223100103704e+00 2.263964262947598394e-01 1.726028009315171835e-02 2.436253978889606556e-02
5.700000000000000622e-01 1.016474701818065096e+00 2.347523040120821358e-01 1.823285121845868301e-02 2.571835659787122252e-02
5.750000000000000666e-01 1.016877680414747243e+00 2.433675787596773221e-01 1.925170237192453879e-02 2.713790895013267965e-02
5.799999999999999600e-01 1.017285143383589441e+00 2.522488871086767670e-01 2.031865987147312216e-02 2.862370485737670764e-02
5.849999999999999645e-01 1.017697075324246692e+00 2.614030647636651494e-01 2.143559412837633266e-02 3.017831473614807081e-02
5.899999999999999689e-01 1.018113460941162618e+00 2.708369935876311918e-01 2.260444727612174673e-02 3.180441212581917865e-02
5.949999999999999734e-01 1.018534285042156151e+00 2.805577644029544904e-01 2.382722687014937266e-02 3.350476433747157784e-02
5.999999999999999778e-01 1.018959532537025314e+00 2.905725225989687077e-01 2.510598794185582225e-02 3.528220731097745505e-02
6.049999999999999822e-01 1.019389188436160998e+00 3.008886224542726695e-01 2.644285334943557997e-02 3.713967472403179038e-02
6.099999999999999867e-01 1.019823237849180497e+00 3.115134896720183066e-01 2.784002587492432138e-02 3.908021753932905407e-02
6.149999999999999911e-01 1.020261665983570154e+00 3.224546819517682406e-01 2.929975965478859995e-02 4.110696145385672740e-02
6.199999999999999956e-01 1.020704458143344873e+00 3.337199484219823264e-01 3.082438775283860219e-02 4.322314798624819765e-02
6.250000000000000000e-01 1.021151599727719406e+00 3.453171108885664808e-01 3.241630188847613447e-02 4.543210607853868932e-02
6.300000000000000044e-01 1.021603076229795626e+00 3.572541560436622854e-01 3.407798198640686616e-02 4.773729499581733787e-02
6.350000000000000089e-01 1.022058873235258902e+00 3.695391777211755602e-01 3.581197013772036836e-02 5.014226713500234689e-02
6.400000000000000133e-01 1.022518976421092685e+00 3.821804356044762874e-01 3.762088949361969137e-02 5.265069663001457900e-02
6.450000000000000178e-01 1.022983371554301524e+00 3.951862780677842246e-01 3.950744602993872673e-02 5.526638229389307239e-02
6.500000000000000222e-01 1.023452044490649859e+00 4.085652459743617237e-01 4.147440642670440630e-02 5.799321616270047136e-02
6.550000000000000266e-01 1.023924981173411908e+00 4.223259429285616262e-01 4.352463602020936045e-02 6.083523958446685614e-02
6.600000000000000311e-01 1.024402167632133542e+00 4.364771652986991768e-01 4.566108338167430836e-02 6.379662183795822838e-02
6.650000000000000355e-01 1.024883589981409493e+00 4.510277973202516111e-01 4.788678201061940393e-02 6.688166347296210790e-02
6.700000000000000400e-01 1.025369234419667430e+00 4.659868823944671723e-01 5.020483852920224616e-02 7.009477900503278958e-02
6.750000000000000444e-01 1.025859087227968924e+00 4.813635860175184411e-01 5.261846142368060975e-02 7.344054135320271515e-02
6.800000000000000488e-01 1.026353134768820174e+00 4.971671636318824028e-01 5.513094972947227279e-02 7.692366614775979217e-02
6.850000000000000533e-01 1.026851363484993174e+00 5.134071135538590402e-01 5.774569666026842241e-02 8.054901601740245554e-02
6.900000000000000577e-01 1.027353759898360641e+00 5.300929040753015187e-01 6.046618145996064675e-02 8.432159319968864086e-02
6.950000000000000622e-01 1.027860310608740946e+00 5.472342287642880665e-01 6.329599629795039373e-02 8.824657714965696009e-02
7.000000000000000666e-01 1.028371002292754355e+00 5.648409397494366102e-01 6.623881804867408352e-02 9.232928564476154676e-02
7.049999999999999600e-01 1.028885821702690384e+00 5.829229093263430528e-01 6.929843179072338322e-02 9.657521087016440742e-02
7.099999999999999645e-01 1.029404755665387139e+00 6.014901507558387816e-01 7.247872667723793960e-02 1.009900144190592486e-01
7.149999999999999689e-01 1.029927791081118427e+00 6.205529197052912505e-01 7.578369918112821957e-02 1.055795313969988269e-01
7.199999999999999734e-01 1.030454914922495746e+00 6.401214431267443494e-01 7.921743576492824845e-02 1.103497503361038357e-01
7.249999999999999778e-01 1.030986114233377604e+00 6.602061373979750680e-01 8.278418679784380063e-02 1.153069198973787207e-01
7.299999999999999822e-01 1.031521376127789047e+00 6.808175273525123306e-01 8.648824599117027612e-02 1.204573747140285922e-01
7.349999999999999867e-01 1.032060687788854958e+00 7.019661921448213660e-01 9.033407504202296823e-02 1.258077198032377941e-01
7.399999999999999911e-01 1.032604036467738684e+00 7.236629879782895403e-01 9.432622021493411446e-02 1.313647084067110504e-01
7.449999999999999956e-01 1.033151409482594651e+00 7.459186382863063347e-01 9.846936391588551052e-02 1.371353229077209301e-01
7.500000000000000000e-01 1.033702794217528753e+00 7.687441782729332873e-01 1.027683139255686773e-01 1.431267561632698360e-01
7.550000000000000044e-01 1.034258178121568061e+00 7.921506637830026953e-01 1.072279846070303549e-01 1.493463877806505136e-01
7.600000000000000089e-01 1.034817548707643198e+00 8.161492225618374174e-01 1.118534582918415815e-01 1.558018785244223436e-01
7.650000000000000133e-01 1.035380893551575587e+00 8.407512259431646484e-01 1.166498684642370415e-01 1.625009935966983954e-01
7.700000000000000178e-01 1.035948200291078702e+00 8.659679123795910316e-01 1.216225833001787354e-01 1.694518831652760682e-01
7.750000000000000222e-01 1.036519456624765523e+00 8.918107970074721225e-01 1.267770046898820391e-01 1.766627808928740162e-01
7.800000000000000266e-01 1.037094650311166655e+00 9.182914329793254726e-01 1.321187592887280715e-01 1.841422917170087159e-01
7.850000000000000311e-01 1.037673769167756666e+00 9.454214814130191824e-01 1.376535282537916238e-01 1.918991397720302139e-01
7.900000000000000355e-01 1.038256801069989743e+00 9.732126393233569983e-01 1.433872264331764734e-01 1.999424382778488551e-01
7.950000000000000400e-01 1.038843733950345127e+00 1.001676779626433866e+00 1.493258272404232589e-01 2.082814277076521781e-01
8.000000000000000444e-01 1.039434555797379867e+00 1.030825676954949310e+00 1.554755210495274709e-01 2.169257192246763777e-01
8.050000000000000488e-01 1.040029254654790458e+00 1.060671449486459972e+00 1.618425856985118982e-01 2.258850953351226043e-01
8.100000000000000533e-01 1.040627818620484257e+00 1.091226051565567845e+00 1.684334737496417100e-01 2.351696503192773069e-01
8.150000000000000577e-01 1.041230235845658436e+00 1.122501610396101190e+00 1.752548244854379988e-01 2.447898044986684396e-01
8.200000000000000622e-01 1.041836494533886492e+00 1.154510395323908423e+00 1.823134165600390488e-01 2.547562350874209569e-01
8.250000000000000666e-01 1.042446582940215416e+00 1.187264642293802464e+00 1.896161136075460996e-01 2.650798028346718072e-01
8.300000000000000711e-01 1.043060489370268407e+00 1.220776630145350650e+00 1.971700783830077630e-01 2.757718669926178534e-01
8.349999999999999645e-01 1.043678202179357140e+00 1.255058809912592555e+00 2.049825129941499346e-01 2.868439019643941879e-01
8.399999999999999689e-01 1.044299709771603135e+00 1.290123603194181623e+00 2.130608456970889131e-01 2.983077777118560148e-01
8.449999999999999734e-01 1.044925000599063569e+00 1.325983572573341762e+00 2.214126556826275238e-01 3.101756494664923425e-01
8.499999999999999778e-01 1.045554063160868408e+00 1.362651216477253735e+00 2.300457300412494521e-01 3.224600454906444424e-01
8.549999999999999822e-01 1.046186886002363758e+00 1.400139175871108144e+00 2.389679515750021133e-01 3.351736978463707439e-01
8.599999999999999867e-01 1.046823457714263217e+00 1.438460094282159263e+00 2.481874788421698230e-01 3.483298152911738499e-01
8.649999999999999911e-01 1.047463766931806317e+00 1.477626793358279400e+00 2.577125716376572062e-01 3.619418214061555505e-01
8.699999999999999956e-01 1.048107802333925420e+00 1.517651958761107034e+00 2.675516463426931280e-01 3.760234463865193555e-01
8.750000000000000000e-01 1.048755552642418598e+00 1.558548491672039127e+00 2.777134112594220050e-01 3.905889170462900073e-01
8.800000000000000044e-01 1.049407006621131844e+00 1.600329157210395259e+00 2.882066439196043772e-01 4.056526386132846551e-01
8.850000000000000089e-01 1.050062153075147497e+00 1.643006932708658496e+00 2.990403901635653727e-01 4.212294878408451848e-01
8.900000000000000133e-01 1.050720980849978670e+00 1.686594731812260717e+00 3.102238317032188220e-01 4.373346106402247191e-01
8.950000000000000178e-01 1.051383478830772988e+00 1.731105544034914789e+00 3.217663243242636084e-01 4.539834902904247849e-01
9.000000000000000222e-01 1.052049635941522787e+00 1.776552363626933806e+00 3.336775011158853443e-01 4.711920977790434173e-01
9.050000000000000266e-01 1.052719441144281065e+00 1.822948325487121934e+00 3.459671447568897773e-01 4.889766938958626241e-01
9.100000000000000311e-01 1.053392883438386107e+00 1.870306437733356031e+00 3.586451031280519786e-01 5.073537199798878738e-01
9.150000000000000355e-01 1.054069951859691656e+00 1.918639917896513891e+00 3.717216628913259657e-01 5.263403407279982904e-01
9.200000000000000400e-01 1.054750635479804632e+00 1.967961992088781420e+00 3.852071932172506097e-01 5.459539181092418758e-01
9.250000000000000444e-01 1.055434923405329073e+00 2.018285823089787989e+00 3.991121285107237515e-01 5.662119854117174667e-01
9.300000000000000488e-01 1.056122804777117841e+00 2.069624719520785749e+00 4.134472827042366960e-01 5.871327174549103578e-01
9.350000000000000533e-01 1.056814268769528553e+00 2.121991858675825959e+00 4.282236235454193185e-01 6.087346004705955771e-01
9.400000000000000577e-01 1.057509304589689725e+00 2.175400637906049095e+00 4.434523564333238688e-01 6.310365367992463170e-01
9.450000000000000622e-01 1.058207901476769797e+00 2.229864522290890605e+00 4.591447615612193056e-01 6.540576108715574488e-01
9.500000000000000666e-01 1.058910048701254603e+00 2.285396991946766043e+00 4.753123517204826398e-01 6.778173277586519996e-01
9.550000000000000711e-01 1.059615735564230832e+00 2.342011262226924906e+00 4.919671245053413577e-01 7.023360049451533582e-01
9.599999999999999645e-01 1.060324951396675930e+00 2.399721033647576274e+00 5.091207447499338512e-01 7.276334953984014975e-01
9.649999999999999689e-01 1.061037685558753330e+00 2.458539956498029255e+00 5.267856306674486566e-01 7.537308656363552739e-01
9.699999999999999734e-01 1.061753927439116119e+00 2.518481487026810406e+00 5.449740919135228623e-01 7.806490958423841775e-01
9.749999999999999778e-01 1.062473666454213594e+00 2.579559280440035351e+00 5.636986993579924388e-01 8.084095833427492606e-01
9.799999999999999822e-01 1.063196892047607145e+00 2.641787222237986565e+00 5.829721858064216278e-01 8.370340535809057680e-01
9.849999999999999867e-01 1.063923593689290348e+00 2.705178938457486915e+00 6.028076136023295950e-01 8.665447734000839564e-01
9.899999999999999911e-01 1.064653760875015509e+00 2.769748267913292317e+00 6.232182271587310973e-01 8.969643410145952123e-01
9.949999999999999956e-01 1.065387383125626419e+00 2.835509275746229463e+00 6.442173356252542948e-01 9.283154895769539783e-01
1.000000000000000000e+00 1.066124449986396217e+00 2.902475895248275428e+00 6.658185053921501506e-01 9.606213876290563558e-01
1.005000000000000115e+00 1.066864951026373021e+00 2.970664926186378008e+00 6.880374444348916763e-01 9.939088005684556526e-01
1.010000000000000009e+00 1.067608875837728233e+00 3.040088075420465774e+00 7.108865255022510654e-01 1.028198886990341121e+00
1.015000000000000124e+00 1.068356214035114826e+00 3.110759411376482042e+00 7.343798063070955395e-01 1.063515679553842741e+00
1.020000000000000018e+00 1.069106955255026969e+00 3.182693156052058825e+00 7.585318145524442279e-01 1.099883943412979015e+00
1.024999999999999911e+00 1.069861089155168976e+00 3.255903685163745731e+00 7.833571469421478639e-01 1.137328579873948087e+00
1.030000000000000027e+00 1.070618605413826918e+00 3.330405399687315526e+00 8.088704516200290184e-01 1.175874574474037093e+00
1.034999999999999920e+00 1.071379493729249344e+00 3.406212851197050195e+00 8.350868577280438076e-01 1.215547656100383511e+00
1.040000000000000036e+00 1.072143743819029771e+00 3.483340889449103805e+00 8.620215698783061375e-01 1.256373674608279201e+00
1.044999999999999929e+00 1.072911345419497398e+00 3.561803840031708468e+00 8.896896937839250397e-01 1.298378355575671383e+00
1.050000000000000044e+00 1.073682288285112474e+00 3.641616871658077681e+00 9.181069734512907754e-01 1.341588348302608313e+00
1.054999999999999938e+00 1.074456562187866782e+00 3.722794764785861243e+00 9.472889544847342691e-01 1.386030023121583854e+00
1.060000000000000053e+00 1.075234156916690775e+00 3.805352463865770751e+00 9.772516824700738791e-01 1.431730512279107081e+00
1.064999999999999947e+00 1.076015062276864054e+00 3.889304943307606344e+00 1.008011002825135449e+00 1.478716584299390790e+00
1.070000000000000062e+00 1.076799268089433603e+00 3.974667879377990154e+00 1.039583177157426652e+00 1.527015614200502691e+00
1.074999999999999956e+00 1.077586764190635593e+00 4.061456163323832413e+00 1.071984695293243917e+00 1.576655333551160831e+00
1.080000000000000071e+00 1.078377540431322945e+00 4.149685536442159872e+00 1.105231857858208988e+00 1.627663075774568702e+00
1.084999999999999964e+00 1.079171586676399119e+00 4.239371083808726404e+00 1.139341449342740509e+00 1.680066973251538753e+00
1.090000000000000080e+00 1.079968892804255898e+00 4.330528878530328640e+00 1.174330174905480195e+00 1.733894853217629262e+00
1.094999999999999973e+00 1.080769448706216718e+00 4.423174215532533537e+00 1.210214967680862452e+00 1.789174944857466532e+00
1.100000000000000089e+00 1.081573244285985780e+00 4.517323644216171274e+00 1.247012953700793680e+00 1.845935590141012606e+00
1.104999999999999982e+00 1.082380269459101152e+00 4.612992519806672576e+00 1.284741307733225035e+00 1.904205247746062035e+00
1.110000000000000098e+00 1.083190514152395201e+00 4.710196923667166580e+00 1.323417242929864734e+00 1.964012320245732024e+00
1.114999999999999991e+00 1.084003968303457022e+00 4.808952968542958395e+00 1.363058337630145722e+00 2.025385618093612283e+00
1.120000000000000107e+00 1.084820621860102863e+00 4.909277227683340072e+00 1.403681639090675448e+00 2.088353064925530855e+00
1.125000000000000000e+00 1.085640464779849657e+00 5.011185481293130906e+00 1.445305058978509027e+00 2.152943897616768520e+00
1.130000000000000115e+00 1.086463487029394992e+00 5.114694654545622221e+00 1.487946566466652021e+00 2.219187223157079725e+00
1.135000000000000009e+00 1.087289678584100638e+00 5.219820752218264914e+00 1.531623136929872064e+00 2.287110565944323604e+00
1.140000000000000124e+00 1.088119029427482509e+00 5.326580648251640682e+00 1.576352904608759209e+00 2.356743035590643576e+00
1.145000000000000018e+00 1.088951529550704622e+00 5.434990581898997419e+00 1.622153880025888339e+00 2.428113528887638761e+00
1.150000000000000133e+00 1.089787168952079055e+00 5.545067654943865776e+00 1.669043783677937931e+00 2.501250265676127515e+00
1.155000000000000027e+00 1.090625937636568565e+00 5.656828065026998864e+00 1.717040456731486975e+00 2.576181555342132778e+00
1.159999999999999920e+00 1.091467825615297427e+00 5.770289006630230588e+00 1.766162041991862441e+00 2.652935999699049141e+00
1.165000000000000036e+00 1.092312822905064262e+00 5.885466651534379423e+00 1.816425853871623586e+00 2.731540806073506022e+00
1.169999999999999929e+00 1.093160919527861763e+00 6.002378162194982103e+00 1.867850739639406621e+00 2.812025371364098358e+00
1.175000000000000044e+00 1.094012105510399513e+00 6.121040223938229552e+00 1.920453792404417381e+00 2.894416091113709566e+00
1.179999999999999938e+00 1.094866370883633921e+00 6.241469706528921968e+00 1.974252938530768997e+00 2.978740659679305569e+00
1.185000000000000053e+00 1.095723705682299487e+00 6.363682719717379754e+00 2.029266512640274911e+00 3.065027186411143134e+00
1.189999999999999947e+00 1.096584099944449830e+00 6.487696522209609462e+00 2.085511495876176902e+00 3.153301327828676559e+00
1.195000000000000062e+00 1.097447543710998508e+00 6.613527611069590861e+00 2.143006276754548800e+00 3.243590953403692634e+00
1.199999999999999956e+00 1.098314027025267592e+00 6.741192285316997435e+00 2.201768351861403517e+00 3.335922214302803557e+00
1.205000000000000071e+00 1.099183539932540254e+00 6.870706890464918004e+00 2.261814689024323588e+00 3.430320330932954853e+00
1.209999999999999964e+00 1.100056072479618674e+00 7.002088259265869752e+00 2.323162719426732803e+00 3.526810867923813486e+00
1.215000000000000080e+00 1.100931614714385054e+00 7.135351917638882213e+00 2.385830286525512101e+00 3.625420086422765475e+00
1.219999999999999973e+00 1.101810156685369746e+00 7.270514142323158957e+00 2.449833564267710262e+00 3.726171215681572946e+00
1.225000000000000089e+00 1.102691688441321372e+00 7.407590450868553944e+00 2.515190203699399607e+00 3.829089648464165219e+00
1.229999999999999982e+00 1.103576200030784493e+00 7.546597272229162989e+00 2.581916618207157121e+00 3.934198561171344810e+00
1.235000000000000098e+00 1.104463681501680172e+00 7.687549444462556281e+00 2.650029043390043970e+00 4.041520741517693693e+00
1.239999999999999991e+00 1.105354122900890967e+00 7.830461611012499823e+00 2.719544154194557528e+00 4.151079409843910994e+00
1.245000000000000107e+00 1.106247514273852595e+00 7.975349587197319678e+00 2.790477683552282429e+00 4.262896059647062863e+00
1.250000000000000000e+00 1.107143845664148030e+00 8.122227896502105082e+00 2.862845611029668724e+00 4.376992232441048181e+00
1.255000000000000115e+00 1.108043107113107384e+00 8.271109765358550803e+00 2.936663374752745082e+00 4.493388661970495690e+00
1.260000000000000009e+00 1.108945288659413109e+00 8.422010407834022772e+00 3.011945883941280488e+00 4.612104669228817677e+00
1.265000000000000124e+00 1.109850380338708309e+00 8.574942398264029819e+00 3.088708867461851248e+00 4.733161001607213869e+00
1.270000000000000018e+00 1.110758372183210829e+00 8.729919740509755499e+00 3.166965875303650257e+00 4.856574386172797020e+00
1.275000000000000133e+00 1.111669254221331116e+00 8.886954336238732211e+00 3.246732073531373164e+00 4.982364214486302068e+00
1.280000000000000027e+00 1.112583016477296738e+00 9.046058712456883200e+00 3.328020273999391598e+00 5.110545703458788225e+00
1.284999999999999920e+00 1.113499648970778022e+00 9.207244941302272778e+00 3.410845128127194315e+00 5.241136698596847054e+00
1.290000000000000036e+00 1.114419141716522343e+00 9.370524078136043045e+00 3.495218629168760582e+00 5.374150800977879783e+00
1.294999999999999929e+00 1.115341484723989307e+00 9.535906695953002554e+00 3.581154215470963020e+00 5.509603622375611742e+00
1.300000000000000044e+00 1.116266667996994588e+00 9.703403757763354065e+00 3.668663576459605835e+00 5.647507561873873705e+00
1.304999999999999938e+00 1.117194681533353773e+00 9.873023542635124272e+00 3.757758266541842751e+00 5.787874926886535931e+00
1.310000000000000053e+00 1.118125515324534858e+00 1.004477609101797242e+01 3.848450393803377168e+00 5.930718600087317327e+00
1.314999999999999947e+00 1.119059159355313193e+00 1.021866901843855935e+01 3.940749705919417867e+00 6.076047180782794044e+00
1.320000000000000062e+00 1.119995603603431533e+00 1.039471035040788038e+01 4.034667223929994329e+00 6.223871576908658554e+00
1.324999999999999956e+00 1.120934838039265857e+00 1.057290734607390803e+01 4.130212618095626453e+00 6.374199847091832183e+00
1.330000000000000071e+00 1.121876852625492305e+00 1.075326571533516073e+01 4.227394238492705014e+00 6.527038119538993044e+00
1.334999999999999964e+00 1.122821637316764765e+00 1.093579041874915525e+01 4.326221343900388483e+00 6.682393686510693875e+00
1.340000000000000080e+00 1.123769182059389804e+00 1.112048681061472166e+01 4.426701677116287925e+00 6.840271197765781963e+00
1.344999999999999973e+00 1.124719476791012696e+00 1.130735919523588073e+01 4.528842357070634428e+00 7.000673720350268248e+00
1.350000000000000089e+00 1.125672511440304557e+00 1.149640925073527420e+01 4.632650774155120388e+00 7.163605544817079895e+00
1.354999999999999982e+00 1.126628275926654377e+00 1.168764010618522775e+01 4.738132772854093844e+00 7.329067351487816850e+00
1.360000000000000098e+00 1.127586760159866808e+00 1.188105302309488920e+01 4.845293941403634896e+00 7.497059713843840179e+00
1.364999999999999991e+00 1.128547954039863965e+00 1.207664803545564247e+01 4.954138260159584028e+00 7.667580203641882086e+00
1.370000000000000107e+00 1.129511847456391438e+00 1.227442493051480810e+01 5.064671285870466555e+00 7.840629307956694660e+00
1.375000000000000000e+00 1.130478430288730518e+00 1.247438195915698067e+01 5.176895251954019450e+00 8.016201445755710253e+00
1.380000000000000115e+00 1.131447692405412875e+00 1.267651690934667208e+01 5.290813441033296094e+00 8.194292701918485022e+00
1.385000000000000009e+00 1.132419623663941444e+00 1.288082598999331374e+01 5.406427264797142307e+00 8.374896386073492849e+00
1.390000000000000124e+00 1.133394213910515980e+00 1.308730546968296160e+01 5.523739218363972192e+00 8.558006951345365820e+00
1.395000000000000018e+00 1.134371452979762385e+00 1.329594925655030480e+01 5.642748677685984759e+00 8.743613977686944594e+00
1.400000000000000133e+00 1.135351330694467364e+00 1.350675091676379047e+01 5.763455369746000478e+00 8.931707531219450047e+00
1.405000000000000027e+00 1.136333836865317526e+00 1.371970396562977257e+01 5.885859255513441468e+00 9.122277729385421807e+00
1.409999999999999920e+00 1.137318961290643582e+00 1.393479879315030701e+01 6.009958169040825027e+00 9.315311537488458526e+00
1.415000000000000036e+00 1.138306693756168331e+00 1.415202547525089294e+01 6.135749379678216542e+00 9.510794800977642183e+00
1.419999999999999929e+00 1.139297024034760630e+00 1.437137549494621780e+01 6.263230486066698077e+00 9.708713459846702420e+00
1.425000000000000044e+00 1.140289941886192482e+00 1.459283548814974374e+01 6.392396135053587614e+00 9.909048980119743888e+00
1.429999999999999938e+00 1.141285437056903218e+00 1.481639217067359837e+01 6.523242365937364617e+00 1.011178528672236610e+01
1.435000000000000053e+00 1.142283499279765024e+00 1.504203391048602434e+01 6.655763542944530542e+00 1.031690255429715819e+01
1.439999999999999947e+00 1.143284118273856675e+00 1.526974368153909190e+01 6.789952396148794200e+00 1.052437974773030049e+01
1.445000000000000062e+00 1.144287283744239936e+00 1.549950640547935521e+01 6.925803546106146236e+00 1.073419761209641266e+01
1.449999999999999956e+00 1.145292985381740625e+00 1.573130513937706176e+01 7.063307280690816370e+00 1.094633048260040020e+01
1.455000000000000071e+00 1.146301212862736563e+00 1.596512139446366341e+01 7.202454738941163725e+00 1.116075371657439419e+01
1.459999999999999964e+00 1.147311955848947074e+00 1.620093660552397452e+01 7.343237542317428534e+00 1.137744376013832515e+01
1.465000000000000080e+00 1.148325203987230259e+00 1.643873042028657494e+01 7.485644759745501808e+00 1.159637256586362319e+01
1.469999999999999973e+00 1.149340946909383598e+00 1.667848085774105726e+01 7.629665485819809412e+00 1.181751303390333163e+01
1.475000000000000089e+00 1.150359174231948334e+00 1.692016566751232887e+01 7.775287724681731127e+00 1.204083523250138299e+01
1.479999999999999982e+00 1.151379875556021837e+00 1.716376293163026290e+01 7.922499065309574817e+00 1.226630905227258772e+01
1.485000000000000098e+00 1.152403040467071982e+00 1.740924742861739460e+01 8.071286076457427683e+00 1.249390284668039364e+01
1.489999999999999991e+00 1.153428658534756623e+00 1.765659343286050742e+01 8.221634405298582138e+00 1.272358333906439221e+01
1.495000000000000107e+00 1.154456719312749513e+00 1.790577632241448214e+01 8.373529337651410387e+00 1.295531673787470517e+01
1.500000000000000000e+00 1.155487212338569769e+00 1.815676708575557186e+01 8.526956118137352547e+00 1.318906964140924032e+01
1.505000000000000115e+00 1.156520127133416675e+00 1.840953839061931063e+01 8.681896028957384104e+00 1.342480184048576497e+01
1.510000000000000009e+00 1.157555453202008700e+00 1.866406206231233256e+01 8.838335328821889547e+00 1.366248122567939483e+01
1.515000000000000124e+00 1.158593180032429393e+00 1.892030660280328647e+01 8.996254397957892834e+00 1.390206679467987350e+01
1.520000000000000018e+00 1.159633297095975069e+00 1.917824334695623634e+01 9.155636260534068427e+00 1.414352106138738385e+01
1.525000000000000133e+00 1.160675793847010029e+00 1.943783883570821303e+01 9.316460152423726271e+00 1.438680162619740166e+01
1.530000000000000027e+00 1.161720659722826676e+00 1.969906240918990648e+01 9.478708949066049883e+00 1.463187092050221416e+01
1.535000000000000142e+00 1.162767884143507846e+00 1.996187983803971733e+01 9.642359608948108729e+00 1.487868236254829846e+01
1.540000000000000036e+00 1.163817456511797577e+00 2.022625815784136094e+01 9.807394893811132164e+00 1.512719949631766703e+01
1.544999999999999929e+00 1.164869366212974766e+00 2.049216337184349968e+01 9.973791149572868164e+00 1.537737436758759912e+01
1.550000000000000044e+00 1.165923602614732379e+00 2.075955862880062242e+01 1.014152778572374203e+01 1.562916526491036073e+01
1.554999999999999938e+00 1.166980155067061542e+00 2.102840928498608619e+01 1.031058147157369476e+01 1.588252574511729343e+01
1.560000000000000053e+00 1.168039012902141183e+00 2.129867953312588469e+01 1.048093015607900114e+01 1.613741085510795514e+01
1.564999999999999947e+00 1.169100165434231231e+00 2.157033190999274197e+01 1.065255011474872404e+01 1.639377405310284885e+01
1.570000000000000062e+00 1.170163601959574473e+00 2.184332914518562063e+01 1.082541790022170680e+01 1.665156906657839286e+01
1.574999999999999956e+00 1.171229311756297298e+00 2.211763306325792300e+01 1.099951028394838914e+01 1.691075034907871100e+01
1.580000000000000071e+00 1.172297284084322211e+00 2.239320661849792771e+01 1.117480065848551973e+01 1.717126584846998583e+01
1.584999999999999964e+00 1.173367508185281460e+00 2.267000931759258719e+01 1.135126675226228166e+01 1.743307236569561880e+01
1.590000000000000080e+00 1.174439973282435989e+00 2.294800339758995023e+01 1.152887999636702610e+01 1.769611564175814422e+01
1.594999999999999973e+00 1.175514668580601496e+00 2.322715016417564016e+01 1.170761946899151340e+01 1.796035412848382506e+01
1.600000000000000089e+00 1.176591583266077601e+00 2.350740928393921081e+01 1.188745478678998069e+01 1.822573041809583572e+01
1.604999999999999982e+00 1.177670706506583453e+00 2.378874055644287466e+01 1.206836271506199587e+01 1.849220076354750475e+01
1.610000000000000098e+00 1.178752027451198003e+00 2.407110509590015113e+01 1.225031674480923094e+01 1.875971380894207385e+01
1.614999999999999991e+00 1.179835535230304933e+00 2.435446060812765268e+01 1.243328837071508275e+01 1.902821737861100715e+01
1.620000000000000107e+00 1.180921218955544472e+00 2.463876859271977438e+01 1.261725203893861824e+01 1.929766247601926565e+01
1.625000000000000000e+00 1.182009067719768769e+00 2.492398995653275762e+01 1.280218163973566625e+01 1.956799984454690033e+01
1.630000000000000115e+00 1.183099070597002811e+00 2.521008016550200637e+01 1.298804828932668620e+01 1.983917723380933751e+01
1.635000000000000009e+00 1.184191216642411337e+00 2.549700437254622543e+01 1.317482892084070123e+01 2.011114923076415906e+01
1.640000000000000124e+00 1.185285494892271307e+00 2.578471818577095576e+01 1.336249150457304147e+01 2.038385845656454975e+01
1.645000000000000018e+00 1.186381894363947032e+00 2.607318206694813512e+01 1.355101016371526335e+01 2.065725617852295315e+01
1.650000000000000133e+00 1.187480404055874628e+00 2.636235671207620257e+01 1.374035983648422388e+01 2.093129849292609990e+01
1.655000000000000027e+00 1.188581012947548476e+00 2.665220207654051165e+01 1.393051207738130159e+01 2.120592958303074838e+01
1.660000000000000142e+00 1.189683709999514560e+00 2.694267814211280765e+01 1.412143838055233758e+01 2.148109853247127177e+01
1.665000000000000036e+00 1.190788484153369131e+00 2.723374577954120568e+01 1.431311246935900350e+01 2.175675785663678496e+01
1.669999999999999929e+00 1.191895324331762041e+00 2.752536582410840893e+01 1.450550697434667669e+01 2.203285679050982537e+01
1.675000000000000044e+00 1.193004219438406732e+00 2.781749843357663821e+01 1.469859662636583586e+01 2.230935021686772401e+01
1.679999999999999938e+00 1.194115158358093565e+00 2.811010633552526272e+01 1.489235232689064325e+01 2.258618470270473821e+01
1.685000000000000053e+00 1.195228129956711127e+00 2.840315227575217349e+01 1.508674840182205301e+01 2.286331254700368021e+01
1.689999999999999947e+00 1.196343123081270665e+00 2.869659336214179746e+01 1.528175689314931773e+01 2.314068574325764516e+01
1.695000000000000062e+00 1.197460126559938276e+00 2.899039639402909785e+01 1.547735181801247784e+01 2.341825554166485901e+01
1.699999999999999956e+00 1.198579129202069993e+00 2.928452379405669959e+01 1.567350942284734394e+01 2.369597967484699552e+01
1.705000000000000071e+00 1.199700119798254416e+00 2.957893948194138289e+01 1.587020054687327608e+01 2.397380466778772856e+01
1.709999999999999964e+00 1.200823087120360011e+00 2.987360719165558365e+01 1.606740261910089984e+01 2.425169033987025102e+01
1.715000000000000080e+00 1.201948019921588173e+00 3.016848848859001464e+01 1.626508517856479230e+01 2.452958322285990178e+01
1.719999999999999973e+00 1.203074906936531852e+00 3.046355186946056293e+01 1.646322830751061161e+01 2.480744588648795457e+01
1.725000000000000089e+00 1.204203736881238829e+00 3.075876303607896034e+01 1.666180442164717945e+01 2.508522855585252742e+01
1.729999999999999982e+00 1.205334498453282777e+00 3.105408703417411687e+01 1.686078932630085703e+01 2.536288928127224196e+01
1.735000000000000098e+00 1.206467180331836975e+00 3.134949038086613271e+01 1.706015694444632658e+01 2.564037979658904121e+01
1.739999999999999991e+00 1.207601771177756689e+00 3.164494185212315003e+01 1.725988734064305063e+01 2.591766483898265250e+01
1.745000000000000107e+00 1.208738259633664436e+00 3.194040941364462327e+01 1.745995477679652907e+01 2.619469823065997005e+01
1.750000000000000000e+00 1.209876634324042799e+00 3.223586043841874016e+01 1.766033531796081135e+01 2.647143747104189160e+01
1.755000000000000115e+00 1.211016883855332349e+00 3.253126389070417446e+01 1.786100466266135101e+01 2.674783985441465717e+01
1.760000000000000009e+00 1.212158996816034451e+00 3.282659409818934648e+01 1.806194508898216000e+01 2.702387036927368769e+01
1.765000000000000124e+00 1.213302961776821398e+00 3.312181758979095036e+01 1.826313110207427215e+01 2.729948611458180352e+01
1.770000000000000018e+00 1.214448767290650766e+00 3.341690801727938265e+01 1.846454122390062125e+01 2.757464774465951862e+01
1.775000000000000133e+00 1.215596401892885980e+00 3.371183605820266393e+01 1.866615450197364368e+01 2.784931755841254031e+01
1.780000000000000027e+00 1.216745854101423552e+00 3.400657801788701562e+01 1.886795022978517267e+01 2.812345704037723237e+01
1.785000000000000142e+00 1.217897112416823635e+00 3.430110381866484914e+01 1.906990779690222482e+01 2.839703078013721438e+01
1.790000000000000036e+00 1.219050165322449919e+00 3.459539122236100184e+01 1.927200859350925555e+01 2.867000479281679048e+01
1.794999999999999929e+00 1.220205001284612623e+00 3.488941336290071860e+01 1.947422991054463992e+01 2.894233718712314740e+01
1.800000000000000044e+00 1.221361608752716377e+00 3.518314719593657003e+01 1.967655632094562534e+01 2.921400047672097955e+01
1.804999999999999938e+00 1.222519976159418986e+00 3.547656961130105913e+01 1.987896779930674285e+01 2.948495871636986365e+01
1.810000000000000053e+00 1.223680091920789526e+00 3.576966025314717967e+01 2.008144685862912837e+01 2.975517853128546264e+01
1.814999999999999947e+00 1.224841944436477315e+00 3.606239302363960064e+01 2.028397374402980446e+01 3.002462594218519953e+01
1.820000000000000062e+00 1.226005522089884225e+00 3.635475022664253686e+01 2.048653210909847289e+01 3.029326958529291858e+01
1.824999999999999956e+00 1.227170813248343206e+00 3.664670996348571919e+01 2.068910480103885519e+01 3.056107887351402042e+01
1.830000000000000071e+00 1.228337806263303689e+00 3.693825557823679873e+01 2.089167773153641861e+01 3.082802615845138305e+01
1.834999999999999964e+00 1.229506489470522324e+00 3.722936351256013410e+01 2.109423156418193557e+01 3.109407881850942346e+01
1.840000000000000080e+00 1.230676851190258825e+00 3.752002171621794702e+01 2.129675528552350627e+01 3.135921292525983972e+01
1.844999999999999973e+00 1.231848879727479362e+00 3.781021052184707543e+01 2.149923073477765101e+01 3.162339566014235004e+01
1.850000000000000089e+00 1.233022563372064173e+00 3.809991287855797992e+01 2.170164297063559999e+01 3.188659992873839144e+01
1.854999999999999982e+00 1.234197890399023168e+00 3.838911612414889873e+01 2.190398310504534152e+01 3.214880736622252044e+01
1.860000000000000098e+00 1.235374849068715752e+00 3.867780092182626817e+01 2.210622938614413258e+01 3.240997824650285253e+01
1.864999999999999991e+00 1.236553427627077095e+00 3.896595617792984001e+01 2.230837581581761953e+01 3.267010053961344340e+01
1.870000000000000107e+00 1.237733614305851271e+00 3.925356750572667863e+01 2.251040544122555431e+01 3.292914111036788682e+01
1.875000000000000000e+00 1.238915397322829737e+00 3.954062303246516308e+01 2.271230891869752710e+01 3.318708273601826164e+01
1.880000000000000115e+00 1.240098764882095139e+00 3.982711058237340751e+01 2.291407353122135859e+01 3.344389927773045201e+01
1.885000000000000009e+00 1.241283705174272667e+00 4.011301839145482973e+01 2.311568834549210649e+01 3.369957102851353170e+01
1.890000000000000124e+00 1.242470206376787178e+00 4.039833631071463316e+01 2.331714216117968519e+01 3.395407375855553767e+01
1.895000000000000018e+00 1.243658256654124994e+00 4.068305527950484901e+01 2.351842442818664836e+01 3.420738697383430349e+01
1.900000000000000133e+00 1.244847844158103012e+00 4.096716456004008222e+01 2.371952514280804891e+01 3.445949067043851244e+01
1.905000000000000027e+00 1.246038957028144711e+00 4.125065456455763524e+01 2.392043328534608548e+01 3.471036349800557019e+01
1.910000000000000142e+00 1.247231583391559262e+00 4.153352050245508309e+01 2.412114432970134104e+01 3.495999340432013724e+01
1.915000000000000036e+00 1.248425711363831514e+00 4.181575282264912374e+01 2.432164563376042921e+01 3.520835498209921610e+01
1.919999999999999929e+00 1.249621329048912655e+00 4.209734735665112026e+01 2.452193148276637302e+01 3.545543517723240257e+01
1.925000000000000044e+00 1.250818424539521745e+00 4.237829438541188409e+01 2.472199050189939840e+01 3.570121126665657130e+01
1.929999999999999938e+00 1.252016985917450365e+00 4.265858981607895117e+01 2.492181833364475096e+01 3.594567115911585375e+01
1.935000000000000053e+00 1.253217001253874363e+00 4.293823037111794605e+01 2.512140630689087217e+01 3.618879718772080167e+01
1.939999999999999947e+00 1.254418458609672937e+00 4.321721113946490078e+01 2.532074865778938388e+01 3.643057533752843113e+01
1.945000000000000062e+00 1.255621346035752151e+00 4.349552885054329465e+01 2.551983985658678833e+01 3.667099217550984491e+01
1.949999999999999956e+00 1.256825651573374891e+00 4.377318006676090789e+01 2.571867419473209182e+01 3.691003251907751803e+01
1.955000000000000071e+00 1.258031363254499713e+00 4.405016182040245809e+01 2.591724355191237095e+01 3.714767945054573772e+01
1.959999999999999964e+00 1.259238469102119673e+00 4.432647106779651835e+01 2.611554392387502332e+01 3.738392224192645585e+01
1.965000000000000080e+00 1.260446957130616275e+00 4.460210816468286055e+01 2.631357097296432457e+01 3.761874773998013666e+01
1.969999999999999973e+00 1.261656815346111182e+00 4.487707227523745956e+01 2.651131986163737153e+01 3.785214285600328310e+01
1.975000000000000089e+00 1.262868031746829489e+00 4.515136162284677823e+01 2.670878731424103947e+01 3.808409828243161854e+01
1.979999999999999982e+00 1.264080594323466533e+00 4.542497730353375829e+01 2.690596945952953689e+01 3.831460235389474889e+01
1.985000000000000098e+00 1.265294491059563597e+00 4.569791731603347529e+01 2.710286111055303238e+01 3.854364160564760766e+01
1.989999999999999991e+00 1.266509709931886274e+00 4.597018554375188160e+01 2.729946109795546505e+01 3.877120852316834743e+01
1.995000000000000107e+00 1.267726238910813485e+00 4.624178198185323652e+01 2.749576543623942015e+01 3.899729152287903133e+01
2.000000000000000000e+00 1.268944065960727619e+00 4.651270882914122495e+01 2.769177214517063135e+01 3.922188139880803703e+01
2.004999999999999893e+00 1.270163179040415979e+00 4.678296907114344805e+01 2.788748013885849630e+01 3.944497164087441377e+01
2.010000000000000231e+00 1.271383566103475360e+00 4.705256368534448796e+01 2.808288559774351256e+01 3.966655009248739816e+01
2.015000000000000124e+00 1.272605215098723486e+00 4.732149664952067525e+01 2.827798804908104557e+01 3.988661046387164788e+01
2.020000000000000018e+00 1.273828113970618237e+00 4.758976924621172344e+01 2.847278256482660552e+01 4.010513854076847906e+01
2.024999999999999911e+00 1.275052250659680864e+00 4.785738865701835465e+01 2.866727435593195139e+01 4.032213788583805325e+01
2.030000000000000249e+00 1.276277613102927866e+00 4.812435873846278156e+01 2.886145876097189600e+01 4.053759350218288660e+01
2.035000000000000142e+00 1.277504189234306420e+00 4.839068217580131659e+01 2.905533594620459326e+01 4.075150080793293483e+01
2.040000000000000036e+00 1.278731966985139357e+00 4.865636455011066630e+01 2.924890688412854800e+01 4.096385586872573015e+01
2.044999999999999929e+00 1.279960934284574359e+00 4.892141135225185167e+01 2.944216889891661992e+01 4.117464615874956024e+01
2.049999999999999822e+00 1.281191079060038929e+00 4.918582825559294491e+01 2.963512419318603364e+01 4.138387040867159072e+01
2.055000000000000160e+00 1.282422389237703575e+00 4.944962222897262194e+01 2.982777331978072155e+01 4.159152158973784452e+01
2.060000000000000053e+00 1.283654852742951435e+00 4.971279589392103304e+01 3.002011533197791238e+01 4.179759374679082384e+01
2.064999999999999947e+00 1.284888457500850345e+00 4.997535913183067890e+01 3.021215258017694438e+01 4.200208377297672513e+01
2.069999999999999840e+00 1.286123191436637780e+00 5.023731566055408138e+01 3.040388361961609576e+01 4.220498142983784362e+01
2.075000000000000178e+00 1.287359042476205584e+00 5.049867539551950557e+01 3.059531506930530753e+01 4.240629331779933864e+01
2.080000000000000071e+00 1.288595998546594679e+00 5.075944585526443831e+01 3.078644494137381571e+01 4.260600604719193285e+01
2.084999999999999964e+00 1.289834047576496001e+00 5.101963004282762881e+01 3.097727227410119610e+01 4.280411251170330189e+01
2.089999999999999858e+00 1.291073177496757207e+00 5.127924198956173285e+01 3.116780667189992826e+01 4.300062351708245245e+01
2.095000000000000195e+00 1.292313376240894485e+00 5.153828558992828590e+01 3.135804265593301210e+01 4.319551883246906954e+01
2.100000000000000089e+00 1.293554631745612582e+00 5.179677204674333524e+01 3.154798853160612282e+01 4.338880701364926296e+01
2.104999999999999982e+00 1.294796931951329721e+00 5.205470737029840933e+01 3.173764311656283965e+01 4.358048032888994072e+01
2.109999999999999876e+00 1.296040264802710951e+00 5.231209971900386790e+01 3.192700850070100316e+01 4.377053270031281329e+01
2.115000000000000213e+00 1.297284618249205046e+00 5.256896001627717396e+01 3.211609127404890529e+01 4.395896911412734909e+01
2.120000000000000107e+00 1.298529980245588522e+00 5.282529554861562104e+01 3.230488943321763884e+01 4.414577670179986058e+01
2.125000000000000000e+00 1.299776338752518745e+00 5.308111736743826015e+01 3.249341088920603227e+01 4.433096287811979153e+01
2.129999999999999893e+00 1.301023681737088600e+00 5.333643382485087869e+01 3.268165556746686207e+01 4.451451727523666335e+01
2.135000000000000231e+00 1.302271997173391371e+00 5.359125511171263412e+01 3.286963103558339583e+01 4.469644825788380871e+01
2.140000000000000124e+00 1.303521273043090511e+00 5.384559412125901900e+01 3.305733997504378152e+01 4.487674674599632141e+01
2.145000000000000018e+00 1.304771497335994956e+00 5.409945344302641956e+01 3.324478081167854526e+01 4.505540805376672608e+01
2.149999999999999911e+00 1.306022658050641327e+00 5.435284926611320344e+01 3.343196266877873057e+01 4.523243457095420439e+01
2.155000000000000249e+00 1.307274743194883682e+00 5.460578879974458744e+01 3.361888770098790502e+01 4.540782400676239661e+01
2.160000000000000142e+00 1.308527740786487481e+00 5.485828447025821930e+01 3.380556154686342296e+01 4.558157644882547999e+01
2.165000000000000036e+00 1.309781638853730668e+00 5.511034300544666564e+01 3.399198425175580240e+01 4.575368440997458919e+01
2.169999999999999929e+00 1.311036425436011399e+00 5.536198142173675052e+01 3.417816737778306191e+01 4.592415663213117227e+01
2.175000000000000266e+00 1.312292088584462002e+00 5.561320280628365254e+01 3.436410693889069989e+01 4.609298134012161086e+01
2.180000000000000160e+00 1.313548616362568033e+00 5.586402751437339020e+01 3.454981888446122440e+01 4.626017166079064680e+01
2.185000000000000053e+00 1.314805996846795111e+00 5.611445515602352430e+01 3.473529408203237523e+01 4.642570933367473884e+01
2.189999999999999947e+00 1.316064218127219965e+00 5.636450707076011213e+01 3.492054875830714877e+01 4.658960487112516091e+01
2.194999999999999840e+00 1.317323268308171258e+00 5.661418980098226683e+01 3.510558388114211681e+01 4.675185730198846557e+01
2.200000000000000178e+00 1.318583135508872406e+00 5.686351652283028102e+01 3.529040613114545977e+01 4.691246416269730446e+01
2.205000000000000071e+00 1.319843807864092611e+00 5.711249520903554355e+01 3.547501759257008302e+01 4.707142351532505131e+01
2.209999999999999964e+00 1.321105273524805224e+00 5.736114154299188073e+01 3.565942686356943625e+01 4.722873828602401858e+01
2.214999999999999858e+00 1.322367520658849438e+00 5.760946072437699428e+01 3.584363157163892311e+01 4.738439518119410820e+01
2.220000000000000195e+00 1.323630537451601530e+00 5.785746759479030032e+01 3.602764915132112122e+01 4.753842065228621294e+01
2.225000000000000089e+00 1.324894312106648098e+00 5.810517691561256726e+01 3.621147594708384787e+01 4.769078660883430842e+01
2.229999999999999982e+00 1.326158832846469293e+00 5.835259943858381604e+01 3.639512177811986504e+01 4.784150586012291484e+01
2.234999999999999876e+00 1.327424087913126938e+00 5.859974433070082256e+01 3.657858846199923164e+01 4.799057246079470929e+01
2.240000000000000213e+00 1.328690065568957523e+00 5.884662884073055267e+01 3.676188981197552863e+01 4.813799569057226790e+01
2.245000000000000107e+00 1.329956754097271210e+00 5.909325543457148200e+01 3.694502184544187173e+01 4.828376636080158590e+01
2.250000000000000000e+00 1.331224141803060590e+00 5.933964712152262422e+01 3.712799860434301280e+01 4.842788966705647624e+01
2.254999999999999893e+00 1.332492217013710345e+00 5.958580725588284821e+01 3.731082032434032669e+01 4.857036216096169312e+01
2.260000000000000231e+00 1.333760968079716003e+00 5.983175269479958303e+01 3.749349668181093875e+01 4.871118669654995870e+01
2.265000000000000124e+00 1.335030383375409135e+00 6.007749282400627067e+01 3.767603090945184618e+01 4.885035942985032165e+01
2.270000000000000018e+00 1.336300451299685221e+00 6.032303990787888637e+01 3.785842943362029445e+01 4.898788146323585835e+01
2.274999999999999911e+00 1.337571160276742388e+00 6.056840634038285742e+01 3.804069964337934096e+01 4.912375488988754313e+01
2.280000000000000249e+00 1.338842498756821042e+00 6.081361069586504442e+01 3.822285445246927793e+01 4.925798700593144019e+01
2.285000000000000142e+00 1.340114455216953049e+00 6.105865211017375316e+01 3.840488314935836200e+01 4.939055623857930755e+01
2.290000000000000036e+00 1.341387018161716460e+00 6.130355685666292942e+01 3.858681185596422836e+01 4.952148846711656915e+01
2.294999999999999929e+00 1.342660176123993576e+00 6.154832461056161463e+01 3.876862974004345119e+01 4.965076143544325049e+01
2.300000000000000266e+00 1.343933917665737443e+00 6.179297825330893801e+01 3.895035790529030351e+01 4.977839380583777995e+01
2.305000000000000160e+00 1.345208231378743458e+00 6.203752081600585910e+01 3.913198962429138561e+01 4.990436927770772968e+01
2.310000000000000053e+00 1.346483105885426967e+00 6.228197109762594863e+01 3.931353992010534881e+01 5.002869810933581363e+01
2.314999999999999947e+00 1.347758529839606201e+00 6.252634144026990271e+01 3.949501806256155589e+01 5.015138636589141896e+01
2.319999999999999840e+00 1.349034491927291413e+00 6.277064128223538120e+01 3.967642278372327524e+01 5.027242001348710687e+01
2.325000000000000178e+00 1.350310980867478472e+00 6.301488392232219127e+01 3.985776594583438737e+01 5.039180920389060248e+01
2.330000000000000071e+00 1.351587985412951776e+00 6.325907791811402348e+01 4.003904644957439274e+01 5.050954218082582514e+01
2.334999999999999964e+00 1.352865494351088493e+00 6.350324140145804819e+01 4.022028153964952679e+01 5.062563553651046533e+01
2.339999999999999858e+00 1.354143496504671029e+00 6.374738289126115376e+01 4.040146966829301789e+01 5.074007407182324414e+01
2.345000000000000195e+00 1.355421980732705700e+00 6.399151728605144029e+01 4.058262315977616908e+01 5.085286842936538676e+01
2.350000000000000089e+00 1.356700935931243857e+00 6.423565536952656885e+01 4.076374733521475235e+01 5.096401723664648387e+01
2.354999999999999982e+00 1.357980351034212774e+00 6.447980967594462243e+01 4.094484757393730234e+01 5.107351585815347761e+01
2.359999999999999876e+00 1.359260215014249207e+00 6.472399496287640375e+01 4.112593553717047001e+01 5.118137463174795698e+01
2.365000000000000213e+00 1.360540516883539608e+00 6.496821767995703567e+01 4.130701033951873313e+01 5.128758251009513458e+01
2.370000000000000107e+00 1.361821245694665894e+00 6.521249598252856572e+01 4.148808685495979631e+01 5.139214869454778523e+01
2.375000000000000000e+00 1.363102390541456321e+00 6.545683344068973497e+01 4.166916009670967469e+01 5.149505913884906505e+01
2.379999999999999893e+00 1.364383940559842134e+00 6.570125456280207743e+01 4.185025177094931337e+01 5.159633017107575625e+01
2.385000000000000231e+00 1.365665884928720875e+00 6.594576219085416824e+01 4.203135990704430469e+01 5.169595544192333136e+01
2.390000000000000124e+00 1.366948212870820356e+00 6.619037067005439212e+01 4.221249235010538570e+01 5.179393283924204638e+01
2.395000000000000018e+00 1.368230913653576408e+00 6.643509419272750449e+01 4.239365868657831982e+01 5.189026884593385347e+01
2.399999999999999911e+00 1.369513976590007287e+00 6.667994048825251241e+01 4.257486181701329286e+01 5.198495723597392981e+01
2.405000000000000249e+00 1.370797391039600077e+00 6.692492570320980860e+01 4.275611329162159535e+01 5.207800352092802143e+01
2.410000000000000142e+00 1.372081146409197538e+00 6.717006232499714713e+01 4.293741991869402597e+01 5.216940879653446217e+01
2.415000000000000036e+00 1.373365232153893167e+00 6.741535972058763093e+01 4.311878536226682002e+01 5.225916847919096142e+01
2.419999999999999929e+00 1.374649637777930256e+00 6.766082854323279605e+01 4.330021538573690520e+01 5.234727791617757475e+01
2.425000000000000266e+00 1.375934352835608943e+00 6.790648456279993184e+01 4.348172493356546653e+01 5.243375720901056525e+01
2.430000000000000160e+00 1.377219366932191491e+00 6.815233840262497722e+01 4.366331587960338112e+01 5.251859277702718032e+01
2.435000000000000053e+00 1.378504669724822440e+00 6.839840083522662439e+01 4.384499318202270501e+01 5.260178147324704412e+01
2.439999999999999947e+00 1.379790250923445205e+00 6.864468001774351080e+01 4.402676174780730634e+01 5.268332459134784074e+01
2.444999999999999840e+00 1.381076100291728892e+00 6.889119521065893537e+01 4.420863749419223154e+01 5.276323252473259373e+01
2.450000000000000178e+00 1.382362207647998886e+00 6.913795373674642519e+01 4.439062287131116591e+01 5.284150178448282276e+01
2.455000000000000071e+00 1.383648562866170106e+00 6.938496770696359306e+01 4.457272246485084111e+01 5.291812781755809425e+01
2.459999999999999964e+00 1.384935155876690471e+00 6.963224983233216392e+01 4.475494825118628484e+01 5.299311746371324006e+01
2.464999999999999858e+00 1.386221976667483702e+00 6.987981338964272027e+01 4.493730820783392232e+01 5.306647609912463537e+01
2.470000000000000195e+00 1.387509015284901448e+00 7.012766111870571706e+01 4.511979549538270362e+01 5.313817959693516002e+01
2.475000000000000089e+00 1.388796261834676082e+00 7.037581355961641805e+01 4.530243342349146474e+01 5.320825682762128395e+01
2.479999999999999982e+00 1.390083706482882597e+00 7.062428161869672749e+01 4.548522583020893251e+01 5.327670276969777774e+01
2.484999999999999876e+00 1.391371339456903167e+00 7.087306982365021213e+01 4.566817081519385368e+01 5.334350544269087635e+01
2.490000000000000213e+00 1.392659151046396371e+00 7.112219620133966203e+01 4.585128594351373010e+01 5.340868045343213311e+01
2.495000000000000107e+00 1.393947131604270639e+00 7.137167202728051052e+01 4.603457512604426682e+01 5.347222338923491947e+01
2.500000000000000000e+00 1.395235271547664579e+00 7.162150129764283690e+01 4.621803805464584514e+01 5.353412772534836250e+01
2.504999999999999893e+00 1.396523561358930632e+00 7.187169825813363389e+01 4.640169018422359670e+01 5.359440476789459495e+01
2.510000000000000231e+00 1.397811991586621838e+00 7.212228019613615970e+01 4.658553729885159100e+01 5.365305481340132587e+01
2.515000000000000124e+00 1.399100552846486600e+00 7.237325305884347415e+01 4.676958388232273478e+01 5.371007408218509482e+01
2.520000000000000018e+00 1.400389235822465217e+00 7.262462689639049529e+01 4.695383580315195360e+01 5.376546584808170337e+01
2.524999999999999911e+00 1.401678031267691527e+00 7.287641047618326695e+01 4.713829760596788532e+01 5.381922625388901338e+01
2.530000000000000249e+00 1.402966930005501656e+00 7.312862257428356827e+01 4.732298660404759971e+01 5.387137097450723644e+01
2.535000000000000142e+00 1.404255922930439437e+00 7.338126775143931013e+01 4.750790114388632190e+01 5.392189264251276626e+01
2.540000000000000036e+00 1.405545001009279815e+00 7.363436003826400622e+01 4.769305349558110407e+01 5.397079745760044034e+01
2.544999999999999929e+00 1.406834155282040921e+00 7.388790550068928553e+01 4.787844211369459657e+01 5.401807733408847412e+01
2.550000000000000266e+00 1.408123376863012810e+00 7.414191777297990882e+01 4.806407875539542118e+01 5.406373974172569064e+01
2.555000000000000160e+00 1.409412656941783526e+00 7.439640533681031798e+01 4.824996946903046791e+01 5.410778780509035357e+01
2.560000000000000053e+00 1.410701986784272943e+00 7.465138343832204271e+01 4.843612405997435388e+01 5.415022573786794169e+01
2.564999999999999947e+00 1.411991357733769048e+00 7.490685879214809972e+01 4.862254967097921110e+01 5.419106057836980739e+01
2.569999999999999840e+00 1.413280761211968217e+00 7.516284093601724692e+01 4.880924547702096561e+01 5.423027777247054360e+01
2.575000000000000178e+00 1.414570188720020605e+00 7.541933932368235105e+01 4.899622208961066150e+01 5.426789204594556537e+01
2.580000000000000071e+00 1.415859631839580635e+00 7.567636629193937381e+01 4.918348685185370073e+01 5.430390477195589227e+01
2.584999999999999964e+00 1.417149082233858159e+00 7.593393456602042590e+01 4.937104975908707161e+01 5.433832110281436201e+01
2.589999999999999858e+00 1.418438531648677170e+00 7.619204772749814936e+01 4.955891081655760644e+01 5.437113877428878084e+01
2.595000000000000195e+00 1.419727971913536280e+00 7.645072180041935894e+01 4.974708253006350134e+01 5.440236744879788233e+01
2.600000000000000089e+00 1.421017394942674095e+00 7.670996169060128977e+01 4.993556417995181818e+01 5.443199892191348255e+01
2.604999999999999982e+00 1.422306792736138581e+00 7.696977786127933996e+01 5.012436797900503649e+01 5.446004839142755571e+01
2.609999999999999876e+00 1.423596157380858207e+00 7.723018297686705580e+01 5.031350003270019755e+01 5.448651840519003287e+01
2.615000000000000213e+00 1.424885481051721747e+00 7.749118181403036942e+01 5.050295946997061947e+01 5.451139806237764418e+01
2.620000000000000107e+00 1.426174756012655642e+00 7.775278948749208041e+01 5.069276483050417426e+01 5.453471340919065113e+01
2.625000000000000000e+00 1.427463974617710019e+00 7.801501329437441257e+01 5.088291485895142330e+01 5.455645436556866912e+01
2.629999999999999893e+00 1.428753129312145598e+00 7.827786083435552200e+01 5.107341783250608813e+01 5.457663533678031342e+01
2.635000000000000231e+00 1.430042212633526821e+00 7.854134301200005552e+01 5.126427820828476456e+01 5.459524936223170499e+01
2.640000000000000124e+00 1.431331217212814755e+00 7.880546658099986246e+01 5.145550190243342570e+01 5.461230743708110680e+01
2.645000000000000018e+00 1.432620135775467096e+00 7.907024259155394930e+01 5.164709607727759533e+01 5.462781205688845176e+01
2.649999999999999911e+00 1.433908961142540850e+00 7.933567907947031017e+01 5.183906639224500879e+01 5.464176909569960117e+01
2.655000000000000249e+00 1.435197686231796554e+00 7.960178978586462506e+01 5.203142512256626873e+01 5.465419245108671475e+01
2.660000000000000142e+00 1.436486304058808727e+00 7.986857381007851586e+01 5.222416461920734321e+01 5.466507124518829386e+01
2.665000000000000036e+00 1.437774807738079197e+00 8.013605030761293335e+01 5.241730634762567576e+01 5.467442618782399677e+01
2.669999999999999929e+00 1.439063190484150212e+00 8.040422206348779355e+01 5.261084809677377905e+01 5.468226128344839765e+01
2.675000000000000266e+00 1.440351445612727099e+00 8.067309493984295443e+01 5.280479168582348848e+01 5.468857178431025545e+01
2.680000000000000160e+00 1.441639566541798700e+00 8.094268528355441106e+01 5.299915390336306587e+01 5.469337881666315582e+01
2.685000000000000053e+00 1.442927546792763360e+00 8.121299322318539282e+01 5.319393064985445108e+01 5.469668063205806874e+01
2.689999999999999947e+00 1.444215379991559578e+00 8.148403197676172738e+01 5.338913169017845206e+01 5.469848386163614862e+01
2.694999999999999840e+00 1.445503059869796658e+00 8.175580547688053912e+01 5.358475963015035859e+01 5.469879661497530776e+01
2.700000000000000178e+00 1.446790580265890691e+00 8.202833249350521783e+01 5.378083258717393278e+01 5.469763964460265981e+01
2.705000000000000071e+00 1.448077935126202975e+00 8.230160576612314571e+01 5.397733711177753690e+01 5.469499699362138756e+01
2.709999999999999964e+00 1.449365118506182437e+00 8.257564394962763288e+01 5.417429403548980815e+01 5.469089917129252143e+01
2.714999999999999858e+00 1.450652124571508272e+00 8.285045079838610604e+01 5.437170196996748217e+01 5.468534385133380482e+01
2.720000000000000195e+00 1.451938947599239915e+00 8.312603464657654229e+01 5.456956699390963195e+01 5.467833767481647556e+01
2.725000000000000089e+00 1.453225581978965009e+00 8.340239973859802092e+01 5.476789129082268204e+01 5.466989002693410526e+01
2.729999999999999982e+00 1.454512022213955591e+00 8.367956231744692275e+01 5.496669201084389300e+01 5.466002481872705943e+01
2.734999999999999876e+00 1.455798262922322506e+00 8.395751651042424157e+01 5.516595668420413290e+01 5.464873020771471346e+01
2.740000000000000213e+00 1.457084298838174696e+00 8.423628560015671951e+01 5.536571186378171205e+01 5.463603817888759551e+01
2.745000000000000107e+00 1.458370124812782276e+00 8.451586342613757097e+01 5.556594340840715773e+01 5.462193869081929876e+01
2.750000000000000000e+00 1.459655735815740485e+00 8.479626084848736411e+01 5.576666538418686514e+01 5.460645663734891286e+01
2.754999999999999893e+00 1.460941126936137202e+00 8.507748791325334992e+01 5.596788370623690412e+01 5.458959901509847867e+01
2.760000000000000231e+00 1.462226293383724007e+00 8.535954717492933241e+01 5.616959805903201186e+01 5.457137140562026900e+01
2.765000000000000124e+00 1.463511230490086357e+00 8.564244524282665338e+01 5.637181549011514647e+01 5.455179032915846449e+01
2.770000000000000018e+00 1.464795933709824194e+00 8.592619663025050158e+01 5.657454989945971136e+01 5.453087688150093726e+01
2.774999999999999911e+00 1.466080398621724123e+00 8.621079723268955775e+01 5.677779216981853239e+01 5.450863097446974592e+01
2.780000000000000249e+00 1.467364620929943797e+00 8.649626135215004297e+01 5.698155724528713506e+01 5.448506974599005304e+01
2.785000000000000142e+00 1.468648596465194744e+00 8.678258884466774248e+01 5.718584444017945145e+01 5.446020898834694179e+01
2.790000000000000036e+00 1.469932321185927426e+00 8.706979035992176819e+01 5.739065983407895999e+01 5.443405783568805845e+01
2.794999999999999929e+00 1.471215791179520282e+00 8.735786793797751670e+01 5.759600384617641566e+01 5.440662513505761666e+01
2.800000000000000266e+00 1.472499002663467449e+00 8.764683263782740141e+01 5.780188921326232077e+01 5.437793844951328026e+01
2.805000000000000160e+00 1.473781951986576466e+00 8.793668671498569722e+01 5.800831578989938464e+01 5.434800645903969496e+01
2.810000000000000053e+00 1.475064635630160437e+00 8.822743779258647123e+01 5.821529083212062972e+01 5.431684370514800264e+01
2.814999999999999947e+00 1.476347050209237288e+00 8.851908765440906279e+01 5.842281356820085136e+01 5.428446820848581922e+01
2.819999999999999840e+00 1.477629192473728592e+00 8.881164791676465597e+01 5.863089507215599383e+01 5.425089195919952090e+01
2.825000000000000178e+00 1.478911059309663267e+00 8.910511749281367599e+01 5.883953011535507471e+01 5.421612952967829813e+01
2.830000000000000071e+00 1.480192647740382617e+00 8.939950477524584471e+01 5.904873260940211566e+01 5.418020978386719833e+01
2.834999999999999964e+00 1.481473954927746250e+00 8.969481540743554149e+01 5.925850194649443381e+01 5.414313723460368522e+01
2.839999999999999858e+00 1.482754978173340454e+00 8.999105385857447459e+01 5.946884247200743800e+01 5.410493368552918980e+01
2.845000000000000195e+00 1.484035714919693882e+00 9.028822280246583887e+01 5.967975600314896667e+01 5.406561124290237075e+01
2.850000000000000089e+00 1.485316162751484814e+00 9.058632800008261654e+01 5.989124843651266872e+01 5.402519814739390824e+01
2.854999999999999982e+00 1.486596319396762178e+00 9.088537644818435979e+01 6.010332608276372923e+01 5.398371231760520317e+01
2.859999999999999876e+00 1.487876182728162133e+00 9.118537259466695843e+01 6.031599214306292822e+01 5.394116963194884562e+01
2.865000000000000213e+00 1.489155750764126207e+00 9.148631549927107187e+01 6.052924375239259547e+01 5.389758452106888598e+01
2.870000000000000107e+00 1.490435021670126092e+00 9.178821385154188306e+01 6.074309325324922781e+01 5.385298800529367469e+01
2.875000000000000000e+00 1.491713993759884893e+00 9.209107091936796508e+01 6.095753716032081826e+01 5.380739033723608600e+01
2.879999999999999893e+00 1.492992665496607696e+00 9.239489099344108070e+01 6.117258320669484561e+01 5.376082182927552822e+01
2.885000000000000231e+00 1.494271035494205480e+00 9.269968094008233095e+01 6.138823714419882549e+01 5.371330141329118391e+01
2.890000000000000124e+00 1.495549102518527240e+00 9.300543658072540154e+01 6.160449338017221521e+01 5.366484049621357144e+01
2.895000000000000018e+00 1.496826865488593894e+00 9.331216761538046001e+01 6.182136356037660363e+01 5.361547678215679724e+01
2.899999999999999911e+00 1.498104323477830180e+00 9.361987591867622882e+01 6.203884476303601048e+01 5.356522167347429786e+01
2.905000000000000249e+00 1.499381475715303225e+00 9.392856505482897944e+01 6.225694671267902436e+01 5.351410962979127106e+01
2.910000000000000142e+00 1.500658321586958444e+00 9.423825459013545469e+01 6.247568057784681628e+01 5.346209435069751947e+01
2.915000000000000036e+00 1.501934860636862323e+00 9.454891490813629673e+01 6.269502393998449463e+01 5.340931928682309149e+01
2.919999999999999929e+00 1.503211092568443430e+00 9.486056948788436216e+01 6.291499853946153564e+01 5.335575738308317995e+01
2.925000000000000266e+00 1.504487017245737190e+00 9.517321227801659234e+01 6.313559613137800852e+01 5.330142490803704902e+01
2.930000000000000160e+00 1.505762634694630231e+00 9.548685233901387903e+01 6.335682734349688872e+01 5.324635576895346389e+01
2.935000000000000053e+00 1.507037945104112264e+00 9.580148664100988753e+01 6.357868554318291388e+01 5.319056108227970014e+01
2.939999999999999947e+00 1.508312948827522426e+00 9.611712762059269721e+01 6.380118942574678442e+01 5.313408734555249424e+01
2.944999999999999840e+00 1.509587646383803383e+00 9.643376824539149084e+01 6.402432793422342172e+01 5.307694954967132617e+01
2.950000000000000178e+00 1.510862038458753664e+00 9.675141799316982372e+01 6.424811488187113184e+01 5.301918675677538317e+01
2.955000000000000071e+00 1.512136125906285322e+00 9.707007226929863464e+01 6.447253757279241881e+01 5.296080558235824753e+01
2.959999999999999964e+00 1.513409909749681370e+00 9.738973710422108354e+01 6.469760917831467850e+01 5.290184858501940113e+01
2.964999999999999858e+00 1.514683391182853445e+00 9.771041190914016283e+01 6.492332888404088465e+01 5.284234343681443136e+01
2.970000000000000195e+00 1.515956571571605682e+00 9.803210090211720740e+01 6.514969983094638906e+01 5.278232052020447895e+01
2.975000000000000089e+00 1.517229452454897709e+00 9.835480405771629364e+01 6.537672336665498563e+01 5.272180647339824588e+01
2.979999999999999982e+00 1.518502035546109630e+00 9.867852039873675096e+01 6.560439663667024490e+01 5.266082782026670372e+01
2.984999999999999876e+00 1.519774322734309235e+00 9.900326114168905178e+01 6.583273553223415320e+01 5.259943421701787258e+01
2.990000000000000213e+00 1.521046316085523209e+00 9.932901929356097526e+01 6.606173049978367828e+01 5.253763116306885195e+01
2.995000000000000107e+00 1.522318017844006111e+00 9.965579139065283698e+01 6.629137823393602957e+01 5.247545630612323464e+01
3.000000000000000000e+00 1.523589430433515579e+00 9.998359019887176657e+01 6.652169486228339679e+01 5.241295642239659713e+01
3.004999999999999893e+00 1.524860556458587313e+00 1.003124059026137189e+02 6.675266663573525250e+01 5.235014026293735867e+01
3.010000000000000231e+00 1.526131398705811604e+00 1.006422459493007864e+02 6.698430699118131315e+01 5.228706109029243265e+01
3.015000000000000124e+00 1.527401960145112314e+00 1.009731081205223973e+02 6.721661385334684269e+01 5.222374595094880334e+01
3.020000000000000018e+00 1.528672243931031183e+00 1.013049954403939523e+02 6.744958998743962297e+01 5.216023094181127107e+01
3.024999999999999911e+00 1.529942253404009023e+00 1.016379032760177665e+02 6.768322772221850414e+01 5.209653754329768560e+01
3.030000000000000249e+00 1.531211992091669805e+00 1.019718367323528838e+02 6.791754030056485192e+01 5.203271493696369276e+01
3.035000000000000142e+00 1.532481463710112957e+00 1.023067955728976131e+02 6.815252254255939590e+01 5.196879009402980643e+01
3.040000000000000036e+00 1.533750672165198337e+00 1.026427798800057900e+02 6.838818128511444172e+01 5.190481135159852499e+01
3.044999999999999929e+00 1.535019621553841640e+00 1.029797856843405697e+02 6.862450666408069822e+01 5.184079801024765288e+01
3.050000000000000266e+00 1.536288316165307810e+00 1.033178128439239742e+02 6.886150456182903667e+01 5.177678990503535061e+01
3.055000000000000160e+00 1.537556760482504448e+00 1.036568671893519848e+02 6.909917933106675036e+01 5.171282854767326143e+01
3.060000000000000053e+00 1.538824959183287211e+00 1.039969457242758750e+02 6.933753463424287133e+01 5.164895620237437157e+01
3.064999999999999947e+00 1.540092917141751672e+00 1.043380440661745467e+02 6.957656145971375850e+01 5.158520372054938719e+01
3.070000000000000284e+00 1.541360639429545376e+00 1.046801642786386708e+02 6.981626448794375506e+01 5.152160428259117708e+01
3.075000000000000178e+00 1.542628131317168361e+00 1.050233038581686742e+02 7.005664022477293429e+01 5.145819634724218616e+01
3.080000000000000071e+00 1.543895398275281439e+00 1.053674670805046816e+02 7.029770241627097960e+01 5.139503833448186043e+01
3.084999999999999964e+00 1.545162445976019150e+00 1.057126438156531236e+02 7.053943341829929636e+01 5.133214531092009736e+01
3.089999999999999858e+00 1.546429280294300046e+00 1.060588433575296108e+02 7.078185019450997117e+01 5.126957126138889720e+01
3.095000000000000195e+00 1.547695907309144969e+00 1.064060532337744149e+02 7.102493574054454939e+01 5.120734595559170543e+01
3.100000000000000089e+00 1.548962333304992001e+00 1.067542848509190918e+02 7.126871045674022298e+01 5.114552646223222609e+01
3.104999999999999982e+00 1.550228564773019402e+00 1.071035255882061250e+02 7.151315738450657022e+01 5.108413835286766158e+01
3.109999999999999876e+00 1.551494608412467890e+00 1.074537798180941905e+02 7.175828458592964409e+01 5.102322858920645388e+01
3.115000000000000213e+00 1.552760471131968911e+00 1.078050415775863087e+02 7.200408695450425967e+01 5.096283078706224501e+01
3.120000000000000107e+00 1.554026160050869576e+00 1.081573137550109891e+02 7.225056953446591024e+01 5.090299837846757214e+01
3.125000000000000000e+00 1.555291682500568706e+00 1.085105932453566453e+02 7.249773363438315243e+01 5.084377224421974262e+01
3.129999999999999893e+00 1.556557046025848434e+00 1.088648771131214801e+02 7.274557303354905002e+01 5.078518994157154509e+01
3.135000000000000231e+00 1.557822258386214909e+00 1.092201608619504469e+02 7.299408870777119773e+01 5.072729829896017151e+01
3.140000000000000124e+00 1.559087327557234559e+00 1.095764459570644931e+02 7.324328205120278312e+01 5.067013701005433290e+01
3.145000000000000018e+00 1.560352261731882795e+00 1.099337301154436517e+02 7.349315396428738723e+01 5.061375653893095006e+01
3.149999999999999911e+00 1.561617069321888263e+00 1.102920087907840809e+02 7.374369959666717023e+01 5.055818804705666736e+01
3.155000000000000249e+00 1.562881758959084433e+00 1.106512778702092703e+02 7.399491770144932445e+01 5.050348516174360469e+01
3.160000000000000142e+00 1.564146339496760740e+00 1.110115373203369273e+02 7.424681537065177395e+01 5.044969955719444954e+01
3.165000000000000036e+00 1.565410820011023496e+00 1.113727867419974871e+02 7.449938507143934885e+01 5.039686517262886412e+01
3.169999999999999929e+00 1.566675209802153468e+00 1.117350190500636131e+02 7.475262825211359541e+01 5.034502891298740934e+01
3.175000000000000266e+00 1.567939518395971676e+00 1.120982341031780010e+02 7.500654351690076282e+01 5.029423772234554946e+01
3.180000000000000160e+00 1.569203755545205192e+00 1.124624262179536061e+02 7.526112766619550598e+01 5.024453537764517108e+01
3.185000000000000053e+00 1.570467931230861369e+00 1.128275975644434368e+02 7.551638814642925013e+01 5.019598010688614664e+01
3.189999999999999947e+00 1.571732055663601191e+00 1.131937401404614576e+02 7.577231780819721507e+01 5.014860944461182868e+01
3.195000000000000284e+00 1.572996139285118833e+00 1.135608472386063141e+02 7.602890731333016561e+01 5.010245858443708755e+01
3.200000000000000178e+00 1.574260192769525224e+00 1.139289258173617014e+02 7.628617112015837165e+01 5.005759355660038779e+01
3.205000000000000071e+00 1.575524227024737378e+00 1.142979676977602139e+02 7.654410251923229680e+01 5.001405210527904899e+01
3.209999999999999964e+00 1.576788253193867284e+00 1.146679648216165646e+02 7.680269158554320086e+01 4.997188253732304020e+01
3.214999999999999858e+00 1.578052282656617233e+00 1.150389168502730115e+02 7.706194665407902278e+01 4.993113864157923132e+01
3.220000000000000195e+00 1.579316327030685141e+00 1.154108224726794134e+02 7.732186145702708302e+01 4.989185636669188995e+01
3.225000000000000089e+00 1.580580398173165202e+00 1.157836770474154093e+02 7.758243887949909379e+01 4.985409326764827398e+01
3.229999999999999982e+00 1.581844508181959430e+00 1.161574726832910329e+02 7.784367582316295398e+01 4.981790050529460245e+01
3.234999999999999876e+00 1.583108669397191415e+00 1.165322168343217299e+02 7.810557536051771876e+01 4.978332292107575796e+01
3.240000000000000213e+00 1.584372894402625409e+00 1.169078901174911209e+02 7.836812107287991580e+01 4.975039871657195789e+01
3.245000000000000107e+00 1.585637196027092743e+00 1.172845005581860249e+02 7.863132808828493125e+01 4.971919552316318658e+01
3.250000000000000000e+00 1.586901587345919129e+00 1.176620361979981482e+02 7.889518483319261577e+01 4.968975616990021393e+01
3.254999999999999893e+00 1.588166081682362174e+00 1.180404976596019395e+02 7.915968942262010444e+01 4.966211735298968222e+01
3.260000000000000231e+00 1.589430692609048013e+00 1.184198785361875821e+02 7.942484314913841104e+01 4.963633995862640091e+01
3.265000000000000124e+00 1.590695433949419924e+00 1.188001761179334181e+02 7.969064648753793279e+01 4.961248125713277091e+01
3.270000000000000018e+00 1.591960319779189614e+00 1.191813891471627898e+02 7.995709932992855329e+01 4.959058453304572112e+01
3.274999999999999911e+00 1.593225364427793389e+00 1.195635041062678567e+02 8.022418542537792518e+01 4.957068704846896878e+01
3.280000000000000249e+00 1.594490582479856755e+00 1.199465250607692610e+02 8.049191981980598598e+01 4.955286127059596168e+01
3.285000000000000142e+00 1.595755988776664358e+00 1.203304439419291754e+02 8.076029252735565933e+01 4.953714313542401726e+01
3.290000000000000036e+00 1.597021598417631694e+00 1.207152600044023956e+02 8.102930510209935733e+01 4.952358893647986093e+01
3.294999999999999929e+00 1.598287426761794583e+00 1.211009605544485623e+02 8.129894637702614091e+01 4.951224274520257040e+01
3.300000000000000266e+00 1.599553489429289543e+00 1.214875470682070784e+02 8.156922132172627471e+01 4.950315509139991832e+01
3.305000000000000160e+00 1.600819802302856587e+00 1.218750191897434263e+02 8.184013164814535912e+01 4.949639009177640503e+01
3.310000000000000053e+00 1.602086381529337800e+00 1.222633633408445064e+02 8.211167114305641235e+01 4.949198827636954690e+01
3.314999999999999947e+00 1.603353243521186133e+00 1.226525790832935314e+02 8.238383693672250274e+01 4.949000464520598541e+01
3.320000000000000284e+00 1.604620404957985969e+00 1.230426638054909887e+02 8.265662828010269436e+01 4.949048779732538605e+01
3.325000000000000178e+00 1.605887882787973897e+00 1.234336093713428966e+02 8.293004155621954965e+01 4.949348513039210928e+01
3.330000000000000071e+00 1.607155694229572163e+00 1.238254077970221090e+02 8.320406749549030678e+01 4.949905175134531277e+01
3.334999999999999964e+00 1.608423856772927873e+00 1.242180605354912188e+02 8.347871638715690779e+01 4.950723875675295460e+01
3.339999999999999858e+00 1.609692388181460876e+00 1.246115652906581488e+02 8.375398437474194679e+01 4.951810168306869997e+01
3.345000000000000195e+00 1.610961306493419842e+00 1.250059081279199091e+02 8.402986133867257479e+01 4.953168925874508943e+01
3.350000000000000089e+00 1.612230630023444355e+00 1.254010871768625890e+02 8.430634568181162081e+01 4.954804398447220848e+01
3.354999999999999982e+00 1.613500377364142535e+00 1.257971020867768601e+02 8.458344054467144701e+01 4.956722710074839711e+01
3.359999999999999876e+00 1.614770567387667999e+00 1.261939414686386272e+02 8.486113880373989105e+01 4.958928593252047534e+01
3.365000000000000213e+00 1.616041219247312144e+00 1.265916086577239810e+02 8.513944750762217950e+01 4.961427650414509571e+01
3.370000000000000107e+00 1.617312352379102647e+00 1.269900895924575082e+02 8.541834882522078942e+01 4.964224330947772046e+01
3.375000000000000000e+00 1.618583986503417060e+00 1.273893855011239395e+02 8.569785453911558193e+01 4.967325053401640389e+01
3.379999999999999893e+00 1.619856141626595081e+00 1.277894890524924705e+02 8.597795256956801779e+01 4.970733266358389102e+01
3.385000000000000231e+00 1.621128838042573905e+00 1.281903985534456183e+02 8.625865006795643808e+01 4.974455116764317353e+01
3.390000000000000124e+00 1.622402096334521149e+00 1.285921003413062920e+02 8.653992872552026938e+01 4.978495250124004912e+01
3.395000000000000018e+00 1.623675937376488410e+00 1.289945961273212731e+02 8.682179674208376241e+01 4.982858873051917215e+01
3.399999999999999911e+00 1.624950382335069499e+00 1.293978836679092694e+02 8.710425642210628894e+01 4.987551639743477239e+01
3.405000000000000249e+00 1.626225452671069327e+00 1.298019864441957623e+02 8.738730166117294118e+01 4.992576626103695503e+01
3.410000000000000142e+00 1.627501170141188780e+00 1.302068340117072580e+02 8.767092071964979993e+01 4.997941629826433285e+01
3.415000000000000036e+00 1.628777556799715365e+00 1.306124555928157633e+02 8.795511818971705509e+01 5.003651203775966394e+01
3.419999999999999929e+00 1.630054635000228513e+00 1.310188447769544098e+02 8.823989144758979819e+01 5.009710003717095361e+01
3.425000000000000266e+00 1.631332427397314877e+00 1.314259982850144866e+02 8.852523516318939301e+01 5.016122680119656962e+01
3.430000000000000160e+00 1.632610956948298497e+00 1.318339104215618249e+02 8.881115354728700595e+01 5.022895133705547011e+01
3.435000000000000053e+00 1.633890246914980304e+00 1.322425768255137939e+02 8.909764019104140687e+01 5.030032004813006807e+01
3.439999999999999947e+00 1.635170320865392934e+00 1.326519933419247366e+02 8.938468798090980272e+01 5.037537742942662078e+01
3.445000000000000284e+00 1.636451202675564431e+00 1.330621482261041706e+02 8.967229642685776980e+01 5.045418030127722631e+01
3.450000000000000178e+00 1.637732916531301264e+00 1.334730458953235086e+02 8.996046720522559781e+01 5.053677529116123424e+01
3.455000000000000071e+00 1.639015486929979559e+00 1.338846800637691103e+02 9.024919591981411315e+01 5.062321609370186337e+01
3.459999999999999964e+00 1.640298938682350771e+00 1.342970424295583314e+02 9.053848347055560453e+01 5.071355764644225417e+01
3.464999999999999858e+00 1.641583296914366441e+00 1.347101248170401959e+02 9.082831282410455742e+01 5.080783540327781367e+01
3.470000000000000195e+00 1.642868587069010289e+00 1.351239290359924610e+02 9.111869683139272524e+01 5.090611398257911446e+01
3.475000000000000089e+00 1.644154834908149621e+00 1.355384550828792669e+02 9.140963635364292372e+01 5.100843392273062449e+01
3.479999999999999982e+00 1.645442066514400281e+00 1.359536859839154204e+02 9.170110963268946591e+01 5.111484297512991049e+01
3.484999999999999876e+00 1.646730308293007594e+00 1.363696239781694430e+02 9.199312961865632587e+01 5.122539967668507188e+01
3.490000000000000213e+00 1.648019586973742623e+00 1.367862607147800986e+02 9.228568709183188901e+01 5.134014838121233737e+01
3.495000000000000107e+00 1.649309929612814640e+00 1.372035974554610789e+02 9.257878125175440687e+01 5.145913330783744044e+01
3.500000000000000000e+00 1.650601363594798476e+00 1.376216244032011673e+02 9.287240837201161980e+01 5.158240555655201831e+01
3.504999999999999893e+00 1.651893916634581849e+00 1.380398483436821380e+02 9.316593689916044241e+01 5.170464994643846524e+01
3.510000000000000231e+00 1.653187616779326907e+00 1.384587544896741917e+02 9.345999403544357165e+01 5.183123917551569804e+01
3.515000000000000124e+00 1.654482492410449757e+00 1.388783373779324961e+02 9.375457521507885872e+01 5.196222446509106874e+01
3.520000000000000018e+00 1.655778572245619973e+00 1.392986004880122550e+02 9.404968859273756721e+01 5.209765640673101927e+01
3.524999999999999911e+00 1.657075885340773880e+00 1.397195278904623024e+02 9.434531596672076148e+01 5.223757791290771024e+01
3.530000000000000249e+00 1.658374461092151142e+00 1.401411210357682648e+02 9.464146257140404828e+01 5.238203851575773484e+01
3.535000000000000142e+00 1.659674329238346902e+00 1.405633778487093082e+02 9.493813224489308311e+01 5.253108555480818609e+01
3.540000000000000036e+00 1.660975519862385452e+00 1.409862915515366808e+02 9.523531553586130372e+01 5.268477033355820538e+01
3.544999999999999929e+00 1.662278063393811456e+00 1.414098616767757903e+02 9.553301184307545668e+01 5.284312439970727127e+01
3.550000000000000266e+00 1.663581990610803807e+00 1.418340793793356625e+02 9.583122003299600067e+01 5.300620633299856621e+01
3.555000000000000160e+00 1.664887332642308815e+00 1.422589399660101037e+02 9.612993393894726069e+01 5.317406031823013279e+01
3.560000000000000053e+00 1.666194120970192039e+00 1.426844463760470205e+02 9.642915406659739119e+01 5.334672698470870955e+01
3.564999999999999947e+00 1.667502387431416100e+00 1.431106117538799651e+02 9.672888822200805237e+01 5.352428317116140732e+01
3.570000000000000284e+00 1.668812164220237593e+00 1.435373911241804308e+02 9.702911723892424334e+01 5.370672154625852812e+01
3.575000000000000178e+00 1.670123483890425531e+00 1.439647961684816835e+02 9.732984177204392040e+01 5.389411429806262532e+01
3.580000000000000071e+00 1.671436379357503110e+00 1.443928368752126801e+02 9.763107513136465343e+01 5.408650462918128454e+01
3.584999999999999964e+00 1.672750883901015451e+00 1.448214951061405884e+02 9.793279791113189958e+01 5.428393751661837996e+01
3.589999999999999858e+00 1.674067031166816655e+00 1.452507794704875721e+02 9.823502097576077574e+01 5.448645463154527846e+01
3.595000000000000195e+00 1.675384855169382847e+00 1.456806767992462994e+02 9.853772963522223449e+01 5.469409550741223569e+01
3.600000000000000089e+00 1.676704390294149860e+00 1.461111844863644933e+02 9.884092519429631807e+01 5.490691349071858696e+01
3.604999999999999982e+00 1.678025671299876453e+00 1.465423086070553609e+02 9.914461758678214665e+01 5.512494421345962792e+01
3.609999999999999876e+00 1.679348733321033071e+00 1.469740392982946275e+02 9.944879812976253675e+01 5.534824436540743164e+01
3.615000000000000213e+00 1.680673611870211692e+00 1.474063769924287044e+02 9.975346393531407330e+01 5.557684235777400517e+01
3.620000000000000107e+00 1.682000342840573426e+00 1.478393111193049094e+02 1.000586060464303841e+02 5.581077675946992400e+01
3.625000000000000000e+00 1.683328962508309878e+00 1.482728470219384747e+02 1.003642360906625868e+02 5.605010915948336958e+01
3.629999999999999893e+00 1.684659507535143819e+00 1.487069828967266005e+02 1.006703521120727487e+02 5.629486469954548511e+01
3.635000000000000231e+00 1.685992014970846498e+00 1.491417106834720698e+02 1.009769430146379818e+02 5.654509435648769511e+01
3.640000000000000124e+00 1.687326522255794936e+00 1.495770286760370880e+02 1.012840111758020214e+02 5.680082703267463273e+01
3.645000000000000018e+00 1.688663067223552527e+00 1.500129348415576658e+02 1.015915546035359682e+02 5.706212271278317871e+01
3.649999999999999911e+00 1.690001688103477839e+00 1.504494297438384933e+02 1.018995769765488006e+02 5.732900991996079654e+01
3.655000000000000249e+00 1.691342423523365834e+00 1.508865043154425507e+02 1.022080633752703136e+02 5.760152182861900627e+01
3.660000000000000142e+00 1.692685312512123508e+00 1.513241668673649940e+02 1.025170332302398890e+02 5.787971357550337359e+01
3.665000000000000036e+00 1.694030394502469727e+00 1.517624087308985850e+02 1.028264709421957832e+02 5.816361750399155994e+01
3.669999999999999929e+00 1.695377709333675487e+00 1.522012280343336386e+02 1.031363819675856917e+02 5.845328646333037170e+01
3.675000000000000266e+00 1.696727297254325917e+00 1.526406239939747707e+02 1.034467566584124825e+02 5.874873524184184248e+01
3.680000000000000160e+00 1.698079198925130706e+00 1.530805982254503874e+02 1.037576063469194878e+02 5.905001849843178974e+01
3.685000000000000053e+00 1.699433455421752726e+00 1.535211403163977195e+02 1.040689157250766499e+02 5.935717154325239875e+01
3.689999999999999947e+00 1.700790108237682396e+00 1.539622574557088797e+02 1.043806956452316257e+02 5.967023985872118885e+01
3.695000000000000284e+00 1.702149199287140036e+00 1.544039498584512557e+02 1.046929458170982059e+02 5.998925180366919108e+01
3.700000000000000178e+00 1.703510770908022831e+00 1.548462016693773364e+02 1.050056526185242802e+02 6.031424550161831633e+01
3.705000000000000071e+00 1.704874865864877798e+00 1.552890271018356714e+02 1.053188274336740449e+02 6.064527233569489084e+01
3.709999999999999964e+00 1.706241527351919807e+00 1.557324196715115363e+02 1.056324665494450556e+02 6.098234808226247594e+01
3.714999999999999858e+00 1.707610798996081591e+00 1.561763816243584699e+02 1.059465721912563225e+02 6.132552715633854490e+01
3.720000000000000195e+00 1.708982724860113711e+00 1.566209063883146086e+02 1.062611372612792877e+02 6.167483859757309261e+01
3.725000000000000089e+00 1.710357349445704500e+00 1.570659971419289889e+02 1.065761676164501921e+02 6.203032236917385944e+01
3.729999999999999982e+00 1.711734717696661745e+00 1.575116523895603677e+02 1.068916586179948922e+02 6.239201653113498480e+01
3.734999999999999876e+00 1.713114875002117454e+00 1.579578703085409472e+02 1.072076099900783532e+02 6.275994502646496898e+01
3.740000000000000213e+00 1.714497867199787251e+00 1.584046536606126949e+02 1.075240241833648724e+02 6.313415080992908912e+01
3.745000000000000107e+00 1.715883740579261962e+00 1.588520030030188366e+02 1.078409018005703786e+02 6.351467495816377351e+01
3.750000000000000000e+00 1.717272541885350057e+00 1.592999089000466881e+02 1.081582343049908417e+02 6.390155018085832239e+01
3.754999999999999893e+00 1.718664318321458495e+00 1.597483829189085895e+02 1.084760343634384014e+02 6.429480647112789882e+01
3.760000000000000231e+00 1.720059117553022654e+00 1.601974211940044484e+02 1.087942949315150543e+02 6.469448180948121774e+01
3.765000000000000124e+00 1.721456987710977105e+00 1.606470237467509037e+02 1.091130208281611829e+02 6.510061252698170620e+01
3.770000000000000018e+00 1.722857977395276574e+00 1.610971901075747894e+02 1.094322044068499906e+02 6.551322780653983102e+01
3.774999999999999911e+00 1.724262135678464647e+00 1.615479238546079728e+02 1.097518557390368414e+02 6.593236436934793687e+01
3.780000000000000249e+00 1.725669512109285098e+00 1.619992223683781845e+02 1.100719585497242861e+02 6.635806781223591599e+01
3.785000000000000142e+00 1.727080156716347847e+00 1.624510855445853394e+02 1.103925294177950462e+02 6.679034466564341699e+01
3.790000000000000036e+00 1.728494120011841551e+00 1.629035243610589418e+02 1.107135762054714547e+02 6.722925072953084680e+01
3.794999999999999929e+00 1.729911452995299248e+00 1.633565220367804329e+02 1.110350745103343684e+02 6.767480225860923326e+01
3.800000000000000266e+00 1.731332207157411762e+00 1.638100959261832088e+02 1.113570459204891847e+02 6.812704314730385136e+01
3.805000000000000160e+00 1.732756434483898600e+00 1.642642381729440331e+02 1.116794800446665477e+02 6.858600766803236581e+01
3.810000000000000053e+00 1.734184187459427706e+00 1.647189565231592212e+02 1.120023826581281980e+02 6.905171382541691116e+01
3.814999999999999947e+00 1.735615519071593615e+00 1.651742452264337544e+02 1.123257545050809370e+02 6.952421293171349248e+01
3.820000000000000284e+00 1.737050482814948671e+00 1.656301128013700463e+02 1.126495933211771785e+02 7.000352859707470543e+01
3.825000000000000178e+00 1.738489132695088868e+00 1.660865586562943577e+02 1.129739065566619871e+02 7.048969322223288714e+01
3.830000000000000071e+00 1.739931523232801869e+00 1.665435814424363059e+02 1.132986847217750039e+02 7.098272535212998946e+01
3.834999999999999964e+00 1.741377709468272084e+00 1.670011968470309967e+02 1.136239487732740372e+02 7.148268026846197642e+01
3.839999999999999858e+00 1.742827746965340152e+00 1.674593886465958974e+02 1.139496755109996826e+02 7.198956638180381162e+01
3.845000000000000195e+00 1.744281691815829705e+00 1.679181671638820887e+02 1.142758803452173026e+02 7.250342749717658819e+01
3.850000000000000089e+00 1.745739600643932299e+00 1.683775392976001228e+02 1.146025664724022306e+02 7.302429447253868489e+01
3.854999999999999982e+00 1.747201530610656750e+00 1.688375022187458967e+02 1.149297311446803747e+02 7.355219878643728748e+01
3.859999999999999876e+00 1.748667539418339745e+00 1.692980612678649948e+02 1.152573749507041612e+02 7.408716421833321419e+01
3.865000000000000213e+00 1.750137685315223512e+00 1.697592219540560166e+02 1.155855072164985131e+02 7.462921679594587943e+01
3.870000000000000107e+00 1.751612027100100555e+00 1.702209790916331826e+02 1.159141181618317944e+02 7.517839949073177763e+01
3.875000000000000000e+00 1.753090624127023878e+00 1.706833421966468052e+02 1.162432174499013087e+02 7.573473672089150455e+01
3.879999999999999893e+00 1.754573536310083837e+00 1.711463135217273646e+02 1.165728043972277703e+02 7.629825873257316005e+01
3.885000000000000231e+00 1.756060824128258258e+00 1.716098983549103423e+02 1.169028874612186542e+02 7.686899941675594050e+01
3.890000000000000124e+00 1.757552548630337386e+00 1.720740955433375632e+02 1.172334577297916383e+02 7.744697306307492113e+01
3.895000000000000018e+00 1.759048771439909009e+00 1.725389130704257354e+02 1.175645283249118336e+02 7.803222425121322203e+01
3.899999999999999911e+00 1.760549554760425739e+00 1.730043539710609650e+02 1.178960947933535124e+02 7.862477514851558169e+01
3.905000000000000249e+00 1.762054961380348228e+00 1.734704260156785551e+02 1.182281674414865904e+02 7.922466315344897225e+01
3.910000000000000142e+00 1.763565054678360111e+00 1.739371258067638166e+02 1.185607413906404020e+02 7.983191214679524705e+01
3.915000000000000036e+00 1.765079898628665322e+00 1.744044639681426077e+02 1.188938225898926362e+02 8.044654756061140688e+01
3.919999999999999929e+00 1.766599557806353804e+00 1.748724427462153983e+02 1.192274106637437683e+02 8.106860345182549565e+01
3.925000000000000266e+00 1.768124097392861804e+00 1.753410630051114651e+02 1.195615081158517228e+02 8.169810589798855460e+01
3.930000000000000160e+00 1.769653583181507006e+00 1.758103331914313969e+02 1.198961255765549367e+02 8.233508332480747072e+01
3.935000000000000053e+00 1.771188081583099816e+00 1.762802648304187869e+02 1.202312652874979904e+02 8.297957817982401707e+01
3.939999999999999947e+00 1.772727659631656794e+00 1.767508535739869444e+02 1.205669230838426955e+02 8.363159559839888857e+01
3.945000000000000284e+00 1.774272384990179141e+00 1.772221081772510445e+02 1.209031040803016879e+02 8.429118422708464209e+01
3.950000000000000178e+00 1.775822325956536885e+00 1.776940310659441309e+02 1.212398150128324232e+02 8.495835635338268332e+01
3.955000000000000071e+00 1.777377551469432548e+00 1.781666273924417112e+02 1.215770523408870361e+02 8.563315211922321168e+01
3.959999999999999964e+00 1.778938131114458976e+00 1.786399083608430942e+02 1.219148282809174759e+02 8.631559562400583729e+01
3.965000000000000302e+00 1.780504135130244192e+00 1.791138887925916379e+02 1.222531444373557292e+02 8.700568290743896682e+01
3.970000000000000195e+00 1.782075634414699072e+00 1.795885541501783678e+02 1.225920061422061167e+02 8.770351481430429885e+01
3.975000000000000089e+00 1.783652700531359159e+00 1.800639199090527711e+02 1.229314147236704855e+02 8.840907436543164977e+01
3.979999999999999982e+00 1.785235405715812629e+00 1.805399863336566568e+02 1.232713697620012567e+02 8.912240152732921672e+01
3.984999999999999876e+00 1.786823822882243729e+00 1.810167758398375497e+02 1.236118882346510759e+02 8.984352892637373600e+01
3.990000000000000213e+00 1.788418025630066133e+00 1.814942740745191543e+02 1.239529572392064978e+02 9.057246663249523522e+01
3.995000000000000107e+00 1.790018088250662442e+00 1.819725015774571943e+02 1.242945941638750469e+02 9.130926164358153585e+01
4.000000000000000000e+00 1.791624085734228267e+00 1.824514634073332218e+02 1.246367999950471130e+02 9.205393443394336828e+01
