% raindrop T-matrix calculations using the code of Leinonen, J., "Python code for T-matrix scattering calculations". Available at https://github.com/jleinonen/pytmatrix/. 
% 
% refractive index calculations after Ray, P., 1972:  Broadband Complex Refractive Indices of Ice and Water, Appl. Opt. 11, 1836-1844 
% 
% raindrop aspect ratio estimated with the methodology of Brandes, Edward & Zhang, Guifu & Vivekanandan, Jothiram. (2005). Corrigendum. Journal of Applied Meteorology. 44. 186-. 10.1175/1520-0450(2005)44<186:C>2.0.CO;2. 
% 
% wave length: 31.228381 mm 
% temperature: 278.15 K 
% refractive index: 7.519094944000244141e+00 + 2.671809434890747070e+00 i 
% 
%r_eqv[mm]               axial ratio              ext[mm2]                 sca[mm2]                 back[mm2]
5.000000000000000104e-03 9.999900000999989436e-01 8.951060433131125900e-09 1.994253299835415966e-16 2.991369219479756759e-16
1.000000000000000021e-02 9.999900000999989436e-01 7.161908412335208587e-08 1.276326449879678500e-14 1.914461915160039133e-14
1.499999999999999944e-02 9.999900000999989436e-01 2.417740787429897694e-07 1.453823970856708990e-13 2.180664672999334838e-13
2.000000000000000042e-02 9.999900000999989436e-01 5.732923007814425265e-07 8.168603118434822308e-13 1.225219215814016177e-12
2.500000000000000139e-02 9.999900000999989436e-01 1.120209552983541213e-06 3.116107321337247689e-12 4.673736147275891521e-12
2.999999999999999889e-02 9.999900000999989436e-01 1.936774704493477969e-06 9.304763967442825315e-12 1.395531889155168626e-11
3.500000000000000333e-02 9.999900000999989436e-01 3.077504046430563611e-06 2.346349218413860685e-11 3.518896662112722814e-11
4.000000000000000083e-02 9.999900000999989436e-01 4.597234273051697731e-06 5.228195772449879096e-11 7.840468255110401364e-11
4.499999999999999833e-02 9.999900000999989436e-01 6.551177668936239857e-06 1.059926003837946553e-10 1.589420610141643726e-10
5.000000000000000278e-02 9.999900000999989436e-01 8.994976851513235316e-06 1.994481303420264265e-10 2.990633770752580071e-10
5.500000000000000028e-02 9.999900000999989436e-01 1.198475824738557348e-05 3.533431332724470926e-10 5.297814230387258618e-10
5.999999999999999778e-02 9.999900000999989436e-01 1.557719001330991983e-05 5.955792188063848534e-10 8.929008700483857605e-10
6.500000000000000222e-02 9.999900000999989436e-01 1.982953265321830857e-05 9.627749926965338068e-10 1.443274657418586027e-09
7.000000000000000666e-02 9.999900000999989436e-01 2.479970320107493614e-05 1.501918714151582025e-09 2.251271739762935536e-09
7.499999999999999722e-02 9.999900000999989436e-01 3.054632282737658830e-05 2.272167368918320823e-09 3.405461281439340442e-09
8.000000000000000167e-02 9.999900000999989436e-01 3.712877885344667648e-05 3.346788725797901507e-09 5.015507598168188932e-09
8.500000000000000611e-02 9.999900000999989436e-01 4.460728033642601061e-05 4.815246521544904654e-09 7.215275469583142548e-09
8.999999999999999667e-02 9.999900000999989436e-01 5.304291839284883521e-05 6.785433456260122801e-09 1.016615220574455302e-08
9.500000000000000111e-02 9.999900000999989436e-01 6.249771558876437256e-05 9.386049343093404674e-09 1.406058179211025372e-08
1.000000000000000056e-01 9.999900000999989436e-01 7.303469028911168423e-05 1.276911523147130605e-08 1.912579663115429202e-08
1.049999999999999961e-01 9.999900000999989436e-01 8.471793158155101785e-05 1.711264901299703209e-08 2.562778433539368727e-08
1.100000000000000006e-01 9.999900000999989436e-01 9.761263150294886457e-05 2.262347082078621302e-08 3.387544126285804265e-08
1.150000000000000050e-01 9.999900000999989436e-01 1.117851533929937021e-04 2.954016136155472994e-08 4.422494660310439574e-08
1.199999999999999956e-01 9.999900000999989436e-01 1.273031092458472291e-04 3.813616026191323100e-08 5.708433674061475663e-08
1.250000000000000000e-01 9.999900000999989436e-01 1.442353889398874487e-04 4.872302404740090338e-08 7.291830838290375557e-08
1.300000000000000044e-01 9.999900000999989436e-01 1.626522757525068210e-04 6.165382946248196696e-08 9.225322793241307608e-08
1.350000000000000089e-01 9.999900000999989436e-01 1.826254343370756173e-04 7.732666177977972500e-08 1.156822557462551659e-07
1.400000000000000133e-01 9.999900000999989436e-01 2.042280576345508966e-04 9.618838556479210075e-08 1.438708799839938498e-07
1.449999999999999900e-01 9.999900000999989436e-01 2.275348499356885548e-04 1.187384266927735148e-07 1.775624526229636000e-07
1.499999999999999944e-01 9.999900000999989436e-01 2.526221759336431233e-04 1.455327161233666024e-07 2.175839518973261429e-07
1.549999999999999989e-01 9.999900000999989436e-01 2.795680147630554739e-04 1.771879228573179056e-07 2.648521608116773085e-07
1.600000000000000033e-01 9.999900000999989436e-01 3.084521692903167576e-04 2.143856375518852481e-07 3.203797533163204488e-07
1.650000000000000078e-01 9.999900000999989436e-01 3.393562018005389204e-04 2.578768765164468145e-07 3.852818410142047699e-07
1.700000000000000122e-01 9.999900000999989436e-01 3.723635966622276133e-04 3.084865003948180321e-07 4.607823706193364043e-07
1.750000000000000167e-01 9.999900000999989436e-01 4.075597357139185985e-04 3.671182107307056639e-07 5.482213644075215199e-07
1.799999999999999933e-01 9.999900000999989436e-01 4.450320737948276610e-04 4.347590940415022907e-07 6.490614597283976335e-07
1.849999999999999978e-01 9.999900000999989436e-01 4.848701675261909831e-04 5.124849460037359336e-07 7.648955909259350893e-07
1.900000000000000022e-01 1.000338260324268314e+00 5.272888568167188091e-04 6.016201614795203449e-07 8.976866583173326221e-07
1.950000000000000067e-01 1.000344839311130496e+00 5.721479820606203883e-04 7.031528989585064243e-07 1.048889298148614219e-06
2.000000000000000111e-01 1.000357515291503407e+00 6.196581360327031501e-04 8.185897379987019509e-07 1.220732356338693823e-06
2.050000000000000155e-01 1.000376259251188893e+00 6.699184483375692509e-04 9.494165694721267769e-07 1.415409240030504716e-06
2.099999999999999922e-01 1.000401042453005207e+00 7.230306424330316256e-04 1.097235006320634780e-06 1.635282216190292418e-06
2.149999999999999967e-01 1.000431836433301802e+00 7.790991304600389331e-04 1.263769650681740920e-06 1.882892816573929400e-06
2.200000000000000011e-01 1.000468612998516083e+00 8.382307985097441419e-04 1.450873348892604421e-06 2.160969190213393414e-06
2.250000000000000056e-01 1.000511344221778787e+00 9.005354232501003829e-04 1.660533791534803363e-06 2.472435437698896143e-06
2.300000000000000100e-01 1.000560002439564444e+00 9.661255496860268093e-04 1.894880603605289640e-06 2.820421625789813031e-06
2.350000000000000144e-01 1.000614560248383578e+00 1.035116585777435877e-03 2.156190342174319496e-06 3.208270644731647235e-06
2.399999999999999911e-01 1.000674990501522643e+00 1.107627127767610428e-03 2.446896343590748937e-06 3.639552260177110667e-06
2.449999999999999956e-01 1.000741266305821942e+00 1.183778631702786781e-03 2.769590914213257902e-06 4.118065669751312601e-06
2.500000000000000000e-01 1.000813361018499714e+00 1.263695800719083278e-03 3.127038347747225110e-06 4.647858218413912660e-06
2.550000000000000044e-01 1.000891248244015541e+00 1.347506588666869858e-03 3.522177429787981723e-06 5.233228309665728321e-06
2.600000000000000089e-01 1.000974901830975039e+00 1.435342336617573267e-03 3.958130770319613352e-06 5.878738505899562921e-06
2.650000000000000133e-01 1.001064295869075416e+00 1.527337804024381717e-03 4.438213144048310900e-06 6.589227069646032232e-06
2.700000000000000178e-01 1.001159404686088994e+00 1.623631093213449925e-03 4.965938105618774315e-06 7.369816872059861878e-06
2.750000000000000222e-01 1.001260202844886926e+00 1.724364131828038651e-03 5.545025907936578218e-06 8.225926206647707323e-06
2.800000000000000266e-01 1.001366665140501100e+00 1.829682635442516324e-03 6.179413723308552492e-06 9.163282924455051827e-06
2.850000000000000311e-01 1.001478766597222014e+00 1.939735755881338798e-03 6.873260431980184879e-06 1.018793047992474952e-05
2.899999999999999800e-01 1.001596482465736404e+00 2.054676815455699565e-03 7.630958799668662650e-06 1.130624486181712533e-05
2.949999999999999845e-01 1.001719788220298835e+00 2.174663243384012453e-03 8.457140993096198207e-06 1.252494156198025474e-05
2.999999999999999889e-01 1.001848659555939935e+00 2.299855975971410848e-03 9.356692756917304608e-06 1.385109532884742452e-05
3.049999999999999933e-01 1.001983072385710605e+00 2.430421124849702942e-03 1.033475242953422098e-05 1.529213733702481796e-05
3.099999999999999978e-01 1.002123002837959964e+00 2.566528005488875625e-03 1.139673112935893638e-05 1.685588375180613468e-05
3.150000000000000022e-01 1.002268427253648841e+00 2.708351297032092833e-03 1.254831677822433781e-05 1.855054015090024848e-05
3.200000000000000067e-01 1.002419322183694117e+00 2.856069422775381252e-03 1.379548342063598949e-05 2.038471380485807946e-05
3.250000000000000111e-01 1.002575664386349930e+00 3.009865870166835312e-03 1.514450563714730287e-05 2.236743336833250644e-05
3.300000000000000155e-01 1.002737430824617970e+00 3.169928889853412986e-03 1.660195685937914796e-05 2.450814450007948058e-05
3.350000000000000200e-01 1.002904598663692415e+00 3.336451322846612118e-03 1.817473577974210855e-05 2.681674742213092642e-05
3.400000000000000244e-01 1.003077145268434833e+00 3.509630948734259685e-03 1.987006229963358939e-05 2.930358881706809519e-05
3.450000000000000289e-01 1.003255048200880628e+00 3.689670680467582384e-03 2.169550107115135571e-05 3.197949471099178988e-05
3.500000000000000333e-01 1.003438285217776782e+00 3.876778738247927628e-03 2.365896154834121689e-05 3.485576845440132611e-05
3.549999999999999822e-01 1.003626834268148693e+00 4.071168528677278180e-03 2.576871130556438748e-05 3.794420819197936382e-05
3.599999999999999867e-01 1.003820673490896542e+00 4.273059089109093427e-03 2.803338988397375650e-05 4.125712510358228030e-05
3.649999999999999911e-01 1.004019781212422524e+00 4.482674287375495656e-03 3.046202750233461520e-05 4.480736861489899384e-05
3.699999999999999956e-01 1.004224135944284502e+00 4.700244707757662496e-03 3.306402605914763140e-05 4.860829579365975438e-05
3.750000000000000000e-01 1.004433716380879638e+00 4.926005672406680476e-03 3.584922189976480012e-05 5.267386168091102005e-05
3.800000000000000044e-01 1.004648501397155336e+00 5.160199436731675859e-03 3.882784587185434408e-05 5.701855713285666267e-05
3.850000000000000089e-01 1.004868470046347273e+00 5.403073776536908984e-03 4.201057129146062319e-05 6.165747728269740967e-05
3.900000000000000133e-01 1.005093601557745631e+00 5.654881893537856176e-03 4.540850293901241373e-05 6.660630179046767604e-05
3.950000000000000178e-01 1.005323875334485528e+00 5.915885128923535109e-03 4.903320569816155733e-05 7.188133468262983435e-05
4.000000000000000222e-01 1.005559270951367434e+00 6.186349820175774360e-03 5.289672732681795751e-05 7.749953428791528614e-05
4.050000000000000266e-01 1.005799768152698448e+00 6.466549007779296560e-03 5.701156730128002195e-05 8.347846392830317937e-05
4.100000000000000311e-01 1.006045346850164002e+00 6.756763223002638756e-03 6.139074295125499458e-05 8.983638603538264078e-05
4.150000000000000355e-01 1.006295987120720881e+00 7.057278776520494769e-03 6.604775687750644262e-05 9.659221059538815996e-05
4.199999999999999845e-01 1.006551669204517108e+00 7.368390739017214447e-03 7.099664861872651423e-05 1.037655677408785138e-04
4.249999999999999889e-01 1.006812373502834479e+00 7.690399612462056438e-03 7.625198997151685736e-05 1.113767960187088467e-04
4.299999999999999933e-01 1.007078080576055967e+00 8.023613867684973103e-03 8.182890917071128085e-05 1.194469752460981332e-04
4.349999999999999978e-01 1.007348771141657329e+00 8.368349587890596200e-03 8.774307270642885289e-05 1.279978949385987877e-04
4.400000000000000022e-01 1.007624426072219359e+00 8.724930722125238611e-03 9.401075435696892900e-05 1.370521510059850888e-04
4.450000000000000067e-01 1.007905026393466796e+00 9.093688029361160149e-03 1.006488065072596471e-04 1.466330998001329374e-04
4.500000000000000111e-01 1.008190553282325652e+00 9.474961561883822950e-03 1.076746847091460162e-04 1.567648900351627770e-04
4.550000000000000155e-01 1.008480988065006079e+00 9.869098628677276663e-03 1.151064756119867032e-04 1.674724971827601838e-04
4.600000000000000200e-01 1.008776312215104998e+00 1.027645500699507150e-02 1.229628874049964429e-04 1.787817067003501573e-04
4.650000000000000244e-01 1.009076507351731156e+00 1.069739497012500359e-02 1.312633180587991400e-04 1.907192074527507529e-04
4.700000000000000289e-01 1.009381555237651273e+00 1.113229169714075734e-02 1.400278189358804325e-04 2.033125334045371815e-04
4.750000000000000333e-01 1.009691437777457068e+00 1.158152729432565704e-02 1.492771238999041040e-04 2.165901015356352715e-04
4.799999999999999822e-01 1.010006137015752481e+00 1.204549151551885869e-02 1.590326646409064709e-04 2.305812268804865864e-04
4.849999999999999867e-01 1.010325635135361333e+00 1.252458490753331592e-02 1.693166188197397842e-04 2.453161904919930907e-04
4.899999999999999911e-01 1.010649914455556075e+00 1.301921716781212317e-02 1.801518643048354961e-04 2.608261612743733313e-04
4.949999999999999956e-01 1.010978957430304748e+00 1.352980691908025300e-02 1.915620593940235467e-04 2.771433127305769888e-04
5.000000000000000000e-01 1.011312746646537475e+00 1.405678211026367870e-02 2.035716650595001398e-04 2.943008450437138756e-04
5.050000000000000044e-01 1.011651264822433394e+00 1.460058257425875944e-02 2.162058572058222421e-04 3.123328531136006681e-04
5.100000000000000089e-01 1.011994494805724676e+00 1.516165662401048470e-02 2.294906457924742924e-04 3.312744895754742903e-04
5.150000000000000133e-01 1.012342419572020980e+00 1.574046281704653133e-02 2.434529362385231632e-04 3.511620545023302442e-04
5.200000000000000178e-01 1.012695022223150554e+00 1.633747195433861085e-02 2.581203988069164477e-04 3.720327879885212269e-04
5.250000000000000222e-01 1.013052285985520662e+00 1.695316420130139889e-02 2.735215993949412726e-04 3.939250630891241419e-04
5.300000000000000266e-01 1.013414194208494434e+00 1.758803038934009938e-02 2.896860207476315225e-04 4.168784028156974938e-04
5.350000000000000311e-01 1.013780730362787486e+00 1.824257358659727227e-02 3.066440041523363661e-04 4.409333901394960824e-04
5.400000000000000355e-01 1.014151878038878962e+00 1.891730754117079000e-02 3.244267562271234027e-04 4.661316667254087145e-04
5.450000000000000400e-01 1.014527620945441466e+00 1.961275909982208854e-02 3.430666436855323367e-04 4.925163604545153284e-04
5.500000000000000444e-01 1.014907942907788518e+00 2.032946451605640789e-02 3.625967195303780649e-04 5.201313780585841784e-04
5.550000000000000488e-01 1.015292827866336012e+00 2.106797570638809999e-02 3.830512402529823602e-04 5.490221546037790277e-04
5.600000000000000533e-01 1.015682259875082316e+00 2.182885353112525711e-02 4.044653188758732545e-04 5.792351405046281074e-04
5.650000000000000577e-01 1.016076223100103704e+00 2.261267076492491646e-02 4.268752313410916367e-04 6.108182366115585309e-04
5.700000000000000622e-01 1.016474701818065096e+00 2.342001963287956845e-02 4.503183020179853352e-04 6.438206155608639175e-04
5.750000000000000666e-01 1.016877680414747243e+00 2.425149671394788431e-02 4.748326520477440423e-04 6.782923472471772373e-04
5.799999999999999600e-01 1.017285143383589441e+00 2.510771722118012445e-02 5.004579028663618022e-04 7.142854178892545005e-04
5.849999999999999645e-01 1.017697075324246692e+00 2.598931157199930314e-02 5.272345238771051221e-04 7.518527595196909663e-04
5.899999999999999689e-01 1.018113460941162618e+00 2.689691634851133425e-02 5.552043323055510290e-04 7.910489761321043249e-04
5.949999999999999734e-01 1.018534285042156151e+00 2.783119251180321552e-02 5.844099532890640420e-04 8.319295448420060621e-04
5.999999999999999778e-01 1.018959532537025314e+00 2.879280635321502038e-02 6.148955322449544498e-04 8.745518342804572140e-04
6.049999999999999822e-01 1.019389188436160998e+00 2.978244349943287225e-02 6.467064191887215334e-04 9.189746519919967695e-04
6.099999999999999867e-01 1.019823237849180497e+00 3.080080582206107948e-02 6.798890747648585111e-04 9.652580703421523300e-04
6.149999999999999911e-01 1.020261665983570154e+00 3.184860544481094707e-02 7.144911971630634774e-04 1.013463620389462496e-03
6.199999999999999956e-01 1.020704458143344873e+00 3.292657638794793673e-02 7.505618866753494206e-04 1.063654513578941776e-03
6.250000000000000000e-01 1.021151599727719406e+00 3.403546219471014628e-02 7.881514091007089939e-04 1.115895267945991778e-03
6.300000000000000044e-01 1.021603076229795626e+00 3.517602756002581599e-02 8.273114862374468526e-04 1.170252153890610639e-03
6.350000000000000089e-01 1.022058873235258902e+00 3.634905001831366389e-02 8.680953330813214646e-04 1.226793200598965284e-03
6.400000000000000133e-01 1.022518976421092685e+00 3.755532730097235761e-02 9.105574134455397296e-04 1.285587837110043321e-03
6.450000000000000178e-01 1.022983371554301524e+00 3.879567092297141195e-02 9.547532782083372523e-04 1.346706657220595252e-03
6.500000000000000222e-01 1.023452044490649859e+00 4.007091099436509846e-02 1.000740660901099869e-03 1.410222982042027597e-03
6.550000000000000266e-01 1.023924981173411908e+00 4.138189803268198241e-02 1.048578149902066117e-03 1.476210916564728347e-03
6.600000000000000311e-01 1.024402167632133542e+00 4.272949782025104587e-02 1.098326128968561688e-03 1.544746719394413884e-03
6.650000000000000355e-01 1.024883589981409493e+00 4.411459318896929910e-02 1.150046324885984055e-03 1.615908100982890337e-03
6.700000000000000400e-01 1.025369234419667430e+00 4.553808736703517102e-02 1.203802345230593372e-03 1.689775026236609370e-03
6.750000000000000444e-01 1.025859087227968924e+00 4.700090558258027129e-02 1.259659212057178453e-03 1.766428975473685993e-03
6.800000000000000488e-01 1.026353134768820174e+00 4.850398839494562270e-02 1.317683361135528865e-03 1.845952980603754760e-03
6.850000000000000533e-01 1.026851363484993174e+00 5.004829678327332720e-02 1.377943035171894657e-03 1.928432137238672356e-03
6.900000000000000577e-01 1.027353759898360641e+00 5.163481382038607320e-02 1.440508500472133420e-03 2.013953910528139182e-03
6.950000000000000622e-01 1.027860310608740946e+00 5.326454289714644547e-02 1.505451362808956153e-03 2.102607164610621835e-03
7.000000000000000666e-01 1.028371002292754355e+00 5.493850953935537629e-02 1.572844947043856205e-03 2.194482636674259524e-03
7.049999999999999600e-01 1.028885821702690384e+00 5.665775125821213148e-02 1.642764316169803129e-03 2.289672997458892367e-03
7.099999999999999645e-01 1.029404755665387139e+00 5.842334273337751460e-02 1.715286922405948392e-03 2.388273710355138212e-03
7.149999999999999689e-01 1.029927791081118427e+00 6.023637065944448254e-02 1.790491664741547355e-03 2.490381774334686927e-03
7.199999999999999734e-01 1.030454914922495746e+00 6.209794392915135575e-02 1.868458858488895782e-03 2.596095519621684309e-03
7.249999999999999778e-01 1.030986114233377604e+00 6.400919681110039949e-02 1.949271328998164465e-03 2.705516221646822681e-03
7.299999999999999822e-01 1.031521376127789047e+00 6.597129063056303422e-02 2.033014281268728449e-03 2.818747980657153492e-03
7.349999999999999867e-01 1.032060687788854958e+00 6.798540393343562027e-02 2.119773546725236841e-03 2.935895021994765815e-03
7.399999999999999911e-01 1.032604036467738684e+00 7.005273902657707663e-02 2.209638762310613385e-03 3.057066377063806170e-03
7.449999999999999956e-01 1.033151409482594651e+00 7.217453533172184243e-02 2.302699759621908409e-03 3.182370598082686578e-03
7.500000000000000000e-01 1.033702794217528753e+00 7.435203943504398172e-02 2.399049331601771102e-03 3.311919787538375633e-03
7.550000000000000044e-01 1.034258178121568061e+00 7.658653841385705541e-02 2.498783371562586335e-03 3.445829676539243110e-03
7.600000000000000089e-01 1.034817548707643198e+00 7.887933315744492802e-02 2.601998457747254495e-03 3.584216265090050049e-03
7.650000000000000133e-01 1.035380893551575587e+00 8.123176174871557520e-02 2.708793824497895877e-03 3.727198478556919495e-03
7.700000000000000178e-01 1.035948200291078702e+00 8.364518610270348098e-02 2.819271442668226223e-03 3.874898423840100921e-03
7.750000000000000222e-01 1.036519456624765523e+00 8.612098532502254766e-02 2.933535009768195503e-03 4.027439796794604968e-03
7.800000000000000266e-01 1.037094650311166655e+00 8.866058239212813719e-02 3.051691073143264054e-03 4.184949522983739088e-03
7.850000000000000311e-01 1.037673769167756666e+00 9.126541410082192329e-02 3.173847970596219755e-03 4.347556270675580724e-03
7.900000000000000355e-01 1.038256801069989743e+00 9.393696127238626570e-02 3.300116968388429415e-03 4.515391894781361527e-03
7.950000000000000400e-01 1.038843733950345127e+00 9.667672181837594358e-02 3.430611747966705576e-03 4.688590902091159876e-03
8.000000000000000444e-01 1.039434555797379867e+00 9.948622757314491694e-02 3.565447908100575873e-03 4.867289542756413068e-03
8.050000000000000488e-01 1.040029254654790458e+00 1.023670376079081068e-01 3.704744088196124715e-03 5.051627463994927056e-03
8.100000000000000533e-01 1.040627818620484257e+00 1.053207551254880942e-01 3.848622114020561549e-03 5.241747903764127497e-03
8.150000000000000577e-01 1.041230235845658436e+00 1.083489901533177396e-01 3.997205820449248673e-03 5.437796066190707378e-03
8.200000000000000622e-01 1.041836494533886492e+00 1.114534103074362181e-01 4.150621047545270843e-03 5.639918780317975874e-03
8.250000000000000666e-01 1.042446582940215416e+00 1.146357005861753375e-01 4.308996921357679220e-03 5.848266817590192998e-03
8.300000000000000711e-01 1.043060489370268407e+00 1.178975796361790007e-01 4.472466593038184994e-03 6.062995422355549682e-03
8.349999999999999645e-01 1.043678202179357140e+00 1.212408036018294971e-01 4.641164745877524381e-03 6.284261018872650158e-03
8.399999999999999689e-01 1.044299709771603135e+00 1.246671692385317443e-01 4.815228185967433683e-03 6.512222032968218235e-03
8.449999999999999734e-01 1.044925000599063569e+00 1.281784906216802966e-01 4.994798600014752239e-03 6.747042623132763241e-03
8.499999999999999778e-01 1.045554063160868408e+00 1.317766357004978850e-01 5.180019989502588490e-03 6.988889312437620779e-03
8.549999999999999822e-01 1.046186886002363758e+00 1.354634933914605488e-01 5.371037878293375908e-03 7.237929376341978999e-03
8.599999999999999867e-01 1.046823457714263217e+00 1.392409996169319819e-01 5.568003706105649833e-03 7.494337551702320334e-03
8.649999999999999911e-01 1.047463766931806317e+00 1.431111147293661068e-01 5.771069070470212330e-03 7.758287591475497048e-03
8.699999999999999956e-01 1.048107802333925420e+00 1.470758594120173957e-01 5.980390915022419304e-03 8.029959590129791963e-03
8.750000000000000000e-01 1.048755552642418598e+00 1.511372652022996976e-01 6.196128655726673012e-03 8.309535975727236692e-03
8.800000000000000044e-01 1.049407006621131844e+00 1.552974211428113371e-01 6.418444910060500629e-03 8.597202548170460382e-03
8.850000000000000089e-01 1.050062153075147497e+00 1.595584468286949387e-01 6.647506432434030499e-03 8.893149552176087339e-03
8.900000000000000133e-01 1.050720980849978670e+00 1.639225026989616085e-01 6.883481696975847150e-03 9.197568603589599892e-03
8.950000000000000178e-01 1.051383478830772988e+00 1.683918033033108275e-01 7.126545041341196714e-03 9.510658304834282775e-03
9.000000000000000222e-01 1.052049635941522787e+00 1.729685840106437444e-01 7.376871788736269996e-03 9.832617325407005254e-03
9.050000000000000266e-01 1.052719441144281065e+00 1.776551274184222651e-01 7.634643324981416762e-03 1.016365164534212967e-02
9.100000000000000311e-01 1.053392883438386107e+00 1.824537706188442410e-01 7.900043774827730444e-03 1.050396980771581799e-02
9.150000000000000355e-01 1.054069951859691656e+00 1.873668843396650852e-01 8.173260115781139784e-03 1.085378300272551305e-02
9.200000000000000400e-01 1.054750635479804632e+00 1.923968738851731808e-01 8.454482873494395881e-03 1.121330626531221591e-02
9.250000000000000444e-01 1.055434923405329073e+00 1.975462052620220454e-01 8.743910117258729339e-03 1.158276378014851289e-02
9.300000000000000488e-01 1.056122804777117841e+00 2.028173920059750668e-01 9.041738210338823301e-03 1.196237601387118744e-02
9.350000000000000533e-01 1.056814268769528553e+00 2.082129749307805033e-01 9.348171057679668938e-03 1.235237280257233880e-02
9.400000000000000577e-01 1.057509304589689725e+00 2.137355425242419005e-01 9.663418580569080665e-03 1.275299099072202055e-02
9.450000000000000622e-01 1.058207901476769797e+00 2.193877575551848591e-01 9.987688929244292399e-03 1.316446346309592397e-02
9.500000000000000666e-01 1.058910048701254603e+00 2.251723035901106451e-01 1.032119821617224348e-02 1.358703310834722885e-02
9.550000000000000711e-01 1.059615735564230832e+00 2.310919251148417231e-01 1.066416872343266611e-02 1.402095015096352891e-02
9.599999999999999645e-01 1.060324951396675930e+00 2.371494007822522176e-01 1.101682302199246538e-02 1.446646365440771263e-02
9.649999999999999689e-01 1.061037685558753330e+00 2.433475769241640607e-01 1.137939004010043130e-02 1.492383065635963409e-02
9.699999999999999734e-01 1.061753927439116119e+00 2.496893408427936500e-01 1.175210091634591898e-02 1.539330910449424744e-02
9.749999999999999778e-01 1.062473666454213594e+00 2.561776201190302249e-01 1.213519763047507874e-02 1.587517181809191755e-02
9.799999999999999822e-01 1.063196892047607145e+00 2.628154253450266098e-01 1.252892266980069891e-02 1.636969008147727556e-02
9.849999999999999867e-01 1.063923593689290348e+00 2.696057775408127188e-01 1.293351854184835587e-02 1.687713444790954129e-02
9.899999999999999911e-01 1.064653760875015509e+00 2.765518018423526736e-01 1.334924126470527807e-02 1.739779254932505639e-02
9.949999999999999956e-01 1.065387383125626419e+00 2.836566104921988130e-01 1.377634502620052152e-02 1.793194872593730990e-02
1.000000000000000000e+00 1.066124449986396217e+00 2.909234359559428329e-01 1.421509569245810352e-02 1.847990200126106014e-02
1.005000000000000115e+00 1.066864951026373021e+00 2.983554891389323949e-01 1.466578789587777605e-02 1.904199598209828370e-02
1.010000000000000009e+00 1.067608875837728233e+00 3.059560987920995623e-01 1.512866956185159040e-02 1.961849702638285287e-02
1.015000000000000124e+00 1.068356214035114826e+00 3.137286528489778292e-01 1.560401240561662232e-02 2.020970809378964950e-02
1.020000000000000018e+00 1.069106955255026969e+00 3.216765609608207566e-01 1.609210535439145953e-02 2.081595575516458421e-02
1.024999999999999911e+00 1.069861089155168976e+00 3.298033129750138071e-01 1.659323047422732456e-02 2.143755532890227744e-02
1.030000000000000027e+00 1.070618605413826918e+00 3.381124607404821791e-01 1.710768494303725740e-02 2.207484204287845850e-02
1.034999999999999920e+00 1.071379493729249344e+00 3.466075754663151542e-01 1.763576912100587799e-02 2.272815472566032738e-02
1.040000000000000036e+00 1.072143743819029771e+00 3.552923246431918258e-01 1.817778630261978126e-02 2.339783484481705242e-02
1.044999999999999929e+00 1.072911345419497398e+00 3.641704152710922848e-01 1.873405070752474227e-02 2.408423804318610140e-02
1.050000000000000044e+00 1.073682288285112474e+00 3.732456424081246338e-01 1.930487428615846462e-02 2.478771636493250913e-02
1.054999999999999938e+00 1.074456562187866782e+00 3.825218557181862544e-01 1.989058009677432612e-02 2.550863527728914823e-02
1.060000000000000053e+00 1.075234156916690775e+00 3.920028986796356141e-01 2.049150279775567920e-02 2.624737641405744740e-02
1.064999999999999947e+00 1.076015062276864054e+00 4.016927761525347362e-01 2.110797200243782687e-02 2.700431327210953830e-02
1.070000000000000062e+00 1.076799268089433603e+00 4.115954670459453513e-01 2.174033181623276009e-02 2.777983859841465578e-02
1.074999999999999956e+00 1.077586764190635593e+00 4.217150846270726339e-01 2.238892978332820277e-02 2.857434914008511601e-02
1.080000000000000071e+00 1.078377540431322945e+00 4.320557834139615028e-01 2.305411990332383726e-02 2.938824998085973542e-02
1.084999999999999964e+00 1.079171586676399119e+00 4.426217449885788691e-01 2.373626548735761205e-02 3.022195859551976560e-02
1.090000000000000080e+00 1.079968892804255898e+00 4.534172592271731861e-01 2.443573052264081877e-02 3.107589300575178126e-02
1.094999999999999973e+00 1.080769448706216718e+00 4.644466431489331359e-01 2.515289152236487719e-02 3.195048846377217949e-02
1.100000000000000089e+00 1.081573244285985780e+00 4.757142809733288513e-01 2.588813209852295835e-02 3.284618816278822573e-02
1.104999999999999982e+00 1.082380269459101152e+00 4.872246665953692824e-01 2.664183625853039014e-02 3.376343797496852983e-02
1.110000000000000098e+00 1.083190514152395201e+00 4.989823317647046341e-01 2.741440473986168566e-02 3.470270529388196773e-02
1.114999999999999991e+00 1.084003968303457022e+00 5.109918649082735298e-01 2.820624226784075594e-02 3.566446295936818306e-02
1.120000000000000107e+00 1.084820621860102863e+00 5.232578943848388286e-01 2.901775406269549093e-02 3.664918583378877492e-02
1.125000000000000000e+00 1.085640464779849657e+00 5.357851694248371155e-01 2.984935941809517199e-02 3.765736723662971991e-02
1.130000000000000115e+00 1.086463487029394992e+00 5.485784673013576196e-01 3.070148857979605045e-02 3.868951657743716077e-02
1.135000000000000009e+00 1.087289678584100638e+00 5.616426454611825880e-01 3.157457254676277608e-02 3.974614455418200992e-02
1.140000000000000124e+00 1.088119029427482509e+00 5.749826160080183657e-01 3.246905708612256303e-02 4.082778352837265756e-02
1.145000000000000018e+00 1.088951529550704622e+00 5.886033718947136784e-01 3.338538161768900975e-02 4.193495753967454998e-02
1.150000000000000133e+00 1.089787168952079055e+00 6.025099738166884711e-01 3.432401501152537032e-02 4.306823140880278178e-02
1.155000000000000027e+00 1.090625937636568565e+00 6.167075225909784963e-01 3.528542721976692109e-02 4.422817416772692467e-02
1.159999999999999920e+00 1.091467825615297427e+00 6.312011991925960963e-01 3.627008187092738839e-02 4.541534639637787030e-02
1.165000000000000036e+00 1.092312822905064262e+00 6.459962544660836636e-01 3.727846537925080805e-02 4.663034187146326143e-02
1.169999999999999929e+00 1.093160919527861763e+00 6.610979501342116871e-01 3.831107298917006687e-02 4.787376839580787663e-02
1.175000000000000044e+00 1.094012105510399513e+00 6.765117254437872374e-01 3.936840872904472100e-02 4.914624851590668198e-02
1.179999999999999938e+00 1.094866370883633921e+00 6.922429496210353861e-01 4.045097764800774376e-02 5.044840637999480071e-02
1.185000000000000053e+00 1.095723705682299487e+00 7.082971563870812393e-01 4.155930962040311344e-02 5.178090471180068349e-02
1.189999999999999947e+00 1.096584099944449830e+00 7.246799569302471156e-01 4.269391971850117901e-02 5.314438685463480222e-02
1.195000000000000062e+00 1.097447543710998508e+00 7.413968850948098321e-01 4.385535603078737077e-02 5.453954680403451383e-02
1.199999999999999956e+00 1.098314027025267592e+00 7.584537010465591811e-01 4.504416855033209488e-02 5.596708150955551075e-02
1.205000000000000071e+00 1.099183539932540254e+00 7.758561258824414608e-01 4.626090832729978092e-02 5.742769493901660194e-02
1.209999999999999964e+00 1.100056072479618674e+00 7.936098926472613391e-01 4.750614403125522772e-02 5.892211780727075326e-02
1.215000000000000080e+00 1.100931614714385054e+00 8.117209508677274421e-01 4.878046340519714974e-02 6.045111120370641467e-02
1.219999999999999973e+00 1.101810156685369746e+00 8.301951812505088402e-01 5.008443805432794688e-02 6.201541955997572769e-02
1.225000000000000089e+00 1.102691688441321372e+00 8.490386262738850442e-01 5.141869340010429140e-02 6.361586421155161764e-02
1.229999999999999982e+00 1.103576200030784493e+00 8.682572344769878825e-01 5.278381229537731228e-02 6.525321408869559636e-02
1.235000000000000098e+00 1.104463681501680172e+00 8.878571157654997492e-01 5.418043284528453740e-02 6.692831932090591296e-02
1.239999999999999991e+00 1.105354122900890967e+00 9.078444049763926271e-01 5.560917641919697896e-02 6.864201162408371804e-02
1.245000000000000107e+00 1.106247514273852595e+00 9.282253443753880617e-01 5.707070322165842119e-02 7.039518355510704373e-02
1.250000000000000000e+00 1.107143845664148030e+00 9.490060560417523661e-01 5.856564714887621537e-02 7.218869726383719820e-02
1.255000000000000115e+00 1.108043107113107384e+00 9.701929428493680785e-01 6.009468127952923011e-02 7.402347572277227783e-02
1.260000000000000009e+00 1.108945288659413109e+00 9.917923135275769075e-01 6.165848052042150612e-02 7.590045116688762250e-02
1.265000000000000124e+00 1.109850380338708309e+00 1.013810501558915833e+00 6.325774092627409195e-02 7.782059477583336271e-02
1.270000000000000018e+00 1.110758372183210829e+00 1.036253949314137834e+00 6.489316071817866072e-02 7.978488567090846750e-02
1.275000000000000133e+00 1.111669254221331116e+00 1.059129071444907977e+00 6.656544990243931648e-02 8.179433049784091969e-02
1.280000000000000027e+00 1.112583016477296738e+00 1.082442439632157916e+00 6.827534086364223098e-02 8.384997187778983618e-02
1.284999999999999920e+00 1.113499648970778022e+00 1.106200574151144478e+00 7.002357786178563248e-02 8.595288587888286203e-02
1.290000000000000036e+00 1.114419141716522343e+00 1.130409966068785410e+00 7.181088672267102457e-02 8.810412612811627242e-02
1.294999999999999929e+00 1.115341484723989307e+00 1.155077214387487006e+00 7.363805768344749980e-02 9.030484733985073842e-02
1.300000000000000044e+00 1.116266667996994588e+00 1.180209022000956898e+00 7.550586316300784973e-02 9.255619167793623092e-02
1.304999999999999938e+00 1.117194681533353773e+00 1.205811956950800790e+00 7.741507656957105632e-02 9.485931507820723196e-02
1.310000000000000053e+00 1.118125515324534858e+00 1.231892616058927636e+00 7.936652815574621322e-02 9.721546242269932248e-02
1.314999999999999947e+00 1.119059159355313193e+00 1.258457855795700242e+00 8.136100753178142353e-02 9.962583762177855407e-02
1.320000000000000062e+00 1.119995603603431533e+00 1.285514161894367513e+00 8.339937139518896481e-02 1.020917487310290805e-01
1.324999999999999956e+00 1.120934838039265857e+00 1.313068445004183182e+00 8.548245906951841555e-02 1.046144943447980119e-01
1.330000000000000071e+00 1.121876852625492305e+00 1.341127239772284652e+00 8.761113321979345503e-02 1.071954197378258006e-01
1.334999999999999964e+00 1.122821637316764765e+00 1.369697239027868996e+00 8.978624763550260846e-02 1.098358758756101256e-01
1.340000000000000080e+00 1.123769182059389804e+00 1.398785372284235828e+00 9.200871847742594922e-02 1.125373106058972367e-01
1.344999999999999973e+00 1.124719476791012696e+00 1.428398034820647311e+00 9.427943863881713127e-02 1.153011634308754030e-01
1.350000000000000089e+00 1.125672511440304557e+00 1.458542181392029846e+00 9.659933018102369318e-02 1.181289240117739531e-01
1.354999999999999982e+00 1.126628275926654377e+00 1.489224359471958969e+00 9.896932834420060776e-02 1.210221275202670033e-01
1.360000000000000098e+00 1.127586760159866808e+00 1.520451253253987778e+00 1.013903714904973302e-01 1.239823224216317910e-01
1.364999999999999991e+00 1.128547954039863965e+00 1.552229376389490989e+00 1.038634371113997812e-01 1.270111397026863209e-01
1.370000000000000107e+00 1.129511847456391438e+00 1.584565541156602198e+00 1.063895078423407331e-01 1.301102296200341291e-01
1.375000000000000000e+00 1.130478430288730518e+00 1.617466177408960482e+00 1.089695797924273846e-01 1.332812940783401068e-01
1.380000000000000115e+00 1.131447692405412875e+00 1.650937928168301649e+00 1.116046664159444507e-01 1.365260675673640178e-01
1.385000000000000009e+00 1.132419623663941444e+00 1.684987081906289097e+00 1.142957952037396835e-01 1.398463362362913354e-01
1.390000000000000124e+00 1.133394213910515980e+00 1.719620143014980007e+00 1.170440246271472334e-01 1.432439489608187677e-01
1.395000000000000018e+00 1.134371452979762385e+00 1.754843579096023287e+00 1.198504030795088798e-01 1.467207662043244210e-01
1.400000000000000133e+00 1.135351330694467364e+00 1.790663616346397813e+00 1.227160074566962383e-01 1.502787154496109112e-01
1.405000000000000027e+00 1.136333836865317526e+00 1.827086558642601277e+00 1.256419592875228919e-01 1.539198098607807430e-01
1.409999999999999920e+00 1.137318961290643582e+00 1.864118460514799347e+00 1.286293555089295659e-01 1.576460556605780994e-01
1.415000000000000036e+00 1.138306693756168331e+00 1.901765508342753375e+00 1.316793389911181944e-01 1.614595515926836033e-01
1.419999999999999929e+00 1.139297024034760630e+00 1.940033617179386605e+00 1.347930686547111345e-01 1.653624484006062378e-01
1.425000000000000044e+00 1.140289941886192482e+00 1.978928692380567567e+00 1.379716931031422789e-01 1.693569120361064495e-01
1.429999999999999938e+00 1.141285437056903218e+00 2.018456586065245695e+00 1.412164072048344154e-01 1.734452009426545316e-01
1.435000000000000053e+00 1.142283499279765024e+00 2.058622927928236646e+00 1.445283934397284809e-01 1.776295931634977454e-01
1.439999999999999947e+00 1.143284118273856675e+00 2.099433371706409535e+00 1.479089122241524779e-01 1.819125019428887435e-01
1.445000000000000062e+00 1.144287283744239936e+00 2.140893263443337968e+00 1.513592120510323658e-01 1.862963631743090875e-01
1.449999999999999956e+00 1.145292985381740625e+00 2.183007902686756374e+00 1.548804991239935702e-01 1.907835871552757412e-01
1.455000000000000071e+00 1.146301212862736563e+00 2.225782567731948269e+00 1.584741207180128675e-01 1.953768101393632828e-01
1.459999999999999964e+00 1.147311955848947074e+00 2.269222274544357987e+00 1.621413191990843383e-01 2.000785681188682330e-01
1.465000000000000080e+00 1.148325203987230259e+00 2.313331681167607901e+00 1.658834153091445496e-01 2.048915360998858626e-01
1.469999999999999973e+00 1.149340946909383598e+00 2.358115918381930243e+00 1.697018174352043218e-01 2.098185525453602485e-01
1.475000000000000089e+00 1.150359174231948334e+00 2.403579147550278350e+00 1.735977872859692517e-01 2.148622921336665603e-01
1.479999999999999982e+00 1.151379875556021837e+00 2.449726004615941921e+00 1.775727716327119010e-01 2.200257252025676624e-01
1.485000000000000098e+00 1.152403040467071982e+00 2.496560478156415908e+00 1.816281357685739506e-01 2.253117476087550808e-01
1.489999999999999991e+00 1.153428658534756623e+00 2.544086654541328318e+00 1.857652992435239181e-01 2.307233798773439259e-01
1.495000000000000107e+00 1.154456719312749513e+00 2.592308343243267199e+00 1.899857342029633023e-01 2.362637498182189599e-01
1.500000000000000000e+00 1.155487212338569769e+00 2.641229130244683976e+00 1.942908308766840841e-01 2.419359240752383122e-01
1.505000000000000115e+00 1.156520127133416675e+00 2.690852386689317033e+00 1.986821013597232510e-01 2.477431727227595026e-01
1.510000000000000009e+00 1.157555453202008700e+00 2.741181198919144801e+00 2.031610418391842088e-01 2.536888042186771774e-01
1.515000000000000124e+00 1.158593180032429393e+00 2.792218492504834781e+00 2.077292061138584778e-01 2.597762348404605293e-01
1.520000000000000018e+00 1.159633297095975069e+00 2.843966962648960539e+00 2.123880612521973077e-01 2.660088262112840773e-01
1.525000000000000133e+00 1.160675793847010029e+00 2.896428869606012757e+00 2.171391990579939479e-01 2.723901468711782958e-01
1.530000000000000027e+00 1.161720659722826676e+00 2.949606791292719077e+00 2.219842374604683588e-01 2.789238560773747433e-01
1.535000000000000142e+00 1.162767884143507846e+00 3.003502161285771077e+00 2.269247342140658652e-01 2.856135824938094703e-01
1.540000000000000036e+00 1.163817456511797577e+00 3.058117005888760342e+00 2.319623117482076113e-01 2.924630828770967694e-01
1.544999999999999929e+00 1.164869366212974766e+00 3.113452530017777775e+00 2.370986453480030676e-01 2.994762566773305212e-01
1.550000000000000044e+00 1.165923602614732379e+00 3.169509929165235551e+00 2.423353591472267310e-01 3.066569632360892084e-01
1.554999999999999938e+00 1.166980155067061542e+00 3.226289748552880532e+00 2.476741671325748406e-01 3.140092557347271551e-01
1.560000000000000053e+00 1.168039012902141183e+00 3.283792689761085182e+00 2.531167360041536862e-01 3.215371647577456860e-01
1.564999999999999947e+00 1.169100165434231231e+00 3.342018952091468709e+00 2.586648631437725721e-01 3.292449545045686432e-01
1.570000000000000062e+00 1.170163601959574473e+00 3.400968252544073867e+00 2.643202520879279205e-01 3.371368184640189947e-01
1.574999999999999956e+00 1.171229311756297298e+00 3.460640397211339980e+00 2.700846674642747858e-01 3.452170807770279515e-01
1.580000000000000071e+00 1.172297284084322211e+00 3.521034435807761653e+00 2.759599318231021892e-01 3.534902120685820548e-01
1.584999999999999964e+00 1.173367508185281460e+00 3.582149255200814952e+00 2.819478488619678314e-01 3.619607003864653838e-01
1.590000000000000080e+00 1.174439973282435989e+00 3.643983822895347835e+00 2.880502080081367988e-01 3.706330677935043560e-01
1.594999999999999973e+00 1.175514668580601496e+00 3.706536041065179532e+00 2.942689332452860795e-01 3.795120862844408305e-01
1.600000000000000089e+00 1.176591583266077601e+00 3.769803949974271262e+00 3.006058522880155071e-01 3.886024439629154337e-01
1.604999999999999982e+00 1.177670706506583453e+00 3.833785165047170373e+00 3.070628948511230916e-01 3.979090234529621406e-01
1.610000000000000098e+00 1.178752027451198003e+00 3.898477063164918377e+00 3.136419719416010388e-01 4.074367440127327766e-01
1.614999999999999991e+00 1.179835535230304933e+00 3.963876220520832216e+00 3.203450093742402638e-01 4.171905865754390041e-01
1.620000000000000107e+00 1.180921218955544472e+00 4.029979514410822361e+00 3.271740045568269917e-01 4.271757014436245448e-01
1.625000000000000000e+00 1.182009067719768769e+00 4.096782899539875622e+00 3.341308824275628364e-01 4.373971813600036618e-01
1.630000000000000115e+00 1.183099070597002811e+00 4.164282501306644235e+00 3.412177261503453463e-01 4.478603996183537217e-01
1.635000000000000009e+00 1.184191216642411337e+00 4.232473458288977142e+00 3.484365005163140849e-01 4.585706100686008369e-01
1.640000000000000124e+00 1.185285494892271307e+00 4.301351265681451430e+00 3.557892889901652644e-01 4.695332909187193149e-01
1.645000000000000018e+00 1.186381894363947032e+00 4.370910407113954399e+00 3.632781859153236814e-01 4.807539953409412647e-01
1.650000000000000133e+00 1.187480404055874628e+00 4.441146478562711053e+00 3.709051754430384151e-01 4.922381305261884221e-01
1.655000000000000027e+00 1.188581012947548476e+00 4.512051923739808679e+00 3.786724539641577181e-01 5.039915339074468870e-01
1.660000000000000142e+00 1.189683709999514560e+00 4.583620911041500712e+00 3.865821747105145922e-01 5.160199695210313520e-01
1.665000000000000036e+00 1.190788484153369131e+00 4.655847389301374761e+00 3.946364364153980286e-01 5.283291792699219558e-01
1.669999999999999929e+00 1.191895324331762041e+00 4.728723923942450114e+00 4.028373867748162307e-01 5.409250400754787025e-01
1.675000000000000044e+00 1.193004219438406732e+00 4.802243552148331318e+00 4.111873547776612181e-01 5.538137185780648286e-01
1.679999999999999938e+00 1.194115158358093565e+00 4.876398650350187047e+00 4.196883935346646943e-01 5.670010466322248366e-01
1.685000000000000053e+00 1.195228129956711127e+00 4.951181714737024286e+00 4.283428747055850194e-01 5.804933389509666641e-01
1.689999999999999947e+00 1.196343123081270665e+00 5.026583817364795870e+00 4.371529783405764813e-01 5.942966930437928452e-01
1.695000000000000062e+00 1.197460126559938276e+00 5.102596576666273975e+00 4.461210175533304456e-01 6.084174392292079903e-01
1.699999999999999956e+00 1.198579129202069993e+00 5.179211273836754614e+00 4.552492226752364868e-01 6.228618173365830790e-01
1.705000000000000071e+00 1.199700119798254416e+00 5.256418772187836375e+00 4.645399985210419413e-01 6.376363632931562053e-01
1.709999999999999964e+00 1.200823087120360011e+00 5.334209906451616412e+00 4.739956716115604762e-01 6.527475378270569673e-01
1.715000000000000080e+00 1.201948019921588173e+00 5.412574873212774307e+00 4.836186341451344517e-01 6.682019267277216068e-01
1.719999999999999973e+00 1.203074906936531852e+00 5.491503443451478894e+00 4.934111385280828821e-01 6.840059525058944656e-01
1.725000000000000089e+00 1.204203736881238829e+00 5.570985589230179613e+00 5.033756784708146581e-01 7.001664175296976600e-01
1.729999999999999982e+00 1.205334498453282777e+00 5.651011279116982422e+00 5.135147191355953211e-01 7.166901078504701594e-01
1.735000000000000098e+00 1.206467180331836975e+00 5.731569095158732807e+00 5.238307269846483871e-01 7.335838460375400105e-01
1.739999999999999991e+00 1.207601771177756689e+00 5.812648561995144014e+00 5.343259901693132585e-01 7.508542109731967118e-01
1.745000000000000107e+00 1.208738259633664436e+00 5.894238253948471673e+00 5.450031350500335048e-01 7.685083100864591454e-01
1.750000000000000000e+00 1.209876634324042799e+00 5.976327484837180570e+00 5.558646023913310641e-01 7.865529862836231345e-01
1.755000000000000115e+00 1.211016883855332349e+00 6.058904500931901360e+00 5.669130665083698117e-01 8.049954599603097449e-01
1.760000000000000009e+00 1.212158996816034451e+00 6.141957763815798721e+00 5.781508881338969230e-01 8.238424945152513779e-01
1.765000000000000124e+00 1.213302961776821398e+00 6.225475290643686321e+00 5.895806686451821044e-01 8.431012305653885486e-01
1.770000000000000018e+00 1.214448767290650766e+00 6.309445322611499485e+00 6.012050380625183488e-01 8.627788562590017474e-01
1.775000000000000133e+00 1.215596401892885980e+00 6.393855895794978039e+00 6.130266510892781184e-01 8.828826132120987102e-01
1.780000000000000027e+00 1.216745854101423552e+00 6.478694926780211638e+00 6.250480616891224139e-01 9.034195942865226314e-01
1.785000000000000142e+00 1.217897112416823635e+00 6.563950231063371277e+00 6.372719665773196596e-01 9.243971157262286242e-01
1.790000000000000036e+00 1.219050165322449919e+00 6.649609621030121431e+00 6.497010871044004432e-01 9.458225331787747381e-01
1.794999999999999929e+00 1.220205001284612623e+00 6.735661240779835524e+00 6.623379278153568306e-01 9.677028645997282075e-01
1.800000000000000044e+00 1.221361608752716377e+00 6.822091834861274684e+00 6.751854762122442288e-01 9.900458786544367173e-01
1.804999999999999938e+00 1.222519976159418986e+00 6.908890306705496087e+00 6.882461772753488694e-01 1.012858486612058462e+00
1.810000000000000053e+00 1.223680091920789526e+00 6.996043188033474358e+00 7.015230609828218000e-01 1.036148510547078239e+00
1.814999999999999947e+00 1.224841944436477315e+00 7.083539070239103452e+00 7.150187328166573986e-01 1.059923098437732136e+00
1.820000000000000062e+00 1.226005522089884225e+00 7.171365998286177934e+00 7.287360529082673732e-01 1.084189772010902164e+00
1.824999999999999956e+00 1.227170813248343206e+00 7.259510846137395390e+00 7.426778837123739763e-01 1.108956061543408200e+00
1.830000000000000071e+00 1.228337806263303689e+00 7.347962215337257241e+00 7.568470155557656120e-01 1.134229352416419312e+00
1.834999999999999964e+00 1.229506489470522324e+00 7.436708594661301852e+00 7.712463919932343037e-01 1.160017248783301591e+00
1.840000000000000080e+00 1.230676851190258825e+00 7.525737200856371878e+00 7.858788154850365748e-01 1.186327132265095674e+00
1.844999999999999973e+00 1.231848879727479362e+00 7.615037186616973486e+00 8.007471531428377309e-01 1.213166436455668240e+00
1.850000000000000089e+00 1.233022563372064173e+00 7.704597380653708250e+00 8.158545540802907281e-01 1.240543006296663586e+00
1.854999999999999982e+00 1.234197890399023168e+00 7.794405556373622979e+00 8.312039012635389357e-01 1.268464274876950793e+00
1.860000000000000098e+00 1.235374849068715752e+00 7.884451107513663182e+00 8.467979916363855830e-01 1.296937484199178092e+00
1.864999999999999991e+00 1.236553427627077095e+00 7.974723300833397310e+00 8.626400575522491510e-01 1.325970529582808810e+00
1.870000000000000107e+00 1.237733614305851271e+00 8.065211346283772897e+00 8.787330715031662631e-01 1.355570875031798739e+00
1.875000000000000000e+00 1.238915397322829737e+00 8.155904963247701644e+00 8.950801871334879145e-01 1.385746221255284460e+00
1.880000000000000115e+00 1.240098764882095139e+00 8.246794330013223373e+00 9.116842987671314180e-01 1.416503813724034666e+00
1.885000000000000009e+00 1.241283705174272667e+00 8.337868978281516519e+00 9.285485965764246341e-01 1.447851369648353037e+00
1.890000000000000124e+00 1.242470206376787178e+00 8.429120172699670732e+00 9.456763302413029315e-01 1.479796588325423157e+00
1.895000000000000018e+00 1.243658256654124994e+00 8.520538322398751419e+00 9.630706128372995556e-01 1.512346972711153814e+00
1.900000000000000133e+00 1.244847844158103012e+00 8.612114702621163076e+00 9.807345961474484008e-01 1.545510020266981366e+00
1.905000000000000027e+00 1.246038957028144711e+00 8.703840844277703326e+00 9.986714610546689741e-01 1.579293237944909833e+00
1.910000000000000142e+00 1.247231583391559262e+00 8.795708451566810027e+00 1.016884402379622188e+00 1.613704059673828795e+00
1.915000000000000036e+00 1.248425711363831514e+00 8.887710482460507322e+00 1.035376984379082987e+00 1.648750529828307831e+00
1.919999999999999929e+00 1.249621329048912655e+00 8.979838658478447755e+00 1.054152158480857304e+00 1.684439615246620781e+00
1.925000000000000044e+00 1.250818424539521745e+00 9.072086793998227705e+00 1.073213553429175349e+00 1.720779325341466270e+00
1.929999999999999938e+00 1.252016985917450365e+00 9.164448166891652647e+00 1.092564347915970124e+00 1.757776904247368321e+00
1.935000000000000053e+00 1.253217001253874363e+00 9.256916280777554462e+00 1.112207900747456346e+00 1.795439841669584702e+00
1.939999999999999947e+00 1.254418458609672937e+00 9.349486389929523966e+00 1.132147801172205037e+00 1.833775928818581757e+00
1.945000000000000062e+00 1.255621346035752151e+00 9.442152424079905515e+00 1.152387470116964963e+00 1.872792639916254664e+00
1.949999999999999956e+00 1.256825651573374891e+00 9.534910106693448739e+00 1.172930237553915678e+00 1.912497253338462766e+00
1.955000000000000071e+00 1.258031363254499713e+00 9.627754901419651290e+00 1.193779770820080355e+00 1.952897503684043246e+00
1.959999999999999964e+00 1.259238469102119673e+00 9.720682988236585942e+00 1.214939452959701960e+00 1.994000655641714470e+00
1.965000000000000080e+00 1.260446957130616275e+00 9.813691348899633127e+00 1.236413052512317812e+00 2.035814510600220117e+00
1.969999999999999973e+00 1.261656815346111182e+00 9.906776622822397016e+00 1.258204011015320312e+00 2.078346322352437880e+00
1.975000000000000089e+00 1.262868031746829489e+00 9.999937338218529703e+00 1.280316184208104557e+00 2.121603866540386463e+00
1.979999999999999982e+00 1.264080594323466533e+00 1.009317142948632373e+01 1.302753116260761734e+00 2.165594493284281885e+00
1.985000000000000098e+00 1.265294491059563597e+00 1.018647618939627897e+01 1.325518321637874752e+00 2.210325362394715665e+00
1.989999999999999991e+00 1.266509709931886274e+00 1.027985214012906034e+01 1.348615991617859944e+00 2.255804701814894564e+00
1.995000000000000107e+00 1.267726238910813485e+00 1.037329920342916267e+01 1.372049431125893504e+00 2.302039170130021795e+00
2.000000000000000000e+00 1.268944065960727619e+00 1.046681600482967767e+01 1.395822811647982498e+00 2.349036942915285309e+00
2.004999999999999893e+00 1.270163179040415979e+00 1.056040440559923432e+01 1.419939741466171856e+00 2.396805071753991712e+00
2.010000000000000231e+00 1.271383566103475360e+00 1.065406521848765031e+01 1.444404333698271037e+00 2.445351425849597415e+00
2.015000000000000124e+00 1.272605215098723486e+00 1.074780079121735632e+01 1.469220258222714071e+00 2.494683111896527805e+00
2.020000000000000018e+00 1.273828113970618237e+00 1.084161174606591693e+01 1.494391503871013382e+00 2.544807715606001608e+00
2.024999999999999911e+00 1.275052250659680864e+00 1.093550154482495529e+01 1.519922368440839611e+00 2.595733231830430476e+00
2.030000000000000249e+00 1.276277613102927866e+00 1.102947320409786869e+01 1.545816445681620355e+00 2.647466544946353473e+00
2.035000000000000142e+00 1.277504189234306420e+00 1.112353151164601428e+01 1.572078127785175639e+00 2.700015618282668228e+00
2.040000000000000036e+00 1.278731966985139357e+00 1.121767868573503435e+01 1.598711399454020299e+00 2.753387878800662492e+00
2.044999999999999929e+00 1.279960934284574359e+00 1.131192039355920365e+01 1.625720576489662950e+00 2.807591208500728630e+00
2.049999999999999822e+00 1.281191079060038929e+00 1.140626192097501956e+01 1.653109418566712563e+00 2.862632416670876090e+00
2.055000000000000160e+00 1.282422389237703575e+00 1.150070790911459717e+01 1.680882453203069726e+00 2.918519668406295953e+00
2.060000000000000053e+00 1.283654852742951435e+00 1.159526559564456250e+01 1.709043958125687546e+00 2.975260579044721521e+00
2.064999999999999947e+00 1.284888457500850345e+00 1.168994141059606662e+01 1.737598211940121207e+00 3.032862759940682551e+00
2.069999999999999840e+00 1.286123191436637780e+00 1.178474070640185190e+01 1.766549493902222601e+00 3.091333841927575321e+00
2.075000000000000178e+00 1.287359042476205584e+00 1.187967315629137843e+01 1.795902049516528320e+00 3.150681192909467132e+00
2.080000000000000071e+00 1.288595998546594679e+00 1.197474485655805410e+01 1.825660455289178419e+00 3.210912872248107508e+00
2.084999999999999964e+00 1.289834047576496001e+00 1.206996466120746092e+01 1.855829198293853288e+00 3.272036599966172687e+00
2.089999999999999858e+00 1.291073177496757207e+00 1.216534168605587851e+01 1.886412627339128845e+00 3.334059932657335246e+00
2.095000000000000195e+00 1.292313376240894485e+00 1.226088533417566317e+01 1.917415535049947328e+00 3.396991045382538044e+00
2.100000000000000089e+00 1.293554631745612582e+00 1.235660411463815400e+01 1.948842312279042588e+00 3.460837487600763041e+00
2.104999999999999982e+00 1.294796931951329721e+00 1.245250767149099325e+01 1.980697427805121924e+00 3.525606922571065116e+00
2.109999999999999876e+00 1.296040264802710951e+00 1.254860806675921303e+01 2.012985891693415574e+00 3.591307756027694698e+00
2.115000000000000213e+00 1.297284618249205046e+00 1.264491496965870709e+01 2.045712040121006048e+00 3.657947409952362339e+00
2.120000000000000107e+00 1.298529980245588522e+00 1.274143966059957833e+01 2.078880703291770882e+00 3.725533815217362932e+00
2.125000000000000000e+00 1.299776338752518745e+00 1.283819295627574952e+01 2.112497207173714031e+00 3.794076116088976658e+00
2.129999999999999893e+00 1.301023681737088600e+00 1.293518792097454373e+01 2.146565460380467361e+00 3.863580657885437031e+00
2.135000000000000231e+00 1.302271997173391371e+00 1.303243545536422232e+01 2.181091099246013076e+00 3.934056961228933336e+00
2.140000000000000124e+00 1.303521273043090511e+00 1.312994823482795681e+01 2.216078516317590008e+00 4.005512313055510809e+00
2.145000000000000018e+00 1.304771497335994956e+00 1.322773984943457037e+01 2.251532635949391903e+00 4.077954735258584762e+00
2.149999999999999911e+00 1.306022658050641327e+00 1.332582221252486043e+01 2.287458801312094003e+00 4.151393101714155875e+00
2.155000000000000249e+00 1.307274743194883682e+00 1.342420978595914249e+01 2.323862079335470288e+00 4.225835850875481192e+00
2.160000000000000142e+00 1.308527740786487481e+00 1.352291630240440767e+01 2.360747527494811759e+00 4.301291147168897488e+00
2.165000000000000036e+00 1.309781638853730668e+00 1.362195380607810868e+01 2.398119738160247927e+00 4.377766738487992804e+00
2.169999999999999929e+00 1.311036425436011399e+00 1.372133903316423797e+01 2.435984410395946043e+00 4.455271739163870315e+00
2.175000000000000266e+00 1.312292088584462002e+00 1.382108455852498530e+01 2.474346254316407645e+00 4.533813944863317680e+00
2.180000000000000160e+00 1.313548616362568033e+00 1.392120598778568485e+01 2.513211022734789690e+00 4.613402721911006310e+00
2.185000000000000053e+00 1.314805996846795111e+00 1.402171719918804982e+01 2.552583556997630065e+00 4.694046017016783701e+00
2.189999999999999947e+00 1.316064218127219965e+00 1.412263478648881154e+01 2.592469781102718418e+00 4.775753570338476806e+00
2.194999999999999840e+00 1.317323268308171258e+00 1.422397403817879002e+01 2.632874649552806368e+00 4.858533256138795942e+00
2.200000000000000178e+00 1.318583135508872406e+00 1.432574901735163309e+01 2.673803110669279448e+00 4.942393185103685305e+00
2.205000000000000071e+00 1.319843807864092611e+00 1.442797687987810384e+01 2.715261771882993447e+00 5.027344308983597188e+00
2.209999999999999964e+00 1.321105273524805224e+00 1.453067302834068641e+01 2.757254729140634630e+00 5.113392908479568177e+00
2.214999999999999858e+00 1.322367520658849438e+00 1.463385346711798540e+01 2.799788642598972643e+00 5.200550155404074282e+00
2.220000000000000195e+00 1.323630537451601530e+00 1.473753419414057397e+01 2.842868219498269067e+00 5.288823459360925128e+00
2.225000000000000089e+00 1.324894312106648098e+00 1.484173209655899761e+01 2.886500277045346952e+00 5.378224131712462608e+00
2.229999999999999982e+00 1.326158832846469293e+00 1.494646370539293478e+01 2.930689136487448110e+00 5.468759044407581982e+00
2.234999999999999876e+00 1.327424087913126938e+00 1.505174565004389997e+01 2.975441174610019335e+00 5.560438555054210141e+00
2.240000000000000213e+00 1.328690065568957523e+00 1.515759369522081457e+01 3.020761782494407299e+00 5.653271448155512857e+00
2.245000000000000107e+00 1.329956754097271210e+00 1.526402672437775188e+01 3.066657061358239567e+00 5.747267689147438574e+00
2.250000000000000000e+00 1.331224141803060590e+00 1.537106021029926417e+01 3.113132990661739097e+00 5.842437021038787037e+00
2.254999999999999893e+00 1.332492217013710345e+00 1.547871228816509515e+01 3.160194670312189036e+00 5.938787560086286277e+00
2.260000000000000231e+00 1.333760968079716003e+00 1.558699896199250645e+01 3.207848773232350403e+00 6.036330531103381247e+00
2.265000000000000124e+00 1.335030383375409135e+00 1.569593808802140344e+01 3.256100997585635426e+00 6.135074963021746264e+00
2.270000000000000018e+00 1.336300451299685221e+00 1.580554795300626125e+01 3.304957676038667191e+00 6.235031274148487235e+00
2.274999999999999911e+00 1.337571160276742388e+00 1.591584431881321393e+01 3.354423980218356416e+00 6.336207807110918466e+00
2.280000000000000249e+00 1.338842498756821042e+00 1.602684566944801148e+01 3.404506353544864972e+00 6.438615229199904810e+00
2.285000000000000142e+00 1.340114455216953049e+00 1.613856960015493769e+01 3.455211245439534729e+00 6.542264081022037381e+00
2.290000000000000036e+00 1.341387018161716460e+00 1.625103256664016271e+01 3.506544563051181562e+00 6.647164055838329588e+00
2.294999999999999929e+00 1.342660176123993576e+00 1.636425358857915313e+01 3.558512352574905613e+00 6.753324903666089618e+00
2.300000000000000266e+00 1.343933917665737443e+00 1.647824962974214813e+01 3.611121227675321510e+00 6.860757780763310443e+00
2.305000000000000160e+00 1.345208231378743458e+00 1.659303817342983933e+01 3.664377236783576741e+00 6.969472263313869931e+00
2.310000000000000053e+00 1.346483105885426967e+00 1.670863634416113541e+01 3.718286571570923460e+00 7.079478939291154127e+00
2.314999999999999947e+00 1.347758529839606201e+00 1.682506387170596440e+01 3.772855470455721338e+00 7.190787705694285492e+00
2.319999999999999840e+00 1.349034491927291413e+00 1.694233580803414441e+01 3.828090649416365121e+00 7.303409726045308581e+00
2.325000000000000178e+00 1.350310980867478472e+00 1.706047164768883917e+01 3.883999102820722804e+00 7.417356795591423690e+00
2.330000000000000071e+00 1.351587985412951776e+00 1.717948916183708974e+01 3.940586003083521138e+00 7.532637107575844482e+00
2.334999999999999964e+00 1.352865494351088493e+00 1.729940365910881539e+01 3.997858842995960948e+00 7.649263502955284011e+00
2.339999999999999858e+00 1.354143496504671029e+00 1.742023601727765936e+01 4.055824214909224068e+00 7.767246622077656149e+00
2.345000000000000195e+00 1.355421980732705700e+00 1.754200213901126304e+01 4.114487915551592323e+00 7.886595982572863761e+00
2.350000000000000089e+00 1.356700935931243857e+00 1.766471917310352069e+01 4.173857702177602214e+00 8.007324686318748164e+00
2.354999999999999982e+00 1.357980351034212774e+00 1.778840571363012302e+01 4.233938992821754788e+00 8.129441498513815034e+00
2.359999999999999876e+00 1.359260215014249207e+00 1.791307947425395142e+01 4.294739657796587728e+00 8.252959636856543213e+00
2.365000000000000213e+00 1.360540516883539608e+00 1.803875743323857606e+01 4.356266424696470629e+00 8.377890703995220179e+00
2.370000000000000107e+00 1.361821245694665894e+00 1.816545661994896221e+01 4.418525325595601849e+00 8.504244128913166278e+00
2.375000000000000000e+00 1.363102390541456321e+00 1.829319494291342352e+01 4.481523864451595784e+00 8.632032985152712001e+00
2.379999999999999893e+00 1.364383940559842134e+00 1.842198956590332060e+01 4.545268818207546246e+00 8.761268188026791748e+00
2.385000000000000231e+00 1.365665884928720875e+00 1.855185853394515760e+01 4.609767114537684840e+00 8.891961500024484266e+00
2.390000000000000124e+00 1.366948212870820356e+00 1.868281918629900318e+01 4.675025725622110606e+00 9.024124743203245202e+00
2.395000000000000018e+00 1.368230913653576408e+00 1.881488872848892058e+01 4.741052271332372392e+00 9.157770679241414413e+00
2.399999999999999911e+00 1.369513976590007287e+00 1.894808287798708690e+01 4.807853039668707140e+00 9.292909751118360262e+00
2.405000000000000249e+00 1.370797391039600077e+00 1.908242082176253263e+01 4.875435203090622061e+00 9.429553927965095284e+00
2.410000000000000142e+00 1.372081146409197538e+00 1.921791825805776099e+01 4.943806522959662608e+00 9.567716669557052356e+00
2.415000000000000036e+00 1.373365232153893167e+00 1.935459364557164719e+01 5.012974194086848634e+00 9.707409784913425099e+00
2.419999999999999929e+00 1.374649637777930256e+00 1.949246196525545471e+01 5.082945356333774534e+00 9.848645323259878737e+00
2.425000000000000266e+00 1.375934352835608943e+00 1.963154173966108829e+01 5.153726663311304357e+00 9.991434507712865454e+00
2.430000000000000160e+00 1.377219366932191491e+00 1.977184978436272189e+01 5.225326825173397083e+00 1.013579231876866515e+01
2.435000000000000053e+00 1.378504669724822440e+00 1.991340214915600626e+01 5.297752465212397510e+00 1.028172976720542131e+01
2.439999999999999947e+00 1.379790250923445205e+00 2.005621577263641697e+01 5.371010944458227243e+00 1.042925906370365219e+01
2.444999999999999840e+00 1.381076100291728892e+00 2.020030843872050852e+01 5.445109858775651013e+00 1.057839352263057009e+01
2.450000000000000178e+00 1.382362207647998886e+00 2.034569462135290863e+01 5.520057269151888768e+00 1.072914677890603841e+01
2.455000000000000071e+00 1.383648562866170106e+00 2.049239310895721644e+01 5.595860812254136007e+00 1.088153154241364895e+01
2.459999999999999964e+00 1.384935155876690471e+00 2.064041924656297411e+01 5.672527311413881002e+00 1.103555930638535187e+01
2.464999999999999858e+00 1.386221976667483702e+00 2.078979017798374684e+01 5.750065169714044799e+00 1.119124453350168835e+01
2.470000000000000195e+00 1.387509015284901448e+00 2.094052169127211016e+01 5.828479626519649237e+00 1.134859572876880485e+01
2.475000000000000089e+00 1.388796261834676082e+00 2.109262949721427916e+01 5.907783190597855949e+00 1.150763507428571053e+01
2.479999999999999982e+00 1.390083706482882597e+00 2.124613117890007885e+01 5.987982048040118244e+00 1.166837262507468864e+01
2.484999999999999876e+00 1.391371339456903167e+00 2.140104215567571089e+01 6.069083241428335995e+00 1.183082008773263105e+01
2.490000000000000213e+00 1.392659151046396371e+00 2.155737896304319179e+01 6.151094740088963064e+00 1.199499154750183827e+01
2.495000000000000107e+00 1.393947131604270639e+00 2.171515802298372222e+01 6.234025872658903289e+00 1.216090247390867241e+01
2.500000000000000000e+00 1.395235271547664579e+00 2.187439494299477971e+01 6.317883151053857560e+00 1.232856402356278736e+01
2.504999999999999893e+00 1.396523561358930632e+00 2.203510451056450137e+01 6.402675262948151591e+00 1.249799110001380242e+01
2.510000000000000231e+00 1.397811991586621838e+00 2.219730490394666589e+01 6.488411178384039246e+00 1.266919907743907459e+01
2.515000000000000124e+00 1.399100552846486600e+00 2.236101104785135973e+01 6.575098198349531131e+00 1.284220026303488460e+01
2.520000000000000018e+00 1.400389235822465217e+00 2.252623853137714249e+01 6.662745240356297671e+00 1.301701009002809606e+01
2.524999999999999911e+00 1.401678031267691527e+00 2.269300222888367458e+01 6.751359656920131513e+00 1.319364065105503059e+01
2.530000000000000249e+00 1.402966930005501656e+00 2.286131957207940957e+01 6.840951398726748955e+00 1.337210927607323541e+01
2.535000000000000142e+00 1.404255922930439437e+00 2.303120626559229223e+01 6.931528009796831036e+00 1.355242882688113504e+01
2.540000000000000036e+00 1.405545001009279815e+00 2.320267630842659301e+01 7.023097744174667589e+00 1.373461321431132021e+01
2.544999999999999929e+00 1.406834155282040921e+00 2.337574540950321733e+01 7.115669800987370230e+00 1.391867830592647337e+01
2.550000000000000266e+00 1.408123376863012810e+00 2.355043014068028029e+01 7.209252713229658660e+00 1.410463854899507474e+01
2.555000000000000160e+00 1.409412656941783526e+00 2.372674630778561067e+01 7.303855041281510196e+00 1.429250877411310583e+01
2.560000000000000053e+00 1.410701986784272943e+00 2.390470871667684349e+01 7.399486057181397847e+00 1.448230424590892262e+01
2.564999999999999947e+00 1.411991357733769048e+00 2.408433128733323159e+01 7.496153550223103146e+00 1.467403893456770092e+01
2.569999999999999840e+00 1.413280761211968217e+00 2.426563149710863954e+01 7.593867129495974311e+00 1.486772893234931558e+01
2.575000000000000178e+00 1.414570188720020605e+00 2.444862418388116510e+01 7.692635427390817959e+00 1.506338872759061687e+01
2.580000000000000071e+00 1.415859631839580635e+00 2.463332423375255331e+01 7.792468052055908423e+00 1.526103494110544112e+01
2.584999999999999964e+00 1.417149082233858159e+00 2.481974629006700539e+01 7.893373006519495583e+00 1.546068136125990478e+01
2.589999999999999858e+00 1.418438531648677170e+00 2.500790611504942618e+01 7.995360015985819579e+00 1.566234442711780694e+01
2.595000000000000195e+00 1.419727971913536280e+00 2.519781936326765504e+01 8.098438859922582722e+00 1.586604094461729098e+01
2.600000000000000089e+00 1.421017394942674095e+00 2.538949975512700163e+01 8.202616816674780154e+00 1.607178289661510817e+01
2.604999999999999982e+00 1.422306792736138581e+00 2.558296389420325667e+01 8.307905521930731396e+00 1.627959030459794931e+01
2.609999999999999876e+00 1.423596157380858207e+00 2.577822643603172281e+01 8.414312375398766974e+00 1.648947564909354924e+01
2.615000000000000213e+00 1.424885481051721747e+00 2.597530205016742855e+01 8.521847399926651079e+00 1.670145624614131563e+01
2.620000000000000107e+00 1.426174756012655642e+00 2.617420539558662895e+01 8.630520587501747443e+00 1.691554898118134531e+01
2.625000000000000000e+00 1.427463974617710019e+00 2.637495100488569832e+01 8.740341228586190780e+00 1.713176944045665095e+01
2.629999999999999893e+00 1.428753129312145598e+00 2.657755531349043920e+01 8.851317929870328172e+00 1.735013266595767334e+01
2.635000000000000231e+00 1.430042212633526821e+00 2.678203271451328149e+01 8.963460854006113365e+00 1.757065550266080223e+01
2.640000000000000124e+00 1.431331217212814755e+00 2.698839610732949268e+01 9.076780260581291060e+00 1.779335566218103537e+01
2.645000000000000018e+00 1.432620135775467096e+00 2.719666343931082864e+01 9.191284965675336593e+00 1.801824809010349071e+01
2.649999999999999911e+00 1.433908961142540850e+00 2.740684643106282437e+01 9.306987029815088519e+00 1.824535321453981851e+01
2.655000000000000249e+00 1.435197686231796554e+00 2.761896128377966875e+01 9.423891671780287638e+00 1.847467949278022203e+01
2.660000000000000142e+00 1.436486304058808727e+00 2.783302497198391379e+01 9.542013262575625987e+00 1.870625167926345256e+01
2.665000000000000036e+00 1.437774807738079197e+00 2.804904825818093528e+01 9.661358606471102561e+00 1.894008131502575409e+01
2.669999999999999929e+00 1.439063190484150212e+00 2.826704813531521054e+01 9.781940413866447415e+00 1.917619004481997180e+01
2.675000000000000266e+00 1.440351445612727099e+00 2.848703867823864755e+01 9.903767552477123814e+00 1.941459237921328196e+01
2.680000000000000160e+00 1.441639566541798700e+00 2.870903244970533308e+01 1.002684897503982242e+01 1.965530387800251688e+01
2.685000000000000053e+00 1.442927546792763360e+00 2.893304788872309885e+01 1.015119587842864668e+01 1.989834324873882920e+01
2.689999999999999947e+00 1.444215379991559578e+00 2.915909812214592378e+01 1.027681721845920571e+01 2.014372519643250925e+01
2.694999999999999840e+00 1.445503059869796658e+00 2.938719642146950406e+01 1.040372602984666450e+01 2.039147286351099808e+01
2.700000000000000178e+00 1.446790580265890691e+00 2.961735751259576688e+01 1.053192961272959316e+01 2.064159779316342025e+01
2.705000000000000071e+00 1.448077935126202975e+00 2.984959630069259262e+01 1.066143918801402179e+01 2.089411893188038505e+01
2.709999999999999964e+00 1.449365118506182437e+00 3.008392756139526725e+01 1.079226807987704362e+01 2.114905909604538436e+01
2.714999999999999858e+00 1.450652124571508272e+00 3.032036670936036060e+01 1.092442194295206370e+01 2.140642730215983036e+01
2.720000000000000195e+00 1.451938947599239915e+00 3.055892504211086447e+01 1.105791388015323662e+01 2.166624590257344707e+01
2.725000000000000089e+00 1.453225581978965009e+00 3.079962052686974161e+01 1.119275377856807729e+01 2.192853134226639611e+01
2.729999999999999982e+00 1.454512022213955591e+00 3.104246337826603508e+01 1.132895293845263041e+01 2.219330315554513788e+01
2.734999999999999876e+00 1.455798262922322506e+00 3.128747072125420914e+01 1.146652124072975099e+01 2.246057737810597388e+01
2.740000000000000213e+00 1.457084298838174696e+00 3.153465780963637854e+01 1.160546856503490964e+01 2.273037076067954843e+01
2.745000000000000107e+00 1.458370124812782276e+00 3.178403553631422085e+01 1.174580642236046657e+01 2.300270262235530438e+01
2.750000000000000000e+00 1.459655735815740485e+00 3.203561994186825501e+01 1.188754691825140775e+01 2.327759393304294377e+01
2.754999999999999893e+00 1.460941126936137202e+00 3.228942524380157408e+01 1.203069992636897645e+01 2.355505996362134269e+01
2.760000000000000231e+00 1.462226293383724007e+00 3.254546659094528849e+01 1.217527363136166230e+01 2.383511486814904501e+01
2.765000000000000124e+00 1.463511230490086357e+00 3.280375466965912779e+01 1.232128401729299760e+01 2.411778696418161871e+01
2.770000000000000018e+00 1.464795933709824194e+00 3.306430774050808452e+01 1.246873730397758884e+01 2.440308420481805030e+01
2.774999999999999911e+00 1.466080398621724123e+00 3.332713653883138960e+01 1.261764563680042883e+01 2.469102851185230563e+01
2.780000000000000249e+00 1.467364620929943797e+00 3.359225586059221058e+01 1.276802144646682002e+01 2.498164043098400100e+01
2.785000000000000142e+00 1.468648596465194744e+00 3.385967867511584473e+01 1.291987500256920107e+01 2.527493730171608277e+01
2.790000000000000036e+00 1.469932321185927426e+00 3.412942154141008189e+01 1.307321686711631692e+01 2.557093591199061322e+01
2.794999999999999929e+00 1.471215791179520282e+00 3.440149558209017755e+01 1.322805739002621550e+01 2.586965409559355678e+01
2.800000000000000266e+00 1.472499002663467449e+00 3.467591547391713647e+01 1.338440934170078656e+01 2.617111358393318454e+01
2.805000000000000160e+00 1.473781951986576466e+00 3.495269663315396258e+01 1.354228346671731131e+01 2.647533163635931786e+01
2.810000000000000053e+00 1.475064635630160437e+00 3.523184926455063959e+01 1.370169014112629924e+01 2.678232608817031490e+01
2.814999999999999947e+00 1.476347050209237288e+00 3.551338857462086906e+01 1.386264038883363803e+01 2.709211540833654297e+01
2.819999999999999840e+00 1.477629192473728592e+00 3.579733081238642711e+01 1.402514729107494595e+01 2.740472090348392697e+01
2.825000000000000178e+00 1.478911059309663267e+00 3.608368418997557114e+01 1.418921906565382152e+01 2.772015601245147209e+01
2.830000000000000071e+00 1.480192647740382617e+00 3.637246564933852966e+01 1.435486933534758514e+01 2.803844428645236064e+01
2.834999999999999964e+00 1.481473954927746250e+00 3.666368852371329012e+01 1.452210907029154185e+01 2.835960361527286722e+01
2.839999999999999858e+00 1.482754978173340454e+00 3.695736524707542259e+01 1.469094920079965405e+01 2.868365173620896869e+01
2.845000000000000195e+00 1.484035714919693882e+00 3.725350918125052857e+01 1.486139876481119870e+01 2.901060440358608972e+01
2.850000000000000089e+00 1.485316162751484814e+00 3.755213169163758380e+01 1.503347340928383247e+01 2.934048802899192410e+01
2.854999999999999982e+00 1.486596319396762178e+00 3.785324946310331029e+01 1.520718002490661114e+01 2.967331256633998748e+01
2.859999999999999876e+00 1.487876182728162133e+00 3.815687303313398360e+01 1.538253442073350108e+01 3.000910549081545398e+01
2.865000000000000213e+00 1.489155750764126207e+00 3.846301544266612638e+01 1.555954347291314299e+01 3.034787783716596365e+01
2.870000000000000107e+00 1.490435021670126092e+00 3.877168889790412720e+01 1.573822317480821731e+01 3.068965672243352572e+01
2.875000000000000000e+00 1.491713993759884893e+00 3.908290978403169191e+01 1.591858073802752926e+01 3.103445232463194614e+01
2.879999999999999893e+00 1.492992665496607696e+00 3.939668765389362903e+01 1.610062993641682638e+01 3.138228956989728147e+01
2.885000000000000231e+00 1.494271035494205480e+00 3.971303610626856084e+01 1.628438020697305788e+01 3.173318319624493355e+01
2.890000000000000124e+00 1.495549102518527240e+00 4.003196550991927438e+01 1.646984543960326164e+01 3.208715736293034837e+01
2.895000000000000018e+00 1.496826865488593894e+00 4.035349205695982278e+01 1.665703549616471690e+01 3.244422716899914150e+01
2.899999999999999911e+00 1.498104323477830180e+00 4.067762596537603770e+01 1.684596185954797676e+01 3.280441140278369971e+01
2.905000000000000249e+00 1.499381475715303225e+00 4.100437811261124210e+01 1.703663642055521521e+01 3.316773064876314692e+01
2.910000000000000142e+00 1.500658321586958444e+00 4.133376554050730789e+01 1.722906941703889316e+01 3.353420123419835619e+01
2.915000000000000036e+00 1.501934860636862323e+00 4.166579408892696534e+01 1.742327458702946430e+01 3.390384697550234705e+01
2.919999999999999929e+00 1.503211092568443430e+00 4.200048047437660159e+01 1.761926218799627719e+01 3.427668423945082310e+01
2.925000000000000266e+00 1.504487017245737190e+00 4.233783643028789356e+01 1.781704190696488510e+01 3.465272849495112695e+01
2.930000000000000160e+00 1.505762634694630231e+00 4.267787192048601952e+01 1.801662588485699601e+01 3.503200062069843312e+01
2.935000000000000053e+00 1.507037945104112264e+00 4.302059687765191853e+01 1.821802856241204083e+01 3.541452406716881995e+01
2.939999999999999947e+00 1.508312948827522426e+00 4.336602528223361475e+01 1.842125533630672507e+01 3.580030868375018116e+01
2.944999999999999840e+00 1.509587646383803383e+00 4.371417324347090982e+01 1.862632407000429779e+01 3.618938318159968759e+01
2.950000000000000178e+00 1.510862038458753664e+00 4.406504181173831114e+01 1.883324354533737832e+01 3.658176260094381149e+01
2.955000000000000071e+00 1.512136125906285322e+00 4.441865102328905834e+01 1.904202236198377918e+01 3.697746020531219102e+01
2.959999999999999964e+00 1.513409909749681370e+00 4.477500886589979245e+01 1.925267509927140352e+01 3.737650053889569080e+01
2.964999999999999858e+00 1.514683391182853445e+00 4.513412597818970795e+01 1.946521225193503923e+01 3.777890245088971000e+01
2.970000000000000195e+00 1.515956571571605682e+00 4.549601464599986400e+01 1.967964632429567473e+01 3.818468550395878935e+01
2.975000000000000089e+00 1.517229452454897709e+00 4.586068182833277973e+01 1.989598453354629015e+01 3.859386085819019740e+01
2.979999999999999982e+00 1.518502035546109630e+00 4.622814568786535716e+01 2.011424078908252255e+01 3.900645193572663771e+01
2.984999999999999876e+00 1.519774322734309235e+00 4.659840825411953347e+01 2.033442935795414641e+01 3.942248419642024260e+01
2.990000000000000213e+00 1.521046316085523209e+00 4.697148670949164995e+01 2.055655620571622677e+01 3.984196476493843875e+01
2.995000000000000107e+00 1.522318017844006111e+00 4.734739231695694883e+01 2.078063465591294801e+01 4.026491733295728892e+01
3.000000000000000000e+00 1.523589430433515579e+00 4.772612856438300355e+01 2.100667650635006467e+01 4.069136032073193832e+01
3.004999999999999893e+00 1.524860556458587313e+00 4.810770670209969069e+01 2.123469271685046778e+01 4.112131424356135767e+01
3.010000000000000231e+00 1.526131398705811604e+00 4.849214133023964735e+01 2.146469411411337802e+01 4.155479429822862159e+01
3.015000000000000124e+00 1.527401960145112314e+00 4.887944013785801189e+01 2.169668830912154789e+01 4.199181409220829408e+01
3.020000000000000018e+00 1.528672243931031183e+00 4.926961273369080629e+01 2.193069394912920700e+01 4.243240493523519064e+01
3.024999999999999911e+00 1.529942253404009023e+00 4.966267088807668273e+01 2.216671372977058496e+01 4.287657017796902181e+01
3.030000000000000249e+00 1.531211992091669805e+00 5.005862150400722044e+01 2.240476606391193926e+01 4.332434168036409261e+01
3.035000000000000142e+00 1.532481463710112957e+00 5.045747150811991588e+01 2.264485579785317526e+01 4.377572642933955649e+01
3.040000000000000036e+00 1.533750672165198337e+00 5.085923438903999028e+01 2.288699685274679041e+01 4.423074753943431148e+01
3.044999999999999929e+00 1.535019621553841640e+00 5.126391789390535081e+01 2.313119984809953777e+01 4.468942344074550022e+01
3.050000000000000266e+00 1.536288316165307810e+00 5.167153313143762716e+01 2.337747582171512306e+01 4.515177166330308722e+01
3.055000000000000160e+00 1.537556760482504448e+00 5.208208595405414343e+01 2.362583226124853297e+01 4.561780475440578186e+01
3.060000000000000053e+00 1.538824959183287211e+00 5.249558389819245718e+01 2.387628519635205038e+01 4.608754892302205519e+01
3.064999999999999947e+00 1.540092917141751672e+00 5.291204074392847190e+01 2.412884070143569915e+01 4.656101456529114557e+01
3.070000000000000284e+00 1.541360639429545376e+00 5.333145879304468906e+01 2.438351162664698890e+01 4.703822347063692888e+01
3.075000000000000178e+00 1.542628131317168361e+00 5.375385003150605456e+01 2.464030894543207140e+01 4.751919173482373537e+01
3.080000000000000071e+00 1.543895398275281439e+00 5.417922286239179641e+01 2.489924422188715525e+01 4.800394220290712610e+01
3.084999999999999964e+00 1.545162445976019150e+00 5.460758233814896556e+01 2.516032131214605982e+01 4.849247688643452392e+01
3.089999999999999858e+00 1.546429280294300046e+00 5.503894114252106817e+01 2.542355820838531599e+01 4.898482881040298054e+01
3.095000000000000195e+00 1.547695907309144969e+00 5.547330008354511222e+01 2.568896142037828767e+01 4.948100742568709620e+01
3.100000000000000089e+00 1.548962333304992001e+00 5.591067432347307431e+01 2.595654354330841684e+01 4.998103454103252119e+01
3.104999999999999982e+00 1.550228564773019402e+00 5.635106480055347333e+01 2.622631105707391796e+01 5.048491885325466910e+01
3.109999999999999876e+00 1.551494608412467890e+00 5.679448141382115978e+01 2.649827844241134756e+01 5.099268687206517825e+01
3.115000000000000213e+00 1.552760471131968911e+00 5.724093460416440138e+01 2.677245099329034161e+01 5.150434381862397260e+01
3.120000000000000107e+00 1.554026160050869576e+00 5.769042324539940125e+01 2.704884476225572598e+01 5.201992128904299761e+01
3.125000000000000000e+00 1.555291682500568706e+00 5.814296100240713372e+01 2.732746248959701418e+01 5.253941931153801903e+01
3.129999999999999893e+00 1.556557046025848434e+00 5.859855471704847218e+01 2.760832131592438898e+01 5.306286871795801829e+01
3.135000000000000231e+00 1.557822258386214909e+00 5.905720754884891477e+01 2.789142868801301844e+01 5.359028187058498816e+01
3.140000000000000124e+00 1.559087327557234559e+00 5.951892554355796960e+01 2.817678899890062283e+01 5.412166381035378748e+01
3.145000000000000018e+00 1.560352261731882795e+00 5.998372063443267876e+01 2.846442059533865887e+01 5.465704714598310687e+01
3.149999999999999911e+00 1.561617069321888263e+00 6.045159268369624783e+01 2.875432714228206521e+01 5.519643658139258946e+01
3.155000000000000249e+00 1.562881758959084433e+00 6.092254610675578164e+01 2.904651951736584081e+01 5.573985204531404491e+01
3.160000000000000142e+00 1.564146339496760740e+00 6.139659526617364094e+01 2.934100685655499063e+01 5.628730585199160430e+01
3.165000000000000036e+00 1.565410820011023496e+00 6.187373775788140051e+01 2.963780173760252268e+01 5.683882086216466689e+01
3.169999999999999929e+00 1.566675209802153468e+00 6.235398300945087158e+01 2.993690653568436488e+01 5.739440059772707059e+01
3.175000000000000266e+00 1.567939518395971676e+00 6.283733525514210783e+01 3.023833795360522103e+01 5.795407242426114180e+01
3.180000000000000160e+00 1.569203755545205192e+00 6.332380220999183251e+01 3.054210142406957829e+01 5.851784473373093221e+01
3.185000000000000053e+00 1.570467931230861369e+00 6.381338510316570733e+01 3.084820712313130997e+01 5.908573657001274171e+01
3.189999999999999947e+00 1.571732055663601191e+00 6.430608975660308602e+01 3.115666550851078753e+01 5.965776295040881649e+01
3.195000000000000284e+00 1.572996139285118833e+00 6.480192067520108878e+01 3.146747855468829869e+01 6.023392773271472578e+01
3.200000000000000178e+00 1.574260192769525224e+00 6.530088391532255798e+01 3.178066360436073978e+01 6.081426069772999199e+01
3.205000000000000071e+00 1.575524227024737378e+00 6.580298423421071163e+01 3.209622470268482175e+01 6.139876653613384150e+01
3.209999999999999964e+00 1.576788253193867284e+00 6.630822587506023069e+01 3.241417264790801767e+01 6.198746423748989542e+01
3.214999999999999858e+00 1.578052282656617233e+00 6.681661167239396093e+01 3.273451533289115645e+01 6.258036794557401095e+01
3.220000000000000195e+00 1.579316327030685141e+00 6.732814626141718861e+01 3.305725936876206816e+01 6.317748568005900012e+01
3.225000000000000089e+00 1.580580398173165202e+00 6.784283077652193583e+01 3.338241255042036926e+01 6.377883270238150715e+01
3.229999999999999982e+00 1.581844508181959430e+00 6.836067326461513005e+01 3.370998579246472815e+01 6.438442610440041847e+01
3.234999999999999876e+00 1.583108669397191415e+00 6.888167843494379383e+01 3.403999041080442822e+01 6.499428664692544544e+01
3.240000000000000213e+00 1.584372894402625409e+00 6.940584054659572644e+01 3.437242515532214071e+01 6.560840952067196952e+01
3.245000000000000107e+00 1.585637196027092743e+00 6.993317487938112720e+01 3.470730579569773511e+01 6.622682128831836224e+01
3.250000000000000000e+00 1.586901587345919129e+00 7.046367393887744868e+01 3.504463766216218090e+01 6.684953102161436789e+01
3.254999999999999893e+00 1.588166081682362174e+00 7.099734946211106035e+01 3.538443006074732011e+01 6.747655493994983544e+01
3.260000000000000231e+00 1.589430692609048013e+00 7.153419613642810759e+01 3.572668816276221548e+01 6.810790165253946782e+01
3.265000000000000124e+00 1.590695433949419924e+00 7.207422383200997729e+01 3.607142031943300253e+01 6.874358353331896865e+01
3.270000000000000018e+00 1.591960319779189614e+00 7.261743247770073140e+01 3.641863614134381066e+01 6.938361661320966789e+01
3.274999999999999911e+00 1.593225364427793389e+00 7.316382181772043225e+01 3.676833922707059088e+01 7.002800784958105851e+01
3.280000000000000249e+00 1.594490582479856755e+00 7.371339694963857880e+01 3.712053972133701762e+01 7.067677288515592693e+01
3.285000000000000142e+00 1.595755988776664358e+00 7.426615785826875538e+01 3.747524101777824512e+01 7.132991930723343899e+01
3.290000000000000036e+00 1.597021598417631694e+00 7.482210781350921991e+01 3.783245290924195103e+01 7.198745962680206389e+01
3.294999999999999929e+00 1.598287426761794583e+00 7.538125198493528956e+01 3.819218685577587280e+01 7.264941634897341771e+01
3.300000000000000266e+00 1.599553489429289543e+00 7.594358710090671138e+01 3.855444123641391485e+01 7.331578448689030836e+01
3.305000000000000160e+00 1.600819802302856587e+00 7.650911508902053981e+01 3.891922580479695881e+01 7.398658184637332624e+01
3.310000000000000053e+00 1.602086381529337800e+00 7.707783937804370566e+01 3.928655104572366952e+01 7.466182443808693847e+01
3.314999999999999947e+00 1.603353243521186133e+00 7.764976027508929235e+01 3.965641604961931677e+01 7.534151009870721794e+01
3.320000000000000284e+00 1.604620404957985969e+00 7.822487814137188877e+01 4.002883387501898227e+01 7.602566136281687648e+01
3.325000000000000178e+00 1.605887882787973897e+00 7.880319676959852870e+01 4.040380819229752518e+01 7.671428508015267766e+01
3.330000000000000071e+00 1.607155694229572163e+00 7.938471126140072442e+01 4.078134324921958154e+01 7.740738712332363036e+01
3.334999999999999964e+00 1.608423856772927873e+00 7.996942904228829718e+01 4.116145011326642589e+01 7.810498568559712851e+01
3.339999999999999858e+00 1.609692388181460876e+00 8.055734367000096086e+01 4.154412989956192348e+01 7.880708320653384646e+01
3.345000000000000195e+00 1.610961306493419842e+00 8.114846292888391588e+01 4.192938967621152813e+01 7.951368929314716638e+01
3.350000000000000089e+00 1.612230630023444355e+00 8.174278187177036159e+01 4.231723415850632364e+01 8.022481339181422300e+01
3.354999999999999982e+00 1.613500377364142535e+00 8.234030824493810030e+01 4.270767090540805810e+01 8.094046767251053609e+01
3.359999999999999876e+00 1.614770567387667999e+00 8.294102752607069817e+01 4.310070521754784068e+01 8.166066099027537462e+01
3.365000000000000213e+00 1.616041219247312144e+00 8.354495075547391991e+01 4.349633454363330998e+01 8.238538796656598606e+01
3.370000000000000107e+00 1.617312352379102647e+00 8.415207708227515582e+01 4.389458227181221872e+01 8.311468915867722274e+01
3.375000000000000000e+00 1.618583986503417060e+00 8.476240386214733746e+01 4.429543439565577501e+01 8.384853870124246100e+01
3.379999999999999893e+00 1.619856141626595081e+00 8.537592915270269600e+01 4.469890724317326658e+01 8.458696629642948039e+01
3.385000000000000231e+00 1.621128838042573905e+00 8.599265532607103069e+01 4.510499521299882986e+01 8.532995823615087261e+01
3.390000000000000124e+00 1.622402096334521149e+00 8.661257172580481267e+01 4.551371143256922380e+01 8.607754155725046985e+01
3.395000000000000018e+00 1.623675937376488410e+00 8.723569330228647800e+01 4.592506148940989164e+01 8.682972171896729208e+01
3.399999999999999911e+00 1.624950382335069499e+00 8.786201446639137203e+01 4.633905288932216138e+01 8.758651261727077042e+01
3.405000000000000249e+00 1.626225452671069327e+00 8.849152466656813942e+01 4.675567550169765241e+01 8.834789591037370826e+01
3.410000000000000142e+00 1.627501170141188780e+00 8.912423234030269725e+01 4.717494065677487924e+01 8.911389018221633762e+01
3.415000000000000036e+00 1.628777556799715365e+00 8.976013189810220183e+01 4.759685541111750950e+01 8.988450907700578796e+01
3.419999999999999929e+00 1.630054635000228513e+00 9.039921810783424405e+01 4.802141878280109211e+01 9.065974796490166909e+01
3.425000000000000266e+00 1.631332427397314877e+00 9.104149436460046729e+01 4.844864061922900333e+01 9.143962674511980993e+01
3.430000000000000160e+00 1.632610956948298497e+00 9.168695736614675695e+01 4.887851946211944920e+01 9.222413885005961731e+01
3.435000000000000053e+00 1.633890246914980304e+00 9.233560742636113616e+01 4.931105709011111315e+01 9.301328845535734047e+01
3.439999999999999947e+00 1.635170320865392934e+00 9.298744097591726643e+01 4.974626767893387580e+01 9.380710056348682713e+01
3.445000000000000284e+00 1.636451202675564431e+00 9.364245472955180105e+01 5.018414282360833312e+01 9.460555849736158507e+01
3.450000000000000178e+00 1.637732916531301264e+00 9.430065114837569240e+01 5.062469125535253056e+01 9.540867750704700256e+01
3.455000000000000071e+00 1.639015486929979559e+00 9.496201823780734230e+01 5.106790964775105834e+01 9.621645168225457212e+01
3.459999999999999964e+00 1.640298938682350771e+00 9.562656041834748066e+01 5.151380658931694967e+01 9.702889495620645732e+01
3.464999999999999858e+00 1.641583296914366441e+00 9.629427104083028155e+01 5.196238095681115254e+01 9.784600745994025317e+01
3.470000000000000195e+00 1.642868587069010289e+00 9.696515054975624537e+01 5.241363942265188314e+01 9.866779780103678377e+01
3.475000000000000089e+00 1.644154834908149621e+00 9.763919332906030490e+01 5.286758755331958781e+01 9.949427578221940394e+01
3.479999999999999982e+00 1.645442066514400281e+00 9.831640168173382222e+01 5.332421913891938914e+01 1.003254309716284780e+02
3.484999999999999876e+00 1.646730308293007594e+00 9.899676102989967319e+01 5.378353494469158136e+01 1.011612633818905778e+02
3.490000000000000213e+00 1.648019586973742623e+00 9.968028600869868683e+01 5.424554843669602633e+01 1.020017943211073685e+02
3.495000000000000107e+00 1.649309929612814640e+00 1.003669539466800984e+02 5.471025088377216150e+01 1.028470128034307152e+02
3.500000000000000000e+00 1.650601363594798476e+00 1.010567779038961049e+02 5.517765337416767579e+01 1.036969332282399705e+02
3.504999999999999893e+00 1.651893916634581849e+00 1.017489195456783904e+02 5.564714149695558376e+01 1.045498226110581470e+02
3.510000000000000231e+00 1.653187616779326907e+00 1.024441941512492349e+02 5.611931343014388318e+01 1.054073700805203089e+02
3.515000000000000124e+00 1.654482492410449757e+00 1.031425854175654138e+02 5.659417850842297071e+01 1.062695934894829577e+02
3.520000000000000018e+00 1.655778572245619973e+00 1.038440966649160515e+02 5.707172787101270472e+01 1.071364735441452893e+02
3.524999999999999911e+00 1.657075885340773880e+00 1.045487244549250505e+02 5.755196781643435600e+01 1.080080254686126153e+02
3.530000000000000249e+00 1.658374461092151142e+00 1.052564543407994364e+02 5.803489866893732341e+01 1.088842470808394580e+02
3.535000000000000142e+00 1.659674329238346902e+00 1.059672964928469696e+02 5.852052199304305447e+01 1.097651368328631492e+02
3.540000000000000036e+00 1.660975519862385452e+00 1.066812273012484695e+02 5.900882819620697717e+01 1.106506847643231026e+02
3.544999999999999929e+00 1.662278063393811456e+00 1.073982598424179855e+02 5.949983587621278502e+01 1.115409200371983331e+02
3.550000000000000266e+00 1.663581990610803807e+00 1.081183829013326374e+02 5.999353045029516096e+01 1.124358135222862529e+02
3.555000000000000160e+00 1.664887332642308815e+00 1.088415893487961483e+02 6.048991471904957962e+01 1.133353746537576257e+02
3.560000000000000053e+00 1.666194120970192039e+00 1.095678780551051972e+02 6.098899396527541938e+01 1.142396059403336182e+02
3.564999999999999947e+00 1.667502387431416100e+00 1.102972374986895261e+02 6.149076162407194346e+01 1.151485017808929570e+02
3.570000000000000284e+00 1.668812164220237593e+00 1.110296761980967091e+02 6.199522622519182846e+01 1.160620737102100861e+02
3.575000000000000178e+00 1.670123483890425531e+00 1.117646952279790185e+02 6.250217079288943722e+01 1.169799866100970718e+02
3.580000000000000071e+00 1.671436379357503110e+00 1.125032354946789894e+02 6.301200370445558718e+01 1.179028686459991206e+02
3.584999999999999964e+00 1.672750883901015451e+00 1.132448274710976222e+02 6.352453040923295191e+01 1.188304184483222912e+02
3.589999999999999858e+00 1.674067031166816655e+00 1.139894705729119408e+02 6.403974697997355747e+01 1.197626346643975950e+02
3.595000000000000195e+00 1.675384855169382847e+00 1.147371570537557659e+02 6.455765487803782321e+01 1.206995119571808033e+02
3.600000000000000089e+00 1.676704390294149860e+00 1.154878775671953690e+02 6.507824803438613515e+01 1.216410481848331813e+02
3.604999999999999982e+00 1.678025671299876453e+00 1.162416314392012993e+02 6.560152975810005671e+01 1.225872427936184010e+02
3.609999999999999876e+00 1.679348733321033071e+00 1.169984057136736766e+02 6.612748996090644482e+01 1.235380751446834324e+02
3.615000000000000213e+00 1.680673611870211692e+00 1.177581985712336632e+02 6.665613373780365691e+01 1.244935632549381950e+02
3.620000000000000107e+00 1.682000342840573426e+00 1.185210078351070422e+02 6.718746369713745992e+01 1.254537034691206117e+02
3.625000000000000000e+00 1.683328962508309878e+00 1.192868224350444990e+02 6.772147082656506711e+01 1.264184812521654635e+02
3.629999999999999893e+00 1.684659507535143819e+00 1.200556389019772467e+02 6.825816645728545495e+01 1.273879189578013751e+02
3.635000000000000231e+00 1.685992014970846498e+00 1.208274432805501704e+02 6.879753148947250452e+01 1.283619828493569628e+02
3.640000000000000124e+00 1.687326522255794936e+00 1.216022370397716941e+02 6.933957025411994834e+01 1.293406801463693512e+02
3.645000000000000018e+00 1.688663067223552527e+00 1.223800203437205738e+02 6.988428526784340988e+01 1.303240083327015668e+02
3.649999999999999911e+00 1.690001688103477839e+00 1.231607707281253141e+02 7.043167121292748334e+01 1.313119680560337486e+02
3.655000000000000249e+00 1.691342423523365834e+00 1.239444883739990786e+02 7.098172398411995232e+01 1.323045502847695332e+02
3.660000000000000142e+00 1.692685312512123508e+00 1.247311662679770592e+02 7.153444141488280650e+01 1.333017443049825488e+02
3.665000000000000036e+00 1.694030394502469727e+00 1.255207996083282751e+02 7.208982554228821016e+01 1.343035590722254540e+02
3.669999999999999929e+00 1.695377709333675487e+00 1.263133734127471683e+02 7.264786380897284346e+01 1.353099733248261032e+02
3.675000000000000266e+00 1.696727297254325917e+00 1.271088969463403231e+02 7.320856256068785228e+01 1.363209921584211486e+02
3.680000000000000160e+00 1.698079198925130706e+00 1.279073460586233466e+02 7.377192327882666234e+01 1.373366273017614390e+02
3.685000000000000053e+00 1.699433455421752726e+00 1.287087249674902694e+02 7.433793172052502030e+01 1.383568454427229426e+02
3.689999999999999947e+00 1.700790108237682396e+00 1.295130275957303638e+02 7.490658768087813257e+01 1.393816505063789748e+02
3.695000000000000284e+00 1.702149199287140036e+00 1.303202300885485272e+02 7.547789234665278002e+01 1.404110469693637526e+02
3.700000000000000178e+00 1.703510770908022831e+00 1.311303438706516147e+02 7.605184307848804792e+01 1.414450243437775327e+02
3.705000000000000071e+00 1.704874865864877798e+00 1.319433562167593834e+02 7.662843547149843459e+01 1.424835790576322836e+02
3.709999999999999964e+00 1.706241527351919807e+00 1.327592589728934058e+02 7.720765902184456309e+01 1.435266903737903874e+02
3.714999999999999858e+00 1.707610798996081591e+00 1.335780409846865950e+02 7.778951933005740216e+01 1.445743713124324472e+02
3.720000000000000195e+00 1.708982724860113711e+00 1.343996968656844899e+02 7.837400610261812517e+01 1.456266044959841111e+02
3.725000000000000089e+00 1.710357349445704500e+00 1.352242204882421674e+02 7.896111723200267818e+01 1.466833811111179102e+02
3.729999999999999982e+00 1.711734717696661745e+00 1.360515976970259260e+02 7.955084835232916873e+01 1.477447006122984021e+02
3.734999999999999876e+00 1.713114875002117454e+00 1.368818333372537666e+02 8.014320115540236600e+01 1.488105606860312378e+02
3.740000000000000213e+00 1.714497867199787251e+00 1.377149127960742305e+02 8.073817043701787100e+01 1.498809566449199906e+02
3.745000000000000107e+00 1.715883740579261962e+00 1.385508259449800619e+02 8.133575086770495943e+01 1.509558744234083747e+02
3.750000000000000000e+00 1.717272541885350057e+00 1.393895717890940489e+02 8.193593501944216939e+01 1.520353073685813854e+02
3.754999999999999893e+00 1.718664318321458495e+00 1.402311329844756358e+02 8.253872279418662572e+01 1.531192536019987358e+02
3.760000000000000231e+00 1.720059117553022654e+00 1.410755101341863451e+02 8.314410615522328385e+01 1.542076991389222655e+02
3.765000000000000124e+00 1.721456987710977105e+00 1.419226934052400395e+02 8.375207935371575729e+01 1.553006302156373977e+02
3.770000000000000018e+00 1.722857977395276574e+00 1.427726699163475246e+02 8.436264557270231990e+01 1.563980590113573044e+02
3.774999999999999911e+00 1.724262135678464647e+00 1.436254354113589216e+02 8.497580232968512348e+01 1.574999814812462660e+02
3.780000000000000249e+00 1.725669512109285098e+00 1.444809834681856842e+02 8.559152870080745856e+01 1.586063608235146489e+02
3.785000000000000142e+00 1.727080156716347847e+00 1.453393040861013503e+02 8.620983596316131070e+01 1.597172143960865753e+02
3.790000000000000036e+00 1.728494120011841551e+00 1.462003917918881086e+02 8.683072103407745601e+01 1.608325376296797629e+02
3.794999999999999929e+00 1.729911452995299248e+00 1.470642350318811680e+02 8.745415905322373362e+01 1.619522898347564137e+02
3.800000000000000266e+00 1.731332207157411762e+00 1.479308237568645268e+02 8.808016171195704658e+01 1.630764926397431225e+02
3.805000000000000160e+00 1.732756434483898600e+00 1.488001594404300647e+02 8.870872895878549969e+01 1.642051458576654852e+02
3.810000000000000053e+00 1.734184187459427706e+00 1.496722225669959698e+02 8.933984039962703605e+01 1.653382129412099175e+02
3.814999999999999947e+00 1.735615519071593615e+00 1.505470113041024547e+02 8.997350240823926981e+01 1.664757089064798379e+02
3.820000000000000284e+00 1.737050482814948671e+00 1.514245127318549748e+02 9.060970661540689264e+01 1.676176172881476418e+02
3.825000000000000178e+00 1.738489132695088868e+00 1.523047304313182337e+02 9.124844388691965946e+01 1.687639225359990292e+02
3.830000000000000071e+00 1.739931523232801869e+00 1.531876464642630253e+02 9.188972171924659449e+01 1.699146419423263126e+02
3.834999999999999964e+00 1.741377709468272084e+00 1.540732417874650650e+02 9.253351847681038578e+01 1.710697373421661496e+02
3.839999999999999858e+00 1.742827746965340152e+00 1.549615278553447126e+02 9.317983700700105487e+01 1.722292147701819260e+02
3.845000000000000195e+00 1.744281691815829705e+00 1.558524985224316026e+02 9.382867323544043359e+01 1.733930618715982632e+02
3.850000000000000089e+00 1.745739600643932299e+00 1.567461247365866654e+02 9.448001735686227676e+01 1.745612727463391138e+02
3.854999999999999982e+00 1.747201530610656750e+00 1.576424128873059090e+02 9.513387074073617100e+01 1.757338430240834555e+02
3.859999999999999876e+00 1.748667539418339745e+00 1.585413484124060801e+02 9.579022192712938022e+01 1.769107595269510114e+02
3.865000000000000213e+00 1.750137685315223512e+00 1.594429277807282688e+02 9.644906553496569757e+01 1.780920081868731870e+02
3.870000000000000107e+00 1.751612027100100555e+00 1.603471444944188420e+02 9.711040634751661571e+01 1.792776033237586262e+02
3.875000000000000000e+00 1.753090624127023878e+00 1.612539834220525279e+02 9.777423101585311827e+01 1.804675214042212872e+02
3.879999999999999893e+00 1.754573536310083837e+00 1.621634384195935752e+02 9.844052387497177392e+01 1.816617355689584485e+02
3.885000000000000231e+00 1.756060824128258258e+00 1.630755091497187550e+02 9.910929968914668109e+01 1.828602732035901681e+02
3.890000000000000124e+00 1.757552548630337386e+00 1.639901737229515959e+02 9.978054312750070665e+01 1.840631090511015486e+02
3.895000000000000018e+00 1.759048771439909009e+00 1.649074339568934988e+02 1.004542405746048530e+02 1.852702168720512361e+02
3.899999999999999911e+00 1.760549554760425739e+00 1.658272821098707084e+02 1.011304047569473568e+02 1.864816296277042227e+02
3.905000000000000249e+00 1.762054961380348228e+00 1.667496538733678619e+02 1.018090160597180045e+02 1.876973153531176308e+02
3.910000000000000142e+00 1.763565054678360111e+00 1.676746413702214227e+02 1.024900681945062644e+02 1.889172491748497293e+02
3.915000000000000036e+00 1.765079898628665322e+00 1.686021942529516764e+02 1.031735695262465100e+02 1.901414546477902547e+02
3.919999999999999929e+00 1.766599557806353804e+00 1.695322932339555848e+02 1.038594965110785040e+02 1.913698976196417902e+02
3.925000000000000266e+00 1.768124097392861804e+00 1.704649393116246472e+02 1.045478516312759041e+02 1.926025758445344422e+02
3.930000000000000160e+00 1.769653583181507006e+00 1.714001248613975577e+02 1.052386283294816991e+02 1.938394862625356438e+02
3.935000000000000053e+00 1.771188081583099816e+00 1.723378347147418026e+02 1.059318303761010895e+02 1.950806328723397201e+02
3.939999999999999947e+00 1.772727659631656794e+00 1.732780644720401142e+02 1.066274415943862977e+02 1.963259928990043193e+02
3.945000000000000284e+00 1.774272384990179141e+00 1.742208121036011335e+02 1.073254550430358876e+02 1.975755531540898460e+02
3.950000000000000178e+00 1.775822325956536885e+00 1.751660606487034215e+02 1.080258642400268201e+02 1.988293030099336818e+02
3.955000000000000071e+00 1.777377551469432548e+00 1.761138207826198254e+02 1.087286900621028707e+02 2.000872802519077993e+02
3.959999999999999964e+00 1.778938131114458976e+00 1.770640588767485326e+02 1.094338885050877650e+02 2.013494143128362452e+02
3.965000000000000302e+00 1.780504135130244192e+00 1.780167757100878703e+02 1.101414715366722845e+02 2.026157274750348165e+02
3.970000000000000195e+00 1.782075634414699072e+00 1.789719646747632282e+02 1.108514218575008528e+02 2.038861922066402315e+02
3.975000000000000089e+00 1.783652700531359159e+00 1.799296268642229393e+02 1.115637607700833911e+02 2.051608428887617208e+02
3.979999999999999982e+00 1.785235405715812629e+00 1.808897399792926706e+02 1.122784521245394558e+02 2.064396262617510729e+02
3.984999999999999876e+00 1.786823822882243729e+00 1.818523193824424595e+02 1.129955161691710543e+02 2.077225697569023168e+02
3.990000000000000213e+00 1.788418025630066133e+00 1.828173315011562181e+02 1.137149366521473723e+02 2.090096540799537195e+02
3.995000000000000107e+00 1.790018088250662442e+00 1.837847758340070925e+02 1.144366968652244907e+02 2.103008562704241911e+02
4.000000000000000000e+00 1.791624085734228267e+00 1.847546457242685847e+02 1.151607964278970968e+02 2.115961691064651973e+02
