% raindrop T-matrix calculations using the code of Leinonen, J., "Python code for T-matrix scattering calculations". Available at https://github.com/jleinonen/pytmatrix/. 
% 
% refractive index calculations after Ray, P., 1972:  Broadband Complex Refractive Indices of Ice and Water, Appl. Opt. 11, 1836-1844 
% 
% raindrop aspect ratio estimated with the methodology of Brandes, Edward & Zhang, Guifu & Vivekanandan, Jothiram. (2005). Corrigendum. Journal of Applied Meteorology. 44. 186-. 10.1175/1520-0450(2005)44<186:C>2.0.CO;2. 
% 
% wave length: 22.043563 mm 
% temperature: 283.15 K 
% refractive index: 6.984043598175048828e+00 + 2.799636840820312500e+00 i 
% 
%r_eqv[mm]               axial ratio              ext[mm2]                 sca[mm2]                 back[mm2]
5.000000000000000104e-03 9.999900000999989436e-01 1.557375383216485058e-08 8.003396293894238999e-16 1.200502115561053551e-15
1.000000000000000021e-02 9.999900000999989436e-01 1.246195926021770461e-07 5.122208633088524385e-14 7.683124174774985132e-14
1.499999999999999944e-02 9.999900000999989436e-01 4.207576304185467155e-07 5.834583915461614364e-13 8.751391507940973857e-13
2.000000000000000042e-02 9.999900000999989436e-01 9.979045729881491363e-07 3.278304707071586608e-12 4.916973043557229092e-12
2.500000000000000139e-02 9.999900000999989436e-01 1.950423052420766764e-06 1.250600039803978112e-11 1.875611505974116306e-11
2.999999999999999889e-02 9.999900000999989436e-01 3.373271776231747434e-06 3.734366715189128639e-11 5.600309200029860106e-11
3.500000000000000333e-02 9.999900000999989436e-01 5.362157119193551342e-06 9.416960811406338829e-11 1.412118193791431898e-10
4.000000000000000083e-02 9.999900000999989436e-01 8.013684630448176537e-06 2.098348097523715786e-10 3.146282498480460309e-10
4.499999999999999833e-02 9.999900000999989436e-01 1.142551328427243082e-05 4.254120281726454559e-10 6.377999588403449324e-10
5.000000000000000278e-02 9.999900000999989436e-01 1.569650825707353026e-05 8.005229273274076330e-10 1.200045430172459422e-09
5.500000000000000028e-02 9.999900000999989436e-01 2.092689991809781731e-05 1.418244129268871857e-09 2.125782094426498311e-09
5.999999999999999778e-02 9.999900000999989436e-01 2.721843908909874198e-05 2.390592017549284305e-09 3.582710345869581595e-09
6.500000000000000222e-02 9.999900000999989436e-01 3.467455310685937925e-05 3.864589030925688116e-09 5.790854804969079489e-09
7.000000000000000666e-02 9.999900000999989436e-01 4.340051634858619359e-05 6.028906623092281808e-09 9.032452463047121998e-09
7.499999999999999722e-02 9.999900000999989436e-01 5.350360188806631647e-05 9.121096954360029022e-09 1.366270235305765649e-08
8.000000000000000167e-02 9.999900000999989436e-01 6.509324543137430194e-05 1.343540064901169324e-08 2.012135403975654256e-08
8.500000000000000611e-02 9.999900000999989436e-01 7.828122086143704062e-05 1.933114241296237209e-08 2.894514854537171833e-08
8.999999999999999667e-02 9.999900000999989436e-01 9.318179689536257900e-05 2.724170703984928300e-08 4.078109621185944784e-08
9.500000000000000111e-02 9.999900000999989436e-01 1.099119318068747818e-04 3.768410104746530198e-08 5.640059467998206848e-08
1.000000000000000056e-01 9.999900000999989436e-01 1.285913970432119773e-04 5.126912361141851406e-08 7.671441753102501723e-08
1.049999999999999961e-01 9.999900000999989436e-01 1.493430026873366506e-04 6.871207535090564050e-08 1.027884612678548715e-07
1.100000000000000006e-01 9.999900000999989436e-01 1.722927557893896193e-04 9.084412846481824068e-08 1.358604301708937659e-07
1.150000000000000050e-01 9.999900000999989436e-01 1.975700372313924692e-04 1.186241790082839341e-07 1.773571847329265419e-07
1.199999999999999956e-01 9.999900000999989436e-01 2.253077650741615247e-04 1.531514728115320868e-07 2.289131838823312274e-07
1.250000000000000000e-01 9.999900000999989436e-01 2.556426133140069922e-04 1.956786180850083643e-07 2.923894355604451745e-07
1.300000000000000044e-01 9.999900000999989436e-01 2.887152224058495316e-04 2.476253120651632925e-07 3.698934383319106706e-07
1.350000000000000089e-01 9.999900000999989436e-01 3.246702980855262536e-04 3.105926947803117474e-07 4.637999777656077560e-07
1.400000000000000133e-01 9.999900000999989436e-01 3.636568977724344807e-04 3.863782098318410518e-07 5.767725893264684319e-07
1.449999999999999900e-01 9.999900000999989436e-01 4.058285760839474231e-04 4.769911283011148664e-07 7.117859146776634660e-07
1.499999999999999944e-01 9.999900000999989436e-01 4.513436141932215557e-04 5.846685812307778799e-07 8.721487123427365006e-07
1.549999999999999989e-01 9.999900000999989436e-01 5.003652027677598420e-04 7.118925089713332814e-07 1.061528122141353778e-06
1.600000000000000033e-01 9.999900000999989436e-01 5.530617094623600447e-04 8.614066557498971391e-07 1.283973878974774212e-06
1.650000000000000078e-01 9.999900000999989436e-01 6.096066942137601035e-04 1.036234968594478140e-06 1.543944488141990007e-06
1.700000000000000122e-01 9.999900000999989436e-01 6.701794896529393109e-04 1.239699306262785818e-06 1.846332230041588080e-06
1.750000000000000167e-01 9.999900000999989436e-01 7.349650565530149509e-04 1.475439924249788611e-06 2.196492167257894132e-06
1.799999999999999933e-01 9.999900000999989436e-01 8.041543078210123445e-04 1.747434018029877328e-06 2.600268083570996197e-06
1.849999999999999978e-01 9.999900000999989436e-01 8.779445441615725413e-04 2.060017151502407674e-06 3.064022568750574034e-06
1.900000000000000022e-01 1.000338260324268314e+00 9.567503363864475864e-04 2.418526152461931333e-06 3.595600534810521977e-06
1.950000000000000067e-01 1.000344839311130496e+00 1.040381082905795021e-03 2.826948517934251201e-06 4.200795614373918513e-06
2.000000000000000111e-01 1.000357515291503407e+00 1.129249866605016184e-03 3.291359836534763181e-06 4.888511141969063655e-06
2.050000000000000155e-01 1.000376259251188893e+00 1.223582206478168949e-03 3.817752768836852332e-06 5.667496032961680080e-06
2.099999999999999922e-01 1.000401042453005207e+00 1.323611114020270801e-03 4.412592139594967243e-06 6.547175447473169705e-06
2.149999999999999967e-01 1.000431836433301802e+00 1.429577251198118964e-03 5.082837764846601007e-06 7.537681725974291541e-06
2.200000000000000011e-01 1.000468612998516083e+00 1.541729472008392370e-03 5.835971862748444563e-06 8.649891926592350163e-06
2.250000000000000056e-01 1.000511344221778787e+00 1.660324874791101668e-03 6.680022548467046816e-06 9.895459225725357680e-06
2.300000000000000100e-01 1.000560002439564444e+00 1.785629091789304838e-03 7.623591205227964854e-06 1.128684985267421798e-05
2.350000000000000144e-01 1.000614560248383578e+00 1.917916757974632907e-03 8.675882058018240164e-06 1.283738305892909039e-05
2.399999999999999911e-01 1.000674990501522643e+00 2.057471571508552241e-03 9.846728230842028055e-06 1.456126541122194278e-05
2.449999999999999956e-01 1.000741266305821942e+00 2.204586480824320162e-03 1.114661867960949085e-05 1.647362630044879557e-05
2.500000000000000000e-01 1.000813361018499714e+00 2.359564322730060750e-03 1.258673168308848780e-05 1.859056266890698428e-05
2.550000000000000044e-01 1.000891248244015541e+00 2.522717923190149602e-03 1.417895918274738424e-05 2.092916995130392075e-05
2.600000000000000089e-01 1.000974901830975039e+00 2.694370728627188717e-03 1.593594667006473223e-05 2.350759568108002422e-05
2.650000000000000133e-01 1.001064295869075416e+00 2.874856134908179532e-03 1.787111379886445150e-05 2.634506410799042367e-05
2.700000000000000178e-01 1.001159404686088994e+00 3.064519191911995333e-03 1.999870047782861463e-05 2.946193836563805221e-05
2.750000000000000222e-01 1.001260202844886926e+00 3.263716045063738171e-03 2.233377750594471911e-05 3.287972950413897602e-05
2.800000000000000266e-01 1.001366665140501100e+00 3.472814430649197575e-03 2.489231545061318962e-05 3.662119156225329740e-05
2.850000000000000311e-01 1.001478766597222014e+00 3.692193763422275347e-03 2.769117933537692817e-05 4.071030620599706964e-05
2.899999999999999800e-01 1.001596482465736404e+00 3.922246307347088644e-03 3.074819199319691216e-05 4.517236874385925258e-05
2.949999999999999845e-01 1.001719788220298835e+00 4.163376705918433833e-03 3.408216817201275011e-05 5.003403029965502644e-05
2.999999999999999889e-01 1.001848659555939935e+00 4.416002761811420839e-03 3.771293105621752336e-05 5.532331351424573854e-05
3.049999999999999933e-01 1.001983072385710605e+00 4.680555663892949601e-03 4.166138048042236885e-05 6.106970431614697030e-05
3.099999999999999978e-01 1.002123002837959964e+00 4.957480290114052793e-03 4.594949997400120232e-05 6.730415246255899416e-05
3.150000000000000022e-01 1.002268427253648841e+00 5.247235918437731517e-03 5.060042355567570451e-05 7.405916042508458360e-05
3.200000000000000067e-01 1.002419322183694117e+00 5.550296085894429292e-03 5.563845890411044988e-05 8.136880676114758995e-05
3.250000000000000111e-01 1.002575664386349930e+00 5.867149166076921635e-03 6.108914131404526106e-05 8.926881446587585931e-05
3.300000000000000155e-01 1.002737430824617970e+00 6.198300212873971392e-03 6.697926257668302265e-05 9.779658241221881817e-05
3.350000000000000200e-01 1.002904598663692415e+00 6.544268487308679307e-03 7.333690539066343289e-05 1.069912230612787640e-04
3.400000000000000244e-01 1.003077145268434833e+00 6.905590265949489506e-03 8.019153756036554326e-05 1.168936892780645639e-04
3.450000000000000289e-01 1.003255048200880628e+00 7.282818744380455643e-03 8.757398441910720804e-05 1.275467202905224053e-04
3.500000000000000333e-01 1.003438285217776782e+00 7.676523337702418313e-03 9.551653348025964069e-05 1.389949806634122964e-04
3.549999999999999822e-01 1.003626834268148693e+00 8.087292571485315065e-03 1.040529679957858083e-04 1.512850979178243741e-04
3.599999999999999867e-01 1.003820673490896542e+00 8.515731294835172244e-03 1.132185798752462897e-04 1.644656619774617840e-04
3.649999999999999911e-01 1.004019781212422524e+00 8.962464239357082613e-03 1.230502503740705795e-04 1.785873327833265467e-04
3.699999999999999956e-01 1.004224135944284502e+00 9.428134959858856801e-03 1.335864808113858141e-04 1.937028652692868538e-04
3.750000000000000000e-01 1.004433716380879638e+00 9.913405870771555689e-03 1.448675254580752655e-04 2.098672898348663410e-04
3.800000000000000044e-01 1.004648501397155336e+00 1.041896072756753888e-02 1.569352593815656789e-04 2.271376991535052495e-04
3.850000000000000089e-01 1.004868470046347273e+00 1.094550175406271662e-02 1.698334349219586753e-04 2.455736072058104414e-04
3.900000000000000133e-01 1.005093601557745631e+00 1.149375500627874448e-02 1.836076368775146125e-04 2.652368625610021903e-04
3.950000000000000178e-01 1.005323875334485528e+00 1.206446611016991077e-02 1.983052591960127902e-04 2.861915950466040431e-04
4.000000000000000222e-01 1.005559270951367434e+00 1.265840306851303068e-02 2.139757738723361777e-04 3.085045922365694366e-04
4.050000000000000266e-01 1.005799768152698448e+00 1.327635883420873533e-02 2.306705490508779901e-04 3.322450068103330605e-04
4.100000000000000311e-01 1.006045346850164002e+00 1.391914676616212015e-02 2.484431027338694729e-04 3.574847073459125639e-04
4.150000000000000355e-01 1.006295987120720881e+00 1.458760681181640005e-02 2.673490663543246003e-04 3.842982042110531095e-04
4.199999999999999845e-01 1.006551669204517108e+00 1.528260100702422998e-02 2.874461205409425285e-04 4.127625316731360757e-04
4.249999999999999889e-01 1.006812373502834479e+00 1.600501882235803863e-02 3.087944004577162344e-04 4.429578101887424375e-04
4.299999999999999933e-01 1.007078080576055967e+00 1.675577437084654203e-02 3.314562824564026605e-04 4.749669207161127862e-04
4.349999999999999978e-01 1.007348771141657329e+00 1.753580879425628222e-02 3.554963627401144344e-04 5.088754360535023297e-04
4.400000000000000022e-01 1.007624426072219359e+00 1.834608953945037271e-02 3.809818402967131965e-04 5.447721579641341856e-04
4.450000000000000067e-01 1.007905026393466796e+00 1.918761321694577998e-02 4.079823989940770741e-04 5.827489215756039270e-04
4.500000000000000111e-01 1.008190553282325652e+00 2.006140276077800558e-02 4.365702706669453482e-04 6.229006517163523417e-04
4.550000000000000155e-01 1.008480988065006079e+00 2.096851360973952041e-02 4.668203027301116555e-04 6.653254354762293266e-04
4.600000000000000200e-01 1.008776312215104998e+00 2.191002713866097018e-02 4.988100969078677199e-04 7.101246960602487389e-04
4.650000000000000244e-01 1.009076507351731156e+00 2.288705935884706097e-02 5.326200126522452789e-04 7.574031605160314821e-04
4.700000000000000289e-01 1.009381555237651273e+00 2.390075428871156482e-02 5.683332299573391625e-04 8.072689320475007939e-04
4.750000000000000333e-01 1.009691437777457068e+00 2.495229147591741803e-02 6.060358209714619216e-04 8.598335419248458785e-04
4.799999999999999822e-01 1.010006137015752481e+00 2.604287846756972447e-02 6.458170862089980839e-04 9.152124319725372676e-04
4.849999999999999867e-01 1.010325635135361333e+00 2.717376254406457178e-02 6.877692115557094412e-04 9.735243961262358969e-04
4.899999999999999911e-01 1.010649914455556075e+00 2.834622234698498319e-02 7.319874946137428905e-04 1.034891887766187192e-03
4.949999999999999956e-01 1.010978957430304748e+00 2.956156965837930875e-02 7.785706245487395696e-04 1.099441383115824051e-03
5.000000000000000000e-01 1.011312746646537475e+00 3.082115675192864321e-02 8.276204733845683552e-04 1.167303059356733248e-03
5.050000000000000044e-01 1.011651264822433394e+00 3.212636989247728142e-02 8.792424780422976099e-04 1.238611286974656200e-03
5.100000000000000089e-01 1.011994494805724676e+00 3.347863675704518954e-02 9.335455340970130701e-04 1.313504461280718110e-03
5.150000000000000133e-01 1.012342419572020980e+00 3.487941818776114228e-02 9.906418464717845970e-04 1.392124718265212724e-03
5.200000000000000178e-01 1.012695022223150554e+00 3.633021726699938586e-02 1.050647785024214510e-03 1.474619170534804090e-03
5.250000000000000222e-01 1.013052285985520662e+00 3.783258280727104517e-02 1.113682756332359542e-03 1.561138213926145137e-03
5.300000000000000266e-01 1.013414194208494434e+00 3.938809757548257517e-02 1.179870875367432801e-03 1.651837907204221651e-03
5.350000000000000311e-01 1.013780730362787486e+00 4.099838841394380651e-02 1.249339441486237460e-03 1.746877717061409577e-03
5.400000000000000355e-01 1.014151878038878962e+00 4.266513112494652732e-02 1.322220217558282406e-03 1.846422351302640964e-03
5.450000000000000400e-01 1.014527620945441466e+00 4.439003731324170365e-02 1.398649044913553852e-03 1.950641147728159486e-03
5.500000000000000444e-01 1.014907942907788518e+00 4.617487090088152890e-02 1.478765943411093327e-03 2.059708170110103025e-03
5.550000000000000488e-01 1.015292827866336012e+00 4.802144164943242949e-02 1.562715206494600393e-03 2.173802287218037834e-03
5.600000000000000533e-01 1.015682259875082316e+00 4.993159999297881735e-02 1.650645481074092518e-03 2.293107307168237418e-03
5.650000000000000577e-01 1.016076223100103704e+00 5.190725392839302954e-02 1.742710173313842623e-03 2.417812463500347998e-03
5.700000000000000622e-01 1.016474701818065096e+00 5.395035381303760202e-02 1.839067275102501545e-03 2.548112117379743458e-03
5.750000000000000666e-01 1.016877680414747243e+00 5.606290590436956850e-02 1.939879457273983475e-03 2.684205866378451891e-03
5.799999999999999600e-01 1.017285143383589441e+00 5.824696225996394555e-02 2.045314179038204734e-03 2.826298701839409164e-03
5.849999999999999645e-01 1.017697075324246692e+00 6.050463579771128697e-02 2.155544439835863600e-03 2.974601969251476716e-03
5.899999999999999689e-01 1.018113460941162618e+00 6.283808371377758162e-02 2.270747305133557353e-03 3.129331241046025541e-03
5.949999999999999734e-01 1.018534285042156151e+00 6.524952893023530653e-02 2.391105928562376436e-03 3.290709203347993560e-03
5.999999999999999778e-01 1.018959532537025314e+00 6.774124037463734316e-02 2.516808384791228981e-03 3.458963906882899734e-03
6.049999999999999822e-01 1.019389188436160998e+00 7.031554805353314175e-02 2.648048468243262808e-03 3.634329841221573681e-03
6.099999999999999867e-01 1.019823237849180497e+00 7.297484262670894672e-02 2.785025107584481689e-03 3.817047158219306208e-03
6.149999999999999911e-01 1.020261665983570154e+00 7.572157592593004027e-02 2.927943575120591901e-03 4.007363280813531180e-03
6.199999999999999956e-01 1.020704458143344873e+00 7.855825403858297806e-02 3.077014900550622233e-03 4.205531998733341020e-03
6.250000000000000000e-01 1.021151599727719406e+00 8.148744740453572888e-02 3.232454833743861767e-03 4.411812026138316536e-03
6.300000000000000044e-01 1.021603076229795626e+00 8.451179084035134736e-02 3.394487452437020426e-03 4.626472140301630953e-03
6.350000000000000089e-01 1.022058873235258902e+00 8.763399008390945766e-02 3.563340605305859599e-03 4.849784484461975090e-03
6.400000000000000133e-01 1.022518976421092685e+00 9.085680209365658289e-02 3.739251690147269054e-03 5.082032953914030447e-03
6.450000000000000178e-01 1.022983371554301524e+00 9.418306479653965058e-02 3.922460797357403203e-03 5.323503287792290262e-03
6.500000000000000222e-01 1.023452044490649859e+00 9.761567729389426795e-02 4.113216588532934460e-03 5.574491456962748885e-03
6.550000000000000266e-01 1.023924981173411908e+00 1.011576064714886647e-01 4.311776276762878043e-03 5.835303612713282906e-03
6.600000000000000311e-01 1.024402167632133542e+00 1.048118935956942471e-01 4.518401280496755178e-03 6.106249844781961623e-03
6.650000000000000355e-01 1.024883589981409493e+00 1.085816478267047913e-01 4.733360858212122720e-03 6.387649375943651661e-03
6.700000000000000400e-01 1.025369234419667430e+00 1.124700661642489274e-01 4.956933391661337215e-03 6.679832350485690948e-03
6.750000000000000444e-01 1.025859087227968924e+00 1.164803968090873526e-01 5.189402671494418307e-03 6.983134422092305768e-03
6.800000000000000488e-01 1.026353134768820174e+00 1.206159724044214149e-01 5.431059920181256946e-03 7.297899873387581060e-03
6.850000000000000533e-01 1.026851363484993174e+00 1.248802169659294636e-01 5.682204977879484580e-03 7.624483131781697141e-03
6.900000000000000577e-01 1.027353759898360641e+00 1.292766091263765349e-01 5.943147666569423108e-03 7.963250655476187059e-03
6.950000000000000622e-01 1.027860310608740946e+00 1.338087318836603257e-01 6.214201536734559501e-03 8.314572221693902060e-03
7.000000000000000666e-01 1.028371002292754355e+00 1.384802230114659249e-01 6.495692637958259096e-03 8.678833069787545915e-03
7.049999999999999600e-01 1.028885821702690384e+00 1.432948183091988237e-01 6.787952030103772648e-03 9.056423880043459190e-03
7.099999999999999645e-01 1.029404755665387139e+00 1.482563380186316115e-01 7.091323845443944958e-03 9.447751480860218723e-03
7.149999999999999689e-01 1.029927791081118427e+00 1.533686707069415178e-01 7.406156365599369899e-03 9.853226841384050624e-03
7.199999999999999734e-01 1.030454914922495746e+00 1.586358159812459034e-01 7.732809036830119893e-03 1.027327465627595610e-02
7.249999999999999778e-01 1.030986114233377604e+00 1.640618248425381176e-01 8.071651637356191261e-03 1.070833255558766538e-02
7.299999999999999822e-01 1.031521376127789047e+00 1.696508699146735133e-01 8.423062063589777798e-03 1.115884769811489353e-02
7.349999999999999867e-01 1.032060687788854958e+00 1.754071981371873867e-01 8.787428988614851347e-03 1.162528057012859710e-02
7.399999999999999911e-01 1.032604036467738684e+00 1.813351384109675724e-01 9.165149507788296693e-03 1.210810203397271780e-02
7.449999999999999956e-01 1.033151409482594651e+00 1.874391271508809853e-01 9.556631902528950340e-03 1.260779702081962772e-02
7.500000000000000000e-01 1.033702794217528753e+00 1.937236692671127358e-01 9.962294600767718569e-03 1.312486347636252632e-02
7.550000000000000044e-01 1.034258178121568061e+00 2.001933842561956500e-01 1.038256786232547545e-02 1.365981452536177074e-02
7.600000000000000089e-01 1.034817548707643198e+00 2.068529728640806087e-01 1.081788969492453178e-02 1.421317262546189543e-02
7.650000000000000133e-01 1.035380893551575587e+00 2.137072444960700368e-01 1.126871023920622376e-02 1.478547659629497746e-02
7.700000000000000178e-01 1.035948200291078702e+00 2.207610828202650199e-01 1.173549510576709157e-02 1.537728594334942904e-02
7.750000000000000222e-01 1.036519456624765523e+00 2.280194666240267232e-01 1.221871387244022160e-02 1.598916446108293588e-02
7.800000000000000266e-01 1.037094650311166655e+00 2.354875023398655121e-01 1.271885662779909283e-02 1.662170451952468472e-02
7.850000000000000311e-01 1.037673769167756666e+00 2.431703589470266269e-01 1.323641604878476007e-02 1.727550159573336061e-02
7.900000000000000355e-01 1.038256801069989743e+00 2.510733053788135050e-01 1.377190620351938927e-02 1.795118057718177867e-02
7.950000000000000400e-01 1.038843733950345127e+00 2.592017399373476860e-01 1.432584719823645943e-02 1.864937522211857976e-02
8.000000000000000444e-01 1.039434555797379867e+00 2.675611219082785763e-01 1.489877650228026845e-02 1.937074323302582710e-02
8.050000000000000488e-01 1.040029254654790458e+00 2.761570183653654365e-01 1.549123769784181009e-02 2.011595162911563109e-02
8.100000000000000533e-01 1.040627818620484257e+00 2.849951185899458062e-01 1.610379945903813240e-02 2.088570337244642292e-02
8.150000000000000577e-01 1.041230235845658436e+00 2.940811860802031164e-01 1.673703176419676780e-02 2.168070378812781210e-02
8.200000000000000622e-01 1.041836494533886492e+00 3.034210590780384575e-01 1.739152513934040870e-02 2.250168876326062023e-02
8.250000000000000666e-01 1.042446582940215416e+00 3.130207305752100710e-01 1.806788777676725591e-02 2.334941990551974919e-02
8.300000000000000711e-01 1.043060489370268407e+00 3.228862555967550452e-01 1.876673129248157545e-02 2.422466603689823333e-02
8.349999999999999645e-01 1.043678202179357140e+00 3.330237892310797809e-01 1.948869663039573541e-02 2.512823899997834384e-02
8.399999999999999689e-01 1.044299709771603135e+00 3.434395825369325195e-01 2.023442439572472468e-02 2.606095374077888396e-02
8.449999999999999734e-01 1.044925000599063569e+00 3.541399936725503350e-01 2.100458589590124478e-02 2.702367004776157211e-02
8.499999999999999778e-01 1.045554063160868408e+00 3.651314430242778575e-01 2.179985214685015854e-02 2.801725161925132032e-02
8.549999999999999822e-01 1.046186886002363758e+00 3.764204905938856038e-01 2.262093002017736415e-02 2.904261648417963068e-02
8.599999999999999867e-01 1.046823457714263217e+00 3.880137457919942134e-01 2.346852643162090565e-02 3.010068680075735081e-02
8.649999999999999911e-01 1.047463766931806317e+00 3.999179255893080542e-01 2.434336873051858377e-02 3.119241949888245172e-02
8.699999999999999956e-01 1.048107802333925420e+00 4.121398469690404354e-01 2.524620957468398305e-02 3.231881123938101091e-02
8.750000000000000000e-01 1.048755552642418598e+00 4.246864161202966725e-01 2.617781046689685032e-02 3.348087813261749895e-02
8.800000000000000044e-01 1.049407006621131844e+00 4.375645656336207279e-01 2.713895454846448202e-02 3.467967322702964622e-02
8.850000000000000089e-01 1.050062153075147497e+00 4.507814166861816574e-01 2.813043846487402536e-02 3.591627672110454111e-02
8.900000000000000133e-01 1.050720980849978670e+00 4.643440375131915321e-01 2.915308606691195681e-02 3.719181385822263597e-02
8.950000000000000178e-01 1.051383478830772988e+00 4.782596971801866825e-01 3.020774028655958537e-02 3.850744681307197159e-02
9.000000000000000222e-01 1.052049635941522787e+00 4.925356382523556342e-01 3.129524859451945223e-02 3.986435355480543591e-02
9.050000000000000266e-01 1.052719441144281065e+00 5.071792524035320104e-01 3.241649210230182487e-02 4.126376940710455715e-02
9.100000000000000311e-01 1.053392883438386107e+00 5.221979428340569607e-01 3.357237690084929893e-02 4.270697637978113775e-02
9.150000000000000355e-01 1.054069951859691656e+00 5.375992080863435385e-01 3.476381442288573737e-02 4.419527597364960453e-02
9.200000000000000400e-01 1.054750635479804632e+00 5.533905862680248422e-01 3.599174118338854117e-02 4.573001849686210429e-02
9.250000000000000444e-01 1.055434923405329073e+00 5.695796700904842691e-01 3.725712532566306801e-02 4.731261227512589124e-02
9.300000000000000488e-01 1.056122804777117841e+00 5.861740782504898384e-01 3.856095111540264186e-02 4.894450460592308233e-02
9.350000000000000533e-01 1.056814268769528553e+00 6.031815660580119864e-01 3.990421947785490614e-02 5.062718058995768072e-02
9.400000000000000577e-01 1.057509304589689725e+00 6.206097993630668164e-01 4.128795849069893248e-02 5.236218164352536564e-02
9.450000000000000622e-01 1.058207901476769797e+00 6.384665993399709638e-01 4.271322470998498849e-02 5.415110870120106584e-02
9.500000000000000666e-01 1.058910048701254603e+00 6.567596650996114782e-01 4.418108620079999604e-02 5.599559612125574320e-02
9.550000000000000711e-01 1.059615735564230832e+00 6.754968929956530754e-01 4.569264623442094442e-02 5.789735043001552339e-02
9.599999999999999645e-01 1.060324951396675930e+00 6.946860605736489003e-01 4.724902585382403930e-02 5.985812469129813546e-02
9.649999999999999689e-01 1.061037685558753330e+00 7.143349573856601076e-01 4.885137627365392782e-02 6.187973714653865337e-02
9.699999999999999734e-01 1.061753927439116119e+00 7.344514650535947098e-01 5.050087400210270111e-02 6.396406669485522889e-02
9.749999999999999778e-01 1.062473666454213594e+00 7.550433710992666692e-01 5.219870794728920932e-02 6.611303690270313449e-02
9.799999999999999822e-01 1.063196892047607145e+00 7.761184870587637397e-01 5.394611778936604651e-02 6.832866821297421678e-02
9.849999999999999867e-01 1.063923593689290348e+00 7.976845584383599475e-01 5.574434381977094038e-02 7.061301256917641711e-02
9.899999999999999911e-01 1.064653760875015509e+00 8.197493529974111404e-01 5.759467223163274030e-02 7.296821658922342246e-02
9.949999999999999956e-01 1.065387383125626419e+00 8.423205198619528877e-01 5.949840265477704393e-02 7.539647647438264821e-02
1.000000000000000000e+00 1.066124449986396217e+00 8.654057294117588617e-01 6.145688260643707851e-02 7.790009200674073708e-02
1.005000000000000115e+00 1.066864951026373021e+00 8.890121710722627135e-01 6.347162283815475925e-02 8.048164742057047072e-02
1.010000000000000009e+00 1.067608875837728233e+00 9.131476059235363874e-01 6.554385516474459106e-02 8.314333137411375474e-02
1.015000000000000124e+00 1.068356214035114826e+00 9.378196031240073616e-01 6.767502705019051712e-02 8.588769441143825900e-02
1.020000000000000018e+00 1.069106955255026969e+00 9.630353549705419347e-01 6.986658631831198230e-02 8.871732696891668213e-02
1.024999999999999911e+00 1.069861089155168976e+00 9.888021153860108159e-01 7.212002583171504833e-02 9.163492457830450799e-02
1.030000000000000027e+00 1.070618605413826918e+00 1.015126951503775521e+00 7.443683862846636745e-02 9.464323025518242560e-02
1.034999999999999920e+00 1.071379493729249344e+00 1.042016842409394517e+00 7.681857722844968872e-02 9.774511350504647145e-02
1.040000000000000036e+00 1.072143743819029771e+00 1.069478607959788663e+00 7.926682597028196497e-02 1.009435363361779470e-01
1.044999999999999929e+00 1.072911345419497398e+00 1.097518871745429614e+00 8.178316873104984897e-02 1.042415105525894975e-01
1.050000000000000044e+00 1.073682288285112474e+00 1.126144177005044211e+00 8.436928436118268371e-02 1.076422327043542737e-01
1.054999999999999938e+00 1.074456562187866782e+00 1.155360792400254244e+00 8.702682072757647602e-02 1.111489079302984545e-01
1.060000000000000053e+00 1.075234156916690775e+00 1.185174904043615030e+00 8.975748953551720977e-02 1.147648871690216538e-01
1.064999999999999947e+00 1.076015062276864054e+00 1.215592396861302271e+00 9.256303609276621269e-02 1.184936251215985142e-01
1.070000000000000062e+00 1.076799268089433603e+00 1.246618964016940945e+00 9.544522151362698492e-02 1.223386568476108049e-01
1.074999999999999956e+00 1.077586764190635593e+00 1.278259894809219865e+00 9.840587346388506018e-02 1.263036744809744316e-01
1.080000000000000071e+00 1.078377540431322945e+00 1.310520683081960014e+00 1.014468054725878865e-01 1.303924089718557222e-01
1.084999999999999964e+00 1.079171586676399119e+00 1.343406176305378175e+00 1.045699319585300380e-01 1.346087972929428944e-01
1.090000000000000080e+00 1.079968892804255898e+00 1.376920950155211987e+00 1.077771494122345824e-01 1.389568191115857221e-01
1.094999999999999973e+00 1.080769448706216718e+00 1.411069572621501678e+00 1.110704097201682533e-01 1.434406012828621513e-01
1.100000000000000089e+00 1.081573244285985780e+00 1.445856044986246536e+00 1.144516973739607008e-01 1.480643805178427086e-01
1.104999999999999982e+00 1.082380269459101152e+00 1.481284091626990929e+00 1.179230325835832760e-01 1.528325191169891961e-01
1.110000000000000098e+00 1.083190514152395201e+00 1.517357243820677049e+00 1.214864923775524075e-01 1.577495311133207401e-01
1.114999999999999991e+00 1.084003968303457022e+00 1.554078654961379646e+00 1.251441325464965337e-01 1.628199715038161355e-01
1.120000000000000107e+00 1.084820621860102863e+00 1.591450930670847308e+00 1.288981382383131979e-01 1.680486575769282453e-01
1.125000000000000000e+00 1.085640464779849657e+00 1.629476620503770068e+00 1.327506390907058353e-01 1.734404015245337716e-01
1.130000000000000115e+00 1.086463487029394992e+00 1.668157702242550000e+00 1.367038574689923014e-01 1.790002261846643239e-01
1.135000000000000009e+00 1.087289678584100638e+00 1.707495904866607184e+00 1.407600551164339409e-01 1.847332868189567601e-01
1.140000000000000124e+00 1.088119029427482509e+00 1.747492390313305055e+00 1.449214889737008016e-01 1.906448136387388637e-01
1.145000000000000018e+00 1.088951529550704622e+00 1.788147935698316982e+00 1.491904942921097599e-01 1.967402293065777519e-01
1.150000000000000133e+00 1.089787168952079055e+00 1.829463123529768032e+00 1.535694469775413518e-01 2.030250930604450277e-01
1.155000000000000027e+00 1.090625937636568565e+00 1.871437912975354445e+00 1.580607168674544316e-01 2.095050375996950764e-01
1.159999999999999920e+00 1.091467825615297427e+00 1.914071800163768877e+00 1.626667752421222246e-01 2.161859258807163064e-01
1.165000000000000036e+00 1.092312822905064262e+00 1.957363952981652000e+00 1.673900685577856262e-01 2.230736663022239996e-01
1.169999999999999929e+00 1.093160919527861763e+00 2.001313261579377389e+00 1.722331493545917191e-01 2.301743996872845921e-01
1.175000000000000044e+00 1.094012105510399513e+00 2.045917621809839826e+00 1.771985356608112017e-01 2.374943073808001848e-01
1.179999999999999938e+00 1.094866370883633921e+00 2.091175262484322062e+00 1.822888603771223581e-01 2.450398073688432043e-01
1.185000000000000053e+00 1.095723705682299487e+00 2.137083180602901589e+00 1.875067426400615633e-01 2.528173927380695796e-01
1.189999999999999947e+00 1.096584099944449830e+00 2.183638332994234155e+00 1.928548436653181875e-01 2.608336900413303350e-01
1.195000000000000062e+00 1.097447543710998508e+00 2.230837296717394835e+00 1.983358875686100919e-01 2.690955010331870234e-01
1.199999999999999956e+00 1.098314027025267592e+00 2.278675942486152017e+00 2.039526361087137529e-01 2.776097627790268807e-01
1.205000000000000071e+00 1.099183539932540254e+00 2.327149764359207396e+00 2.097078665003494491e-01 2.863835146769133089e-01
1.209999999999999964e+00 1.100056072479618674e+00 2.376253924154595687e+00 2.156044203744879595e-01 2.954239657549443399e-01
1.215000000000000080e+00 1.100931614714385054e+00 2.425982981766300561e+00 2.216451788632923525e-01 3.047384614459004437e-01
1.219999999999999973e+00 1.101810156685369746e+00 2.476331230844207365e+00 2.278330376413248981e-01 3.143344402700374851e-01
1.225000000000000089e+00 1.102691688441321372e+00 2.527292207590070117e+00 2.341709538180769545e-01 3.242195085537537547e-01
1.229999999999999982e+00 1.103576200030784493e+00 2.578859651646006057e+00 2.406619064223488313e-01 3.344013686282615305e-01
1.235000000000000098e+00 1.104463681501680172e+00 2.631025959421413152e+00 2.473089260955811663e-01 3.448878772541482673e-01
1.239999999999999991e+00 1.105354122900890967e+00 2.683784059697604807e+00 2.541150994218080994e-01 3.556870322665892092e-01
1.245000000000000107e+00 1.106247514273852595e+00 2.737125745194282977e+00 2.610835384944490412e-01 3.668069363806840122e-01
1.250000000000000000e+00 1.107143845664148030e+00 2.791043025286791490e+00 2.682173798886658966e-01 3.782557889930276418e-01
1.255000000000000115e+00 1.108043107113107384e+00 2.845527145079995712e+00 2.755197922617176887e-01 3.900418956857380492e-01
1.260000000000000009e+00 1.108945288659413109e+00 2.900569302047903975e+00 2.829940439251555917e-01 4.021737627371304025e-01
1.265000000000000124e+00 1.109850380338708309e+00 2.956160199263654587e+00 2.906433867225642897e-01 4.146599277473759781e-01
1.270000000000000018e+00 1.110758372183210829e+00 3.012290116443957722e+00 2.984711075645277156e-01 4.275090268581800412e-01
1.275000000000000133e+00 1.111669254221331116e+00 3.068949372562849831e+00 3.064805996284312162e-01 4.407298979745104539e-01
1.280000000000000027e+00 1.112583016477296738e+00 3.126127702101222372e+00 3.146751714365790265e-01 4.543312969861064698e-01
1.284999999999999920e+00 1.113499648970778022e+00 3.183814730818527838e+00 3.230582933423864489e-01 4.683222583008518347e-01
1.290000000000000036e+00 1.114419141716522343e+00 3.241999974752518554e+00 3.316334812305405944e-01 4.827119165846721072e-01
1.294999999999999929e+00 1.115341484723989307e+00 3.300672836174405322e+00 3.404041695801695022e-01 4.975093128697093969e-01
1.300000000000000044e+00 1.116266667996994588e+00 3.359822188919511454e+00 3.493738881975042010e-01 5.127236593915982521e-01
1.304999999999999938e+00 1.117194681533353773e+00 3.419437119053786223e+00 3.585462771458985953e-01 5.283643530866871663e-01
1.310000000000000053e+00 1.118125515324534858e+00 3.479506278911474126e+00 3.679249510955042157e-01 5.444407700754013701e-01
1.314999999999999947e+00 1.119059159355313193e+00 3.540018760180107193e+00 3.775135764757081014e-01 5.609623766373089682e-01
1.320000000000000062e+00 1.119995603603431533e+00 3.600963220613583093e+00 3.873158534793484931e-01 5.779386991282177144e-01
1.324999999999999956e+00 1.120934838039265857e+00 3.662328478788959618e+00 3.973355310318756883e-01 5.953793372230160585e-01
1.330000000000000071e+00 1.121876852625492305e+00 3.724102989832283050e+00 4.075763205618348484e-01 6.132938363400557424e-01
1.334999999999999964e+00 1.122821637316764765e+00 3.786275797355743489e+00 4.180421980727784814e-01 6.316921358900842165e-01
1.340000000000000080e+00 1.123769182059389804e+00 3.848835733067935472e+00 4.287369710591779626e-01 6.505839128731332188e-01
1.344999999999999973e+00 1.124719476791012696e+00 3.911771795328633061e+00 4.396644937450303048e-01 6.699789015187659347e-01
1.350000000000000089e+00 1.125672511440304557e+00 3.975073147549040620e+00 4.508288016750982563e-01 6.898870815041464599e-01
1.354999999999999982e+00 1.126628275926654377e+00 4.038729172941225798e+00 4.622339135083065598e-01 7.103183995996642519e-01
1.360000000000000098e+00 1.127586760159866808e+00 4.102729266106832640e+00 4.738837407727376494e-01 7.312825936530781279e-01
1.364999999999999991e+00 1.128547954039863965e+00 4.167063466260474414e+00 4.857825465523282760e-01 7.527899351447016052e-01
1.370000000000000107e+00 1.129511847456391438e+00 4.231721500274435499e+00 4.979343333765728907e-01 7.748502403292343299e-01
1.375000000000000000e+00 1.130478430288730518e+00 4.296693746752132448e+00 5.103432313880955640e-01 7.974734809113788181e-01
1.380000000000000115e+00 1.131447692405412875e+00 4.361971019494461643e+00 5.230136519465093947e-01 8.206700228980184919e-01
1.385000000000000009e+00 1.132419623663941444e+00 4.427544468713730197e+00 5.359496814440440904e-01 8.444496909505020410e-01
1.390000000000000124e+00 1.133394213910515980e+00 4.493405242881853390e+00 5.491556655626178562e-01 8.688226548527285820e-01
1.395000000000000018e+00 1.134371452979762385e+00 4.559545154902416186e+00 5.626360969604096152e-01 8.937992561973467920e-01
1.400000000000000133e+00 1.135351330694467364e+00 4.625956672596421626e+00 5.763952131663031553e-01 9.193893825885092186e-01
1.405000000000000027e+00 1.136333836865317526e+00 4.692632483024565815e+00 5.904374487375129155e-01 9.456031719779715017e-01
1.409999999999999920e+00 1.137318961290643582e+00 4.759566034516865329e+00 6.047675493709130379e-01 9.724511868832601547e-01
1.415000000000000036e+00 1.138306693756168331e+00 4.826750363090025253e+00 6.193898033223239619e-01 9.999432067354028231e-01
1.419999999999999929e+00 1.139297024034760630e+00 4.894180341687603963e+00 6.343089176338927437e-01 1.028089592078958114e+00
1.425000000000000044e+00 1.140289941886192482e+00 4.961850747618505864e+00 6.495295573417829704e-01 1.056900569807996071e+00
1.429999999999999938e+00 1.141285437056903218e+00 5.029756478272605413e+00 6.650563490068504002e-01 1.086386241054053459e+00
1.435000000000000053e+00 1.142283499279765024e+00 5.097894163435864989e+00 6.808941864675637223e-01 1.116557046321734692e+00
1.439999999999999947e+00 1.143284118273856675e+00 5.166259802433041948e+00 6.970477230551482828e-01 1.147422981572725487e+00
1.445000000000000062e+00 1.144287283744239936e+00 5.234851419965306896e+00 7.135219618036120481e-01 1.178994492271218997e+00
1.449999999999999956e+00 1.145292985381740625e+00 5.303665883698272410e+00 7.303216255070250629e-01 1.211281532904322944e+00
1.455000000000000071e+00 1.146301212862736563e+00 5.372701765527914120e+00 7.474519183760424124e-01 1.244294758219193664e+00
1.459999999999999964e+00 1.147311955848947074e+00 5.441958450640155931e+00 7.649176818156850910e-01 1.278044109023011465e+00
1.465000000000000080e+00 1.148325203987230259e+00 5.511435891036004620e+00 7.827241856777327200e-01 1.312540154807871229e+00
1.469999999999999973e+00 1.149340946909383598e+00 5.581133832212994861e+00 8.008762808452947191e-01 1.347792730357134205e+00
1.475000000000000089e+00 1.150359174231948334e+00 5.651053757325644078e+00 8.193794780316194792e-01 1.383812605245505978e+00
1.479999999999999982e+00 1.151379875556021837e+00 5.721197387078724717e+00 8.382387864925557874e-01 1.420609723143689385e+00
1.485000000000000098e+00 1.152403040467071982e+00 5.791567318705120648e+00 8.574596630007259579e-01 1.458194605940163591e+00
1.489999999999999991e+00 1.153428658534756623e+00 5.862166485790107018e+00 8.770473388587319841e-01 1.496577343172082131e+00
1.495000000000000107e+00 1.154456719312749513e+00 5.932998823813933953e+00 8.970074298249540723e-01 1.535768610515164667e+00
1.500000000000000000e+00 1.155487212338569769e+00 6.004068384575938389e+00 9.173452023815370504e-01 1.575778386113449336e+00
1.505000000000000115e+00 1.156520127133416675e+00 6.075380640361552231e+00 9.380664304605000892e-01 1.616617413172232842e+00
1.510000000000000009e+00 1.157555453202008700e+00 6.146941097702836032e+00 9.591766405163044684e-01 1.658295987196976684e+00
1.515000000000000124e+00 1.158593180032429393e+00 6.218756446087174261e+00 9.806814443612943410e-01 1.700824348489109017e+00
1.520000000000000018e+00 1.159633297095975069e+00 6.290833211998158703e+00 1.002586616670924524e+00 1.744213063032812983e+00
1.525000000000000133e+00 1.160675793847010029e+00 6.363179865019318981e+00 1.024898059423286822e+00 1.788472785545093258e+00
1.530000000000000027e+00 1.161720659722826676e+00 6.435804036109524340e+00 1.047621486812871261e+00 1.833613778225598123e+00
1.535000000000000142e+00 1.162767884143507846e+00 6.508714689464696335e+00 1.070762921861605932e+00 1.879646709830364193e+00
1.540000000000000036e+00 1.163817456511797577e+00 6.581922096780733256e+00 1.094328080604125564e+00 1.926581701965394133e+00
1.544999999999999929e+00 1.164869366212974766e+00 6.655435914886592030e+00 1.118323472491603798e+00 1.974430142132654886e+00
1.550000000000000044e+00 1.165923602614732379e+00 6.729266469148396546e+00 1.142755036453095618e+00 2.023202379613274093e+00
1.554999999999999938e+00 1.166980155067061542e+00 6.803425640641784788e+00 1.167628824263476917e+00 2.072908860550351839e+00
1.560000000000000053e+00 1.168039012902141183e+00 6.877925306847919806e+00 1.192951189337158935e+00 2.123560537314160612e+00
1.564999999999999947e+00 1.169100165434231231e+00 6.952777214937185590e+00 1.218728308659877690e+00 2.175167962332464011e+00
1.570000000000000062e+00 1.170163601959574473e+00 7.027994606997951976e+00 1.244966935456538026e+00 2.227742600801355888e+00
1.574999999999999956e+00 1.171229311756297298e+00 7.103590978971452863e+00 1.271672987387193920e+00 2.281294384715536250e+00
1.580000000000000071e+00 1.172297284084322211e+00 7.179580320486308231e+00 1.298853390996863366e+00 2.335835003321301340e+00
1.584999999999999964e+00 1.173367508185281460e+00 7.255977060611405349e+00 1.326514467529505081e+00 2.391375060961687726e+00
1.590000000000000080e+00 1.174439973282435989e+00 7.332795052315542073e+00 1.354663043490717200e+00 2.447925873713183709e+00
1.594999999999999973e+00 1.175514668580601496e+00 7.410050735402263555e+00 1.383305649776329638e+00 2.505498290784415438e+00
1.600000000000000089e+00 1.176591583266077601e+00 7.487759318865255587e+00 1.412449074597500021e+00 2.564103459363361814e+00
1.604999999999999982e+00 1.177670706506583453e+00 7.565936483325021555e+00 1.442100202599980063e+00 2.623752798874165126e+00
1.610000000000000098e+00 1.178752027451198003e+00 7.644599238527998608e+00 1.472266050126797898e+00 2.684457742409853243e+00
1.614999999999999991e+00 1.179835535230304933e+00 7.723763788279518039e+00 1.502953416781941387e+00 2.746229405211976893e+00
1.620000000000000107e+00 1.180921218955544472e+00 7.803448078142230848e+00 1.534169246978793977e+00 2.809079060485426105e+00
1.625000000000000000e+00 1.182009067719768769e+00 7.883668636628922144e+00 1.565920773506202401e+00 2.873018537299595110e+00
1.630000000000000115e+00 1.183099070597002811e+00 7.964444370600796574e+00 1.598215120791584898e+00 2.938059251313727138e+00
1.635000000000000009e+00 1.184191216642411337e+00 8.045792106677879474e+00 1.631059423117864116e+00 3.004212799438997106e+00
1.640000000000000124e+00 1.185285494892271307e+00 8.127731074133050626e+00 1.664461266007687401e+00 3.071491471720770416e+00
1.645000000000000018e+00 1.186381894363947032e+00 8.210279701492032345e+00 1.698427442734305792e+00 3.139905998746362226e+00
1.650000000000000133e+00 1.187480404055874628e+00 8.293456688194106974e+00 1.732965962871422461e+00 3.209469459791961743e+00
1.655000000000000027e+00 1.188581012947548476e+00 8.377280569982639591e+00 1.768083783864752068e+00 3.280192904266283627e+00
1.660000000000000142e+00 1.189683709999514560e+00 8.461771454125647907e+00 1.803788567804906373e+00 3.352088546725457530e+00
1.665000000000000036e+00 1.190788484153369131e+00 8.546949044681880991e+00 1.840088034975805087e+00 3.425168680260233689e+00
1.669999999999999929e+00 1.191895324331762041e+00 8.632831418391518241e+00 1.876989667501930636e+00 3.499445462724175115e+00
1.675000000000000044e+00 1.193004219438406732e+00 8.719440234762590336e+00 1.914501425731549800e+00 3.574931480710324294e+00
1.679999999999999938e+00 1.194115158358093565e+00 8.806793913012263886e+00 1.952630670933731993e+00 3.651638381346368867e+00
1.685000000000000053e+00 1.195228129956711127e+00 8.894912944958708323e+00 1.991385490727390684e+00 3.729579134478978819e+00
1.689999999999999947e+00 1.196343123081270665e+00 8.983817988270523358e+00 2.030773780385781713e+00 3.808766227433299179e+00
1.695000000000000062e+00 1.197460126559938276e+00 9.073528912355033782e+00 2.070803475932426974e+00 3.889212299113958604e+00
1.699999999999999956e+00 1.198579129202069993e+00 9.164065879958098293e+00 2.111482323778592463e+00 3.970929645330053326e+00
1.705000000000000071e+00 1.199700119798254416e+00 9.255448902011300660e+00 2.152818735134182759e+00 4.053931676360516434e+00
1.709999999999999964e+00 1.200823087120360011e+00 9.347699313134560484e+00 2.194820343434974230e+00 4.138230368724821417e+00
1.715000000000000080e+00 1.201948019921588173e+00 9.440836809606077296e+00 2.237496055567461894e+00 4.223840092589374429e+00
1.719999999999999973e+00 1.203074906936531852e+00 9.534882484980338191e+00 2.280853336234990536e+00 4.310772578375248187e+00
1.725000000000000089e+00 1.204203736881238829e+00 9.629856558968372227e+00 2.324900618038539868e+00 4.399041050723862867e+00
1.729999999999999982e+00 1.205334498453282777e+00 9.725779802979056754e+00 2.369646822116511675e+00 4.488660054008221323e+00
1.735000000000000098e+00 1.206467180331836975e+00 9.822672627119111155e+00 2.415099566063766634e+00 4.579641162625190276e+00
1.739999999999999991e+00 1.207601771177756689e+00 9.920555047372644708e+00 2.461267579770658021e+00 4.671998603240096415e+00
1.745000000000000107e+00 1.208738259633664436e+00 1.001944804566473834e+01 2.508159683625013070e+00 4.765746368069563310e+00
1.750000000000000000e+00 1.209876634324042799e+00 1.011937219448278036e+01 2.555783759809918010e+00 4.860896723571997313e+00
1.755000000000000115e+00 1.211016883855332349e+00 1.022034772488140675e+01 2.604148770773661692e+00 4.957464073395882131e+00
1.760000000000000009e+00 1.212158996816034451e+00 1.032239453456377376e+01 2.653263403974809087e+00 5.055462257773152501e+00
1.765000000000000124e+00 1.213302961776821398e+00 1.042553338118681694e+01 2.703136436725646519e+00 5.154905030487682005e+00
1.770000000000000018e+00 1.214448767290650766e+00 1.052978429362506319e+01 2.753776424487822450e+00 5.255806197691557102e+00
1.775000000000000133e+00 1.215596401892885980e+00 1.063516733986817187e+01 2.805192264515929068e+00 5.358179750879175529e+00
1.780000000000000027e+00 1.216745854101423552e+00 1.074170261618257705e+01 2.857392619412679746e+00 5.462039419212045388e+00
1.785000000000000142e+00 1.217897112416823635e+00 1.084941034396271320e+01 2.910386593587700688e+00 5.567399795995657819e+00
1.790000000000000036e+00 1.219050165322449919e+00 1.095831033963152557e+01 2.964183354481550570e+00 5.674275505162001743e+00
1.794999999999999929e+00 1.220205001284612623e+00 1.106842161254868628e+01 3.018791348341263614e+00 5.782679772872487689e+00
1.800000000000000044e+00 1.221361608752716377e+00 1.117976498725908385e+01 3.074219951127934447e+00 5.892627628030176368e+00
1.804999999999999938e+00 1.222519976159418986e+00 1.129235916087596792e+01 3.130478480067468539e+00 6.004133897523220575e+00
1.810000000000000053e+00 1.223680091920789526e+00 1.140622335797563380e+01 3.187575640205611460e+00 6.117212412894331486e+00
1.814999999999999947e+00 1.224841944436477315e+00 1.152137725013272629e+01 3.245520966322001488e+00 6.231878375437973183e+00
1.820000000000000062e+00 1.226005522089884225e+00 1.163784012934580225e+01 3.304323283799645239e+00 6.348145723825572517e+00
1.824999999999999956e+00 1.227170813248343206e+00 1.175563053137574343e+01 3.363992604248605911e+00 6.466030632214033957e+00
1.830000000000000071e+00 1.228337806263303689e+00 1.187476783528508584e+01 3.424537919889312221e+00 6.585547279752143268e+00
1.834999999999999964e+00 1.229506489470522324e+00 1.199527023873768350e+01 3.485968195769873823e+00 6.706709873666326871e+00
1.840000000000000080e+00 1.230676851190258825e+00 1.211715722409884322e+01 3.548293732207855378e+00 6.829534960700895496e+00
1.844999999999999973e+00 1.231848879727479362e+00 1.224044621321433191e+01 3.611523618404459235e+00 6.954037031859397366e+00
1.850000000000000089e+00 1.233022563372064173e+00 1.236515636526828033e+01 3.675667471675500675e+00 7.080231298316723709e+00
1.854999999999999982e+00 1.234197890399023168e+00 1.249130513583785174e+01 3.740734493861907595e+00 7.208132328074555950e+00
1.860000000000000098e+00 1.235374849068715752e+00 1.261891096710219529e+01 3.806734845624537567e+00 7.337756510333616866e+00
1.864999999999999991e+00 1.236553427627077095e+00 1.274799177279213858e+01 3.873678308200959375e+00 7.469119438732104932e+00
1.870000000000000107e+00 1.237733614305851271e+00 1.287856517664391376e+01 3.941574283715641780e+00 7.602235954903708404e+00
1.875000000000000000e+00 1.238915397322829737e+00 1.301064878444964634e+01 4.010432651453617936e+00 7.737121719958197197e+00
1.880000000000000115e+00 1.240098764882095139e+00 1.314425937769936148e+01 4.080263384913067171e+00 7.873792962450560040e+00
1.885000000000000009e+00 1.241283705174272667e+00 1.327941507115603592e+01 4.151076060426269088e+00 8.012264517689692056e+00
1.890000000000000124e+00 1.242470206376787178e+00 1.341613309340368509e+01 4.222881624576333870e+00 8.152554067509630187e+00
1.895000000000000018e+00 1.243658256654124994e+00 1.355442945656403708e+01 4.295688910202831501e+00 8.294675724218647517e+00
1.900000000000000133e+00 1.244847844158103012e+00 1.369432229150218383e+01 4.369508555776813630e+00 8.438646130424125147e+00
1.905000000000000027e+00 1.246038957028144711e+00 1.383582674736032203e+01 4.444351192272407935e+00 8.584482637267331739e+00
1.910000000000000142e+00 1.247231583391559262e+00 1.397896103098774212e+01 4.520225432973478341e+00 8.732198193434500766e+00
1.915000000000000036e+00 1.248425711363831514e+00 1.412373986883962651e+01 4.597143355734823800e+00 8.881812884087578297e+00
1.919999999999999929e+00 1.249621329048912655e+00 1.427018016064385186e+01 4.675113617105514763e+00 9.033339905999751451e+00
1.925000000000000044e+00 1.250818424539521745e+00 1.441829833786982640e+01 4.754148503275162696e+00 9.186799056588967005e+00
1.929999999999999938e+00 1.252016985917450365e+00 1.456811004073917459e+01 4.834255832239294115e+00 9.342202384473649701e+00
1.935000000000000053e+00 1.253217001253874363e+00 1.471963086942033527e+01 4.915448913822898724e+00 9.499571547600533350e+00
1.939999999999999947e+00 1.254418458609672937e+00 1.487287637727296996e+01 4.997735643500617719e+00 9.658918555224111913e+00
1.945000000000000062e+00 1.255621346035752151e+00 1.502786262530889339e+01 5.081127687207022348e+00 9.820262077497478259e+00
1.949999999999999956e+00 1.256825651573374891e+00 1.518460514442364406e+01 5.165636744499967570e+00 9.983620819472450947e+00
1.955000000000000071e+00 1.258031363254499713e+00 1.534311821416045518e+01 5.251271734164062899e+00 1.014900878709863896e+01
1.959999999999999964e+00 1.259238469102119673e+00 1.550341736055516506e+01 5.338043553949567865e+00 1.031644313724753914e+01
1.965000000000000080e+00 1.260446957130616275e+00 1.566551767686380536e+01 5.425964081171250619e+00 1.048594277698949284e+01
1.969999999999999973e+00 1.261656815346111182e+00 1.582943290208804754e+01 5.515042296033846547e+00 1.065752151619590826e+01
1.975000000000000089e+00 1.262868031746829489e+00 1.599518064213637558e+01 5.605291458246288272e+00 1.083120078846936707e+01
1.979999999999999982e+00 1.264080594323466533e+00 1.616277163648056714e+01 5.696720415665362580e+00 1.100699424290300854e+01
1.985000000000000098e+00 1.265294491059563597e+00 1.633222340032724773e+01 5.789341573368385063e+00 1.118492156970858709e+01
1.989999999999999991e+00 1.266509709931886274e+00 1.650354958987661647e+01 5.883165164205188091e+00 1.136499891377321525e+01
1.995000000000000107e+00 1.267726238910813485e+00 1.667676296112396273e+01 5.978202383159347377e+00 1.154724418554702048e+01
2.000000000000000000e+00 1.268944065960727619e+00 1.685187876240605931e+01 6.074464594145876362e+00 1.173167457118081280e+01
2.004999999999999893e+00 1.270163179040415979e+00 1.702891053739341487e+01 6.171963313070958357e+00 1.191830909848063946e+01
2.010000000000000231e+00 1.271383566103475360e+00 1.720787309858625491e+01 6.270707952618832515e+00 1.210716128338113329e+01
2.015000000000000124e+00 1.272605215098723486e+00 1.738877855860358679e+01 6.370711980355778792e+00 1.229825310868072208e+01
2.020000000000000018e+00 1.273828113970618237e+00 1.757164203324207463e+01 6.471985128248159747e+00 1.249159960167142103e+01
2.024999999999999911e+00 1.275052250659680864e+00 1.775647601071278103e+01 6.574540001513958565e+00 1.268722063978514747e+01
2.030000000000000249e+00 1.276277613102927866e+00 1.794329422795858164e+01 6.678387347113836192e+00 1.288513320056997458e+01
2.035000000000000142e+00 1.277504189234306420e+00 1.813210990959251490e+01 6.783538863468304037e+00 1.308535494106553543e+01
2.040000000000000036e+00 1.278731966985139357e+00 1.832293626063790626e+01 6.890005473807284453e+00 1.328790345762896763e+01
2.044999999999999929e+00 1.279960934284574359e+00 1.851578598238993223e+01 6.997800098516873568e+00 1.349279896578347504e+01
2.049999999999999822e+00 1.281191079060038929e+00 1.871067260692721135e+01 7.106932603827436523e+00 1.370005634817318274e+01
2.055000000000000160e+00 1.282422389237703575e+00 1.890760913556297496e+01 7.217415152717472360e+00 1.390969496469681488e+01
2.060000000000000053e+00 1.283654852742951435e+00 1.910660770541142739e+01 7.329260834350563414e+00 1.412173521024572764e+01
2.064999999999999947e+00 1.284888457500850345e+00 1.930768163683840655e+01 7.442478594110341739e+00 1.433619022662451847e+01
2.069999999999999840e+00 1.286123191436637780e+00 1.951084207150785232e+01 7.557082798942062141e+00 1.455308309054207072e+01
2.075000000000000178e+00 1.287359042476205584e+00 1.971610354653465791e+01 7.673084917532803750e+00 1.477243162145964916e+01
2.080000000000000071e+00 1.288595998546594679e+00 1.992347619345657961e+01 7.790494863691984406e+00 1.499425086159104126e+01
2.084999999999999964e+00 1.289834047576496001e+00 2.013297353190320749e+01 7.909326317030108022e+00 1.521856189746256938e+01
2.089999999999999858e+00 1.291073177496757207e+00 2.034460823413373021e+01 8.029590805990984848e+00 1.544538282087652092e+01
2.095000000000000195e+00 1.292313376240894485e+00 2.055839068457015628e+01 8.151299580134256928e+00 1.567473077493278666e+01
2.100000000000000089e+00 1.293554631745612582e+00 2.077433469727371573e+01 8.274465523819509727e+00 1.590662577739298733e+01
2.104999999999999982e+00 1.294796931951329721e+00 2.099245008317751271e+01 8.399099991969604773e+00 1.614108531818812509e+01
2.109999999999999876e+00 1.296040264802710951e+00 2.121274968372582492e+01 8.525214852891528139e+00 1.637812789140540559e+01
2.115000000000000213e+00 1.297284618249205046e+00 2.143524539306451615e+01 8.652822926018949090e+00 1.661777286566219303e+01
2.120000000000000107e+00 1.298529980245588522e+00 2.165994905783341551e+01 8.781935990500105760e+00 1.686003819012924154e+01
2.125000000000000000e+00 1.299776338752518745e+00 2.188686985658081596e+01 8.912564500658767486e+00 1.710494012453352752e+01
2.129999999999999893e+00 1.301023681737088600e+00 2.211602165317608737e+01 9.044723055075083451e+00 1.735250135246447201e+01
2.135000000000000231e+00 1.302271997173391371e+00 2.234741571755550638e+01 9.178422430788110375e+00 1.760273802806170806e+01
2.140000000000000124e+00 1.303521273043090511e+00 2.258106102962963746e+01 9.313674253605240594e+00 1.785566749438795853e+01
2.145000000000000018e+00 1.304771497335994956e+00 2.281696961338625584e+01 9.450492179074201360e+00 1.811131183162427760e+01
2.149999999999999911e+00 1.306022658050641327e+00 2.305515209034791724e+01 9.588886918970196405e+00 1.836968652772158705e+01
2.155000000000000249e+00 1.307274743194883682e+00 2.329561993556211519e+01 9.728870800708358857e+00 1.863081024821908116e+01
2.160000000000000142e+00 1.308527740786487481e+00 2.353838537599539649e+01 9.870456276397588269e+00 1.889470189448224602e+01
2.165000000000000036e+00 1.309781638853730668e+00 2.378345629774755920e+01 1.001365669089606492e+01 1.916138295240247658e+01
2.169999999999999929e+00 1.311036425436011399e+00 2.403084276412305442e+01 1.015848037185391384e+01 1.943086381284623698e+01
2.175000000000000266e+00 1.312292088584462002e+00 2.428055776714705161e+01 1.030494420925452914e+01 1.970317289503839220e+01
2.180000000000000160e+00 1.313548616362568033e+00 2.453260897160052068e+01 1.045305625233400448e+01 1.997831995562371077e+01
2.185000000000000053e+00 1.314805996846795111e+00 2.478701023599488451e+01 1.060283235474497232e+01 2.025633055058411003e+01
2.189999999999999947e+00 1.316064218127219965e+00 2.504376701709940534e+01 1.075428045542242650e+01 2.053721553927057286e+01
2.194999999999999840e+00 1.317323268308171258e+00 2.530289166568074677e+01 1.090741494016629964e+01 2.082099723755262843e+01
2.200000000000000178e+00 1.318583135508872406e+00 2.556439530615153188e+01 1.106224888400402762e+01 2.110769589164797111e+01
2.205000000000000071e+00 1.319843807864092611e+00 2.582828456233088943e+01 1.121879164254011663e+01 2.139732413648002307e+01
2.209999999999999964e+00 1.321105273524805224e+00 2.609457044109125334e+01 1.137705792168351593e+01 2.168990555977276458e+01
2.214999999999999858e+00 1.322367520658849438e+00 2.636326129030589982e+01 1.153705633119473184e+01 2.198545242500749453e+01
2.220000000000000195e+00 1.323630537451601530e+00 2.663436883703034752e+01 1.169880275508575274e+01 2.228398831843374595e+01
2.225000000000000089e+00 1.324894312106648098e+00 2.690789885445764895e+01 1.186230570368523374e+01 2.258552639480895152e+01
2.229999999999999982e+00 1.326158832846469293e+00 2.718386296435795302e+01 1.202757728278063176e+01 2.289008454407132120e+01
2.234999999999999876e+00 1.327424087913126938e+00 2.746225623461640808e+01 1.219462299897410240e+01 2.319766765021865496e+01
2.240000000000000213e+00 1.328690065568957523e+00 2.774311313095164522e+01 1.236346899147928191e+01 2.350832100367173183e+01
2.245000000000000107e+00 1.329956754097271210e+00 2.802642965897316785e+01 1.253411998959334639e+01 2.382204861144532515e+01
2.250000000000000000e+00 1.331224141803060590e+00 2.831221226572688110e+01 1.270658610469668481e+01 2.413886546586309478e+01
2.254999999999999893e+00 1.332492217013710345e+00 2.860047252195967360e+01 1.288088102867670592e+01 2.445879212691872340e+01
2.260000000000000231e+00 1.333760968079716003e+00 2.889121510533792758e+01 1.305701473215453845e+01 2.478184321364945575e+01
2.265000000000000124e+00 1.335030383375409135e+00 2.918445067911378388e+01 1.323499939809601855e+01 2.510803622572714744e+01
2.270000000000000018e+00 1.336300451299685221e+00 2.948018828966517901e+01 1.341484575394463086e+01 2.543738729275745669e+01
2.274999999999999911e+00 1.337571160276742388e+00 2.977843080179043156e+01 1.359656488716135136e+01 2.576991275886203070e+01
2.280000000000000249e+00 1.338842498756821042e+00 3.007918892550927481e+01 1.378016787666618370e+01 2.610562903336455776e+01
2.285000000000000142e+00 1.340114455216953049e+00 3.038247069884940998e+01 1.396566518869797235e+01 2.644455036541092241e+01
2.290000000000000036e+00 1.341387018161716460e+00 3.068827992748423839e+01 1.415306974215269875e+01 2.678669732551740523e+01
2.294999999999999929e+00 1.342660176123993576e+00 3.099662684452244577e+01 1.434239111805831968e+01 2.713208374275490087e+01
2.300000000000000266e+00 1.343933917665737443e+00 3.130751764938398907e+01 1.453364107095375779e+01 2.748072527162340961e+01
2.305000000000000160e+00 1.345208231378743458e+00 3.162095587943186459e+01 1.472682809688442518e+01 2.783263505731181908e+01
2.310000000000000053e+00 1.346483105885426967e+00 3.193695288615699823e+01 1.492196344295887300e+01 2.818782805280081760e+01
2.314999999999999947e+00 1.347758529839606201e+00 3.225551079822335510e+01 1.511905989187491528e+01 2.854632561600709550e+01
2.319999999999999840e+00 1.349034491927291413e+00 3.257663853821542688e+01 1.531812534772964085e+01 2.890813635406048476e+01
2.325000000000000178e+00 1.350310980867478472e+00 3.290033827215646767e+01 1.551916941126996896e+01 2.927327514997572067e+01
2.330000000000000071e+00 1.351587985412951776e+00 3.322662136208101202e+01 1.572220507816241941e+01 2.964176025413239302e+01
2.334999999999999964e+00 1.352865494351088493e+00 3.355548748685090743e+01 1.592723851870098883e+01 3.001360051986347699e+01
2.339999999999999858e+00 1.354143496504671029e+00 3.388694386818861659e+01 1.613428202714533199e+01 3.038881371444786339e+01
2.345000000000000195e+00 1.355421980732705700e+00 3.422099773900335151e+01 1.634334623528935282e+01 3.076741517202491139e+01
2.350000000000000089e+00 1.356700935931243857e+00 3.455765130080124692e+01 1.655443740841277389e+01 3.114941173073987812e+01
2.354999999999999982e+00 1.357980351034212774e+00 3.489690927196421910e+01 1.676756777251135588e+01 3.153482317786510336e+01
2.359999999999999876e+00 1.359260215014249207e+00 3.523877818129899708e+01 1.698274439692979598e+01 3.192365690243808629e+01
2.365000000000000213e+00 1.360540516883539608e+00 3.558326018183376505e+01 1.719997705676783895e+01 3.231592805088676812e+01
2.370000000000000107e+00 1.361821245694665894e+00 3.593035923331706272e+01 1.741927407159379371e+01 3.271164732605809178e+01
2.375000000000000000e+00 1.363102390541456321e+00 3.628007934669980017e+01 1.764064531044256157e+01 3.311082825479613945e+01
2.379999999999999893e+00 1.364383940559842134e+00 3.663242451087366902e+01 1.786409941860839723e+01 3.351348381162187451e+01
2.385000000000000231e+00 1.365665884928720875e+00 3.698739794039303774e+01 1.808964250026198428e+01 3.391961962695893362e+01
2.390000000000000124e+00 1.366948212870820356e+00 3.734500107491295751e+01 1.831728592804166666e+01 3.432925440977771103e+01
2.395000000000000018e+00 1.368230913653576408e+00 3.770523804186108663e+01 1.854703434405799811e+01 3.474239134992152600e+01
2.399999999999999911e+00 1.369513976590007287e+00 3.806811293040801303e+01 1.877889794606353036e+01 3.515904506777288674e+01
2.405000000000000249e+00 1.370797391039600077e+00 3.843362315718153610e+01 1.901288318784364506e+01 3.557922525155755977e+01
2.410000000000000142e+00 1.372081146409197538e+00 3.880177620236999303e+01 1.924899723099141013e+01 3.600293850579487298e+01
2.415000000000000036e+00 1.373365232153893167e+00 3.917256961921705738e+01 1.948724667159843094e+01 3.643019509716703652e+01
2.419999999999999929e+00 1.374649637777930256e+00 3.954600924097212555e+01 1.972764164288734534e+01 3.686100751192563507e+01
2.425000000000000266e+00 1.375934352835608943e+00 3.992209180572022831e+01 1.997018505307619662e+01 3.729537947775882856e+01
2.430000000000000160e+00 1.377219366932191491e+00 4.030081646418754815e+01 2.021488337892352760e+01 3.773331822653968715e+01
2.435000000000000053e+00 1.378504669724822440e+00 4.068219186233473295e+01 2.046174737681883116e+01 3.817483829159574782e+01
2.439999999999999947e+00 1.379790250923445205e+00 4.106621397629776737e+01 2.071077777067838355e+01 3.861993861335340483e+01
2.444999999999999840e+00 1.381076100291728892e+00 4.145288128500114766e+01 2.096198410668444012e+01 3.906863256328959011e+01
2.450000000000000178e+00 1.382362207647998886e+00 4.184219393684068677e+01 2.121536967603365653e+01 3.952092271195446216e+01
2.455000000000000071e+00 1.383648562866170106e+00 4.223415321448653259e+01 2.147094118690287701e+01 3.997681664269077118e+01
2.459999999999999964e+00 1.384935155876690471e+00 4.262876029097098041e+01 2.172870175920122904e+01 4.043631600964083361e+01
2.464999999999999858e+00 1.386221976667483702e+00 4.302600957777567459e+01 2.198865987133638455e+01 4.089943436752425043e+01
2.470000000000000195e+00 1.387509015284901448e+00 4.342590070608051178e+01 2.225081447182941119e+01 4.136616461389061783e+01
2.475000000000000089e+00 1.388796261834676082e+00 4.382843310666847714e+01 2.251517496772675031e+01 4.183652097861398289e+01
2.479999999999999982e+00 1.390083706482882597e+00 4.423360675465156788e+01 2.278174382836753509e+01 4.231050340245513297e+01
2.484999999999999876e+00 1.391371339456903167e+00 4.464141694702983187e+01 2.305052555614496868e+01 4.278811682099393465e+01
2.490000000000000213e+00 1.392659151046396371e+00 4.505186010988433054e+01 2.332152140904921467e+01 4.326936018832553543e+01
2.495000000000000107e+00 1.393947131604270639e+00 4.546493522888014382e+01 2.359473655398409520e+01 4.375423933476254490e+01
2.500000000000000000e+00 1.395235271547664579e+00 4.588064046758756120e+01 2.387017230337929874e+01 4.424275307158309545e+01
2.504999999999999893e+00 1.396523561358930632e+00 4.629896906454407457e+01 2.414783210217576936e+01 4.473490353795111929e+01
2.510000000000000231e+00 1.397811991586621838e+00 4.671992004534454423e+01 2.442771717312052360e+01 4.523069009535425522e+01
2.515000000000000124e+00 1.399100552846486600e+00 4.714348846652949021e+01 2.470983104480719916e+01 4.573011501848782956e+01
2.520000000000000018e+00 1.400389235822465217e+00 4.756966749937142680e+01 2.499417701544399506e+01 4.623318226639000272e+01
2.524999999999999911e+00 1.401678031267691527e+00 4.799845393804414329e+01 2.528075463556644920e+01 4.673988655516777868e+01
2.530000000000000249e+00 1.402966930005501656e+00 4.842984374450355745e+01 2.556956380933789674e+01 4.725022284534328065e+01
2.535000000000000142e+00 1.404255922930439437e+00 4.886383040624937735e+01 2.586060702970188530e+01 4.776419535103850933e+01
2.540000000000000036e+00 1.405545001009279815e+00 4.930040833236255793e+01 2.615388688553035834e+01 4.828180383043937951e+01
2.544999999999999929e+00 1.406834155282040921e+00 4.973957270707765588e+01 2.644939803178542448e+01 4.880303350535366746e+01
2.550000000000000266e+00 1.408123376863012810e+00 5.018131805669664658e+01 2.674714698601612284e+01 4.932789472896364913e+01
2.555000000000000160e+00 1.409412656941783526e+00 5.062563218131244014e+01 2.704712993651806130e+01 4.985637853994700208e+01
2.560000000000000053e+00 1.410701986784272943e+00 5.107251210678182218e+01 2.734934118399700864e+01 5.038846852060090242e+01
2.564999999999999947e+00 1.411991357733769048e+00 5.152195248499345581e+01 2.765379066920421636e+01 5.092418123908594652e+01
2.569999999999999840e+00 1.413280761211968217e+00 5.197394039842330216e+01 2.796046962822903126e+01 5.146349761527992683e+01
2.575000000000000178e+00 1.414570188720020605e+00 5.242846984823806622e+01 2.826937886261541166e+01 5.200641554412359824e+01
2.580000000000000071e+00 1.415859631839580635e+00 5.288553558189424564e+01 2.858051570921533724e+01 5.255292642377130363e+01
2.584999999999999964e+00 1.417149082233858159e+00 5.334512304855606857e+01 2.889387768653893929e+01 5.310302304864558209e+01
2.589999999999999858e+00 1.418438531648677170e+00 5.380722807514169403e+01 2.920946206584839544e+01 5.365669806673257369e+01
2.595000000000000195e+00 1.419727971913536280e+00 5.427183890997923754e+01 2.952726687516407367e+01 5.421394266938489181e+01
2.600000000000000089e+00 1.421017394942674095e+00 5.473894458088235382e+01 2.984728677367910166e+01 5.477474842920043585e+01
2.604999999999999982e+00 1.422306792736138581e+00 5.520853839872162183e+01 3.016952473262831091e+01 5.533911368677918574e+01
2.609999999999999876e+00 1.423596157380858207e+00 5.568060976330178136e+01 3.049396640546076043e+01 5.590700983861097484e+01
2.615000000000000213e+00 1.424885481051721747e+00 5.615514596983444306e+01 3.082061738960495134e+01 5.647844582466809982e+01
2.620000000000000107e+00 1.426174756012655642e+00 5.663213485060631314e+01 3.114946557830371532e+01 5.705339586041480970e+01
2.625000000000000000e+00 1.427463974617710019e+00 5.711156398217187302e+01 3.148050769408921212e+01 5.763185171317950761e+01
2.629999999999999893e+00 1.428753129312145598e+00 5.759342859110289936e+01 3.181374233022103226e+01 5.821380658456000390e+01
2.635000000000000231e+00 1.430042212633526821e+00 5.807770899567813672e+01 3.214915908853309645e+01 5.879924221004239371e+01
2.640000000000000124e+00 1.431331217212814755e+00 5.856439535724269518e+01 3.248675807135695237e+01 5.938815262953149698e+01
2.645000000000000018e+00 1.432620135775467096e+00 5.905347479329412863e+01 3.282652593325788359e+01 5.998051109311364115e+01
2.649999999999999911e+00 1.433908961142540850e+00 5.954493696366682087e+01 3.316846284121396593e+01 6.057631719528787073e+01
2.655000000000000249e+00 1.435197686231796554e+00 6.003876369218562559e+01 3.351255267006500560e+01 6.117553798041205937e+01
2.660000000000000142e+00 1.436486304058808727e+00 6.053494133244872444e+01 3.385879808714829409e+01 6.177817624441270539e+01
2.665000000000000036e+00 1.437774807738079197e+00 6.103346147931408439e+01 3.420718961343805375e+01 6.238421015151602234e+01
2.669999999999999929e+00 1.439063190484150212e+00 6.153430629228902404e+01 3.455771535544136697e+01 6.299361874556389296e+01
2.675000000000000266e+00 1.440351445612727099e+00 6.203745848569418087e+01 3.491036647137733695e+01 6.360638178167853596e+01
2.680000000000000160e+00 1.441639566541798700e+00 6.254290578213109342e+01 3.526514014966350175e+01 6.422249203360958347e+01
2.685000000000000053e+00 1.442927546792763360e+00 6.305063446831115215e+01 3.562202442638388789e+01 6.484192395205570847e+01
2.689999999999999947e+00 1.444215379991559578e+00 6.356062429269162095e+01 3.598100888908980721e+01 6.546466075757471970e+01
2.694999999999999840e+00 1.445503059869796658e+00 6.407285848395697769e+01 3.634208327690730300e+01 6.609067723854232668e+01
2.700000000000000178e+00 1.446790580265890691e+00 6.458732898569141412e+01 3.670524136206586974e+01 6.671996134616148311e+01
2.705000000000000071e+00 1.448077935126202975e+00 6.510401042239601566e+01 3.707046899304003773e+01 6.735248479717245118e+01
2.709999999999999964e+00 1.449365118506182437e+00 6.562289192158861795e+01 3.743775802685790666e+01 6.798823066957761796e+01
2.714999999999999858e+00 1.450652124571508272e+00 6.614395196913550024e+01 3.780710002053270813e+01 6.862718404450220078e+01
2.720000000000000195e+00 1.451938947599239915e+00 6.666717633807019183e+01 3.817847893811208593e+01 6.926930917001747900e+01
2.725000000000000089e+00 1.453225581978965009e+00 6.719254339977045731e+01 3.855188688857630552e+01 6.991459451287046534e+01
2.729999999999999982e+00 1.454512022213955591e+00 6.772003831580546773e+01 3.892731557118938213e+01 7.056301935970407158e+01
2.734999999999999876e+00 1.455798262922322506e+00 6.824964125337204734e+01 3.930474267894873464e+01 7.121454346627739085e+01
2.740000000000000213e+00 1.457084298838174696e+00 6.878133631493741973e+01 3.968416455917119379e+01 7.186915683397579357e+01
2.745000000000000107e+00 1.458370124812782276e+00 6.931509691480752622e+01 4.006556351491990142e+01 7.252682922212675010e+01
2.750000000000000000e+00 1.459655735815740485e+00 6.985091442449088106e+01 4.044893377994601025e+01 7.318754348720661085e+01
2.754999999999999893e+00 1.460941126936137202e+00 7.038875951521137608e+01 4.083425533047582690e+01 7.385126501020420164e+01
2.760000000000000231e+00 1.462226293383724007e+00 7.092861924709355037e+01 4.122151578758892754e+01 7.451796723223624497e+01
2.765000000000000124e+00 1.463511230490086357e+00 7.147047125811627666e+01 4.161070197033501472e+01 7.518762695138440222e+01
2.770000000000000018e+00 1.464795933709824194e+00 7.201429649337542571e+01 4.200180666369954707e+01 7.586022738504347274e+01
2.774999999999999911e+00 1.466080398621724123e+00 7.256007191479416463e+01 4.239480243304750928e+01 7.653572044174268285e+01
2.780000000000000249e+00 1.467364620929943797e+00 7.310777959139842608e+01 4.278968586364830884e+01 7.721409443664559547e+01
2.785000000000000142e+00 1.468648596465194744e+00 7.365736944869310321e+01 4.318643215067867658e+01 7.789530895484078599e+01
2.790000000000000036e+00 1.469932321185927426e+00 7.420887452303483656e+01 4.358504301685596261e+01 7.857935987361103969e+01
2.794999999999999929e+00 1.471215791179520282e+00 7.476224775413105306e+01 4.398548905655006536e+01 7.926619332161443765e+01
2.800000000000000266e+00 1.472499002663467449e+00 7.531746293762395794e+01 4.438775737483055650e+01 7.995578797370387747e+01
2.805000000000000160e+00 1.473781951986576466e+00 7.587450406231918976e+01 4.479183032100832662e+01 8.064810706154479192e+01
2.810000000000000053e+00 1.475064635630160437e+00 7.643334976203657050e+01 4.519770101722355804e+01 8.134313727353183765e+01
2.814999999999999947e+00 1.476347050209237288e+00 7.699397688182472166e+01 4.560534790895437851e+01 8.204084035845792755e+01
2.819999999999999840e+00 1.477629192473728592e+00 7.755636322804765825e+01 4.601475807314164967e+01 8.274119086494634701e+01
2.825000000000000178e+00 1.478911059309663267e+00 7.812048042193389108e+01 4.642590560987551385e+01 8.344414051250306841e+01
2.830000000000000071e+00 1.480192647740382617e+00 7.868630543225798135e+01 4.683877739570520760e+01 8.414966814125989458e+01
2.834999999999999964e+00 1.481473954927746250e+00 7.925382967862114469e+01 4.725336640920654929e+01 8.485775396023107930e+01
2.839999999999999858e+00 1.482754978173340454e+00 7.982301721436361674e+01 4.766964208693220684e+01 8.556834617327008630e+01
2.845000000000000195e+00 1.484035714919693882e+00 8.039384679370388653e+01 4.808759446187380604e+01 8.628142474103938753e+01
2.850000000000000089e+00 1.485316162751484814e+00 8.096629502622364782e+01 4.850720359160052908e+01 8.699695309269139898e+01
2.854999999999999982e+00 1.486596319396762178e+00 8.154034052397543064e+01 4.892845421793459337e+01 8.771490170436079836e+01
2.859999999999999876e+00 1.487876182728162133e+00 8.211596084912186200e+01 4.935132567687722371e+01 8.843523074052740185e+01
2.865000000000000213e+00 1.489155750764126207e+00 8.269312765260384879e+01 4.977579861809996231e+01 8.915790946726964705e+01
2.870000000000000107e+00 1.490435021670126092e+00 8.327182326215059049e+01 5.020186458060901202e+01 8.988291821172411744e+01
2.875000000000000000e+00 1.491713993759884893e+00 8.385202085393223115e+01 5.062949312521875811e+01 9.061020237684721224e+01
2.879999999999999893e+00 1.492992665496607696e+00 8.443369749664105939e+01 5.105867686976417730e+01 9.133974717744574434e+01
2.885000000000000231e+00 1.494271035494205480e+00 8.501682334190041956e+01 5.148938421948481192e+01 9.207149690806849662e+01
2.890000000000000124e+00 1.495549102518527240e+00 8.560137793478250501e+01 5.192160646781838551e+01 9.280543275488885513e+01
2.895000000000000018e+00 1.496826865488593894e+00 8.618734391289622465e+01 5.235532511096252506e+01 9.354152297058959675e+01
2.899999999999999911e+00 1.498104323477830180e+00 8.677468685072759058e+01 5.279051260241201504e+01 9.427971617222372913e+01
2.905000000000000249e+00 1.499381475715303225e+00 8.736338325007785954e+01 5.322715427077259420e+01 9.501998611084927404e+01
2.910000000000000142e+00 1.500658321586958444e+00 8.795341811669862864e+01 5.366523950520475950e+01 9.576231029059516686e+01
2.915000000000000036e+00 1.501934860636862323e+00 8.854475538035659099e+01 5.410473514409130757e+01 9.650663235388310568e+01
2.919999999999999929e+00 1.503211092568443430e+00 8.913737610489249619e+01 5.454563476120404175e+01 9.725294367404006834e+01
2.925000000000000266e+00 1.504487017245737190e+00 8.973125168146532360e+01 5.498790421984575261e+01 9.800117403975879427e+01
2.930000000000000160e+00 1.505762634694630231e+00 9.032636845365522049e+01 5.543154024355554554e+01 9.875131973615810921e+01
2.935000000000000053e+00 1.507037945104112264e+00 9.092269059882772808e+01 5.587651271650027951e+01 9.950332729243700669e+01
2.939999999999999947e+00 1.508312948827522426e+00 9.152019644696068212e+01 5.632280474216359067e+01 1.002571670884694157e+02
2.944999999999999840e+00 1.509587646383803383e+00 9.211886292952758026e+01 5.677039782670405543e+01 1.010128022337921863e+02
2.950000000000000178e+00 1.510862038458753664e+00 9.271866821024899252e+01 5.721927075833163201e+01 1.017701972424541168e+02
2.955000000000000071e+00 1.512136125906285322e+00 9.331958113702296487e+01 5.766940426714126744e+01 1.025293161204106269e+02
2.959999999999999964e+00 1.513409909749681370e+00 9.392158134346544784e+01 5.812078045068394516e+01 1.032901261756364164e+02
2.964999999999999858e+00 1.514683391182853445e+00 9.452464322279571718e+01 5.857337518792403586e+01 1.040525854472196272e+02
2.970000000000000195e+00 1.515956571571605682e+00 9.512873959077981567e+01 5.902717425114384753e+01 1.048166671610310061e+02
2.975000000000000089e+00 1.517229452454897709e+00 9.573385435579473324e+01 5.948215260402187710e+01 1.055823227748063573e+02
2.979999999999999982e+00 1.518502035546109630e+00 9.633994898857379496e+01 5.993829096631718301e+01 1.063495271026313560e+02
2.984999999999999876e+00 1.519774322734309235e+00 9.694700988652324725e+01 6.039557304241203184e+01 1.071182392614102525e+02
2.990000000000000213e+00 1.521046316085523209e+00 9.755501851967356686e+01 6.085397748660242456e+01 1.078884237320718285e+02
2.995000000000000107e+00 1.522318017844006111e+00 9.816393356210464560e+01 6.131348452405671878e+01 1.086600511360508392e+02
3.000000000000000000e+00 1.523589430433515579e+00 9.877374406831125953e+01 6.177407654935931447e+01 1.094330840154965898e+02
3.004999999999999893e+00 1.524860556458587313e+00 9.938442082739396710e+01 6.223572677865108460e+01 1.102074764860535367e+02
3.010000000000000231e+00 1.526131398705811604e+00 9.999594027215603376e+01 6.269842283157296947e+01 1.109832055009152612e+02
3.015000000000000124e+00 1.527401960145112314e+00 1.006082726333919481e+02 6.316213208524230538e+01 1.117602132075378449e+02
3.020000000000000018e+00 1.528672243931031183e+00 1.012214077619132979e+02 6.362685593622850888e+01 1.125384994898360134e+02
3.024999999999999911e+00 1.529942253404009023e+00 1.018353152735194129e+02 6.409256126462634029e+01 1.133180065602802244e+02
3.030000000000000249e+00 1.531211992091669805e+00 1.024499664729359125e+02 6.455922891058668256e+01 1.140986998252611357e+02
3.035000000000000142e+00 1.532481463710112957e+00 1.030653428116166879e+02 6.502684038917938381e+01 1.148805484414085356e+02
3.040000000000000036e+00 1.533750672165198337e+00 1.036814216991634225e+02 6.549538084345617506e+01 1.156635233050978542e+02
3.044999999999999929e+00 1.535019621553841640e+00 1.042981799433337500e+02 6.596482505156974696e+01 1.164475778027611597e+02
3.050000000000000266e+00 1.536288316165307810e+00 1.049155921695970193e+02 6.643515279934521800e+01 1.172326779220771726e+02
3.055000000000000160e+00 1.537556760482504448e+00 1.055336364856651556e+02 6.690634891744377910e+01 1.180187948477168334e+02
3.060000000000000053e+00 1.538824959183287211e+00 1.061522873706333741e+02 6.737839198224720860e+01 1.188058928624370765e+02
3.064999999999999947e+00 1.540092917141751672e+00 1.067715292911916976e+02 6.785126670979626340e+01 1.195939419973012292e+02
3.070000000000000284e+00 1.541360639429545376e+00 1.073913300692408370e+02 6.832494577291974736e+01 1.203828967876154934e+02
3.075000000000000178e+00 1.542628131317168361e+00 1.080116808430388176e+02 6.879942263263836821e+01 1.211727386417292394e+02
3.080000000000000071e+00 1.543895398275281439e+00 1.086325423406425159e+02 6.927466484555210968e+01 1.219634181718871559e+02
3.084999999999999964e+00 1.545162445976019150e+00 1.092539041901282104e+02 6.975066514940098727e+01 1.227549185026710887e+02
3.089999999999999858e+00 1.546429280294300046e+00 1.098757435840334864e+02 7.022739527019733430e+01 1.235471831260117170e+02
3.095000000000000195e+00 1.547695907309144969e+00 1.104980347183491318e+02 7.070484341948385065e+01 1.243402029379424505e+02
3.100000000000000089e+00 1.548962333304992001e+00 1.111207606057399033e+02 7.118298963730687490e+01 1.251339305117969332e+02
3.104999999999999982e+00 1.550228564773019402e+00 1.117438968267678234e+02 7.166181180218994484e+01 1.259283357358262805e+02
3.109999999999999876e+00 1.551494608412467890e+00 1.123674245572573511e+02 7.214129934078960105e+01 1.267233921148679627e+02
3.115000000000000213e+00 1.552760471131968911e+00 1.129913208821762822e+02 7.262143003205406444e+01 1.275190670239886970e+02
3.120000000000000107e+00 1.554026160050869576e+00 1.136155671177389763e+02 7.310218313975921944e+01 1.283153167775314500e+02
3.125000000000000000e+00 1.555291682500568706e+00 1.142401459950907281e+02 7.358354404867053233e+01 1.291121162577288146e+02
3.129999999999999893e+00 1.556557046025848434e+00 1.148650251425570303e+02 7.406549280137947733e+01 1.299094348582194414e+02
3.135000000000000231e+00 1.557822258386214909e+00 1.154901918297867240e+02 7.454801421772121728e+01 1.307072443891439946e+02
3.140000000000000124e+00 1.559087327557234559e+00 1.161156319581223642e+02 7.503108792092542956e+01 1.315055009662883094e+02
3.145000000000000018e+00 1.560352261731882795e+00 1.167413161627934812e+02 7.551470351998750630e+01 1.323041960611284651e+02
3.149999999999999911e+00 1.561617069321888263e+00 1.173672292716507712e+02 7.599883406449197309e+01 1.331032752489029463e+02
3.155000000000000249e+00 1.562881758959084433e+00 1.179933573793322807e+02 7.648347507581944171e+01 1.339027325624192031e+02
3.160000000000000142e+00 1.564146339496760740e+00 1.186196712924365926e+02 7.696859381239698905e+01 1.347025076063836480e+02
3.165000000000000036e+00 1.565410820011023496e+00 1.192461638671897930e+02 7.745418953805489082e+01 1.355025979958924154e+02
3.169999999999999929e+00 1.566675209802153468e+00 1.198728023754512577e+02 7.794023427762317624e+01 1.363029632478456961e+02
3.175000000000000266e+00 1.567939518395971676e+00 1.204995767202383377e+02 7.842671175761854840e+01 1.371035656250124646e+02
3.180000000000000160e+00 1.569203755545205192e+00 1.211264681778615540e+02 7.891361459819115964e+01 1.379043914855299420e+02
3.185000000000000053e+00 1.570467931230861369e+00 1.217534639982272040e+02 7.940092631698055925e+01 1.387054142638757810e+02
3.189999999999999947e+00 1.571732055663601191e+00 1.223805382948841753e+02 7.988862306199388286e+01 1.395065920811935314e+02
3.195000000000000284e+00 1.572996139285118833e+00 1.230076739314858543e+02 8.037668756694309025e+01 1.403078932604304612e+02
3.200000000000000178e+00 1.574260192769525224e+00 1.236348635906594495e+02 8.086511796773662297e+01 1.411093103017573753e+02
3.205000000000000071e+00 1.575524227024737378e+00 1.242620755730675199e+02 8.135388394709964643e+01 1.419107976534359921e+02
3.209999999999999964e+00 1.576788253193867284e+00 1.248893115707643204e+02 8.184298472539143177e+01 1.427123458932691449e+02
3.214999999999999858e+00 1.578052282656617233e+00 1.255165386141140118e+02 8.233239012277054769e+01 1.435139046798688014e+02
3.220000000000000195e+00 1.579316327030685141e+00 1.261437433106618187e+02 8.282209732029177474e+01 1.443154729550872730e+02
3.225000000000000089e+00 1.580580398173165202e+00 1.267709228059115958e+02 8.331208823443532197e+01 1.451170080737182104e+02
3.229999999999999982e+00 1.581844508181959430e+00 1.273980408254873140e+02 8.380233648347693531e+01 1.459184744912259930e+02
3.234999999999999876e+00 1.583108669397191415e+00 1.280251007173588391e+02 8.429285192025399454e+01 1.467198830700927203e+02
3.240000000000000213e+00 1.584372894402625409e+00 1.286520808762937804e+02 8.478360283366453132e+01 1.475211759997403078e+02
3.245000000000000107e+00 1.585637196027092743e+00 1.292789655250160479e+02 8.527458129750019111e+01 1.483223440888041011e+02
3.250000000000000000e+00 1.586901587345919129e+00 1.299057309029740850e+02 8.576576610876618645e+01 1.491233489149091156e+02
3.254999999999999893e+00 1.588166081682362174e+00 1.305323813168370748e+02 8.625715545740123957e+01 1.499241826819058190e+02
3.260000000000000231e+00 1.589430692609048013e+00 1.311588887515670194e+02 8.674872872258987400e+01 1.507248149855209078e+02
3.265000000000000124e+00 1.590695433949419924e+00 1.317852483450352281e+02 8.724047691017607065e+01 1.515252232634127836e+02
3.270000000000000018e+00 1.591960319779189614e+00 1.324114385471382036e+02 8.773238369106691437e+01 1.523253833580461958e+02
3.274999999999999911e+00 1.593225364427793389e+00 1.330374481995520739e+02 8.822443528875550101e+01 1.531252692019308768e+02
3.280000000000000249e+00 1.594490582479856755e+00 1.336632624698812890e+02 8.871661594777387450e+01 1.539248528679945878e+02
3.285000000000000142e+00 1.595755988776664358e+00 1.342888741147424980e+02 8.920893741315430248e+01 1.547241575420374886e+02
3.290000000000000036e+00 1.597021598417631694e+00 1.349142677112000399e+02 8.970135433636370692e+01 1.555231006170152739e+02
3.294999999999999929e+00 1.598287426761794583e+00 1.355394294264935979e+02 9.019386552456113293e+01 1.563216750053804844e+02
3.300000000000000266e+00 1.599553489429289543e+00 1.361643515081575515e+02 9.068646790232948263e+01 1.571198831979811814e+02
3.305000000000000160e+00 1.600819802302856587e+00 1.367890202735464129e+02 9.117914442341725589e+01 1.579176894295206068e+02
3.310000000000000053e+00 1.602086381529337800e+00 1.374134246346302461e+02 9.167188180607642778e+01 1.587150715482201520e+02
3.314999999999999947e+00 1.603353243521186133e+00 1.380375557734120662e+02 9.216467297068626863e+01 1.595120133566831555e+02
3.320000000000000284e+00 1.604620404957985969e+00 1.386613887944972703e+02 9.265749722958041446e+01 1.603084891212142793e+02
3.325000000000000178e+00 1.605887882787973897e+00 1.392849293096766417e+02 9.315035635033923711e+01 1.611044940737045863e+02
3.330000000000000071e+00 1.607155694229572163e+00 1.399081652735773389e+02 9.364324007845171138e+01 1.619000092662727468e+02
3.334999999999999964e+00 1.608423856772927873e+00 1.405310763432648002e+02 9.413612555932641612e+01 1.626949974799479719e+02
3.339999999999999858e+00 1.609692388181460876e+00 1.411536562342073466e+02 9.462900912634927408e+01 1.634894549819620124e+02
3.345000000000000195e+00 1.610961306493419842e+00 1.417759051557679015e+02 9.512188627162775845e+01 1.642833627758025159e+02
3.350000000000000089e+00 1.612230630023444355e+00 1.423978025217195409e+02 9.561473963736656856e+01 1.650766983510589796e+02
3.354999999999999982e+00 1.613500377364142535e+00 1.430193407990974208e+02 9.610756019000886852e+01 1.658694506888023739e+02
3.359999999999999876e+00 1.614770567387667999e+00 1.436405086536115903e+02 9.660033496084012938e+01 1.666615864378089498e+02
3.365000000000000213e+00 1.616041219247312144e+00 1.442613059926425194e+02 9.709306824862186147e+01 1.674531212234015527e+02
3.370000000000000107e+00 1.617312352379102647e+00 1.448817265473005875e+02 9.758574248699638076e+01 1.682440113479524655e+02
3.375000000000000000e+00 1.618583986503417060e+00 1.455017478036145349e+02 9.807834599631917172e+01 1.690342554629324354e+02
3.379999999999999893e+00 1.619856141626595081e+00 1.461213718621973214e+02 9.857087540211868770e+01 1.698238342936055290e+02
3.385000000000000231e+00 1.621128838042573905e+00 1.467405850890872898e+02 9.906331232181284463e+01 1.706127197835140237e+02
3.390000000000000124e+00 1.622402096334521149e+00 1.473593868560308522e+02 9.955566691962386017e+01 1.714009325930651926e+02
3.395000000000000018e+00 1.623675937376488410e+00 1.479777727904074993e+02 1.000479199967664243e+02 1.721884279784446505e+02
3.399999999999999911e+00 1.624950382335069499e+00 1.485957221373466268e+02 1.005400556713286733e+02 1.729751893782775767e+02
3.405000000000000249e+00 1.626225452671069327e+00 1.492132380247174979e+02 1.010320762142853965e+02 1.737612185739692165e+02
3.410000000000000142e+00 1.627501170141188780e+00 1.498303180508038679e+02 1.015239820323295419e+02 1.745465163750530166e+02
3.415000000000000036e+00 1.628777556799715365e+00 1.504469488490645119e+02 1.020157505700358200e+02 1.753310362245129852e+02
3.419999999999999929e+00 1.630054635000228513e+00 1.510631214520940944e+02 1.025073822455882038e+02 1.761147904678288967e+02
3.425000000000000266e+00 1.631332427397314877e+00 1.516788385931692176e+02 1.029988643889230389e+02 1.768977518163505067e+02
3.430000000000000160e+00 1.632610956948298497e+00 1.522940910752838874e+02 1.034901996747176582e+02 1.776799214170489449e+02
3.435000000000000053e+00 1.633890246914980304e+00 1.529088744095121797e+02 1.039813741186693221e+02 1.784612812713032497e+02
3.439999999999999947e+00 1.635170320865392934e+00 1.535231870353257193e+02 1.044723906117837373e+02 1.792418338844216805e+02
3.445000000000000284e+00 1.636451202675564431e+00 1.541370116964438637e+02 1.049632229891445121e+02 1.800215323367061444e+02
3.450000000000000178e+00 1.637732916531301264e+00 1.547503588849122309e+02 1.054538876325947427e+02 1.808004067258799807e+02
3.455000000000000071e+00 1.639015486929979559e+00 1.553632183565466391e+02 1.059443683930059308e+02 1.815784334837327378e+02
3.459999999999999964e+00 1.640298938682350771e+00 1.559755877072282715e+02 1.064346610387307379e+02 1.823555968663176543e+02
3.464999999999999858e+00 1.641583296914366441e+00 1.565874628825494312e+02 1.069247650565548469e+02 1.831319001189352775e+02
3.470000000000000195e+00 1.642868587069010289e+00 1.571988360684661359e+02 1.074146660738475560e+02 1.839073242790273923e+02
3.475000000000000089e+00 1.644154834908149621e+00 1.578097084836401507e+02 1.079043605331979307e+02 1.846818540449757222e+02
3.479999999999999982e+00 1.645442066514400281e+00 1.584200864402347122e+02 1.083938636858385962e+02 1.854555201956164865e+02
3.484999999999999876e+00 1.646730308293007594e+00 1.590299379672005955e+02 1.088831310621685304e+02 1.862282534983068558e+02
3.490000000000000213e+00 1.648019586973742623e+00 1.596393010507079566e+02 1.093722061650483965e+02 1.870001146652957402e+02
3.495000000000000107e+00 1.649309929612814640e+00 1.602481403466296968e+02 1.098610459708921496e+02 1.877710432859817331e+02
3.500000000000000000e+00 1.650601363594798476e+00 1.608564662335316484e+02 1.103496648679380030e+02 1.885410579041434005e+02
3.504999999999999893e+00 1.651893916634581849e+00 1.614626244558797339e+02 1.108366781526659395e+02 1.893054549239810171e+02
3.510000000000000231e+00 1.653187616779326907e+00 1.620682407378609753e+02 1.113234363125850734e+02 1.900688442972122800e+02
3.515000000000000124e+00 1.654482492410449757e+00 1.626733303710539928e+02 1.118099521752023691e+02 1.908312422619855795e+02
3.520000000000000018e+00 1.655778572245619973e+00 1.632778807977407780e+02 1.122962097616122605e+02 1.915926194208372522e+02
3.524999999999999911e+00 1.657075885340773880e+00 1.638818922900905477e+02 1.127822111533081966e+02 1.923529907293864483e+02
3.530000000000000249e+00 1.658374461092151142e+00 1.644853722257274171e+02 1.132679659057467347e+02 1.931123625458603499e+02
3.535000000000000142e+00 1.659674329238346902e+00 1.650883079958217934e+02 1.137534418153411053e+02 1.938706838090279234e+02
3.540000000000000036e+00 1.660975519862385452e+00 1.656907059968352485e+02 1.142386519297084249e+02 1.946279744784232548e+02
3.544999999999999929e+00 1.662278063393811456e+00 1.662925691070362291e+02 1.147235989361389557e+02 1.953842399724573227e+02
3.550000000000000266e+00 1.663581990610803807e+00 1.668938976741463591e+02 1.152082809676751225e+02 1.961394792397643698e+02
3.555000000000000160e+00 1.664887332642308815e+00 1.674946792318098119e+02 1.156926800990986379e+02 1.968936654952831873e+02
3.560000000000000053e+00 1.666194120970192039e+00 1.680949423954405688e+02 1.161768262165699923e+02 1.976468412968380903e+02
3.564999999999999947e+00 1.667502387431416100e+00 1.686946605576069942e+02 1.166606897226791233e+02 1.983989609162121894e+02
3.570000000000000284e+00 1.668812164220237593e+00 1.692938327994099552e+02 1.171442585773589542e+02 1.991500100283452923e+02
3.575000000000000178e+00 1.670123483890425531e+00 1.698924910921291485e+02 1.176275784214775371e+02 1.999000570935363896e+02
3.580000000000000071e+00 1.671436379357503110e+00 1.704906059558538800e+02 1.181105980303849776e+02 2.006490177615280004e+02
3.584999999999999964e+00 1.672750883901015451e+00 1.710881968226725576e+02 1.185933522604547932e+02 2.013969616884067193e+02
3.589999999999999858e+00 1.674067031166816655e+00 1.716852599629886242e+02 1.190758234761456862e+02 2.021438432617821661e+02
3.595000000000000195e+00 1.675384855169382847e+00 1.722817876678892617e+02 1.195579977153610969e+02 2.028896537744696502e+02
3.600000000000000089e+00 1.676704390294149860e+00 1.728778053429415422e+02 1.200399130878159184e+02 2.036344469184663240e+02
3.604999999999999982e+00 1.678025671299876453e+00 1.734733044094795389e+02 1.205215444692594389e+02 2.043781845898429310e+02
3.609999999999999876e+00 1.679348733321033071e+00 1.740682822973129760e+02 1.210028896564115257e+02 2.051208693987916547e+02
3.615000000000000213e+00 1.680673611870211692e+00 1.746627439898567786e+02 1.214839556672208971e+02 2.058625090900716543e+02
3.620000000000000107e+00 1.682000342840573426e+00 1.752566875395879151e+02 1.219647339690977788e+02 2.066030951699529226e+02
3.625000000000000000e+00 1.683328962508309878e+00 1.758501331304987616e+02 1.224452375164228926e+02 2.073426371668775232e+02
3.629999999999999893e+00 1.684659507535143819e+00 1.764430653249074226e+02 1.229254562257040391e+02 2.080811378334013000e+02
3.635000000000000231e+00 1.685992014970846498e+00 1.770355027063982618e+02 1.234053987449962193e+02 2.088185930516439441e+02
3.640000000000000124e+00 1.687326522255794936e+00 1.776274443345069187e+02 1.238850692406802381e+02 2.095550253014758653e+02
3.645000000000000018e+00 1.688663067223552527e+00 1.782189063809958327e+02 1.243644790954358257e+02 2.102904483618117695e+02
3.649999999999999911e+00 1.690001688103477839e+00 1.788098640995862070e+02 1.248435885628955617e+02 2.110247965948699971e+02
3.655000000000000249e+00 1.691342423523365834e+00 1.794003486528868905e+02 1.253224361723894305e+02 2.117581315097485231e+02
3.660000000000000142e+00 1.692685312512123508e+00 1.799903443928249942e+02 1.258010047613145446e+02 2.124904396807935996e+02
3.665000000000000036e+00 1.694030394502469727e+00 1.805798715413127127e+02 1.262793070325482603e+02 2.132217345898267240e+02
3.669999999999999929e+00 1.695377709333675487e+00 1.811689323033995436e+02 1.267573399032331878e+02 2.139520024165821610e+02
3.675000000000000266e+00 1.696727297254325917e+00 1.817575261451054587e+02 1.272351047199286285e+02 2.146812644967574499e+02
3.680000000000000160e+00 1.698079198925130706e+00 1.823456708918709239e+02 1.277126187849502799e+02 2.154095424434170525e+02
3.685000000000000053e+00 1.699433455421752726e+00 1.829333550612807926e+02 1.281898575519828967e+02 2.161367928348671796e+02
3.689999999999999947e+00 1.700790108237682396e+00 1.835206092117499566e+02 1.286668580589677902e+02 2.168630838518467385e+02
3.695000000000000284e+00 1.702149199287140036e+00 1.841074084589644713e+02 1.291435853440362962e+02 2.175883580539676814e+02
3.700000000000000178e+00 1.703510770908022831e+00 1.846937835787867925e+02 1.296200675000215767e+02 2.183126583194579382e+02
3.705000000000000071e+00 1.704874865864877798e+00 1.852797228023356695e+02 1.300962899510666091e+02 2.190359709011135863e+02
3.709999999999999964e+00 1.706241527351919807e+00 1.858652561076603149e+02 1.305722826840827793e+02 2.197583400373527525e+02
3.714999999999999858e+00 1.707610798996081591e+00 1.864503598764899834e+02 1.310480140485022673e+02 2.204797188897852891e+02
3.720000000000000195e+00 1.708982724860113711e+00 1.870350792143503043e+02 1.315235339807415187e+02 2.212001866134768875e+02
3.725000000000000089e+00 1.710357349445704500e+00 1.876193868190950127e+02 1.319988039516611877e+02 2.219196924050491475e+02
3.729999999999999982e+00 1.711734717696661745e+00 1.882033045264923885e+02 1.324738406333071055e+02 2.226382477027982532e+02
3.734999999999999876e+00 1.713114875002117454e+00 1.887868300292460901e+02 1.329486417814871686e+02 2.233558715454370542e+02
3.740000000000000213e+00 1.714497867199787251e+00 1.893699841443066418e+02 1.334232283132462271e+02 2.240725833956165900e+02
3.745000000000000107e+00 1.715883740579261962e+00 1.899527685193814364e+02 1.338975953837219777e+02 2.247883890374504858e+02
3.750000000000000000e+00 1.717272541885350057e+00 1.905352015063563158e+02 1.343717575079376445e+02 2.255032966861294312e+02
3.754999999999999893e+00 1.718664318321458495e+00 1.911172748527816907e+02 1.348456976480270839e+02 2.262173004873929472e+02
3.760000000000000231e+00 1.720059117553022654e+00 1.916990007854868452e+02 1.353194327261980447e+02 2.269304215902077146e+02
3.765000000000000124e+00 1.721456987710977105e+00 1.922803874258899555e+02 1.357929588993139589e+02 2.276426512210609019e+02
3.770000000000000018e+00 1.722857977395276574e+00 1.928614651188147207e+02 1.362663204348179704e+02 2.283540688176212541e+02
3.774999999999999911e+00 1.724262135678464647e+00 1.934422086525938482e+02 1.367394678256460736e+02 2.290646003996787954e+02
3.780000000000000249e+00 1.725669512109285098e+00 1.940226370557927851e+02 1.372124216024681687e+02 2.297742783379132447e+02
3.785000000000000142e+00 1.727080156716347847e+00 1.946027835953084377e+02 1.376852239837997161e+02 2.304831662734021336e+02
3.790000000000000036e+00 1.728494120011841551e+00 1.951826356466276309e+02 1.381578422075047285e+02 2.311912199476007572e+02
3.794999999999999929e+00 1.729911452995299248e+00 1.957621995947736195e+02 1.386302889398358786e+02 2.318984624535433738e+02
3.800000000000000266e+00 1.731332207157411762e+00 1.963414919596886818e+02 1.391025756945100795e+02 2.326049154503829470e+02
3.805000000000000160e+00 1.732756434483898600e+00 1.969205192871630459e+02 1.395746999358635492e+02 2.333105781433038430e+02
3.810000000000000053e+00 1.734184187459427706e+00 1.974992963934265049e+02 1.400466750215918523e+02 2.340154689994778039e+02
3.814999999999999947e+00 1.735615519071593615e+00 1.980778301601791043e+02 1.405185113083834381e+02 2.347196105481717723e+02
3.820000000000000284e+00 1.737050482814948671e+00 1.986561402565429546e+02 1.409902187967719840e+02 2.354230279508879846e+02
3.825000000000000178e+00 1.738489132695088868e+00 1.992342165498629356e+02 1.414617791530640716e+02 2.361256853632283708e+02
3.830000000000000071e+00 1.739931523232801869e+00 1.998120895631658129e+02 1.419332260130752559e+02 2.368276439908948987e+02
3.834999999999999964e+00 1.741377709468272084e+00 2.003897517266158559e+02 1.424045491917533752e+02 2.375288985460970821e+02
3.839999999999999858e+00 1.742827746965340152e+00 2.009672361935681408e+02 1.428757749599803617e+02 2.382294744922813550e+02
3.845000000000000195e+00 1.744281691815829705e+00 2.015445332243685073e+02 1.433468851768448644e+02 2.389293660120308402e+02
3.850000000000000089e+00 1.745739600643932299e+00 2.021216628508355200e+02 1.438179016480233372e+02 2.396286018025522253e+02
3.854999999999999982e+00 1.747201530610656750e+00 2.026986439959155462e+02 1.442888411052574043e+02 2.403272064119586275e+02
3.859999999999999876e+00 1.748667539418339745e+00 2.032754661453281244e+02 1.447596866008246934e+02 2.410251733171636204e+02
3.865000000000000213e+00 1.750137685315223512e+00 2.038521523304024754e+02 1.452304530134233858e+02 2.417225146429163942e+02
3.870000000000000107e+00 1.751612027100100555e+00 2.044287187930333118e+02 1.457011555328661814e+02 2.424192609921133794e+02
3.875000000000000000e+00 1.753090624127023878e+00 2.050052022226749671e+02 1.461718485231228328e+02 2.431155170318347700e+02
3.879999999999999893e+00 1.754573536310083837e+00 2.055815606452819111e+02 1.466424520743476307e+02 2.438111412432762393e+02
3.885000000000000231e+00 1.756060824128258258e+00 2.061578333508079197e+02 1.471130108207461262e+02 2.445062074059846395e+02
3.890000000000000124e+00 1.757552548630337386e+00 2.067340215016157003e+02 1.475835305223654643e+02 2.452007429259362539e+02
3.895000000000000018e+00 1.759048771439909009e+00 2.073101487075464320e+02 1.480540214976369953e+02 2.458947580871416108e+02
3.899999999999999911e+00 1.760549554760425739e+00 2.078862312072657517e+02 1.485245058860634799e+02 2.465882904698524101e+02
3.905000000000000249e+00 1.762054961380348228e+00 2.084622644222157533e+02 1.489949676731813213e+02 2.472813319355461772e+02
3.910000000000000142e+00 1.763565054678360111e+00 2.090382812575904552e+02 1.494654437999533627e+02 2.479739329295907453e+02
3.915000000000000036e+00 1.765079898628665322e+00 2.096142883182525338e+02 1.499359321516428736e+02 2.486660999911738372e+02
3.919999999999999929e+00 1.766599557806353804e+00 2.101902906194148102e+02 1.504064297187887860e+02 2.493578302652522893e+02
3.925000000000000266e+00 1.768124097392861804e+00 2.107662947174401893e+02 1.508769443866526103e+02 2.500491471781821531e+02
3.930000000000000160e+00 1.769653583181507006e+00 2.113423371717280190e+02 1.513475105332148303e+02 2.507400992349857063e+02
3.935000000000000053e+00 1.771188081583099816e+00 2.119184097619860268e+02 1.518181084173089630e+02 2.514306670575119540e+02
3.939999999999999947e+00 1.772727659631656794e+00 2.124945305585913218e+02 1.522887539419754717e+02 2.521208799085817418e+02
3.945000000000000284e+00 1.774272384990179141e+00 2.130707235359782317e+02 1.527594747525567982e+02 2.528107875474722164e+02
3.950000000000000178e+00 1.775822325956536885e+00 2.136469917982879565e+02 1.532302684668090933e+02 2.535003955673181508e+02
3.955000000000000071e+00 1.777377551469432548e+00 2.142233466483536688e+02 1.537011305045997460e+02 2.541896874397659474e+02
3.959999999999999964e+00 1.778938131114458976e+00 2.147998210224897093e+02 1.541721045194432804e+02 2.548787456389341912e+02
3.965000000000000302e+00 1.780504135130244192e+00 2.153764075742357988e+02 1.546431735492666633e+02 2.555675591282876269e+02
3.970000000000000195e+00 1.782075634414699072e+00 2.159531299995202005e+02 1.551143478704871086e+02 2.562561290127441680e+02
3.975000000000000089e+00 1.783652700531359159e+00 2.165299926179831687e+02 1.555856418081199024e+02 2.569445024356841714e+02
3.979999999999999982e+00 1.785235405715812629e+00 2.171070168026110707e+02 1.560570657178837735e+02 2.576326970095455522e+02
3.984999999999999876e+00 1.786823822882243729e+00 2.176842249843328148e+02 1.565286441543613876e+02 2.583207509095417436e+02
3.990000000000000213e+00 1.788418025630066133e+00 2.182616131077161299e+02 1.570003567245861973e+02 2.590086409628460160e+02
3.995000000000000107e+00 1.790018088250662442e+00 2.188392106121851555e+02 1.574722432097831017e+02 2.596964388428892789e+02
4.000000000000000000e+00 1.791624085734228267e+00 2.194170329485760931e+02 1.579443015474233505e+02 2.603841406914888807e+02
