% raindrop T-matrix calculations using the code of Leinonen, J., "Python code for T-matrix scattering calculations". Available at https://github.com/jleinonen/pytmatrix/. 
% 
% refractive index calculations after Ray, P., 1972:  Broadband Complex Refractive Indices of Ice and Water, Appl. Opt. 11, 1836-1844 
% 
% raindrop aspect ratio estimated with the methodology of Brandes, Edward & Zhang, Guifu & Vivekanandan, Jothiram. (2005). Corrigendum. Journal of Applied Meteorology. 44. 186-. 10.1175/1520-0450(2005)44<186:C>2.0.CO;2. 
% 
% wave length: 1.362693 mm 
% temperature: 268.15 K 
% refractive index: 2.365791797637939453e+00 + 6.264169812202453613e-01 i 
% 
%r_eqv[mm]               axial ratio              ext[mm2]                 sca[mm2]                 back[mm2]
5.000000000000000104e-03 9.999900000999989436e-01 1.062044261142685133e-06 2.580659870158351165e-11 3.869637702381087400e-11
1.000000000000000021e-02 9.999900000999989436e-01 8.519112989745559981e-06 1.653254592018808347e-09 2.476418311278607953e-09
1.499999999999999944e-02 9.999900000999989436e-01 2.888490371685638051e-05 1.886228415084249422e-08 2.820457877188628315e-08
2.000000000000000042e-02 9.999900000999989436e-01 6.892586185816027358e-05 1.062196331393303947e-07 1.584408751600090821e-07
2.500000000000000139e-02 9.999900000999989436e-01 1.358148635681555945e-04 4.063560400446614289e-07 6.042292841716267702e-07
2.999999999999999889e-02 9.999900000999989436e-01 2.373062707342700798e-04 1.217565023074107615e-06 1.803493316502841397e-06
3.500000000000000333e-02 9.999900000999989436e-01 3.819345108746368170e-04 3.082609110058493284e-06 4.545291015341984935e-06
4.000000000000000083e-02 9.999900000999989436e-01 5.792382522716523928e-04 6.900082554155645100e-06 1.012069455720085776e-05
4.499999999999999833e-02 9.999900000999989436e-01 8.400125813958108419e-04 1.405989534400034464e-05 2.049937868624579431e-05
5.000000000000000278e-02 9.999900000999989436e-01 1.176591698032989101e-03 2.660463736884916092e-05 3.853057943893421739e-05
5.500000000000000028e-02 9.999900000999989436e-01 1.603164348941976680e-03 4.741866012146824931e-05 6.816642818984158629e-05
5.999999999999999778e-02 9.999900000999989436e-01 2.136125201069559876e-03 8.044672464196719473e-05 1.147048441060578969e-04
6.500000000000000222e-02 9.999900000999989436e-01 2.794462558124304313e-03 1.309440391686273787e-04 1.850482170411300441e-04
7.000000000000000666e-02 9.999900000999989436e-01 3.600185955563410187e-03 2.057589079136356615e-04 2.879722509364441500e-04
7.499999999999999722e-02 9.999900000999989436e-01 4.578793254215215991e-03 3.136491834417989605e-04 4.343982477716070074e-04
8.000000000000000167e-02 9.999900000999989436e-01 5.759776466629876537e-03 4.656322530663050568e-04 6.376589313514266846e-04
8.500000000000000611e-02 9.999900000999989436e-01 7.177163921569829422e-03 6.753673561224855185e-04 9.137454785034384653e-04
8.999999999999999667e-02 9.999900000999989436e-01 8.870097893786895588e-03 9.595676359660432111e-04 1.281520485952851928e-03
9.500000000000000111e-02 9.999900000999989436e-01 1.088343253628725957e-02 1.338436166854652196e-03 1.762876320784180061e-03
1.000000000000000056e-01 9.999900000999989436e-01 1.326835022437091414e-02 1.836118048462030911e-03 2.382814779956251086e-03
1.049999999999999961e-01 9.999900000999989436e-01 1.608297419344130799e-02 2.481155961311929878e-03 3.169417975704063879e-03
1.100000000000000006e-01 9.999900000999989436e-01 1.939295659422993201e-02 3.306935093501789207e-03 4.153678837984950585e-03
1.150000000000000050e-01 9.999900000999989436e-01 2.327201143379387105e-02 4.352090816690320704e-03 5.369146023271884408e-03
1.199999999999999956e-01 9.999900000999989436e-01 2.780236350172300350e-02 5.660857954580142404e-03 6.851348889434034396e-03
1.250000000000000000e-01 9.999900000999989436e-01 3.307506338520038031e-02 7.283325691261159640e-03 8.636956814678718036e-03
1.300000000000000044e-01 9.999900000999989436e-01 3.919010702742365543e-02 9.275554132994521736e-03 1.076262685249815623e-02
1.350000000000000089e-01 9.999900000999989436e-01 4.625631694568230201e-02 1.169952301903734795e-02 1.326352909291664446e-02
1.400000000000000133e-01 9.999900000999989436e-01 5.439087519459340908e-02 1.462284523150116956e-02 1.617151265496436993e-02
1.449999999999999900e-01 9.999900000999989436e-01 6.371848038543624637e-02 1.811822042665320667e-02 1.951295639164556811e-02
1.499999999999999944e-01 9.999900000999989436e-01 7.436997855919871836e-02 2.226256828622311459e-02 2.330634518178260894e-02
1.549999999999999989e-01 9.999900000999989436e-01 8.648042575707831636e-02 2.713583094113864239e-02 2.755971466577759876e-02
1.600000000000000033e-01 9.999900000999989436e-01 1.001864234802120474e-01 3.281940349450825772e-02 3.226812586468141841e-02
1.650000000000000078e-01 9.999900000999989436e-01 1.156227145575540738e-01 3.939419191565986939e-02 3.741143456766290315e-02
1.700000000000000122e-01 9.999900000999989436e-01 1.329178240732459826e-01 4.693838565269242702e-02 4.295276705698334446e-02
1.750000000000000167e-01 9.999900000999989436e-01 1.521887762937215727e-01 5.552488796843238483e-02 4.883799816234482560e-02
1.799999999999999933e-01 9.999900000999989436e-01 1.735347846609965328e-01 6.521855804145124114e-02 5.499672196047240141e-02
1.849999999999999978e-01 9.999900000999989436e-01 1.970297994944303355e-01 7.607330748154091105e-02 6.134508082338301083e-02
1.900000000000000022e-01 1.000338260324268314e+00 2.227386801152207163e-01 8.814804967987686923e-02 6.782866010685417724e-02
1.950000000000000067e-01 1.000344839311130496e+00 2.506127302530952172e-01 1.014306802269692581e-01 7.428258931537079501e-02
2.000000000000000111e-01 1.000357515291503407e+00 2.806213501912022679e-01 1.159411339375712446e-01 8.065226498509929509e-02
2.050000000000000155e-01 1.000376259251188893e+00 3.126517064559080072e-01 1.316599375783834014e-01 8.686443711436184212e-02
2.099999999999999922e-01 1.000401042453005207e+00 3.465254459559309330e-01 1.485422300754223879e-01 9.286788868247744522e-02
2.149999999999999967e-01 1.000431836433301802e+00 3.819965471872492357e-01 1.665156017430748092e-01 9.863792833788216641e-02
2.200000000000000011e-01 1.000468612998516083e+00 4.187543896847835123e-01 1.854786056287207885e-01 1.041763005016214522e-01
2.250000000000000056e-01 1.000511344221778787e+00 4.564337427868367381e-01 2.053006157048143376e-01 1.095057199089342626e-01
2.300000000000000100e-01 1.000560002439564444e+00 4.946316764852430325e-01 2.258234640361390932e-01 1.146592312323803653e-01
2.350000000000000144e-01 1.000614560248383578e+00 5.329306623585339242e-01 2.468653602002716108e-01 1.196658892373969330e-01
2.399999999999999911e-01 1.000674990501522643e+00 5.709251487396924674e-01 2.682269734722396715e-01 1.245356115700671507e-01
2.449999999999999956e-01 1.000741266305821942e+00 6.082488058776807094e-01 2.896999513357766398e-01 1.292465255101113430e-01
2.500000000000000000e-01 1.000813361018499714e+00 6.445978380426212739e-01 3.110763573728191900e-01 1.337373488210537031e-01
2.550000000000000044e-01 1.000891248244015541e+00 6.797481934461844233e-01 3.321587419863637480e-01 1.379066408355909545e-01
2.600000000000000089e-01 1.000974901830975039e+00 7.135644121842917853e-01 3.527693488863098970e-01 1.416186769384841226e-01
2.650000000000000133e-01 1.001064295869075416e+00 7.460000378651174824e-01 3.727572411877876357e-01 1.447140464431212747e-01
2.700000000000000178e-01 1.001159404686088994e+00 7.770915038442747225e-01 3.920037362205844866e-01 1.470234315802005087e-01
2.750000000000000222e-01 1.001260202844886926e+00 8.069470478486344689e-01 4.104251617808995500e-01 1.483811625436270987e-01
2.800000000000000266e-01 1.001366665140501100e+00 8.357328402350298058e-01 4.279733969920404002e-01 1.486373898564689600e-01
2.850000000000000311e-01 1.001478766597222014e+00 8.636589421132145894e-01 4.446351095675611376e-01 1.476673257525754623e-01
2.899999999999999800e-01 1.001596482465736404e+00 8.909653500558311068e-01 4.604293937272125325e-01 1.453774022613848194e-01
2.949999999999999845e-01 1.001719788220298835e+00 9.179099768186428365e-01 4.754052146873994356e-01 1.417088478114129357e-01
2.999999999999999889e-01 1.001848659555939935e+00 9.447573265661776132e-01 4.896378213397507562e-01 1.366391448371641060e-01
3.049999999999999933e-01 1.001983072385710605e+00 9.717689124112852683e-01 5.032252489186976874e-01 1.301823999327742232e-01
3.099999999999999978e-01 1.002123002837959964e+00 9.991946829246853845e-01 5.162847855700790634e-01 1.223897637728147691e-01
3.150000000000000022e-01 1.002268427253648841e+00 1.027265098352164729e+00 5.289490414787028083e-01 1.133503638067384356e-01
3.200000000000000067e-01 1.002419322183694117e+00 1.056183600490055552e+00 5.413615404846219281e-01 1.031932509288145117e-01
3.250000000000000111e-01 1.002575664386349930e+00 1.086120224334897300e+00 5.536723248707742240e-01 9.209062526362814249e-02
3.300000000000000155e-01 1.002737430824617970e+00 1.117205510279015046e+00 5.660326519983152060e-01 8.026201006517812153e-02
3.350000000000000200e-01 1.002904598663692415e+00 1.149526258488500874e+00 5.785897863491091808e-01 6.797846870531462637e-02
3.400000000000000244e-01 1.003077145268434833e+00 1.183122368958451354e+00 5.914810195150901340e-01 5.556588888547582539e-02
3.450000000000000289e-01 1.003255048200880628e+00 1.217985513323490920e+00 6.048275047024986861e-01 4.340535749406059657e-02
3.500000000000000333e-01 1.003438285217776782e+00 1.254060171911183463e+00 6.187286019573656759e-01 3.192944765708265187e-02
3.549999999999999822e-01 1.003626834268148693e+00 1.291246347133707451e+00 6.332565864749782891e-01 2.161291498829283689e-02
3.599999999999999867e-01 1.003820673490896542e+00 1.329403843644001215e+00 6.484520030694983506e-01 1.295669442386632349e-02
3.649999999999999911e-01 1.004019781212422524e+00 1.368358369932855423e+00 6.643210889761514970e-01 6.466060651551547127e-03
3.699999999999999956e-01 1.004224135944284502e+00 1.407908260468020867e+00 6.808342404461148467e-01 2.623545774135615984e-03
3.750000000000000000e-01 1.004433716380879638e+00 1.447832784811543982e+00 6.979273204297559152e-01 1.859501700888607301e-03
3.800000000000000044e-01 1.004648501397155336e+00 1.487899990273969353e+00 7.155042431549831772e-01 4.522957069734191704e-03
3.850000000000000089e-01 1.004868470046347273e+00 1.527876582301150421e+00 7.334426686398467510e-01 1.085628491374821154e-02
3.900000000000000133e-01 1.005093601557745631e+00 1.567537347300924644e+00 7.516010868567088998e-01 2.097643982182632524e-02
3.950000000000000178e-01 1.005323875334485528e+00 1.606675113661086396e+00 7.698272207141443335e-01 3.486504929784913637e-02
4.000000000000000222e-01 1.005559270951367434e+00 1.645109948023468549e+00 7.879671470614572071e-01 5.236825463725235802e-02
4.050000000000000266e-01 1.005799768152698448e+00 1.682698543876607555e+00 8.058752185547699565e-01 7.320576095482757284e-02
4.100000000000000311e-01 1.006045346850164002e+00 1.719340255568880149e+00 8.234217637972697235e-01 9.698791777831818062e-02
4.150000000000000355e-01 1.006295987120720881e+00 1.754981992795652257e+00 8.405005281426612962e-01 1.232379281609410210e-01
4.199999999999999845e-01 1.006551669204517108e+00 1.789620061567097853e+00 8.570338284763264758e-01 1.514168287414665581e-01
4.249999999999999889e-01 1.006812373502834479e+00 1.823298604658618149e+00 8.729752016545880844e-01 1.809481236363232326e-01
4.299999999999999933e-01 1.007078080576055967e+00 1.856106254200871719e+00 8.883106542564730423e-01 2.112400332378220058e-01
4.349999999999999978e-01 1.007348771141657329e+00 1.888169700969851927e+00 9.030570536599530351e-01 2.417035372986333364e-01
4.400000000000000022e-01 1.007624426072219359e+00 1.919646462031330936e+00 9.172599179886763432e-01 2.717658512641432100e-01
4.450000000000000067e-01 1.007905026393466796e+00 1.950716489055375202e+00 9.309893607317015762e-01 3.008793120387723286e-01
4.500000000000000111e-01 1.008190553282325652e+00 1.981573959956859587e+00 9.443357980526079221e-01 3.285263344671179864e-01
4.550000000000000155e-01 1.008480988065006079e+00 2.012419107258716977e+00 9.574048207826681978e-01 3.542215313580397984e-01
4.600000000000000200e-01 1.008776312215104998e+00 2.043451545356952170e+00 9.703128965000338280e-01 3.775136523912074327e-01
4.650000000000000244e-01 1.009076507351731156e+00 2.074863801126106466e+00 9.831821797787616557e-01 3.979863326677414714e-01
4.700000000000000289e-01 1.009381555237651273e+00 2.106836890261215789e+00 9.961368354091553190e-01 4.152610046851549774e-01
4.750000000000000333e-01 1.009691437777457068e+00 2.139535558695014661e+00 1.009298605147266548e+00 4.290016997632479789e-01
4.799999999999999822e-01 1.010006137015752481e+00 2.173105512449295951e+00 1.022783752317177219e+00 4.389220396242470290e-01
4.849999999999999867e-01 1.010325635135361333e+00 2.207669934206467399e+00 1.036699506354108458e+00 4.447940420309501874e-01
4.899999999999999911e-01 1.010649914455556075e+00 2.243327711448362738e+00 1.051142035497713900e+00 4.464598379007048701e-01
4.949999999999999956e-01 1.010978957430304748e+00 2.280150647974017009e+00 1.066193424882914131e+00 4.438419352556415842e-01
5.000000000000000000e-01 1.011312746646537475e+00 2.318181922046073762e+00 1.081920195224543857e+00 4.369551953321156312e-01
5.050000000000000044e-01 1.011651264822433394e+00 2.357434969219878607e+00 1.098371905718372954e+00 4.259147051123526873e-01
5.100000000000000089e-01 1.011994494805724676e+00 2.397892785081782829e+00 1.115580058794389151e+00 4.109420997980705037e-01
5.150000000000000133e-01 1.012342419572020980e+00 2.439508757715557863e+00 1.133558065443552199e+00 3.923662675694326585e-01
5.200000000000000178e-01 1.012695022223150554e+00 2.482209001074420218e+00 1.152301910583866551e+00 3.706194286153260964e-01
5.250000000000000222e-01 1.013052285985520662e+00 2.525895034934781513e+00 1.171790865569591000e+00 3.462268870231147155e-01
5.300000000000000266e-01 1.013414194208494434e+00 2.570449688705551683e+00 1.191990185714411510e+00 3.197919899996147786e-01
5.350000000000000311e-01 1.013780730362787486e+00 2.615742491195380826e+00 1.212853070458608018e+00 2.919755599997360673e-01
5.400000000000000355e-01 1.014151878038878962e+00 2.661637375036128628e+00 1.234324593259837011e+00 2.634729112502092185e-01
5.450000000000000400e-01 1.014527620945441466e+00 2.707999264458582633e+00 1.256344204222666461e+00 2.349880112777301688e-01
5.500000000000000444e-01 1.014907942907788518e+00 2.754701741831180328e+00 1.278850108316726519e+00 2.072092869866853093e-01
5.550000000000000488e-01 1.015292827866336012e+00 2.801633145191935181e+00 1.301782121876165377e+00 1.807862970324950747e-01
5.600000000000000533e-01 1.015682259875082316e+00 2.848701031600604949e+00 1.325084364781220492e+00 1.563105711482967730e-01
5.650000000000000577e-01 1.016076223100103704e+00 2.895836344322385347e+00 1.348708100961750533e+00 1.343008017846718249e-01
5.700000000000000622e-01 1.016474701818065096e+00 2.942994189269234617e+00 1.372612635407840065e+00 1.151930933583240196e-01
5.750000000000000666e-01 1.016877680414747243e+00 2.990154609181041589e+00 1.396766843761074739e+00 9.933573804908214788e-02
5.799999999999999600e-01 1.017285143383589441e+00 3.037320795031232201e+00 1.421149089826779788e+00 8.698853905032423450e-02
5.849999999999999645e-01 1.017697075324246692e+00 3.084516834025333054e+00 1.445746939007249487e+00 7.832510346034571302e-02
5.899999999999999689e-01 1.018113460941162618e+00 3.131784364027020207e+00 1.470556486415617981e+00 7.343781861818661494e-02
5.949999999999999734e-01 1.018534285042156151e+00 3.179179011974071933e+00 1.495581193995078273e+00 7.234377892216949102e-02
5.999999999999999778e-01 1.018959532537025314e+00 3.226766196356968042e+00 1.520830488563710947e+00 7.499210257154374781e-02
6.049999999999999822e-01 1.019389188436160998e+00 3.274618120350637263e+00 1.546318909311954481e+00 8.127038739759766262e-02
6.099999999999999867e-01 1.019823237849180497e+00 3.322809077362055330e+00 1.572063895386790922e+00 9.101151738976270833e-02
6.149999999999999911e-01 1.020261665983570154e+00 3.371413217510753846e+00 1.598085321814597171e+00 1.039996922389178347e-01
6.199999999999999956e-01 1.020704458143344873e+00 3.420501228633211710e+00 1.624403771426927712e+00 1.199759812499110179e-01
6.250000000000000000e-01 1.021151599727719406e+00 3.470137573866327152e+00 1.651039388111597228e+00 1.386439579208165740e-01
6.300000000000000044e-01 1.021603076229795626e+00 3.520379462967475614e+00 1.678011677692180958e+00 1.596748476684131945e-01
6.350000000000000089e-01 1.022058873235258902e+00 3.571274194271334412e+00 1.705337753969094372e+00 1.827130330502399480e-01
6.400000000000000133e-01 1.022518976421092685e+00 3.622858745042123463e+00 1.733032385299606570e+00 2.073818667620083711e-01
6.450000000000000178e-01 1.022983371554301524e+00 3.675159009129269183e+00 1.761107515704056325e+00 2.332900875096032833e-01
6.500000000000000222e-01 1.023452044490649859e+00 3.728189452122032232e+00 1.789571591105797221e+00 2.600384464627248371e-01
6.550000000000000266e-01 1.023924981173411908e+00 3.781953323567789571e+00 1.818429756207861736e+00 2.872268841083875923e-01
6.600000000000000311e-01 1.024402167632133542e+00 3.836443428330799765e+00 1.847683562981509597e+00 3.144620230963076635e-01
6.650000000000000355e-01 1.024883589981409493e+00 3.891643185835297114e+00 1.877331430739715312e+00 3.413646916007436194e-01
6.700000000000000400e-01 1.025369234419667430e+00 3.947527681791067167e+00 1.907368507810553115e+00 3.675767443442701787e-01
6.750000000000000444e-01 1.025859087227968924e+00 4.004065538650392497e+00 1.937787050938688749e+00 3.927680011965602458e-01
6.800000000000000488e-01 1.026353134768820174e+00 4.061220158366611876e+00 1.968577091884387009e+00 4.166411540715986850e-01
6.850000000000000533e-01 1.026851363484993174e+00 4.118952207865196335e+00 1.999726590477243882e+00 4.389367682678950167e-01
6.900000000000000577e-01 1.027353759898360641e+00 4.177220768497010184e+00 2.031222106994341026e+00 4.594364904942067618e-01
6.950000000000000622e-01 1.027860310608740946e+00 4.235985098467006438e+00 2.063048985156121784e+00 4.779644401640052997e-01
7.000000000000000666e-01 1.028371002292754355e+00 4.295206311449502046e+00 2.095192256748191095e+00 4.943876335290794399e-01
7.049999999999999600e-01 1.028885821702690384e+00 4.354848421025208971e+00 2.127636810803208878e+00 5.086152576074652876e-01
7.099999999999999645e-01 1.029404755665387139e+00 4.414878996598393002e+00 2.160367545078590190e+00 5.205965968806119948e-01
7.149999999999999689e-01 1.029927791081118427e+00 4.475270163608302099e+00 2.193370152994333466e+00 5.303182546406155495e-01
7.199999999999999734e-01 1.030454914922495746e+00 4.535999149354010385e+00 2.226631275511553376e+00 5.378006147860883157e-01
7.249999999999999778e-01 1.030986114233377604e+00 4.597047775484990773e+00 2.260138434929794382e+00 5.430941939158890897e-01
7.299999999999999822e-01 1.031521376127789047e+00 4.658402687336139714e+00 2.293880190236739391e+00 5.462755233260198073e-01
7.349999999999999867e-01 1.032060687788854958e+00 4.720055363544272353e+00 2.327846816064964131e+00 5.474431884787280822e-01
7.399999999999999911e-01 1.032604036467738684e+00 4.782000794182261316e+00 2.362029272758298326e+00 5.467140139756052619e-01
7.449999999999999956e-01 1.033151409482594651e+00 4.844237801038056901e+00 2.396420134511846545e+00 5.442196119801171461e-01
7.500000000000000000e-01 1.033702794217528753e+00 4.906768034851689109e+00 2.431013060864137376e+00 5.401033961026312502e-01
7.550000000000000044e-01 1.034258178121568061e+00 4.969595319380998966e+00 2.465802799659792210e+00 5.345173648967930236e-01
7.600000000000000089e-01 1.034817548707643198e+00 5.032724872383739445e+00 2.500784913491165717e+00 5.276201474664106161e-01
7.650000000000000133e-01 1.035380893551575587e+00 5.096163397368028924e+00 2.535956215327883623e+00 5.195749794759115803e-01
7.700000000000000178e-01 1.035948200291078702e+00 5.159917441575536223e+00 2.571313677110166562e+00 5.105475937300789635e-01
7.750000000000000222e-01 1.036519456624765523e+00 5.223994279445350664e+00 2.606855624686123640e+00 5.007059191567895251e-01
7.800000000000000266e-01 1.037094650311166655e+00 5.288400312615845422e+00 2.642580263745742286e+00 4.902176805519633529e-01
7.850000000000000311e-01 1.037673769167756666e+00 5.353141301314419565e+00 2.678486310905900059e+00 4.792512687838336172e-01
7.900000000000000355e-01 1.038256801069989743e+00 5.418222264826452417e+00 2.714572917863777857e+00 4.679737002228231413e-01
7.950000000000000400e-01 1.038843733950345127e+00 5.483647309063643505e+00 2.750839377459568968e+00 4.565514325997180878e-01
8.000000000000000444e-01 1.039434555797379867e+00 5.549419314832947592e+00 2.787284947252703482e+00 4.451493806402144204e-01
8.050000000000000488e-01 1.040029254654790458e+00 5.615540066914051387e+00 2.823909036387434845e+00 4.339310924061774988e-01
8.100000000000000533e-01 1.040627818620484257e+00 5.682011157787845157e+00 2.860711071582518805e+00 4.230580042109638450e-01
8.150000000000000577e-01 1.041230235845658436e+00 5.748831704881457227e+00 2.897690309070029890e+00 4.126905409521584023e-01
8.200000000000000622e-01 1.041836494533886492e+00 5.816001564194881901e+00 2.934846077487914595e+00 4.029865013004254592e-01
8.250000000000000666e-01 1.042446582940215416e+00 5.883519849233108445e+00 2.972177782601120644e+00 3.941017967326581606e-01
8.300000000000000711e-01 1.043060489370268407e+00 5.951385257168610998e+00 3.009684667270694725e+00 3.861886506628690041e-01
8.349999999999999645e-01 1.043678202179357140e+00 6.019596361378205529e+00 3.047365979067049757e+00 3.793962620902028848e-01
8.399999999999999689e-01 1.044299709771603135e+00 6.088152166238669061e+00 3.085221196943188193e+00 3.738695001743205792e-01
8.449999999999999734e-01 1.044925000599063569e+00 6.157051646612562656e+00 3.123249748821008254e+00 3.697469505671326928e-01
8.499999999999999778e-01 1.045554063160868408e+00 6.226294387437272704e+00 3.161451338944943235e+00 3.671614211559940388e-01
8.549999999999999822e-01 1.046186886002363758e+00 6.295880649104597993e+00 3.199825839609914624e+00 3.662361064681076694e-01
8.599999999999999867e-01 1.046823457714263217e+00 6.365811287348251746e+00 3.238373432049760137e+00 3.670843865941366135e-01
8.649999999999999911e-01 1.047463766931806317e+00 6.436088265561645372e+00 3.277094989827538107e+00 3.698077564860891564e-01
8.699999999999999956e-01 1.048107802333925420e+00 6.506713697479860947e+00 3.315991306668332861e+00 3.744936164566681214e-01
8.750000000000000000e-01 1.048755552642418598e+00 6.577690988234765612e+00 3.355063822347302604e+00 3.812122409482677776e-01
8.800000000000000044e-01 1.049407006621131844e+00 6.649023884408643781e+00 3.394314430900825297e+00 3.900159761740114583e-01
8.850000000000000089e-01 1.050062153075147497e+00 6.720717028757265510e+00 3.433745620282608879e+00 4.009369962598555159e-01
8.900000000000000133e-01 1.050720980849978670e+00 6.792775536167938277e+00 3.473360400186763286e+00 4.139838287156226704e-01
8.950000000000000178e-01 1.051383478830772988e+00 6.865204739254757271e+00 3.513162061941834668e+00 4.291413727608915374e-01
9.000000000000000222e-01 1.052049635941522787e+00 6.938010418780021560e+00 3.553154645801662515e+00 4.463684908587946532e-01
9.050000000000000266e-01 1.052719441144281065e+00 7.011198135133411391e+00 3.593342246801531026e+00 4.655967742579747992e-01
9.100000000000000311e-01 1.053392883438386107e+00 7.084773514922976467e+00 3.633729506849901814e+00 4.867291051296537274e-01
9.150000000000000355e-01 1.054069951859691656e+00 7.158741642568244856e+00 3.674321171839901368e+00 5.096410825707665682e-01
9.200000000000000400e-01 1.054750635479804632e+00 7.233107536244607338e+00 3.715122339833113685e+00 5.341789038751255658e-01
9.250000000000000444e-01 1.055434923405329073e+00 7.307875291657021322e+00 3.756138140817226745e+00 5.601615868919419539e-01
9.300000000000000488e-01 1.056122804777117841e+00 7.383048284116007665e+00 3.797373439931207351e+00 5.873815086070166558e-01
9.350000000000000533e-01 1.056814268769528553e+00 7.458629266013908854e+00 3.838833329798864380e+00 6.156063133891377381e-01
9.400000000000000577e-01 1.057509304589689725e+00 7.534619622251987003e+00 3.880522081819145708e+00 6.445815205901708200e-01
9.450000000000000622e-01 1.058207901476769797e+00 7.611020455225141923e+00 3.922444414326062390e+00 6.740319268264735042e-01
9.500000000000000666e-01 1.058910048701254603e+00 7.687833140388090847e+00 3.964604032161610725e+00 7.036660916283005163e-01
9.550000000000000711e-01 1.059615735564230832e+00 7.765053421574490855e+00 4.007004375528673279e+00 7.331857182241103832e-01
9.599999999999999645e-01 1.060324951396675930e+00 7.842680737914474953e+00 4.049648057444336757e+00 7.622798925559443051e-01
9.649999999999999689e-01 1.061037685558753330e+00 7.920712717481652732e+00 4.092537704723343772e+00 7.906360391315703229e-01
9.699999999999999734e-01 1.061753927439116119e+00 7.999146053433908499e+00 4.135674905020510828e+00 8.179436632199248436e-01
9.749999999999999778e-01 1.062473666454213594e+00 8.077976985153998868e+00 4.179060487057959072e+00 8.439008593548784631e-01
9.799999999999999822e-01 1.063196892047607145e+00 8.157201841887006921e+00 4.222695184038926186e+00 8.682181506895328971e-01
9.849999999999999867e-01 1.063923593689290348e+00 8.236816531501402139e+00 4.266578775666938661e+00 8.906236946278601740e-01
9.899999999999999911e-01 1.064653760875015509e+00 8.316817508834526862e+00 4.310711009263792803e+00 9.108690945363260294e-01
9.949999999999999956e-01 1.065387383125626419e+00 8.397201266872396985e+00 4.355090765782699158e+00 9.287334376912753653e-01
1.000000000000000000e+00 1.066124449986396217e+00 8.477965004772940460e+00 4.399717010375324477e+00 9.440295466989937490e-01
1.005000000000000115e+00 1.066864951026373021e+00 8.559116130990940263e+00 4.444594373147323196e+00 9.566120232944413937e-01
1.010000000000000009e+00 1.067608875837728233e+00 8.640644247291863422e+00 4.489715421476483392e+00 9.663635889546159374e-01
1.015000000000000124e+00 1.068356214035114826e+00 8.722549296249781037e+00 4.535079121480604769e+00 9.732145713302986501e-01
1.020000000000000018e+00 1.069106955255026969e+00 8.804831966356852391e+00 4.580683791786675840e+00 9.771393677250260756e-01
1.024999999999999911e+00 1.069861089155168976e+00 8.887494198246026045e+00 4.626528322789361880e+00 9.781592111232506603e-01
1.030000000000000027e+00 1.070618605413826918e+00 8.970539034101696174e+00 4.672612053057422443e+00 9.763398672020996427e-01
1.034999999999999920e+00 1.071379493729249344e+00 9.053970642459768570e+00 4.718934293867981467e+00 9.717945729724210002e-01
1.040000000000000036e+00 1.072143743819029771e+00 9.137794337483823526e+00 4.765495360654835366e+00 9.646804255082218615e-01
1.044999999999999929e+00 1.072911345419497398e+00 9.222015899221332802e+00 4.812295232447087123e+00 9.551978602040921418e-01
1.050000000000000044e+00 1.073682288285112474e+00 9.306642345582035958e+00 4.859335067301367772e+00 9.435877858221484171e-01
1.054999999999999938e+00 1.074456562187866782e+00 9.391681382197679895e+00 4.906616635283635119e+00 9.301273141673730427e-01
1.060000000000000053e+00 1.075234156916690775e+00 9.477140561801942198e+00 4.954141379877485818e+00 9.151273683523407643e-01
1.064999999999999947e+00 1.076015062276864054e+00 9.563028435112974179e+00 5.001912139935389412e+00 8.989269952942544606e-01
1.070000000000000062e+00 1.076799268089433603e+00 9.649352933122747444e+00 5.049931518392465790e+00 8.818882845563911221e-01
1.074999999999999956e+00 1.077586764190635593e+00 9.736122009391868559e+00 5.098202610127359868e+00 8.643916081500689907e-01
1.080000000000000071e+00 1.078377540431322945e+00 9.823343464734318076e+00 5.146729258383235361e+00 8.468286062646550594e-01
1.084999999999999964e+00 1.079171586676399119e+00 9.911024065381900172e+00 5.195514747657627552e+00 8.295970083976532683e-01
1.090000000000000080e+00 1.079968892804255898e+00 9.999170392395537732e+00 5.244563283926211739e+00 8.130939730727041459e-01
1.094999999999999973e+00 1.080769448706216718e+00 1.008779265736786890e+01 5.293878738231999392e+00 7.977123256997916689e-01
1.100000000000000089e+00 1.081573244285985780e+00 1.017688578732963300e+01 5.343464523487453377e+00 7.838244505864709888e-01
1.104999999999999982e+00 1.082380269459101152e+00 1.026645752401718248e+01 5.393324490932519311e+00 7.717910119835634797e-01
1.110000000000000098e+00 1.083190514152395201e+00 1.035651020526942112e+01 5.443462413988592985e+00 7.619456643484616709e-01
1.114999999999999991e+00 1.084003968303457022e+00 1.044704438985785977e+01 5.493880986061892457e+00 7.545914132954596454e-01
1.120000000000000107e+00 1.084820621860102863e+00 1.053805963723814898e+01 5.544582805278857052e+00 7.499963744206140648e-01
1.125000000000000000e+00 1.085640464779849657e+00 1.062955522614703341e+01 5.595570888040636959e+00 7.483894586106637492e-01
1.130000000000000115e+00 1.086463487029394992e+00 1.072152818968992349e+01 5.646846579287394086e+00 7.499560173399814067e-01
1.135000000000000009e+00 1.087289678584100638e+00 1.081397537975533218e+01 5.698411525112346609e+00 7.548355451660554438e-01
1.140000000000000124e+00 1.088119029427482509e+00 1.090689252630979489e+01 5.750266395809656927e+00 7.631194220287113028e-01
1.145000000000000018e+00 1.088951529550704622e+00 1.100027510817963083e+01 5.802411914390965819e+00 7.748495950475877692e-01
1.150000000000000133e+00 1.089787168952079055e+00 1.109411786444930392e+01 5.854847972424192193e+00 7.900172175543205277e-01
1.155000000000000027e+00 1.090625937636568565e+00 1.118841506918140283e+01 5.907573643915366546e+00 8.085639931306863870e-01
1.159999999999999920e+00 1.091467825615297427e+00 1.128316151979226412e+01 5.960588655634104782e+00 8.303826785973199565e-01
1.165000000000000036e+00 1.092312822905064262e+00 1.137835122230906926e+01 6.013890994158837877e+00 8.553191288495458622e-01
1.169999999999999929e+00 1.093160919527861763e+00 1.147397918616406365e+01 6.067479482236587174e+00 8.831748131696603998e-01
1.175000000000000044e+00 1.094012105510399513e+00 1.157004037319896206e+01 6.121352067902312122e+00 9.137104047547254249e-01
1.179999999999999938e+00 1.094866370883633921e+00 1.166653050336881137e+01 6.175506792770331543e+00 9.466492224907222530e-01
1.185000000000000053e+00 1.095723705682299487e+00 1.176344582340646383e+01 6.229941329861728327e+00 9.816818229707954258e-01
1.189999999999999947e+00 1.096584099944449830e+00 1.186078367780256393e+01 6.284653886853270421e+00 1.018471481318407479e+00
1.195000000000000062e+00 1.097447543710998508e+00 1.195854143185845153e+01 6.339641648133629737e+00 1.056657900156839913e+00
1.199999999999999956e+00 1.098314027025267592e+00 1.205671810152208323e+01 6.394902826098080695e+00 1.095865931817170402e+00
1.205000000000000071e+00 1.099183539932540254e+00 1.215531344788150925e+01 6.450435482356068562e+00 1.135707114738405910e+00
1.209999999999999964e+00 1.100056072479618674e+00 1.225432772399847536e+01 6.506237641063860266e+00 1.175787864688431217e+00
1.215000000000000080e+00 1.100931614714385054e+00 1.235376234767499604e+01 6.562307662091569682e+00 1.215715508322819494e+00
1.219999999999999973e+00 1.101810156685369746e+00 1.245361951981132265e+01 6.618644480810397468e+00 1.255103190195432372e+00
1.225000000000000089e+00 1.102691688441321372e+00 1.255390168493312686e+01 6.675246508041363214e+00 1.293575267366295023e+00
1.229999999999999982e+00 1.103576200030784493e+00 1.265461276576190741e+01 6.732113505875130244e+00 1.330771633253527320e+00
1.235000000000000098e+00 1.104463681501680172e+00 1.275575592782559475e+01 6.789244182782553594e+00 1.366354613535072815e+00
1.239999999999999991e+00 1.105354122900890967e+00 1.285733644067626358e+01 6.846639438993379123e+00 1.400012600709764854e+00
1.245000000000000107e+00 1.106247514273852595e+00 1.295935804282464510e+01 6.904298399315083046e+00 1.431462490539621379e+00
1.250000000000000000e+00 1.107143845664148030e+00 1.306183456075147120e+01 6.962221329939699999e+00 1.460502536344429503e+00
1.255000000000000115e+00 1.108043107113107384e+00 1.316475389363920279e+01 7.020409662295239883e+00 1.486831432532768282e+00
1.260000000000000009e+00 1.108945288659413109e+00 1.326812924838009700e+01 7.078864509294776397e+00 1.510317906939539601e+00
1.265000000000000124e+00 1.109850380338708309e+00 1.337196453965073495e+01 7.137585935506820967e+00 1.530827641811483453e+00
1.270000000000000018e+00 1.110758372183210829e+00 1.347626431149902793e+01 7.196575588410780711e+00 1.548270266843299048e+00
1.275000000000000133e+00 1.111669254221331116e+00 1.358103231639147879e+01 7.255834911903033202e+00 1.562596141890161938e+00
1.280000000000000027e+00 1.112583016477296738e+00 1.368627225151095672e+01 7.315365373382221925e+00 1.573799215438939747e+00
1.284999999999999920e+00 1.113499648970778022e+00 1.379198667297035996e+01 7.375168271925010899e+00 1.581916589583864496e+00
1.290000000000000036e+00 1.114419141716522343e+00 1.389817843976500988e+01 7.435245561075239706e+00 1.587025284381908152e+00
1.294999999999999929e+00 1.115341484723989307e+00 1.400484901203349430e+01 7.495598462759401670e+00 1.589241631868294702e+00
1.300000000000000044e+00 1.116266667996994588e+00 1.411199984554727394e+01 7.556228548314184223e+00 1.588721315192790806e+00
1.304999999999999938e+00 1.117194681533353773e+00 1.421963165672967655e+01 7.617137410650723695e+00 1.585654804268919582e+00
1.310000000000000053e+00 1.118125515324534858e+00 1.432774460205761180e+01 7.678326220498918886e+00 1.580263803882407059e+00
1.314999999999999947e+00 1.119059159355313193e+00 1.443633837467647929e+01 7.739796446596207247e+00 1.572799369458781849e+00
1.320000000000000062e+00 1.119995603603431533e+00 1.454541191073044892e+01 7.801548624676086341e+00 1.563538675892319985e+00
1.324999999999999956e+00 1.120934838039265857e+00 1.465496462067112127e+01 7.863584630695918065e+00 1.552779982056446739e+00
1.330000000000000071e+00 1.121876852625492305e+00 1.476499514131161916e+01 7.925903415082986569e+00 1.540819389503776060e+00
1.334999999999999964e+00 1.122821637316764765e+00 1.487549998371038740e+01 7.988507912720677950e+00 1.528025742155061373e+00
1.340000000000000080e+00 1.123769182059389804e+00 1.498647814067958528e+01 8.051397659244994287e+00 1.514719091703790710e+00
1.344999999999999973e+00 1.124719476791012696e+00 1.509792723904708112e+01 8.114572986765386631e+00 1.501241776935058336e+00
1.350000000000000089e+00 1.125672511440304557e+00 1.520984499800673007e+01 8.178033942563835978e+00 1.487937711762425064e+00
1.354999999999999982e+00 1.126628275926654377e+00 1.532222915080932069e+01 8.241780501656503333e+00 1.475147584852422478e+00
1.360000000000000098e+00 1.127586760159866808e+00 1.543507759479941122e+01 8.305812647587092812e+00 1.463204447169719646e+00
1.364999999999999991e+00 1.128547954039863965e+00 1.554838792570562589e+01 8.370129928981873135e+00 1.452426096869247285e+00
1.370000000000000107e+00 1.129511847456391438e+00 1.566215849992346065e+01 8.434732182747527673e+00 1.443120209453441216e+00
1.375000000000000000e+00 1.130478430288730518e+00 1.577638746047081320e+01 8.499618688489741558e+00 1.435571737523005043e+00
1.380000000000000115e+00 1.131447692405412875e+00 1.589107370933617247e+01 8.564789404552715979e+00 1.430045425347904686e+00
1.385000000000000009e+00 1.132419623663941444e+00 1.600621576995498785e+01 8.630243351115138850e+00 1.426779721903776110e+00
1.390000000000000124e+00 1.133394213910515980e+00 1.612181321021963853e+01 8.695980000099513774e+00 1.425987099346223586e+00
1.395000000000000018e+00 1.134371452979762385e+00 1.623786559128810936e+01 8.761998907787578617e+00 1.427849074102689242e+00
1.400000000000000133e+00 1.135351330694467364e+00 1.635437272708755785e+01 8.828299184802535393e+00 1.432516090231505945e+00
1.405000000000000027e+00 1.136333836865317526e+00 1.647133199456487063e+01 8.894879693164337908e+00 1.440097092909238707e+00
1.409999999999999920e+00 1.137318961290643582e+00 1.658874993081998284e+01 8.961741448441074454e+00 1.450691751697732235e+00
1.415000000000000036e+00 1.138306693756168331e+00 1.670662503695994161e+01 9.028883328666744035e+00 1.464342037574773991e+00
1.419999999999999929e+00 1.139297024034760630e+00 1.682495893244363572e+01 9.096305292296595013e+00 1.481062685848937299e+00
1.425000000000000044e+00 1.140289941886192482e+00 1.694375273207185728e+01 9.164006418546353672e+00 1.500834304537370434e+00
1.429999999999999938e+00 1.141285437056903218e+00 1.706300912851516216e+01 9.231987140571511929e+00 1.523602103357620363e+00
1.435000000000000053e+00 1.142283499279765024e+00 1.718272980467641986e+01 9.300246935895669864e+00 1.549278665685608347e+00
1.439999999999999947e+00 1.143284118273856675e+00 1.730291786548450972e+01 9.368786573675775387e+00 1.577745084171397139e+00
1.445000000000000062e+00 1.144287283744239936e+00 1.742357588586212458e+01 9.437606199622480929e+00 1.608851301938431178e+00
1.449999999999999956e+00 1.145292985381740625e+00 1.754470603522119987e+01 9.506705513459721146e+00 1.642418885585285704e+00
1.455000000000000071e+00 1.146301212862736563e+00 1.766631168042747646e+01 9.576085677508247684e+00 1.678243156704050332e+00
1.459999999999999964e+00 1.147311955848947074e+00 1.778839533224093827e+01 9.645746764348693603e+00 1.716096036013470050e+00
1.465000000000000080e+00 1.148325203987230259e+00 1.791096053321466641e+01 9.715690356329830024e+00 1.755727068362857413e+00
1.469999999999999973e+00 1.149340946909383598e+00 1.803400918604092595e+01 9.785916310596425305e+00 1.796868236503884386e+00
1.475000000000000089e+00 1.150359174231948334e+00 1.815754472693839361e+01 9.856426223648998786e+00 1.839235616629949055e+00
1.479999999999999982e+00 1.151379875556021837e+00 1.828156421634448847e+01 9.927219891097006865e+00 1.882559047098230076e+00
1.485000000000000098e+00 1.152403040467071982e+00 1.840607965410820412e+01 9.998300100658891409e+00 1.926487979054338995e+00
1.489999999999999991e+00 1.153428658534756623e+00 1.853108932096125372e+01 1.006966786529125280e+01 1.970734109680888579e+00
1.495000000000000107e+00 1.154456719312749513e+00 1.865659479979699853e+01 1.014132372831802797e+01 2.014986609804959361e+00
1.500000000000000000e+00 1.155487212338569769e+00 1.878259820029446203e+01 1.021326939855867622e+01 2.058935533661194750e+00
1.505000000000000115e+00 1.156520127133416675e+00 1.890910081105328189e+01 1.028550571248448620e+01 2.102276524494702592e+00
1.510000000000000009e+00 1.157555453202008700e+00 1.903610438289286222e+01 1.035803444143308738e+01 2.144713604820589481e+00
1.515000000000000124e+00 1.158593180032429393e+00 1.916360965450060050e+01 1.043085645395614947e+01 2.185963049173713646e+00
1.520000000000000018e+00 1.159633297095975069e+00 1.929161758964013984e+01 1.050397288640658466e+01 2.225756187397666341e+00
1.525000000000000133e+00 1.160675793847010029e+00 1.942012888493919220e+01 1.057738538144359808e+01 2.263842500850387296e+00
1.530000000000000027e+00 1.161720659722826676e+00 1.954914422639643590e+01 1.065109509373465713e+01 2.299991866537414609e+00
1.535000000000000142e+00 1.162767884143507846e+00 1.967866305940599503e+01 1.072510239197210602e+01 2.333998486942172157e+00
1.540000000000000036e+00 1.163817456511797577e+00 1.980868615243294428e+01 1.079940917053749416e+01 2.365682116326050632e+00
1.544999999999999929e+00 1.164869366212974766e+00 1.993921259926642620e+01 1.087401543408744864e+01 2.394891064880657616e+00
1.550000000000000044e+00 1.165923602614732379e+00 2.007024252771427442e+01 1.094892251260598925e+01 2.421502435170641565e+00
1.554999999999999938e+00 1.166980155067061542e+00 2.020176952050131547e+01 1.102413022924260844e+01 2.445402773024018206e+00
1.560000000000000053e+00 1.168039012902141183e+00 2.033380438052469330e+01 1.109964105245295229e+01 2.466575268787938757e+00
1.564999999999999947e+00 1.169100165434231231e+00 2.046634076322544971e+01 1.117545417668544872e+01 2.484971936867459874e+00
1.570000000000000062e+00 1.170163601959574473e+00 2.059937875001160634e+01 1.125157079711010155e+01 2.500601960629347698e+00
1.574999999999999956e+00 1.171229311756297298e+00 2.073291733386409064e+01 1.132799080873128261e+01 2.513503359335712783e+00
1.580000000000000071e+00 1.172297284084322211e+00 2.086695612726673232e+01 1.140471460544511118e+01 2.523749671139182027e+00
1.584999999999999964e+00 1.173367508185281460e+00 2.100149459240448735e+01 1.148174225148229155e+01 2.531445238791015129e+00
1.590000000000000080e+00 1.174439973282435989e+00 2.113653247233375509e+01 1.155907403882256723e+01 2.536724782149799573e+00
1.594999999999999973e+00 1.175514668580601496e+00 2.127206967051526476e+01 1.163671018351057640e+01 2.539753044575325358e+00
1.600000000000000089e+00 1.176591583266077601e+00 2.140810570932540458e+01 1.171465023376526915e+01 2.540722284347344040e+00
1.604999999999999982e+00 1.177670706506583453e+00 2.154464101495321415e+01 1.179289463959059248e+01 2.539848875867566580e+00
1.610000000000000098e+00 1.178752027451198003e+00 2.168167564969699512e+01 1.187144323202485374e+01 2.537372183071630705e+00
1.614999999999999991e+00 1.179835535230304933e+00 2.181921047171626427e+01 1.195029628090368945e+01 2.533553524505482990e+00
1.620000000000000107e+00 1.180921218955544472e+00 2.195724565068061196e+01 1.202945326160169515e+01 2.528666770012766296e+00
1.625000000000000000e+00 1.182009067719768769e+00 2.209578228417752399e+01 1.210891455623390733e+01 2.523006009498854674e+00
1.630000000000000115e+00 1.183099070597002811e+00 2.223482082691138118e+01 1.218867935804031788e+01 2.516869845148775653e+00
1.635000000000000009e+00 1.184191216642411337e+00 2.237436399903216255e+01 1.226874960321944386e+01 2.510567673684688028e+00
1.640000000000000124e+00 1.185285494892271307e+00 2.251440334447368841e+01 1.234912236151915010e+01 2.504418735303353127e+00
1.645000000000000018e+00 1.186381894363947032e+00 2.265495651646727282e+01 1.242980052242093869e+01 2.498719820333263897e+00
1.650000000000000133e+00 1.187480404055874628e+00 2.279601825407503668e+01 1.251078378650501222e+01 2.493789043948020812e+00
1.655000000000000027e+00 1.188581012947548476e+00 2.293759017565564662e+01 1.259207219081365636e+01 2.489926725558560872e+00
1.660000000000000142e+00 1.189683709999514560e+00 2.307967405128335514e+01 1.267366596405891777e+01 2.487424270250559122e+00
1.665000000000000036e+00 1.190788484153369131e+00 2.322227165700333273e+01 1.275556532830462686e+01 2.486561726574989084e+00
1.669999999999999929e+00 1.191895324331762041e+00 2.336538566410480300e+01 1.283777145887124682e+01 2.487597118493190873e+00
1.675000000000000044e+00 1.193004219438406732e+00 2.350901757015799021e+01 1.292028411727455861e+01 2.490773457192689389e+00
1.679999999999999938e+00 1.194115158358093565e+00 2.365317009112076008e+01 1.300310483933170680e+01 2.496308002987972507e+00
1.685000000000000053e+00 1.195228129956711127e+00 2.379784479647663176e+01 1.308623378914999158e+01 2.504396353365494932e+00
1.689999999999999947e+00 1.196343123081270665e+00 2.394304375806142815e+01 1.316967170307611568e+01 2.515203143885435644e+00
1.695000000000000062e+00 1.197460126559938276e+00 2.408876904791802431e+01 1.325341967213431715e+01 2.528867079406913909e+00
1.699999999999999956e+00 1.198579129202069993e+00 2.423502287346165929e+01 1.333747895090919755e+01 2.545493372650974528e+00
1.705000000000000071e+00 1.199700119798254416e+00 2.438180609312802360e+01 1.342184957658681554e+01 2.565157802786993901e+00
1.709999999999999964e+00 1.200823087120360011e+00 2.452912101998224514e+01 1.350653318275672277e+01 2.587902880494980185e+00
1.715000000000000080e+00 1.201948019921588173e+00 2.467696863709729271e+01 1.359153023590443965e+01 2.613737318210592520e+00
1.719999999999999973e+00 1.203074906936531852e+00 2.482535056007072782e+01 1.367684218280183472e+01 2.642638133808989931e+00
1.725000000000000089e+00 1.204203736881238829e+00 2.497426745067888731e+01 1.376246921068952034e+01 2.674546398633199207e+00
1.729999999999999982e+00 1.205334498453282777e+00 2.512372082187334854e+01 1.384841311941508657e+01 2.709373853359652529e+00
1.735000000000000098e+00 1.206467180331836975e+00 2.527371160052813082e+01 1.393467489880203658e+01 2.747001554540164481e+00
1.739999999999999991e+00 1.207601771177756689e+00 2.542422613343155291e+01 1.402125276331847559e+01 2.787311492066741003e+00
1.745000000000000107e+00 1.208738259633664436e+00 2.557529067950438062e+01 1.410815112361941814e+01 2.830065109256300282e+00
1.750000000000000000e+00 1.209876634324042799e+00 2.572689398609569267e+01 1.419537005492919235e+01 2.875086557070542170e+00
1.755000000000000115e+00 1.211016883855332349e+00 2.587903594343278968e+01 1.428290977620578417e+01 2.922149489316627768e+00
1.760000000000000009e+00 1.212158996816034451e+00 2.603171644160911313e+01 1.437077078037404121e+01 2.971005268121674980e+00
1.765000000000000124e+00 1.213302961776821398e+00 2.618493523974905202e+01 1.445895341878521734e+01 3.021384005215372426e+00
1.770000000000000018e+00 1.214448767290650766e+00 2.633869283959471375e+01 1.454745904621306352e+01 3.073009520432589792e+00
1.775000000000000133e+00 1.215596401892885980e+00 2.649298865177367901e+01 1.463628757737855501e+01 3.125585333250943343e+00
1.780000000000000027e+00 1.216745854101423552e+00 2.664782297310943449e+01 1.472543990935110259e+01 3.178809328583015681e+00
1.785000000000000142e+00 1.217897112416823635e+00 2.680319505715226924e+01 1.481491591062976809e+01 3.232373294179724077e+00
1.790000000000000036e+00 1.219050165322449919e+00 2.695910502885838156e+01 1.490471615524499249e+01 3.285968352679188076e+00
1.794999999999999929e+00 1.220205001284612623e+00 2.711555288437040900e+01 1.499484121734318975e+01 3.339289438842797164e+00
1.800000000000000044e+00 1.221361608752716377e+00 2.727253832084576857e+01 1.508529095630696659e+01 3.392031332831888513e+00
1.804999999999999938e+00 1.222519976159418986e+00 2.743006113755723874e+01 1.517606535092894227e+01 3.443901211749923252e+00
1.810000000000000053e+00 1.223680091920789526e+00 2.758812153306371684e+01 1.526716475047771659e+01 3.494617899495260804e+00
1.814999999999999947e+00 1.224841944436477315e+00 2.774672023450722236e+01 1.535858992376385146e+01 3.543912150736219679e+00
1.820000000000000062e+00 1.226005522089884225e+00 2.790585652960839624e+01 1.545033986118949798e+01 3.591537421343481640e+00
1.824999999999999956e+00 1.227170813248343206e+00 2.806553107180063833e+01 1.554241506137397622e+01 3.637261633428598095e+00
1.830000000000000071e+00 1.228337806263303689e+00 2.822574469727866386e+01 1.563481582175409201e+01 3.680881746325415094e+00
1.834999999999999964e+00 1.229506489470522324e+00 2.838648149335254445e+01 1.572754037121411486e+01 3.722148366450444446e+00
1.840000000000000080e+00 1.230676851190258825e+00 2.854777332837639392e+01 1.582059193983779011e+01 3.761035431751417857e+00
1.844999999999999973e+00 1.231848879727479362e+00 2.870960647448854530e+01 1.591396971908898550e+01 3.797359640126930724e+00
1.850000000000000089e+00 1.233022563372064173e+00 2.887198116976051665e+01 1.600767267389841209e+01 3.831021240857618082e+00
1.854999999999999982e+00 1.234197890399023168e+00 2.903489965999255418e+01 1.610170227679072497e+01 3.861960600617528439e+00
1.860000000000000098e+00 1.235374849068715752e+00 2.919836235491663956e+01 1.619605792742665429e+01 3.890143712483884020e+00
1.864999999999999991e+00 1.236553427627077095e+00 2.936237054825819470e+01 1.629073983102060907e+01 3.915570856038775194e+00
1.870000000000000107e+00 1.237733614305851271e+00 2.952692587299081239e+01 1.638574842350601557e+01 3.938274493151677103e+00
1.875000000000000000e+00 1.238915397322829737e+00 2.969203009572028407e+01 1.648108449027167666e+01 3.958315247726931663e+00
1.880000000000000115e+00 1.240098764882095139e+00 2.985768423982552733e+01 1.657674779546551136e+01 3.975786674503783757e+00
1.885000000000000009e+00 1.241283705174272667e+00 3.002388986453068753e+01 1.667273872710626392e+01 3.990815331644916419e+00
1.890000000000000124e+00 1.242470206376787178e+00 3.019064855538913150e+01 1.676905811656055079e+01 4.003548408980729612e+00
1.895000000000000018e+00 1.243658256654124994e+00 3.035796227557667137e+01 1.686570674183143836e+01 4.014166704328054003e+00
1.900000000000000133e+00 1.244847844158103012e+00 3.052583222657825246e+01 1.696268462542292355e+01 4.022870167363310046e+00
1.905000000000000027e+00 1.246038957028144711e+00 3.069425977783787118e+01 1.705999253941181237e+01 4.029884193288020278e+00
1.910000000000000142e+00 1.247231583391559262e+00 3.086324682632693950e+01 1.715763132348411801e+01 4.035454639786949294e+00
1.915000000000000036e+00 1.248425711363831514e+00 3.103279419737423694e+01 1.725560106208243383e+01 4.039839627186814219e+00
1.919999999999999929e+00 1.249621329048912655e+00 3.120290348501017164e+01 1.735390302105160387e+01 4.043316982677655602e+00
1.925000000000000044e+00 1.250818424539521745e+00 3.137355979079526946e+01 1.745253647352662796e+01 4.046214773195713654e+00
1.929999999999999938e+00 1.252016985917450365e+00 3.154479488488717820e+01 1.755150412951311978e+01 4.048746255570981667e+00
1.935000000000000053e+00 1.253217001253874363e+00 3.171659548786219318e+01 1.765080633294763857e+01 4.051250662799495750e+00
1.939999999999999947e+00 1.254418458609672937e+00 3.188896200091747701e+01 1.775044331064216863e+01 4.054030948847500149e+00
1.945000000000000062e+00 1.255621346035752151e+00 3.206189528727951910e+01 1.785041569599589195e+01 4.057389473675075742e+00
1.949999999999999956e+00 1.256825651573374891e+00 3.223539640675753049e+01 1.795072459578074131e+01 4.061620318517285888e+00
1.955000000000000071e+00 1.258031363254499713e+00 3.240946543575544325e+01 1.805137015385051313e+01 4.067011587312276077e+00
1.959999999999999964e+00 1.259238469102119673e+00 3.258410338212148361e+01 1.815235359901454615e+01 4.073842447080160412e+00
1.965000000000000080e+00 1.260446957130616275e+00 3.275930986122825317e+01 1.825367462945842334e+01 4.082376594756101262e+00
1.969999999999999973e+00 1.261656815346111182e+00 3.293508641035653994e+01 1.835533535323718723e+01 4.092861114935269384e+00
1.975000000000000089e+00 1.262868031746829489e+00 3.311143187040099889e+01 1.845733445285596375e+01 4.105525327743076325e+00
1.979999999999999982e+00 1.264080594323466533e+00 3.328834757143933132e+01 1.855967401906488234e+01 4.120576651499377796e+00
1.985000000000000098e+00 1.265294491059563597e+00 3.346583312770537333e+01 1.866235387962240466e+01 4.138198783206378906e+00
1.989999999999999991e+00 1.266509709931886274e+00 3.364388836796067750e+01 1.876537412388254467e+01 4.158549567997757102e+00
1.995000000000000107e+00 1.267726238910813485e+00 3.382251406578613029e+01 1.886873606027413786e+01 4.181761837835256124e+00
2.000000000000000000e+00 1.268944065960727619e+00 3.400170983330571772e+01 1.897243947040091783e+01 4.207938044585816328e+00
2.004999999999999893e+00 1.270163179040415979e+00 3.418147548282698267e+01 1.907648436364658195e+01 4.237152830984558527e+00
2.010000000000000231e+00 1.271383566103475360e+00 3.436181164329036619e+01 1.918087182250553013e+01 4.269448882724886651e+00
2.015000000000000124e+00 1.272605215098723486e+00 3.454271774467884626e+01 1.928560106271875085e+01 4.304841421196000439e+00
2.020000000000000018e+00 1.273828113970618237e+00 3.472419463053805089e+01 1.939067322849577835e+01 4.343312283704677590e+00
2.024999999999999911e+00 1.275052250659680864e+00 3.490622619291342232e+01 1.949608852864725606e+01 4.384894917545802073e+00
2.030000000000000249e+00 1.276277613102927866e+00 3.508884394811233420e+01 1.960184696112523994e+01 4.429368701331227065e+00
2.035000000000000142e+00 1.277504189234306420e+00 3.527203263322297744e+01 1.970794827177626374e+01 4.476693919359782114e+00
2.040000000000000036e+00 1.278731966985139357e+00 3.545579332187062249e+01 1.981439329947180994e+01 4.526737949389023186e+00
2.044999999999999929e+00 1.279960934284574359e+00 3.564012579393536839e+01 1.992118129203014831e+01 4.579343245818296992e+00
2.049999999999999822e+00 1.281191079060038929e+00 3.582503138872894510e+01 2.002831344632934929e+01 4.634325148713342557e+00
2.055000000000000160e+00 1.282422389237703575e+00 3.601051021086212955e+01 2.013578936013549026e+01 4.691478844035495754e+00
2.060000000000000053e+00 1.283654852742951435e+00 3.619656326155616455e+01 2.024360938931937426e+01 4.750577644108396669e+00
2.064999999999999947e+00 1.284888457500850345e+00 3.638319147700376277e+01 2.035177378442428164e+01 4.811378090076058101e+00
2.069999999999999840e+00 1.286123191436637780e+00 3.657039507010082247e+01 2.046028211478385117e+01 4.873622517213845207e+00
2.075000000000000178e+00 1.287359042476205584e+00 3.675817551809418404e+01 2.056913504273953919e+01 4.937037609220377377e+00
2.080000000000000071e+00 1.288595998546594679e+00 3.694653421093469348e+01 2.067833342767066540e+01 5.001343753462176522e+00
2.084999999999999964e+00 1.289834047576496001e+00 3.713547191671010950e+01 2.078787702777804114e+01 5.066251765364579995e+00
2.089999999999999858e+00 1.291073177496757207e+00 3.732498947274218182e+01 2.089776584428972583e+01 5.131473195288809741e+00
2.095000000000000195e+00 1.292313376240894485e+00 3.751508119649678008e+01 2.100800188454156370e+01 5.196568567420314366e+00
2.100000000000000089e+00 1.293554631745612582e+00 3.770576235777820528e+01 2.111858324488653693e+01 5.261516703312597798e+00
2.104999999999999982e+00 1.294796931951329721e+00 3.789702707312353169e+01 2.122951118499343437e+01 5.325906907232976550e+00
2.109999999999999876e+00 1.296040264802710951e+00 3.808887661198254904e+01 2.134078614540614183e+01 5.389463444239584788e+00
2.115000000000000213e+00 1.297284618249205046e+00 3.828131198061525708e+01 2.145240852342361748e+01 5.451920650045834371e+00
2.120000000000000107e+00 1.298529980245588522e+00 3.847433465111863171e+01 2.156437895524734216e+01 5.513023900241837971e+00
2.125000000000000000e+00 1.299776338752518745e+00 3.866794608288952162e+01 2.167669836811580097e+01 5.572539360778459461e+00
2.129999999999999893e+00 1.301023681737088600e+00 3.886214661615458965e+01 2.178936660474089848e+01 5.630250875128048449e+00
2.135000000000000231e+00 1.302271997173391371e+00 3.905693740305001427e+01 2.190238425569047109e+01 5.685963405920453795e+00
2.140000000000000124e+00 1.303521273043090511e+00 3.925231982646229056e+01 2.201575226179146583e+01 5.739502187057663463e+00
2.145000000000000018e+00 1.304771497335994956e+00 3.944829468903528635e+01 2.212947111036937997e+01 5.790717981955536331e+00
2.149999999999999911e+00 1.306022658050641327e+00 3.964486299623565202e+01 2.224354158803284776e+01 5.839491541239785199e+00
2.155000000000000249e+00 1.307274743194883682e+00 3.984202469351195219e+01 2.235796343543647424e+01 5.885727654400646713e+00
2.160000000000000142e+00 1.308527740786487481e+00 4.003978144783589954e+01 2.247273788570468867e+01 5.929355695943642424e+00
2.165000000000000036e+00 1.309781638853730668e+00 4.023813315598282969e+01 2.258786515564174735e+01 5.970342014447537871e+00
2.169999999999999929e+00 1.311036425436011399e+00 4.043708113856353492e+01 2.270334652767530059e+01 6.008676421424191005e+00
2.175000000000000266e+00 1.312292088584462002e+00 4.063663129681733466e+01 2.281918555485353295e+01 6.044544092920435041e+00
2.180000000000000160e+00 1.313548616362568033e+00 4.083677340518058685e+01 2.293537611789790276e+01 6.077679483747062683e+00
2.185000000000000053e+00 1.314805996846795111e+00 4.103751216975827987e+01 2.305192122549507161e+01 6.108312885664036962e+00
2.189999999999999947e+00 1.316064218127219965e+00 4.123884915351090541e+01 2.316882271670099414e+01 6.136548535981436459e+00
2.194999999999999840e+00 1.317323268308171258e+00 4.144078373824190464e+01 2.328608004921132490e+01 6.162519422862803964e+00
2.200000000000000178e+00 1.318583135508872406e+00 4.164331605114981016e+01 2.340369375032072696e+01 6.186383911638603905e+00
2.205000000000000071e+00 1.319843807864092611e+00 4.184644671219023593e+01 2.352166433071840146e+01 6.208322434028876735e+00
2.209999999999999964e+00 1.321105273524805224e+00 4.205017540932055908e+01 2.363999219940305352e+01 6.228534268367559967e+00
2.214999999999999858e+00 1.322367520658849438e+00 4.225450295880329321e+01 2.375867770528832779e+01 6.247246084180123837e+00
2.220000000000000195e+00 1.323630537451601530e+00 4.245942881942955438e+01 2.387772077533165316e+01 6.264694307699229192e+00
2.225000000000000089e+00 1.324894312106648098e+00 4.266495354145256158e+01 2.399712231676778629e+01 6.281132805086738102e+00
2.229999999999999982e+00 1.326158832846469293e+00 4.287107774387687442e+01 2.411688267195981439e+01 6.296830252461596444e+00
2.234999999999999876e+00 1.327424087913126938e+00 4.307780045414786230e+01 2.423700113229809006e+01 6.312059355215376755e+00
2.240000000000000213e+00 1.328690065568957523e+00 4.328513689375240858e+01 2.435748387003602033e+01 6.327010275703637276e+00
2.245000000000000107e+00 1.329956754097271210e+00 4.349306101214626352e+01 2.447832139902907045e+01 6.342152990439561933e+00
2.250000000000000000e+00 1.331224141803060590e+00 4.370158493342594141e+01 2.459951789406640899e+01 6.357687747855764293e+00
2.254999999999999893e+00 1.332492217013710345e+00 4.391070967271342340e+01 2.472107437376611827e+01 6.373897185556114842e+00
2.260000000000000231e+00 1.333760968079716003e+00 4.412043489246558892e+01 2.484299011168661053e+01 6.391062890328106150e+00
2.265000000000000124e+00 1.335030383375409135e+00 4.433076207003171021e+01 2.496526625386523790e+01 6.409455190234996103e+00
2.270000000000000018e+00 1.336300451299685221e+00 4.454169098471398058e+01 2.508790208479467765e+01 6.429346350969889379e+00
2.274999999999999911e+00 1.337571160276742388e+00 4.475322192625302620e+01 2.521089789781614598e+01 6.450978363549049632e+00
2.280000000000000249e+00 1.338842498756821042e+00 4.496536703574131622e+01 2.533425840041016386e+01 6.474615256077341563e+00
2.285000000000000142e+00 1.340114455216953049e+00 4.517810644636291784e+01 2.545797576613846402e+01 6.500419421909455764e+00
2.290000000000000036e+00 1.341387018161716460e+00 4.539145119627286817e+01 2.558205476307520598e+01 6.528616223915586048e+00
2.294999999999999929e+00 1.342660176123993576e+00 4.560540117206414124e+01 2.570649443855849370e+01 6.559387714928897495e+00
2.300000000000000266e+00 1.343933917665737443e+00 4.581995787820721233e+01 2.583129598799794380e+01 6.592872773088370941e+00
2.305000000000000160e+00 1.345208231378743458e+00 4.603512186780754689e+01 2.595645915596745468e+01 6.629212247387427759e+00
2.310000000000000053e+00 1.346483105885426967e+00 4.625089385218345939e+01 2.608198390543295631e+01 6.668504228592404104e+00
2.314999999999999947e+00 1.347758529839606201e+00 4.646727459347398081e+01 2.620787087642130686e+01 6.710823207872138596e+00
2.319999999999999840e+00 1.349034491927291413e+00 4.668426565572885778e+01 2.633412087932305923e+01 6.756210606463124435e+00
2.325000000000000178e+00 1.350310980867478472e+00 4.690186789910615062e+01 2.646073385031918690e+01 6.804691204643909863e+00
2.330000000000000071e+00 1.351587985412951776e+00 4.712008164344463523e+01 2.658770996046812840e+01 6.856255166054722849e+00
2.334999999999999964e+00 1.352865494351088493e+00 4.733890849972003423e+01 2.671505012914612109e+01 6.910862909525897990e+00
2.339999999999999858e+00 1.354143496504671029e+00 4.755834867882496297e+01 2.684275419163376597e+01 6.968452839198361559e+00
2.345000000000000195e+00 1.355421980732705700e+00 4.777840360627581617e+01 2.697082310624564983e+01 7.028929554092135490e+00
2.350000000000000089e+00 1.356700935931243857e+00 4.799907353989178915e+01 2.709925639860256297e+01 7.092173185003407987e+00
2.354999999999999982e+00 1.357980351034212774e+00 4.822037568411643349e+01 2.722805962208138197e+01 7.158093868953464778e+00
2.359999999999999876e+00 1.359260215014249207e+00 4.844228062002667912e+01 2.735722533786330501e+01 7.226433910867021915e+00
2.365000000000000213e+00 1.360540516883539608e+00 4.866480287010096362e+01 2.748675700219193274e+01 7.297048204698822538e+00
2.370000000000000107e+00 1.361821245694665894e+00 4.888794316383579286e+01 2.761665535199225374e+01 7.369724982218535558e+00
2.375000000000000000e+00 1.363102390541456321e+00 4.911170260080715622e+01 2.774692131984529908e+01 7.444241823632275157e+00
2.379999999999999893e+00 1.364383940559842134e+00 4.933608127939977095e+01 2.787755459411316394e+01 7.520358146725046211e+00
2.385000000000000231e+00 1.365665884928720875e+00 4.956108006304354774e+01 2.800855646299622492e+01 7.597822739087264132e+00
2.390000000000000124e+00 1.366948212870820356e+00 4.978669861783342299e+01 2.813992624492001227e+01 7.676365228082008940e+00
2.395000000000000018e+00 1.368230913653576408e+00 5.001293842054095506e+01 2.827166569086896430e+01 7.755717289403924575e+00
2.399999999999999911e+00 1.369513976590007287e+00 5.023979907996155703e+01 2.840377421372546252e+01 7.835602564165877304e+00
2.405000000000000249e+00 1.370797391039600077e+00 5.046728052120149499e+01 2.853625195553144422e+01 7.915737887850903043e+00
2.410000000000000142e+00 1.372081146409197538e+00 5.069538408880826097e+01 2.866910038294641794e+01 7.995845556668069065e+00
2.415000000000000036e+00 1.373365232153893167e+00 5.092410932944530799e+01 2.880231922390717614e+01 8.075651105051388612e+00
2.419999999999999929e+00 1.374649637777930256e+00 5.115345636512436300e+01 2.893590863649065881e+01 8.154880209522609391e+00
2.425000000000000266e+00 1.375934352835608943e+00 5.138342603914431095e+01 2.906986971526374219e+01 8.233273325891881100e+00
2.430000000000000160e+00 1.377219366932191491e+00 5.161404006279327206e+01 2.920420704018802383e+01 8.310449473202837112e+00
2.435000000000000053e+00 1.378504669724822440e+00 5.184525612264858552e+01 2.933891087426609090e+01 8.386415212334302538e+00
2.439999999999999947e+00 1.379790250923445205e+00 5.207709577599835171e+01 2.947398726457699070e+01 8.460829791303671854e+00
2.444999999999999840e+00 1.381076100291728892e+00 5.230955797949212638e+01 2.960943543305499759e+01 8.533491830384436483e+00
2.450000000000000178e+00 1.382362207647998886e+00 5.254264399460096513e+01 2.974525651828270867e+01 8.604212641273463191e+00
2.455000000000000071e+00 1.383648562866170106e+00 5.277635303598948013e+01 2.988144971334064692e+01 8.672835448521645674e+00
2.459999999999999964e+00 1.384935155876690471e+00 5.301068592505552601e+01 3.001801573983348703e+01 8.739219234451907070e+00
2.464999999999999858e+00 1.386221976667483702e+00 5.324564266048474082e+01 3.015495478758082726e+01 8.803244290389288906e+00
2.470000000000000195e+00 1.387509015284901448e+00 5.348122379176901120e+01 3.029226689893451763e+01 8.864826324073632691e+00
2.475000000000000089e+00 1.388796261834676082e+00 5.371742955669034103e+01 3.042995234883492373e+01 8.923900642427089025e+00
2.479999999999999982e+00 1.390083706482882597e+00 5.395426071432201098e+01 3.056801179903862220e+01 8.980430079492185413e+00
2.484999999999999876e+00 1.391371339456903167e+00 5.419171684418693502e+01 3.070644428284494865e+01 9.034409980055851719e+00
2.490000000000000213e+00 1.392659151046396371e+00 5.442981793403686197e+01 3.084525528789264825e+01 9.085968661849957329e+00
2.495000000000000107e+00 1.393947131604270639e+00 5.466852847535155036e+01 3.098443612639746902e+01 9.134938653047511181e+00
2.500000000000000000e+00 1.395235271547664579e+00 5.490786613352894818e+01 3.112399145998047345e+01 9.181495254919552096e+00
2.504999999999999893e+00 1.396523561358930632e+00 5.514783149724466682e+01 3.126392095486553657e+01 9.225735842920320451e+00
2.510000000000000231e+00 1.397811991586621838e+00 5.538842510054927715e+01 3.140422507017827769e+01 9.267788025793812778e+00
2.515000000000000124e+00 1.399100552846486600e+00 5.562964789536758303e+01 3.154490438256338081e+01 9.307795230319275248e+00
2.520000000000000018e+00 1.400389235822465217e+00 5.587149988612096507e+01 3.168595809535483454e+01 9.345929854075615495e+00
2.524999999999999911e+00 1.401678031267691527e+00 5.611398247643840875e+01 3.182738747021545578e+01 9.382383163919943314e+00
2.530000000000000249e+00 1.402966930005501656e+00 5.635709567895015226e+01 3.196919201335279581e+01 9.417365698678683117e+00
2.535000000000000142e+00 1.404255922930439437e+00 5.660084139345290311e+01 3.211137312952194378e+01 9.451097243979472040e+00
2.540000000000000036e+00 1.405545001009279815e+00 5.684521859931871290e+01 3.225392936458434434e+01 9.483824663025808732e+00
2.544999999999999929e+00 1.406834155282040921e+00 5.709023003240452709e+01 3.239686304396136052e+01 9.515799772574370152e+00
2.550000000000000266e+00 1.408123376863012810e+00 5.733587438711314377e+01 3.254017255868727432e+01 9.547284237820830910e+00
2.555000000000000160e+00 1.409412656941783526e+00 5.758215363769735262e+01 3.268385937444590184e+01 9.578549317172308619e+00
2.560000000000000053e+00 1.410701986784272943e+00 5.782906750546336383e+01 3.282792303000456968e+01 9.609868910779427509e+00
2.564999999999999947e+00 1.411991357733769048e+00 5.807663944515937970e+01 3.297236892182641554e+01 9.641437837332455629e+00
2.569999999999999840e+00 1.413280761211968217e+00 5.832482757350149427e+01 3.311718853462417655e+01 9.673691885958850989e+00
2.575000000000000178e+00 1.414570188720020605e+00 5.857365393345786231e+01 3.326238756596778501e+01 9.706827750377208019e+00
2.580000000000000071e+00 1.415859631839580635e+00 5.882311738260857226e+01 3.340796446138110554e+01 9.741111174897593372e+00
2.584999999999999964e+00 1.417149082233858159e+00 5.907321891139547887e+01 3.355392048168002361e+01 9.776800876886335701e+00
2.589999999999999858e+00 1.418438531648677170e+00 5.932395994430754627e+01 3.370025656267524283e+01 9.814144540028145514e+00
2.595000000000000195e+00 1.419727971913536280e+00 5.957533947838199850e+01 3.384697152184966740e+01 9.853377704120109826e+00
2.600000000000000089e+00 1.421017394942674095e+00 5.982735963735596130e+01 3.399406784502136247e+01 9.894720449344795554e+00
2.604999999999999982e+00 1.422306792736138581e+00 6.008001841326583303e+01 3.414154311432557876e+01 9.938369914134415950e+00
2.609999999999999876e+00 1.423596157380858207e+00 6.033331869339487952e+01 3.428940043942607474e+01 9.984511976388972698e+00
2.615000000000000213e+00 1.424885481051721747e+00 6.058725950012264150e+01 3.443763848765800617e+01 1.003330473603811690e+01
2.620000000000000107e+00 1.426174756012655642e+00 6.084184129745820968e+01 3.458625810254229549e+01 1.008488875360990100e+01
2.625000000000000000e+00 1.427463974617710019e+00 6.109706405033195153e+01 3.473525935643183971e+01 1.013937729368319118e+01
2.629999999999999893e+00 1.428753129312145598e+00 6.135292837185497206e+01 3.488464272619894757e+01 1.019685959683526910e+01
2.635000000000000231e+00 1.430042212633526821e+00 6.160943474487438465e+01 3.503440879687663312e+01 1.025739782936851441e+01
2.640000000000000124e+00 1.431331217212814755e+00 6.186658260720569302e+01 3.518455707754524298e+01 1.032103247768371190e+01
2.645000000000000018e+00 1.432620135775467096e+00 6.212437300986526623e+01 3.533508870881036046e+01 1.038777059169022188e+01
2.649999999999999911e+00 1.433908961142540850e+00 6.238280524485315937e+01 3.548600299989205098e+01 1.045759682683723213e+01
2.655000000000000249e+00 1.435197686231796554e+00 6.264188001482418144e+01 3.563730073681637123e+01 1.053046899573236317e+01
2.660000000000000142e+00 1.436486304058808727e+00 6.290163422109068847e+01 3.578898910924712595e+01 1.060629526457460869e+01
2.665000000000000036e+00 1.437774807738079197e+00 6.316199748119140622e+01 3.594105448205922215e+01 1.068501496665023964e+01
2.669999999999999929e+00 1.439063190484150212e+00 6.342300424539462256e+01 3.609350414898316473e+01 1.076648981966631702e+01
2.675000000000000266e+00 1.440351445612727099e+00 6.368465449496885356e+01 3.624633784796365887e+01 1.085058327330403394e+01
2.680000000000000160e+00 1.441639566541798700e+00 6.394694888877749150e+01 3.639955627006135330e+01 1.093713210310484385e+01
2.685000000000000053e+00 1.442927546792763360e+00 6.420988710418760093e+01 3.655315913050130661e+01 1.102594811302546596e+01
2.689999999999999947e+00 1.444215379991559578e+00 6.447346981802876087e+01 3.670714667186283009e+01 1.111682764164153880e+01
2.694999999999999840e+00 1.445503059869796658e+00 6.473769717259088452e+01 3.686151908873215177e+01 1.120955269807809174e+01
2.700000000000000178e+00 1.446790580265890691e+00 6.500257014288699509e+01 3.701627706229952253e+01 1.130388765766501535e+01
2.705000000000000071e+00 1.448077935126202975e+00 6.526808823130645010e+01 3.717141983877672828e+01 1.139958492301502702e+01
2.709999999999999964e+00 1.449365118506182437e+00 6.553425202938375094e+01 3.732694751859899895e+01 1.149638636859448582e+01
2.714999999999999858e+00 1.450652124571508272e+00 6.580106297770869617e+01 3.748286193395607313e+01 1.159403304209202012e+01
2.720000000000000195e+00 1.451938947599239915e+00 6.606852017246153252e+01 3.763916147536360057e+01 1.169225315213136440e+01
2.725000000000000089e+00 1.453225581978965009e+00 6.633662509764907611e+01 3.779584706360918744e+01 1.179077129282816117e+01
2.729999999999999982e+00 1.454512022213955591e+00 6.660537756919067931e+01 3.795291847958995390e+01 1.188932278692362665e+01
2.734999999999999876e+00 1.455798262922322506e+00 6.687477885795961186e+01 3.811037670320050808e+01 1.198763476067690270e+01
2.740000000000000213e+00 1.457084298838174696e+00 6.714486751504126971e+01 3.826822835191575223e+01 1.208562993970275024e+01
2.745000000000000107e+00 1.458370124812782276e+00 6.741557101519639161e+01 3.842646066167014851e+01 1.218271192685558724e+01
2.750000000000000000e+00 1.459655735815740485e+00 6.768692492049949294e+01 3.858507986551605029e+01 1.227880026536863944e+01
2.754999999999999893e+00 1.460941126936137202e+00 6.795892978503107429e+01 3.874408653060844188e+01 1.237364953216385821e+01
2.760000000000000231e+00 1.462226293383724007e+00 6.823158650979777917e+01 3.890348080262278785e+01 1.246705675061258489e+01
2.765000000000000124e+00 1.463511230490086357e+00 6.850489538266953105e+01 3.906326271515997917e+01 1.255881885688543242e+01
2.770000000000000018e+00 1.464795933709824194e+00 6.877885833841615693e+01 3.922343417028146462e+01 1.264873822517832558e+01
2.774999999999999911e+00 1.466080398621724123e+00 6.905347341672647588e+01 3.938399241253712546e+01 1.273667626426123967e+01
2.780000000000000249e+00 1.467364620929943797e+00 6.932874324479300299e+01 3.954494024675231856e+01 1.282248135859317095e+01
2.785000000000000142e+00 1.468648596465194744e+00 6.960466822359266814e+01 3.970627760677987794e+01 1.290603399355000747e+01
2.790000000000000036e+00 1.469932321185927426e+00 6.988124816186159194e+01 3.986800422558410162e+01 1.298725238624433764e+01
2.794999999999999929e+00 1.471215791179520282e+00 7.015848436497488194e+01 4.003012100712971488e+01 1.306605797790066603e+01
2.800000000000000266e+00 1.472499002663467449e+00 7.043637632339579113e+01 4.019262717054118639e+01 1.314241366737297767e+01
2.805000000000000160e+00 1.473781951986576466e+00 7.071492549612274559e+01 4.035552430459520679e+01 1.321631035691388334e+01
2.810000000000000053e+00 1.475064635630160437e+00 7.099413125955200599e+01 4.051881145555271502e+01 1.328775626282242150e+01
2.814999999999999947e+00 1.476347050209237288e+00 7.127402629976000981e+01 4.068249449124378003e+01 1.335644542962946701e+01
2.819999999999999840e+00 1.477629192473728592e+00 7.155455036594133844e+01 4.084656465810407155e+01 1.342307910348761091e+01
2.825000000000000178e+00 1.478911059309663267e+00 7.183573423443117179e+01 4.101102769741375198e+01 1.348746291135408093e+01
2.830000000000000071e+00 1.480192647740382617e+00 7.211757661587162715e+01 4.117588220270253174e+01 1.354968155084609549e+01
2.834999999999999964e+00 1.481473954927746250e+00 7.240007850531858935e+01 4.134112940951276727e+01 1.360988444808620201e+01
2.839999999999999858e+00 1.482754978173340454e+00 7.268323995983493546e+01 4.150676920031130379e+01 1.366822395002554735e+01
2.845000000000000195e+00 1.484035714919693882e+00 7.296706146122500058e+01 4.167280141741087363e+01 1.372487797406827603e+01
2.850000000000000089e+00 1.485316162751484814e+00 7.325154458417183889e+01 4.183922923465025434e+01 1.378005437140345890e+01
2.854999999999999982e+00 1.486596319396762178e+00 7.353668705399671524e+01 4.200604877813056248e+01 1.383395504396350795e+01
2.859999999999999876e+00 1.487876182728162133e+00 7.382250982787455484e+01 4.217326505730093800e+01 1.388709067826933108e+01
2.865000000000000213e+00 1.489155750764126207e+00 7.410897604172944853e+01 4.234087322684905530e+01 1.393918231645961114e+01
2.870000000000000107e+00 1.490435021670126092e+00 7.439610394139583605e+01 4.250887462305350795e+01 1.399069784198457356e+01
2.875000000000000000e+00 1.491713993759884893e+00 7.468389443254461924e+01 4.267727223476816789e+01 1.404194117773940675e+01
2.879999999999999893e+00 1.492992665496607696e+00 7.497234889558571069e+01 4.284606707645450996e+01 1.409317743142022827e+01
2.885000000000000231e+00 1.494271035494205480e+00 7.526146170003485736e+01 4.301525113654572863e+01 1.414463282717982118e+01
2.890000000000000124e+00 1.495549102518527240e+00 7.555124204080840400e+01 4.318483682879833907e+01 1.419663098043845118e+01
2.895000000000000018e+00 1.496826865488593894e+00 7.584168360689514543e+01 4.335481417291094886e+01 1.424940673991577889e+01
2.899999999999999911e+00 1.498104323477830180e+00 7.613278869774821089e+01 4.352518963659613860e+01 1.430323673624873670e+01
2.905000000000000249e+00 1.499381475715303225e+00 7.642456161953988669e+01 4.369596456862963407e+01 1.435837586520426257e+01
2.910000000000000142e+00 1.500658321586958444e+00 7.671699283814386661e+01 4.386712887062368793e+01 1.441507356739296242e+01
2.915000000000000036e+00 1.501934860636862323e+00 7.701009373634195754e+01 4.403869417456340329e+01 1.447353773098912377e+01
2.919999999999999929e+00 1.503211092568443430e+00 7.730385737322080786e+01 4.421065411062409822e+01 1.453404563418289897e+01
2.925000000000000266e+00 1.504487017245737190e+00 7.759830045665556497e+01 4.438301255022094693e+01 1.459650368082899341e+01
2.930000000000000160e+00 1.505762634694630231e+00 7.789339810293570565e+01 4.455576902824742547e+01 1.466165177086858051e+01
2.935000000000000053e+00 1.507037945104112264e+00 7.818916284388016891e+01 4.472892045942319328e+01 1.472936142783232505e+01
2.939999999999999947e+00 1.508312948827522426e+00 7.848559658360841240e+01 4.490247258419715592e+01 1.479980193171540392e+01
2.944999999999999840e+00 1.509587646383803383e+00 7.878269996815397747e+01 4.507642223794505298e+01 1.487306780479678991e+01
2.950000000000000178e+00 1.510862038458753664e+00 7.908047209216057638e+01 4.525077169477371797e+01 1.494931728627079970e+01
2.955000000000000071e+00 1.512136125906285322e+00 7.937891321977801340e+01 4.542551982027779900e+01 1.502862759306603557e+01
2.959999999999999964e+00 1.513409909749681370e+00 7.967802616960693740e+01 4.560066554523316995e+01 1.511101981601291477e+01
2.964999999999999858e+00 1.514683391182853445e+00 7.997780801138428330e+01 4.577621091464203573e+01 1.519652784231402975e+01
2.970000000000000195e+00 1.515956571571605682e+00 8.027826213641722575e+01 4.595215497395654580e+01 1.528516858589387439e+01
2.975000000000000089e+00 1.517229452454897709e+00 8.057939019327812957e+01 4.612850221771313386e+01 1.537692046514130695e+01
2.979999999999999982e+00 1.518502035546109630e+00 8.088118832562464888e+01 4.630524258244670932e+01 1.547173270099535713e+01
2.984999999999999876e+00 1.519774322734309235e+00 8.118366432230625662e+01 4.648239234123178676e+01 1.556952437251027099e+01
2.990000000000000213e+00 1.521046316085523209e+00 8.148681618201085541e+01 4.665994309211095725e+01 1.567019372129951016e+01
2.995000000000000107e+00 1.522318017844006111e+00 8.179064128342160700e+01 4.683789361076343027e+01 1.577365144025866606e+01
3.000000000000000000e+00 1.523589430433515579e+00 8.209514058994531638e+01 4.701624440886386935e+01 1.587974821069536091e+01
3.004999999999999893e+00 1.524860556458587313e+00 8.240031893173967603e+01 4.719499883097233806e+01 1.598826334876813604e+01
3.010000000000000231e+00 1.526131398705811604e+00 8.270617577479252702e+01 4.737415736082620299e+01 1.609904671874281590e+01
3.015000000000000124e+00 1.527401960145112314e+00 8.301270786454463746e+01 4.755371473802173909e+01 1.621195192036435984e+01
3.020000000000000018e+00 1.528672243931031183e+00 8.331991415318250915e+01 4.773367200652312192e+01 1.632675334564537195e+01
3.024999999999999911e+00 1.529942253404009023e+00 8.362780457736381834e+01 4.791403942113628744e+01 1.644311133824657389e+01
3.030000000000000249e+00 1.531211992091669805e+00 8.393637290419449926e+01 4.809480734221478571e+01 1.656080142423983759e+01
3.035000000000000142e+00 1.532481463710112957e+00 8.424562858663587406e+01 4.827598860112839674e+01 1.667974633046772226e+01
3.040000000000000036e+00 1.533750672165198337e+00 8.455556091041243860e+01 4.845757115770111767e+01 1.679949716371091029e+01
3.044999999999999929e+00 1.535019621553841640e+00 8.486617547049651478e+01 4.863955400558309350e+01 1.691984418164570414e+01
3.050000000000000266e+00 1.536288316165307810e+00 8.517747154491537742e+01 4.882194753367171813e+01 1.704057107922614733e+01
3.055000000000000160e+00 1.537556760482504448e+00 8.548945305600932443e+01 4.900474743074176587e+01 1.716136209260660195e+01
3.060000000000000053e+00 1.538824959183287211e+00 8.580211958987990783e+01 4.918795911289358003e+01 1.728200054859713575e+01
3.064999999999999947e+00 1.540092917141751672e+00 8.611546065699808139e+01 4.937156286613274858e+01 1.740221854738091167e+01
3.070000000000000284e+00 1.541360639429545376e+00 8.642950565723447198e+01 4.955560659539804647e+01 1.752165760222317559e+01
3.075000000000000178e+00 1.542628131317168361e+00 8.674420813788761109e+01 4.974001360967954355e+01 1.764047968737364513e+01
3.080000000000000071e+00 1.543895398275281439e+00 8.705959615588326983e+01 4.992484086759392881e+01 1.775800138030022168e+01
3.084999999999999964e+00 1.545162445976019150e+00 8.737569500744081097e+01 5.011009513567960738e+01 1.787392862543456218e+01
3.089999999999999858e+00 1.546429280294300046e+00 8.769247153657431681e+01 5.029575386180058416e+01 1.798854445006377745e+01
3.095000000000000195e+00 1.547695907309144969e+00 8.800993804408999210e+01 5.048182259976874064e+01 1.810128293340044081e+01
3.100000000000000089e+00 1.548962333304992001e+00 8.832809268183967788e+01 5.066829584867684844e+01 1.821224426701514787e+01
3.104999999999999982e+00 1.550228564773019402e+00 8.864693665081325946e+01 5.085518469383250562e+01 1.832119439710212916e+01
3.109999999999999876e+00 1.551494608412467890e+00 8.896643386761778061e+01 5.104245651373079795e+01 1.842788403242182937e+01
3.115000000000000213e+00 1.552760471131968911e+00 8.928668903988771888e+01 5.123020347117105189e+01 1.853224350112073893e+01
3.120000000000000107e+00 1.554026160050869576e+00 8.960760214738975549e+01 5.141832463009119891e+01 1.863441729099119470e+01
3.125000000000000000e+00 1.555291682500568706e+00 8.992918793411516276e+01 5.160684229074343676e+01 1.873434795274355835e+01
3.129999999999999893e+00 1.556557046025848434e+00 9.025148031913775526e+01 5.179578358115456638e+01 1.883202542424934833e+01
3.135000000000000231e+00 1.557822258386214909e+00 9.057446244237601718e+01 5.198513098834037294e+01 1.892687535727941750e+01
3.140000000000000124e+00 1.559087327557234559e+00 9.089815542257633751e+01 5.217491778083513765e+01 1.901987855864930310e+01
3.145000000000000018e+00 1.560352261731882795e+00 9.122252093673665740e+01 5.236509140888767178e+01 1.911028538647440911e+01
3.149999999999999911e+00 1.561617069321888263e+00 9.154760779538145243e+01 5.255571219966488883e+01 1.919866908896386093e+01
3.155000000000000249e+00 1.562881758959084433e+00 9.187336545490089179e+01 5.274670969158344747e+01 1.928511600560425876e+01
3.160000000000000142e+00 1.564146339496760740e+00 9.219983718102716352e+01 5.293813795663216126e+01 1.936911082233715931e+01
3.165000000000000036e+00 1.565410820011023496e+00 9.252702245299423112e+01 5.313001884115585938e+01 1.945174509453726586e+01
3.169999999999999929e+00 1.566675209802153468e+00 9.285488220487756905e+01 5.332227104290701902e+01 1.953262428151778707e+01
3.175000000000000266e+00 1.567939518395971676e+00 9.318343514210502576e+01 5.351492861485895247e+01 1.961228122504663318e+01
3.180000000000000160e+00 1.569203755545205192e+00 9.351267380006778751e+01 5.370801002322298245e+01 1.969105409877562707e+01
3.185000000000000053e+00 1.570467931230861369e+00 9.384265851446625106e+01 5.390157508237518158e+01 1.976833976730448938e+01
3.189999999999999947e+00 1.571732055663601191e+00 9.417328198985073584e+01 5.409544376873038374e+01 1.984538538421044152e+01
3.195000000000000284e+00 1.572996139285118833e+00 9.450471951088758260e+01 5.428982988610595584e+01 1.992042482632415457e+01
3.200000000000000178e+00 1.574260192769525224e+00 9.483671849489297756e+01 5.448455673470542848e+01 1.999614425869251377e+01
3.205000000000000071e+00 1.575524227024737378e+00 9.516960507729331198e+01 5.467984698180289627e+01 2.007218529666160123e+01
3.209999999999999964e+00 1.576788253193867284e+00 9.550299085805951904e+01 5.487533554337079522e+01 2.014774167364915769e+01
3.214999999999999858e+00 1.578052282656617233e+00 9.583734511176432136e+01 5.507153041577454644e+01 2.022315961321062971e+01
3.220000000000000195e+00 1.579316327030685141e+00 9.617215224887848990e+01 5.526782104027488174e+01 2.030199296916438456e+01
3.225000000000000089e+00 1.580580398173165202e+00 9.650790395967722191e+01 5.546490003895881671e+01 2.037969311189920418e+01
3.229999999999999982e+00 1.581844508181959430e+00 9.684413984688016797e+01 5.566205294576212737e+01 2.046007329621285109e+01
3.234999999999999876e+00 1.583108669397191415e+00 9.718112400983748955e+01 5.585975092993594160e+01 2.054039621421195960e+01
3.240000000000000213e+00 1.584372894402625409e+00 9.751893915810013880e+01 5.605794055891320227e+01 2.062250531247158136e+01
3.245000000000000107e+00 1.585637196027092743e+00 9.785741356144501424e+01 5.625651365638479007e+01 2.070722686608241858e+01
3.250000000000000000e+00 1.586901587345919129e+00 9.819660608425557768e+01 5.645551707379077300e+01 2.079485867269622901e+01
3.254999999999999893e+00 1.588166081682362174e+00 9.853653634853372978e+01 5.665495067074986935e+01 2.088375033487238852e+01
3.260000000000000231e+00 1.589430692609048013e+00 9.887711534137517333e+01 5.685478261521932097e+01 2.097557535440789778e+01
3.265000000000000124e+00 1.590695433949419924e+00 9.921850322726452021e+01 5.705509378731094472e+01 2.107022226963360723e+01
3.270000000000000018e+00 1.591960319779189614e+00 9.956053064204148484e+01 5.725574840210704508e+01 2.116809255308086790e+01
3.274999999999999911e+00 1.593225364427793389e+00 9.990331041254941624e+01 5.745688262202988028e+01 2.126821103163376137e+01
3.280000000000000249e+00 1.594490582479856755e+00 1.002468533252676650e+02 5.765850260029798591e+01 2.137201307230290936e+01
3.285000000000000142e+00 1.595755988776664358e+00 1.005910447716773604e+02 5.786044722781066696e+01 2.147885138387306725e+01
3.290000000000000036e+00 1.597021598417631694e+00 1.009360208759096906e+02 5.806289988039659988e+01 2.158904600642420135e+01
3.294999999999999929e+00 1.598287426761794583e+00 1.012817177186991415e+02 5.826579625607837443e+01 2.170206393553890578e+01
3.300000000000000266e+00 1.599553489429289543e+00 1.016280549968715547e+02 5.846901354234391590e+01 2.181828065033105801e+01
3.305000000000000160e+00 1.600819802302856587e+00 1.019752403176632356e+02 5.867280378334784530e+01 2.193768811256572349e+01
3.310000000000000053e+00 1.602086381529337800e+00 1.023230279149054525e+02 5.887685740767689424e+01 2.205871567593408855e+01
3.314999999999999947e+00 1.603353243521186133e+00 1.026716130507442131e+02 5.908144034076421747e+01 2.218503575858117927e+01
3.320000000000000284e+00 1.604620404957985969e+00 1.030210309603657635e+02 5.928658085718990378e+01 2.231309643954125121e+01
3.325000000000000178e+00 1.605887882787973897e+00 1.033710751063867264e+02 5.949199720469480468e+01 2.244445179699784987e+01
3.330000000000000071e+00 1.607155694229572163e+00 1.037218391906788355e+02 5.969788972042731956e+01 2.257783227809145643e+01
3.334999999999999964e+00 1.608423856772927873e+00 1.040733428861231857e+02 5.990419035290194927e+01 2.271429104998413706e+01
3.339999999999999858e+00 1.609692388181460876e+00 1.044256593548151244e+02 6.011104482996508125e+01 2.285261731830111742e+01
3.345000000000000195e+00 1.610961306493419842e+00 1.047786197914480084e+02 6.031822109000144394e+01 2.299330801915839473e+01
3.350000000000000089e+00 1.612230630023444355e+00 1.051323682680049245e+02 6.052586779457293176e+01 2.313568025919373738e+01
3.354999999999999982e+00 1.613500377364142535e+00 1.054868631097387777e+02 6.073398786523449644e+01 2.327990773233191746e+01
3.359999999999999876e+00 1.614770567387667999e+00 1.058421139306708625e+02 6.094254456458355662e+01 2.342469805035450037e+01
3.365000000000000213e+00 1.616041219247312144e+00 1.061980763359966602e+02 6.115155586792988629e+01 2.357164842606399091e+01
3.370000000000000107e+00 1.617312352379102647e+00 1.065547393530751776e+02 6.136094359503408668e+01 2.371840753719267880e+01
3.375000000000000000e+00 1.618583986503417060e+00 1.069122358552066459e+02 6.157084170299179959e+01 2.386614099933255062e+01
3.379999999999999893e+00 1.619856141626595081e+00 1.072704254468483214e+02 6.178115293267428854e+01 2.401464608925513033e+01
3.385000000000000231e+00 1.621128838042573905e+00 1.076293440059865958e+02 6.199186606544463984e+01 2.416376183756673512e+01
3.390000000000000124e+00 1.622402096334521149e+00 1.079890481510090297e+02 6.220308152677910130e+01 2.431148999542514844e+01
3.395000000000000018e+00 1.623675937376488410e+00 1.083495501072316216e+02 6.241477595433646286e+01 2.445978838107860298e+01
3.399999999999999911e+00 1.624950382335069499e+00 1.087107471394614748e+02 6.262686416769373920e+01 2.460646803849322950e+01
3.405000000000000249e+00 1.626225452671069327e+00 1.090727383956811991e+02 6.283941559769199614e+01 2.475342626076500352e+01
3.410000000000000142e+00 1.627501170141188780e+00 1.094354534033374620e+02 6.305242273376715900e+01 2.489887485129267830e+01
3.415000000000000036e+00 1.628777556799715365e+00 1.097989275421799391e+02 6.326586823775136281e+01 2.504296908390316290e+01
3.419999999999999929e+00 1.630054635000228513e+00 1.101632191410823793e+02 6.347981362448500420e+01 2.518521443067681886e+01
3.425000000000000266e+00 1.631332427397314877e+00 1.105281705080080314e+02 6.369411787934550517e+01 2.532681701864916590e+01
3.430000000000000160e+00 1.632610956948298497e+00 1.108940132359442714e+02 6.390900778431441864e+01 2.546492367333194196e+01
3.435000000000000053e+00 1.633890246914980304e+00 1.112604689674118674e+02 6.412421504136781891e+01 2.560343580033487498e+01
3.439999999999999947e+00 1.635170320865392934e+00 1.116278055505813427e+02 6.434000237942859712e+01 2.573874302435848094e+01
3.445000000000000284e+00 1.636451202675564431e+00 1.119958613041485478e+02 6.455612768156052539e+01 2.587297951786705852e+01
3.450000000000000178e+00 1.637732916531301264e+00 1.123647379218062241e+02 6.477278084741416819e+01 2.600394480836425615e+01
3.455000000000000071e+00 1.639015486929979559e+00 1.127343460304026337e+02 6.498987265849177675e+01 2.613322978772982097e+01
3.459999999999999964e+00 1.640298938682350771e+00 1.131047274409985590e+02 6.520741833321011427e+01 2.625993966597022578e+01
3.464999999999999858e+00 1.641583296914366441e+00 1.134759267948641366e+02 6.542546560583039650e+01 2.638467849966512802e+01
3.470000000000000195e+00 1.642868587069010289e+00 1.138478886579130460e+02 6.564396777739105460e+01 2.650740137905055249e+01
3.475000000000000089e+00 1.644154834908149621e+00 1.142205788520961676e+02 6.586286167733052821e+01 2.662779632493835535e+01
3.479999999999999982e+00 1.645442066514400281e+00 1.145941400608635234e+02 6.608231603159511280e+01 2.674646316980935623e+01
3.484999999999999876e+00 1.646730308293007594e+00 1.149684656421178204e+02 6.630221766681793838e+01 2.686309304595785719e+01
3.490000000000000213e+00 1.648019586973742623e+00 1.153435141765537537e+02 6.652254336479538210e+01 2.697839447093921805e+01
3.495000000000000107e+00 1.649309929612814640e+00 1.157193864589416705e+02 6.674335227981663365e+01 2.709162963651956346e+01
3.500000000000000000e+00 1.650601363594798476e+00 1.160960620531980680e+02 6.696464663598307254e+01 2.720365370072814315e+01
3.504999999999999893e+00 1.651893916634581849e+00 1.164727667763653045e+02 6.718595455617963808e+01 2.731206269754879656e+01
3.510000000000000231e+00 1.653187616779326907e+00 1.168502887084826796e+02 6.740776133601087849e+01 2.741978878003051889e+01
3.515000000000000124e+00 1.654482492410449757e+00 1.172286299642243534e+02 6.763007670333800547e+01 2.752608076951648997e+01
3.520000000000000018e+00 1.655778572245619973e+00 1.176077112768301589e+02 6.785279405615791859e+01 2.763204807266090057e+01
3.524999999999999911e+00 1.657075885340773880e+00 1.179875954491636065e+02 6.807599868325002035e+01 2.773748619213161248e+01
3.530000000000000249e+00 1.658374461092151142e+00 1.183683181696764137e+02 6.829971937879562915e+01 2.784324466968243783e+01
3.535000000000000142e+00 1.659674329238346902e+00 1.187497738195813355e+02 6.852384616644295079e+01 2.794861779366934584e+01
3.540000000000000036e+00 1.660975519862385452e+00 1.191320882165577046e+02 6.874850960052899040e+01 2.805474189763384274e+01
3.544999999999999929e+00 1.662278063393811456e+00 1.195151745536782499e+02 6.897363034078486521e+01 2.816142314003881353e+01
3.550000000000000266e+00 1.663581990610803807e+00 1.198990790318326134e+02 6.919922146514684869e+01 2.826869748846317165e+01
3.555000000000000160e+00 1.664887332642308815e+00 1.202837741130942533e+02 6.942526540019630943e+01 2.837713070705010665e+01
3.560000000000000053e+00 1.666194120970192039e+00 1.206693149735706783e+02 6.965186469292481775e+01 2.848717653861925569e+01
3.564999999999999947e+00 1.667502387431416100e+00 1.210556395497656013e+02 6.987888257797072811e+01 2.859881294657547812e+01
3.570000000000000284e+00 1.668812164220237593e+00 1.214428313691635140e+02 7.010646063456839272e+01 2.871201937202553367e+01
3.575000000000000178e+00 1.670123483890425531e+00 1.218307354342900339e+02 7.033443727811231838e+01 2.882722156770780941e+01
3.580000000000000071e+00 1.671436379357503110e+00 1.222195075570042633e+02 7.056291596299675462e+01 2.894446723560751877e+01
3.584999999999999964e+00 1.672750883901015451e+00 1.226091234847562674e+02 7.079192162380768139e+01 2.906534931043009351e+01
3.589999999999999858e+00 1.674067031166816655e+00 1.229995798296671126e+02 7.102143213801204524e+01 2.918888322230231225e+01
3.595000000000000195e+00 1.675384855169382847e+00 1.233908375463144438e+02 7.125140808000588777e+01 2.931456635971044733e+01
3.600000000000000089e+00 1.676704390294149860e+00 1.237829448623465822e+02 7.148187335086535654e+01 2.944311903208014769e+01
3.604999999999999982e+00 1.678025671299876453e+00 1.241758600606045349e+02 7.171283164681172195e+01 2.957465850322919465e+01
3.609999999999999876e+00 1.679348733321033071e+00 1.245695982124499892e+02 7.194426093875901529e+01 2.970966190250514316e+01
3.615000000000000213e+00 1.680673611870211692e+00 1.249642151579427463e+02 7.217624187399277957e+01 2.984774347460404442e+01
3.620000000000000107e+00 1.682000342840573426e+00 1.253596342151636094e+02 7.240869811565939074e+01 2.998984474396796074e+01
3.625000000000000000e+00 1.683328962508309878e+00 1.257558996814398853e+02 7.264161929632592773e+01 3.013426522814017261e+01
3.629999999999999893e+00 1.684659507535143819e+00 1.261530474098838539e+02 7.287507915721937479e+01 3.028222271567433665e+01
3.635000000000000231e+00 1.685992014970846498e+00 1.265510324342341022e+02 7.310906431321768650e+01 3.043387807735979678e+01
3.640000000000000124e+00 1.687326522255794936e+00 1.269498392648449254e+02 7.334350895282111082e+01 3.058823835805656088e+01
3.645000000000000018e+00 1.688663067223552527e+00 1.273495592039062387e+02 7.357851215078304108e+01 3.074573899755323936e+01
3.649999999999999911e+00 1.690001688103477839e+00 1.277501153355316035e+02 7.381399477380557528e+01 3.090604262315793704e+01
3.655000000000000249e+00 1.691342423523365834e+00 1.281515254440977856e+02 7.404999908366141881e+01 3.106966431060930134e+01
3.660000000000000142e+00 1.692685312512123508e+00 1.285537961317774034e+02 7.428650527018614014e+01 3.123653800698977889e+01
3.665000000000000036e+00 1.694030394502469727e+00 1.289569207212119579e+02 7.452351033551119031e+01 3.140488648873096622e+01
3.669999999999999929e+00 1.695377709333675487e+00 1.293609563114629566e+02 7.476106048038032270e+01 3.157643684351218027e+01
3.675000000000000266e+00 1.696727297254325917e+00 1.297658413316043209e+02 7.499913043653742761e+01 3.175004884088520640e+01
3.680000000000000160e+00 1.698079198925130706e+00 1.301716214341076068e+02 7.523770433002650293e+01 3.192572104616343154e+01
3.685000000000000053e+00 1.699433455421752726e+00 1.305783095521022403e+02 7.547686740984545395e+01 3.210314296223264563e+01
3.689999999999999947e+00 1.700790108237682396e+00 1.309858017457132746e+02 7.571648323832096139e+01 3.228210727513798872e+01
3.695000000000000284e+00 1.702149199287140036e+00 1.313941936805825321e+02 7.595662563066190387e+01 3.246265691301916689e+01
3.700000000000000178e+00 1.703510770908022831e+00 1.318035155575522310e+02 7.619730832139426013e+01 3.264418421402479709e+01
3.705000000000000071e+00 1.704874865864877798e+00 1.322137360465916061e+02 7.643851760854366262e+01 3.282683181371461245e+01
3.709999999999999964e+00 1.706241527351919807e+00 1.326247799398014422e+02 7.668021019342685918e+01 3.300902857398870083e+01
3.714999999999999858e+00 1.707610798996081591e+00 1.330367610509911174e+02 7.692247303654649215e+01 3.319297534467294497e+01
3.720000000000000195e+00 1.708982724860113711e+00 1.334496861762594904e+02 7.716533949297658523e+01 3.337748924276642271e+01
3.725000000000000089e+00 1.710357349445704500e+00 1.338634676892832545e+02 7.740865235589895121e+01 3.356029107663150768e+01
3.729999999999999982e+00 1.711734717696661745e+00 1.342782331183502720e+02 7.765257832599343146e+01 3.374436000901261679e+01
3.734999999999999876e+00 1.713114875002117454e+00 1.346938498109773548e+02 7.789702235293833610e+01 3.392733300641504712e+01
3.740000000000000213e+00 1.714497867199787251e+00 1.351103738802212888e+02 7.814197790975046587e+01 3.410980433577312709e+01
3.745000000000000107e+00 1.715883740579261962e+00 1.355278475880633948e+02 7.838752982045451745e+01 3.429189905152871631e+01
3.750000000000000000e+00 1.717272541885350057e+00 1.359462688666876602e+02 7.863362458410648514e+01 3.447099612531913948e+01
3.754999999999999893e+00 1.718664318321458495e+00 1.363655536976537803e+02 7.888019204871942236e+01 3.464979349650606366e+01
3.760000000000000231e+00 1.720059117553022654e+00 1.367858071848456234e+02 7.912737464690300726e+01 3.482697905902401203e+01
3.765000000000000124e+00 1.721456987710977105e+00 1.372070105181681186e+02 7.937512766442475254e+01 3.500368837269846978e+01
3.770000000000000018e+00 1.722857977395276574e+00 1.376291511487240200e+02 7.962342091076983763e+01 3.517784832572595377e+01
3.774999999999999911e+00 1.724262135678464647e+00 1.380522101546760041e+02 7.987228207208431741e+01 3.535009717356449954e+01
3.780000000000000249e+00 1.725669512109285098e+00 1.384762669263282646e+02 8.012170345979794206e+01 3.552117202690669018e+01
3.785000000000000142e+00 1.727080156716347847e+00 1.389012084253372450e+02 8.037166504389780641e+01 3.569043906702889757e+01
3.790000000000000036e+00 1.728494120011841551e+00 1.393271170444652114e+02 8.062219604763288316e+01 3.585798702391936388e+01
3.794999999999999929e+00 1.729911452995299248e+00 1.397540598493650634e+02 8.087334635839636121e+01 3.602337449882181630e+01
3.800000000000000266e+00 1.731332207157411762e+00 1.401818945736446267e+02 8.112502177276294901e+01 3.618594582488606193e+01
3.805000000000000160e+00 1.732756434483898600e+00 1.406107604817003676e+02 8.137729938745432889e+01 3.634809467237406011e+01
3.810000000000000053e+00 1.734184187459427706e+00 1.410405699823526504e+02 8.163016809302908428e+01 3.650867271677812198e+01
3.814999999999999947e+00 1.735615519071593615e+00 1.414713209482751211e+02 8.188357224855900540e+01 3.666641297604014937e+01
3.820000000000000284e+00 1.737050482814948671e+00 1.419030914444016673e+02 8.213759534056039513e+01 3.682494605559213596e+01
3.825000000000000178e+00 1.738489132695088868e+00 1.423357851201829476e+02 8.239209955698295573e+01 3.697891976505611211e+01
3.830000000000000071e+00 1.739931523232801869e+00 1.427695762053915303e+02 8.264733533991349645e+01 3.713362258424094620e+01
3.834999999999999964e+00 1.741377709468272084e+00 1.432042336570902989e+02 8.290305374036461217e+01 3.728803223786560039e+01
3.839999999999999858e+00 1.742827746965340152e+00 1.436399703795184735e+02 8.315935423868171483e+01 3.743974723984948838e+01
3.845000000000000195e+00 1.744281691815829705e+00 1.440767157394292042e+02 8.341634255677921317e+01 3.759251545309726339e+01
3.850000000000000089e+00 1.745739600643932299e+00 1.445143167080069588e+02 8.367377352670015966e+01 3.774198363873910012e+01
3.854999999999999982e+00 1.747201530610656750e+00 1.449532297175430529e+02 8.393208757181467661e+01 3.789482069511307571e+01
3.859999999999999876e+00 1.748667539418339745e+00 1.453930315795659567e+02 8.419081588317416731e+01 3.804685592568290531e+01
3.865000000000000213e+00 1.750137685315223512e+00 1.458338186514000938e+02 8.445016756769243216e+01 3.819774497218995180e+01
3.870000000000000107e+00 1.751612027100100555e+00 1.462756639796941442e+02 8.471017382139835661e+01 3.835015928130889762e+01
3.875000000000000000e+00 1.753090624127023878e+00 1.467185099244343576e+02 8.497071734628372042e+01 3.850340009137985930e+01
3.879999999999999893e+00 1.754573536310083837e+00 1.471624297445755474e+02 8.523189824215620547e+01 3.865693960245443606e+01
3.885000000000000231e+00 1.756060824128258258e+00 1.476074130409479324e+02 8.549379334257110941e+01 3.881247055094971188e+01
3.890000000000000124e+00 1.757552548630337386e+00 1.480533460800893693e+02 8.575615638807551022e+01 3.896849831606778736e+01
3.895000000000000018e+00 1.759048771439909009e+00 1.485004019979423902e+02 8.601920033810975497e+01 3.912677958464866634e+01
3.899999999999999911e+00 1.760549554760425739e+00 1.489484972232993698e+02 8.628287630267809050e+01 3.928834604644224981e+01
3.905000000000000249e+00 1.762054961380348228e+00 1.493977324333152410e+02 8.654724463915225385e+01 3.945031232563054857e+01
3.910000000000000142e+00 1.763565054678360111e+00 1.498479579269514943e+02 8.681218288167907815e+01 3.961514556765623496e+01
3.915000000000000036e+00 1.765079898628665322e+00 1.502992465757248794e+02 8.707776757122645961e+01 3.978310413671715651e+01
3.919999999999999929e+00 1.766599557806353804e+00 1.507516962329113426e+02 8.734400540715952843e+01 3.995358590397718501e+01
3.925000000000000266e+00 1.768124097392861804e+00 1.512051542727157880e+02 8.761085896157945285e+01 4.012645164596827385e+01
3.930000000000000160e+00 1.769653583181507006e+00 1.516597435433383225e+02 8.787838857096690504e+01 4.030225621520416013e+01
3.935000000000000053e+00 1.771188081583099816e+00 1.521154272894075916e+02 8.814657290371192744e+01 4.048029740934984488e+01
3.939999999999999947e+00 1.772727659631656794e+00 1.525722114551431616e+02 8.841536405662330367e+01 4.066350901815129504e+01
3.945000000000000284e+00 1.774272384990179141e+00 1.530300860120934772e+02 8.868481592412990722e+01 4.085101420542913075e+01
3.950000000000000178e+00 1.775822325956536885e+00 1.534891699317606424e+02 8.895504922274437831e+01 4.103937445727859767e+01
3.955000000000000071e+00 1.777377551469432548e+00 1.539492819315397298e+02 8.922582615289289265e+01 4.123328820158018004e+01
3.959999999999999964e+00 1.778938131114458976e+00 1.544105273113310659e+02 8.949732574942822794e+01 4.142988374287165954e+01
3.965000000000000302e+00 1.780504135130244192e+00 1.548728521646772833e+02 8.976937479868448122e+01 4.163032903496873161e+01
3.970000000000000195e+00 1.782075634414699072e+00 1.553364275243008876e+02 9.004224200442396864e+01 4.183223874448076884e+01
3.975000000000000089e+00 1.783652700531359159e+00 1.558011338992082813e+02 9.031575350077253006e+01 4.204021283073999626e+01
3.979999999999999982e+00 1.785235405715812629e+00 1.562670222744792170e+02 9.058997055584615055e+01 4.225074134967313455e+01
3.984999999999999876e+00 1.786823822882243729e+00 1.567339149315284033e+02 9.086477894437946645e+01 4.246364535710143429e+01
3.990000000000000213e+00 1.788418025630066133e+00 1.572021529674057376e+02 9.114041462300994567e+01 4.268037682436587232e+01
3.995000000000000107e+00 1.790018088250662442e+00 1.576714583695547844e+02 9.141663999802221952e+01 4.290307043708135382e+01
4.000000000000000000e+00 1.791624085734228267e+00 1.581419406240937633e+02 9.169357869569871866e+01 4.312435283624000704e+01
