% raindrop T-matrix calculations using the code of Leinonen, J., "Python code for T-matrix scattering calculations". Available at https://github.com/jleinonen/pytmatrix/. 
% 
% refractive index calculations after Ray, P., 1972:  Broadband Complex Refractive Indices of Ice and Water, Appl. Opt. 11, 1836-1844 
% 
% raindrop aspect ratio estimated with the methodology of Brandes, Edward & Zhang, Guifu & Vivekanandan, Jothiram. (2005). Corrigendum. Journal of Applied Meteorology. 44. 186-. 10.1175/1520-0450(2005)44<186:C>2.0.CO;2. 
% 
% wave length: 31.228381 mm 
% temperature: 288.15 K 
% refractive index: 7.960672378540039062e+00 + 2.222391366958618164e+00 i 
% 
%r_eqv[mm]               axial ratio              ext[mm2]                 sca[mm2]                 back[mm2]
5.000000000000000104e-03 9.999900000999989436e-01 6.841126218451780984e-09 1.990479855075678660e-16 2.985707252461589235e-16
1.000000000000000021e-02 9.999900000999989436e-01 5.473830860212054629e-08 1.273911654313947949e-14 1.910835114463542277e-14
1.499999999999999944e-02 9.999900000999989436e-01 1.847941562242649334e-07 1.451073272020804483e-13 2.176526816014194785e-13
2.000000000000000042e-02 9.999900000999989436e-01 4.382044934260019190e-07 8.153146856721489165e-13 1.222888980017224491e-12
2.500000000000000139e-02 9.999900000999989436e-01 8.563052853704506721e-07 3.110211163878525770e-12 4.664821589144599864e-12
2.999999999999999889e-02 9.999900000999989436e-01 1.480619651866339671e-06 9.287159020333837030e-12 1.392860905071859924e-11
3.500000000000000333e-02 9.999900000999989436e-01 2.352905213094350699e-06 2.341909652887274599e-11 3.512133496995078917e-11
4.000000000000000083e-02 9.999900000999989436e-01 3.515201584525332011e-06 5.218303292088964878e-11 7.825327331386096266e-11
4.499999999999999833e-02 9.999900000999989436e-01 5.009878283778637774e-06 1.057920348308810068e-10 1.586334568595470305e-10
5.000000000000000278e-02 9.999900000999989436e-01 6.879682909292282387e-06 1.990707482337961727e-10 2.984792816372042431e-10
5.500000000000000028e-02 9.999900000999989436e-01 9.167788897734307666e-06 3.526745659867874387e-10 5.287399277780913119e-10
5.999999999999999778e-02 9.999900000999989436e-01 1.191784714370113498e-05 5.944523810262325315e-10 8.911330705524798551e-10
6.500000000000000222e-02 9.999900000999989436e-01 1.517402844053495863e-05 9.609531906980019040e-10 1.440394791476689099e-09
7.000000000000000666e-02 9.999900000999989436e-01 1.898108293216800959e-05 1.499076795341811966e-09 2.246742513914549378e-09
7.499999999999999722e-02 9.999900000999989436e-01 2.338438089445946840e-05 2.267868087895555243e-09 3.398549616053068806e-09
8.000000000000000167e-02 9.999900000999989436e-01 2.842996913230392639e-05 3.340455815942383640e-09 5.005232398891583390e-09
8.500000000000000611e-02 9.999900000999989436e-01 3.416461275704501497e-05 4.806134711862270508e-09 7.200347054215289807e-09
8.999999999999999667e-02 9.999900000999989436e-01 4.063586443281124724e-05 6.772593555703836293e-09 1.014489973219490869e-08
9.500000000000000111e-02 9.999900000999989436e-01 4.789209620548014125e-05 9.368287128943142717e-09 1.403086583755935029e-08
1.000000000000000056e-01 9.999900000999989436e-01 5.598256289152496321e-05 1.274495179982986929e-08 1.908491731069366550e-08
1.049999999999999961e-01 9.999900000999989436e-01 6.495745425127992360e-05 1.708026605470127210e-08 2.557235897230103422e-08
1.100000000000000006e-01 9.999900000999989436e-01 7.486794433908404878e-05 2.258066013604251056e-08 3.380127915403918070e-08
1.150000000000000050e-01 9.999900000999989436e-01 8.576624220877912075e-05 2.948425903383529126e-08 4.412689006131032261e-08
1.199999999999999956e-01 9.999900000999989436e-01 9.770566684619864928e-05 3.806399359389751856e-08 5.695610882070239071e-08
1.250000000000000000e-01 9.999900000999989436e-01 1.107406694098269680e-04 4.863083139441235826e-08 7.275230570157006994e-08
1.300000000000000044e-01 9.999900000999989436e-01 1.249269247248599207e-04 6.153715747627726006e-08 9.204026327521540091e-08
1.350000000000000089e-01 9.999900000999989436e-01 1.403213613456673911e-04 7.718034355991041096e-08 1.154114034784458122e-07
1.400000000000000133e-01 9.999900000999989436e-01 1.569822218887233331e-04 9.600637292002835969e-08 1.435290816670715236e-07
1.449999999999999900e-01 9.999900000999989436e-01 1.749691360946063127e-04 1.185137387657205777e-07 1.771342735687687150e-07
1.499999999999999944e-01 9.999900000999989436e-01 1.943431728301593425e-04 1.452573400286776810e-07 2.170512391474326185e-07
1.549999999999999989e-01 9.999900000999989436e-01 2.151668825033896805e-04 1.768526575975382829e-07 2.641935867217801441e-07
1.600000000000000033e-01 9.999900000999989436e-01 2.375043911314562246e-04 2.139800155572969789e-07 3.195704423277049349e-07
1.650000000000000078e-01 9.999900000999989436e-01 2.614214548775494894e-04 2.573889627691601764e-07 3.842927764222953369e-07
1.700000000000000122e-01 9.999900000999989436e-01 2.869854513390050332e-04 3.079029050322034520e-07 4.595800809728256140e-07
1.750000000000000167e-01 9.999900000999989436e-01 3.142655539215990059e-04 3.664237024418627874e-07 5.467669672963051756e-07
1.799999999999999933e-01 9.999900000999989436e-01 3.433327542851584879e-04 4.339366938032471685e-07 6.473103754168561224e-07
1.849999999999999978e-01 9.999900000999989436e-01 3.742598323844323186e-04 5.115155836642181260e-07 7.627965485199991373e-07
1.900000000000000022e-01 1.000338260324268314e+00 4.072152797373191887e-04 6.004821909881642974e-07 8.951804208419309909e-07
1.950000000000000067e-01 1.000344839311130496e+00 4.420978731487773669e-04 7.018228928871046227e-07 1.045909276879078739e-06
2.000000000000000111e-01 1.000357515291503407e+00 4.790733626858063540e-04 8.170416113405475152e-07 1.217202597616990834e-06
2.050000000000000155e-01 1.000376259251188893e+00 5.182232074677838940e-04 9.476211606266304584e-07 1.411243058758160614e-06
2.099999999999999922e-01 1.000401042453005207e+00 5.596310789693954716e-04 1.095160247175406564e-06 1.630381619229881157e-06
2.149999999999999967e-01 1.000431836433301802e+00 6.033829999645308473e-04 1.261380369435484783e-06 1.877147281300718171e-06
2.200000000000000011e-01 1.000468612998516083e+00 6.495673925719283983e-04 1.448130525556110624e-06 2.154253536191077794e-06
2.250000000000000056e-01 1.000511344221778787e+00 6.982751562668936766e-04 1.657395181596622262e-06 2.464609632268777828e-06
2.300000000000000100e-01 1.000560002439564444e+00 7.495996238498565294e-04 1.891299351566283748e-06 2.811327478563787696e-06
2.350000000000000144e-01 1.000614560248383578e+00 8.036369859797623961e-04 2.152116357641463607e-06 3.197732501074030627e-06
2.399999999999999911e-01 1.000674990501522643e+00 8.604858810408391604e-04 2.442273142522329306e-06 3.627370796913776322e-06
2.449999999999999956e-01 1.000741266305821942e+00 9.202478789909022136e-04 2.764359717705886809e-06 4.104022389155050032e-06
2.500000000000000000e-01 1.000813361018499714e+00 9.830273588584720508e-04 3.121132984259069972e-06 4.631706049286532905e-06
2.550000000000000044e-01 1.000891248244015541e+00 1.048931713084901582e-03 3.515526905781116980e-06 5.214693508047066210e-06
2.600000000000000089e-01 1.000974901830975039e+00 1.118071139711257315e-03 3.950659109663893344e-06 5.857518310162988582e-06
2.650000000000000133e-01 1.001064295869075416e+00 1.190559364569964166e-03 4.429837288232118450e-06 6.564984246998993686e-06
2.700000000000000178e-01 1.001159404686088994e+00 1.266512798488176423e-03 4.956568718939491181e-06 7.342178461514743921e-06
2.750000000000000222e-01 1.001260202844886926e+00 1.346051520470976882e-03 5.534567048001319915e-06 8.194480278809771005e-06
2.800000000000000266e-01 1.001366665140501100e+00 1.429298720163237058e-03 6.167760978729874058e-06 9.127572928984998223e-06
2.850000000000000311e-01 1.001478766597222014e+00 1.516381442460646486e-03 6.860303540638966839e-06 1.014745593399837482e-05
2.899999999999999800e-01 1.001596482465736404e+00 1.607429784590324196e-03 7.616578998122517703e-06 1.126045402118710194e-05
2.949999999999999845e-01 1.001719788220298835e+00 1.702577852794904395e-03 8.441210622946300504e-06 1.247322711135141200e-05
2.999999999999999889e-01 1.001848659555939935e+00 1.801963398627525479e-03 9.339071742051637101e-06 1.379278519135508009e-05
3.049999999999999933e-01 1.001983072385710605e+00 1.905727915587324996e-03 1.031529918320974510e-05 1.522650665096341105e-05
3.099999999999999978e-01 1.002123002837959964e+00 2.014017101030925704e-03 1.137528692489948097e-05 1.678212700082147660e-05
3.150000000000000022e-01 1.002268427253648841e+00 2.126980373188435552e-03 1.252471694365060502e-05 1.846778283014426940e-05
3.200000000000000067e-01 1.002419322183694117e+00 2.244771516581519320e-03 1.376955087181950060e-05 2.029199760388166024e-05
3.250000000000000111e-01 1.002575664386349930e+00 2.367548426938741873e-03 1.511605010088120801e-05 2.226370924194236728e-05
3.300000000000000155e-01 1.002737430824617970e+00 2.495473557509248624e-03 1.657078140173983796e-05 2.439227642417251545e-05
3.350000000000000200e-01 1.002904598663692415e+00 2.628713760784252406e-03 1.814062418744879043e-05 2.668748704981774064e-05
3.400000000000000244e-01 1.003077145268434833e+00 2.767440269918130732e-03 1.983279384987698415e-05 2.915959046338861545e-05
3.450000000000000289e-01 1.003255048200880628e+00 2.911829131907490899e-03 2.165483409458414523e-05 3.181928349999392199e-05
3.500000000000000333e-01 1.003438285217776782e+00 3.062061539429900957e-03 2.361464061690464811e-05 3.467774323133477352e-05
3.549999999999999822e-01 1.003626834268148693e+00 3.218323093546429647e-03 2.572047289594531767e-05 3.774664127333541202e-05
3.599999999999999867e-01 1.003820673490896542e+00 3.380804581403377106e-03 2.798095006968152640e-05 4.103813511159496965e-05
3.649999999999999911e-01 1.004019781212422524e+00 3.549702151117651878e-03 3.040508349606680540e-05 4.456491331840120248e-05
3.699999999999999956e-01 1.004224135944284502e+00 3.725217146090911355e-03 3.300227324238242868e-05 4.834018698836228182e-05
3.750000000000000000e-01 1.004433716380879638e+00 3.907556111813456461e-03 3.578231830955236526e-05 5.237770170975358672e-05
3.800000000000000044e-01 1.004648501397155336e+00 4.096931360119571153e-03 3.875544704775181465e-05 5.669177901606779567e-05
3.850000000000000089e-01 1.004868470046347273e+00 4.293561305495797488e-03 4.193230759511761447e-05 6.129729900687498428e-05
3.900000000000000133e-01 1.005093601557745631e+00 4.497669356441167526e-03 4.532399501773098276e-05 6.620973623911163017e-05
3.950000000000000178e-01 1.005323875334485528e+00 4.709485071518876124e-03 4.894204781160030738e-05 7.144515097212670468e-05
4.000000000000000222e-01 1.005559270951367434e+00 4.929244783681831395e-03 5.279849407069738438e-05 7.702025337009898109e-05
4.050000000000000266e-01 1.005799768152698448e+00 5.157189937926638656e-03 5.690580434271718508e-05 8.295232920545713969e-05
4.100000000000000311e-01 1.006045346850164002e+00 5.393569702615666137e-03 6.127698397063618583e-05 8.925937259686246897e-05
4.150000000000000355e-01 1.006295987120720881e+00 5.638638559331820080e-03 6.592552499434705727e-05 9.596000925443282808e-05
4.199999999999999845e-01 1.006551669204517108e+00 5.892658317324484668e-03 7.086542579726735186e-05 1.030735219571819240e-04
4.249999999999999889e-01 1.006812373502834479e+00 6.155897136551337530e-03 7.611124568613626110e-05 1.106199249027470612e-04
4.299999999999999933e-01 1.007078080576055967e+00 6.428631139286417225e-03 8.167806842340444740e-05 1.186199062370827149e-04
4.349999999999999978e-01 1.007348771141657329e+00 6.711142698939291662e-03 8.758156988389274845e-05 1.270949206188659846e-04
4.400000000000000022e-01 1.007624426072219359e+00 7.003721638356156208e-03 9.383797750651566225e-05 1.360671257153169239e-04
4.450000000000000067e-01 1.007905026393466796e+00 7.306665600312956844e-03 1.004641064011522312e-04 1.455594276514623857e-04
4.500000000000000111e-01 1.008190553282325652e+00 7.620279472943263313e-03 1.074774109762673282e-04 1.555955534824947166e-04
4.550000000000000155e-01 1.008480988065006079e+00 7.944876394042624940e-03 1.148959400935937271e-04 1.661999763211362269e-04
4.600000000000000200e-01 1.008776312215104998e+00 8.280777161705724781e-03 1.227384026042411267e-04 1.773980073900545222e-04
4.650000000000000244e-01 1.009076507351731156e+00 8.628311248932700461e-03 1.310241296237411954e-04 1.892157332396047316e-04
4.700000000000000289e-01 1.009381555237651273e+00 8.987816004177889839e-03 1.397731447095071724e-04 2.016801107801317384e-04
4.750000000000000333e-01 1.009691437777457068e+00 9.359636844350802121e-03 1.490061821626827545e-04 2.148189896716465840e-04
4.799999999999999822e-01 1.010006137015752481e+00 9.744130186815806033e-03 1.587446169096001422e-04 2.286609984508313680e-04
4.849999999999999867e-01 1.010325635135361333e+00 1.014165863573192154e-02 1.690105956362002572e-04 2.432357320643761985e-04
4.899999999999999911e-01 1.010649914455556075e+00 1.055259540485286099e-02 1.798270007557455617e-04 2.585736909684355775e-04
4.949999999999999956e-01 1.010978957430304748e+00 1.097732282484589067e-02 1.912174283075616541e-04 2.747062390897467483e-04
5.000000000000000000e-01 1.011312746646537475e+00 1.141623319505867019e-02 2.032063098570662668e-04 2.916657746917868826e-04
5.050000000000000044e-01 1.011651264822433394e+00 1.186972775033267279e-02 2.158188256664359916e-04 3.094855947600649512e-04
5.100000000000000089e-01 1.011994494805724676e+00 1.233821831853675749e-02 2.290809223889243233e-04 3.281999107591149277e-04
5.150000000000000133e-01 1.012342419572020980e+00 1.282212775138272254e-02 2.430194733042321501e-04 3.478440749241936249e-04
5.200000000000000178e-01 1.012695022223150554e+00 1.332188702983402341e-02 2.576621201167810784e-04 3.684543391430688728e-04
5.250000000000000222e-01 1.013052285985520662e+00 1.383794064082497464e-02 2.730374370444406309e-04 3.900680853434346641e-04
5.300000000000000266e-01 1.013414194208494434e+00 1.437074246078770198e-02 2.891747975464935890e-04 4.127236175581266921e-04
5.350000000000000311e-01 1.013780730362787486e+00 1.492075696745395579e-02 3.061045941457883634e-04 4.364604780885974165e-04
5.400000000000000355e-01 1.014151878038878962e+00 1.548846136800984333e-02 3.238579647678517482e-04 4.613190281816056688e-04
5.450000000000000400e-01 1.014527620945441466e+00 1.607434433114521624e-02 3.424671997345493202e-04 4.873410427645387313e-04
5.500000000000000444e-01 1.014907942907788518e+00 1.667890560251282517e-02 3.619654616988777053e-04 5.145692765132726595e-04
5.550000000000000488e-01 1.015292827866336012e+00 1.730265801400912573e-02 3.823868415016960375e-04 5.430475467015620115e-04
5.600000000000000533e-01 1.015682259875082316e+00 1.794612637902031835e-02 4.037665200792340289e-04 5.728209447526130902e-04
5.650000000000000577e-01 1.016076223100103704e+00 1.860984942362350555e-02 4.261406496162161079e-04 6.039356632918183856e-04
5.700000000000000622e-01 1.016474701818065096e+00 1.929437783226430406e-02 4.495464725065897852e-04 6.364391409192300978e-04
5.750000000000000666e-01 1.016877680414747243e+00 2.000027416899367166e-02 4.740223996461104716e-04 6.703801794680218666e-04
5.799999999999999600e-01 1.017285143383589441e+00 2.072811711435382578e-02 4.996077738081358428e-04 7.058085683328426362e-04
5.849999999999999645e-01 1.017697075324246692e+00 2.147849976858727528e-02 5.263430336366958307e-04 7.427753270857133210e-04
5.899999999999999689e-01 1.018113460941162618e+00 2.225202717099373367e-02 5.542699773325336166e-04 7.813330576090819421e-04
5.949999999999999734e-01 1.018534285042156151e+00 2.304931877148803585e-02 5.834314456017330617e-04 8.215354766784462547e-04
5.999999999999999778e-01 1.018959532537025314e+00 2.387101101625225402e-02 6.138713352293619476e-04 8.634374249151993740e-04
6.049999999999999822e-01 1.019389188436160998e+00 2.471775472707630344e-02 6.456351096445693376e-04 9.070955755651699754e-04
6.099999999999999867e-01 1.019823237849180497e+00 2.559021527872691604e-02 6.787689586723828555e-04 9.525672204591106862e-04
6.149999999999999911e-01 1.020261665983570154e+00 2.648907492280835885e-02 7.133209587661486478e-04 9.999119217748953740e-04
6.199999999999999956e-01 1.020704458143344873e+00 2.741503294769980989e-02 7.493398137779005508e-04 1.049189659750089263e-03
6.250000000000000000e-01 1.021151599727719406e+00 2.836880225209178694e-02 7.868761915573558533e-04 1.100462792696116398e-03
6.300000000000000044e-01 1.021603076229795626e+00 2.935111606156662334e-02 8.259816858649896313e-04 1.153794475431702124e-03
6.350000000000000089e-01 1.022058873235258902e+00 3.036272124707031436e-02 8.667093810894715153e-04 1.209249512212542694e-03
6.400000000000000133e-01 1.022518976421092685e+00 3.140438838571381341e-02 9.091135934821838833e-04 1.266893930129951414e-03
6.450000000000000178e-01 1.022983371554301524e+00 3.247690000570158803e-02 9.532504869502791403e-04 1.326795862959558817e-03
6.500000000000000222e-01 1.023452044490649859e+00 3.358105901322121223e-02 9.991772183905679641e-04 1.389024290365309475e-03
6.550000000000000266e-01 1.023924981173411908e+00 3.471769037636027871e-02 1.046952703837040598e-03 1.453650136546718718e-03
6.600000000000000311e-01 1.024402167632133542e+00 3.588763104490913514e-02 1.096637362151497075e-03 1.520745852608510048e-03
6.650000000000000355e-01 1.024883589981409493e+00 3.709174500115285100e-02 1.148292970388795770e-03 1.590385229534110835e-03
6.700000000000000400e-01 1.025369234419667430e+00 3.833091664886199845e-02 1.201983183182063486e-03 1.662644064385159761e-03
6.750000000000000444e-01 1.025859087227968924e+00 3.960604238934965771e-02 1.257772725888460768e-03 1.737599038363613546e-03
6.800000000000000488e-01 1.026353134768820174e+00 4.091805071713690289e-02 1.315728620745965430e-03 1.815329419192355598e-03
6.850000000000000533e-01 1.026851363484993174e+00 4.226788224191142807e-02 1.375919192126851725e-03 1.895915597865636742e-03
6.900000000000000577e-01 1.027353759898360641e+00 4.365650630061861104e-02 1.438414245481300490e-03 1.979439387667568558e-03
6.950000000000000622e-01 1.027860310608740946e+00 4.508491091182342120e-02 1.503285834552096955e-03 2.065985011845209059e-03
7.000000000000000666e-01 1.028371002292754355e+00 4.655410629457665955e-02 1.570607387854590364e-03 2.155637854089635565e-03
7.049999999999999600e-01 1.028885821702690384e+00 4.806513307954701081e-02 1.640454286467090891e-03 2.248485353536597720e-03
7.099999999999999645e-01 1.029404755665387139e+00 4.961904564457750300e-02 1.712903916342564323e-03 2.344616872737068699e-03
7.149999999999999689e-01 1.029927791081118427e+00 5.121693224940489231e-02 1.788034686624963895e-03 2.444122424703416927e-03
7.199999999999999734e-01 1.030454914922495746e+00 5.285989819032541059e-02 1.865928306651647639e-03 2.547095860790023550e-03
7.249999999999999778e-01 1.030986114233377604e+00 5.454908265642825077e-02 1.946667595105718192e-03 2.653631619239091039e-03
7.299999999999999822e-01 1.031521376127789047e+00 5.628564192035612895e-02 2.030336624825173578e-03 2.763825063714587995e-03
7.349999999999999867e-01 1.032060687788854958e+00 5.807076793511815188e-02 2.117022749825977004e-03 2.877775194933444337e-03
7.399999999999999911e-01 1.032604036467738684e+00 5.990567293672469790e-02 2.206815367153694592e-03 2.995582972284518627e-03
7.449999999999999956e-01 1.033151409482594651e+00 6.179159982932481282e-02 2.299804554279364505e-03 3.117349250228508215e-03
7.500000000000000000e-01 1.033702794217528753e+00 6.372982038427957296e-02 2.396083837379846260e-03 3.243178768091152953e-03
7.550000000000000044e-01 1.034258178121568061e+00 6.572163355904311888e-02 2.495748924598564702e-03 3.373178221074569355e-03
7.600000000000000089e-01 1.034817548707643198e+00 6.776837390264213445e-02 2.598896181595658494e-03 3.507454184097339063e-03
7.650000000000000133e-01 1.035380893551575587e+00 6.987140148033411935e-02 2.705626688170102972e-03 3.646118732291402272e-03
7.700000000000000178e-01 1.035948200291078702e+00 7.203210202095924886e-02 2.816041224886308390e-03 3.789282349179116331e-03
7.750000000000000222e-01 1.036519456624765523e+00 7.425190678649920550e-02 2.930244916166353537e-03 3.937060462001596740e-03
7.800000000000000266e-01 1.037094650311166655e+00 7.653226601527238215e-02 3.048344743732317192e-03 4.089569889435889019e-03
7.850000000000000311e-01 1.037673769167756666e+00 7.887466727234397623e-02 3.170448373787840713e-03 4.246927088913316981e-03
7.900000000000000355e-01 1.038256801069989743e+00 8.128064200008869311e-02 3.296669212955051498e-03 4.409255458299690678e-03
7.950000000000000400e-01 1.038843733950345127e+00 8.375174248923915321e-02 3.427119775657311556e-03 4.576675590800455967e-03
8.000000000000000444e-01 1.039434555797379867e+00 8.628955811834847223e-02 3.561917906171477646e-03 4.749314444208156509e-03
8.050000000000000488e-01 1.040029254654790458e+00 8.889572242980330052e-02 3.701181681989889043e-03 4.927297747842790919e-03
8.100000000000000533e-01 1.040627818620484257e+00 9.157189963195873361e-02 3.845034150236642783e-03 5.110756838376497718e-03
8.150000000000000577e-01 1.041230235845658436e+00 9.431979468741237549e-02 3.993599191069280643e-03 5.299822704412146708e-03
8.200000000000000622e-01 1.041836494533886492e+00 9.714114983409485871e-02 4.147003976448034208e-03 5.494629548774463378e-03
8.250000000000000666e-01 1.042446582940215416e+00 1.000377447865900410e-01 4.305379048401187375e-03 5.695314678135701171e-03
8.300000000000000711e-01 1.043060489370268407e+00 1.030114001348081815e-01 4.468857079768371286e-03 5.902016829398819102e-03
8.349999999999999645e-01 1.043678202179357140e+00 1.060639737021196322e-01 4.637573612704261328e-03 6.114877108438557946e-03
8.399999999999999689e-01 1.044299709771603135e+00 1.091973809901343601e-01 4.811668375229631069e-03 6.334040862401162618e-03
8.449999999999999734e-01 1.044925000599063569e+00 1.124135613655738997e-01 4.991282031737806490e-03 6.559653072236223438e-03
8.499999999999999778e-01 1.045554063160868408e+00 1.157145018373174489e-01 5.176560291132606927e-03 6.791864008925533810e-03
8.549999999999999822e-01 1.046186886002363758e+00 1.191022471294896357e-01 5.367650516369834764e-03 7.030824567799747078e-03
8.599999999999999867e-01 1.046823457714263217e+00 1.225788757825452407e-01 5.564703882834963825e-03 7.276688919265144814e-03
8.649999999999999911e-01 1.047463766931806317e+00 1.261465073565410933e-01 5.767874700644505179e-03 7.529614111736437389e-03
8.699999999999999956e-01 1.048107802333925420e+00 1.298073224455923713e-01 5.977321284948283568e-03 7.789760566499688912e-03
8.750000000000000000e-01 1.048755552642418598e+00 1.335635457558702610e-01 6.193203686523955295e-03 8.057289409686465773e-03
8.800000000000000044e-01 1.049407006621131844e+00 1.374174529406786971e-01 6.415686828220838571e-03 8.332366529123565180e-03
8.850000000000000089e-01 1.050062153075147497e+00 1.413713538501406575e-01 6.644938244829055006e-03 8.615159384192676642e-03
8.900000000000000133e-01 1.050720980849978670e+00 1.454276396216908351e-01 6.881129741801105502e-03 8.905839389453402283e-03
8.950000000000000178e-01 1.051383478830772988e+00 1.495887252940582279e-01 7.124435806784817048e-03 9.204579759392168131e-03
9.000000000000000222e-01 1.052049635941522787e+00 1.538571006191088719e-01 7.375034496527526490e-03 9.511555976635100579e-03
9.050000000000000266e-01 1.052719441144281065e+00 1.582352927850076418e-01 7.633110917518766067e-03 9.826951868609153790e-03
9.100000000000000311e-01 1.053392883438386107e+00 1.627259035216582217e-01 7.898847031957393836e-03 1.015094438472270710e-02
9.150000000000000355e-01 1.054069951859691656e+00 1.673315753510135895e-01 8.172435492549510322e-03 1.048372284374426977e-02
9.200000000000000400e-01 1.054750635479804632e+00 1.720550158075062341e-01 8.454071087594570988e-03 1.082547741441380017e-02
9.250000000000000444e-01 1.055434923405329073e+00 1.768990030873598129e-01 8.743948943318214859e-03 1.117639661064603711e-02
9.300000000000000488e-01 1.056122804777117841e+00 1.818663531222809993e-01 9.042273573644258808e-03 1.153667931177166685e-02
9.350000000000000533e-01 1.056814268769528553e+00 1.869599501109412698e-01 9.349247994834122832e-03 1.190652010245201765e-02
9.400000000000000577e-01 1.057509304589689725e+00 1.921827755625887535e-01 9.665086974813264648e-03 1.228612724473944831e-02
9.450000000000000622e-01 1.058207901476769797e+00 1.975378191677690520e-01 9.990001817315437641e-03 1.267570172927294167e-02
9.500000000000000666e-01 1.058910048701254603e+00 2.030281653809267728e-01 1.032421389743534007e-02 1.307545614348203274e-02
9.550000000000000711e-01 1.059615735564230832e+00 2.086569727760134718e-01 1.066794708531457886e-02 1.348560377861359252e-02
9.599999999999999645e-01 1.060324951396675930e+00 2.144274684039315926e-01 1.102142559589817765e-02 1.390635577757032629e-02
9.649999999999999689e-01 1.061037685558753330e+00 2.203429341459840207e-01 1.138488630463768692e-02 1.433793851551617808e-02
9.699999999999999734e-01 1.061753927439116119e+00 2.264067244976452620e-01 1.175856454791930107e-02 1.478057316016324202e-02
9.749999999999999778e-01 1.062473666454213594e+00 2.326222777606942738e-01 1.214270452804695061e-02 1.523449053811466551e-02
9.799999999999999822e-01 1.063196892047607145e+00 2.389930994563775335e-01 1.253755103008853330e-02 1.569991992260058589e-02
9.849999999999999867e-01 1.063923593689290348e+00 2.455227762703457717e-01 1.294335792517891520e-02 1.617709985612528559e-02
9.899999999999999911e-01 1.064653760875015509e+00 2.522149565575398378e-01 1.336038420841385507e-02 1.666627345012012054e-02
9.949999999999999956e-01 1.065387383125626419e+00 2.590733702136999161e-01 1.378888711688289713e-02 1.716767875457900910e-02
1.000000000000000000e+00 1.066124449986396217e+00 2.661018614498504298e-01 1.422914038280678056e-02 1.768157326515635772e-02
1.005000000000000115e+00 1.066864951026373021e+00 2.733041985123208506e-01 1.468144672043514981e-02 1.820825869282404960e-02
1.010000000000000009e+00 1.067608875837728233e+00 2.806844806735666054e-01 1.514605339140072740e-02 1.874794473518405502e-02
1.015000000000000124e+00 1.068356214035114826e+00 2.882467492416906363e-01 1.562324822481218206e-02 1.930089965825515855e-02
1.020000000000000018e+00 1.069106955255026969e+00 2.959951471843067505e-01 1.611331730272594007e-02 1.986738709282770757e-02
1.024999999999999911e+00 1.069861089155168976e+00 3.039339324623790972e-01 1.661655965631426979e-02 2.044768574054102797e-02
1.030000000000000027e+00 1.070618605413826918e+00 3.120674178298388779e-01 1.713327529250609216e-02 2.104207157462867003e-02
1.034999999999999920e+00 1.071379493729249344e+00 3.204000241854527697e-01 1.766377512035720992e-02 2.165083364118608814e-02
1.040000000000000036e+00 1.072143743819029771e+00 3.289362277642067789e-01 1.820836814116169600e-02 2.227425519921838112e-02
1.044999999999999929e+00 1.072911345419497398e+00 3.376806728689761838e-01 1.876737737027379255e-02 2.291263682233348961e-02
1.050000000000000044e+00 1.073682288285112474e+00 3.466380389027744480e-01 1.934112669693082223e-02 2.356627556254510536e-02
1.054999999999999938e+00 1.074456562187866782e+00 3.558131396831436533e-01 1.992995458049221999e-02 2.423548647738986775e-02
1.060000000000000053e+00 1.075234156916690775e+00 3.652108253353507639e-01 2.053419469840396180e-02 2.492057639135408786e-02
1.064999999999999947e+00 1.076015062276864054e+00 3.748361333326789002e-01 2.115419586714950562e-02 2.562186781028416918e-02
1.070000000000000062e+00 1.076799268089433603e+00 3.846941097180646141e-01 2.179031060094273331e-02 2.633968759514701552e-02
1.074999999999999956e+00 1.077586764190635593e+00 3.947900097053785862e-01 2.244290126114152628e-02 2.707437201633747237e-02
1.080000000000000071e+00 1.078377540431322945e+00 4.051290690835067099e-01 2.311233116638006929e-02 2.782625702031087458e-02
1.084999999999999964e+00 1.079171586676399119e+00 4.157167399600092406e-01 2.379897973440002479e-02 2.859569696269630493e-02
1.090000000000000080e+00 1.079968892804255898e+00 4.265585223281108673e-01 2.450322458567460657e-02 2.938304094819802967e-02
1.094999999999999973e+00 1.080769448706216718e+00 4.376600447104068703e-01 2.522545655181909416e-02 3.018865545370108885e-02
1.100000000000000089e+00 1.081573244285985780e+00 4.490270714873892954e-01 2.596607427412481531e-02 3.101291367170817131e-02
1.104999999999999982e+00 1.082380269459101152e+00 4.606654014200022851e-01 2.672548070174694812e-02 3.185619180180927074e-02
1.110000000000000098e+00 1.083190514152395201e+00 4.725810288802770320e-01 2.750408977206126801e-02 3.271888060001306581e-02
1.114999999999999991e+00 1.084003968303457022e+00 4.847800502197667227e-01 2.830232344298183253e-02 3.360137821659105184e-02
1.120000000000000107e+00 1.084820621860102863e+00 4.972686037373235113e-01 2.912060829409534451e-02 3.450408787114773307e-02
1.125000000000000000e+00 1.085640464779849657e+00 5.100530692235701880e-01 2.995938939432089484e-02 3.542743542828215991e-02
1.130000000000000115e+00 1.086463487029394992e+00 5.231398696725240161e-01 3.081909980418106113e-02 3.637182888706723405e-02
1.135000000000000009e+00 1.087289678584100638e+00 5.365355349821460118e-01 3.170021179690478419e-02 3.733772768055748648e-02
1.140000000000000124e+00 1.088119029427482509e+00 5.502467719678859615e-01 3.260317906870455196e-02 3.832556580927096862e-02
1.145000000000000018e+00 1.088951529550704622e+00 5.642803814364439896e-01 3.352847800085412278e-02 3.933580478096145028e-02
1.150000000000000133e+00 1.089787168952079055e+00 5.786432868940729612e-01 3.447658681468647457e-02 4.036890895031623044e-02
1.155000000000000027e+00 1.090625937636568565e+00 5.933425477172483697e-01 3.544800014694772516e-02 4.142536312243381286e-02
1.159999999999999920e+00 1.091467825615297427e+00 6.083853971457264809e-01 3.644322967479338149e-02 4.250567625854317910e-02
1.165000000000000036e+00 1.092312822905064262e+00 6.237790854169903421e-01 3.746276690052504493e-02 4.361032722984976157e-02
1.169999999999999929e+00 1.093160919527861763e+00 6.395311303251751678e-01 3.850715807666624246e-02 4.473987080262441934e-02
1.175000000000000044e+00 1.094012105510399513e+00 6.556490242430031978e-01 3.957691417779576198e-02 4.589481121038525152e-02
1.179999999999999938e+00 1.094866370883633921e+00 6.721405305490678606e-01 4.067258640031798378e-02 4.707571236301744122e-02
1.185000000000000053e+00 1.095723705682299487e+00 6.890135195167117477e-01 4.179473716864445104e-02 4.828314962774689356e-02
1.189999999999999947e+00 1.096584099944449830e+00 7.062759157295089851e-01 4.294390726640200107e-02 4.951767228469682730e-02
1.195000000000000062e+00 1.097447543710998508e+00 7.239358756263469807e-01 4.412069655934471729e-02 5.077990916775753510e-02
1.199999999999999956e+00 1.098314027025267592e+00 7.420015943023591243e-01 4.532567522414373412e-02 5.207045264971802562e-02
1.205000000000000071e+00 1.099183539932540254e+00 7.604815096111953165e-01 4.655944957086424058e-02 5.338994324524110047e-02
1.209999999999999964e+00 1.100056072479618674e+00 7.793841025433686509e-01 4.782262017556922901e-02 5.473902049468866438e-02
1.215000000000000080e+00 1.100931614714385054e+00 7.987180810239631334e-01 4.911582513282787554e-02 5.611837093861381937e-02
1.219999999999999973e+00 1.101810156685369746e+00 8.184921545991221681e-01 5.043967957262698171e-02 5.752866143074777949e-02
1.225000000000000089e+00 1.102691688441321372e+00 8.387153300799811140e-01 5.179483694113619363e-02 5.897061054569051330e-02
1.229999999999999982e+00 1.103576200030784493e+00 8.593966258787953949e-01 5.318196329762221730e-02 6.044495341230836372e-02
1.235000000000000098e+00 1.104463681501680172e+00 8.805452647121898568e-01 5.460171006096784657e-02 6.195241925051764992e-02
1.239999999999999991e+00 1.105354122900890967e+00 9.021705354527490561e-01 5.605478643939025563e-02 6.349381552657906713e-02
1.245000000000000107e+00 1.106247514273852595e+00 9.242819575440153201e-01 5.754187882613852334e-02 6.506992579554249367e-02
1.250000000000000000e+00 1.107143845664148030e+00 9.468890619579487522e-01 5.906369550958643494e-02 6.668156851580148148e-02
1.255000000000000115e+00 1.108043107113107384e+00 9.700016236893367338e-01 6.062095814090626839e-02 6.832959011091793711e-02
1.260000000000000009e+00 1.108945288659413109e+00 9.936295116189698406e-01 6.221442124243607708e-02 7.001488928982768645e-02
1.265000000000000124e+00 1.109850380338708309e+00 1.017782713533871952e+00 6.384483479954515539e-02 7.173836274390321677e-02
1.270000000000000018e+00 1.110758372183210829e+00 1.042471273113986463e+00 6.551296201642661798e-02 7.350094202982683511e-02
1.275000000000000133e+00 1.111669254221331116e+00 1.067705475668676574e+00 6.721958130697544553e-02 7.530358384083198076e-02
1.280000000000000027e+00 1.112583016477296738e+00 1.093495686869552674e+00 6.896550539005683045e-02 7.714730274331534077e-02
1.284999999999999920e+00 1.113499648970778022e+00 1.119852338156116955e+00 7.075153163443571869e-02 7.903310692789611291e-02
1.290000000000000036e+00 1.114419141716522343e+00 1.146786062497937353e+00 7.257850386112824070e-02 8.096208006813399027e-02
1.294999999999999929e+00 1.115341484723989307e+00 1.174307574216722383e+00 7.444726044960332800e-02 8.293530951359769088e-02
1.300000000000000044e+00 1.116266667996994588e+00 1.202427597145297566e+00 7.635866577902118701e-02 8.495393486861801957e-02
1.304999999999999938e+00 1.117194681533353773e+00 1.231157232490036391e+00 7.831360133019335534e-02 8.701913601914394725e-02
1.310000000000000053e+00 1.118125515324534858e+00 1.260507233512587311e+00 8.031295279998390546e-02 8.913211285354970259e-02
1.314999999999999947e+00 1.119059159355313193e+00 1.290488856912759053e+00 8.235764543162824025e-02 9.129413608795065860e-02
1.320000000000000062e+00 1.119995603603431533e+00 1.321113361812236597e+00 8.444859925856430805e-02 9.350649291496498927e-02
1.324999999999999956e+00 1.120934838039265857e+00 1.352391871513570543e+00 8.658676175514114226e-02 9.577052528174577473e-02
1.330000000000000071e+00 1.121876852625492305e+00 1.384335802385123104e+00 8.877309843503336517e-02 9.808762256081224318e-02
1.334999999999999964e+00 1.122821637316764765e+00 1.416956567639707121e+00 9.100860405508642836e-02 1.004592348262220158e-01
1.340000000000000080e+00 1.123769182059389804e+00 1.450265793307499385e+00 9.329425756141129789e-02 1.028868143284046993e-01
1.344999999999999973e+00 1.124719476791012696e+00 1.484274810669737654e+00 9.563110050770984305e-02 1.053719300342681742e-01
1.350000000000000089e+00 1.125672511440304557e+00 1.518995346064680119e+00 9.802017198866297409e-02 1.079161676344573551e-01
1.354999999999999982e+00 1.126628275926654377e+00 1.554439046458494067e+00 1.004625171404180117e-01 1.105211543683760900e-01
1.360000000000000098e+00 1.127586760159866808e+00 1.590617553575004228e+00 1.029592236708146563e-01 1.131886045041067684e-01
1.364999999999999991e+00 1.128547954039863965e+00 1.627542504098113740e+00 1.055113866829877900e-01 1.159202750206171362e-01
1.370000000000000107e+00 1.129511847456391438e+00 1.665225615618532551e+00 1.081201213816754964e-01 1.187179818301402207e-01
1.375000000000000000e+00 1.130478430288730518e+00 1.703678595904445592e+00 1.107865876904619434e-01 1.215836387916016670e-01
1.380000000000000115e+00 1.131447692405412875e+00 1.742913100412058824e+00 1.135119153167556127e-01 1.245191537992462044e-01
1.385000000000000009e+00 1.132419623663941444e+00 1.782940856733788548e+00 1.162973053721421818e-01 1.275265730935626618e-01
1.390000000000000124e+00 1.133394213910515980e+00 1.823773370953870376e+00 1.191439533322466299e-01 1.306079710912854963e-01
1.395000000000000018e+00 1.134371452979762385e+00 1.865422361759785597e+00 1.220530893486201224e-01 1.337655266487513817e-01
1.400000000000000133e+00 1.135351330694467364e+00 1.907899326304925758e+00 1.250259381078251963e-01 1.370014372652125501e-01
1.405000000000000027e+00 1.136333836865317526e+00 1.951215563607789250e+00 1.280637845595273272e-01 1.403180419046201055e-01
1.409999999999999920e+00 1.137318961290643582e+00 1.995382452819220553e+00 1.311679233965516722e-01 1.437177315607865713e-01
1.415000000000000036e+00 1.138306693756168331e+00 2.040411414950272118e+00 1.343396723985889607e-01 1.472029879570004307e-01
1.419999999999999929e+00 1.139297024034760630e+00 2.086313298591365051e+00 1.375803107524417590e-01 1.507762965221011442e-01
1.425000000000000044e+00 1.140289941886192482e+00 2.133099242942972484e+00 1.408912569928885694e-01 1.544403729955652060e-01
1.429999999999999938e+00 1.141285437056903218e+00 2.180780001399724277e+00 1.442738646750234555e-01 1.581979170631981346e-01
1.435000000000000053e+00 1.142283499279765024e+00 2.229366098786325967e+00 1.477295673116407471e-01 1.620517904092628469e-01
1.439999999999999947e+00 1.143284118273856675e+00 2.278868085802913779e+00 1.512597355313506919e-01 1.660048291236573825e-01
1.445000000000000062e+00 1.144287283744239936e+00 2.329296362072121873e+00 1.548658502182590213e-01 1.700600919382565523e-01
1.449999999999999956e+00 1.145292985381740625e+00 2.380660404671601338e+00 1.585493815402210516e-01 1.742206781067227872e-01
1.455000000000000071e+00 1.146301212862736563e+00 2.432970405779261380e+00 1.623118296162556762e-01 1.784898041309380123e-01
1.459999999999999964e+00 1.147311955848947074e+00 2.486235416714226876e+00 1.661547108874242562e-01 1.828707840540751695e-01
1.465000000000000080e+00 1.148325203987230259e+00 2.540464988645033895e+00 1.700795725526762781e-01 1.873670374419675044e-01
1.469999999999999973e+00 1.149340946909383598e+00 2.595667398479938104e+00 1.740879753172759892e-01 1.919820880295602106e-01
1.475000000000000089e+00 1.150359174231948334e+00 2.651851598278501587e+00 1.781815450299957526e-01 1.967196205334517667e-01
1.479999999999999982e+00 1.151379875556021837e+00 2.709025468709354456e+00 1.823618281594124035e-01 2.015833022503197014e-01
1.485000000000000098e+00 1.152403040467071982e+00 2.767196457641799778e+00 1.866305558379636187e-01 2.065771176779234442e-01
1.489999999999999991e+00 1.153428658534756623e+00 2.826372246521189791e+00 1.909892934360729322e-01 2.117049298898707743e-01
1.495000000000000107e+00 1.154456719312749513e+00 2.886559107420616055e+00 1.954398160447603505e-01 2.169709638556696074e-01
1.500000000000000000e+00 1.155487212338569769e+00 2.947763907672530603e+00 1.999837678667484020e-01 2.223793678389767159e-01
1.505000000000000115e+00 1.156520127133416675e+00 3.009992292822712745e+00 2.046229081420247176e-01 2.279345212676055221e-01
1.510000000000000009e+00 1.157555453202008700e+00 3.073249405768899045e+00 2.093590205466403509e-01 2.336409555405625504e-01
1.515000000000000124e+00 1.158593180032429393e+00 3.137540054500546738e+00 2.141938454560761984e-01 2.395032176169656357e-01
1.520000000000000018e+00 1.159633297095975069e+00 3.202868216646912902e+00 2.191292104734463564e-01 2.455260872657508697e-01
1.525000000000000133e+00 1.160675793847010029e+00 3.269237799097025832e+00 2.241669744916382767e-01 2.517144821773162344e-01
1.530000000000000027e+00 1.161720659722826676e+00 3.336651616758969485e+00 2.293089392483196320e-01 2.580733498321804431e-01
1.535000000000000142e+00 1.162767884143507846e+00 3.405111660020800457e+00 2.345569648014502462e-01 2.646078119642777393e-01
1.540000000000000036e+00 1.163817456511797577e+00 3.474619574784847842e+00 2.399130080509628837e-01 2.713232333049006018e-01
1.544999999999999929e+00 1.164869366212974766e+00 3.545176288329490166e+00 2.453789358031667756e-01 2.782249726083214081e-01
1.550000000000000044e+00 1.165923602614732379e+00 3.616781743206661126e+00 2.509567099257569156e-01 2.853186128826974977e-01
1.554999999999999938e+00 1.166980155067061542e+00 3.689435530895162518e+00 2.566482777195328580e-01 2.926098422907197905e-01
1.560000000000000053e+00 1.168039012902141183e+00 3.763135729005478769e+00 2.624556379068448408e-01 3.001045127913641308e-01
1.564999999999999947e+00 1.169100165434231231e+00 3.837880009177213836e+00 2.683807350006827686e-01 3.078085280181210304e-01
1.570000000000000062e+00 1.170163601959574473e+00 3.913665696407846895e+00 2.744256949967690540e-01 3.157281581437654805e-01
1.574999999999999956e+00 1.171229311756297298e+00 3.990488228011297434e+00 2.805924530858432964e-01 3.238695078432076713e-01
1.580000000000000071e+00 1.172297284084322211e+00 4.068342833597581532e+00 2.868831326729537334e-01 3.322390676801719178e-01
1.584999999999999964e+00 1.173367508185281460e+00 4.147223785290276687e+00 2.932997906066195370e-01 3.408433394556472096e-01
1.590000000000000080e+00 1.174439973282435989e+00 4.227124120494557324e+00 2.998444972319743718e-01 3.496889765837213893e-01
1.594999999999999973e+00 1.175514668580601496e+00 4.308036126965688162e+00 3.065193838075671029e-01 3.587828072957858772e-01
1.600000000000000089e+00 1.176591583266077601e+00 4.389950978530658965e+00 3.133265525893612624e-01 3.681317481898284671e-01
1.604999999999999982e+00 1.177670706506583453e+00 4.472859194088911750e+00 3.202682124387953300e-01 3.777429663936722748e-01
1.610000000000000098e+00 1.178752027451198003e+00 4.556749597948863695e+00 3.273464448711735364e-01 3.876235688171343896e-01
1.614999999999999991e+00 1.179835535230304933e+00 4.641611214054101708e+00 3.345634977049752878e-01 3.977810010914353267e-01
1.620000000000000107e+00 1.180921218955544472e+00 4.727430195530630819e+00 3.419214698224503080e-01 4.082226011834019230e-01
1.625000000000000000e+00 1.182009067719768769e+00 4.814193271666384000e+00 3.494225822911130042e-01 4.189560043995817495e-01
1.630000000000000115e+00 1.183099070597002811e+00 4.901885794910584515e+00 3.570691121425892955e-01 4.299889893571128829e-01
1.635000000000000009e+00 1.184191216642411337e+00 4.990490921187682005e+00 3.648631924400898008e-01 4.413292839426162795e-01
1.640000000000000124e+00 1.185285494892271307e+00 5.079992887371924226e+00 3.728071369501919641e-01 4.529849171699280030e-01
1.645000000000000018e+00 1.186381894363947032e+00 5.170372862685018056e+00 3.809030986050750411e-01 4.649638147397216481e-01
1.650000000000000133e+00 1.187480404055874628e+00 5.261612064696492119e+00 3.891533934742717471e-01 4.772742216477660615e-01
1.655000000000000027e+00 1.188581012947548476e+00 5.353690069794724948e+00 3.975602440253881431e-01 4.899243309879525721e-01
1.660000000000000142e+00 1.189683709999514560e+00 5.446585960266193460e+00 4.061259367160566791e-01 5.029225173551384875e-01
1.665000000000000036e+00 1.190788484153369131e+00 5.540279045459176821e+00 4.148527159537302444e-01 5.162771002188559777e-01
1.669999999999999929e+00 1.191895324331762041e+00 5.634742999437937883e+00 4.237428611020166436e-01 5.299966964383771018e-01
1.675000000000000044e+00 1.193004219438406732e+00 5.729955341699636051e+00 4.327987299380395281e-01 5.440899385450228554e-01
1.679999999999999938e+00 1.194115158358093565e+00 5.825890328555272113e+00 4.420225149834124956e-01 5.585653455250750854e-01
1.685000000000000053e+00 1.195228129956711127e+00 5.922522514288139917e+00 4.514165386131792634e-01 5.734316791156841564e-01
1.689999999999999947e+00 1.196343123081270665e+00 6.019824154049219445e+00 4.609830931266859499e-01 5.886976994899898452e-01
1.695000000000000062e+00 1.197460126559938276e+00 6.117767860425264992e+00 4.707245039853718560e-01 6.043722573565103451e-01
1.699999999999999956e+00 1.198579129202069993e+00 6.216325066340470329e+00 4.806430902212445733e-01 6.204642447586959930e-01
1.705000000000000071e+00 1.199700119798254416e+00 6.315465463945010960e+00 4.907410505083640295e-01 6.369824051316446134e-01
1.709999999999999964e+00 1.200823087120360011e+00 6.415158875464926247e+00 5.010207583807511078e-01 6.539357593706788263e-01
1.715000000000000080e+00 1.201948019921588173e+00 6.515374508218187977e+00 5.114844829985527586e-01 6.713331807169115040e-01
1.719999999999999973e+00 1.203074906936531852e+00 6.616080400613829404e+00 5.221345960343558579e-01 6.891837183097088149e-01
1.725000000000000089e+00 1.204203736881238829e+00 6.717244058459532319e+00 5.329733088385724127e-01 7.074961887848546516e-01
1.729999999999999982e+00 1.205334498453282777e+00 6.818832110934303081e+00 5.440029305778352198e-01 7.262795422912144971e-01
1.735000000000000098e+00 1.206467180331836975e+00 6.920811318606322260e+00 5.552258981951060379e-01 7.455428836678390514e-01
1.739999999999999991e+00 1.207601771177756689e+00 7.023147257070865734e+00 5.666443000994401125e-01 7.652948178704761517e-01
1.745000000000000107e+00 1.208738259633664436e+00 7.125805942344471511e+00 5.782605773727075293e-01 7.855444125833194180e-01
1.750000000000000000e+00 1.209876634324042799e+00 7.228752209700475717e+00 5.900770403620082538e-01 8.063005128246883979e-01
1.755000000000000115e+00 1.211016883855332349e+00 7.331950474345840796e+00 6.020958844051101932e-01 8.275717574344187977e-01
1.760000000000000009e+00 1.212158996816034451e+00 7.435366249821795392e+00 6.143194492096416548e-01 8.493669297357262504e-01
1.765000000000000124e+00 1.213302961776821398e+00 7.538963648774227089e+00 6.267499288422428982e-01 8.716945442551828904e-01
1.770000000000000018e+00 1.214448767290650766e+00 7.642706257291441929e+00 6.393898510489888221e-01 8.945635366591669912e-01
1.775000000000000133e+00 1.215596401892885980e+00 7.746559195491528271e+00 6.522413295984736958e-01 9.179821524042645065e-01
1.780000000000000027e+00 1.216745854101423552e+00 7.850486727744233839e+00 6.653066775707777714e-01 9.419588394565865386e-01
1.785000000000000142e+00 1.217897112416823635e+00 7.954453225613534961e+00 6.785883428005340390e-01 9.665021708586380988e-01
1.790000000000000036e+00 1.219050165322449919e+00 8.058423544178332065e+00 6.920884145096259932e-01 9.916200617117728600e-01
1.794999999999999929e+00 1.220205001284612623e+00 8.162361983068706195e+00 7.058092053861647619e-01 1.017320671503065155e+00
1.800000000000000044e+00 1.221361608752716377e+00 8.266234265789229596e+00 7.197531905832914578e-01 1.043612280207558918e+00
1.804999999999999938e+00 1.222519976159418986e+00 8.370005928850130061e+00 7.339224576327267879e-01 1.070502457345403613e+00
1.810000000000000053e+00 1.223680091920789526e+00 8.473643585675564083e+00 7.483195013231564996e-01 1.097999271039262537e+00
1.814999999999999947e+00 1.224841944436477315e+00 8.577113015691187670e+00 7.629465217157876955e-01 1.126110204500236689e+00
1.820000000000000062e+00 1.226005522089884225e+00 8.680382388676417094e+00 7.778059158983708921e-01 1.154842900289540841e+00
1.824999999999999956e+00 1.227170813248343206e+00 8.783418903700860980e+00 7.929000365008201934e-01 1.184204786428741052e+00
1.830000000000000071e+00 1.228337806263303689e+00 8.886191420088371373e+00 8.082310180866935090e-01 1.214202808456864791e+00
1.834999999999999964e+00 1.229506489470522324e+00 8.988670400235422520e+00 8.238014197323498822e-01 1.244844395890196243e+00
1.840000000000000080e+00 1.230676851190258825e+00 9.090825258339194193e+00 8.396136315081547119e-01 1.276136588448608666e+00
1.844999999999999973e+00 1.231848879727479362e+00 9.192628452693780261e+00 8.556698520873922131e-01 1.308085931312794603e+00
1.850000000000000089e+00 1.233022563372064173e+00 9.294051248903361540e+00 8.719725014344895664e-01 1.340699189692623916e+00
1.854999999999999982e+00 1.234197890399023168e+00 9.395067105830323229e+00 8.885240467529210706e-01 1.373982986751243418e+00
1.860000000000000098e+00 1.235374849068715752e+00 9.495652055759066457e+00 9.053268946679950968e-01 1.407943692577083850e+00
1.864999999999999991e+00 1.236553427627077095e+00 9.595780597981272919e+00 9.223833756837989117e-01 1.442587409270851273e+00
1.870000000000000107e+00 1.237733614305851271e+00 9.695429493200348858e+00 9.396961770972698247e-01 1.477920617183339891e+00
1.875000000000000000e+00 1.238915397322829737e+00 9.794577870234634887e+00 9.572676099293476737e-01 1.513948979888843915e+00
1.880000000000000115e+00 1.240098764882095139e+00 9.893203772951521202e+00 9.751000782565650837e-01 1.550678194965183776e+00
1.885000000000000009e+00 1.241283705174272667e+00 9.991289792255333424e+00 9.931962689743637496e-01 1.588114196063551198e+00
1.890000000000000124e+00 1.242470206376787178e+00 1.008881697774842934e+01 1.011558796272976180e+00 1.626262613930119727e+00
1.895000000000000018e+00 1.243658256654124994e+00 1.018576872035911940e+01 1.030189914395949646e+00 1.665128385894335095e+00
1.900000000000000133e+00 1.244847844158103012e+00 1.028213147453463527e+01 1.049092692478986510e+00 1.704717500463706070e+00
1.905000000000000027e+00 1.246038957028144711e+00 1.037788992913665531e+01 1.068269233553172715e+00 1.745034280769334867e+00
1.910000000000000142e+00 1.247231583391559262e+00 1.047303295802849910e+01 1.087722684384761829e+00 1.786084521895384913e+00
1.915000000000000036e+00 1.248425711363831514e+00 1.056754913847501953e+01 1.107455399525831607e+00 1.827872630976249191e+00
1.919999999999999929e+00 1.249621329048912655e+00 1.066143099438690811e+01 1.127470329158947404e+00 1.870403675923148601e+00
1.925000000000000044e+00 1.250818424539521745e+00 1.075466873624009878e+01 1.147770174633481188e+00 1.913682351049641461e+00
1.929999999999999938e+00 1.252016985917450365e+00 1.084725796386114638e+01 1.168357664304340293e+00 1.957713058634045433e+00
1.935000000000000053e+00 1.253217001253874363e+00 1.093919319014000990e+01 1.189235798777962927e+00 2.002500609546809418e+00
1.939999999999999947e+00 1.254418458609672937e+00 1.103047046482387472e+01 1.210407296389328202e+00 2.048049143406840855e+00
1.945000000000000062e+00 1.255621346035752151e+00 1.112109010968055856e+01 1.231875056112547551e+00 2.094362942565302532e+00
1.949999999999999956e+00 1.256825651573374891e+00 1.121105036007353739e+01 1.253642339315212073e+00 2.141446758243819026e+00
1.955000000000000071e+00 1.258031363254499713e+00 1.130035263750942498e+01 1.275711752072694605e+00 2.189304136260085798e+00
1.959999999999999964e+00 1.259238469102119673e+00 1.138899992516552828e+01 1.298086756326413571e+00 2.237939895358004527e+00
1.965000000000000080e+00 1.260446957130616275e+00 1.147699538841434830e+01 1.320769996906744348e+00 2.287357386123606950e+00
1.969999999999999973e+00 1.261656815346111182e+00 1.156434630718909418e+01 1.343764946850615871e+00 2.337561154102429040e+00
1.975000000000000089e+00 1.262868031746829489e+00 1.165105848054644611e+01 1.367074689885362959e+00 2.388555018385351669e+00
1.979999999999999982e+00 1.264080594323466533e+00 1.173713943547803495e+01 1.390702556073370566e+00 2.440343161009723261e+00
1.985000000000000098e+00 1.265294491059563597e+00 1.182259989231141439e+01 1.414651674275568149e+00 2.492929197826805776e+00
1.989999999999999991e+00 1.266509709931886274e+00 1.190745065488314225e+01 1.438925506883967920e+00 2.546317269351241919e+00
1.995000000000000107e+00 1.267726238910813485e+00 1.199170250905720714e+01 1.463527203504289220e+00 2.600510932570123224e+00
2.000000000000000000e+00 1.268944065960727619e+00 1.207536945461668232e+01 1.488460572816744598e+00 2.655514735405383853e+00
2.004999999999999893e+00 1.270163179040415979e+00 1.215846638784535827e+01 1.513728765371081808e+00 2.711331972896056541e+00
2.010000000000000231e+00 1.271383566103475360e+00 1.224100784054075142e+01 1.539335309598141244e+00 2.767966689106032607e+00
2.015000000000000124e+00 1.272605215098723486e+00 1.232301169674440899e+01 1.565284022780042639e+00 2.825423002364515490e+00
2.020000000000000018e+00 1.273828113970618237e+00 1.240449469520357972e+01 1.591578392910684370e+00 2.883704845601686273e+00
2.024999999999999911e+00 1.275052250659680864e+00 1.248547584489616824e+01 1.618222172844065998e+00 2.942816172015364273e+00
2.030000000000000249e+00 1.276277613102927866e+00 1.256597491389218746e+01 1.645218808258623877e+00 3.002760530772624392e+00
2.035000000000000142e+00 1.277504189234306420e+00 1.264601205049398658e+01 1.672572360153174786e+00 3.063542581898059503e+00
2.040000000000000036e+00 1.278731966985139357e+00 1.272560943707316561e+01 1.700286612000895259e+00 3.125166218975278909e+00
2.044999999999999929e+00 1.279960934284574359e+00 1.280478945473796237e+01 1.728365573448995773e+00 3.187635799048494700e+00
2.049999999999999822e+00 1.281191079060038929e+00 1.288357407596263648e+01 1.756812729179110022e+00 3.250954864398440058e+00
2.055000000000000160e+00 1.282422389237703575e+00 1.296198835734540644e+01 1.785632466742473001e+00 3.315128372629057019e+00
2.060000000000000053e+00 1.283654852742951435e+00 1.304005627864109762e+01 1.814828585889700197e+00 3.380160158472767407e+00
2.064999999999999947e+00 1.284888457500850345e+00 1.311780382067187212e+01 1.844405419118562595e+00 3.446055157474376074e+00
2.069999999999999840e+00 1.286123191436637780e+00 1.319525567817260736e+01 1.874366688154297966e+00 3.512817151484860734e+00
2.075000000000000178e+00 1.287359042476205584e+00 1.327243919817053985e+01 1.904717041488523499e+00 3.580451470772414435e+00
2.080000000000000071e+00 1.288595998546594679e+00 1.334938070830305357e+01 1.935460165886532691e+00 3.648961900249034329e+00
2.084999999999999964e+00 1.289834047576496001e+00 1.342610740630142985e+01 1.966600805707177102e+00 3.718353994711340871e+00
2.089999999999999858e+00 1.291073177496757207e+00 1.350264785210062968e+01 1.998142798723384850e+00 3.788631622649309527e+00
2.095000000000000195e+00 1.292313376240894485e+00 1.357902959938950538e+01 2.030090828236922551e+00 3.859800381634885369e+00
2.100000000000000089e+00 1.293554631745612582e+00 1.365528280277937512e+01 2.062449296836922130e+00 3.931865194850511891e+00
2.104999999999999982e+00 1.294796931951329721e+00 1.373143471874225341e+01 2.095222554802702586e+00 4.004831006941386384e+00
2.109999999999999876e+00 1.296040264802710951e+00 1.380751539797263305e+01 2.128414908263049021e+00 4.078702732893483507e+00
2.115000000000000213e+00 1.297284618249205046e+00 1.388355413563260221e+01 2.162031318189061135e+00 4.153486415796048270e+00
2.120000000000000107e+00 1.298529980245588522e+00 1.395958009408108325e+01 2.196075714633649145e+00 4.229186341840882157e+00
2.125000000000000000e+00 1.299776338752518745e+00 1.403562440044814430e+01 2.230553258182578436e+00 4.305808932344111994e+00
2.129999999999999893e+00 1.301023681737088600e+00 1.411171637627576203e+01 2.265468410198131721e+00 4.383359458236392392e+00
2.135000000000000231e+00 1.302271997173391371e+00 1.418788580248074283e+01 2.300825748463602327e+00 4.461843467658497708e+00
2.140000000000000124e+00 1.303521273043090511e+00 1.426416387766983007e+01 2.336629929157969521e+00 4.541266612522325552e+00
2.145000000000000018e+00 1.304771497335994956e+00 1.434058014859022379e+01 2.372886048506819279e+00 4.621635425383670892e+00
2.149999999999999911e+00 1.306022658050641327e+00 1.441716423126956137e+01 2.409598383408193989e+00 4.702955080680540689e+00
2.155000000000000249e+00 1.307274743194883682e+00 1.449394800299960906e+01 2.446772235615568558e+00 4.785232435203445434e+00
2.160000000000000142e+00 1.308527740786487481e+00 1.457096128277589031e+01 2.484412006178336352e+00 4.868472962737670606e+00
2.165000000000000036e+00 1.309781638853730668e+00 1.464823359729217422e+01 2.522523016812591834e+00 4.952683813263426771e+00
2.169999999999999929e+00 1.311036425436011399e+00 1.472579538777881325e+01 2.561110244768124211e+00 5.037871460976410809e+00
2.175000000000000266e+00 1.312292088584462002e+00 1.480367721481261434e+01 2.600178273695443742e+00 5.124041838437711327e+00
2.180000000000000160e+00 1.313548616362568033e+00 1.488190806217738071e+01 2.639732132061725967e+00 5.211201761958803580e+00
2.185000000000000053e+00 1.314805996846795111e+00 1.496051868889778547e+01 2.679776996718208348e+00 5.299358276103531828e+00
2.189999999999999947e+00 1.316064218127219965e+00 1.503953744209124999e+01 2.720317928228471072e+00 5.388518043599427543e+00
2.194999999999999840e+00 1.317323268308171258e+00 1.511899533701404685e+01 2.761360279491078540e+00 5.478688915901448908e+00
2.200000000000000178e+00 1.318583135508872406e+00 1.519892009268014377e+01 2.802908273911041359e+00 5.569876294514282122e+00
2.205000000000000071e+00 1.319843807864092611e+00 1.527934084260770398e+01 2.844967686818305364e+00 5.662088433545199528e+00
2.209999999999999964e+00 1.321105273524805224e+00 1.536028726651734466e+01 2.887543944547717345e+00 5.755333221712308323e+00
2.214999999999999858e+00 1.322367520658849438e+00 1.544178790838766524e+01 2.930641464141025221e+00 5.849616670334452095e+00
2.220000000000000195e+00 1.323630537451601530e+00 1.552386969173143783e+01 2.974266118455866970e+00 5.944947492987972204e+00
2.225000000000000089e+00 1.324894312106648098e+00 1.560656183029142063e+01 3.018422480638250249e+00 6.041332220684505927e+00
2.229999999999999982e+00 1.326158832846469293e+00 1.568989199178764338e+01 3.063116545487945874e+00 6.138779652189067626e+00
2.234999999999999876e+00 1.327424087913126938e+00 1.577388624484479251e+01 3.108353375889632897e+00 6.237297604722185085e+00
2.240000000000000213e+00 1.328690065568957523e+00 1.585857294622010372e+01 3.154138077472072865e+00 6.336893295364869338e+00
2.245000000000000107e+00 1.329956754097271210e+00 1.594397845919585777e+01 3.200476291041182364e+00 6.437575324425302448e+00
2.250000000000000000e+00 1.331224141803060590e+00 1.603013009806172562e+01 3.247373259611599394e+00 6.539351819672163835e+00
2.254999999999999893e+00 1.332492217013710345e+00 1.611705242346705091e+01 3.294834099191488175e+00 6.642230455753520779e+00
2.260000000000000231e+00 1.333760968079716003e+00 1.620477262426980403e+01 3.342864610307592965e+00 6.746220125804960333e+00
2.265000000000000124e+00 1.335030383375409135e+00 1.629331549539811164e+01 3.391470059714838836e+00 6.851329212811338110e+00
2.270000000000000018e+00 1.336300451299685221e+00 1.638270594959586646e+01 3.440656249822260815e+00 6.957566688956900336e+00
2.274999999999999911e+00 1.337571160276742388e+00 1.647296999948217078e+01 3.490428001657297052e+00 7.064939938882137227e+00
2.280000000000000249e+00 1.338842498756821042e+00 1.656413069061791532e+01 3.540791722872848268e+00 7.173459500180486614e+00
2.285000000000000142e+00 1.340114455216953049e+00 1.665621293482599796e+01 3.591752209329780676e+00 7.283132491719933377e+00
2.290000000000000036e+00 1.341387018161716460e+00 1.674924024239285814e+01 3.643315495708720153e+00 7.393969220075460314e+00
2.294999999999999929e+00 1.342660176123993576e+00 1.684323605744603114e+01 3.695487463178642074e+00 7.505978669490673383e+00
2.300000000000000266e+00 1.343933917665737443e+00 1.693822406566641448e+01 3.748273100494381893e+00 7.619169125389792185e+00
2.305000000000000160e+00 1.345208231378743458e+00 1.703422552620258656e+01 3.801678343696225149e+00 7.733550327476466535e+00
2.310000000000000053e+00 1.346483105885426967e+00 1.713126441597826144e+01 3.855708727964132887e+00 7.849131089109588011e+00
2.314999999999999947e+00 1.347758529839606201e+00 1.722936141970846080e+01 3.910370273966322419e+00 7.965921480808069610e+00
2.319999999999999840e+00 1.349034491927291413e+00 1.732853943859154811e+01 3.965669186578912431e+00 8.083931977699293725e+00
2.325000000000000178e+00 1.350310980867478472e+00 1.742881946895349188e+01 4.021610375833465589e+00 8.203170497499481684e+00
2.330000000000000071e+00 1.351587985412951776e+00 1.753022214014663760e+01 4.078199928315743961e+00 8.323646975599109155e+00
2.334999999999999964e+00 1.352865494351088493e+00 1.763276910243477147e+01 4.135444125241455993e+00 8.445372403412941154e+00
2.339999999999999858e+00 1.354143496504671029e+00 1.773647988762178684e+01 4.193349091668601147e+00 8.568357004909255892e+00
2.345000000000000195e+00 1.355421980732705700e+00 1.784137433143917306e+01 4.251919774573935662e+00 8.692608721276732453e+00
2.350000000000000089e+00 1.356700935931243857e+00 1.794747185386364663e+01 4.311163057301201640e+00 8.818139766261063883e+00
2.354999999999999982e+00 1.357980351034212774e+00 1.805479366237849348e+01 4.371084597369593538e+00 8.944959262329584604e+00
2.359999999999999876e+00 1.359260215014249207e+00 1.816335764551596554e+01 4.431690601982058553e+00 9.073078001902228351e+00
2.365000000000000213e+00 1.360540516883539608e+00 1.827318364974392750e+01 4.492987371090938709e+00 9.202506525958941808e+00
2.370000000000000107e+00 1.361821245694665894e+00 1.838428803002109291e+01 4.554980542800175058e+00 9.333254862689463138e+00
2.375000000000000000e+00 1.363102390541456321e+00 1.849669156937618197e+01 4.617677136480998534e+00 9.465334996673179901e+00
2.379999999999999893e+00 1.364383940559842134e+00 1.861040999997547729e+01 4.681082683665880317e+00 9.598756051713785098e+00
2.385000000000000231e+00 1.365665884928720875e+00 1.872546812955499362e+01 4.745202808106516734e+00 9.733527405771589258e+00
2.390000000000000124e+00 1.366948212870820356e+00 1.884187259961165850e+01 4.810046160088196743e+00 9.869665282968769660e+00
2.395000000000000018e+00 1.368230913653576408e+00 1.895964649485155107e+01 4.875617619728178198e+00 1.000717704760247351e+01
2.399999999999999911e+00 1.369513976590007287e+00 1.907880500011390978e+01 4.941924819164077221e+00 1.014607639070644041e+01
2.405000000000000249e+00 1.370797391039600077e+00 1.919936584371665589e+01 5.008972912532946964e+00 1.028637204373522351e+01
2.410000000000000142e+00 1.372081146409197538e+00 1.932134596176793906e+01 5.076768955155796625e+00 1.042807615865817539e+01
2.415000000000000036e+00 1.373365232153893167e+00 1.944476071266617723e+01 5.145319991245533409e+00 1.057120097312645690e+01
2.419999999999999929e+00 1.374649637777930256e+00 1.956962799070181092e+01 5.214632547470129609e+00 1.071575770555371143e+01
2.425000000000000266e+00 1.375934352835608943e+00 1.969596143550957024e+01 5.284712959406773436e+00 1.086175731230701658e+01
2.430000000000000160e+00 1.377219366932191491e+00 1.982377892630884020e+01 5.355568538638259213e+00 1.100921268571603306e+01
2.435000000000000053e+00 1.378504669724822440e+00 1.995309331302091493e+01 5.427206257711105764e+00 1.115813572384492502e+01
2.439999999999999947e+00 1.379790250923445205e+00 2.008392339830924911e+01 5.499633537628273672e+00 1.130853939905962768e+01
2.444999999999999840e+00 1.381076100291728892e+00 2.021628197924070847e+01 5.572856764741786151e+00 1.146043467748422984e+01
2.450000000000000178e+00 1.382362207647998886e+00 2.035018525863053185e+01 5.646882574821702860e+00 1.161383317034951723e+01
2.455000000000000071e+00 1.383648562866170106e+00 2.048564770264854218e+01 5.721719551129793579e+00 1.176874952534072527e+01
2.459999999999999964e+00 1.384935155876690471e+00 2.062268550222372809e+01 5.797373699357543764e+00 1.192519413731054634e+01
2.464999999999999858e+00 1.386221976667483702e+00 2.076131134895719299e+01 5.873853634372792953e+00 1.208318202878774983e+01
2.470000000000000195e+00 1.387509015284901448e+00 2.090154046552397205e+01 5.951165315357434871e+00 1.224272323488289338e+01
2.475000000000000089e+00 1.388796261834676082e+00 2.104338798571647118e+01 6.029317644591216663e+00 1.240383355415522004e+01
2.479999999999999982e+00 1.390083706482882597e+00 2.118686741183706701e+01 6.108316457247580544e+00 1.256652235159251418e+01
2.484999999999999876e+00 1.391371339456903167e+00 2.133199450528024599e+01 6.188171507203856336e+00 1.273080688627321422e+01
2.490000000000000213e+00 1.392659151046396371e+00 2.147878179616215277e+01 6.268888734699573639e+00 1.289669726466511435e+01
2.495000000000000107e+00 1.393947131604270639e+00 2.162724501508645858e+01 6.350477123029754090e+00 1.306420844220643929e+01
2.500000000000000000e+00 1.395235271547664579e+00 2.177739632887127996e+01 6.432943471312129624e+00 1.323335260130285285e+01
2.504999999999999893e+00 1.396523561358930632e+00 2.192925224157999509e+01 6.516297000089055658e+00 1.340414552250062385e+01
2.510000000000000231e+00 1.397811991586621838e+00 2.208282470753590587e+01 6.600545122389001484e+00 1.357659919935644588e+01
2.515000000000000124e+00 1.399100552846486600e+00 2.223812918429977614e+01 6.685695700272679787e+00 1.375072763248011576e+01
2.520000000000000018e+00 1.400389235822465217e+00 2.239517742640809672e+01 6.771757051102756719e+00 1.392654472310180402e+01
2.524999999999999911e+00 1.401678031267691527e+00 2.255398550722049933e+01 6.858736993264014536e+00 1.410406343479792568e+01
2.530000000000000249e+00 1.402966930005501656e+00 2.271456572919908723e+01 6.946644853550043130e+00 1.428330000842000835e+01
2.535000000000000142e+00 1.404255922930439437e+00 2.287693312992658434e+01 7.035489265661953873e+00 1.446426870076820315e+01
2.540000000000000036e+00 1.405545001009279815e+00 2.304110162857600486e+01 7.125277421393073851e+00 1.464698175557437665e+01
2.544999999999999929e+00 1.406834155282040921e+00 2.320708304505995301e+01 7.216018751701581024e+00 1.483145539820170988e+01
2.550000000000000266e+00 1.408123376863012810e+00 2.337489377449312045e+01 7.307721304441879617e+00 1.501770236541661774e+01
2.555000000000000160e+00 1.409412656941783526e+00 2.354454546903954437e+01 7.400394684294033354e+00 1.520573940296834614e+01
2.560000000000000053e+00 1.410701986784272943e+00 2.371605233093042031e+01 7.494047012460544721e+00 1.539557982377968770e+01
2.564999999999999947e+00 1.411991357733769048e+00 2.388942842283353585e+01 7.588688084192577676e+00 1.558724019899446844e+01
2.569999999999999840e+00 1.413280761211968217e+00 2.406468842046505330e+01 7.684325358285652996e+00 1.578073236920990574e+01
2.575000000000000178e+00 1.414570188720020605e+00 2.424184511258050989e+01 7.780968777256640934e+00 1.597607352976038264e+01
2.580000000000000071e+00 1.415859631839580635e+00 2.442091176787441498e+01 7.878628206183413418e+00 1.617328015038388145e+01
2.584999999999999964e+00 1.417149082233858159e+00 2.460190255897101608e+01 7.977311389778376061e+00 1.637236448795685106e+01
2.589999999999999858e+00 1.418438531648677170e+00 2.478483189345849524e+01 8.077027637117833336e+00 1.657334204406655687e+01
2.595000000000000195e+00 1.419727971913536280e+00 2.496971374706640034e+01 8.177787982636939290e+00 1.677623126057067537e+01
2.600000000000000089e+00 1.421017394942674095e+00 2.515656103659303966e+01 8.279599397724519250e+00 1.698104356860351771e+01
2.604999999999999982e+00 1.422306792736138581e+00 2.534538637820321583e+01 8.382473025812032574e+00 1.718779743208541788e+01
2.609999999999999876e+00 1.423596157380858207e+00 2.553620580900164327e+01 8.486418602118279253e+00 1.739650870555841067e+01
2.615000000000000213e+00 1.424885481051721747e+00 2.572903243921059158e+01 8.591444144842359520e+00 1.760719047232954892e+01
2.620000000000000107e+00 1.426174756012655642e+00 2.592388024903004151e+01 8.697560206116689230e+00 1.781985974375410109e+01
2.625000000000000000e+00 1.427463974617710019e+00 2.612076212453996504e+01 8.804775909853832516e+00 1.803453228448921308e+01
2.629999999999999893e+00 1.428753129312145598e+00 2.631969153305425380e+01 8.913102769326897601e+00 1.825122643019062352e+01
2.635000000000000231e+00 1.430042212633526821e+00 2.652068359833684141e+01 9.022548408444940549e+00 1.846995458279624813e+01
2.640000000000000124e+00 1.431331217212814755e+00 2.672375156413199448e+01 9.133123731579223303e+00 1.869073456890733809e+01
2.645000000000000018e+00 1.432620135775467096e+00 2.692891011474836915e+01 9.244839954402532811e+00 1.891358485197932637e+01
2.649999999999999911e+00 1.433908961142540850e+00 2.713617220678196773e+01 9.357702774663176015e+00 1.913851353416501766e+01
2.655000000000000249e+00 1.435197686231796554e+00 2.734554957974860656e+01 9.471727084809169028e+00 1.936554675835526140e+01
2.660000000000000142e+00 1.436486304058808727e+00 2.755705902038181776e+01 9.586920752152757075e+00 1.959469561788075609e+01
2.665000000000000036e+00 1.437774807738079197e+00 2.777071384094200113e+01 9.703293465703419329e+00 1.982597634390952734e+01
2.669999999999999929e+00 1.439063190484150212e+00 2.798652532830104889e+01 9.820856677785075206e+00 2.005940786446015522e+01
2.675000000000000266e+00 1.440351445612727099e+00 2.820450976456974956e+01 9.939618636121705819e+00 2.029500329336755371e+01
2.680000000000000160e+00 1.441639566541798700e+00 2.842467903913474814e+01 1.005959270066790090e+01 2.053278395838344039e+01
2.685000000000000053e+00 1.442927546792763360e+00 2.864704654798495298e+01 1.018078528559730067e+01 2.077276025194382925e+01
2.689999999999999947e+00 1.444215379991559578e+00 2.887162812201553308e+01 1.030320855832989935e+01 2.101495208939021353e+01
2.694999999999999840e+00 1.445503059869796658e+00 2.909843433364162735e+01 1.042687426987252941e+01 2.125937823606038179e+01
2.700000000000000178e+00 1.446790580265890691e+00 2.932748059094534909e+01 1.055179112344314873e+01 2.150605277573830776e+01
2.705000000000000071e+00 1.448077935126202975e+00 2.955877807802615820e+01 1.067796929994974953e+01 2.175499214952704108e+01
2.709999999999999964e+00 1.449365118506182437e+00 2.979234197903658909e+01 1.080541938748441844e+01 2.200621316977386144e+01
2.714999999999999858e+00 1.450652124571508272e+00 3.002818476559772165e+01 1.093415389360787415e+01 2.225973654213408182e+01
2.720000000000000195e+00 1.451938947599239915e+00 3.026631966410893781e+01 1.106417951092128504e+01 2.251557189892321276e+01
2.725000000000000089e+00 1.453225581978965009e+00 3.050675983480996223e+01 1.119551096309979066e+01 2.277374406820798214e+01
2.729999999999999982e+00 1.454512022213955591e+00 3.074951799354615289e+01 1.132815531250466101e+01 2.303426426507321167e+01
2.734999999999999876e+00 1.455798262922322506e+00 3.099460452518487230e+01 1.146212508157412557e+01 2.329715236741753159e+01
2.740000000000000213e+00 1.457084298838174696e+00 3.124203812947816061e+01 1.159742989220850440e+01 2.356242393080172803e+01
2.745000000000000107e+00 1.458370124812782276e+00 3.149182521220932429e+01 1.173408040950625697e+01 2.383009678641210272e+01
2.750000000000000000e+00 1.459655735815740485e+00 3.174397996130741362e+01 1.187208786810892036e+01 2.410018803874768878e+01
2.754999999999999893e+00 1.460941126936137202e+00 3.199851802965461900e+01 1.201146188622766253e+01 2.437271348856668141e+01
2.760000000000000231e+00 1.462226293383724007e+00 3.225544827785719804e+01 1.215221552166423891e+01 2.464769438277966174e+01
2.765000000000000124e+00 1.463511230490086357e+00 3.251478256454976190e+01 1.229435635519797465e+01 2.492514285306702959e+01
2.770000000000000018e+00 1.464795933709824194e+00 3.277653547194597650e+01 1.243789603395484100e+01 2.520507775379966375e+01
2.774999999999999911e+00 1.466080398621724123e+00 3.304071713947651290e+01 1.258284405061429112e+01 2.548751422560752999e+01
2.780000000000000249e+00 1.467364620929943797e+00 3.330733831656449695e+01 1.272921424851593919e+01 2.577247572786902197e+01
2.785000000000000142e+00 1.468648596465194744e+00 3.357641327141982401e+01 1.287701651091478183e+01 2.605997756110386376e+01
2.790000000000000036e+00 1.469932321185927426e+00 3.384794989380465324e+01 1.302625820951928759e+01 2.635003079483885458e+01
2.794999999999999929e+00 1.471215791179520282e+00 3.412196404330139643e+01 1.317695195388755458e+01 2.664265704704536120e+01
2.800000000000000266e+00 1.472499002663467449e+00 3.439846181795669366e+01 1.332911138897975611e+01 2.693787861619636814e+01
2.805000000000000160e+00 1.473781951986576466e+00 3.467745681193609641e+01 1.348274258842669049e+01 2.723570465004934960e+01
2.810000000000000053e+00 1.475064635630160437e+00 3.495895947588604002e+01 1.363785769047444418e+01 2.753615438457906350e+01
2.814999999999999947e+00 1.476347050209237288e+00 3.524298153107820042e+01 1.379446947737629792e+01 2.783925095026036445e+01
2.819999999999999840e+00 1.477629192473728592e+00 3.552953137534809258e+01 1.395258554046646537e+01 2.814500455173912385e+01
2.825000000000000178e+00 1.478911059309663267e+00 3.581861972436628605e+01 1.411221870144580315e+01 2.845343756328094287e+01
2.830000000000000071e+00 1.480192647740382617e+00 3.611025676852439403e+01 1.427337917957198776e+01 2.876456607615053684e+01
2.834999999999999964e+00 1.481473954927746250e+00 3.640445276329797508e+01 1.443607546706968314e+01 2.907840401044441592e+01
2.839999999999999858e+00 1.482754978173340454e+00 3.670121608155555037e+01 1.460032244978124538e+01 2.939497746544129342e+01
2.845000000000000195e+00 1.484035714919693882e+00 3.700055872334399254e+01 1.476612630887404976e+01 2.971429358703451129e+01
2.850000000000000089e+00 1.485316162751484814e+00 3.730248692585312398e+01 1.493350219274520185e+01 3.003638067961335523e+01
2.854999999999999982e+00 1.486596319396762178e+00 3.760701186403580465e+01 1.510245628231215775e+01 3.036124613535842798e+01
2.859999999999999876e+00 1.487876182728162133e+00 3.791414048625269828e+01 1.527300184199239830e+01 3.068891458365893854e+01
2.865000000000000213e+00 1.489155750764126207e+00 3.822388304906795753e+01 1.544514729864455660e+01 3.101939809748038712e+01
2.870000000000000107e+00 1.490435021670126092e+00 3.853624786019150861e+01 1.561890609953325004e+01 3.135272051203170562e+01
2.875000000000000000e+00 1.491713993759884893e+00 3.885124249427873622e+01 1.579428672555612145e+01 3.168889512361474559e+01
2.879999999999999893e+00 1.492992665496607696e+00 3.916887447449620652e+01 1.597130258529005253e+01 3.202794510225381686e+01
2.885000000000000231e+00 1.494271035494205480e+00 3.948915379885794863e+01 1.614996049589058202e+01 3.236988215848912631e+01
2.890000000000000124e+00 1.495549102518527240e+00 3.981208439304326419e+01 1.633027109373426100e+01 3.271472312882451661e+01
2.895000000000000018e+00 1.496826865488593894e+00 4.013767615955895707e+01 1.651224827202505452e+01 3.306249218743188578e+01
2.899999999999999911e+00 1.498104323477830180e+00 4.046593721139029043e+01 1.669590101965615148e+01 3.341320439413889432e+01
2.905000000000000249e+00 1.499381475715303225e+00 4.079687302654497216e+01 1.688123830119258528e+01 3.376687501071587150e+01
2.910000000000000142e+00 1.500658321586958444e+00 4.113048913875591239e+01 1.706827137327210053e+01 3.412352414019547808e+01
2.915000000000000036e+00 1.501934860636862323e+00 4.146679347071187749e+01 1.725701185605923627e+01 3.448317079924899531e+01
2.919999999999999929e+00 1.503211092568443430e+00 4.180579216714897228e+01 1.744747125808624233e+01 3.484583546358764750e+01
2.925000000000000266e+00 1.504487017245737190e+00 4.214749158932127671e+01 1.763965610304169829e+01 3.521152742851387529e+01
2.930000000000000160e+00 1.505762634694630231e+00 4.249189878677609755e+01 1.783357843420371935e+01 3.558026960139817874e+01
2.935000000000000053e+00 1.507037945104112264e+00 4.283901622030982281e+01 1.802924959633596913e+01 3.595208160256893137e+01
2.939999999999999947e+00 1.508312948827522426e+00 4.318885105982521821e+01 1.822668127465736276e+01 3.632698255832253409e+01
2.944999999999999840e+00 1.509587646383803383e+00 4.354140841894948011e+01 1.842588044845090423e+01 3.670498545714711724e+01
2.950000000000000178e+00 1.510862038458753664e+00 4.389669355920165827e+01 1.862685881558278922e+01 3.708611058254515314e+01
2.955000000000000071e+00 1.512136125906285322e+00 4.425471156759445535e+01 1.882962591407373054e+01 3.747037397584581697e+01
2.959999999999999964e+00 1.513409909749681370e+00 4.461546494410080044e+01 1.903419340000277415e+01 3.785779814152731859e+01
2.964999999999999858e+00 1.514683391182853445e+00 4.497896068960331917e+01 1.924057343665388942e+01 3.824840240647253609e+01
2.970000000000000195e+00 1.515956571571605682e+00 4.534520377670001068e+01 1.944877319920979630e+01 3.864220036738601038e+01
2.975000000000000089e+00 1.517229452454897709e+00 4.571419411234661112e+01 1.965880161048733399e+01 3.903920820324678687e+01
2.979999999999999982e+00 1.518502035546109630e+00 4.608593775088032629e+01 1.987067344747372388e+01 3.943945203237260699e+01
2.984999999999999876e+00 1.519774322734309235e+00 4.646043799501587301e+01 2.008439314185057256e+01 3.984293913790396857e+01
2.990000000000000213e+00 1.521046316085523209e+00 4.683770162674429116e+01 2.029997874600971741e+01 4.024970293226142104e+01
2.995000000000000107e+00 1.522318017844006111e+00 4.721772671363957841e+01 2.051743363719226565e+01 4.065974848789166174e+01
3.000000000000000000e+00 1.523589430433515579e+00 4.760051672551487911e+01 2.073677039462913996e+01 4.107310058707564338e+01
3.004999999999999893e+00 1.524860556458587313e+00 4.798607489507973156e+01 2.095799855597528349e+01 4.148977439838752446e+01
3.010000000000000231e+00 1.526131398705811604e+00 4.837440714493942551e+01 2.118112817977382889e+01 4.190978843928095188e+01
3.015000000000000124e+00 1.527401960145112314e+00 4.876551516937954034e+01 2.140616903502277424e+01 4.233316098032374697e+01
3.020000000000000018e+00 1.528672243931031183e+00 4.915939960549509635e+01 2.163313330819402225e+01 4.275991449865177430e+01
3.024999999999999911e+00 1.529942253404009023e+00 4.955606041474864298e+01 2.186203044518006777e+01 4.319006694256496104e+01
3.030000000000000249e+00 1.531211992091669805e+00 4.995550267242589371e+01 2.209286764520477320e+01 4.362362966907231510e+01
3.035000000000000142e+00 1.532481463710112957e+00 5.035772810157619261e+01 2.232565780029988289e+01 4.406062846443624892e+01
3.040000000000000036e+00 1.533750672165198337e+00 5.076273738170158367e+01 2.256041044396226525e+01 4.450108004667245609e+01
3.044999999999999929e+00 1.535019621553841640e+00 5.117053402574806142e+01 2.279713299122609271e+01 4.494499782921473496e+01
3.050000000000000266e+00 1.536288316165307810e+00 5.158111462387623192e+01 2.303583723916915105e+01 4.539240536992215169e+01
3.055000000000000160e+00 1.537556760482504448e+00 5.199448587365542096e+01 2.327653391591041299e+01 4.584331978349521108e+01
3.060000000000000053e+00 1.538824959183287211e+00 5.241064460437115002e+01 2.351923238522929438e+01 4.629776224078580782e+01
3.064999999999999947e+00 1.540092917141751672e+00 5.282959335269444523e+01 2.376393998028500576e+01 4.675574432123393365e+01
3.070000000000000284e+00 1.541360639429545376e+00 5.325133560660545839e+01 2.401066972974803448e+01 4.721728970793826363e+01
3.075000000000000178e+00 1.542628131317168361e+00 5.367586473187712670e+01 2.425943055574923335e+01 4.768241798104951101e+01
3.080000000000000071e+00 1.543895398275281439e+00 5.410319034822918383e+01 2.451023096964670245e+01 4.815114292238840221e+01
3.084999999999999964e+00 1.545162445976019150e+00 5.453330579889326657e+01 2.476308262370766755e+01 4.862348810646918906e+01
3.089999999999999858e+00 1.546429280294300046e+00 5.496621378909371458e+01 2.501799032493226704e+01 4.909946205545131193e+01
3.095000000000000195e+00 1.547695907309144969e+00 5.540191575486520037e+01 2.527496964814605462e+01 4.957909415098311712e+01
3.100000000000000089e+00 1.548962333304992001e+00 5.584041355509180704e+01 2.553402826704530071e+01 5.006239836983579039e+01
3.104999999999999982e+00 1.550228564773019402e+00 5.628169981631652519e+01 2.579517513508517368e+01 5.054939446173158757e+01
3.109999999999999876e+00 1.551494608412467890e+00 5.672578209040995034e+01 2.605841843208305519e+01 5.104009582054599292e+01
3.115000000000000213e+00 1.552760471131968911e+00 5.717265727449472479e+01 2.632377060512949285e+01 5.153452639911145639e+01
3.120000000000000107e+00 1.554026160050869576e+00 5.762232082940976596e+01 2.659123798831271657e+01 5.203269973430837325e+01
3.125000000000000000e+00 1.555291682500568706e+00 5.807478034842962700e+01 2.686083230005601408e+01 5.253463836377433438e+01
3.129999999999999893e+00 1.556557046025848434e+00 5.853003219316344286e+01 2.713256286004873985e+01 5.304035855043519376e+01
3.135000000000000231e+00 1.557822258386214909e+00 5.898807283763328257e+01 2.740643621367339833e+01 5.354987557052031377e+01
3.140000000000000124e+00 1.559087327557234559e+00 5.944890221901677307e+01 2.768246545301907702e+01 5.406321223271417864e+01
3.145000000000000018e+00 1.560352261731882795e+00 5.991252467326162190e+01 2.796065571722546395e+01 5.458038068808428989e+01
3.149999999999999911e+00 1.561617069321888263e+00 6.037893700920614748e+01 2.824101925574527527e+01 5.510140254563761886e+01
3.155000000000000249e+00 1.562881758959084433e+00 6.084813852646038868e+01 2.852356675379204631e+01 5.562629987295633782e+01
3.160000000000000142e+00 1.564146339496760740e+00 6.132012693359057209e+01 2.880830167128358354e+01 5.615508116466508426e+01
3.165000000000000036e+00 1.565410820011023496e+00 6.179490259304841970e+01 2.909523725460086752e+01 5.668776861836878567e+01
3.169999999999999929e+00 1.566675209802153468e+00 6.227246342049358674e+01 2.938438018673935304e+01 5.722437817404453142e+01
3.175000000000000266e+00 1.567939518395971676e+00 6.275281173454531825e+01 2.967574170515296217e+01 5.776493054783415459e+01
3.180000000000000160e+00 1.569203755545205192e+00 6.323594295831565404e+01 2.996933063200258118e+01 5.830944380558297979e+01
3.185000000000000053e+00 1.570467931230861369e+00 6.372186046680375426e+01 3.026515509791311587e+01 5.885793162327328076e+01
3.189999999999999947e+00 1.571732055663601191e+00 6.421055903414450938e+01 3.056322112430411053e+01 5.941040930266854048e+01
3.195000000000000284e+00 1.572996139285118833e+00 6.470203883431182135e+01 3.086353920883633961e+01 5.996689610289774919e+01
3.200000000000000178e+00 1.574260192769525224e+00 6.519628267112719300e+01 3.116609679270495192e+01 6.052736769100520320e+01
3.205000000000000071e+00 1.575524227024737378e+00 6.569332215072896020e+01 3.147094526479665788e+01 6.109192320158722822e+01
3.209999999999999964e+00 1.576788253193867284e+00 6.619314629687457341e+01 3.177807378490184220e+01 6.166054172654714449e+01
3.214999999999999858e+00 1.578052282656617233e+00 6.669574353928273069e+01 3.208749028314184670e+01 6.223323936629063979e+01
3.220000000000000195e+00 1.579316327030685141e+00 6.720111807146138005e+01 3.239920006421745313e+01 6.281002860462019299e+01
3.225000000000000089e+00 1.580580398173165202e+00 6.770927076287424029e+01 3.271321604567282293e+01 6.339093191965680063e+01
3.229999999999999982e+00 1.581844508181959430e+00 6.822020057914150470e+01 3.302954183975490565e+01 6.397595626813397729e+01
3.234999999999999876e+00 1.583108669397191415e+00 6.873390347999433914e+01 3.334818732409521402e+01 6.456512374887282135e+01
3.240000000000000213e+00 1.584372894402625409e+00 6.925038053065104293e+01 3.366916246975105764e+01 6.515845279397841239e+01
3.245000000000000107e+00 1.585637196027092743e+00 6.976962961022626075e+01 3.399247395636633229e+01 6.575595488834588309e+01
3.250000000000000000e+00 1.586901587345919129e+00 7.029165561801758599e+01 3.431812953972812608e+01 6.635764783999758265e+01
3.254999999999999893e+00 1.588166081682362174e+00 7.081644798386292905e+01 3.464613710443143901e+01 6.696354535888998782e+01
3.260000000000000231e+00 1.589430692609048013e+00 7.134401343543976282e+01 3.497650498135920571e+01 6.757366616368015855e+01
3.265000000000000124e+00 1.590695433949419924e+00 7.187434705936745161e+01 3.530923896456977928e+01 6.818801890405799782e+01
3.270000000000000018e+00 1.591960319779189614e+00 7.240745244250452117e+01 3.564435304197766641e+01 6.880663065647952692e+01
3.274999999999999911e+00 1.593225364427793389e+00 7.294332992865948029e+01 3.598184733200928775e+01 6.942950366502996928e+01
3.280000000000000249e+00 1.594490582479856755e+00 7.348196974080333632e+01 3.632173317987880523e+01 7.005665995402888768e+01
3.285000000000000142e+00 1.595755988776664358e+00 7.402337955370070688e+01 3.666401844213253725e+01 7.068811377121109274e+01
3.290000000000000036e+00 1.597021598417631694e+00 7.456755837503888529e+01 3.700870640381401699e+01 7.132387240744141366e+01
3.294999999999999929e+00 1.598287426761794583e+00 7.511450354488161452e+01 3.735580988339306430e+01 7.196396123534837841e+01
3.300000000000000266e+00 1.599553489429289543e+00 7.566421470085123246e+01 3.770533116619547087e+01 7.260838409431934792e+01
3.305000000000000160e+00 1.600819802302856587e+00 7.621669134469053120e+01 3.805728024176228530e+01 7.325715901680527509e+01
3.310000000000000053e+00 1.602086381529337800e+00 7.677193657760402346e+01 3.841166442836952655e+01 7.391030261246447708e+01
3.314999999999999947e+00 1.603353243521186133e+00 7.732994690934626192e+01 3.876848893724930889e+01 7.456782420755052954e+01
3.320000000000000284e+00 1.604620404957985969e+00 7.789072226865708615e+01 3.912776346342295142e+01 7.522974227134270109e+01
3.325000000000000178e+00 1.605887882787973897e+00 7.845426656619936523e+01 3.948949140906068322e+01 7.589606338481942771e+01
3.330000000000000071e+00 1.607155694229572163e+00 7.902057294731640980e+01 3.985368069007736835e+01 7.656680398003922505e+01
3.334999999999999964e+00 1.608423856772927873e+00 7.958964392241722408e+01 4.022033465234935079e+01 7.724196989580008221e+01
3.339999999999999858e+00 1.609692388181460876e+00 8.016147817827638278e+01 4.058946551781400558e+01 7.792158416138364885e+01
3.345000000000000195e+00 1.610961306493419842e+00 8.073608548092887816e+01 4.096107812583080232e+01 7.860565583763884945e+01
3.350000000000000089e+00 1.612230630023444355e+00 8.131345813391486388e+01 4.133517618115112668e+01 7.929419196136213088e+01
3.354999999999999982e+00 1.613500377364142535e+00 8.189359050608058510e+01 4.171176774257462228e+01 7.998721036001940377e+01
3.359999999999999876e+00 1.614770567387667999e+00 8.247649612404443076e+01 4.209085819414940488e+01 8.068471822476864475e+01
3.365000000000000213e+00 1.616041219247312144e+00 8.306216228130283241e+01 4.247245670037262499e+01 8.138673438081566758e+01
3.370000000000000107e+00 1.617312352379102647e+00 8.365060363491575401e+01 4.285656212402973608e+01 8.209325731666878312e+01
3.375000000000000000e+00 1.618583986503417060e+00 8.424180259081074951e+01 4.324317826743448734e+01 8.280429488206210920e+01
3.379999999999999893e+00 1.619856141626595081e+00 8.483578015914626747e+01 4.363232709469698989e+01 8.351988504560179649e+01
3.385000000000000231e+00 1.621128838042573905e+00 8.543251638274854542e+01 4.402399756065246095e+01 8.424001254410960371e+01
3.390000000000000124e+00 1.622402096334521149e+00 8.603203099396083076e+01 4.441820299370674974e+01 8.496469586731799950e+01
3.395000000000000018e+00 1.623675937376488410e+00 8.663430923715750964e+01 4.481494872155564479e+01 8.569395024199346267e+01
3.399999999999999911e+00 1.624950382335069499e+00 8.723935405887407057e+01 4.521422945502073532e+01 8.642776549279781761e+01
3.405000000000000249e+00 1.626225452671069327e+00 8.784717699458484219e+01 4.561606346333030615e+01 8.716617272884063539e+01
3.410000000000000142e+00 1.627501170141188780e+00 8.845777423702388376e+01 4.602045830756265588e+01 8.790918733635537308e+01
3.415000000000000036e+00 1.628777556799715365e+00 8.907113560457348456e+01 4.642739705482897250e+01 8.865677974228361791e+01
3.419999999999999929e+00 1.630054635000228513e+00 8.968727658919257806e+01 4.683690745793591503e+01 8.940899997304128988e+01
3.425000000000000266e+00 1.631332427397314877e+00 9.030619048047003616e+01 4.724898747806059873e+01 9.016584323985784977e+01
3.430000000000000160e+00 1.632610956948298497e+00 9.092787960287628835e+01 4.766363115549929574e+01 9.092730023879876455e+01
3.435000000000000053e+00 1.633890246914980304e+00 9.155234798309503219e+01 4.808085508730458457e+01 9.169340080024923623e+01
3.439999999999999947e+00 1.635170320865392934e+00 9.217958966223358175e+01 4.850065701070705160e+01 9.246414088027187006e+01
3.445000000000000284e+00 1.636451202675564431e+00 9.280961395122534441e+01 4.892304799843430629e+01 9.323954006873854894e+01
3.450000000000000178e+00 1.637732916531301264e+00 9.344241362944799789e+01 4.934802565273552233e+01 9.401959650292887716e+01
3.455000000000000071e+00 1.639015486929979559e+00 9.407799359320473798e+01 4.977559066600885274e+01 9.480430787278524463e+01
3.459999999999999964e+00 1.640298938682350771e+00 9.471635381900867401e+01 5.020575852705670172e+01 9.559370596199941872e+01
3.464999999999999858e+00 1.641583296914366441e+00 9.535750078100829796e+01 5.063852234672340558e+01 9.638777488328781828e+01
3.470000000000000195e+00 1.642868587069010289e+00 9.600143329655738000e+01 5.107388897957856244e+01 9.718652709491001929e+01
3.475000000000000089e+00 1.644154834908149621e+00 9.664814454224730866e+01 5.151186342326526812e+01 9.798997483637610628e+01
3.479999999999999982e+00 1.645442066514400281e+00 9.729764732991266385e+01 5.195244897074674384e+01 9.879812189980704318e+01
3.484999999999999876e+00 1.646730308293007594e+00 9.794993563650203328e+01 5.239564173334035502e+01 9.961096044504510871e+01
3.490000000000000213e+00 1.648019586973742623e+00 9.860501181640093193e+01 5.284145716319856234e+01 1.004285206877263192e+02
3.495000000000000107e+00 1.649309929612814640e+00 9.926287522878143932e+01 5.328988586839645336e+01 1.012507836684042815e+02
3.500000000000000000e+00 1.650601363594798476e+00 9.992353407574573509e+01 5.374094435081916998e+01 1.020777787581472040e+02
3.504999999999999893e+00 1.651893916634581849e+00 1.005861555211472051e+02 5.419403567602162042e+01 1.029078036638789371e+02
3.510000000000000231e+00 1.653187616779326907e+00 1.012515560017031504e+02 5.464974138786771363e+01 1.037425186875862693e+02
3.515000000000000124e+00 1.654482492410449757e+00 1.019197407412106173e+02 5.510806945169127147e+01 1.045819380089398436e+02
3.520000000000000018e+00 1.655778572245619973e+00 1.025907078273137500e+02 5.556902407202296246e+01 1.054260657692077530e+02
3.524999999999999911e+00 1.657075885340773880e+00 1.032644508962477801e+02 5.603259322883602067e+01 1.062748862603900335e+02
3.530000000000000249e+00 1.658374461092151142e+00 1.039409856111436312e+02 5.649878780990146510e+01 1.071284131168538067e+02
3.535000000000000142e+00 1.659674329238346902e+00 1.046202939070000468e+02 5.696760570555765923e+01 1.079866445759186604e+02
3.540000000000000036e+00 1.660975519862385452e+00 1.053023953488585818e+02 5.743905932652244672e+01 1.088496022780306731e+02
3.544999999999999929e+00 1.662278063393811456e+00 1.059872823515398750e+02 5.791314349496245484e+01 1.097172768808172236e+02
3.550000000000000266e+00 1.663581990610803807e+00 1.066749609580781453e+02 5.838985580016439769e+01 1.105896604733031978e+02
3.555000000000000160e+00 1.664887332642308815e+00 1.073654204627972604e+02 5.886919711953449763e+01 1.114667569298260474e+02
3.560000000000000053e+00 1.666194120970192039e+00 1.080586778360793687e+02 5.935117805843579220e+01 1.123485822145859458e+02
3.564999999999999947e+00 1.667502387431416100e+00 1.087547221568792679e+02 5.983579931014445918e+01 1.132351394538932112e+02
3.570000000000000284e+00 1.668812164220237593e+00 1.094535607823160888e+02 6.032305053840614306e+01 1.141264088963806387e+02
3.575000000000000178e+00 1.670123483890425531e+00 1.101551952970507102e+02 6.081294514050050282e+01 1.150224129727859577e+02
3.580000000000000071e+00 1.671436379357503110e+00 1.108596190537277550e+02 6.130547584253708493e+01 1.159231397790369584e+02
3.584999999999999964e+00 1.672750883901015451e+00 1.115668410318025394e+02 6.180064970866396834e+01 1.168285991350391839e+02
3.589999999999999858e+00 1.674067031166816655e+00 1.122768527917455259e+02 6.229845858791870938e+01 1.177387782083768997e+02
3.595000000000000195e+00 1.675384855169382847e+00 1.129896678143944797e+02 6.279891123299930200e+01 1.186536895552262365e+02
3.600000000000000089e+00 1.676704390294149860e+00 1.137052775163704723e+02 6.330200653145938361e+01 1.195733318222336834e+02
3.604999999999999982e+00 1.678025671299876453e+00 1.144236936873656987e+02 6.380774496587365974e+01 1.204977069726396337e+02
3.609999999999999876e+00 1.679348733321033071e+00 1.151449012382172441e+02 6.431612210355100956e+01 1.214268000558176936e+02
3.615000000000000213e+00 1.680673611870211692e+00 1.158689124952690008e+02 6.482714650337130990e+01 1.223606330721596294e+02
3.620000000000000107e+00 1.682000342840573426e+00 1.165957209747795247e+02 6.534081758863311507e+01 1.232992023315066348e+02
3.625000000000000000e+00 1.683328962508309878e+00 1.173253335721762767e+02 6.585712321118772650e+01 1.242424828664279062e+02
3.629999999999999893e+00 1.684659507535143819e+00 1.180577538142297556e+02 6.637608402125138696e+01 1.251905086275902335e+02
3.635000000000000231e+00 1.685992014970846498e+00 1.187929774651509973e+02 6.689768279867413980e+01 1.261432529465248962e+02
3.640000000000000124e+00 1.687326522255794936e+00 1.195310015787271993e+02 6.742192175543316068e+01 1.271007205472525783e+02
3.645000000000000018e+00 1.688663067223552527e+00 1.202718276989625252e+02 6.794881003173445322e+01 1.280629211790215720e+02
3.649999999999999911e+00 1.690001688103477839e+00 1.210154613342776457e+02 6.847833523209146733e+01 1.290298374388405307e+02
3.655000000000000249e+00 1.691342423523365834e+00 1.217619045980739543e+02 6.901050649960684780e+01 1.300014767622246268e+02
3.660000000000000142e+00 1.692685312512123508e+00 1.225111554970004306e+02 6.954532654544841819e+01 1.309778536871484391e+02
3.665000000000000036e+00 1.694030394502469727e+00 1.232632099455191508e+02 7.008278387752305605e+01 1.319589385175469545e+02
3.669999999999999929e+00 1.695377709333675487e+00 1.240180732102867722e+02 7.062288210607798078e+01 1.329447384308725191e+02
3.675000000000000266e+00 1.696727297254325917e+00 1.247757462362790477e+02 7.116562313422312513e+01 1.339352595976092175e+02
3.680000000000000160e+00 1.698079198925130706e+00 1.255362243063581218e+02 7.171100446157792874e+01 1.349304952398758246e+02
3.685000000000000053e+00 1.699433455421752726e+00 1.262995135717723656e+02 7.225902902329393385e+01 1.359304472261911485e+02
3.689999999999999947e+00 1.700790108237682396e+00 1.270656146806467746e+02 7.280968951277263557e+01 1.369351043291050303e+02
3.695000000000000284e+00 1.702149199287140036e+00 1.278345228899770234e+02 7.336299080473794731e+01 1.379444710823048013e+02
3.700000000000000178e+00 1.703510770908022831e+00 1.286062464808184416e+02 7.391893755473540750e+01 1.389585567677015092e+02
3.705000000000000071e+00 1.704874865864877798e+00 1.293807781335772802e+02 7.447751738607874472e+01 1.399773408814141362e+02
3.709999999999999964e+00 1.706241527351919807e+00 1.301581202820062231e+02 7.503873039436412284e+01 1.410008188118166572e+02
3.714999999999999858e+00 1.707610798996081591e+00 1.309382715247509168e+02 7.560257557080640822e+01 1.420289881587612797e+02
3.720000000000000195e+00 1.708982724860113711e+00 1.317212378925330540e+02 7.616906265092593742e+01 1.430618647395272944e+02
3.725000000000000089e+00 1.710357349445704500e+00 1.325070157942776916e+02 7.673818193002408350e+01 1.440994332838238279e+02
3.729999999999999982e+00 1.711734717696661745e+00 1.332956091156679861e+02 7.730993279595307399e+01 1.451416895040209738e+02
3.734999999999999876e+00 1.713114875002117454e+00 1.340870066906692557e+02 7.788431741529205965e+01 1.461886375316762212e+02
3.740000000000000213e+00 1.714497867199787251e+00 1.348812212566854214e+02 7.846133249411090560e+01 1.472402709628993875e+02
3.745000000000000107e+00 1.715883740579261962e+00 1.356782479108910024e+02 7.904097276044214482e+01 1.482965728886218812e+02
3.750000000000000000e+00 1.717272541885350057e+00 1.364780892979385101e+02 7.962324781460317524e+01 1.493575676395840617e+02
3.754999999999999893e+00 1.718664318321458495e+00 1.372807398701030763e+02 8.020814333285336772e+01 1.504232235036151621e+02
3.760000000000000231e+00 1.720059117553022654e+00 1.380862066040976401e+02 8.079567908489428874e+01 1.514935767718469322e+02
3.765000000000000124e+00 1.721456987710977105e+00 1.388944864296829280e+02 8.138582289230586753e+01 1.525685635796400845e+02
3.770000000000000018e+00 1.722857977395276574e+00 1.397055794920839844e+02 8.197860113544255967e+01 1.536482376200657143e+02
3.774999999999999911e+00 1.724262135678464647e+00 1.405194787732208113e+02 8.257399968768088172e+01 1.547325735134838283e+02
3.780000000000000249e+00 1.725669512109285098e+00 1.413361969757069119e+02 8.317201939186381310e+01 1.558215626738906963e+02
3.785000000000000142e+00 1.727080156716347847e+00 1.421557233303852854e+02 8.377266362677933387e+01 1.569152129186376214e+02
3.790000000000000036e+00 1.728494120011841551e+00 1.429780652861754788e+02 8.437592263115222124e+01 1.580135097085334053e+02
3.794999999999999929e+00 1.729911452995299248e+00 1.438032197472947189e+02 8.498180124981412575e+01 1.591164555692177487e+02
3.800000000000000266e+00 1.731332207157411762e+00 1.446311896983499992e+02 8.559029856938835223e+01 1.602240520268413491e+02
3.805000000000000160e+00 1.732756434483898600e+00 1.454619715199432619e+02 8.620140783121804873e+01 1.613362804548315808e+02
3.810000000000000053e+00 1.734184187459427706e+00 1.462955628705558695e+02 8.681513526647265167e+01 1.624531546262178381e+02
3.814999999999999947e+00 1.735615519071593615e+00 1.471319681246129676e+02 8.743146878793962173e+01 1.635746463576306837e+02
3.820000000000000284e+00 1.737050482814948671e+00 1.479711870958145710e+02 8.805041559302010512e+01 1.647007745827480960e+02
3.825000000000000178e+00 1.738489132695088868e+00 1.488132151847817113e+02 8.867197674982536171e+01 1.658315336356258740e+02
3.830000000000000071e+00 1.739931523232801869e+00 1.496580523474813447e+02 8.929614117866988465e+01 1.669669080976107409e+02
3.834999999999999964e+00 1.741377709468272084e+00 1.505057009385075162e+02 8.992291398462413099e+01 1.681069005822005806e+02
3.839999999999999858e+00 1.742827746965340152e+00 1.513561684273993535e+02 9.055229438044092660e+01 1.692515063875164287e+02
3.845000000000000195e+00 1.744281691815829705e+00 1.522094358073077558e+02 9.118427873995742061e+01 1.704007268823555705e+02
3.850000000000000089e+00 1.745739600643932299e+00 1.530655221969556123e+02 9.181887329045558488e+01 1.715545642006857463e+02
3.854999999999999982e+00 1.747201530610656750e+00 1.539244115276425759e+02 9.245606269025731194e+01 1.727129895808623132e+02
3.859999999999999876e+00 1.748667539418339745e+00 1.547861234183353361e+02 9.309585386963431120e+01 1.738760094233466305e+02
3.865000000000000213e+00 1.750137685315223512e+00 1.556506290958909062e+02 9.373823755070354480e+01 1.750436198107575194e+02
3.870000000000000107e+00 1.751612027100100555e+00 1.565179465884374395e+02 9.438322584432077633e+01 1.762158276105915036e+02
3.875000000000000000e+00 1.753090624127023878e+00 1.573880747621376486e+02 9.503080567363740272e+01 1.773926155265741613e+02
3.879999999999999893e+00 1.754573536310083837e+00 1.582610135267967451e+02 9.568098977110474834e+01 1.785740011011176023e+02
3.885000000000000231e+00 1.756060824128258258e+00 1.591367640311684113e+02 9.633376444146442452e+01 1.797599545950752429e+02
3.890000000000000124e+00 1.757552548630337386e+00 1.600153124748849507e+02 9.698912743113314150e+01 1.809504796967250968e+02
3.895000000000000018e+00 1.759048771439909009e+00 1.608966729157633324e+02 9.764707980075283444e+01 1.821455660687016405e+02
3.899999999999999911e+00 1.760549554760425739e+00 1.617808316917873697e+02 9.830761943531564384e+01 1.833452204609878038e+02
3.905000000000000249e+00 1.762054961380348228e+00 1.626678021228013904e+02 9.897074737877082384e+01 1.845494304395557776e+02
3.910000000000000142e+00 1.763565054678360111e+00 1.635575698142580450e+02 9.963646072356921479e+01 1.857581974824321946e+02
3.915000000000000036e+00 1.765079898628665322e+00 1.644501509540734503e+02 1.003047617231196114e+02 1.869715186986189792e+02
3.919999999999999929e+00 1.766599557806353804e+00 1.653455286773558441e+02 1.009756464117741501e+02 1.881893938072305446e+02
3.925000000000000266e+00 1.768124097392861804e+00 1.662437164781661636e+02 1.016491061944531822e+02 1.894117923283916127e+02
3.930000000000000160e+00 1.769653583181507006e+00 1.671447022115528114e+02 1.023251476868138496e+02 1.906387370830182419e+02
3.935000000000000053e+00 1.771188081583099816e+00 1.680484823884343371e+02 1.030037737307826120e+02 1.918702302904037538e+02
3.939999999999999947e+00 1.772727659631656794e+00 1.689550735351419632e+02 1.036849663639354731e+02 1.931062241734540237e+02
3.945000000000000284e+00 1.774272384990179141e+00 1.698644420594901021e+02 1.043687322834695266e+02 1.943467504537456421e+02
3.950000000000000178e+00 1.775822325956536885e+00 1.707766334229610834e+02 1.050550802903010208e+02 1.955918043149879963e+02
3.955000000000000071e+00 1.777377551469432548e+00 1.716916021332309583e+02 1.057439876778980477e+02 1.968413555686887264e+02
3.959999999999999964e+00 1.778938131114458976e+00 1.726093748041863023e+02 1.064354750535174361e+02 1.980954361845717244e+02
3.965000000000000302e+00 1.780504135130244192e+00 1.735299505589087232e+02 1.071295246489012101e+02 1.993540063423311892e+02
3.970000000000000195e+00 1.782075634414699072e+00 1.744533127375628681e+02 1.078261421078857154e+02 2.006170868639009939e+02
3.975000000000000089e+00 1.783652700531359159e+00 1.753794620214764279e+02 1.085253282325446662e+02 2.018846685194012878e+02
3.979999999999999982e+00 1.785235405715812629e+00 1.763084086642752766e+02 1.092270655728840865e+02 2.031567199832080632e+02
3.984999999999999876e+00 1.786823822882243729e+00 1.772401375122580305e+02 1.099313683762677840e+02 2.044332703439947636e+02
3.990000000000000213e+00 1.788418025630066133e+00 1.781746612744219931e+02 1.106382268372861972e+02 2.057142936915749090e+02
3.995000000000000107e+00 1.790018088250662442e+00 1.791119629230586838e+02 1.113476344490739365e+02 2.069997831797926722e+02
4.000000000000000000e+00 1.791624085734228267e+00 1.800520531057681808e+02 1.120596022765943331e+02 2.082897500357613296e+02
