% raindrop T-matrix calculations using the code of Leinonen, J., "Python code for T-matrix scattering calculations". Available at https://github.com/jleinonen/pytmatrix/. 
% 
% refractive index calculations after Ray, P., 1972:  Broadband Complex Refractive Indices of Ice and Water, Appl. Opt. 11, 1836-1844 
% 
% raindrop aspect ratio estimated with the methodology of Brandes, Edward & Zhang, Guifu & Vivekanandan, Jothiram. (2005). Corrigendum. Journal of Applied Meteorology. 44. 186-. 10.1175/1520-0450(2005)44<186:C>2.0.CO;2. 
% 
% wave length: 31.228381 mm 
% temperature: 298.15 K 
% refractive index: 8.178948402404785156e+00 + 1.786388516426086426e+00 i 
% 
%r_eqv[mm]               axial ratio              ext[mm2]                 sca[mm2]                 back[mm2]
5.000000000000000104e-03 9.999900000999989436e-01 5.358337069508822947e-09 1.985339524666246479e-16 2.977995730054649970e-16
1.000000000000000021e-02 9.999900000999989436e-01 4.287437082675600036e-08 1.270621622380309044e-14 1.905897438566657538e-14
1.499999999999999944e-02 9.999900000999989436e-01 1.447441955474009796e-07 1.447325774933616017e-13 2.170898834795077396e-13
2.000000000000000042e-02 9.999900000999989436e-01 3.432408720508665338e-07 8.132090463682323016e-13 1.219723792262343280e-12
2.500000000000000139e-02 9.999900000999989436e-01 6.707531029172358026e-07 3.102178826606723764e-12 4.652732969610031965e-12
2.999999999999999889e-02 9.999900000999989436e-01 1.159824212179380242e-06 9.263172710644879001e-12 1.389245706826187951e-11
3.500000000000000333e-02 9.999900000999989436e-01 1.843191436234293387e-06 2.335861282551108168e-11 3.503001714407682396e-11
4.000000000000000083e-02 9.999900000999989436e-01 2.753824623291703178e-06 5.204825828082940109e-11 7.804938716531958656e-11
4.499999999999999833e-02 9.999900000999989436e-01 3.924966878718435589e-06 1.055188110587399498e-10 1.582191958134124543e-10
5.000000000000000278e-02 9.999900000999989436e-01 5.390174287329866054e-06 1.985566150217947112e-10 2.976977975222659720e-10
5.500000000000000028e-02 9.999900000999989436e-01 7.183355185218451571e-06 3.517636849713448188e-10 5.273515517607043108e-10
5.999999999999999778e-02 9.999900000999989436e-01 9.338810913271681100e-06 5.929170127455479804e-10 8.887857588740062036e-10
6.500000000000000222e-02 9.999900000999989436e-01 1.189127864014504549e-05 9.584710898204143286e-10 1.436587632953633550e-09
7.000000000000000666e-02 9.999900000999989436e-01 1.487597131560107468e-05 1.495204841272929445e-09 2.240782518385653065e-09
7.499999999999999722e-02 9.999900000999989436e-01 1.832861616074745608e-05 2.262010151938709291e-09 3.389498481492141368e-09
8.000000000000000167e-02 9.999900000999989436e-01 2.228550129911170932e-05 3.331827297820271583e-09 4.991846542902228709e-09
8.500000000000000611e-02 9.999900000999989436e-01 2.678351924267082681e-05 4.793720218730300522e-09 7.181005206772083752e-09
8.999999999999999667e-02 9.999900000999989436e-01 3.186020264650729817e-05 6.755099237068236468e-09 1.011751987179040727e-08
9.500000000000000111e-02 9.999900000999989436e-01 3.755377253835576700e-05 9.344088710760188064e-09 1.399281248165280289e-08
1.000000000000000056e-01 9.999900000999989436e-01 4.390318678872737852e-05 1.271202892553932141e-08 1.903288447087739626e-08
1.049999999999999961e-01 9.999900000999989436e-01 5.094817132790357262e-05 1.703614246120928766e-08 2.550225730349890446e-08
1.100000000000000006e-01 9.999900000999989436e-01 5.872928217883081800e-05 2.252232753626083356e-08 3.370809339381695046e-08
1.150000000000000050e-01 9.999900000999989436e-01 6.728792771711430585e-05 2.940808926976048177e-08 4.400451267654950026e-08
1.199999999999999956e-01 9.999900000999989436e-01 7.666644320688372415e-05 3.796566078444051599e-08 5.679718144917070320e-08
1.250000000000000000e-01 9.999900000999989436e-01 8.690811975501971844e-05 4.850519276590812013e-08 7.254799044269513819e-08
1.300000000000000044e-01 9.999900000999989436e-01 9.805724438505886099e-05 6.137817700950638537e-08 9.178006870891197015e-08
1.350000000000000089e-01 9.999900000999989436e-01 1.101591695220864998e-04 7.698094224020853260e-08 1.150828898637540327e-07
1.400000000000000133e-01 9.999900000999989436e-01 1.232603303637354005e-04 9.575833066460041603e-08 1.431176316374287777e-07
1.449999999999999900e-01 9.999900000999989436e-01 1.374083606542257727e-04 1.182075253429745653e-07 1.766227425075947075e-07
1.499999999999999944e-01 9.999900000999989436e-01 1.526520223756830678e-04 1.448820162358093586e-07 2.164196955807566594e-07
1.549999999999999989e-01 9.999900000999989436e-01 1.690413906939586947e-04 1.763957014205540428e-07 2.634189228182388756e-07
1.600000000000000033e-01 9.999900000999989436e-01 1.866278322142800739e-04 2.134271365829123112e-07 3.186259481189957483e-07
1.650000000000000078e-01 9.999900000999989436e-01 2.054640379541391364e-04 2.567239180578940238e-07 3.831476946146601909e-07
1.700000000000000122e-01 9.999900000999989436e-01 2.256041327281775328e-04 3.071073047818884533e-07 4.581991227156407778e-07
1.750000000000000167e-01 9.999900000999989436e-01 2.471037035201720049e-04 3.654768920526825538e-07 5.451099166738422929e-07
1.799999999999999933e-01 9.999900000999989436e-01 2.700198645329841872e-04 4.328154107785832683e-07 6.453313280167683096e-07
1.849999999999999978e-01 9.999900000999989436e-01 2.944112656259201960e-04 5.101937643085325318e-07 7.604433419603888734e-07
1.900000000000000022e-01 1.000338260324268314e+00 3.204113522346964805e-04 5.989303625860909151e-07 8.923934053038704518e-07
1.950000000000000067e-01 1.000344839311130496e+00 3.479430940394300778e-04 7.000090527754273049e-07 1.042622295852238245e-06
2.000000000000000111e-01 1.000357515291503407e+00 3.771381106245686485e-04 8.149300847991830957e-07 1.213340868840279457e-06
2.050000000000000155e-01 1.000376259251188893e+00 4.080622890641964046e-04 9.451720865017034734e-07 1.406721971484210609e-06
2.099999999999999922e-01 1.000401042453005207e+00 4.407833519668132092e-04 1.092329967180052180e-06 1.625106829714746528e-06
2.149999999999999967e-01 1.000431836433301802e+00 4.753710996619728334e-04 1.258120349517077286e-06 1.871012559713638693e-06
2.200000000000000011e-01 1.000468612998516083e+00 5.118972441439047271e-04 1.444387834017783890e-06 2.147140880832648433e-06
2.250000000000000056e-01 1.000511344221778787e+00 5.504356327111127210e-04 1.653111649499670146e-06 2.456387357135780741e-06
2.300000000000000100e-01 1.000560002439564444e+00 5.910622160804354999e-04 1.886411177569082100e-06 2.801848894638487636e-06
2.350000000000000144e-01 1.000614560248383578e+00 6.338552630482463882e-04 2.146554157010519255e-06 3.186835186781185110e-06
2.399999999999999911e-01 1.000674990501522643e+00 6.788951409894227167e-04 2.435961358427717611e-06 3.614874836848796988e-06
2.449999999999999956e-01 1.000741266305821942e+00 7.262647872383532930e-04 2.757214958957833635e-06 4.089726938997694788e-06
2.500000000000000000e-01 1.000813361018499714e+00 7.760493558954690294e-04 3.113066568117075366e-06 4.615392069432222092e-06
2.550000000000000044e-01 1.000891248244015541e+00 8.283366736829981050e-04 3.506441409908807669e-06 5.196117476032517992e-06
2.600000000000000089e-01 1.000974901830975039e+00 8.832170340592319403e-04 3.940448821550792877e-06 5.836411621649611854e-06
2.650000000000000133e-01 1.001064295869075416e+00 9.407833321263295258e-04 4.418388305003427254e-06 6.541052017315986324e-06
2.700000000000000178e-01 1.001159404686088994e+00 1.001131342655476415e-03 4.943758532403559452e-06 7.315097401431771503e-06
2.750000000000000222e-01 1.001260202844886926e+00 1.064359361485552177e-03 5.520263377394859583e-06 8.163895361719144836e-06
2.800000000000000266e-01 1.001366665140501100e+00 1.130568873985869334e-03 6.151821224214234146e-06 9.093094805031198683e-06
2.850000000000000311e-01 1.001478766597222014e+00 1.199863978514698103e-03 6.842574882221649545e-06 1.010865921026382656e-05
2.899999999999999800e-01 1.001596482465736404e+00 1.272352199494636337e-03 7.596896314065773831e-06 1.121687207423454792e-05
2.949999999999999845e-01 1.001719788220298835e+00 1.348143808500584838e-03 8.419397323632472668e-06 1.242435115799778423e-05
2.999999999999999889e-01 1.001848659555939935e+00 1.427352417536982858e-03 9.314941287565847562e-06 1.373806414626977574e-05
3.049999999999999933e-01 1.001983072385710605e+00 1.510095091141182419e-03 1.028864485533677419e-05 1.516532929462443528e-05
3.099999999999999978e-01 1.002123002837959964e+00 1.596491867870301028e-03 1.134589859802685038e-05 1.671384416022126540e-05
3.150000000000000022e-01 1.002268427253648841e+00 1.686666651957748281e-03 1.249236058057531639e-05 1.839167400268739599e-05
3.200000000000000067e-01 1.002419322183694117e+00 1.780746739546694001e-03 1.373397968213198374e-05 2.020728418404501458e-05
3.250000000000000111e-01 1.002575664386349930e+00 1.878862929474217451e-03 1.507700434263908350e-05 2.216955087171297863e-05
3.300000000000000155e-01 1.002737430824617970e+00 1.981150070258277593e-03 1.652797810515691589e-05 2.428775200709353517e-05
3.350000000000000200e-01 1.002904598663692415e+00 2.087746696953564872e-03 1.809377365222275782e-05 2.657161527907344527e-05
3.400000000000000244e-01 1.003077145268434833e+00 2.198795135813184400e-03 1.978157600718517532e-05 2.903129049442167652e-05
3.450000000000000289e-01 1.003255048200880628e+00 2.314441955066085226e-03 2.159891556687794365e-05 3.167739582981564291e-05
3.500000000000000333e-01 1.003438285217776782e+00 2.434837617227341745e-03 2.355367202167749544e-05 3.452102059360157547e-05
3.549999999999999822e-01 1.003626834268148693e+00 2.560137356937826607e-03 2.565407302841645956e-05 3.757372017809402072e-05
3.599999999999999867e-01 1.003820673490896542e+00 2.690500381339928134e-03 2.790872910210734028e-05 4.084756471964591393e-05
3.649999999999999911e-01 1.004019781212422524e+00 2.826090146080755851e-03 3.032661386873313603e-05 4.435510621353488638e-05
3.699999999999999956e-01 1.004224135944284502e+00 2.967074879493022781e-03 3.291711064172902460e-05 4.810944415127861823e-05
3.750000000000000000e-01 1.004433716380879638e+00 3.113627941075159961e-03 3.569000243451925979e-05 5.212420663688718456e-05
3.800000000000000044e-01 1.004648501397155336e+00 3.265927152832836730e-03 3.865547870306875009e-05 5.641355712390402064e-05
3.850000000000000089e-01 1.004868470046347273e+00 3.424154694556425394e-03 4.182416936540077096e-05 6.099224011884935920e-05
3.900000000000000133e-01 1.005093601557745631e+00 3.588498977304095585e-03 4.520712690436322101e-05 6.587555081549824928e-05
3.950000000000000178e-01 1.005323875334485528e+00 3.759152523466941648e-03 4.881588658936384046e-05 7.107941940144510689e-05
4.000000000000000222e-01 1.005559270951367434e+00 3.936313722261639697e-03 5.266241409928562839e-05 7.662032965670793211e-05
4.050000000000000266e-01 1.005799768152698448e+00 4.120186486618603559e-03 5.675918538807392757e-05 8.251543104937686163e-05
4.100000000000000311e-01 1.006045346850164002e+00 4.310979919493898929e-03 6.111913863400096224e-05 8.878246424510502337e-05
4.150000000000000355e-01 1.006295987120720881e+00 4.508908862744632519e-03 6.575575230489976884e-05 9.543986943528191304e-05
4.199999999999999845e-01 1.006551669204517108e+00 4.714194095761100982e-03 7.068298160310343219e-05 1.025066889150875039e-04
4.249999999999999889e-01 1.006812373502834479e+00 4.927062644645895974e-03 7.591536230966677281e-05 1.100027130155305780e-04
4.299999999999999933e-01 1.007078080576055967e+00 5.147747482059095159e-03 8.146793244015366499e-05 1.179483599554831885e-04
4.349999999999999978e-01 1.007348771141657329e+00 5.376487634126814533e-03 8.735631952666183836e-05 1.263647971152733222e-04
4.400000000000000022e-01 1.007624426072219359e+00 5.613528590478007209e-03 9.359672449756261346e-05 1.352739117323562966e-04
4.450000000000000067e-01 1.007905026393466796e+00 5.859123051228594219e-03 1.002059360383269473e-04 1.446983265239531829e-04
4.500000000000000111e-01 1.008190553282325652e+00 6.113529561826621175e-03 1.072013313093977418e-04 1.546613907188218819e-04
4.550000000000000155e-01 1.008480988065006079e+00 6.377014194747688755e-03 1.146009428933862466e-04 1.651872750236973270e-04
4.600000000000000200e-01 1.008776312215104998e+00 6.649850013920282146e-03 1.224233822906005463e-04 1.763008488901082478e-04
4.650000000000000244e-01 1.009076507351731156e+00 6.932316892096309149e-03 1.306880180101808368e-04 1.880279361693679998e-04
4.700000000000000289e-01 1.009381555237651273e+00 7.224703169800040202e-03 1.394147735438051048e-04 2.003950102599765112e-04
4.750000000000000333e-01 1.009691437777457068e+00 7.527302946872913014e-03 1.486243353144604752e-04 2.134294911843614463e-04
4.799999999999999822e-01 1.010006137015752481e+00 7.840420042101376927e-03 1.583380604580492395e-04 2.271595994829401480e-04
4.849999999999999867e-01 1.010325635135361333e+00 8.164365104480332189e-03 1.685780163086773745e-04 2.416144098542323342e-04
4.899999999999999911e-01 1.010649914455556075e+00 8.499457666133775069e-03 1.793670004356659811e-04 2.568238658797608945e-04
4.949999999999999956e-01 1.010978957430304748e+00 8.846024702524064171e-03 1.907286227256837705e-04 2.728188962264060523e-04
5.000000000000000000e-01 1.011312746646537475e+00 9.204402735224931700e-03 2.026871923799569957e-04 2.896312339864666962e-04
5.050000000000000044e-01 1.011651264822433394e+00 9.574935922489763093e-03 2.152678700752896999e-04 3.072936327335198080e-04
5.100000000000000089e-01 1.011994494805724676e+00 9.957977993177203474e-03 2.284965447242017422e-04 3.258396769101963206e-04
5.150000000000000133e-01 1.012342419572020980e+00 1.035389281890772284e-02 2.424000341724230395e-04 3.453040587633173994e-04
5.200000000000000178e-01 1.012695022223150554e+00 1.076305194557562218e-02 2.570058809622125049e-04 3.657222718967492216e-04
5.250000000000000222e-01 1.013052285985520662e+00 1.118583752828326838e-02 2.723426386082179176e-04 3.871310213009897575e-04
5.300000000000000266e-01 1.013414194208494434e+00 1.162264106471710447e-02 2.884395784609815154e-04 4.095677758462982349e-04
5.350000000000000311e-01 1.013780730362787486e+00 1.207386463433036961e-02 3.053270276578401421e-04 4.330712575060366096e-04
5.400000000000000355e-01 1.014151878038878962e+00 1.253992053710928714e-02 3.230361035236964666e-04 4.576810286612276722e-04
5.450000000000000400e-01 1.014527620945441466e+00 1.302123041266654499e-02 3.415989860125149408e-04 4.834378934566820919e-04
5.500000000000000444e-01 1.014907942907788518e+00 1.351823069787797156e-02 3.610487711832568373e-04 5.103836537876109587e-04
5.550000000000000488e-01 1.015292827866336012e+00 1.403136261202462230e-02 3.814194803892626863e-04 5.385611151289480510e-04
5.600000000000000533e-01 1.015682259875082316e+00 1.456108424728935063e-02 4.027462253033884635e-04 5.680143169834791107e-04
5.650000000000000577e-01 1.016076223100103704e+00 1.510786307960361972e-02 4.250650868074989843e-04 5.987883335891229595e-04
5.700000000000000622e-01 1.016474701818065096e+00 1.567217847058174213e-02 4.484132356489911966e-04 6.309294353465848618e-04
5.750000000000000666e-01 1.016877680414747243e+00 1.625452126905787414e-02 4.728290641379564161e-04 6.644852698266933561e-04
5.799999999999999600e-01 1.017285143383589441e+00 1.685539669418889552e-02 4.983516250928365010e-04 6.995040257504705388e-04
5.849999999999999645e-01 1.017697075324246692e+00 1.747532190717189168e-02 5.250214991347555270e-04 7.360356684519316203e-04
5.899999999999999689e-01 1.018113460941162618e+00 1.811482469041502882e-02 5.528804112086973610e-04 7.741313753285622348e-04
5.949999999999999734e-01 1.018534285042156151e+00 1.877445143305391667e-02 5.819708942197995664e-04 8.138430386690029706e-04
5.999999999999999778e-01 1.018959532537025314e+00 1.945475627137388183e-02 6.123370013977982342e-04 8.552242459060444653e-04
6.049999999999999822e-01 1.019389188436160998e+00 2.015631276954702247e-02 6.440238733653486525e-04 8.983296764225473258e-04
6.099999999999999867e-01 1.019823237849180497e+00 2.087970559502412560e-02 6.770779988365564295e-04 9.432154207736006017e-04
6.149999999999999911e-01 1.020261665983570154e+00 2.162553383104654295e-02 7.115469927823717946e-04 9.899386560535776685e-04
6.199999999999999956e-01 1.020704458143344873e+00 2.239441522609309301e-02 7.474797410986142292e-04 1.038557846981101856e-03
6.250000000000000000e-01 1.021151599727719406e+00 2.318697774707803236e-02 7.849265634952757491e-04 1.089132937719486729e-03
6.300000000000000044e-01 1.021603076229795626e+00 2.400386890703632564e-02 8.239392475102660669e-04 1.141725375687473220e-03
6.350000000000000089e-01 1.022058873235258902e+00 2.484575145198303706e-02 8.645705185874808440e-04 1.196397357662780121e-03
6.400000000000000133e-01 1.022518976421092685e+00 2.571330511969030508e-02 9.068748972614338851e-04 1.253213006283728512e-03
6.450000000000000178e-01 1.022983371554301524e+00 2.660722497442917847e-02 9.509083285934875809e-04 1.312237814870535367e-03
6.500000000000000222e-01 1.023452044490649859e+00 2.752822557604784129e-02 9.967277334457516017e-04 1.373537998603300723e-03
6.550000000000000266e-01 1.023924981173411908e+00 2.847703679277934288e-02 1.044392264048351650e-03 1.437182265059911909e-03
6.600000000000000311e-01 1.024402167632133542e+00 2.945441053774447079e-02 1.093961947914929124e-03 1.503239825999146215e-03
6.650000000000000355e-01 1.024883589981409493e+00 3.046111153576558372e-02 1.145498805585372284e-03 1.571781990003125011e-03
6.700000000000000400e-01 1.025369234419667430e+00 3.149792908097470701e-02 1.199065920780455815e-03 1.642880787101919440e-03
6.750000000000000444e-01 1.025859087227968924e+00 3.256567276651962245e-02 1.254728630553933379e-03 1.716610668301822443e-03
6.800000000000000488e-01 1.026353134768820174e+00 3.366516593231051041e-02 1.312553372514262432e-03 1.793046789619932337e-03
6.850000000000000533e-01 1.026851363484993174e+00 3.479725563176017805e-02 1.372608394339347839e-03 1.872266031103942590e-03
6.900000000000000577e-01 1.027353759898360641e+00 3.596281103602652629e-02 1.434963803516915585e-03 1.954347024162620631e-03
6.950000000000000622e-01 1.027860310608740946e+00 3.716272324643504765e-02 1.499691223727479513e-03 2.039369642374655716e-03
7.000000000000000666e-01 1.028371002292754355e+00 3.839790393844328548e-02 1.566864213158988134e-03 2.127415501620474013e-03
7.049999999999999600e-01 1.028885821702690384e+00 3.966928678275988274e-02 1.636558099734473481e-03 2.218567812217924710e-03
7.099999999999999645e-01 1.029404755665387139e+00 4.097783257331541473e-02 1.708850024965664991e-03 2.312911264116648651e-03
7.149999999999999689e-01 1.029927791081118427e+00 4.232451917544823028e-02 1.783818757258373144e-03 2.410531838252133983e-03
7.199999999999999734e-01 1.030454914922495746e+00 4.371035331493763193e-02 1.861545779983795040e-03 2.511518263520790602e-03
7.249999999999999778e-01 1.030986114233377604e+00 4.513636717299984030e-02 1.942113219270243758e-03 2.615959047099270397e-03
7.299999999999999822e-01 1.031521376127789047e+00 4.660361667827633836e-02 2.025605980765916164e-03 2.723945483329840746e-03
7.349999999999999867e-01 1.032060687788854958e+00 4.811318163649055263e-02 2.112111414920393032e-03 2.835571136968208748e-03
7.399999999999999911e-01 1.032604036467738684e+00 4.966617572333895808e-02 2.201718464221265673e-03 2.950930524845409800e-03
7.449999999999999956e-01 1.033151409482594651e+00 5.126372970458042966e-02 2.294517194263461044e-03 3.070118499362373653e-03
7.500000000000000000e-01 1.033702794217528753e+00 5.290701323338745099e-02 2.390601616984146076e-03 3.193234236511327973e-03
7.550000000000000044e-01 1.034258178121568061e+00 5.459721491149562012e-02 2.490066970699663859e-03 3.320377153620684973e-03
7.600000000000000089e-01 1.034817548707643198e+00 5.633556384296439096e-02 2.593010156036433533e-03 3.451647736536936871e-03
7.650000000000000133e-01 1.035380893551575587e+00 5.812330634170331106e-02 2.699531276058964122e-03 3.587149449857351437e-03
7.700000000000000178e-01 1.035948200291078702e+00 5.996173093954836747e-02 2.809732699374876269e-03 3.726987468489408040e-03
7.750000000000000222e-01 1.036519456624765523e+00 6.185215356307603718e-02 2.923718065454288320e-03 3.871267314381423089e-03
7.800000000000000266e-01 1.037094650311166655e+00 6.379591733886767757e-02 3.041594920968061690e-03 4.020098277131775588e-03
7.850000000000000311e-01 1.037673769167756666e+00 6.579440933794312996e-02 3.163472721305268624e-03 4.173590845575138146e-03
7.900000000000000355e-01 1.038256801069989743e+00 6.784904728144737496e-02 3.289462202023876736e-03 4.331855465828079142e-03
7.950000000000000400e-01 1.038843733950345127e+00 6.996127122662564035e-02 3.419677691864588497e-03 4.495006069186412850e-03
8.000000000000000444e-01 1.039434555797379867e+00 7.213257859411617567e-02 3.554236600327114089e-03 4.663159017935234948e-03
8.050000000000000488e-01 1.040029254654790458e+00 7.436449079917394067e-02 3.693258382530078838e-03 4.836431714199713669e-03
8.100000000000000533e-01 1.040627818620484257e+00 7.665855993918756217e-02 3.836864487266575339e-03 5.014942525238862484e-03
8.150000000000000577e-01 1.041230235845658436e+00 7.901639725155928939e-02 3.985180222252929227e-03 5.198813289824605333e-03
8.200000000000000622e-01 1.041836494533886492e+00 8.143963963408616669e-02 4.138332384415039505e-03 5.388165881776724002e-03
8.250000000000000666e-01 1.042446582940215416e+00 8.392995818281664966e-02 4.296452413911069565e-03 5.583126574053421873e-03
8.300000000000000711e-01 1.043060489370268407e+00 8.648908124713076961e-02 4.459672680134656522e-03 5.783820939705533286e-03
8.349999999999999645e-01 1.043678202179357140e+00 8.911877494548657574e-02 4.628129682803644278e-03 5.990378109753864179e-03
8.399999999999999689e-01 1.044299709771603135e+00 9.182083933228367412e-02 4.801962866876337103e-03 6.202929037256477672e-03
8.449999999999999734e-01 1.044925000599063569e+00 9.459713204849287682e-02 4.981314679841805822e-03 6.421606718309721441e-03
8.499999999999999778e-01 1.045554063160868408e+00 9.744954484548468132e-02 5.166329195567647033e-03 6.646543803782588647e-03
8.549999999999999822e-01 1.046186886002363758e+00 1.003800304001067761e-01 5.357155656217945164e-03 6.877878009119993419e-03
8.599999999999999867e-01 1.046823457714263217e+00 1.033905792042232596e-01 5.553946511421037173e-03 7.115748907157800132e-03
8.649999999999999911e-01 1.047463766931806317e+00 1.064832356312733763e-01 5.756855206413545936e-03 7.360294850695831351e-03
8.699999999999999956e-01 1.048107802333925420e+00 1.096600918524469059e-01 5.966040659105587528e-03 7.611659202855312195e-03
8.750000000000000000e-01 1.048755552642418598e+00 1.129232911399223466e-01 6.181664353679987116e-03 7.869986208256173413e-03
8.800000000000000044e-01 1.049407006621131844e+00 1.162750275057337357e-01 6.403891950689300817e-03 8.135423315467689431e-03
8.850000000000000089e-01 1.050062153075147497e+00 1.197175661854555234e-01 6.632891800949770184e-03 8.408118672584157655e-03
8.900000000000000133e-01 1.050720980849978670e+00 1.232532102736751400e-01 6.868835757740410566e-03 8.688222328888110108e-03
8.950000000000000178e-01 1.051383478830772988e+00 1.268843201414437960e-01 7.111900852898742943e-03 8.975888914832001395e-03
9.000000000000000222e-01 1.052049635941522787e+00 1.306133277612555044e-01 7.362265369917864351e-03 9.271271238081661356e-03
9.050000000000000266e-01 1.052719441144281065e+00 1.344427260688833836e-01 7.620112883512824599e-03 9.574526523106058340e-03
9.100000000000000311e-01 1.053392883438386107e+00 1.383750423460736179e-01 7.885632544572040298e-03 9.885816774439146887e-03
9.150000000000000355e-01 1.054069951859691656e+00 1.424129019967192156e-01 8.159014827005548268e-03 1.020530213489701139e-02
9.200000000000000400e-01 1.054750635479804632e+00 1.465589748851296170e-01 8.440452246782753284e-03 1.053314233336132173e-02
9.250000000000000444e-01 1.055434923405329073e+00 1.508160120619314870e-01 8.730148565390892165e-03 1.086950903579620917e-02
9.300000000000000488e-01 1.056122804777117841e+00 1.551868091110141235e-01 9.028304334171578446e-03 1.121456643845293068e-02
9.350000000000000533e-01 1.056814268769528553e+00 1.596742533177221701e-01 9.335129891234248897e-03 1.156848817562115828e-02
9.400000000000000577e-01 1.057509304589689725e+00 1.642813031562326553e-01 9.650836060539142586e-03 1.193144494816146019e-02
9.450000000000000622e-01 1.058207901476769797e+00 1.690109682449902895e-01 9.975637907100690441e-03 1.230360963458675821e-02
9.500000000000000666e-01 1.058910048701254603e+00 1.738663666555821385e-01 1.030976078706418407e-02 1.268516523087963137e-02
9.550000000000000711e-01 1.059615735564230832e+00 1.788506717432876425e-01 1.065342676943664170e-02 1.307628626535104269e-02
9.599999999999999645e-01 1.060324951396675930e+00 1.839671329814918377e-01 1.100686838707935419e-02 1.347715799082059400e-02
9.649999999999999689e-01 1.061037685558753330e+00 1.892190969436169379e-01 1.137031880651736930e-02 1.388796216648485564e-02
9.699999999999999734e-01 1.061753927439116119e+00 1.946099809253436230e-01 1.174402017487811631e-02 1.430888827958791756e-02
9.749999999999999778e-01 1.062473666454213594e+00 2.001432869136964554e-01 1.212821730626059344e-02 1.474012586045714973e-02
9.799999999999999822e-01 1.063196892047607145e+00 2.058226262016752683e-01 1.252316012967218291e-02 1.518186672625188027e-02
9.849999999999999867e-01 1.063923593689290348e+00 2.116516705321726532e-01 1.292910571140971736e-02 1.563430782062803781e-02
9.899999999999999911e-01 1.064653760875015509e+00 2.176342109839711214e-01 1.334631195454784314e-02 1.609764274037053106e-02
9.949999999999999956e-01 1.065387383125626419e+00 2.237741066122951317e-01 1.377504867047268933e-02 1.657207730059331863e-02
1.000000000000000000e+00 1.066124449986396217e+00 2.300753186948079343e-01 1.421558429124358813e-02 1.705781044355927228e-02
1.005000000000000115e+00 1.066864951026373021e+00 2.365418244154538496e-01 1.466822761778934989e-02 1.755509757787015318e-02
1.010000000000000009e+00 1.067608875837728233e+00 2.431778607210665355e-01 1.513323747845981247e-02 1.806410884233024261e-02
1.015000000000000124e+00 1.068356214035114826e+00 2.499877269742331320e-01 1.561089671353482408e-02 1.858504748044989205e-02
1.020000000000000018e+00 1.069106955255026969e+00 2.569757973321508127e-01 1.610150356122974982e-02 1.911813357750428294e-02
1.024999999999999911e+00 1.069861089155168976e+00 2.641465284068185149e-01 1.660535981383357701e-02 1.966358575905690145e-02
1.030000000000000027e+00 1.070618605413826918e+00 2.715045453153391852e-01 1.712277086705574561e-02 2.022162386345093682e-02
1.034999999999999920e+00 1.071379493729249344e+00 2.790545487662561275e-01 1.765405338667772397e-02 2.079247640743724090e-02
1.040000000000000036e+00 1.072143743819029771e+00 2.868013814691028895e-01 1.819952266409481656e-02 2.137636534375910932e-02
1.044999999999999929e+00 1.072911345419497398e+00 2.947499821942667908e-01 1.875950814733452765e-02 2.197352590114949947e-02
1.050000000000000044e+00 1.073682288285112474e+00 3.029054242136660080e-01 1.933434333238589001e-02 2.258419327608665247e-02
1.054999999999999938e+00 1.074456562187866782e+00 3.112729107445350030e-01 1.992437123403490926e-02 2.320861098931563740e-02
1.060000000000000053e+00 1.075234156916690775e+00 3.198577809554721818e-01 2.052993623558482458e-02 2.384701733875169150e-02
1.064999999999999947e+00 1.076015062276864054e+00 3.286655153812086394e-01 2.115139252588636026e-02 2.449965856485233212e-02
1.070000000000000062e+00 1.076799268089433603e+00 3.377016514030727889e-01 2.178910418758341072e-02 2.516678835603702521e-02
1.074999999999999956e+00 1.077586764190635593e+00 3.469719679375685151e-01 2.244343984788392185e-02 2.584866171241988891e-02
1.080000000000000071e+00 1.078377540431322945e+00 3.564823475588643209e-01 2.311477855610256926e-02 2.654554053673229344e-02
1.084999999999999964e+00 1.079171586676399119e+00 3.662388147810767269e-01 2.380350416611488190e-02 2.725768764506910496e-02
1.090000000000000080e+00 1.079968892804255898e+00 3.762475108582108430e-01 2.451000812644996835e-02 2.798537044017816028e-02
1.094999999999999973e+00 1.080769448706216718e+00 3.865147991736107569e-01 2.523469608253452526e-02 2.872886899214526987e-02
1.100000000000000089e+00 1.081573244285985780e+00 3.970471664173793047e-01 2.597797274653697308e-02 2.948845533969468233e-02
1.104999999999999982e+00 1.082380269459101152e+00 4.078512084469933519e-01 2.674026334237333130e-02 3.026442457311127876e-02
1.110000000000000098e+00 1.083190514152395201e+00 4.189337644257449811e-01 2.752198608097982183e-02 3.105705573491327268e-02
1.114999999999999991e+00 1.084003968303457022e+00 4.303018365202100903e-01 2.832358381595770705e-02 3.186665375561578695e-02
1.120000000000000107e+00 1.084820621860102863e+00 4.419625033238887557e-01 2.914550191948202251e-02 3.269352171114912886e-02
1.125000000000000000e+00 1.085640464779849657e+00 4.539231270601764567e-01 2.998818474744919041e-02 3.353795593670798325e-02
1.130000000000000115e+00 1.086463487029394992e+00 4.661912186748186082e-01 3.085210959061307837e-02 3.440028886179477552e-02
1.135000000000000009e+00 1.087289678584100638e+00 4.787744207544326058e-01 3.173774633584143523e-02 3.528083897201775287e-02
1.140000000000000124e+00 1.088119029427482509e+00 4.916806509762048916e-01 3.264557466924677964e-02 3.617993033894687654e-02
1.145000000000000018e+00 1.088951529550704622e+00 5.049179249352969689e-01 3.357609812587600273e-02 3.709791394391879354e-02
1.150000000000000133e+00 1.089787168952079055e+00 5.184945147897536133e-01 3.452980923884368947e-02 3.803511990483612187e-02
1.155000000000000027e+00 1.090625937636568565e+00 5.324188821507092051e-01 3.550722503131699404e-02 3.899190595539637344e-02
1.159999999999999920e+00 1.091467825615297427e+00 5.466996746997431211e-01 3.650888098344989147e-02 3.996864578715318000e-02
1.165000000000000036e+00 1.092312822905064262e+00 5.613457600618841914e-01 3.753530834299947938e-02 4.096570617160612271e-02
1.169999999999999929e+00 1.093160919527861763e+00 5.763662400749534065e-01 3.858704961150917490e-02 4.198346192425218837e-02
1.175000000000000044e+00 1.094012105510399513e+00 5.917703915248151425e-01 3.966468183905390993e-02 4.302232567619817399e-02
1.179999999999999938e+00 1.094866370883633921e+00 6.075676957158911984e-01 4.076876257055112029e-02 4.408268239156820645e-02
1.185000000000000053e+00 1.095723705682299487e+00 6.237679982221294717e-01 4.189987712025644573e-02 4.516494918423451244e-02
1.189999999999999947e+00 1.096584099944449830e+00 6.403811352168325977e-01 4.305863862644482981e-02 4.626957379268280962e-02
1.195000000000000062e+00 1.097447543710998508e+00 6.574174263877550217e-01 4.424564145144777028e-02 4.739697474299550684e-02
1.199999999999999956e+00 1.098314027025267592e+00 6.748872898032666212e-01 4.546150810935226799e-02 4.854760631800692644e-02
1.205000000000000071e+00 1.099183539932540254e+00 6.928013608873920814e-01 4.670689120168830533e-02 4.972195347897313128e-02
1.209999999999999964e+00 1.100056072479618674e+00 7.111706661401745455e-01 4.798242376972561979e-02 5.092047735651798052e-02
1.215000000000000080e+00 1.100931614714385054e+00 7.300062891420540101e-01 4.928878538070981252e-02 5.214369590423673095e-02
1.219999999999999973e+00 1.101810156685369746e+00 7.493197444680865793e-01 5.062664530587455969e-02 5.339210938660499117e-02
1.225000000000000089e+00 1.102691688441321372e+00 7.691227252969039530e-01 5.199669514045909824e-02 5.466624546773403426e-02
1.229999999999999982e+00 1.103576200030784493e+00 7.894271426819832183e-01 5.339965843844643456e-02 5.596667497892195142e-02
1.235000000000000098e+00 1.104463681501680172e+00 8.102453657207165927e-01 5.483624883290099533e-02 5.729395086844742135e-02
1.239999999999999991e+00 1.105354122900890967e+00 8.315897525799075263e-01 5.630720251694614625e-02 5.864865780939552270e-02
1.245000000000000107e+00 1.106247514273852595e+00 8.534731609946971664e-01 5.781329098693745866e-02 6.003142351919349418e-02
1.250000000000000000e+00 1.107143845664148030e+00 8.759086281118280137e-01 5.935527411584440999e-02 6.144286517428167865e-02
1.255000000000000115e+00 1.108043107113107384e+00 8.989095532949298306e-01 6.093394647367465777e-02 6.288364611077626454e-02
1.260000000000000009e+00 1.108945288659413109e+00 9.224895277398817983e-01 6.255012076544538835e-02 6.435445071276733875e-02
1.265000000000000124e+00 1.109850380338708309e+00 9.466625213219186374e-01 6.420461634673960138e-02 6.585598366424766370e-02
1.270000000000000018e+00 1.110758372183210829e+00 9.714426949904664266e-01 6.589829094556004518e-02 6.738899323385327822e-02
1.275000000000000133e+00 1.111669254221331116e+00 9.968446263967396526e-01 6.763198073507674379e-02 6.895421431440018623e-02
1.280000000000000027e+00 1.112583016477296738e+00 1.022883073298825884e+00 6.940658966683174724e-02 7.055246983611211664e-02
1.284999999999999920e+00 1.113499648970778022e+00 1.049573183356581119e+00 7.122301178341960970e-02 7.218457836462498223e-02
1.290000000000000036e+00 1.114419141716522343e+00 1.076930349544026333e+00 7.308217005759665152e-02 7.385140413309648766e-02
1.294999999999999929e+00 1.115341484723989307e+00 1.104970354287116985e+00 7.498500856071699250e-02 7.555384728926309301e-02
1.300000000000000044e+00 1.116266667996994588e+00 1.133709143157768606e+00 7.693247986464367416e-02 7.729283199008292471e-02
1.304999999999999938e+00 1.117194681533353773e+00 1.163163152798997180e+00 7.892557995572460627e-02 7.906934925159252170e-02
1.310000000000000053e+00 1.118125515324534858e+00 1.193349013967807570e+00 8.096531566579209804e-02 8.088441260416943945e-02
1.314999999999999947e+00 1.119059159355313193e+00 1.224283571716761720e+00 8.305270308637600907e-02 8.273907807049880880e-02
1.320000000000000062e+00 1.119995603603431533e+00 1.255984251354506975e+00 8.518880540231692222e-02 8.463445884650779016e-02
1.324999999999999956e+00 1.120934838039265857e+00 1.288468477925579281e+00 8.737468459311346913e-02 8.657169594619260056e-02
1.330000000000000071e+00 1.121876852625492305e+00 1.321754138498308251e+00 8.961145969297594494e-02 8.855203036862889510e-02
1.334999999999999964e+00 1.122821637316764765e+00 1.355859596760265351e+00 9.190024157721035647e-02 9.057670393329213254e-02
1.340000000000000080e+00 1.123769182059389804e+00 1.390803066526264065e+00 9.424217543587622148e-02 9.264702523486456620e-02
1.344999999999999973e+00 1.124719476791012696e+00 1.426603383910016509e+00 9.663845402206620860e-02 9.476440813604170010e-02
1.350000000000000089e+00 1.125672511440304557e+00 1.463279714520838271e+00 9.909025174908712985e-02 9.693025005546333783e-02
1.354999999999999982e+00 1.126628275926654377e+00 1.500851337232173455e+00 1.015988135036436923e-01 9.914608538462989229e-02
1.360000000000000098e+00 1.127586760159866808e+00 1.539337956340568025e+00 1.041653890267330435e-01 1.014134806800876670e-01
1.364999999999999991e+00 1.128547954039863965e+00 1.578759251567841915e+00 1.067912645867885313e-01 1.037340926794211998e-01
1.370000000000000107e+00 1.129511847456391438e+00 1.619135651954769939e+00 1.094777452726753419e-01 1.061096396063365005e-01
1.375000000000000000e+00 1.130478430288730518e+00 1.660487371269029344e+00 1.122261621131450116e-01 1.085419076661821441e-01
1.380000000000000115e+00 1.131447692405412875e+00 1.702835127759928069e+00 1.150379001013155239e-01 1.110328095067113635e-01
1.385000000000000009e+00 1.132419623663941444e+00 1.746199911301982821e+00 1.179143510446230697e-01 1.135843017706422986e-01
1.390000000000000124e+00 1.133394213910515980e+00 1.790602677741081505e+00 1.208569445071471793e-01 1.161984621287595609e-01
1.395000000000000018e+00 1.134371452979762385e+00 1.836064812480536768e+00 1.238671316382596727e-01 1.188774301361530811e-01
1.400000000000000133e+00 1.135351330694467364e+00 1.882607771213805625e+00 1.269464184546719443e-01 1.216234871433103659e-01
1.405000000000000027e+00 1.136333836865317526e+00 1.930253385875057015e+00 1.300963315051336666e-01 1.244389993360180829e-01
1.409999999999999920e+00 1.137318961290643582e+00 1.979023211986549624e+00 1.333183985631917201e-01 1.273264065777640897e-01
1.415000000000000036e+00 1.138306693756168331e+00 2.028939393193222251e+00 1.366142371967511149e-01 1.302883317564848820e-01
1.419999999999999929e+00 1.139297024034760630e+00 2.080023979306898863e+00 1.399854418841463000e-01 1.333274434948456266e-01
1.425000000000000044e+00 1.140289941886192482e+00 2.132299018134128588e+00 1.434337236369077617e-01 1.364466429664099312e-01
1.429999999999999938e+00 1.141285437056903218e+00 2.185786888912388370e+00 1.469607159229617821e-01 1.396488170673136076e-01
1.435000000000000053e+00 1.142283499279765024e+00 2.240509517823648267e+00 1.505681683290959749e-01 1.429370863938111136e-01
1.439999999999999947e+00 1.143284118273856675e+00 2.296489287441662697e+00 1.542578395674160663e-01 1.463146854531247321e-01
1.445000000000000062e+00 1.144287283744239936e+00 2.353748473452077938e+00 1.580315218188732274e-01 1.497849898963307946e-01
1.449999999999999956e+00 1.145292985381740625e+00 2.412309331354209441e+00 1.618910439338747398e-01 1.533515251359931497e-01
1.455000000000000071e+00 1.146301212862736563e+00 2.472193303216847493e+00 1.658382938773196869e-01 1.570180016054599503e-01
1.459999999999999964e+00 1.147311955848947074e+00 2.533422824661295092e+00 1.698751743283565541e-01 1.607882800441332583e-01
1.465000000000000080e+00 1.148325203987230259e+00 2.596019436971839234e+00 1.740036187934055900e-01 1.646663618545758656e-01
1.469999999999999973e+00 1.149340946909383598e+00 2.660004316946320557e+00 1.782255932529257236e-01 1.686564415356440472e-01
1.475000000000000089e+00 1.150359174231948334e+00 2.725398797693785014e+00 1.825431373782063771e-01 1.727629214693070514e-01
1.479999999999999982e+00 1.151379875556021837e+00 2.792223876937880878e+00 1.869582618212485836e-01 1.769903267486535592e-01
1.485000000000000098e+00 1.152403040467071982e+00 2.860499590094876865e+00 1.914731043953226963e-01 1.813434774869392141e-01
1.489999999999999991e+00 1.153428658534756623e+00 2.930246183567625007e+00 1.960897811211350095e-01 1.858273274875955894e-01
1.495000000000000107e+00 1.154456719312749513e+00 3.001482998803387314e+00 2.008104380858718729e-01 1.904470398593268166e-01
1.500000000000000000e+00 1.155487212338569769e+00 3.074229262129483331e+00 2.056372637000333514e-01 1.952079745036146841e-01
1.505000000000000115e+00 1.156520127133416675e+00 3.148502805150795503e+00 2.105725043935446905e-01 2.001157646902083365e-01
1.510000000000000009e+00 1.157555453202008700e+00 3.224321589310961578e+00 2.156184512894879779e-01 2.051762671443579933e-01
1.515000000000000124e+00 1.158593180032429393e+00 3.301702198739704386e+00 2.207773902507258190e-01 2.103955221014472410e-01
1.520000000000000018e+00 1.159633297095975069e+00 3.380660852468497346e+00 2.260516435814750313e-01 2.157798158011195178e-01
1.525000000000000133e+00 1.160675793847010029e+00 3.461212251704871345e+00 2.314435964365912646e-01 2.213356989343004677e-01
1.530000000000000027e+00 1.161720659722826676e+00 3.543370842561676781e+00 2.369556716100479077e-01 2.270700165800038639e-01
1.535000000000000142e+00 1.162767884143507846e+00 3.627149435716797043e+00 2.425902861673570332e-01 2.329897679889532669e-01
1.540000000000000036e+00 1.163817456511797577e+00 3.712559935318003213e+00 2.483499200659120554e-01 2.391023035092697535e-01
1.544999999999999929e+00 1.164869366212974766e+00 3.799612758930371648e+00 2.542370846152374742e-01 2.454152010751152468e-01
1.550000000000000044e+00 1.165923602614732379e+00 3.888317433026156955e+00 2.602542862929386192e-01 2.519362805263659078e-01
1.554999999999999938e+00 1.166980155067061542e+00 3.978681626866896526e+00 2.664040864539007347e-01 2.586736836142329854e-01
1.560000000000000053e+00 1.168039012902141183e+00 4.070711590415174719e+00 2.726890396705470287e-01 2.656357542174051511e-01
1.564999999999999947e+00 1.169100165434231231e+00 4.164411999771099104e+00 2.791118329391181208e-01 2.728312920878456227e-01
1.570000000000000062e+00 1.170163601959574473e+00 4.259786107703962266e+00 2.856749912347821829e-01 2.802691251691766250e-01
1.574999999999999956e+00 1.171229311756297298e+00 4.356835353128014177e+00 2.923812121026768129e-01 2.879585437564705641e-01
1.580000000000000071e+00 1.172297284084322211e+00 4.455558217726923509e+00 2.992331942328353978e-01 2.959091352883782000e-01
1.584999999999999964e+00 1.173367508185281460e+00 4.555952540148772378e+00 3.062335529565569647e-01 3.041306208964612567e-01
1.590000000000000080e+00 1.174439973282435989e+00 4.658013303398602645e+00 3.133850279552464757e-01 3.126331431581469422e-01
1.594999999999999973e+00 1.175514668580601496e+00 4.761734088192995706e+00 3.206902949470002429e-01 3.214270570123224924e-01
1.600000000000000089e+00 1.176591583266077601e+00 4.867104728320065021e+00 3.281520997711807608e-01 3.305230537352839004e-01
1.604999999999999982e+00 1.177670706506583453e+00 4.974114866858568185e+00 3.357731881468227209e-01 3.399321035963003279e-01
1.610000000000000098e+00 1.178752027451198003e+00 5.082749272628905857e+00 3.435561789476152539e-01 3.496652916391893018e-01
1.614999999999999991e+00 1.179835535230304933e+00 5.192991839984934188e+00 3.515039371682885938e-01 3.597342734804584441e-01
1.620000000000000107e+00 1.180921218955544472e+00 5.304823187375263593e+00 3.596190488372564276e-01 3.701506208065829528e-01
1.625000000000000000e+00 1.182009067719768769e+00 5.418222058185214074e+00 3.679043288335913098e-01 3.809264680634890654e-01
1.630000000000000115e+00 1.183099070597002811e+00 5.533162613492542015e+00 3.763624599022646344e-01 3.920740093739382703e-01
1.635000000000000009e+00 1.184191216642411337e+00 5.649617947296347253e+00 3.849961012875328659e-01 4.036056997958663572e-01
1.640000000000000124e+00 1.185285494892271307e+00 5.767557608144817216e+00 3.938080129252578554e-01 4.155343473357031581e-01
1.645000000000000018e+00 1.186381894363947032e+00 5.886948254085238474e+00 4.028007152771661548e-01 4.278727112615987593e-01
1.650000000000000133e+00 1.187480404055874628e+00 6.007752994553491099e+00 4.119769610273397720e-01 4.406340435104891262e-01
1.655000000000000027e+00 1.188581012947548476e+00 6.129932582088859050e+00 4.213393101299439114e-01 4.538316069160850952e-01
1.660000000000000142e+00 1.189683709999514560e+00 6.253444036455692689e+00 4.308903703906682425e-01 4.674788835596485614e-01
1.665000000000000036e+00 1.190788484153369131e+00 6.378242659912428891e+00 4.406325994814518365e-01 4.815894256175995980e-01
1.669999999999999929e+00 1.191895324331762041e+00 6.504278301491544845e+00 4.505686021805099806e-01 4.961770865698178490e-01
1.675000000000000044e+00 1.193004219438406732e+00 6.631500220490913478e+00 4.607007649638206193e-01 5.112556308923930093e-01
1.679999999999999938e+00 1.194115158358093565e+00 6.759852812765656083e+00 4.710315726375876033e-01 5.268391104506774392e-01
1.685000000000000053e+00 1.195228129956711127e+00 6.889278194482346684e+00 4.815633385323906390e-01 5.429414682926794189e-01
1.689999999999999947e+00 1.196343123081270665e+00 7.019715165881491359e+00 4.922983649043805587e-01 5.595767350121944039e-01
1.695000000000000062e+00 1.197460126559938276e+00 7.151099599189503664e+00 5.032389998644571927e-01 5.767590976677231529e-01
1.699999999999999956e+00 1.198579129202069993e+00 7.283364850734492357e+00 5.143873394503926111e-01 5.945025005560974352e-01
1.705000000000000071e+00 1.199700119798254416e+00 7.416443607167070518e+00 5.257456405199401051e-01 6.128209867711432723e-01
1.709999999999999964e+00 1.200823087120360011e+00 7.550257773874056610e+00 5.373159043297487392e-01 6.317286637271383176e-01
1.715000000000000080e+00 1.201948019921588173e+00 7.684735308896396333e+00 5.491001755018037889e-01 6.512393193292355109e-01
1.719999999999999973e+00 1.203074906936531852e+00 7.819797992296952494e+00 5.611003681523641928e-01 6.713666631763818282e-01
1.725000000000000089e+00 1.204203736881238829e+00 7.955366208580427312e+00 5.733184120888906721e-01 6.921243918509826232e-01
1.729999999999999982e+00 1.205334498453282777e+00 8.091357649964667331e+00 5.857560421771204062e-01 7.135258110119092612e-01
1.735000000000000098e+00 1.206467180331836975e+00 8.227687876853941873e+00 5.984150818071568567e-01 7.355842625321363792e-01
1.739999999999999991e+00 1.207601771177756689e+00 8.364271799395918805e+00 6.112972111332087843e-01 7.583127501946331783e-01
1.745000000000000107e+00 1.208738259633664436e+00 8.501020067525404400e+00 6.244039574921411706e-01 7.817238971360470634e-01
1.750000000000000000e+00 1.209876634324042799e+00 8.637844436709729123e+00 6.377368523722198868e-01 8.058301242152865473e-01
1.755000000000000115e+00 1.211016883855332349e+00 8.774655134675660051e+00 6.512973464429928638e-01 8.306435090237405117e-01
1.760000000000000009e+00 1.212158996816034451e+00 8.911360477234699928e+00 6.650867973469696270e-01 8.561757849634141770e-01
1.765000000000000124e+00 1.213302961776821398e+00 9.047867781785054575e+00 6.791065854788612688e-01 8.824383901595368451e-01
1.770000000000000018e+00 1.214448767290650766e+00 9.184084840411522066e+00 6.933579583520351752e-01 9.094422886917863380e-01
1.775000000000000133e+00 1.215596401892885980e+00 9.319918239695791584e+00 7.078419347443570819e-01 9.371977778493135736e-01
1.780000000000000027e+00 1.216745854101423552e+00 9.455276439122064502e+00 7.225597718161785865e-01 9.657151185871777344e-01
1.785000000000000142e+00 1.217897112416823635e+00 9.590067016112493903e+00 7.375126378572016694e-01 9.950040759316051142e-01
1.790000000000000036e+00 1.219050165322449919e+00 9.724196940626384844e+00 7.527012364203251593e-01 1.025073318805434841e+00
1.794999999999999929e+00 1.220205001284612623e+00 9.857576190505163538e+00 7.681266511416874332e-01 1.055931630373269314e+00
1.800000000000000044e+00 1.221361608752716377e+00 9.990114469540731790e+00 7.837898864200711913e-01 1.087587234290277260e+00
1.804999999999999938e+00 1.222519976159418986e+00 1.012172381566801072e+01 7.996916786373299280e-01 1.120047468169764748e+00
1.810000000000000053e+00 1.223680091920789526e+00 1.025231706439237911e+01 8.158328229510662943e-01 1.153319270570032140e+00
1.814999999999999947e+00 1.224841944436477315e+00 1.038180992109483647e+01 8.322142431883213787e-01 1.187409253798936026e+00
1.820000000000000062e+00 1.226005522089884225e+00 1.051011990130075979e+01 8.488365732259570695e-01 1.222323077545756309e+00
1.824999999999999956e+00 1.227170813248343206e+00 1.063716722566613981e+01 8.657005636049207586e-01 1.258066041958181280e+00
1.830000000000000071e+00 1.228337806263303689e+00 1.076287435289308370e+01 8.828070541554596806e-01 1.294643016075915920e+00
1.834999999999999964e+00 1.229506489470522324e+00 1.088716699623012651e+01 9.001565087722881442e-01 1.332057761401293394e+00
1.840000000000000080e+00 1.230676851190258825e+00 1.100997469823519559e+01 9.177499391434968956e-01 1.370314301928478251e+00
1.844999999999999973e+00 1.231848879727479362e+00 1.113123036794837262e+01 9.355879765079032628e-01 1.409415518308417381e+00
1.850000000000000089e+00 1.233022563372064173e+00 1.125086837983255883e+01 9.536712976379622120e-01 1.449363801774465887e+00
1.854999999999999982e+00 1.234197890399023168e+00 1.136883041185873822e+01 9.720006309742673656e-01 1.490161032884289138e+00
1.860000000000000098e+00 1.235374849068715752e+00 1.148505998289513741e+01 9.905768919798743077e-01 1.531808850625495433e+00
1.864999999999999991e+00 1.236553427627077095e+00 1.159950401153443700e+01 1.009400770033770600e+00 1.574307977559380012e+00
1.870000000000000107e+00 1.237733614305851271e+00 1.171211563852588888e+01 1.028473184154519604e+00 1.617658914173347950e+00
1.875000000000000000e+00 1.238915397322829737e+00 1.182285212267659169e+01 1.047794971583019041e+00 1.661861539991081216e+00
1.880000000000000115e+00 1.240098764882095139e+00 1.193167431745851559e+01 1.067367272230756781e+00 1.706915637137322639e+00
1.885000000000000009e+00 1.241283705174272667e+00 1.203854832130394747e+01 1.087190899341781813e+00 1.752820003011144712e+00
1.890000000000000124e+00 1.242470206376787178e+00 1.214344317277666185e+01 1.107267086619273089e+00 1.799573589419587227e+00
1.895000000000000018e+00 1.243658256654124994e+00 1.224633538832898338e+01 1.127596855284382027e+00 1.847174505453399007e+00
1.900000000000000133e+00 1.244847844158103012e+00 1.234720466137280859e+01 1.148181669848295616e+00 1.895621118416372264e+00
1.905000000000000027e+00 1.246038957028144711e+00 1.244603393584803541e+01 1.169022592422908291e+00 1.944910770652849674e+00
1.910000000000000142e+00 1.247231583391559262e+00 1.254281328921526750e+01 1.190121030890656684e+00 1.995040826364763653e+00
1.915000000000000036e+00 1.248425711363831514e+00 1.263753716130146287e+01 1.211478797675254127e+00 2.046008970532978921e+00
1.919999999999999929e+00 1.249621329048912655e+00 1.273020200776612931e+01 1.233097235121440205e+00 2.097811769895881806e+00
1.925000000000000044e+00 1.250818424539521745e+00 1.282081190801425485e+01 1.254978099048378093e+00 2.150446075072353747e+00
1.929999999999999938e+00 1.252016985917450365e+00 1.290937271635458394e+01 1.277123302055715559e+00 2.203908730463255417e+00
1.935000000000000053e+00 1.253217001253874363e+00 1.299589781324416826e+01 1.299534695267422713e+00 2.258196071768901358e+00
1.939999999999999947e+00 1.254418458609672937e+00 1.308040160788357653e+01 1.322214290418156857e+00 2.313304528010397654e+00
1.945000000000000062e+00 1.255621346035752151e+00 1.316290361702274225e+01 1.345164249785760990e+00 2.369230506365995303e+00
1.949999999999999956e+00 1.256825651573374891e+00 1.324342720262483297e+01 1.368386718481243269e+00 2.425970139583006002e+00
1.955000000000000071e+00 1.258031363254499713e+00 1.332200062853835121e+01 1.391884340057496283e+00 2.483520225248960767e+00
1.959999999999999964e+00 1.259238469102119673e+00 1.339865558600784823e+01 1.415659551793297943e+00 2.541876963093808506e+00
1.965000000000000080e+00 1.260446957130616275e+00 1.347342497432560116e+01 1.439714678996959263e+00 2.601036346962237289e+00
1.969999999999999973e+00 1.261656815346111182e+00 1.354634683371878978e+01 1.464052748204710097e+00 2.660995451959799141e+00
1.975000000000000089e+00 1.262868031746829489e+00 1.361746259882064436e+01 1.488676584860240792e+00 2.721750689897428632e+00
1.979999999999999982e+00 1.264080594323466533e+00 1.368681692081192303e+01 1.513589041490420950e+00 2.783298715476438812e+00
1.985000000000000098e+00 1.265294491059563597e+00 1.375445501083888900e+01 1.538793295932747496e+00 2.845636562976166406e+00
1.989999999999999991e+00 1.266509709931886274e+00 1.382042744812915203e+01 1.564292671763060971e+00 2.908761519296035658e+00
1.995000000000000107e+00 1.267726238910813485e+00 1.388478369635296517e+01 1.590090255423119325e+00 2.972670492719430513e+00
2.000000000000000000e+00 1.268944065960727619e+00 1.394758049955873958e+01 1.616189677094572730e+00 3.037361185256119978e+00
2.004999999999999893e+00 1.270163179040415979e+00 1.400887047578451572e+01 1.642594256470247371e+00 3.102831023549942557e+00
2.010000000000000231e+00 1.271383566103475360e+00 1.406871376609818114e+01 1.669307697904368837e+00 3.169077933932495483e+00
2.015000000000000124e+00 1.272605215098723486e+00 1.412716873308168353e+01 1.696334054783064982e+00 3.236100806078618497e+00
2.020000000000000018e+00 1.273828113970618237e+00 1.418429609774075217e+01 1.723676818599511273e+00 3.303897411109361304e+00
2.024999999999999911e+00 1.275052250659680864e+00 1.424015875140551657e+01 1.751340170110834427e+00 3.372466775343264445e+00
2.030000000000000249e+00 1.276277613102927866e+00 1.429481887652056393e+01 1.779328184102872523e+00 3.441808186529654368e+00
2.035000000000000142e+00 1.277504189234306420e+00 1.434834061310837150e+01 1.807644890592024822e+00 3.511920611216936106e+00
2.040000000000000036e+00 1.278731966985139357e+00 1.440078915336676957e+01 1.836294464321085229e+00 3.582803705971233210e+00
2.044999999999999929e+00 1.279960934284574359e+00 1.445223143328945170e+01 1.865281432268260264e+00 3.654457648188495167e+00
2.049999999999999822e+00 1.281191079060038929e+00 1.450273161314830084e+01 1.894610081538119939e+00 3.726882589922699385e+00
2.055000000000000160e+00 1.282422389237703575e+00 1.455235813757926699e+01 1.924284815226368739e+00 3.800078900186268704e+00
2.060000000000000053e+00 1.283654852742951435e+00 1.460117647174766731e+01 1.954310179032841432e+00 3.874047450251713709e+00
2.064999999999999947e+00 1.284888457500850345e+00 1.464925340546674981e+01 1.984691080447131606e+00 3.948789986351811887e+00
2.069999999999999840e+00 1.286123191436637780e+00 1.469665749307506886e+01 2.015431826119097103e+00 4.024307248670734971e+00
2.075000000000000178e+00 1.287359042476205584e+00 1.474345386387860479e+01 2.046537445415386181e+00 4.100601607272883697e+00
2.080000000000000071e+00 1.288595998546594679e+00 1.478970922997261539e+01 2.078012567743648287e+00 4.177674856309481655e+00
2.084999999999999964e+00 1.289834047576496001e+00 1.483549054685378010e+01 2.109862157674521121e+00 4.255529697628134933e+00
2.089999999999999858e+00 1.291073177496757207e+00 1.488086379923115210e+01 2.142091191591201316e+00 4.334168810627542889e+00
2.095000000000000195e+00 1.292313376240894485e+00 1.492589347107454145e+01 2.174704314963332052e+00 4.413594748336573836e+00
2.100000000000000089e+00 1.293554631745612582e+00 1.497064443264832256e+01 2.207706911852160836e+00 4.493811479480872784e+00
2.104999999999999982e+00 1.294796931951329721e+00 1.501518053441493272e+01 2.241103607100759731e+00 4.574821952090495358e+00
2.109999999999999876e+00 1.296040264802710951e+00 1.505956587693973248e+01 2.274899533226644621e+00 4.656629966772504403e+00
2.115000000000000213e+00 1.297284618249205046e+00 1.510386178164383075e+01 2.309100073789732921e+00 4.739240491120702004e+00
2.120000000000000107e+00 1.298529980245588522e+00 1.514813154169639375e+01 2.343710111782112637e+00 4.822657216384382828e+00
2.125000000000000000e+00 1.299776338752518745e+00 1.519243363710413774e+01 2.378734224658892504e+00 4.906883907990136073e+00
2.129999999999999893e+00 1.301023681737088600e+00 1.523682930155350768e+01 2.414178554686693623e+00 4.991927299959895592e+00
2.135000000000000231e+00 1.302271997173391371e+00 1.528137774933574100e+01 2.450047894642419788e+00 5.077791753989435719e+00
2.140000000000000124e+00 1.303521273043090511e+00 1.532613579084413402e+01 2.486347053614971436e+00 5.164481908825944600e+00
2.145000000000000018e+00 1.304771497335994956e+00 1.537115993173814843e+01 2.523081400007666453e+00 5.252003846290143940e+00
2.149999999999999911e+00 1.306022658050641327e+00 1.541650605490033143e+01 2.560256325072248984e+00 5.340363635197066472e+00
2.155000000000000249e+00 1.307274743194883682e+00 1.546222849829396573e+01 2.597876374714092940e+00 5.429566059038210213e+00
2.160000000000000142e+00 1.308527740786487481e+00 1.550838053694616825e+01 2.635947518793036348e+00 5.519618919837033566e+00
2.165000000000000036e+00 1.309781638853730668e+00 1.555501557005527502e+01 2.674474400930018536e+00 5.610527282949462347e+00
2.169999999999999929e+00 1.311036425436011399e+00 1.560218259641771787e+01 2.713462053362293958e+00 5.702297585532773994e+00
2.175000000000000266e+00 1.312292088584462002e+00 1.564993254046690652e+01 2.752915704063366942e+00 5.794936824024658151e+00
2.180000000000000160e+00 1.313548616362568033e+00 1.569831355057483968e+01 2.792840997651222068e+00 5.888452786601901856e+00
2.185000000000000053e+00 1.314805996846795111e+00 1.574737278117928341e+01 2.833242102323609402e+00 5.982850372990260013e+00
2.189999999999999947e+00 1.316064218127219965e+00 1.579715761686448161e+01 2.874124414975054886e+00 6.078137698614176188e+00
2.194999999999999840e+00 1.317323268308171258e+00 1.584771142737687910e+01 2.915493533870479492e+00 6.174322790544553463e+00
2.200000000000000178e+00 1.318583135508872406e+00 1.589907920744569658e+01 2.957353842291096324e+00 6.271411868888370655e+00
2.205000000000000071e+00 1.319843807864092611e+00 1.595130322780708099e+01 2.999710605630832028e+00 6.369412827025370483e+00
2.209999999999999964e+00 1.321105273524805224e+00 1.600442434063186070e+01 3.042568619207305147e+00 6.468332954320601402e+00
2.214999999999999858e+00 1.322367520658849438e+00 1.605848198753574252e+01 3.085933188855422671e+00 6.568180717741595842e+00
2.220000000000000195e+00 1.323630537451601530e+00 1.611351771978045733e+01 3.129808732858147646e+00 6.668962799999424540e+00
2.225000000000000089e+00 1.324894312106648098e+00 1.616956694748740375e+01 3.174200498214879929e+00 6.770687952283553024e+00
2.229999999999999982e+00 1.326158832846469293e+00 1.622666758887660521e+01 3.219113294622114818e+00 6.873363696812066159e+00
2.234999999999999876e+00 1.327424087913126938e+00 1.628485405986968715e+01 3.264551434975246469e+00 6.976997403817438048e+00
2.240000000000000213e+00 1.328690065568957523e+00 1.634416151620287394e+01 3.310520782196049616e+00 7.081599166396081557e+00
2.245000000000000107e+00 1.329956754097271210e+00 1.640462306542221071e+01 3.357025624548893195e+00 7.187176270548844670e+00
2.250000000000000000e+00 1.331224141803060590e+00 1.646627028014765060e+01 3.404070149634346620e+00 7.293735803897046566e+00
2.254999999999999893e+00 1.332492217013710345e+00 1.652913528191440662e+01 3.451659768088769287e+00 7.401287726576262216e+00
2.260000000000000231e+00 1.333760968079716003e+00 1.659324622150663231e+01 3.499799049898668635e+00 7.509839895691562184e+00
2.265000000000000124e+00 1.335030383375409135e+00 1.665863329290722561e+01 3.548492801068809932e+00 7.619401119258760069e+00
2.270000000000000018e+00 1.336300451299685221e+00 1.672532422561826948e+01 3.597745771900436651e+00 7.729980405254673670e+00
2.274999999999999911e+00 1.337571160276742388e+00 1.679334538539298904e+01 3.647561941796052754e+00 7.841584695523358128e+00
2.280000000000000249e+00 1.338842498756821042e+00 1.686272259884899682e+01 3.697946541196860171e+00 7.954224111634841776e+00
2.285000000000000142e+00 1.340114455216953049e+00 1.693348087816540470e+01 3.748903638214065914e+00 8.067906457784417285e+00
2.290000000000000036e+00 1.341387018161716460e+00 1.700564347146404387e+01 3.800438791029058017e+00 8.182642174802872148e+00
2.294999999999999929e+00 1.342660176123993576e+00 1.707923444140044467e+01 3.852556025233035975e+00 8.298439094544745487e+00
2.300000000000000266e+00 1.343933917665737443e+00 1.715427398086804445e+01 3.905260308743360387e+00 8.415307122013953034e+00
2.305000000000000160e+00 1.345208231378743458e+00 1.723078522912726029e+01 3.958555502577165264e+00 8.533253499225560645e+00
2.310000000000000053e+00 1.346483105885426967e+00 1.730878697510833319e+01 4.012447080477469008e+00 8.652289275699326154e+00
2.314999999999999947e+00 1.347758529839606201e+00 1.738829968601065445e+01 4.066939382060347441e+00 8.772423002192155650e+00
2.319999999999999840e+00 1.349034491927291413e+00 1.746934116334890064e+01 4.122036564289028426e+00 8.893662913475369081e+00
2.325000000000000178e+00 1.350310980867478472e+00 1.755192919218077208e+01 4.177744639787911218e+00 9.016021214675053130e+00
2.330000000000000071e+00 1.351587985412951776e+00 1.763608137566490797e+01 4.234067161454935224e+00 9.139505204610749445e+00
2.334999999999999964e+00 1.352865494351088493e+00 1.772181398966675303e+01 4.291009314567693522e+00 9.264125021151516037e+00
2.339999999999999858e+00 1.354143496504671029e+00 1.780914361764388332e+01 4.348575705025557347e+00 9.389889840052349612e+00
2.345000000000000195e+00 1.355421980732705700e+00 1.789808325532712985e+01 4.406771476818407862e+00 9.516810624451043310e+00
2.350000000000000089e+00 1.356700935931243857e+00 1.798864799552159965e+01 4.465601647681396891e+00 9.644897068753644831e+00
2.354999999999999982e+00 1.357980351034212774e+00 1.808085880664351208e+01 4.525070208654452308e+00 9.774157164182041058e+00
2.359999999999999876e+00 1.359260215014249207e+00 1.817471724310211556e+01 4.585183735791807713e+00 9.904604578398883419e+00
2.365000000000000213e+00 1.360540516883539608e+00 1.827023956618261025e+01 4.645945914833521151e+00 1.003624682753350861e+01
2.370000000000000107e+00 1.361821245694665894e+00 1.836743999360063029e+01 4.707362861849961888e+00 1.016909579184616064e+01
2.375000000000000000e+00 1.363102390541456321e+00 1.846632946417753729e+01 4.769439314030228694e+00 1.030316106189947156e+01
2.379999999999999893e+00 1.364383940559842134e+00 1.856692087150223003e+01 4.832181375070613072e+00 1.043845493713086370e+01
2.385000000000000231e+00 1.365665884928720875e+00 1.866922280469644946e+01 4.895593524724800361e+00 1.057498620468660633e+01
2.390000000000000124e+00 1.366948212870820356e+00 1.877324753067778218e+01 4.959681734453118551e+00 1.071276668012074396e+01
2.395000000000000018e+00 1.368230913653576408e+00 1.887900562492630030e+01 5.024451835370533637e+00 1.085180778375605115e+01
2.399999999999999911e+00 1.369513976590007287e+00 1.898650598610377571e+01 5.089909576605120556e+00 1.099212085436909270e+01
2.405000000000000249e+00 1.370797391039600077e+00 1.909576013744346312e+01 5.156060053328539006e+00 1.113371549579324160e+01
2.410000000000000142e+00 1.372081146409197538e+00 1.920677524970968264e+01 5.222910876590378670e+00 1.127660670714685587e+01
2.415000000000000036e+00 1.373365232153893167e+00 1.931956283062810087e+01 5.290466443087089132e+00 1.142080264565645109e+01
2.419999999999999929e+00 1.374649637777930256e+00 1.943413250941302906e+01 5.358734337836525974e+00 1.156631746564409724e+01
2.425000000000000266e+00 1.375934352835608943e+00 1.955049137152474259e+01 5.427720096707972175e+00 1.171316203681501911e+01
2.430000000000000160e+00 1.377219366932191491e+00 1.966865052908384826e+01 5.497430688401614418e+00 1.186134905946915907e+01
2.435000000000000053e+00 1.378504669724822440e+00 1.978861861246303633e+01 5.567873010064191774e+00 1.201089156412440673e+01
2.439999999999999947e+00 1.379790250923445205e+00 1.991040464452771985e+01 5.639053879536820801e+00 1.216180174513694823e+01
2.444999999999999840e+00 1.381076100291728892e+00 2.003401769267642152e+01 5.710979511803387254e+00 1.231409111789246680e+01
2.450000000000000178e+00 1.382362207647998886e+00 2.015946639700462129e+01 5.783658113416345614e+00 1.246777451501326972e+01
2.455000000000000071e+00 1.383648562866170106e+00 2.028676277188132104e+01 5.857095951948420698e+00 1.262286285657688900e+01
2.459999999999999964e+00 1.384935155876690471e+00 2.041591237924907176e+01 5.931301163787524366e+00 1.277937095506642073e+01
2.464999999999999858e+00 1.386221976667483702e+00 2.054692745494536155e+01 6.006281413648908440e+00 1.293731199911487195e+01
2.470000000000000195e+00 1.387509015284901448e+00 2.067981644757769644e+01 6.082043552262828889e+00 1.309669789929445471e+01
2.475000000000000089e+00 1.388796261834676082e+00 2.081459017047770743e+01 6.158596757188714577e+00 1.325754500353421861e+01
2.479999999999999982e+00 1.390083706482882597e+00 2.095125875755206479e+01 6.235948635792481376e+00 1.341986585031397183e+01
2.484999999999999876e+00 1.391371339456903167e+00 2.108983222777706956e+01 6.314106891899232465e+00 1.358367358859635132e+01
2.490000000000000213e+00 1.392659151046396371e+00 2.123032013027363263e+01 6.393080779090625221e+00 1.374898428842599252e+01
2.495000000000000107e+00 1.393947131604270639e+00 2.137273494448037425e+01 6.472878088129707663e+00 1.391581037228282192e+01
2.500000000000000000e+00 1.395235271547664579e+00 2.151708716829003976e+01 6.553507478229634309e+00 1.408416655265367545e+01
2.504999999999999893e+00 1.396523561358930632e+00 2.166338842471304105e+01 6.634978267821536768e+00 1.425406780090946945e+01
2.510000000000000231e+00 1.397811991586621838e+00 2.181164901252285304e+01 6.717299225789258976e+00 1.442552881812503607e+01
2.515000000000000124e+00 1.399100552846486600e+00 2.196188315711416905e+01 6.800479382688427776e+00 1.459856450414355500e+01
2.520000000000000018e+00 1.400389235822465217e+00 2.211410282158289675e+01 6.884527399052933205e+00 1.477318735008659800e+01
2.524999999999999911e+00 1.401678031267691527e+00 2.226831951530471443e+01 6.969454092968380365e+00 1.494941687162194555e+01
2.530000000000000249e+00 1.402966930005501656e+00 2.242454647353336128e+01 7.055267459162503307e+00 1.512726360015474825e+01
2.535000000000000142e+00 1.404255922930439437e+00 2.258279737259027442e+01 7.141977759594579034e+00 1.530674476749057966e+01
2.540000000000000036e+00 1.405545001009279815e+00 2.274308544913169072e+01 7.229594309080792591e+00 1.548787493473955124e+01
2.544999999999999929e+00 1.406834155282040921e+00 2.290542432649621674e+01 7.318127208800390804e+00 1.567066943389241906e+01
2.550000000000000266e+00 1.408123376863012810e+00 2.306982914098123061e+01 7.407586870822105318e+00 1.585514449622947630e+01
2.555000000000000160e+00 1.409412656941783526e+00 2.323631329077655749e+01 7.497982188391842051e+00 1.604131352613785566e+01
2.560000000000000053e+00 1.410701986784272943e+00 2.340489354691009538e+01 7.589324575751839497e+00 1.622919380867470096e+01
2.564999999999999947e+00 1.411991357733769048e+00 2.357558166164075786e+01 7.681622213485195694e+00 1.641879745457032413e+01
2.569999999999999840e+00 1.413280761211968217e+00 2.374839561224298023e+01 7.774887969478225358e+00 1.661014528471404716e+01
2.575000000000000178e+00 1.414570188720020605e+00 2.392335068609506621e+01 7.869130065934871965e+00 1.680324727123826989e+01
2.580000000000000071e+00 1.415859631839580635e+00 2.410046222818677819e+01 7.964359123550222463e+00 1.699812078912178492e+01
2.584999999999999964e+00 1.417149082233858159e+00 2.427974514913171333e+01 8.060587129940815387e+00 1.719478332923368313e+01
2.589999999999999858e+00 1.418438531648677170e+00 2.446121838247309555e+01 8.157822276768927239e+00 1.739324544272077944e+01
2.595000000000000195e+00 1.419727971913536280e+00 2.464489585921712944e+01 8.256077178295747387e+00 1.759352757747264917e+01
2.600000000000000089e+00 1.421017394942674095e+00 2.483079639927316862e+01 8.355360989531821048e+00 1.779564130356003204e+01
2.604999999999999982e+00 1.422306792736138581e+00 2.501893652065592732e+01 8.455685065932303957e+00 1.799960439374229537e+01
2.609999999999999876e+00 1.423596157380858207e+00 2.520933154159858347e+01 8.557059465215932192e+00 1.820542980992767212e+01
2.615000000000000213e+00 1.424885481051721747e+00 2.540199898280744861e+01 8.659494934220996143e+00 1.841313383801306003e+01
2.620000000000000107e+00 1.426174756012655642e+00 2.559695672905424857e+01 8.763002322843648884e+00 1.862273171570371133e+01
2.625000000000000000e+00 1.427463974617710019e+00 2.579422135935260130e+01 8.867592378079319104e+00 1.883423869735720402e+01
2.629999999999999893e+00 1.428753129312145598e+00 2.599381182046895944e+01 8.973274505136197732e+00 1.904766701352176383e+01
2.635000000000000231e+00 1.430042212633526821e+00 2.619574393430311332e+01 9.080060795673803753e+00 1.926303498445563278e+01
2.640000000000000124e+00 1.431331217212814755e+00 2.640003497076542871e+01 9.187962537912028438e+00 1.948035866272007510e+01
2.645000000000000018e+00 1.432620135775467096e+00 2.660670188686223980e+01 9.296986658749252896e+00 1.969964487852037038e+01
2.649999999999999911e+00 1.433908961142540850e+00 2.681576295524081743e+01 9.407147672364716939e+00 1.992091642448569289e+01
2.655000000000000249e+00 1.435197686231796554e+00 2.702723784339776358e+01 9.518454953520594231e+00 2.014418562745342456e+01
2.660000000000000142e+00 1.436486304058808727e+00 2.724113826807640137e+01 9.630917256624671907e+00 2.036946366888942705e+01
2.665000000000000036e+00 1.437774807738079197e+00 2.745748238644090478e+01 9.744547670851881449e+00 2.059676947379286460e+01
2.669999999999999929e+00 1.439063190484150212e+00 2.767629072103956744e+01 9.859354246793063936e+00 2.082611289821741707e+01
2.675000000000000266e+00 1.440351445612727099e+00 2.789757748196598541e+01 9.975348257962695087e+00 2.105751010422737224e+01
2.680000000000000160e+00 1.441639566541798700e+00 2.812136100001306716e+01 1.009253957351200448e+01 2.129097391736408795e+01
2.685000000000000053e+00 1.442927546792763360e+00 2.834765496626526016e+01 1.021093959473432022e+01 2.152651989972947533e+01
2.689999999999999947e+00 1.444215379991559578e+00 2.857647541644319844e+01 1.033055690744511068e+01 2.176416059872323672e+01
2.694999999999999840e+00 1.445503059869796658e+00 2.880784163653309449e+01 1.045140325444668150e+01 2.200391035163795550e+01
2.700000000000000178e+00 1.446790580265890691e+00 2.904176738541461944e+01 1.057348721959063553e+01 2.224578139416439626e+01
2.705000000000000071e+00 1.448077935126202975e+00 2.927826650554970200e+01 1.069681894669796307e+01 2.248978744489284054e+01
2.709999999999999964e+00 1.449365118506182437e+00 2.951735493288457945e+01 1.082140896713600497e+01 2.273594278590247697e+01
2.714999999999999858e+00 1.450652124571508272e+00 2.975904944661284190e+01 1.094726803403783499e+01 2.298426206903209490e+01
2.720000000000000195e+00 1.451938947599239915e+00 3.000336213669849528e+01 1.107440271205843629e+01 2.323475227143347865e+01
2.725000000000000089e+00 1.453225581978965009e+00 3.025030863672792947e+01 1.120282582100291613e+01 2.348743226865888545e+01
2.729999999999999982e+00 1.454512022213955591e+00 3.049990072903381844e+01 1.133254640044441253e+01 2.374231516500852734e+01
2.734999999999999876e+00 1.455798262922322506e+00 3.075215206851292393e+01 1.146357321663139928e+01 2.399941075609861940e+01
2.740000000000000213e+00 1.457084298838174696e+00 3.100707742215097085e+01 1.159591567106066279e+01 2.425873281262790826e+01
2.745000000000000107e+00 1.458370124812782276e+00 3.126468652211868715e+01 1.172958256300715441e+01 2.452029217794279958e+01
2.750000000000000000e+00 1.459655735815740485e+00 3.152499246171769443e+01 1.186458530708683590e+01 2.478410574912119557e+01
2.754999999999999893e+00 1.460941126936137202e+00 3.178800712380425253e+01 1.200093114034724273e+01 2.505018220422604713e+01
2.760000000000000231e+00 1.462226293383724007e+00 3.205374248602259257e+01 1.213862964689226231e+01 2.531853513588029969e+01
2.765000000000000124e+00 1.463511230490086357e+00 3.232220589282503198e+01 1.227768971280240073e+01 2.558917591607802677e+01
2.770000000000000018e+00 1.464795933709824194e+00 3.259341076054908370e+01 1.241812139589117336e+01 2.586211987754839825e+01
2.774999999999999911e+00 1.466080398621724123e+00 3.286736597770750024e+01 1.255993394011763264e+01 2.613737898521528180e+01
2.780000000000000249e+00 1.467364620929943797e+00 3.314407869695215680e+01 1.270313267981296512e+01 2.641495946675707174e+01
2.785000000000000142e+00 1.468648596465194744e+00 3.342355916101609381e+01 1.284773163471682089e+01 2.669488376241633176e+01
2.790000000000000036e+00 1.469932321185927426e+00 3.370581447267744579e+01 1.299373407149920823e+01 2.697715361040149062e+01
2.794999999999999929e+00 1.471215791179520282e+00 3.399085289375666719e+01 1.314115177317570904e+01 2.726178673332379176e+01
2.800000000000000266e+00 1.472499002663467449e+00 3.427868216406162816e+01 1.328999477627627890e+01 2.754879851244160704e+01
2.805000000000000160e+00 1.473781951986576466e+00 3.456930615674244223e+01 1.344026610270630329e+01 2.783819140969695027e+01
2.810000000000000053e+00 1.475064635630160437e+00 3.486273311517784634e+01 1.359197993814213135e+01 2.812998706276455607e+01
2.814999999999999947e+00 1.476347050209237288e+00 3.515896585728300039e+01 1.374514187055712178e+01 2.842419403207072648e+01
2.819999999999999840e+00 1.477629192473728592e+00 3.545801088787951016e+01 1.389975979799400108e+01 2.872082373756773777e+01
2.825000000000000178e+00 1.478911059309663267e+00 3.575987087551533961e+01 1.405584317321459764e+01 2.901989000440693189e+01
2.830000000000000071e+00 1.480192647740382617e+00 3.606455278059689817e+01 1.421340022655690660e+01 2.932140498772345438e+01
2.834999999999999964e+00 1.481473954927746250e+00 3.637205406354553361e+01 1.437243830067016503e+01 2.962538138215745320e+01
2.839999999999999858e+00 1.482754978173340454e+00 3.668238320961089016e+01 1.453296787596508466e+01 2.993183507145510447e+01
2.845000000000000195e+00 1.484035714919693882e+00 3.699553762252308786e+01 1.469499174029053812e+01 3.024076869482303920e+01
2.850000000000000089e+00 1.485316162751484814e+00 3.731151962286369184e+01 1.485852224713398151e+01 3.055220329221839037e+01
2.854999999999999982e+00 1.486596319396762178e+00 3.763032971783984948e+01 1.502356718708881367e+01 3.086615158402409875e+01
2.859999999999999876e+00 1.487876182728162133e+00 3.795196853229073497e+01 1.519013434637832738e+01 3.118262644033821118e+01
2.865000000000000213e+00 1.489155750764126207e+00 3.827643545542895254e+01 1.535822922637497889e+01 3.150163582339982682e+01
2.870000000000000107e+00 1.490435021670126092e+00 3.860373090407514240e+01 1.552786197204595986e+01 3.182319718699035604e+01
2.875000000000000000e+00 1.491713993759884893e+00 3.893384996545839982e+01 1.569904006413494635e+01 3.214732463473812629e+01
2.879999999999999893e+00 1.492992665496607696e+00 3.926679297311333272e+01 1.587177145229314590e+01 3.247403031842946319e+01
2.885000000000000231e+00 1.494271035494205480e+00 3.960255655854448520e+01 1.604606134969909803e+01 3.280332313449121528e+01
2.890000000000000124e+00 1.495549102518527240e+00 3.994113729478551278e+01 1.622192244570115705e+01 3.313522725225411136e+01
2.895000000000000018e+00 1.496826865488593894e+00 4.028253023856257897e+01 1.639935958053190390e+01 3.346974963907136669e+01
2.899999999999999911e+00 1.498104323477830180e+00 4.062673430087250637e+01 1.657838125143184982e+01 3.380690765687266008e+01
2.905000000000000249e+00 1.499381475715303225e+00 4.097374083599731875e+01 1.675899451158798925e+01 3.414671328878508660e+01
2.910000000000000142e+00 1.500658321586958444e+00 4.132354633962684431e+01 1.694120723388680716e+01 3.448918212319594545e+01
2.915000000000000036e+00 1.501934860636862323e+00 4.167614452121262758e+01 1.712502709660904898e+01 3.483432743076873095e+01
2.919999999999999929e+00 1.503211092568443430e+00 4.203152914429736597e+01 1.731046430039810957e+01 3.518217071273316066e+01
2.925000000000000266e+00 1.504487017245737190e+00 4.238969386544225415e+01 1.749752402744591961e+01 3.553272098768063358e+01
2.930000000000000160e+00 1.505762634694630231e+00 4.275063076002776086e+01 1.768621648268584323e+01 3.588599955101022232e+01
2.935000000000000053e+00 1.507037945104112264e+00 4.311432970204219117e+01 1.787654636981408984e+01 3.624201501926899738e+01
2.939999999999999947e+00 1.508312948827522426e+00 4.348078800225609797e+01 1.806852449141026895e+01 3.660078962862449714e+01
2.944999999999999840e+00 1.509587646383803383e+00 4.384999121037439807e+01 1.826215559716822767e+01 3.696233514005891863e+01
2.950000000000000178e+00 1.510862038458753664e+00 4.422193213658874100e+01 1.845745215804797823e+01 3.732667488864394301e+01
2.955000000000000071e+00 1.512136125906285322e+00 4.459660492362735340e+01 1.865442006271067754e+01 3.769382263119214826e+01
2.959999999999999964e+00 1.513409909749681370e+00 4.497399115321545793e+01 1.885306325478874001e+01 3.806378906290160558e+01
2.964999999999999858e+00 1.514683391182853445e+00 4.535408680655560687e+01 1.905339759257615739e+01 3.843660572266063724e+01
2.970000000000000195e+00 1.515956571571605682e+00 4.573688269899315628e+01 1.925542595686166436e+01 3.881227950399351556e+01
2.975000000000000089e+00 1.517229452454897709e+00 4.612236274658889812e+01 1.945915543638887968e+01 3.919082883186798227e+01
2.979999999999999982e+00 1.518502035546109630e+00 4.651051507118375383e+01 1.966459837434494062e+01 3.957227817591432739e+01
2.984999999999999876e+00 1.519774322734309235e+00 4.690133415577816578e+01 1.987176092730630117e+01 3.995664323444927390e+01
2.990000000000000213e+00 1.521046316085523209e+00 4.729480371524071103e+01 2.008065269258088392e+01 4.034394622895558058e+01
2.995000000000000107e+00 1.522318017844006111e+00 4.769091043260778662e+01 2.029128101133176898e+01 4.073420286046236782e+01
3.000000000000000000e+00 1.523589430433515579e+00 4.808964160136596178e+01 2.050365379085620887e+01 4.112743505955396728e+01
3.004999999999999893e+00 1.524860556458587313e+00 4.849098711270344353e+01 2.071777866438126381e+01 4.152365780847974008e+01
3.010000000000000231e+00 1.526131398705811604e+00 4.889493278687348976e+01 2.093366614909470513e+01 4.192289734889693875e+01
3.015000000000000124e+00 1.527401960145112314e+00 4.930146517917782489e+01 2.115132625271045796e+01 4.232517575842724256e+01
3.020000000000000018e+00 1.528672243931031183e+00 4.971056747272108112e+01 2.137076379289828409e+01 4.273050896676174659e+01
3.024999999999999911e+00 1.529942253404009023e+00 5.012222882458274142e+01 2.159198939532502592e+01 4.313891975357640263e+01
3.030000000000000249e+00 1.531211992091669805e+00 5.053643859547972284e+01 2.181501389160731463e+01 4.355043404094364234e+01
3.035000000000000142e+00 1.532481463710112957e+00 5.095317485216904174e+01 2.203984130381781270e+01 4.396506511185015142e+01
3.040000000000000036e+00 1.533750672165198337e+00 5.137243134249843735e+01 2.226648582823815303e+01 4.438284458359453311e+01
3.044999999999999929e+00 1.535019621553841640e+00 5.179418875466974015e+01 2.249495467008915028e+01 4.480379192746457306e+01
3.050000000000000266e+00 1.536288316165307810e+00 5.221843415291785817e+01 2.272525570060831512e+01 4.522792829486156307e+01
3.055000000000000160e+00 1.537556760482504448e+00 5.264515450322150514e+01 2.295739972899802339e+01 4.565527818479031197e+01
3.060000000000000053e+00 1.538824959183287211e+00 5.307433252669067514e+01 2.319139441341232200e+01 4.608586394372927941e+01
3.064999999999999947e+00 1.540092917141751672e+00 5.350595613725291599e+01 2.342725057334411076e+01 4.651971042958285096e+01
3.070000000000000284e+00 1.541360639429545376e+00 5.394000746784403333e+01 2.366497555625193883e+01 4.695683825085839658e+01
3.075000000000000178e+00 1.542628131317168361e+00 5.437647474178690032e+01 2.390458060111034655e+01 4.739727511418085015e+01
3.080000000000000071e+00 1.543895398275281439e+00 5.481534281941640785e+01 2.414607395000053813e+01 4.784104416372981206e+01
3.084999999999999964e+00 1.545162445976019150e+00 5.525660428077392083e+01 2.438946103432244072e+01 4.828815872383670893e+01
3.089999999999999858e+00 1.546429280294300046e+00 5.570023348155679344e+01 2.463476026534831220e+01 4.873866294795438137e+01
3.095000000000000195e+00 1.547695907309144969e+00 5.614621436248656039e+01 2.488197941026473714e+01 4.919257838146297956e+01
3.100000000000000089e+00 1.548962333304992001e+00 5.659454341921309606e+01 2.513112839216707428e+01 4.964992990548107343e+01
3.104999999999999982e+00 1.550228564773019402e+00 5.704520114839994704e+01 2.538221443946463296e+01 5.011073729662061282e+01
3.109999999999999876e+00 1.551494608412467890e+00 5.749817029090160503e+01 2.563524518237277050e+01 5.057502280616998291e+01
3.115000000000000213e+00 1.552760471131968911e+00 5.795344541532057292e+01 2.589023648853539683e+01 5.104282280824948970e+01
3.120000000000000107e+00 1.554026160050869576e+00 5.841100545117431864e+01 2.614719500411818132e+01 5.151415658779620088e+01
3.125000000000000000e+00 1.555291682500568706e+00 5.887084154600756847e+01 2.640613051165446734e+01 5.198905049378812038e+01
3.129999999999999893e+00 1.556557046025848434e+00 5.933294000748926322e+01 2.666705388156746181e+01 5.246753063383450666e+01
3.135000000000000231e+00 1.557822258386214909e+00 5.979728734160912040e+01 2.692997646604039730e+01 5.294962606016676432e+01
3.140000000000000124e+00 1.559087327557234559e+00 6.026386644639001133e+01 2.719490953170709702e+01 5.343536541960364161e+01
3.145000000000000018e+00 1.560352261731882795e+00 6.073267303099894576e+01 2.746185679151862402e+01 5.392476237771776937e+01
3.149999999999999911e+00 1.561617069321888263e+00 6.120369111754921221e+01 2.773083853008026267e+01 5.441786201952832158e+01
3.155000000000000249e+00 1.562881758959084433e+00 6.167690740636753333e+01 2.800185414531085470e+01 5.491466989586380976e+01
3.160000000000000142e+00 1.564146339496760740e+00 6.215230910021355726e+01 2.827492139946817673e+01 5.541522766126949762e+01
3.165000000000000036e+00 1.565410820011023496e+00 6.262989220085821529e+01 2.855005043190329772e+01 5.591955954396382822e+01
3.169999999999999929e+00 1.566675209802153468e+00 6.310964066744737977e+01 2.882724920349904352e+01 5.642768756482261949e+01
3.175000000000000266e+00 1.567939518395971676e+00 6.359154474560372705e+01 2.910653028355504190e+01 5.693964311723822647e+01
3.180000000000000160e+00 1.569203755545205192e+00 6.407559200540583788e+01 2.938790211607674152e+01 5.745544864239025884e+01
3.185000000000000053e+00 1.570467931230861369e+00 6.456177682619487257e+01 2.967137496739642799e+01 5.797513004395847247e+01
3.189999999999999947e+00 1.571732055663601191e+00 6.505009171725893680e+01 2.995696423704363198e+01 5.849872067059633451e+01
3.195000000000000284e+00 1.572996139285118833e+00 6.554051950285580119e+01 3.024467181844668318e+01 5.902623370457848750e+01
3.200000000000000178e+00 1.574260192769525224e+00 6.603306168675035792e+01 3.053451483429495994e+01 5.955770441375119617e+01
3.205000000000000071e+00 1.575524227024737378e+00 6.652770129484953543e+01 3.082650480159148998e+01 6.009316330286728203e+01
3.209999999999999964e+00 1.576788253193867284e+00 6.702443712708556234e+01 3.112064579898091310e+01 6.063262286351550756e+01
3.214999999999999858e+00 1.578052282656617233e+00 6.752325907703190921e+01 3.141695350329651149e+01 6.117611829569106163e+01
3.220000000000000195e+00 1.579316327030685141e+00 6.802416473378980299e+01 3.171543822074591290e+01 6.172367512347938856e+01
3.225000000000000089e+00 1.580580398173165202e+00 6.852714168459995392e+01 3.201610874520013539e+01 6.227531569837176306e+01
3.229999999999999982e+00 1.581844508181959430e+00 6.903218732480705455e+01 3.231897497182335144e+01 6.283106182628801406e+01
3.234999999999999876e+00 1.583108669397191415e+00 6.953930019102018889e+01 3.262404847270224906e+01 6.339094376108853623e+01
3.240000000000000213e+00 1.584372894402625409e+00 7.004846955990819879e+01 3.293133751086202921e+01 6.395498013080498367e+01
3.245000000000000107e+00 1.585637196027092743e+00 7.055969148089239695e+01 3.324085527788864169e+01 6.452320110481451820e+01
3.250000000000000000e+00 1.586901587345919129e+00 7.107296744028266744e+01 3.355261327015553263e+01 6.509563265870778537e+01
3.254999999999999893e+00 1.588166081682362174e+00 7.158829033438230738e+01 3.386661753792485996e+01 6.567229354120649987e+01
3.260000000000000231e+00 1.589430692609048013e+00 7.210566183128992179e+01 3.418288279272584873e+01 6.625321092857517158e+01
3.265000000000000124e+00 1.590695433949419924e+00 7.262506982394150157e+01 3.450141058587896481e+01 6.683839573954247726e+01
3.270000000000000018e+00 1.591960319779189614e+00 7.314652443655398883e+01 3.482222350944053346e+01 6.742789154487698511e+01
3.274999999999999911e+00 1.593225364427793389e+00 7.367001853356873653e+01 3.514532088981317770e+01 6.802170263032023456e+01
3.280000000000000249e+00 1.594490582479856755e+00 7.419555216877002124e+01 3.547071730522001332e+01 6.861986050787248814e+01
3.285000000000000142e+00 1.595755988776664358e+00 7.472312373415232400e+01 3.579842225440192749e+01 6.922238527395356300e+01
3.290000000000000036e+00 1.597021598417631694e+00 7.525273774105059488e+01 3.612844405722231045e+01 6.982929481198949873e+01
3.294999999999999929e+00 1.598287426761794583e+00 7.578439027089186197e+01 3.646079280094209452e+01 7.044061438736697767e+01
3.300000000000000266e+00 1.599553489429289543e+00 7.631808596375836373e+01 3.679547972107775422e+01 7.105636494580421925e+01
3.305000000000000160e+00 1.600819802302856587e+00 7.685382682716124236e+01 3.713251564465284105e+01 7.167657088829307099e+01
3.310000000000000053e+00 1.602086381529337800e+00 7.739161123436835510e+01 3.747190388207057055e+01 7.230124055087536306e+01
3.314999999999999947e+00 1.603353243521186133e+00 7.793144545563211523e+01 3.781365587482461876e+01 7.293039701424737586e+01
3.320000000000000284e+00 1.604620404957985969e+00 7.847333398118763625e+01 3.815778615700002518e+01 7.356406915071983121e+01
3.325000000000000178e+00 1.605887882787973897e+00 7.901727645947013912e+01 3.850429474656431239e+01 7.420226088447127211e+01
3.330000000000000071e+00 1.607155694229572163e+00 7.956328193566105256e+01 3.885319704869594659e+01 7.484500022619039328e+01
3.334999999999999964e+00 1.608423856772927873e+00 8.011134892868479085e+01 3.920449923125424618e+01 7.549230281546213916e+01
3.339999999999999858e+00 1.609692388181460876e+00 8.066148885996189222e+01 3.955821018077942597e+01 7.614418402491079974e+01
3.345000000000000195e+00 1.610961306493419842e+00 8.121370077859758396e+01 3.991433960094980904e+01 7.680066546174172970e+01
3.350000000000000089e+00 1.612230630023444355e+00 8.176799693239296118e+01 4.027289283429866629e+01 7.746175515819552970e+01
3.354999999999999982e+00 1.613500377364142535e+00 8.232438094410304075e+01 4.063388416210081999e+01 7.812748365524258531e+01
3.359999999999999876e+00 1.614770567387667999e+00 8.288286180938737857e+01 4.099731460352155210e+01 7.879785142923637409e+01
3.365000000000000213e+00 1.616041219247312144e+00 8.344343730019339489e+01 4.136319237223638368e+01 7.947287463735574420e+01
3.370000000000000107e+00 1.617312352379102647e+00 8.400612918796626616e+01 4.173153266930970773e+01 8.015258159921393144e+01
3.375000000000000000e+00 1.618583986503417060e+00 8.457093573002794074e+01 4.210233342406398549e+01 8.083696980979667046e+01
3.379999999999999893e+00 1.619856141626595081e+00 8.513786776628263908e+01 4.247560957394888703e+01 8.152606532871257627e+01
3.385000000000000231e+00 1.621128838042573905e+00 8.570693092991385242e+01 4.285136102922938051e+01 8.221986869737673942e+01
3.390000000000000124e+00 1.622402096334521149e+00 8.627813651681587714e+01 4.322960309572820137e+01 8.291840972373202590e+01
3.395000000000000018e+00 1.623675937376488410e+00 8.685150158071931514e+01 4.361034070585511557e+01 8.362169111736962179e+01
3.399999999999999911e+00 1.624950382335069499e+00 8.742701591187393717e+01 4.399356582282738515e+01 8.432970477054243474e+01
3.405000000000000249e+00 1.626225452671069327e+00 8.800470911629672344e+01 4.437930938910478318e+01 8.504250319511930911e+01
3.410000000000000142e+00 1.627501170141188780e+00 8.858458175882429941e+01 4.476756461129551923e+01 8.576007252348318843e+01
3.415000000000000036e+00 1.628777556799715365e+00 8.916664410141798669e+01 4.515833513848557601e+01 8.648242122265878606e+01
3.419999999999999929e+00 1.630054635000228513e+00 8.975091274608440983e+01 4.555163319256490695e+01 8.720956786556904206e+01
3.425000000000000266e+00 1.631332427397314877e+00 9.033738964464932053e+01 4.594745971918135297e+01 8.794151487048482352e+01
3.430000000000000160e+00 1.632610956948298497e+00 9.092609253936728919e+01 4.634582735625553340e+01 8.867828324723379296e+01
3.435000000000000053e+00 1.633890246914980304e+00 9.151702719829422961e+01 4.674672997092946503e+01 8.941986095245607657e+01
3.439999999999999947e+00 1.635170320865392934e+00 9.211021050828897216e+01 4.715018743422130854e+01 9.016628295421386952e+01
3.445000000000000284e+00 1.636451202675564431e+00 9.270564953089083815e+01 4.755619335573118889e+01 9.091753552436489372e+01
3.450000000000000178e+00 1.637732916531301264e+00 9.330336438184893666e+01 4.796475268624903521e+01 9.167362398010318714e+01
3.455000000000000071e+00 1.639015486929979559e+00 9.390335283879637984e+01 4.837587988704910202e+01 9.243457853486675901e+01
3.459999999999999964e+00 1.640298938682350771e+00 9.450563933899215385e+01 4.878957272500235831e+01 9.320038739921784554e+01
3.464999999999999858e+00 1.641583296914366441e+00 9.511022721233172206e+01 4.920583141787825809e+01 9.397105319305276794e+01
3.470000000000000195e+00 1.642868587069010289e+00 9.571713500212715076e+01 4.962466773574576706e+01 9.474659483067611632e+01
3.475000000000000089e+00 1.644154834908149621e+00 9.632637141151752758e+01 5.004608181572764636e+01 9.552700769953838744e+01
3.479999999999999982e+00 1.645442066514400281e+00 9.693794594980457191e+01 5.047008300253223467e+01 9.631231157545870758e+01
3.484999999999999876e+00 1.646730308293007594e+00 9.755187947265142157e+01 5.089666772247273485e+01 9.710249089651954080e+01
3.490000000000000213e+00 1.648019586973742623e+00 9.816817901025042659e+01 5.132584379191737156e+01 9.789756584235782100e+01
3.495000000000000107e+00 1.649309929612814640e+00 9.878685405921085305e+01 5.175761082519959189e+01 9.869752623472646746e+01
3.500000000000000000e+00 1.650601363594798476e+00 9.940792903627199451e+01 5.219197479807554885e+01 9.950238546886308200e+01
3.504999999999999893e+00 1.651893916634581849e+00 1.000305664097632956e+02 5.262837475088632999e+01 1.003105264567276294e+02
3.510000000000000231e+00 1.653187616779326907e+00 1.006556095191289586e+02 5.306737626515101880e+01 1.011235569845216276e+02
3.515000000000000124e+00 1.654482492410449757e+00 1.012830641079452505e+02 5.350896165857714948e+01 1.019414391003429472e+02
3.520000000000000018e+00 1.655778572245619973e+00 1.019129575890998183e+02 5.395315180102041097e+01 1.027642073775649010e+02
3.524999999999999911e+00 1.657075885340773880e+00 1.025452894470846417e+02 5.439994289075987410e+01 1.035918571801629895e+02
3.530000000000000249e+00 1.658374461092151142e+00 1.031800735823454716e+02 5.484932692747091210e+01 1.044243678762135801e+02
3.535000000000000142e+00 1.659674329238346902e+00 1.038173239830210974e+02 5.530132039855885751e+01 1.052617709096617631e+02
3.540000000000000036e+00 1.660975519862385452e+00 1.044570590743593073e+02 5.575591526084652116e+01 1.061040393372614403e+02
3.544999999999999929e+00 1.662278063393811456e+00 1.050992827044129712e+02 5.621312584296284598e+01 1.069512091591042235e+02
3.550000000000000266e+00 1.663581990610803807e+00 1.057440135201315456e+02 5.667293526907660350e+01 1.078032348602321235e+02
3.555000000000000160e+00 1.664887332642308815e+00 1.063912595275530037e+02 5.713535826476680057e+01 1.086601502474896535e+02
3.560000000000000053e+00 1.666194120970192039e+00 1.070410314471766497e+02 5.760039145742006639e+01 1.095219404492595032e+02
3.564999999999999947e+00 1.667502387431416100e+00 1.076933515777889738e+02 5.806803723508176773e+01 1.103886071328771976e+02
3.570000000000000284e+00 1.668812164220237593e+00 1.083482168550682303e+02 5.853828858803976942e+01 1.112601392856196014e+02
3.575000000000000178e+00 1.670123483890425531e+00 1.090056540949905894e+02 5.901116355086860210e+01 1.121365628301031308e+02
3.580000000000000071e+00 1.671436379357503110e+00 1.096656625097166540e+02 5.948665580582055412e+01 1.130178644814227482e+02
3.584999999999999964e+00 1.672750883901015451e+00 1.103282653199496934e+02 5.996475835176737945e+01 1.139040302380666674e+02
3.589999999999999858e+00 1.674067031166816655e+00 1.109934691294372016e+02 6.044548288168613226e+01 1.147950748994986014e+02
3.595000000000000195e+00 1.675384855169382847e+00 1.116612840640799931e+02 6.092882429078984785e+01 1.156909903091427054e+02
3.600000000000000089e+00 1.676704390294149860e+00 1.123317172201886081e+02 6.141477804907426474e+01 1.165917620504478549e+02
3.604999999999999982e+00 1.678025671299876453e+00 1.130047910157376378e+02 6.190336139614517919e+01 1.174974233767479888e+02
3.609999999999999876e+00 1.679348733321033071e+00 1.136805181206258624e+02 6.239456133588877407e+01 1.184079414175063221e+02
3.615000000000000213e+00 1.680673611870211692e+00 1.143588951700782985e+02 6.288837708076003707e+01 1.193233179458544413e+02
3.620000000000000107e+00 1.682000342840573426e+00 1.150399438939822261e+02 6.338481550732976899e+01 1.202435596720374207e+02
3.625000000000000000e+00 1.683328962508309878e+00 1.157236772365831143e+02 6.388388082937441226e+01 1.211686693868122120e+02
3.629999999999999893e+00 1.684659507535143819e+00 1.164100956910112501e+02 6.438556314044140549e+01 1.220986286009344468e+02
3.635000000000000231e+00 1.685992014970846498e+00 1.170992234853971041e+02 6.488987253169385383e+01 1.230334537434763575e+02
3.640000000000000124e+00 1.687326522255794936e+00 1.177910629628367047e+02 6.539680653737838156e+01 1.239731364947653702e+02
3.645000000000000018e+00 1.688663067223552527e+00 1.184856281620485419e+02 6.590636048557598770e+01 1.249176640515475754e+02
3.649999999999999911e+00 1.690001688103477839e+00 1.191829337613100677e+02 6.641854699275167206e+01 1.258670548422399946e+02
3.655000000000000249e+00 1.691342423523365834e+00 1.198829831601157423e+02 6.693334817218804744e+01 1.268212773783571521e+02
3.660000000000000142e+00 1.692685312512123508e+00 1.205857881193674785e+02 6.745078285189561029e+01 1.277803594526328226e+02
3.665000000000000036e+00 1.694030394502469727e+00 1.212913595299617668e+02 6.797083641248659092e+01 1.287442756376197224e+02
3.669999999999999929e+00 1.695377709333675487e+00 1.219997139062990783e+02 6.849352874762971055e+01 1.297130543947154706e+02
3.675000000000000266e+00 1.696727297254325917e+00 1.227108588971144911e+02 6.901884294287584964e+01 1.306866629171115903e+02
3.680000000000000160e+00 1.698079198925130706e+00 1.234247989094674267e+02 6.954678646937341568e+01 1.316651134466763722e+02
3.685000000000000053e+00 1.699433455421752726e+00 1.241415453276780170e+02 7.007736794373258249e+01 1.326484175596505395e+02
3.689999999999999947e+00 1.700790108237682396e+00 1.248611165931804834e+02 7.061057434003770084e+01 1.336365439459999322e+02
3.695000000000000284e+00 1.702149199287140036e+00 1.255835232548715794e+02 7.114641473380180514e+01 1.346295072936939903e+02
3.700000000000000178e+00 1.703510770908022831e+00 1.263087707784281832e+02 7.168488732814553543e+01 1.356273044364695011e+02
3.705000000000000071e+00 1.704874865864877798e+00 1.270368590649756300e+02 7.222599655485819881e+01 1.366299412145225176e+02
3.709999999999999964e+00 1.706241527351919807e+00 1.277678174947052554e+02 7.276974020750536454e+01 1.376373998316124414e+02
3.714999999999999858e+00 1.707610798996081591e+00 1.285016457690925051e+02 7.331613249828258461e+01 1.386497140030066646e+02
3.720000000000000195e+00 1.708982724860113711e+00 1.292383597106984894e+02 7.386515629366056146e+01 1.396668404839884943e+02
3.725000000000000089e+00 1.710357349445704500e+00 1.299779576468774849e+02 7.441682393854681266e+01 1.406888026524795237e+02
3.729999999999999982e+00 1.711734717696661745e+00 1.307204627384158186e+02 7.497113889107856721e+01 1.417155968799623906e+02
3.734999999999999876e+00 1.713114875002117454e+00 1.314658784107294025e+02 7.552809007938405728e+01 1.427472053410757269e+02
3.740000000000000213e+00 1.714497867199787251e+00 1.322142220086611815e+02 7.608770395957735388e+01 1.437836646380484353e+02
3.745000000000000107e+00 1.715883740579261962e+00 1.329654993883540612e+02 7.664996054022782346e+01 1.448249409160609957e+02
3.750000000000000000e+00 1.717272541885350057e+00 1.337197145138489986e+02 7.721487316798361178e+01 1.458710480605174951e+02
3.754999999999999893e+00 1.718664318321458495e+00 1.344768829800128742e+02 7.778244239837422924e+01 1.469219872096784627e+02
3.760000000000000231e+00 1.720059117553022654e+00 1.352370151662150590e+02 7.835266762417235498e+01 1.479777535199648355e+02
3.765000000000000124e+00 1.721456987710977105e+00 1.360001206622766858e+02 7.892555333470468781e+01 1.490383426331069359e+02
3.770000000000000018e+00 1.722857977395276574e+00 1.367662097225392017e+02 7.950110829100508170e+01 1.501037708469289953e+02
3.774999999999999911e+00 1.724262135678464647e+00 1.375352880363200256e+02 8.007932762712668762e+01 1.511740231391945883e+02
3.780000000000000249e+00 1.725669512109285098e+00 1.383073830531586168e+02 8.066022562188759082e+01 1.522491165626960878e+02
3.785000000000000142e+00 1.727080156716347847e+00 1.390824828128142769e+02 8.124379064607133216e+01 1.533290277838412976e+02
3.790000000000000036e+00 1.728494120011841551e+00 1.398606070983620384e+02 8.183003391027091311e+01 1.544137755227825721e+02
3.794999999999999929e+00 1.729911452995299248e+00 1.406417687777372407e+02 8.241896159398737609e+01 1.555033541669608894e+02
3.800000000000000266e+00 1.731332207157411762e+00 1.414259760785189428e+02 8.301058157627565492e+01 1.565977810394216760e+02
3.805000000000000160e+00 1.732756434483898600e+00 1.422132414037790795e+02 8.360488236951704266e+01 1.576970259594203014e+02
3.810000000000000053e+00 1.734184187459427706e+00 1.430035665020923830e+02 8.420188412347556550e+01 1.588011186367598100e+02
3.814999999999999947e+00 1.735615519071593615e+00 1.437969693269153026e+02 8.480157933504143841e+01 1.599100411085458404e+02
3.820000000000000284e+00 1.737050482814948671e+00 1.445934608962357686e+02 8.540398404064396232e+01 1.610238139544205467e+02
3.825000000000000178e+00 1.738489132695088868e+00 1.453930476461775925e+02 8.600909347882981137e+01 1.621424197131264009e+02
3.830000000000000071e+00 1.739931523232801869e+00 1.461957465038273938e+02 8.661691791840297583e+01 1.632658718313806219e+02
3.834999999999999964e+00 1.741377709468272084e+00 1.470015525500032822e+02 8.722745632536806681e+01 1.643941657298574626e+02
3.839999999999999858e+00 1.742827746965340152e+00 1.478104949588828845e+02 8.784071438371962870e+01 1.655272961363556021e+02
3.845000000000000195e+00 1.744281691815829705e+00 1.486225725155420321e+02 8.845670435311430424e+01 1.666652831830687660e+02
3.850000000000000089e+00 1.745739600643932299e+00 1.494377945633833633e+02 8.907543099388720975e+01 1.678081298556438696e+02
3.854999999999999982e+00 1.747201530610656750e+00 1.502561813985667811e+02 8.969688642331324502e+01 1.689558034017131263e+02
3.859999999999999876e+00 1.748667539418339745e+00 1.510777321546829626e+02 9.032108338611104159e+01 1.701083295750447917e+02
3.865000000000000213e+00 1.750137685315223512e+00 1.519024039683192484e+02 9.094795433935914275e+01 1.712655711203487385e+02
3.870000000000000107e+00 1.751612027100100555e+00 1.527303290267434761e+02 9.157764948860992149e+01 1.724277962373959667e+02
3.875000000000000000e+00 1.753090624127023878e+00 1.535614347837286289e+02 9.221009871966764138e+01 1.735948728613847152e+02
3.879999999999999893e+00 1.754573536310083837e+00 1.543957668962441403e+02 9.284531842076481212e+01 1.747668135744483493e+02
3.885000000000000231e+00 1.756060824128258258e+00 1.552333041261148594e+02 9.348329793314798053e+01 1.759435982697198995e+02
3.890000000000000124e+00 1.757552548630337386e+00 1.560740781148033136e+02 9.412406559974407116e+01 1.771252619982163026e+02
3.895000000000000018e+00 1.759048771439909009e+00 1.569180893548700624e+02 9.476759675426194462e+01 1.783117562997811092e+02
3.899999999999999911e+00 1.760549554760425739e+00 1.577653588912959037e+02 9.541393070525988662e+01 1.795031384775458037e+02
3.905000000000000249e+00 1.762054961380348228e+00 1.586158697462200848e+02 9.606304439348656388e+01 1.806993654242201046e+02
3.910000000000000142e+00 1.763565054678360111e+00 1.594696580798864431e+02 9.671494715074774717e+01 1.819004352668674471e+02
3.915000000000000036e+00 1.765079898628665322e+00 1.603267075166279199e+02 9.736965293369839003e+01 1.831063744179237744e+02
3.919999999999999929e+00 1.766599557806353804e+00 1.611870630985211506e+02 9.802716936606569220e+01 1.843171750266941444e+02
3.925000000000000266e+00 1.768124097392861804e+00 1.620506968309059630e+02 9.868749300394679835e+01 1.855328315757725477e+02
3.930000000000000160e+00 1.769653583181507006e+00 1.629176513941789608e+02 9.935063057491139205e+01 1.867533411223275550e+02
3.935000000000000053e+00 1.771188081583099816e+00 1.637878966341920091e+02 1.000165895819442596e+02 1.879787126574641150e+02
3.939999999999999947e+00 1.772727659631656794e+00 1.646614742790538912e+02 1.006853757641534628e+02 1.892089395004188646e+02
3.945000000000000284e+00 1.774272384990179141e+00 1.655383865597984254e+02 1.013569919095166085e+02 1.904440185590394776e+02
3.950000000000000178e+00 1.775822325956536885e+00 1.664186272210661457e+02 1.020314404127011727e+02 1.916839470711502145e+02
3.955000000000000071e+00 1.777377551469432548e+00 1.673022126887765921e+02 1.027087215739648940e+02 1.929287138795388898e+02
3.959999999999999964e+00 1.778938131114458976e+00 1.681891516987008970e+02 1.033888563359431316e+02 1.941783527977995334e+02
3.965000000000000302e+00 1.780504135130244192e+00 1.690794544046462988e+02 1.040718338071726663e+02 1.954328203831317978e+02
3.970000000000000195e+00 1.782075634414699072e+00 1.699731198374422263e+02 1.047576670957497527e+02 1.966921475122098286e+02
3.975000000000000089e+00 1.783652700531359159e+00 1.708701566514912997e+02 1.054463459539644248e+02 1.979562957070708364e+02
3.979999999999999982e+00 1.785235405715812629e+00 1.717705767057957473e+02 1.061378903516855274e+02 1.992252910029802138e+02
3.984999999999999876e+00 1.786823822882243729e+00 1.726743866043255480e+02 1.068322904798118174e+02 2.004991056083453600e+02
3.990000000000000213e+00 1.788418025630066133e+00 1.735815834051199147e+02 1.075295581159409863e+02 2.017777552631729350e+02
3.995000000000000107e+00 1.790018088250662442e+00 1.744921901676760854e+02 1.082296926135989565e+02 2.030612236266737796e+02
4.000000000000000000e+00 1.791624085734228267e+00 1.754061977656830891e+02 1.089327045485172931e+02 2.043495292813704225e+02
