% raindrop T-matrix calculations using the code of Leinonen, J., "Python code for T-matrix scattering calculations". Available at https://github.com/jleinonen/pytmatrix/. 
% 
% refractive index calculations after Ray, P., 1972:  Broadband Complex Refractive Indices of Ice and Water, Appl. Opt. 11, 1836-1844 
% 
% raindrop aspect ratio estimated with the methodology of Brandes, Edward & Zhang, Guifu & Vivekanandan, Jothiram. (2005). Corrigendum. Journal of Applied Meteorology. 44. 186-. 10.1175/1520-0450(2005)44<186:C>2.0.CO;2. 
% 
% wave length: 3.189281 mm 
% temperature: 298.15 K 
% refractive index: 3.516429424285888672e+00 + 2.066648721694946289e+00 i 
% 
%r_eqv[mm]               axial ratio              ext[mm2]                 sca[mm2]                 back[mm2]
5.000000000000000104e-03 9.999900000999989436e-01 4.311054076128348642e-07 1.647349094511798332e-12 2.470821851694132563e-12
1.000000000000000021e-02 9.999900000999989436e-01 3.453747182475359881e-06 1.054623118845816218e-10 1.581417949525668966e-10
1.499999999999999944e-02 9.999900000999989436e-01 1.168431936528988848e-05 1.201887160539291606e-09 1.801506703070146086e-09
2.000000000000000042e-02 9.999900000999989436e-01 2.779000078191287121e-05 6.757744831842997367e-09 1.012339689180426456e-08
2.500000000000000139e-02 9.999900000999989436e-01 5.451607678980549624e-05 2.580204610971836122e-08 3.862431040509476618e-08
2.999999999999999889e-02 9.999900000999989436e-01 9.471475494824356978e-05 7.712940860694304622e-08 1.153556810857291823e-07
3.500000000000000333e-02 9.999900000999989436e-01 1.513756853546604001e-04 1.947444151392234802e-07 2.909559343587825898e-07
4.000000000000000083e-02 9.999900000999989436e-01 2.276582538335795026e-04 4.345768998386213197e-07 6.484903881592247075e-07
4.499999999999999833e-02 9.999900000999989436e-01 3.269258098482419523e-04 8.825045857563036784e-07 1.315106140847241902e-06
5.000000000000000278e-02 9.999900000999989436e-01 4.527821151899816743e-04 1.663727864712373042e-06 2.475518334219525178e-06
5.500000000000000028e-02 9.999900000999989436e-01 6.091099806809650765e-04 2.953545417443426485e-06 4.387343099770338424e-06
5.999999999999999778e-02 9.999900000999989436e-01 8.001122202074995460e-04 4.989591654203481088e-06 7.398304393803949584e-06
6.500000000000000222e-02 9.999900000999989436e-01 1.030355662703901897e-03 8.085596801639955279e-06 1.196533578858296051e-05
7.000000000000000666e-02 9.999900000999989436e-01 1.304817367724489963e-03 1.264675203759518396e-05 1.867562532722815303e-05
7.499999999999999722e-02 9.999900000999989436e-01 1.628933842898776978e-03 1.918674147686887256e-05 2.826961640851446129e-05
8.000000000000000167e-02 9.999900000999989436e-01 2.008654134702958331e-03 2.834656148536955766e-05 4.166606224811105467e-05
8.500000000000000611e-02 9.999900000999989436e-01 2.450495061833609430e-03 4.091519286301417772e-05 5.998914711075923424e-05
8.999999999999999667e-02 9.999900000999989436e-01 2.961600346801550581e-03 5.785225063969891084e-05 8.459777638981520720e-05
9.500000000000000111e-02 9.999900000999989436e-01 3.549803105902254660e-03 8.031270446683657640e-05 1.171170911488245554e-04
1.000000000000000056e-01 9.999900000999989436e-01 4.223692538248066154e-03 1.096738469795548290e-04 1.594723923575375939e-04
1.049999999999999961e-01 9.999900000999989436e-01 4.992683259610154051e-03 1.475645750092157641e-04 2.139255024002691282e-04
1.100000000000000006e-01 9.999900000999989436e-01 5.867088845685995528e-03 1.958971466581640455e-04 2.831137403926859471e-04
1.150000000000000050e-01 9.999900000999989436e-01 6.858198838955553711e-03 2.569015828992145993e-04 3.700917238084508020e-04
1.199999999999999956e-01 9.999900000999989436e-01 7.978359748119740608e-03 3.331628968242231399e-04 4.783762295387180316e-04
1.250000000000000000e-01 9.999900000999989436e-01 9.241059071052258947e-03 4.276610572506608335e-04 6.119939832553792638e-04
1.300000000000000044e-01 9.999900000999989436e-01 1.066101248431043473e-02 5.438145492910272626e-04 7.755336759191931370e-04
1.350000000000000089e-01 9.999900000999989436e-01 1.225425261742167128e-02 6.855264474496151157e-04 9.742006571560888131e-04
1.400000000000000133e-01 9.999900000999989436e-01 1.403822431271533645e-02 8.572347961351902291e-04 1.213877094125093278e-03
1.449999999999999900e-01 9.999900000999989436e-01 1.603187678673083719e-02 1.063966003255938228e-03 1.501185782664543784e-03
1.499999999999999944e-01 9.999900000999989436e-01 1.825575818794285959e-02 1.311392144223150116e-03 1.843559236798020251e-03
1.549999999999999989e-01 9.999900000999989436e-01 2.073211379127153781e-02 1.605892035471641506e-03 2.249314006813675580e-03
1.600000000000000033e-01 9.999900000999989436e-01 2.348497285639077059e-02 1.954617306838545530e-03 2.727732557118560126e-03
1.650000000000000078e-01 9.999900000999989436e-01 2.654025256145002218e-02 2.365560619120323210e-03 3.289148683473138313e-03
1.700000000000000122e-01 9.999900000999989436e-01 2.992583363926029985e-02 2.847630242522890525e-03 3.945043534427937308e-03
1.750000000000000167e-01 9.999900000999989436e-01 3.367165122829635787e-02 3.410728190281186230e-03 4.708148289990147888e-03
1.799999999999999933e-01 9.999900000999989436e-01 3.780976247815553276e-02 4.065830489586765538e-03 5.592552440815076048e-03
1.849999999999999978e-01 9.999900000999989436e-01 4.237441564416491446e-02 4.825074584027489073e-03 6.613825607309793859e-03
1.900000000000000022e-01 1.000338260324268314e+00 4.740958236702304957e-02 5.703429456753123482e-03 7.791662360340760249e-03
1.950000000000000067e-01 1.000344839311130496e+00 5.293999282474032980e-02 6.712792366191338081e-03 9.140479943926705861e-03
2.000000000000000111e-01 1.000357515291503407e+00 5.901353121072098334e-02 7.870686463139963882e-03 1.068324818973473075e-02
2.050000000000000155e-01 1.000376259251188893e+00 6.567361392502774065e-02 9.194852054856327700e-03 1.244289155188149296e-02
2.099999999999999922e-01 1.000401042453005207e+00 7.296594532989841841e-02 1.070467212265103010e-02 1.444456447177834210e-02
2.149999999999999967e-01 1.000431836433301802e+00 8.093844821576806625e-02 1.242127612399785211e-02 1.671583301908919836e-02
2.200000000000000011e-01 1.000468612998516083e+00 8.964120078128054447e-02 1.436764277904393344e-02 1.928686238634259517e-02
2.250000000000000056e-01 1.000511344221778787e+00 9.912631957381547176e-02 1.656868756486138197e-02 2.219059120657457251e-02
2.300000000000000100e-01 1.000560002439564444e+00 1.094478181668935846e-01 1.905136923490751213e-02 2.546293977007266229e-02
2.350000000000000144e-01 1.000614560248383578e+00 1.206614315989815861e-01 2.184476187253079141e-02 2.914297599261989752e-02
2.399999999999999911e-01 1.000674990501522643e+00 1.328243832886067954e-01 2.498013622420196603e-02 3.327310007189512170e-02
2.449999999999999956e-01 1.000741266305821942e+00 1.459951773662861441e-01 2.849102972615939755e-02 3.789921317495616171e-02
2.500000000000000000e-01 1.000813361018499714e+00 1.602332855786549048e-01 3.241327248369210018e-02 4.307082458670458830e-02
2.550000000000000044e-01 1.000891248244015541e+00 1.755988428169099336e-01 3.678502444948886924e-02 4.884116986522661630e-02
2.600000000000000089e-01 1.000974901830975039e+00 1.921523203405133828e-01 4.164677840370550194e-02 5.526727006464218772e-02
2.650000000000000133e-01 1.001064295869075416e+00 2.099541517280375524e-01 4.704131788552233517e-02 6.240991100427611266e-02
2.700000000000000178e-01 1.001159404686088994e+00 2.290643484038372979e-01 5.301365492498130022e-02 7.033357605724838146e-02
2.750000000000000222e-01 1.001260202844886926e+00 2.495420943596864949e-01 5.961092266511798521e-02 7.910628484472378985e-02
2.800000000000000266e-01 1.001366665140501100e+00 2.714453792947772448e-01 6.688222266228315005e-02 8.879933128719630364e-02
2.850000000000000311e-01 1.001478766597222014e+00 2.948304726892889693e-01 7.487841008384560348e-02 9.948690334226951981e-02
2.899999999999999800e-01 1.001596482465736404e+00 3.197516244625444037e-01 8.365183792476638125e-02 1.112455876807327826e-01
2.949999999999999845e-01 1.001719788220298835e+00 3.462605394743534792e-01 9.325603933296074122e-02 1.241537482424847627e-01
2.999999999999999889e-01 1.001848659555939935e+00 3.744060060957170033e-01 1.037453456809137864e-01 1.382907587958012163e-01
3.049999999999999933e-01 1.001983072385710605e+00 4.042334167960356939e-01 1.151743998895617960e-01 1.537360316234375468e-01
3.099999999999999978e-01 1.002123002837959964e+00 4.357842795847313155e-01 1.275976487148058336e-01 1.705679892406237463e-01
3.150000000000000022e-01 1.002268427253648841e+00 4.690958455961079521e-01 1.410687670426197526e-01 1.888628653964464499e-01
3.200000000000000067e-01 1.002419322183694117e+00 5.042005115785473945e-01 1.556399593355133337e-01 2.086933322307100991e-01
3.250000000000000111e-01 1.002575664386349930e+00 5.411253253653081075e-01 1.713612391452214168e-01 2.301270502736235957e-01
3.300000000000000155e-01 1.002737430824617970e+00 5.798915002942821584e-01 1.882796965960315261e-01 2.532252040807808635e-01
3.350000000000000200e-01 1.002904598663692415e+00 6.205137387621415535e-01 2.064385755648321386e-01 2.780407707388944938e-01
3.400000000000000244e-01 1.003077145268434833e+00 6.629995994132099613e-01 2.258764694050550415e-01 3.046169883651808075e-01
3.450000000000000289e-01 1.003255048200880628e+00 7.073488684297767337e-01 2.466264900698257878e-01 3.329858296243001781e-01
3.500000000000000333e-01 1.003438285217776782e+00 7.535529319153722039e-01 2.687152336791134855e-01 3.631662182538101247e-01
3.549999999999999822e-01 1.003626834268148693e+00 8.015939374374434490e-01 2.921620184403967424e-01 3.951627459848537915e-01
3.599999999999999867e-01 1.003820673490896542e+00 8.514443370739099848e-01 3.169781563054550055e-01 4.289645150555201902e-01
3.649999999999999911e-01 1.004019781212422524e+00 9.030661764233387512e-01 3.431660100860920992e-01 4.645437307905313506e-01
3.699999999999999956e-01 1.004224135944284502e+00 9.564104614727318987e-01 3.707184888118240651e-01 5.018551199101228821e-01
3.750000000000000000e-01 1.004433716380879638e+00 1.011417187571902909e+00 3.996185239197099781e-01 5.408352632806625593e-01
3.800000000000000044e-01 1.004648501397155336e+00 1.068014378959920130e+00 4.298386603153693808e-01 5.814024647019797598e-01
3.850000000000000089e-01 1.004868470046347273e+00 1.126118792746796604e+00 4.613409846585872498e-01 6.234568969723135456e-01
3.900000000000000133e-01 1.005093601557745631e+00 1.185635688009836874e+00 4.940769835382257669e-01 6.668808839495705687e-01
3.950000000000000178e-01 1.005323875334485528e+00 1.246459133607709990e+00 5.279879580064136269e-01 7.115401960947228543e-01
4.000000000000000222e-01 1.005559270951367434e+00 1.308473144238516683e+00 5.630054084578429707e-01 7.572849964218733021e-01
4.050000000000000266e-01 1.005799768152698448e+00 1.371552281464482492e+00 5.990516115473757397e-01 8.039514160029365142e-01
4.100000000000000311e-01 1.006045346850164002e+00 1.435563042364664144e+00 6.360407102997229778e-01 8.513637432654036497e-01
4.150000000000000355e-01 1.006295987120720881e+00 1.500365290237767102e+00 6.738797265918471391e-01 8.993364559027855476e-01
4.199999999999999845e-01 1.006551669204517108e+00 1.565813927981370757e+00 7.124696798848511037e-01 9.476764404233553041e-01
4.249999999999999889e-01 1.006812373502834479e+00 1.631760631288405872e+00 7.517072420435140234e-01 9.961859592263268004e-01
4.299999999999999933e-01 1.007078080576055967e+00 1.698056256644384643e+00 7.914861291025098167e-01 1.044664886446537322e+00
4.349999999999999978e-01 1.007348771141657329e+00 1.764552235034176242e+00 8.316983915210429679e-01 1.092913064204329432e+00
4.400000000000000022e-01 1.007624426072219359e+00 1.831103027118953674e+00 8.722365407593671849e-01 1.140733711137026374e+00
4.450000000000000067e-01 1.007905026393466796e+00 1.897567767761974666e+00 9.129944336871232968e-01 1.187934578206679248e+00
4.500000000000000111e-01 1.008190553282325652e+00 1.963812585349507200e+00 9.538693015610844039e-01 1.234331053535669520e+00
4.550000000000000155e-01 1.008480988065006079e+00 2.029711809056472749e+00 9.947627968724083170e-01 1.279747642231330307e+00
4.600000000000000200e-01 1.008776312215104998e+00 2.095149331131226589e+00 1.035581994168233599e+00 1.324019178080875436e+00
4.650000000000000244e-01 1.009076507351731156e+00 2.160020136597095686e+00 1.076240689891163615e+00 1.366992463779495903e+00
4.700000000000000289e-01 1.009381555237651273e+00 2.224231406341055983e+00 1.116660523656084036e+00 1.408527590940860774e+00
4.750000000000000333e-01 1.009691437777457068e+00 2.287702387730871756e+00 1.156770723659872768e+00 1.448497281348850585e+00
4.799999999999999822e-01 1.010006137015752481e+00 2.350365592794389169e+00 1.196509273244541927e+00 1.486788080606859630e+00
4.849999999999999867e-01 1.010325635135361333e+00 2.412166494466659206e+00 1.235823090690499448e+00 1.523300356820919355e+00
4.899999999999999911e-01 1.010649914455556075e+00 2.473063232314174797e+00 1.274667399585900807e+00 1.557946868003551533e+00
4.949999999999999956e-01 1.010978957430304748e+00 2.533027015509498270e+00 1.313006789105593874e+00 1.590654032251391570e+00
5.000000000000000000e-01 1.011312746646537475e+00 2.592040788535309392e+00 1.350813598954299311e+00 1.621358945658592177e+00
5.050000000000000044e-01 1.011651264822433394e+00 2.650098626456231621e+00 1.388068607292736178e+00 1.650010954417591602e+00
5.100000000000000089e-01 1.011994494805724676e+00 2.707205730643638564e+00 1.424760022599269815e+00 1.676568588655059200e+00
5.150000000000000133e-01 1.012342419572020980e+00 2.763376604524302671e+00 1.460883253417731842e+00 1.701000207400516384e+00
5.200000000000000178e-01 1.012695022223150554e+00 2.818634598779604872e+00 1.496439753884969415e+00 1.723281477456567901e+00
5.250000000000000222e-01 1.013052285985520662e+00 2.873010780596065405e+00 1.531437078179010092e+00 1.743395841539613134e+00
5.300000000000000266e-01 1.013414194208494434e+00 2.926543374313881785e+00 1.565887888313768350e+00 1.761332546099984242e+00
5.350000000000000311e-01 1.013780730362787486e+00 2.979276153070504307e+00 1.599809215328810152e+00 1.777086002005775489e+00
5.400000000000000355e-01 1.014151878038878962e+00 3.031257916262616536e+00 1.633221939343693085e+00 1.790655121330855026e+00
5.450000000000000400e-01 1.014527620945441466e+00 3.082541871434226977e+00 1.666150477980140154e+00 1.802042405483235132e+00
5.500000000000000444e-01 1.014907942907788518e+00 3.133184198897832839e+00 1.698621716442122231e+00 1.811253562193339661e+00
5.550000000000000488e-01 1.015292827866336012e+00 3.183244039198782183e+00 1.730664917248476486e+00 1.818296516288178566e+00
5.600000000000000533e-01 1.015682259875082316e+00 3.232782404380930341e+00 1.762311317104815256e+00 1.823181879413862783e+00
5.650000000000000577e-01 1.016076223100103704e+00 3.281861628062654912e+00 1.793593035763512145e+00 1.825921027538357500e+00
5.700000000000000622e-01 1.016474701818065096e+00 3.330544805641108663e+00 1.824543570868343734e+00 1.826527891395656411e+00
5.750000000000000666e-01 1.016877680414747243e+00 3.378895815822643645e+00 1.855197044511306625e+00 1.825016980092518448e+00
5.799999999999999600e-01 1.017285143383589441e+00 3.426978079673850264e+00 1.885587886556965076e+00 1.821404734027052719e+00
5.849999999999999645e-01 1.017697075324246692e+00 3.474855304559532510e+00 1.915750949719478236e+00 1.815708562239323642e+00
5.899999999999999689e-01 1.018113460941162618e+00 3.522589886801581027e+00 1.945720573258764796e+00 1.807946958332487863e+00
5.949999999999999734e-01 1.018534285042156151e+00 3.570244134840954597e+00 1.975531507434281409e+00 1.798140546539522378e+00
5.999999999999999778e-01 1.018959532537025314e+00 3.617878848999168895e+00 2.005217980922899823e+00 1.786311413371335366e+00
6.049999999999999822e-01 1.019389188436160998e+00 3.665553746310819871e+00 2.034813804557865868e+00 1.772483507889340171e+00
6.099999999999999867e-01 1.019823237849180497e+00 3.713327438015931126e+00 2.064352361246422074e+00 1.756682872977997523e+00
6.149999999999999911e-01 1.020261665983570154e+00 3.761256969011905316e+00 2.093866642232879105e+00 1.738938200251794131e+00
6.199999999999999956e-01 1.020704458143344873e+00 3.809397755558550536e+00 2.123388600143020888e+00 1.719280194623534985e+00
6.250000000000000000e-01 1.021151599727719406e+00 3.857803983461435937e+00 2.152950377092217593e+00 1.697743759302074773e+00
6.300000000000000044e-01 1.021603076229795626e+00 3.906527732415527421e+00 2.182582575589326446e+00 1.674365694568365592e+00
6.350000000000000089e-01 1.022058873235258902e+00 3.955620043578673695e+00 2.212316213701647882e+00 1.649187891747409651e+00
6.400000000000000133e-01 1.022518976421092685e+00 4.005129742667619119e+00 2.242180867664491650e+00 1.622254957166107792e+00
6.450000000000000178e-01 1.022983371554301524e+00 4.055104068202156853e+00 2.272205733194733845e+00 1.593616081521345151e+00
6.500000000000000222e-01 1.023452044490649859e+00 4.105588894350011842e+00 2.302420063765275415e+00 1.563325916818294914e+00
6.550000000000000266e-01 1.023924981173411908e+00 4.156627547276203316e+00 2.332851201825692389e+00 1.531442161822248238e+00
6.600000000000000311e-01 1.024402167632133542e+00 4.208262537547673432e+00 2.363527294230651776e+00 1.498028987285159763e+00
6.650000000000000355e-01 1.024883589981409493e+00 4.260533346153618339e+00 2.394474604766041459e+00 1.463154933129727997e+00
6.700000000000000400e-01 1.025369234419667430e+00 4.313478768464209523e+00 2.425719924327228938e+00 1.426894700260237459e+00
6.750000000000000444e-01 1.025859087227968924e+00 4.367134828374893196e+00 2.457288603258981574e+00 1.389328005063795501e+00
6.800000000000000488e-01 1.026353134768820174e+00 4.421536088759983052e+00 2.489205611684312203e+00 1.350540442413113107e+00
6.850000000000000533e-01 1.026851363484993174e+00 4.476715069597493546e+00 2.521495604363275245e+00 1.310623744957719161e+00
6.900000000000000577e-01 1.027353759898360641e+00 4.532701902048035691e+00 2.554181696737494178e+00 1.269674958299582546e+00
6.950000000000000622e-01 1.027860310608740946e+00 4.589525213464248132e+00 2.587287194634125598e+00 1.227797474276647316e+00
7.000000000000000666e-01 1.028371002292754355e+00 4.647211799425796208e+00 2.620834481210539746e+00 1.185101322423271153e+00
7.049999999999999600e-01 1.028885821702690384e+00 4.705784836204752963e+00 2.654844672886071955e+00 1.141700741223899307e+00
7.099999999999999645e-01 1.029404755665387139e+00 4.765266653798187590e+00 2.689338360847432607e+00 1.097716748894930650e+00
7.149999999999999689e-01 1.029927791081118427e+00 4.825676846867385628e+00 2.724335160432042269e+00 1.053275798745251235e+00
7.199999999999999734e-01 1.030454914922495746e+00 4.887033519069234444e+00 2.759854694252752427e+00 1.008510586241773144e+00
7.249999999999999778e-01 1.030986114233377604e+00 4.949350874487971730e+00 2.795913649158344061e+00 9.635574543727009056e-01
7.299999999999999822e-01 1.031521376127789047e+00 5.012642373720533229e+00 2.832529759890600740e+00 9.185593736844338553e-01
7.349999999999999867e-01 1.032060687788854958e+00 5.076918318358057292e+00 2.869718722800896238e+00 8.736628583280523497e-01
7.399999999999999911e-01 1.032604036467738684e+00 5.142186053616280006e+00 2.907494208144194570e+00 8.290184191532280478e-01
7.449999999999999956e-01 1.033151409482594651e+00 5.208451888411590680e+00 2.945870826434656475e+00 7.847816878008015973e-01
7.500000000000000000e-01 1.033702794217528753e+00 5.275718256175751186e+00 2.984859922789008913e+00 7.411106627767833910e-01
7.550000000000000044e-01 1.034258178121568061e+00 5.343985839906291169e+00 3.024472638544178249e+00 6.981664222361496641e-01
7.600000000000000089e-01 1.034817548707643198e+00 5.413252187859233011e+00 3.064718010871221754e+00 6.561127703504257003e-01
7.650000000000000133e-01 1.035380893551575587e+00 5.483513525417757606e+00 3.105604869571166660e+00 6.151151486158877857e-01
7.700000000000000178e-01 1.035948200291078702e+00 5.554762218443118904e+00 3.147138954052459692e+00 5.753396827891711363e-01
7.750000000000000222e-01 1.036519456624765523e+00 5.626989178203668729e+00 3.189326070357271004e+00 5.369540386942740495e-01
7.800000000000000266e-01 1.037094650311166655e+00 5.700182023596008563e+00 3.232168911027660574e+00 5.001245795689296392e-01
7.850000000000000311e-01 1.037673769167756666e+00 5.774327130331426972e+00 3.275670481585899463e+00 4.650182547605520300e-01
7.900000000000000355e-01 1.038256801069989743e+00 5.849406998653647882e+00 3.319830215370181303e+00 4.317992888691825071e-01
7.950000000000000400e-01 1.038843733950345127e+00 5.925403132973715792e+00 3.364647204693467231e+00 4.006301204527121795e-01
8.000000000000000444e-01 1.039434555797379867e+00 6.002294732534278587e+00 3.410118971480838201e+00 3.716705403666207275e-01
8.050000000000000488e-01 1.040029254654790458e+00 6.080058423184866001e+00 3.456240874495358550e+00 3.450763133144693073e-01
8.100000000000000533e-01 1.040627818620484257e+00 6.158668574117597494e+00 3.503006292156572332e+00 3.209986943009379701e-01
8.150000000000000577e-01 1.041230235845658436e+00 6.238098999868678440e+00 3.550408505083849420e+00 2.995841747950002687e-01
8.200000000000000622e-01 1.041836494533886492e+00 6.318320606766064884e+00 3.598438047876195256e+00 2.809730880567697375e-01
8.250000000000000666e-01 1.042446582940215416e+00 6.399303185279412887e+00 3.647084224288279497e+00 2.652994687473929081e-01
8.300000000000000711e-01 1.043060489370268407e+00 6.481014605149530539e+00 3.696334719853395789e+00 2.526899803754722451e-01
8.349999999999999645e-01 1.043678202179357140e+00 6.563422808252941110e+00 3.746176557330231915e+00 2.432634368916243017e-01
8.399999999999999689e-01 1.044299709771603135e+00 6.646493298879016187e+00 3.796594856005176766e+00 2.371305926770296835e-01
8.449999999999999734e-01 1.044925000599063569e+00 6.730191176296599131e+00 3.847573652331556904e+00 2.343928800435493565e-01
8.499999999999999778e-01 1.045554063160868408e+00 6.814480803601444592e+00 3.899095476020210338e+00 2.351423453173799027e-01
8.549999999999999822e-01 1.046186886002363758e+00 6.899326379901997264e+00 3.951142687989801505e+00 2.394612961790681949e-01
8.599999999999999867e-01 1.046823457714263217e+00 6.984690869905127109e+00 4.003695608755577950e+00 2.474215463151042127e-01
8.649999999999999911e-01 1.047463766931806317e+00 7.070538158400638373e+00 4.056734610856880252e+00 2.590843234444281662e-01
8.699999999999999956e-01 1.048107802333925420e+00 7.156831607491596969e+00 4.110238755588452086e+00 2.744997445436527794e-01
8.750000000000000000e-01 1.048755552642418598e+00 7.243534813777848136e+00 4.164186894338670619e+00 2.937070894624402850e-01
8.800000000000000044e-01 1.049407006621131844e+00 7.330612090139204895e+00 4.218557175639644719e+00 3.167338359345777121e-01
8.850000000000000089e-01 1.050062153075147497e+00 7.418028473083872143e+00 4.273327729974827349e+00 3.435964150395784400e-01
8.900000000000000133e-01 1.050720980849978670e+00 7.505749448247326150e+00 4.328475812577943671e+00 3.742995131172471845e-01
8.950000000000000178e-01 1.051383478830772988e+00 7.593741351775035398e+00 4.383978852508016999e+00 4.088361353100482543e-01
9.000000000000000222e-01 1.052049635941522787e+00 7.681972405095783607e+00 4.439814332063536817e+00 4.471885018588712679e-01
9.050000000000000266e-01 1.052719441144281065e+00 7.770411725762990329e+00 4.495960153588503871e+00 4.893264250514668401e-01
9.100000000000000311e-01 1.053392883438386107e+00 7.859029269633393433e+00 4.552393619021042781e+00 5.352097662254838850e-01
9.150000000000000355e-01 1.054069951859691656e+00 7.947797885592449596e+00 4.609093357059062868e+00 5.847865583891178609e-01
9.200000000000000400e-01 1.054750635479804632e+00 8.036691049184623736e+00 4.666037731194640159e+00 6.379947252450201001e-01
9.250000000000000444e-01 1.055434923405329073e+00 8.125684354601748538e+00 4.723205868194581214e+00 6.947612825997756536e-01
9.300000000000000488e-01 1.056122804777117841e+00 8.214755590718191058e+00 4.780577838570169824e+00 7.550037924941430667e-01
9.350000000000000533e-01 1.056814268769528553e+00 8.303884031687884359e+00 4.838134174759161077e+00 8.186295627973606548e-01
9.400000000000000577e-01 1.057509304589689725e+00 8.393051402118725690e+00 4.895856110283816065e+00 8.855372740322290381e-01
9.450000000000000622e-01 1.058207901476769797e+00 8.482242920969421007e+00 4.953726040125861374e+00 9.556178688570685642e-01
9.500000000000000666e-01 1.058910048701254603e+00 8.571441156539092887e+00 5.011727354996278194e+00 1.028749144859712361e+00
9.550000000000000711e-01 1.059615735564230832e+00 8.660636413954803103e+00 5.069845171583789778e+00 1.104805637938574669e+00
9.599999999999999645e-01 1.060324951396675930e+00 8.749817739738816158e+00 5.128063778645858051e+00 1.183653004204430204e+00
9.649999999999999689e-01 1.061037685558753330e+00 8.838978093426591798e+00 5.186370259560304952e+00 1.265150344661647441e+00
9.699999999999999734e-01 1.061753927439116119e+00 8.928111842310940460e+00 5.244752588310898744e+00 1.349148726965319289e+00
9.749999999999999778e-01 1.062473666454213594e+00 9.017215465229170945e+00 5.303199378265605723e+00 1.435494640565941671e+00
9.799999999999999822e-01 1.063196892047607145e+00 9.106288577082262137e+00 5.361701786970519912e+00 1.524028124843633369e+00
9.849999999999999867e-01 1.063923593689290348e+00 9.195330949259936659e+00 5.420250229217064231e+00 1.614584920009602076e+00
9.899999999999999911e-01 1.064653760875015509e+00 9.284346364447921829e+00 5.478838529756170139e+00 1.706995085975784310e+00
9.949999999999999956e-01 1.065387383125626419e+00 9.373339402333765946e+00 5.537460127296531809e+00 1.801085044304933103e+00
1.000000000000000000e+00 1.066124449986396217e+00 9.462316492638835896e+00 5.596110628762570371e+00 1.896677379748852532e+00
1.005000000000000115e+00 1.066864951026373021e+00 9.551295731541470602e+00 5.654795406270349822e+00 1.993588631452834603e+00
1.010000000000000009e+00 1.067608875837728233e+00 9.640278752354072722e+00 5.713503943411494923e+00 2.091637910508771903e+00
1.015000000000000124e+00 1.068356214035114826e+00 9.729277079798539063e+00 5.772234840584299143e+00 2.190639255220331538e+00
1.020000000000000018e+00 1.069106955255026969e+00 9.818305187766130260e+00 5.830989235775100532e+00 2.290404839382037760e+00
1.024999999999999911e+00 1.069861089155168976e+00 9.907377749603192285e+00 5.889768353639648346e+00 2.390744752267934814e+00
1.030000000000000027e+00 1.070618605413826918e+00 9.996510623894304004e+00 5.948574119020417328e+00 2.491467067889004738e+00
1.034999999999999920e+00 1.071379493729249344e+00 1.008572295842537869e+01 6.007411562273492933e+00 2.592380965419327499e+00
1.040000000000000036e+00 1.072143743819029771e+00 1.017503264368488480e+01 6.066284543955461572e+00 2.693292341494469611e+00
1.044999999999999929e+00 1.072911345419497398e+00 1.026445999803701881e+01 6.125199148956785855e+00 2.794008911448809140e+00
1.050000000000000044e+00 1.073682288285112474e+00 1.035402622880824808e+01 6.184162477623889487e+00 2.894337417994396588e+00
1.054999999999999938e+00 1.074456562187866782e+00 1.044375324425057094e+01 6.243182145458886723e+00 2.994086139543381098e+00
1.060000000000000053e+00 1.075234156916690775e+00 1.053366342506956777e+01 6.302266479664906385e+00 3.093062469913713919e+00
1.064999999999999947e+00 1.076015062276864054e+00 1.062378032186145305e+01 6.361425420750210336e+00 3.191076680189434356e+00
1.070000000000000062e+00 1.076799268089433603e+00 1.071412764179363997e+01 6.420668782554976417e+00 3.287938459008037828e+00
1.074999999999999956e+00 1.077586764190635593e+00 1.080473018547924724e+01 6.480008256107333331e+00 3.383461638062041477e+00
1.080000000000000071e+00 1.078377540431322945e+00 1.089561195268759697e+01 6.539454671784543649e+00 3.477460423842462234e+00
1.084999999999999964e+00 1.079171586676399119e+00 1.098679838047996249e+01 6.599020818046254178e+00 3.569752766703531588e+00
1.090000000000000080e+00 1.079968892804255898e+00 1.107831476198620457e+01 6.658719559862837478e+00 3.660157455547167871e+00
1.094999999999999973e+00 1.080769448706216718e+00 1.117018581075760153e+01 6.718563968179520174e+00 3.748498897896613613e+00
1.100000000000000089e+00 1.081573244285985780e+00 1.126243695128799516e+01 6.778568030988108006e+00 3.834602652958889468e+00
1.104999999999999982e+00 1.082380269459101152e+00 1.135509308888350155e+01 6.838746013123568446e+00 3.918299985180884626e+00
1.110000000000000098e+00 1.083190514152395201e+00 1.144817857929480098e+01 6.899111838924778084e+00 3.999425390191886809e+00
1.114999999999999991e+00 1.084003968303457022e+00 1.154171867522345885e+01 6.959681323902596972e+00 4.077818583467657021e+00
1.120000000000000107e+00 1.084820621860102863e+00 1.163573653952333942e+01 7.020468493532334264e+00 4.153323114493808532e+00
1.125000000000000000e+00 1.085640464779849657e+00 1.173025568956884435e+01 7.081488604042530000e+00 4.225788951296710394e+00
1.130000000000000115e+00 1.086463487029394992e+00 1.182529956523709735e+01 7.142757449663787561e+00 4.295071423346532136e+00
1.135000000000000009e+00 1.087289678584100638e+00 1.192088964911361337e+01 7.204289397905824011e+00 4.361030869280463129e+00
1.140000000000000124e+00 1.088119029427482509e+00 1.201704803147877065e+01 7.266100433632667333e+00 4.423536807873894361e+00
1.145000000000000018e+00 1.088951529550704622e+00 1.211379450607730668e+01 7.328204901175527475e+00 4.482462640609205629e+00
1.150000000000000133e+00 1.089787168952079055e+00 1.221114973731579489e+01 7.390618832873009580e+00 4.537691537508243833e+00
1.155000000000000027e+00 1.090625937636568565e+00 1.230913188026125127e+01 7.453356333633598396e+00 4.589112758046858254e+00
1.159999999999999920e+00 1.091467825615297427e+00 1.240775428103258982e+01 7.516430564675523840e+00 4.636621334720720355e+00
1.165000000000000036e+00 1.092312822905064262e+00 1.250704146110108539e+01 7.579858070647511603e+00 4.680128590464596172e+00
1.169999999999999929e+00 1.093160919527861763e+00 1.260700548468369853e+01 7.643652244543454266e+00 4.719547158623191407e+00
1.175000000000000044e+00 1.094012105510399513e+00 1.270766037403839022e+01 7.707826034593431075e+00 4.754801627171604927e+00
1.179999999999999938e+00 1.094866370883633921e+00 1.280901964714127850e+01 7.772393194624664936e+00 4.785825650366605011e+00
1.185000000000000053e+00 1.095723705682299487e+00 1.291109392513256715e+01 7.837365079382596633e+00 4.812562359966012338e+00
1.189999999999999947e+00 1.096584099944449830e+00 1.301389455598665457e+01 7.902754665492271791e+00 4.834966957284155598e+00
1.195000000000000062e+00 1.097447543710998508e+00 1.311742995225544917e+01 7.968572921982973511e+00 4.853002587252616351e+00
1.199999999999999956e+00 1.098314027025267592e+00 1.322170766377193196e+01 8.034830141033864948e+00 4.866645086649606711e+00
1.205000000000000071e+00 1.099183539932540254e+00 1.332673410355454635e+01 8.101536995201566782e+00 4.875880310973774279e+00
1.209999999999999964e+00 1.100056072479618674e+00 1.343251432744284024e+01 8.168702907791800527e+00 4.880706510139621201e+00
1.215000000000000080e+00 1.100931614714385054e+00 1.353905157521885627e+01 8.236336521170549929e+00 4.881133064137805455e+00
1.219999999999999973e+00 1.101810156685369746e+00 1.364634718054588092e+01 8.304445017407715568e+00 4.877179061450235054e+00
1.225000000000000089e+00 1.102691688441321372e+00 1.375440209883814013e+01 8.373035958653836985e+00 4.868878985281650529e+00
1.229999999999999982e+00 1.103576200030784493e+00 1.386321601263934689e+01 8.442116075152073407e+00 4.856276430789247200e+00
1.235000000000000098e+00 1.104463681501680172e+00 1.397278569766364242e+01 8.511690141569689061e+00 4.839428137994622681e+00
1.239999999999999991e+00 1.105354122900890967e+00 1.408310758643753147e+01 8.581762581149700253e+00 4.818400556063078710e+00
1.245000000000000107e+00 1.106247514273852595e+00 1.419417433321163458e+01 8.652337414169153362e+00 4.793275525945805526e+00
1.250000000000000000e+00 1.107143845664148030e+00 1.430598442938378057e+01 8.723417564540531188e+00 4.764145472066627640e+00
1.255000000000000115e+00 1.108043107113107384e+00 1.441852886279963819e+01 8.795006354879383537e+00 4.731116068205316161e+00
1.260000000000000009e+00 1.108945288659413109e+00 1.453179731891329496e+01 8.867102424928074100e+00 4.694298595982719924e+00
1.265000000000000124e+00 1.109850380338708309e+00 1.464578059668658305e+01 8.939707474239460439e+00 4.653822476816638520e+00
1.270000000000000018e+00 1.110758372183210829e+00 1.476046795769174125e+01 9.012820772891089405e+00 4.609825364357137190e+00
1.275000000000000133e+00 1.111669254221331116e+00 1.487584747534432594e+01 9.086441577463048702e+00 4.562456228228501942e+00
1.280000000000000027e+00 1.112583016477296738e+00 1.499190526751405272e+01 9.160566640623722279e+00 4.511874294490477943e+00
1.284999999999999920e+00 1.113499648970778022e+00 1.510862788694759296e+01 9.235193480706987756e+00 4.458249151912224484e+00
1.290000000000000036e+00 1.114419141716522343e+00 1.522600000493011940e+01 9.310317318343480864e+00 4.401758706333411375e+00
1.294999999999999929e+00 1.115341484723989307e+00 1.534400705752222294e+01 9.385934685511232445e+00 4.342592511708361691e+00
1.300000000000000044e+00 1.116266667996994588e+00 1.546263306009011629e+01 9.462041009300623529e+00 4.280949877810002135e+00
1.304999999999999938e+00 1.117194681533353773e+00 1.558186044928001834e+01 9.538628804909397019e+00 4.217032766312103220e+00
1.310000000000000053e+00 1.118125515324534858e+00 1.570167242449542400e+01 9.615692302065522057e+00 4.151055987851063556e+00
1.314999999999999947e+00 1.119059159355313193e+00 1.582205136981233906e+01 9.693223864705775128e+00 4.083239079946785033e+00
1.320000000000000062e+00 1.119995603603431533e+00 1.594297962326303875e+01 9.771216585136460964e+00 4.013810764704940581e+00
1.324999999999999956e+00 1.120934838039265857e+00 1.606443903063542678e+01 9.849661154182413725e+00 3.943001232368866571e+00
1.330000000000000071e+00 1.121876852625492305e+00 1.618641209918796164e+01 9.928550263322666325e+00 3.871050167614148219e+00
1.334999999999999964e+00 1.122821637316764765e+00 1.630887956241543790e+01 1.000787380585123465e+01 3.798199166766216273e+00
1.340000000000000080e+00 1.123769182059389804e+00 1.643182219812768352e+01 1.008762168730001108e+01 3.724694443929605914e+00
1.344999999999999973e+00 1.124719476791012696e+00 1.655522519954314831e+01 1.016778589451927672e+01 3.650785359316338408e+00
1.350000000000000089e+00 1.125672511440304557e+00 1.667906980039676057e+01 1.024835557448188439e+01 3.576723068279100914e+00
1.354999999999999982e+00 1.126628275926654377e+00 1.680333760252052500e+01 1.032931992195860360e+01 3.502761041523485552e+00
1.360000000000000098e+00 1.127586760159866808e+00 1.692801192619622341e+01 1.041066878495996306e+01 3.429153466433594755e+00
1.364999999999999991e+00 1.128547954039863965e+00 1.705307721189730685e+01 1.049239263496302499e+01 3.356157304374893791e+00
1.370000000000000107e+00 1.129511847456391438e+00 1.717851618404060687e+01 1.057447931754371950e+01 3.284024138056124809e+00
1.375000000000000000e+00 1.130478430288730518e+00 1.730431415102115267e+01 1.065691906673453815e+01 3.213009713361951292e+00
1.380000000000000115e+00 1.131447692405412875e+00 1.743045676385456844e+01 1.073970199354677035e+01 3.143365429739977568e+00
1.385000000000000009e+00 1.132419623663941444e+00 1.755692995043592575e+01 1.082281717740297466e+01 3.075340608752889615e+00
1.390000000000000124e+00 1.133394213910515980e+00 1.768371975426909870e+01 1.090625360178827208e+01 3.009180322863235446e+00
1.395000000000000018e+00 1.134371452979762385e+00 1.781081502595879229e+01 1.099000260888176328e+01 2.945129853230960659e+00
1.400000000000000133e+00 1.135351330694467364e+00 1.793820369285687732e+01 1.107405285917222315e+01 2.883424583740356706e+00
1.405000000000000027e+00 1.136333836865317526e+00 1.806587573657195378e+01 1.115839609582859815e+01 2.824301039788136514e+00
1.409999999999999920e+00 1.137318961290643582e+00 1.819382175100855292e+01 1.124302287716977489e+01 2.767987465275242975e+00
1.415000000000000036e+00 1.138306693756168331e+00 1.832203263702317741e+01 1.132792330975322592e+01 2.714704647582365293e+00
1.419999999999999929e+00 1.139297024034760630e+00 1.845050158491260461e+01 1.141309003287140911e+01 2.664670525547255142e+00
1.425000000000000044e+00 1.140289941886192482e+00 1.857922191948388502e+01 1.149851477435573521e+01 2.618094164057270579e+00
1.429999999999999938e+00 1.141285437056903218e+00 1.870818873326826193e+01 1.158419010553870976e+01 2.575177380572541974e+00
1.435000000000000053e+00 1.142283499279765024e+00 1.883739741265386769e+01 1.167010846339998231e+01 2.536113687405823214e+00
1.439999999999999947e+00 1.143284118273856675e+00 1.896684430511348296e+01 1.175626304930344901e+01 2.501091136222563183e+00
1.445000000000000062e+00 1.144287283744239936e+00 1.909652766843145599e+01 1.184264843889539165e+01 2.470286245209007081e+00
1.449999999999999956e+00 1.145292985381740625e+00 1.922644703169803293e+01 1.192925931877927681e+01 2.443867768113107797e+00
1.455000000000000071e+00 1.146301212862736563e+00 1.935660130488296815e+01 1.201608968634055152e+01 2.421996231976573100e+00
1.459999999999999964e+00 1.147311955848947074e+00 1.948699189941059373e+01 1.210313583456603581e+01 2.404821435649931782e+00
1.465000000000000080e+00 1.148325203987230259e+00 1.961762097059570920e+01 1.219039407011833909e+01 2.392484426317554647e+00
1.469999999999999973e+00 1.149340946909383598e+00 1.974849119646188100e+01 1.227786063902947689e+01 2.385115267058996569e+00
1.475000000000000089e+00 1.150359174231948334e+00 1.987960726267240830e+01 1.236553389502203792e+01 2.382835427568189335e+00
1.479999999999999982e+00 1.151379875556021837e+00 2.001097352478747027e+01 1.245341102565340563e+01 2.385754338442451772e+00
1.485000000000000098e+00 1.152403040467071982e+00 2.014259533377967060e+01 1.254149062691849004e+01 2.393972110589529745e+00
1.489999999999999991e+00 1.153428658534756623e+00 2.027448042402624395e+01 1.262977231869095540e+01 2.407577206984933049e+00
1.495000000000000107e+00 1.154456719312749513e+00 2.040663554408895664e+01 1.271825590017668617e+01 2.426648211918322584e+00
1.500000000000000000e+00 1.155487212338569769e+00 2.053906933033729842e+01 1.280694159967297807e+01 2.451252565063052558e+00
1.505000000000000115e+00 1.156520127133416675e+00 2.067179066140548827e+01 1.289582997511821105e+01 2.481445039675902908e+00
1.510000000000000009e+00 1.157555453202008700e+00 2.080480671529821279e+01 1.298492343492785039e+01 2.517269451347507125e+00
1.515000000000000124e+00 1.158593180032429393e+00 2.093813293738207193e+01 1.307422342949400296e+01 2.558765120292989526e+00
1.520000000000000018e+00 1.159633297095975069e+00 2.107177821837279907e+01 1.316373272480366197e+01 2.605950885069644229e+00
1.525000000000000133e+00 1.160675793847010029e+00 2.120575389460836391e+01 1.325345473538080832e+01 2.658839576462296961e+00
1.530000000000000027e+00 1.161720659722826676e+00 2.134007219823558543e+01 1.334339330943812740e+01 2.717431067317099380e+00
1.535000000000000142e+00 1.162767884143507846e+00 2.147474506013557871e+01 1.343355180898703694e+01 2.781714347453084102e+00
1.540000000000000036e+00 1.163817456511797577e+00 2.160978567465529210e+01 1.352393483344414626e+01 2.851666222393907102e+00
1.544999999999999929e+00 1.164869366212974766e+00 2.174520780190260183e+01 1.361454822374576601e+01 2.927254854075327817e+00
1.550000000000000044e+00 1.165923602614732379e+00 2.188102428049059611e+01 1.370539700153101315e+01 3.008435278459554052e+00
1.554999999999999938e+00 1.166980155067061542e+00 2.201724965323577976e+01 1.379648730631283371e+01 3.095151648660515509e+00
1.560000000000000053e+00 1.168039012902141183e+00 2.215389760273829722e+01 1.388782553958259847e+01 3.187338032833458179e+00
1.564999999999999947e+00 1.169100165434231231e+00 2.229098136914325679e+01 1.397941674402670387e+01 3.284916989585231928e+00
1.570000000000000062e+00 1.170163601959574473e+00 2.242851657078474048e+01 1.407127000141863782e+01 3.387798905159178808e+00
1.574999999999999956e+00 1.171229311756297298e+00 2.256651629112636570e+01 1.416339100911598692e+01 3.495888192656745996e+00
1.580000000000000071e+00 1.172297284084322211e+00 2.270499515260001999e+01 1.425578782873677319e+01 3.609074005051449596e+00
1.584999999999999964e+00 1.173367508185281460e+00 2.284396717838835045e+01 1.434846764600505153e+01 3.727236166929100758e+00
1.590000000000000080e+00 1.174439973282435989e+00 2.298344618447865173e+01 1.444143823003243376e+01 3.850245280955876481e+00
1.594999999999999973e+00 1.175514668580601496e+00 2.312344638870337121e+01 1.453470855362370528e+01 3.977961928798142921e+00
1.600000000000000089e+00 1.176591583266077601e+00 2.326398075210198968e+01 1.462828585806355264e+01 4.110237637990939774e+00
1.604999999999999982e+00 1.177670706506583453e+00 2.340506255903412836e+01 1.472217812195114206e+01 4.246913490656411660e+00
1.610000000000000098e+00 1.178752027451198003e+00 2.354670512538195126e+01 1.481639483343703034e+01 4.387820158951352134e+00
1.614999999999999991e+00 1.179835535230304933e+00 2.368892024650356021e+01 1.491094280157568797e+01 4.532781547353991414e+00
1.620000000000000107e+00 1.180921218955544472e+00 2.383172113733284192e+01 1.500583212918703424e+01 4.681611630077876285e+00
1.625000000000000000e+00 1.182009067719768769e+00 2.397511871714416998e+01 1.510106978347866047e+01 4.834116259088645506e+00
1.630000000000000115e+00 1.183099070597002811e+00 2.411912359163634179e+01 1.519666386766568600e+01 4.990093222928665639e+00
1.635000000000000009e+00 1.184191216642411337e+00 2.426374832888422617e+01 1.529262424718986324e+01 5.149332126913789054e+00
1.640000000000000124e+00 1.185285494892271307e+00 2.440900080830125773e+01 1.538895720653277444e+01 5.311616163773209998e+00
1.645000000000000018e+00 1.186381894363947032e+00 2.455488977692454711e+01 1.548567212474562282e+01 5.476715725836375448e+00
1.650000000000000133e+00 1.187480404055874628e+00 2.470142772894045535e+01 1.558277567852666756e+01 5.644408768356687922e+00
1.655000000000000027e+00 1.188581012947548476e+00 2.484862092186168070e+01 1.568027550799488523e+01 5.814455222506729193e+00
1.660000000000000142e+00 1.189683709999514560e+00 2.499647697980585193e+01 1.577817956810482336e+01 5.986611614512887591e+00
1.665000000000000036e+00 1.190788484153369131e+00 2.514500350015186214e+01 1.587649575472510932e+01 6.160629645533212795e+00
1.669999999999999929e+00 1.191895324331762041e+00 2.529420483603162495e+01 1.597522903145511819e+01 6.336257405858064296e+00
1.675000000000000044e+00 1.193004219438406732e+00 2.544408755865117300e+01 1.607438664893740565e+01 6.513237172054601842e+00
1.679999999999999938e+00 1.194115158358093565e+00 2.559465621501750476e+01 1.617397514990615548e+01 6.691306983814380160e+00
1.685000000000000053e+00 1.195228129956711127e+00 2.574591480060322368e+01 1.627400108500800258e+01 6.870205553126205622e+00
1.689999999999999947e+00 1.196343123081270665e+00 2.589786637855840112e+01 1.637446885575166533e+01 7.049664799979114882e+00
1.695000000000000062e+00 1.197460126559938276e+00 2.605051306251761645e+01 1.647538406730144800e+01 7.229416030334771648e+00
1.699999999999999956e+00 1.198579129202069993e+00 2.620385709347706538e+01 1.657675255229983691e+01 7.409189475403740843e+00
1.705000000000000071e+00 1.199700119798254416e+00 2.635789846970340378e+01 1.667857694272814228e+01 7.588712192314973848e+00
1.709999999999999964e+00 1.200823087120360011e+00 2.651263856214038128e+01 1.678086289855351509e+01 7.767715246526399220e+00
1.715000000000000080e+00 1.201948019921588173e+00 2.666807551035378765e+01 1.688361285470874407e+01 7.945925585622818588e+00
1.719999999999999973e+00 1.203074906936531852e+00 2.682420840524778782e+01 1.698683003309997019e+01 8.123073155812004842e+00
1.725000000000000089e+00 1.204203736881238829e+00 2.698103585287575257e+01 1.709051856098058053e+01 8.298889937633378011e+00
1.729999999999999982e+00 1.205334498453282777e+00 2.713855379594254558e+01 1.719467904072546105e+01 8.473108479103705903e+00
1.735000000000000098e+00 1.206467180331836975e+00 2.729675987910439261e+01 1.729931414463866801e+01 8.645464281145887497e+00
1.739999999999999991e+00 1.207601771177756689e+00 2.745564991034096280e+01 1.740442595139235493e+01 8.815696177613983053e+00
1.745000000000000107e+00 1.208738259633664436e+00 2.761521888165039584e+01 1.751001413840621268e+01 8.983548835192078030e+00
1.750000000000000000e+00 1.209876634324042799e+00 2.777546081027605851e+01 1.761607918591916189e+01 9.148769391370988657e+00
1.755000000000000115e+00 1.211016883855332349e+00 2.793637065834534638e+01 1.772262203234148004e+01 9.311111720440328199e+00
1.760000000000000009e+00 1.212158996816034451e+00 2.809794278676667645e+01 1.782964312987592237e+01 9.470331933183201656e+00
1.765000000000000124e+00 1.213302961776821398e+00 2.826016870801347736e+01 1.793714001928121959e+01 9.626198622775511637e+00
1.770000000000000018e+00 1.214448767290650766e+00 2.842304136191866348e+01 1.804511138564428308e+01 9.778481440450677908e+00
1.775000000000000133e+00 1.215596401892885980e+00 2.858655378964830618e+01 1.815355725414232424e+01 9.926960794370907948e+00
1.780000000000000027e+00 1.216745854101423552e+00 2.875069736398409859e+01 1.826247476984574547e+01 1.007142522396261342e+01
1.785000000000000142e+00 1.217897112416823635e+00 2.891546316831148644e+01 1.837186159897864002e+01 1.021166980469492280e+01
1.790000000000000036e+00 1.219050165322449919e+00 2.908084269091967400e+01 1.848171510669395801e+01 1.034749916201951692e+01
1.794999999999999929e+00 1.220205001284612623e+00 2.924682690037674959e+01 1.859203200448813220e+01 1.047872916817723699e+01
1.800000000000000044e+00 1.221361608752716377e+00 2.941340650087516906e+01 1.870280952515620498e+01 1.060518442659355287e+01
1.804999999999999938e+00 1.222519976159418986e+00 2.958057219076061628e+01 1.881404364144414743e+01 1.072670008893000571e+01
1.810000000000000053e+00 1.223680091920789526e+00 2.974831359616761972e+01 1.892573013790817527e+01 1.084312202786236767e+01
1.814999999999999947e+00 1.224841944436477315e+00 2.991662198271599848e+01 1.903786554700013411e+01 1.095430612504613954e+01
1.820000000000000062e+00 1.226005522089884225e+00 3.008548661490662113e+01 1.915044410553309007e+01 1.106012384625751821e+01
1.824999999999999956e+00 1.227170813248343206e+00 3.025489930022989427e+01 1.926346302682541989e+01 1.116045372735558594e+01
1.830000000000000071e+00 1.228337806263303689e+00 3.042484861497186444e+01 1.937691501741275246e+01 1.125518900142571965e+01
1.834999999999999964e+00 1.229506489470522324e+00 3.059532685595136314e+01 1.949079790754341701e+01 1.134423423306899537e+01
1.840000000000000080e+00 1.230676851190258825e+00 3.076632292872099228e+01 1.960510400964448507e+01 1.142750604819767979e+01
1.844999999999999973e+00 1.231848879727479362e+00 3.093783973141914601e+01 1.971983355970061069e+01 1.150496932325022748e+01
1.850000000000000089e+00 1.233022563372064173e+00 3.110984660687402581e+01 1.983497306163569007e+01 1.157650390854996658e+01
1.854999999999999982e+00 1.234197890399023168e+00 3.128234491959550212e+01 1.995052079518839605e+01 1.164209757391818378e+01
1.860000000000000098e+00 1.235374849068715752e+00 3.145532691561760075e+01 2.006647138137686426e+01 1.170171824836905472e+01
1.864999999999999991e+00 1.236553427627077095e+00 3.162878336835881754e+01 2.018281882217908674e+01 1.175534835634955932e+01
1.870000000000000107e+00 1.237733614305851271e+00 3.180270732294851754e+01 2.029955809070043671e+01 1.180298590370140843e+01
1.875000000000000000e+00 1.238915397322829737e+00 3.197709090080823913e+01 2.041668339686203382e+01 1.184463913278894154e+01
1.880000000000000115e+00 1.240098764882095139e+00 3.215192788401648016e+01 2.053418980797215454e+01 1.188032878269627624e+01
1.885000000000000009e+00 1.241283705174272667e+00 3.232721137690384694e+01 2.065207244857610647e+01 1.191009508640019199e+01
1.890000000000000124e+00 1.242470206376787178e+00 3.250293491536852031e+01 2.077032487356047241e+01 1.193398154207421413e+01
1.895000000000000018e+00 1.243658256654124994e+00 3.267909430168275975e+01 2.088894342762564094e+01 1.195205191255628385e+01
1.900000000000000133e+00 1.244847844158103012e+00 3.285568309934092213e+01 2.100792213506215234e+01 1.196438188525039514e+01
1.905000000000000027e+00 1.246038957028144711e+00 3.303269702846511535e+01 2.112725599806132948e+01 1.197105742240766268e+01
1.910000000000000142e+00 1.247231583391559262e+00 3.321013316571092844e+01 2.124694212850756969e+01 1.197217597318130977e+01
1.915000000000000036e+00 1.248425711363831514e+00 3.338798821185704924e+01 2.136697551654258831e+01 1.196785068706740418e+01
1.919999999999999929e+00 1.249621329048912655e+00 3.356625719267311325e+01 2.148735001808554301e+01 1.195820493382788463e+01
1.925000000000000044e+00 1.250818424539521745e+00 3.374494043019501532e+01 2.160806490242121924e+01 1.194337427148358977e+01
1.929999999999999938e+00 1.252016985917450365e+00 3.392403542950766848e+01 2.172911461382735610e+01 1.192350609792259952e+01
1.935000000000000053e+00 1.253217001253874363e+00 3.410353991799534157e+01 2.185049560643248157e+01 1.189875417515263223e+01
1.939999999999999947e+00 1.254418458609672937e+00 3.428345598418496820e+01 2.197220642198376694e+01 1.186929108215748485e+01
1.945000000000000062e+00 1.255621346035752151e+00 3.446380190907091645e+01 2.209424697879901700e+01 1.183525161605835230e+01
1.949999999999999956e+00 1.256825651573374891e+00 3.464454033669906607e+01 2.221660771755897912e+01 1.179690723976843536e+01
1.955000000000000071e+00 1.258031363254499713e+00 3.482569177146124417e+01 2.233928969159175892e+01 1.175441562477212543e+01
1.959999999999999964e+00 1.259238469102119673e+00 3.500725736109368569e+01 2.246229164321579930e+01 1.170798298107871283e+01
1.965000000000000080e+00 1.260446957130616275e+00 3.518923955388037683e+01 2.258561135166602440e+01 1.165782811584077550e+01
1.969999999999999973e+00 1.261656815346111182e+00 3.537164138832618931e+01 2.270924816979194816e+01 1.160417588167585201e+01
1.975000000000000089e+00 1.262868031746829489e+00 3.555447000640312183e+01 2.283320233190589477e+01 1.154726337125809721e+01
1.979999999999999982e+00 1.264080594323466533e+00 3.573772276592376329e+01 2.295747074426804346e+01 1.148732127681876491e+01
1.985000000000000098e+00 1.265294491059563597e+00 3.592140684316889576e+01 2.308205429456450020e+01 1.142460180031906525e+01
1.989999999999999991e+00 1.266509709931886274e+00 3.610552818908096384e+01 2.320695387671305809e+01 1.135936036317981390e+01
1.995000000000000107e+00 1.267726238910813485e+00 3.629009173203286309e+01 2.333216930574839409e+01 1.129185610554170083e+01
2.000000000000000000e+00 1.268944065960727619e+00 3.647510312458762627e+01 2.345770209903892578e+01 1.122235660724571105e+01
2.004999999999999893e+00 1.270163179040415979e+00 3.666056897709677287e+01 2.358355209837610289e+01 1.115113108436088041e+01
2.010000000000000231e+00 1.271383566103475360e+00 3.684649458972079117e+01 2.370972081960134048e+01 1.107845764120145304e+01
2.015000000000000124e+00 1.272605215098723486e+00 3.703288900802745331e+01 2.383621158034797460e+01 1.100461623393073651e+01
2.020000000000000018e+00 1.273828113970618237e+00 3.721975791505551001e+01 2.396302488307402712e+01 1.092989170673724608e+01
2.024999999999999911e+00 1.275052250659680864e+00 3.740710920941638307e+01 2.409016331035768843e+01 1.085457052865826633e+01
2.030000000000000249e+00 1.276277613102927866e+00 3.759495108834086352e+01 2.421762990143606942e+01 1.077894229881589361e+01
2.035000000000000142e+00 1.277504189234306420e+00 3.778329141900413646e+01 2.434542730363922303e+01 1.070330099483741648e+01
2.040000000000000036e+00 1.278731966985139357e+00 3.797213861149216285e+01 2.447355870110711962e+01 1.062794063949565171e+01
2.044999999999999929e+00 1.279960934284574359e+00 3.816150080253216714e+01 2.460202743813987780e+01 1.055315579633120748e+01
2.049999999999999822e+00 1.281191079060038929e+00 3.835138669695845692e+01 2.473083717543600102e+01 1.047924298561465406e+01
2.055000000000000160e+00 1.282422389237703575e+00 3.854180445103146724e+01 2.485999077815145597e+01 1.040649748886632864e+01
2.060000000000000053e+00 1.283654852742951435e+00 3.873276310213417872e+01 2.498949325851284442e+01 1.033521666146725160e+01
2.064999999999999947e+00 1.284888457500850345e+00 3.892427183101551691e+01 2.511934866266114597e+01 1.026569431235155783e+01
2.069999999999999840e+00 1.286123191436637780e+00 3.911633938654870235e+01 2.524956213560524887e+01 1.019822392626044483e+01
2.075000000000000178e+00 1.287359042476205584e+00 3.930897330008343005e+01 2.538013544440018165e+01 1.013309635572382206e+01
2.080000000000000071e+00 1.288595998546594679e+00 3.950218412985002203e+01 2.551107671580907521e+01 1.007060399866494649e+01
2.084999999999999964e+00 1.289834047576496001e+00 3.969597893991817017e+01 2.564238826861502929e+01 1.001103023421901383e+01
2.089999999999999858e+00 1.291073177496757207e+00 3.989036721000537256e+01 2.577407648413400665e+01 9.954657137000150868e+00
2.095000000000000195e+00 1.292313376240894485e+00 4.008535721964287291e+01 2.590614560236005204e+01 9.901765193740871496e+00
2.100000000000000089e+00 1.293554631745612582e+00 4.028095682053827176e+01 2.603860035722265565e+01 9.852627478320174603e+00
2.104999999999999982e+00 1.294796931951329721e+00 4.047717366533387917e+01 2.617144610878503030e+01 9.807511549419796637e+00
2.109999999999999876e+00 1.296040264802710951e+00 4.067401581010520317e+01 2.630468766660212054e+01 9.766685524365529503e+00
2.115000000000000213e+00 1.297284618249205046e+00 4.087149138872025844e+01 2.643833141131989350e+01 9.730399634150376897e+00
2.120000000000000107e+00 1.298529980245588522e+00 4.106961195342568516e+01 2.657237991506693930e+01 9.698938754155209452e+00
2.125000000000000000e+00 1.299776338752518745e+00 4.126837493646364408e+01 2.670684087729021883e+01 9.672489870558756309e+00
2.129999999999999893e+00 1.301023681737088600e+00 4.146779228693200281e+01 2.684171864504970273e+01 9.651317208691661875e+00
2.135000000000000231e+00 1.302271997173391371e+00 4.166786948759487785e+01 2.697701809291558206e+01 9.635648287004551449e+00
2.140000000000000124e+00 1.303521273043090511e+00 4.186861156697490571e+01 2.711274205542955684e+01 9.625700009368932442e+00
2.145000000000000018e+00 1.304771497335994956e+00 4.207002636933307116e+01 2.724889892249893819e+01 9.621687848602080706e+00
2.149999999999999911e+00 1.306022658050641327e+00 4.227211700040293607e+01 2.738549040513007427e+01 9.623810832305622398e+00
2.155000000000000249e+00 1.307274743194883682e+00 4.247488952617832325e+01 2.752252296671149523e+01 9.632260267551648880e+00
2.160000000000000142e+00 1.308527740786487481e+00 4.267834687840212382e+01 2.765999935107737429e+01 9.647218982413710009e+00
2.165000000000000036e+00 1.309781638853730668e+00 4.288249448991312107e+01 2.779792510217833268e+01 9.668856846802185601e+00
2.169999999999999929e+00 1.311036425436011399e+00 4.308733566986344243e+01 2.793630516488265769e+01 9.697335304855650762e+00
2.175000000000000266e+00 1.312292088584462002e+00 4.329287252445688239e+01 2.807514166782483755e+01 9.732801777364041840e+00
2.180000000000000160e+00 1.313548616362568033e+00 4.349910767957677393e+01 2.821443907349144098e+01 9.775395271936195840e+00
2.185000000000000053e+00 1.314805996846795111e+00 4.370604365691283988e+01 2.835420058450493030e+01 9.825236684089837524e+00
2.189999999999999947e+00 1.316064218127219965e+00 4.391368263261406213e+01 2.849443056990240564e+01 9.882442072091638607e+00
2.194999999999999840e+00 1.317323268308171258e+00 4.412202401416318054e+01 2.863513051502099671e+01 9.947112107635835088e+00
2.200000000000000178e+00 1.318583135508872406e+00 4.433107032910553613e+01 2.877630490661497120e+01 1.001933213775724241e+01
2.205000000000000071e+00 1.319843807864092611e+00 4.454082039575373386e+01 2.891795472752988161e+01 1.009917760305808088e+01
2.209999999999999964e+00 1.321105273524805224e+00 4.475127545283930885e+01 2.906008454225477067e+01 1.018670940850976159e+01
2.214999999999999858e+00 1.322367520658849438e+00 4.496243834312971188e+01 2.920269389509552482e+01 1.028194453476014303e+01
2.220000000000000195e+00 1.323630537451601530e+00 4.517430061913150752e+01 2.934578757910860602e+01 1.038497635361039784e+01
2.225000000000000089e+00 1.324894312106648098e+00 4.538686225586277345e+01 2.948936402968243442e+01 1.049579371368328751e+01
2.229999999999999982e+00 1.326158832846469293e+00 4.560012255525004576e+01 2.963342583724154977e+01 1.061440701858895430e+01
2.234999999999999876e+00 1.327424087913126938e+00 4.581408069580299980e+01 2.977797522128981100e+01 1.074080396095097178e+01
2.240000000000000213e+00 1.328690065568957523e+00 4.602873250507411740e+01 2.992301239202262764e+01 1.087496975517999154e+01
2.245000000000000107e+00 1.329956754097271210e+00 4.624407496492166558e+01 3.006853668240560751e+01 1.101686345776030329e+01
2.250000000000000000e+00 1.331224141803060590e+00 4.646010496919615207e+01 3.021455009572223815e+01 1.116643666994342787e+01
2.254999999999999893e+00 1.332492217013710345e+00 4.667681948831202021e+01 3.036105295313371855e+01 1.132362704100266093e+01
2.260000000000000231e+00 1.333760968079716003e+00 4.689421232749736390e+01 3.050804223783250180e+01 1.148836020603538799e+01
2.265000000000000124e+00 1.335030383375409135e+00 4.711228129941334686e+01 3.065552042760257478e+01 1.166053676089844693e+01
2.270000000000000018e+00 1.336300451299685221e+00 4.733102011618197480e+01 3.080348477247271788e+01 1.184006135780710700e+01
2.274999999999999911e+00 1.337571160276742388e+00 4.755042435767119002e+01 3.095193480693281174e+01 1.202681039350951586e+01
2.280000000000000249e+00 1.338842498756821042e+00 4.777049049286033267e+01 3.110087166559084437e+01 1.222065238223123451e+01
2.285000000000000142e+00 1.340114455216953049e+00 4.799121065758014737e+01 3.125029008952799359e+01 1.242144692512555970e+01
2.290000000000000036e+00 1.341387018161716460e+00 4.821258047919137368e+01 3.140019115529688776e+01 1.262903726500489832e+01
2.294999999999999929e+00 1.342660176123993576e+00 4.843459462889727263e+01 3.155057165081241521e+01 1.284324645649799201e+01
2.300000000000000266e+00 1.343933917665737443e+00 4.865724641874228951e+01 3.170142961330722642e+01 1.306389943045203594e+01
2.305000000000000160e+00 1.345208231378743458e+00 4.888053164205264522e+01 3.185276469295406088e+01 1.329080048255047330e+01
2.310000000000000053e+00 1.346483105885426967e+00 4.910444345126106214e+01 3.200457304061423258e+01 1.352374211634109535e+01
2.314999999999999947e+00 1.347758529839606201e+00 4.932897478064268881e+01 3.215685112817079983e+01 1.376251426131408806e+01
2.319999999999999840e+00 1.349034491927291413e+00 4.955412082845405308e+01 3.230959677811524955e+01 1.400687980592315895e+01
2.325000000000000178e+00 1.350310980867478472e+00 4.977987540772629416e+01 3.246280893530697398e+01 1.425661176633624905e+01
2.330000000000000071e+00 1.351587985412951776e+00 5.000623315677121639e+01 3.261648322771078767e+01 1.451145374934523780e+01
2.334999999999999964e+00 1.352865494351088493e+00 5.023318747952805552e+01 3.277061700873391459e+01 1.477115614708447211e+01
2.339999999999999858e+00 1.354143496504671029e+00 5.046073181559984278e+01 3.292520535682126592e+01 1.503545011833438316e+01
2.345000000000000195e+00 1.355421980732705700e+00 5.068886302177014613e+01 3.308024888113149586e+01 1.530406002597005966e+01
2.350000000000000089e+00 1.356700935931243857e+00 5.091757278813215493e+01 3.323574095464230993e+01 1.557670641522360455e+01
2.354999999999999982e+00 1.357980351034212774e+00 5.114685657952909992e+01 3.339167837498240488e+01 1.585309716434744765e+01
2.359999999999999876e+00 1.359260215014249207e+00 5.137671017195323486e+01 3.354806049864325246e+01 1.613293890152984034e+01
2.365000000000000213e+00 1.360540516883539608e+00 5.160712829298384463e+01 3.370488174054325725e+01 1.641593055755963348e+01
2.370000000000000107e+00 1.361821245694665894e+00 5.183810571772108489e+01 3.386213953131964161e+01 1.670175906901845764e+01
2.375000000000000000e+00 1.363102390541456321e+00 5.206963848537387918e+01 3.401983119515426068e+01 1.699011561219250055e+01
2.379999999999999893e+00 1.364383940559842134e+00 5.230172111665243762e+01 3.417795115012955875e+01 1.728068344022303648e+01
2.385000000000000231e+00 1.365665884928720875e+00 5.253435101231126225e+01 3.433649830472039355e+01 1.757313918162639155e+01
2.390000000000000124e+00 1.366948212870820356e+00 5.276752368904451629e+01 3.449546855383444210e+01 1.786715126714864965e+01
2.395000000000000018e+00 1.368230913653576408e+00 5.300123583096934254e+01 3.465485902528638462e+01 1.816240370264841886e+01
2.399999999999999911e+00 1.369513976590007287e+00 5.323547584103897634e+01 3.481466394433083167e+01 1.845856476416800263e+01
2.405000000000000249e+00 1.370797391039600077e+00 5.347025863323443673e+01 3.497488648325814609e+01 1.875529701202463073e+01
2.410000000000000142e+00 1.372081146409197538e+00 5.370557197841664276e+01 3.513551878626077496e+01 1.905227644687617072e+01
2.415000000000000036e+00 1.373365232153893167e+00 5.394141644794942181e+01 3.529656176649100274e+01 1.934916464919639978e+01
2.419999999999999929e+00 1.374649637777930256e+00 5.417778838753621073e+01 3.545801118981606237e+01 1.964563264692217359e+01
2.425000000000000266e+00 1.375934352835608943e+00 5.441468629585695993e+01 3.561986302977344110e+01 1.994135308821786268e+01
2.430000000000000160e+00 1.377219366932191491e+00 5.465211138935094226e+01 3.578211810839574269e+01 2.023599208843111441e+01
2.435000000000000053e+00 1.378504669724822440e+00 5.489006149794694522e+01 3.594477251320775224e+01 2.052922595156307040e+01
2.439999999999999947e+00 1.379790250923445205e+00 5.512853638677430013e+01 3.610782473923685387e+01 2.082072549087882507e+01
2.444999999999999840e+00 1.381076100291728892e+00 5.536753583412718882e+01 3.627127152652479936e+01 2.111017788823274088e+01
2.450000000000000178e+00 1.382362207647998886e+00 5.560706201500413925e+01 3.643511362130921327e+01 2.139726809358686310e+01
2.455000000000000071e+00 1.383648562866170106e+00 5.584711461165612434e+01 3.659934822742526705e+01 2.168167146830766612e+01
2.459999999999999964e+00 1.384935155876690471e+00 5.608769455327180253e+01 3.676397359482024285e+01 2.196309719053743592e+01
2.464999999999999858e+00 1.386221976667483702e+00 5.632880599397186216e+01 3.692899255395273173e+01 2.224122819984100019e+01
2.470000000000000195e+00 1.387509015284901448e+00 5.657044838194058656e+01 3.709440015029671400e+01 2.251578173741336997e+01
2.475000000000000089e+00 1.388796261834676082e+00 5.681262452377083605e+01 3.726019720484317332e+01 2.278647430371260896e+01
2.479999999999999982e+00 1.390083706482882597e+00 5.705533881127256990e+01 3.742638482458956162e+01 2.305300339469364701e+01
2.484999999999999876e+00 1.391371339456903167e+00 5.729859200687606346e+01 3.759296050410364387e+01 2.331511648045239227e+01
2.490000000000000213e+00 1.392659151046396371e+00 5.754238807099847719e+01 3.775992476741223669e+01 2.357253520409742720e+01
2.495000000000000107e+00 1.393947131604270639e+00 5.778673144979693888e+01 3.792727921904622690e+01 2.382501066981381399e+01
2.500000000000000000e+00 1.395235271547664579e+00 5.803162446180304102e+01 3.809502320430412681e+01 2.407229657077150264e+01
2.504999999999999893e+00 1.396523561358930632e+00 5.827707328813387733e+01 3.826315846236875018e+01 2.431414921398517848e+01
2.510000000000000231e+00 1.397811991586621838e+00 5.852308159295820644e+01 3.843168571735818517e+01 2.455034800925042404e+01
2.515000000000000124e+00 1.399100552846486600e+00 5.876965240321974449e+01 3.860060454813795161e+01 2.478067679547335089e+01
2.520000000000000018e+00 1.400389235822465217e+00 5.901679264420187820e+01 3.876991829691546343e+01 2.500491883267919135e+01
2.524999999999999911e+00 1.401678031267691527e+00 5.926450610315249179e+01 3.893962664595831313e+01 2.522288987601332266e+01
2.530000000000000249e+00 1.402966930005501656e+00 5.951279962409748947e+01 3.910973345126511447e+01 2.543440260782452711e+01
2.535000000000000142e+00 1.404255922930439437e+00 5.976167633425210113e+01 3.928023880263612000e+01 2.563929028201775751e+01
2.540000000000000036e+00 1.405545001009279815e+00 6.001114305611402244e+01 3.945114485815102512e+01 2.583738550653778532e+01
2.544999999999999929e+00 1.406834155282040921e+00 6.026113608432944346e+01 3.962243121213762720e+01 2.602882792538871826e+01
2.550000000000000266e+00 1.408123376863012810e+00 6.051179430900714351e+01 3.979414529391760880e+01 2.621295100947682499e+01
2.555000000000000160e+00 1.409412656941783526e+00 6.076305651240350159e+01 3.996626497294579394e+01 2.638989004554688833e+01
2.560000000000000053e+00 1.410701986784272943e+00 6.101493266009133976e+01 4.013879670542586098e+01 2.655954106734378684e+01
2.564999999999999947e+00 1.411991357733769048e+00 6.126742706119785709e+01 4.031174199580418360e+01 2.672180174418025089e+01
2.569999999999999840e+00 1.413280761211968217e+00 6.152054486625079477e+01 4.048510283883975092e+01 2.687660431740762590e+01
2.575000000000000178e+00 1.414570188720020605e+00 6.177429208064852872e+01 4.065888206302874153e+01 2.702387167502154952e+01
2.580000000000000071e+00 1.415859631839580635e+00 6.202867530394016882e+01 4.083308434545752164e+01 2.716356457654462986e+01
2.584999999999999964e+00 1.417149082233858159e+00 6.228369974007794951e+01 4.100771127252869519e+01 2.729563880744156990e+01
2.589999999999999858e+00 1.418438531648677170e+00 6.253937040885719512e+01 4.118276620965175283e+01 2.742007663104327619e+01
2.595000000000000195e+00 1.419727971913536280e+00 6.279569547599844270e+01 4.135825441596521301e+01 2.753686872146182552e+01
2.600000000000000089e+00 1.421017394942674095e+00 6.305267760997530502e+01 4.153417668311965372e+01 2.764602161424542714e+01
2.604999999999999982e+00 1.422306792736138581e+00 6.331032294637275726e+01 4.171053614589993686e+01 2.774755978841067972e+01
2.609999999999999876e+00 1.423596157380858207e+00 6.356863705387553409e+01 4.188733840165555478e+01 2.784151842895713713e+01
2.615000000000000213e+00 1.424885481051721747e+00 6.382762441900081996e+01 4.206458451852409297e+01 2.792794446292016630e+01
2.620000000000000107e+00 1.426174756012655642e+00 6.408729119883879832e+01 4.224228038552945463e+01 2.800691523981562980e+01
2.625000000000000000e+00 1.427463974617710019e+00 6.434763983292997125e+01 4.242042691107848640e+01 2.807850557852821183e+01
2.629999999999999893e+00 1.428753129312145598e+00 6.460867768565188385e+01 4.259902947366887815e+01 2.814280212802316683e+01
2.635000000000000231e+00 1.430042212633526821e+00 6.487040617909900675e+01 4.277808958260049366e+01 2.819992759229587520e+01
2.640000000000000124e+00 1.431331217212814755e+00 6.513283081534687824e+01 4.295761176777924106e+01 2.825000012318690423e+01
2.645000000000000018e+00 1.432620135775467096e+00 6.539595508096519438e+01 4.313759761011894511e+01 2.829315957499164824e+01
2.649999999999999911e+00 1.433908961142540850e+00 6.565978264876660830e+01 4.331805327998405630e+01 2.832955859415666922e+01
2.655000000000000249e+00 1.435197686231796554e+00 6.592431652669340281e+01 4.349897939060446106e+01 2.835936345634137723e+01
2.660000000000000142e+00 1.436486304058808727e+00 6.618955883037453702e+01 4.368037865270176212e+01 2.838275366739300409e+01
2.665000000000000036e+00 1.437774807738079197e+00 6.645551321439145909e+01 4.386225556687412563e+01 2.839991912284999387e+01
2.669999999999999929e+00 1.439063190484150212e+00 6.672216488437591408e+01 4.404461110171701677e+01 2.841115003632189939e+01
2.675000000000000266e+00 1.440351445612727099e+00 6.698954905186043618e+01 4.422745019092651830e+01 2.841651116876574434e+01
2.680000000000000160e+00 1.441639566541798700e+00 6.725765016416131914e+01 4.441077379499397182e+01 2.841631004668693095e+01
2.685000000000000053e+00 1.442927546792763360e+00 6.752647101321855416e+01 4.459458427505339984e+01 2.841078796275608198e+01
2.689999999999999947e+00 1.444215379991559578e+00 6.779601186545433222e+01 4.477888407826484496e+01 2.840020770132083072e+01
2.694999999999999840e+00 1.445503059869796658e+00 6.806627429857941536e+01 4.496367619693761242e+01 2.838482291879518016e+01
2.700000000000000178e+00 1.446790580265890691e+00 6.833725780928027405e+01 4.514896164941532675e+01 2.836492792165593357e+01
2.705000000000000071e+00 1.448077935126202975e+00 6.860896255503536167e+01 4.533474103963128954e+01 2.834079603946408454e+01
2.709999999999999964e+00 1.449365118506182437e+00 6.888138986231109584e+01 4.552101816495439834e+01 2.831272900235228818e+01
2.714999999999999858e+00 1.450652124571508272e+00 6.915453724544208569e+01 4.570779422865091846e+01 2.828104350047397020e+01
2.720000000000000195e+00 1.451938947599239915e+00 6.942840598632324145e+01 4.589506883361489997e+01 2.824604826546762126e+01
2.725000000000000089e+00 1.453225581978965009e+00 6.970299404759374795e+01 4.608284566343505162e+01 2.820806804654314703e+01
2.729999999999999982e+00 1.454512022213955591e+00 6.997828910059936902e+01 4.627112225956868485e+01 2.816736726006847746e+01
2.734999999999999876e+00 1.455798262922322506e+00 7.025431048878907347e+01 4.645990217855563742e+01 2.812443041355417606e+01
2.740000000000000213e+00 1.457084298838174696e+00 7.053104603550974616e+01 4.664918531465318807e+01 2.807952695694732981e+01
2.745000000000000107e+00 1.458370124812782276e+00 7.080849389508730951e+01 4.683897157043188741e+01 2.803301588918609966e+01
2.750000000000000000e+00 1.459655735815740485e+00 7.108665238008430265e+01 4.702926270191689184e+01 2.798525349099443815e+01
2.754999999999999893e+00 1.460941126936137202e+00 7.136551929320607712e+01 4.722005789499579009e+01 2.793660523507341509e+01
2.760000000000000231e+00 1.462226293383724007e+00 7.164508913560929670e+01 4.741135470855358847e+01 2.788744064567704228e+01
2.765000000000000124e+00 1.463511230490086357e+00 7.192536164864182524e+01 4.760315619740089943e+01 2.783812935212306883e+01
2.770000000000000018e+00 1.464795933709824194e+00 7.220633334330514685e+01 4.779546205914319756e+01 2.778905037638743636e+01
2.774999999999999911e+00 1.466080398621724123e+00 7.248799923932652689e+01 4.798826811166893691e+01 2.774056577036317961e+01
2.780000000000000249e+00 1.467364620929943797e+00 7.277035772293899640e+01 4.818157709907353592e+01 2.769307559062336210e+01
2.785000000000000142e+00 1.468648596465194744e+00 7.305340477300602231e+01 4.837538782539894555e+01 2.764694681075104654e+01
2.790000000000000036e+00 1.469932321185927426e+00 7.333713450715852389e+01 4.856969587928016097e+01 2.760255979275887128e+01
2.794999999999999929e+00 1.471215791179520282e+00 7.362154701816190538e+01 4.876450488912350067e+01 2.756029110044470443e+01
2.800000000000000266e+00 1.472499002663467449e+00 7.390663432057513660e+01 4.895980945624594938e+01 2.752052814639249334e+01
2.805000000000000160e+00 1.473781951986576466e+00 7.419239511579650070e+01 4.915561064423188498e+01 2.748363316912792342e+01
2.810000000000000053e+00 1.475064635630160437e+00 7.447882430280861854e+01 4.935190573551722792e+01 2.744999092784583539e+01
2.814999999999999947e+00 1.476347050209237288e+00 7.476591751556887289e+01 4.954869268850960395e+01 2.741996771592242865e+01
2.819999999999999840e+00 1.477629192473728592e+00 7.505367206593311380e+01 4.974597217910536529e+01 2.739392984486395832e+01
2.825000000000000178e+00 1.478911059309663267e+00 7.534208175155875153e+01 4.994373886398194884e+01 2.737224233285049735e+01
2.830000000000000071e+00 1.480192647740382617e+00 7.563114800579936059e+01 5.014199440709283095e+01 2.735522997614050311e+01
2.834999999999999964e+00 1.481473954927746250e+00 7.592085921123738501e+01 5.034073419020676710e+01 2.734329186891133290e+01
2.839999999999999858e+00 1.482754978173340454e+00 7.621121509960630647e+01 5.053995716785798464e+01 2.733674804623780474e+01
2.845000000000000195e+00 1.484035714919693882e+00 7.650220984223692255e+01 5.073965912503521736e+01 2.733594075264851853e+01
2.850000000000000089e+00 1.485316162751484814e+00 7.679384314527146671e+01 5.093984154280573762e+01 2.734119494337726053e+01
2.854999999999999982e+00 1.486596319396762178e+00 7.708610912070845700e+01 5.114050040118465290e+01 2.735283231714931418e+01
2.859999999999999876e+00 1.487876182728162133e+00 7.737900380515226573e+01 5.134163254050208280e+01 2.737115891716371507e+01
2.865000000000000213e+00 1.489155750764126207e+00 7.767252493468105001e+01 5.154323709740876325e+01 2.739648386179280593e+01
2.870000000000000107e+00 1.490435021670126092e+00 7.796666877997422773e+01 5.174531125694939249e+01 2.742909082978773228e+01
2.875000000000000000e+00 1.491713993759884893e+00 7.826143184056225266e+01 5.194785241970359380e+01 2.746927062053353197e+01
2.879999999999999893e+00 1.492992665496607696e+00 7.855681264306805645e+01 5.215085999596527699e+01 2.751728685234159499e+01
2.885000000000000231e+00 1.494271035494205480e+00 7.885280697176511921e+01 5.235433007718435761e+01 2.757339586709952428e+01
2.890000000000000124e+00 1.495549102518527240e+00 7.914941353884265141e+01 5.255826220537882421e+01 2.763783756034769823e+01
2.895000000000000018e+00 1.496826865488593894e+00 7.944663033361442217e+01 5.276265283992310628e+01 2.771085790918297675e+01
2.899999999999999911e+00 1.498104323477830180e+00 7.974445310943811194e+01 5.296750058933855598e+01 2.779267213120384028e+01
2.905000000000000249e+00 1.499381475715303225e+00 8.004288162061055800e+01 5.317280160032554193e+01 2.788347346437491936e+01
2.910000000000000142e+00 1.500658321586958444e+00 8.034191512238334099e+01 5.337855828203535680e+01 2.798347697779307452e+01
2.915000000000000036e+00 1.501934860636862323e+00 8.064155258915231173e+01 5.358476710493827966e+01 2.809284366890547346e+01
2.919999999999999929e+00 1.503211092568443430e+00 8.094178961515950732e+01 5.379142315955047593e+01 2.821173985004590534e+01
2.925000000000000266e+00 1.504487017245737190e+00 8.124262898016870338e+01 5.399852932569454822e+01 2.834032593805202893e+01
2.930000000000000160e+00 1.505762634694630231e+00 8.154406793460843517e+01 5.420608123887412688e+01 2.847871434369006849e+01
2.935000000000000053e+00 1.507037945104112264e+00 8.184611018582373276e+01 5.441408417022974220e+01 2.862711718480072776e+01
2.939999999999999947e+00 1.508312948827522426e+00 8.214875175317239098e+01 5.462252761574624316e+01 2.878548322470413368e+01
2.944999999999999840e+00 1.509587646383803383e+00 8.245199148998109706e+01 5.483141106971912393e+01 2.895397298890260274e+01
2.950000000000000178e+00 1.510862038458753664e+00 8.275583385511782808e+01 5.504073889484909898e+01 2.913265354864005374e+01
2.955000000000000071e+00 1.512136125906285322e+00 8.306027869856251300e+01 5.525050811674114470e+01 2.932158305123049402e+01
2.959999999999999964e+00 1.513409909749681370e+00 8.336532609211805323e+01 5.546071776054614588e+01 2.952079314464446824e+01
2.964999999999999858e+00 1.514683391182853445e+00 8.367097751016741825e+01 5.567136727394589002e+01 2.973031456260201821e+01
2.970000000000000195e+00 1.515956571571605682e+00 8.397723600337147332e+01 5.588245590439542809e+01 2.995013361314219225e+01
2.975000000000000089e+00 1.517229452454897709e+00 8.428410313523131947e+01 5.609398617675272192e+01 3.018025682400331888e+01
2.979999999999999982e+00 1.518502035546109630e+00 8.459157733304610360e+01 5.630595176524319356e+01 3.042065838970433234e+01
2.984999999999999876e+00 1.519774322734309235e+00 8.489966678284011437e+01 5.651836026557145942e+01 3.067128454561176554e+01
2.990000000000000213e+00 1.521046316085523209e+00 8.520836905227196212e+01 5.673120615270869393e+01 3.093207920056097038e+01
2.995000000000000107e+00 1.522318017844006111e+00 8.551769073049202063e+01 5.694449395448565809e+01 3.120295299518844701e+01
3.000000000000000000e+00 1.523589430433515579e+00 8.582763115846610447e+01 5.715821910051293742e+01 3.148385375053356583e+01
3.004999999999999893e+00 1.524860556458587313e+00 8.613819812898279338e+01 5.737238872284064684e+01 3.177460896797195034e+01
3.010000000000000231e+00 1.526131398705811604e+00 8.644939067789090359e+01 5.758699817169195256e+01 3.207514660283653285e+01
3.015000000000000124e+00 1.527401960145112314e+00 8.676121441638106546e+01 5.780205163997412399e+01 3.238530150649072681e+01
3.020000000000000018e+00 1.528672243931031183e+00 8.707367066376185960e+01 5.801754639424402171e+01 3.270491892474345974e+01
3.024999999999999911e+00 1.529942253404009023e+00 8.738676914071785973e+01 5.823349170599637858e+01 3.303381849120903979e+01
3.030000000000000249e+00 1.531211992091669805e+00 8.770050547163923227e+01 5.844987800922478982e+01 3.337182583884096942e+01
3.035000000000000142e+00 1.532481463710112957e+00 8.801489323086111938e+01 5.866671706256060048e+01 3.371874222621908501e+01
3.040000000000000036e+00 1.533750672165198337e+00 8.832992970000510979e+01 5.888400427130846992e+01 3.407434262700453331e+01
3.044999999999999929e+00 1.535019621553841640e+00 8.864562029416984501e+01 5.910174147844417547e+01 3.443839587009904335e+01
3.050000000000000266e+00 1.536288316165307810e+00 8.896197017197157209e+01 5.931993262196220940e+01 3.481065765061699580e+01
3.055000000000000160e+00 1.537556760482504448e+00 8.927898534170850553e+01 5.953857978242753290e+01 3.519088913889283532e+01
3.060000000000000053e+00 1.538824959183287211e+00 8.959666714657878117e+01 5.975768342740010297e+01 3.557880167368115565e+01
3.064999999999999947e+00 1.540092917141751672e+00 8.991502345114653849e+01 5.997724756311770022e+01 3.597410909403583190e+01
3.070000000000000284e+00 1.541360639429545376e+00 9.023405514205673228e+01 6.019727228506843630e+01 3.637649613531272763e+01
3.075000000000000178e+00 1.542628131317168361e+00 9.055377231879414524e+01 6.041776377131722597e+01 3.678571359884915637e+01
3.080000000000000071e+00 1.543895398275281439e+00 9.087417237208809695e+01 6.063871824614475514e+01 3.720138608648102974e+01
3.084999999999999964e+00 1.545162445976019150e+00 9.119526396815085434e+01 6.086014403600303524e+01 3.762322686123568616e+01
3.089999999999999858e+00 1.546429280294300046e+00 9.151705258723140446e+01 6.108204208626837328e+01 3.805085747724536560e+01
3.095000000000000195e+00 1.547695907309144969e+00 9.183953958031271725e+01 6.130441320832514407e+01 3.848392416536675142e+01
3.100000000000000089e+00 1.548962333304992001e+00 9.216272976029030417e+01 6.152725941522483311e+01 3.892212612781832348e+01
3.104999999999999982e+00 1.550228564773019402e+00 9.248662987173482009e+01 6.175058861555159240e+01 3.936507795164112622e+01
3.109999999999999876e+00 1.551494608412467890e+00 9.281124562187892479e+01 6.197440192971959050e+01 3.981235755954846667e+01
3.115000000000000213e+00 1.552760471131968911e+00 9.313657161133394879e+01 6.219869435274468117e+01 4.026361015691301048e+01
3.120000000000000107e+00 1.554026160050869576e+00 9.346262156332173276e+01 6.242347747415648485e+01 4.071844078387560728e+01
3.125000000000000000e+00 1.555291682500568706e+00 9.378939639681813389e+01 6.264875333066440533e+01 4.117648747874621762e+01
3.129999999999999893e+00 1.556557046025848434e+00 9.411689785500772132e+01 6.287452056859877558e+01 4.163734602982999888e+01
3.135000000000000231e+00 1.557822258386214909e+00 9.444513340975122162e+01 6.310078484477672589e+01 4.210057965135801084e+01
3.140000000000000124e+00 1.559087327557234559e+00 9.477409918492797658e+01 6.332754534934581159e+01 4.256576880645557992e+01
3.145000000000000018e+00 1.560352261731882795e+00 9.510380421310449606e+01 6.355480801425407122e+01 4.303252882874828344e+01
3.149999999999999911e+00 1.561617069321888263e+00 9.543425338839122674e+01 6.378257766767652015e+01 4.350045767890668458e+01
3.155000000000000249e+00 1.562881758959084433e+00 9.576544122633504230e+01 6.401084947793560787e+01 4.396911365102608471e+01
3.160000000000000142e+00 1.564146339496760740e+00 9.609737683936707242e+01 6.423963028484655524e+01 4.443812284211303165e+01
3.165000000000000036e+00 1.565410820011023496e+00 9.643006427484797882e+01 6.446892599205165197e+01 4.490700529612112035e+01
3.169999999999999929e+00 1.566675209802153468e+00 9.676349591840477160e+01 6.469873099701194974e+01 4.537536894339346816e+01
3.175000000000000266e+00 1.567939518395971676e+00 9.709768748571137564e+01 6.492905794159869970e+01 4.584279738872509569e+01
3.180000000000000160e+00 1.569203755545205192e+00 9.743263183256047455e+01 6.515990183987022988e+01 4.630890638175911533e+01
3.185000000000000053e+00 1.570467931230861369e+00 9.776831857639541568e+01 6.539125385733004236e+01 4.677322896257152252e+01
3.189999999999999947e+00 1.571732055663601191e+00 9.810477602662453478e+01 6.562314170094668953e+01 4.723535431305045762e+01
3.195000000000000284e+00 1.572996139285118833e+00 9.844199503794632733e+01 6.585555594123451328e+01 4.769497331555674435e+01
3.200000000000000178e+00 1.574260192769525224e+00 9.877996314583934634e+01 6.608848924519293178e+01 4.815155528256612172e+01
3.205000000000000071e+00 1.575524227024737378e+00 9.911869829050442604e+01 6.632195673654092616e+01 4.860478191102694012e+01
3.209999999999999964e+00 1.576788253193867284e+00 9.945818379650594920e+01 6.655594345212253415e+01 4.905427861260125866e+01
3.214999999999999858e+00 1.578052282656617233e+00 9.979844046126282819e+01 6.679047188574239158e+01 4.949965263927706616e+01
3.220000000000000195e+00 1.579316327030685141e+00 1.001394524098238321e+02 6.702552917865784821e+01 4.994044336905936632e+01
3.225000000000000089e+00 1.580580398173165202e+00 1.004812241216984603e+02 6.726111496211800045e+01 5.037629566830950978e+01
3.229999999999999982e+00 1.581844508181959430e+00 1.008237614972736935e+02 6.749724607848905578e+01 5.080703441846671353e+01
3.234999999999999876e+00 1.583108669397191415e+00 1.011670464291818234e+02 6.773389977693757658e+01 5.123217767234245912e+01
3.240000000000000213e+00 1.584372894402625409e+00 1.015110966251756963e+02 6.797110077552947871e+01 5.165129665601236297e+01
3.245000000000000107e+00 1.585637196027092743e+00 1.018559027106304171e+02 6.820883429101883166e+01 5.206427875089448776e+01
3.250000000000000000e+00 1.586901587345919129e+00 1.022014665835692995e+02 6.844710840989749556e+01 5.247059421050897754e+01
3.254999999999999893e+00 1.588166081682362174e+00 1.025477803248721216e+02 6.868591188309196127e+01 5.287006363306885959e+01
3.260000000000000231e+00 1.589430692609048013e+00 1.028948537646430310e+02 6.892526710971930015e+01 5.326239688773818415e+01
3.265000000000000124e+00 1.590695433949419924e+00 1.032426768353492719e+02 6.916515609515249707e+01 5.364725770363023116e+01
3.270000000000000018e+00 1.591960319779189614e+00 1.035912576298934198e+02 6.940559497269083522e+01 5.402448653174806736e+01
3.274999999999999911e+00 1.593225364427793389e+00 1.039405726051028012e+02 6.964655387805670728e+01 5.439370579730045563e+01
3.280000000000000249e+00 1.594490582479856755e+00 1.042906442507162978e+02 6.988806615921333787e+01 5.475465597778623561e+01
3.285000000000000142e+00 1.595755988776664358e+00 1.046416822388194987e+02 7.013015828975551358e+01 5.510656371429904254e+01
3.290000000000000036e+00 1.597021598417631694e+00 1.049932519892103073e+02 7.037275042360178645e+01 5.545036447791646594e+01
3.294999999999999929e+00 1.598287426761794583e+00 1.053455677944766364e+02 7.061588024840921207e+01 5.578553566518932882e+01
3.300000000000000266e+00 1.599553489429289543e+00 1.056986112882971867e+02 7.085954188597217751e+01 5.611170548807024971e+01
3.305000000000000160e+00 1.600819802302856587e+00 1.060524016550240844e+02 7.110375056564062390e+01 5.642870797298974850e+01
3.310000000000000053e+00 1.602086381529337800e+00 1.064069195628063653e+02 7.134848860998249620e+01 5.673641499763321150e+01
3.314999999999999947e+00 1.603353243521186133e+00 1.067622017852007446e+02 7.159379506969989393e+01 5.703486249880107550e+01
3.320000000000000284e+00 1.604620404957985969e+00 1.071181739507625963e+02 7.183959694413567831e+01 5.732362559953963910e+01
3.325000000000000178e+00 1.605887882787973897e+00 1.074749019725356050e+02 7.208596117198722197e+01 5.760293246163405456e+01
3.330000000000000071e+00 1.607155694229572163e+00 1.078323368347117821e+02 7.233285184552048008e+01 5.787263720350765794e+01
3.334999999999999964e+00 1.608423856772927873e+00 1.081905052179196218e+02 7.258026968242737098e+01 5.813261001638399250e+01
3.339999999999999858e+00 1.609692388181460876e+00 1.085493922649054639e+02 7.282822382518871507e+01 5.838263566920421255e+01
3.345000000000000195e+00 1.610961306493419842e+00 1.089089910819816964e+02 7.307670507787935321e+01 5.862314848041414450e+01
3.350000000000000089e+00 1.612230630023444355e+00 1.092693448686519986e+02 7.332574855495677468e+01 5.885403230066206959e+01
3.354999999999999982e+00 1.613500377364142535e+00 1.096304324869181528e+02 7.357532558531543998e+01 5.907528709470712869e+01
3.359999999999999876e+00 1.614770567387667999e+00 1.099921891875779494e+02 7.382542237327217549e+01 5.928679931865394082e+01
3.365000000000000213e+00 1.616041219247312144e+00 1.103546414632718893e+02 7.407598913024696685e+01 5.948816700720909267e+01
3.370000000000000107e+00 1.617312352379102647e+00 1.107178566886145603e+02 7.432716767706308758e+01 5.968075095118858542e+01
3.375000000000000000e+00 1.618583986503417060e+00 1.110817683863983802e+02 7.457884360615062747e+01 5.986389971296699741e+01
3.379999999999999893e+00 1.619856141626595081e+00 1.114463610393639641e+02 7.483102062972071167e+01 6.003738067755384833e+01
3.385000000000000231e+00 1.621128838042573905e+00 1.118116606399055399e+02 7.508371713257886881e+01 6.020140407343826894e+01
3.390000000000000124e+00 1.622402096334521149e+00 1.121777021197461295e+02 7.533694730337022349e+01 6.035680704161750754e+01
3.395000000000000018e+00 1.623675937376488410e+00 1.125444201764326095e+02 7.559070396935453573e+01 6.050358711287317703e+01
3.399999999999999911e+00 1.624950382335069499e+00 1.129119415235307144e+02 7.584507429328301953e+01 6.064156498646367766e+01
3.405000000000000249e+00 1.626225452671069327e+00 1.132800281170392793e+02 7.609982449278011529e+01 6.077105355547128340e+01
3.410000000000000142e+00 1.627501170141188780e+00 1.136489603270523787e+02 7.635523237012563413e+01 6.089236346621908780e+01
3.415000000000000036e+00 1.628777556799715365e+00 1.140185048471249587e+02 7.661105638277268781e+01 6.100560442197564726e+01
3.419999999999999929e+00 1.630054635000228513e+00 1.143887966954023767e+02 7.686743081839870229e+01 6.111070789203974840e+01
3.425000000000000266e+00 1.631332427397314877e+00 1.147597395309661437e+02 7.712431566073558997e+01 6.120922380844772448e+01
3.430000000000000160e+00 1.632610956948298497e+00 1.151314222175778212e+02 7.738172123981314598e+01 6.130033691369370530e+01
3.435000000000000053e+00 1.633890246914980304e+00 1.155039716551806492e+02 7.763976776151741888e+01 6.138402464801723113e+01
3.439999999999999947e+00 1.635170320865392934e+00 1.158771279744497917e+02 7.789824528461275577e+01 6.146121456041159803e+01
3.445000000000000284e+00 1.636451202675564431e+00 1.162508937131841833e+02 7.815717014545211327e+01 6.153262717811242055e+01
3.450000000000000178e+00 1.637732916531301264e+00 1.166254691007092958e+02 7.841674930215589256e+01 6.159891829994514723e+01
3.455000000000000071e+00 1.639015486929979559e+00 1.170007067247503585e+02 7.867671701216582392e+01 6.165807165526763356e+01
3.459999999999999964e+00 1.640298938682350771e+00 1.173768036010906428e+02 7.893735857223808239e+01 6.171349627084674694e+01
3.464999999999999858e+00 1.641583296914366441e+00 1.177535042410492849e+02 7.919841141014461527e+01 6.176273446741083006e+01
3.470000000000000195e+00 1.642868587069010289e+00 1.181310160235997273e+02 7.946008319807415887e+01 6.180824857137586292e+01
3.475000000000000089e+00 1.644154834908149621e+00 1.185091281103002103e+02 7.972214355889502713e+01 6.184963884959794456e+01
3.479999999999999982e+00 1.645442066514400281e+00 1.188880205130618322e+02 7.998477156155244927e+01 6.188809872472230467e+01
3.484999999999999876e+00 1.646730308293007594e+00 1.192677280568046712e+02 8.024800367962856740e+01 6.192200113933945715e+01
3.490000000000000213e+00 1.648019586973742623e+00 1.196482256532268593e+02 8.051183088423606193e+01 6.195474684856650072e+01
3.495000000000000107e+00 1.649309929612814640e+00 1.200291995659967483e+02 8.077590034330073365e+01 6.198347199412480535e+01
3.500000000000000000e+00 1.650601363594798476e+00 1.204110872874340998e+02 8.104073511443621669e+01 6.201251952614951080e+01
3.504999999999999893e+00 1.651893916634581849e+00 1.207929925712242465e+02 8.130543528295912381e+01 6.203202989232634224e+01
3.510000000000000231e+00 1.653187616779326907e+00 1.211758353324891857e+02 8.157087298162112177e+01 6.205100365791414418e+01
3.515000000000000124e+00 1.654482492410449757e+00 1.215593418575663236e+02 8.183680955025047865e+01 6.207032220685184853e+01
3.520000000000000018e+00 1.655778572245619973e+00 1.219435288296191970e+02 8.210317641580796533e+01 6.208945875850725571e+01
3.524999999999999911e+00 1.657075885340773880e+00 1.223284591044589718e+02 8.237010257657969703e+01 6.210941791700831516e+01
3.530000000000000249e+00 1.658374461092151142e+00 1.227143272134247667e+02 8.263762065371395238e+01 6.212809486197183872e+01
3.535000000000000142e+00 1.659674329238346902e+00 1.231008602589902665e+02 8.290564919468260996e+01 6.214912896904571937e+01
3.540000000000000036e+00 1.660975519862385452e+00 1.234880444636707040e+02 8.317410310691820996e+01 6.217190225678492510e+01
3.544999999999999929e+00 1.662278063393811456e+00 1.238760873936335827e+02 8.344316357168233367e+01 6.219730283344532751e+01
3.550000000000000266e+00 1.663581990610803807e+00 1.242649247631243981e+02 8.371286028472533758e+01 6.222664865409119983e+01
3.555000000000000160e+00 1.664887332642308815e+00 1.246544631210573897e+02 8.398295364576594579e+01 6.225698394834770255e+01
3.560000000000000053e+00 1.666194120970192039e+00 1.250452418516927651e+02 8.425397966048475951e+01 6.229374663450903427e+01
3.564999999999999947e+00 1.667502387431416100e+00 1.254365296999581290e+02 8.452533786217546208e+01 6.233274497689063764e+01
3.570000000000000284e+00 1.668812164220237593e+00 1.258284080500580160e+02 8.479701613713925212e+01 6.237610478441710171e+01
3.575000000000000178e+00 1.670123483890425531e+00 1.262213149060330437e+02 8.506937613565690981e+01 6.242263522828012867e+01
3.580000000000000071e+00 1.671436379357503110e+00 1.266150198127780726e+02 8.534247552328250208e+01 6.247908135875622548e+01
3.584999999999999964e+00 1.672750883901015451e+00 1.270096783376735203e+02 8.561616345659419380e+01 6.253910339860152590e+01
3.589999999999999858e+00 1.674067031166816655e+00 1.274052342605195349e+02 8.589047307567950895e+01 6.260787644941720487e+01
3.595000000000000195e+00 1.675384855169382847e+00 1.278009581690301246e+02 8.616483867577076694e+01 6.268050949163560404e+01
3.600000000000000089e+00 1.676704390294149860e+00 1.281979745408266069e+02 8.644021601522875642e+01 6.276348322994480355e+01
3.604999999999999982e+00 1.678025671299876453e+00 1.285963065243381322e+02 8.671648091359793398e+01 6.285227564206669371e+01
3.609999999999999876e+00 1.679348733321033071e+00 1.289946852623856728e+02 8.699279035823992956e+01 6.295076226934620678e+01
3.615000000000000213e+00 1.680673611870211692e+00 1.293945573668952420e+02 8.726990058390566674e+01 6.305397418167338941e+01
3.620000000000000107e+00 1.682000342840573426e+00 1.297947454109077228e+02 8.754755047334697338e+01 6.317106704317961885e+01
3.625000000000000000e+00 1.683328962508309878e+00 1.301959977128345542e+02 8.782571050376299127e+01 6.329342503011010734e+01
3.629999999999999893e+00 1.684659507535143819e+00 1.305983856494493978e+02 8.810475934254189667e+01 6.342758905554725146e+01
3.635000000000000231e+00 1.685992014970846498e+00 1.310012638042184960e+02 8.838410602672664140e+01 6.357086723966447295e+01
3.640000000000000124e+00 1.687326522255794936e+00 1.314052711257004944e+02 8.866429744224471676e+01 6.372564760571330567e+01
3.645000000000000018e+00 1.688663067223552527e+00 1.318100379147174692e+02 8.894495431319165846e+01 6.389007128835355331e+01
3.649999999999999911e+00 1.690001688103477839e+00 1.322158234932966252e+02 8.922633598450218528e+01 6.406583581354330192e+01
3.655000000000000249e+00 1.691342423523365834e+00 1.326222333965157816e+02 8.950812853844658434e+01 6.425296432297916738e+01
3.660000000000000142e+00 1.692685312512123508e+00 1.330297533639450762e+02 8.979072377848697784e+01 6.445159515921895377e+01
3.665000000000000036e+00 1.694030394502469727e+00 1.334382311713470699e+02 9.007402874397824633e+01 6.466267712884837238e+01
3.669999999999999929e+00 1.695377709333675487e+00 1.338473086531526803e+02 9.035760951343608838e+01 6.488298105335802290e+01
3.675000000000000266e+00 1.696727297254325917e+00 1.342575256291619610e+02 9.064218708945651315e+01 6.511989658192426589e+01
3.680000000000000160e+00 1.698079198925130706e+00 1.346688880732358200e+02 9.092746853188184275e+01 6.536668519474483219e+01
3.685000000000000053e+00 1.699433455421752726e+00 1.350806518017492124e+02 9.121296366752667950e+01 6.562585147685851439e+01
3.689999999999999947e+00 1.700790108237682396e+00 1.354936674123223952e+02 9.149946612600167839e+01 6.589971923340995374e+01
3.695000000000000284e+00 1.702149199287140036e+00 1.359075953781389217e+02 9.178657019514940885e+01 6.618582688548885073e+01
3.700000000000000178e+00 1.703510770908022831e+00 1.363220526226581057e+02 9.207392458858745954e+01 6.648314890759034768e+01
3.705000000000000071e+00 1.704874865864877798e+00 1.367378654655082642e+02 9.236234754160346938e+01 6.679581684803929420e+01
3.709999999999999964e+00 1.706241527351919807e+00 1.371545838980471501e+02 9.265139185947688816e+01 6.712276812623900923e+01
3.714999999999999858e+00 1.707610798996081591e+00 1.375721395069811877e+02 9.294111574211308380e+01 6.746309165931279495e+01
3.720000000000000195e+00 1.708982724860113711e+00 1.379903757139872766e+02 9.323114105214398251e+01 6.781385236326892141e+01
3.725000000000000089e+00 1.710357349445704500e+00 1.384100432928646853e+02 9.352236270622482550e+01 6.818041474782388889e+01
3.729999999999999982e+00 1.711734717696661745e+00 1.388307308487626699e+02 9.381426181694067168e+01 6.856127353526002821e+01
3.734999999999999876e+00 1.713114875002117454e+00 1.392516351779826209e+02 9.410629259511489408e+01 6.895396647566987269e+01
3.740000000000000213e+00 1.714497867199787251e+00 1.396740005995345655e+02 9.439928819495634116e+01 6.936263457440162483e+01
3.745000000000000107e+00 1.715883740579261962e+00 1.400970069058894012e+02 9.469265182574298478e+01 6.978027062351310406e+01
3.750000000000000000e+00 1.717272541885350057e+00 1.405211292715903255e+02 9.498731483370491446e+01 7.021740028642604159e+01
3.754999999999999893e+00 1.718664318321458495e+00 1.409462171720426511e+02 9.528206361544613401e+01 7.065805581492341503e+01
3.760000000000000231e+00 1.720059117553022654e+00 1.413724317784900109e+02 9.557792488411887177e+01 7.112155796170085864e+01
3.765000000000000124e+00 1.721456987710977105e+00 1.417993179212177495e+02 9.587441331059895333e+01 7.159932384444461206e+01
3.770000000000000018e+00 1.722857977395276574e+00 1.422273304591191732e+02 9.617127424874288977e+01 7.207899432816398644e+01
3.774999999999999911e+00 1.724262135678464647e+00 1.426562920169021424e+02 9.646934477224962734e+01 7.258103401553353251e+01
3.780000000000000249e+00 1.725669512109285098e+00 1.430861637508288027e+02 9.676784157510351747e+01 7.309862583461961094e+01
3.785000000000000142e+00 1.727080156716347847e+00 1.435170508631250073e+02 9.706709849483709718e+01 7.361670906890225297e+01
3.790000000000000036e+00 1.728494120011841551e+00 1.439484535110645140e+02 9.736661201742512617e+01 7.415379033961025357e+01
3.794999999999999929e+00 1.729911452995299248e+00 1.443807787612305162e+02 9.766662960495628454e+01 7.470281452058794969e+01
3.800000000000000266e+00 1.731332207157411762e+00 1.448141738045461011e+02 9.796779922660579132e+01 7.526500670124248416e+01
3.805000000000000160e+00 1.732756434483898600e+00 1.452489704370826189e+02 9.826965150483326283e+01 7.583634707080176440e+01
3.810000000000000053e+00 1.734184187459427706e+00 1.456851456916957090e+02 9.857277259079393161e+01 7.641893014411601825e+01
3.814999999999999947e+00 1.735615519071593615e+00 1.461212422056820230e+02 9.887570080609624767e+01 7.701195360576703308e+01
3.820000000000000284e+00 1.737050482814948671e+00 1.465590359137975440e+02 9.918012572996155995e+01 7.761878997945196090e+01
3.825000000000000178e+00 1.738489132695088868e+00 1.469975229890131061e+02 9.948485029902974475e+01 7.823273099724507063e+01
3.830000000000000071e+00 1.739931523232801869e+00 1.474367021699943905e+02 9.979001834433479701e+01 7.886176107881023256e+01
3.834999999999999964e+00 1.741377709468272084e+00 1.478774644476926312e+02 1.000965424949529847e+02 7.949286185631039814e+01
3.839999999999999858e+00 1.742827746965340152e+00 1.483186825606415482e+02 1.004031288105236257e+02 8.013468740437583904e+01
3.845000000000000195e+00 1.744281691815829705e+00 1.487608451413902344e+02 1.007106575217740954e+02 8.079515519487895858e+01
3.850000000000000089e+00 1.745739600643932299e+00 1.492039737749592518e+02 1.010185277850032861e+02 8.144883969971610327e+01
3.854999999999999982e+00 1.747201530610656750e+00 1.496486584208019792e+02 1.013278727239485306e+02 8.211965775926863387e+01
3.859999999999999876e+00 1.748667539418339745e+00 1.500937335853317336e+02 1.016371615441118763e+02 8.279775655647335952e+01
3.865000000000000213e+00 1.750137685315223512e+00 1.505401859476372124e+02 1.019482434326499458e+02 8.348414990516889134e+01
3.870000000000000107e+00 1.751612027100100555e+00 1.509874528045364741e+02 1.022590006403369500e+02 8.417355470539408202e+01
3.875000000000000000e+00 1.753090624127023878e+00 1.514363688906513516e+02 1.025717744256403563e+02 8.487216962211769555e+01
3.879999999999999893e+00 1.754573536310083837e+00 1.518851978954308208e+02 1.028839756952298217e+02 8.557278627485399625e+01
3.885000000000000231e+00 1.756060824128258258e+00 1.523358852959460705e+02 1.031978349237327279e+02 8.628405154223123930e+01
3.890000000000000124e+00 1.757552548630337386e+00 1.527861490644184812e+02 1.035108579120292092e+02 8.699766609206693602e+01
3.895000000000000018e+00 1.759048771439909009e+00 1.532397172637431026e+02 1.038268068551897159e+02 8.770818463432341616e+01
3.899999999999999911e+00 1.760549554760425739e+00 1.536922479460150441e+02 1.041415076991419824e+02 8.843623722682548305e+01
3.905000000000000249e+00 1.762054961380348228e+00 1.541470462681878359e+02 1.044586448759486075e+02 8.916647280305517143e+01
3.910000000000000142e+00 1.763565054678360111e+00 1.546017851446113411e+02 1.047748488229929933e+02 8.988773582602031809e+01
3.915000000000000036e+00 1.765079898628665322e+00 1.550578929798431886e+02 1.050926734774540989e+02 9.062251050739868674e+01
3.919999999999999929e+00 1.766599557806353804e+00 1.555151298534236446e+02 1.054108219717265342e+02 9.135056011321935898e+01
3.925000000000000266e+00 1.768124097392861804e+00 1.559740598120734205e+02 1.057309278530825054e+02 9.208514780921518650e+01
3.930000000000000160e+00 1.769653583181507006e+00 1.564330505458917173e+02 1.060504145626834429e+02 9.282419631323887188e+01
3.935000000000000053e+00 1.771188081583099816e+00 1.568933960840818429e+02 1.063707454249431521e+02 9.356072744336408675e+01
3.939999999999999947e+00 1.772727659631656794e+00 1.573542083884249223e+02 1.066920829741336973e+02 9.430282215640909271e+01
3.945000000000000284e+00 1.774272384990179141e+00 1.578174771832446481e+02 1.070151169146935786e+02 9.503157653419806650e+01
3.950000000000000178e+00 1.775822325956536885e+00 1.582814757320537069e+02 1.073385434262541764e+02 9.577640643313793589e+01
3.955000000000000071e+00 1.777377551469432548e+00 1.587459619225380436e+02 1.076622139592137444e+02 9.651221081816724734e+01
3.959999999999999964e+00 1.778938131114458976e+00 1.592128954074538854e+02 1.079877464099137399e+02 9.723820885124533220e+01
3.965000000000000302e+00 1.780504135130244192e+00 1.596790019289596501e+02 1.083127075803175927e+02 9.799340255841110547e+01
3.970000000000000195e+00 1.782075634414699072e+00 1.601461820496392932e+02 1.086385524940104688e+02 9.871595637751707386e+01
3.975000000000000089e+00 1.783652700531359159e+00 1.606160749440801965e+02 1.089648075250337769e+02 9.943706169687538932e+01
3.979999999999999982e+00 1.785235405715812629e+00 1.610839022092536652e+02 1.092922568835062975e+02 1.001579714354128043e+02
3.984999999999999876e+00 1.786823822882243729e+00 1.615582020247318553e+02 1.096221717419560662e+02 1.008749189219356737e+02
3.990000000000000213e+00 1.788418025630066133e+00 1.620294301357757547e+02 1.099514938017550492e+02 1.015921805033875245e+02
3.995000000000000107e+00 1.790018088250662442e+00 1.625019389750702032e+02 1.102823314334695084e+02 1.022799648677908237e+02
4.000000000000000000e+00 1.791624085734228267e+00 1.629763724777356231e+02 1.106125700580812037e+02 1.029916731734266762e+02
