% raindrop T-matrix calculations using the code of Leinonen, J., "Python code for T-matrix scattering calculations". Available at https://github.com/jleinonen/pytmatrix/. 
% 
% refractive index calculations after Ray, P., 1972:  Broadband Complex Refractive Indices of Ice and Water, Appl. Opt. 11, 1836-1844 
% 
% raindrop aspect ratio estimated with the methodology of Brandes, Edward & Zhang, Guifu & Vivekanandan, Jothiram. (2005). Corrigendum. Journal of Applied Meteorology. 44. 186-. 10.1175/1520-0450(2005)44<186:C>2.0.CO;2. 
% 
% wave length: 8.444858 mm 
% temperature: 288.15 K 
% refractive index: 4.878577232360839844e+00 + 2.741932153701782227e+00 i 
% 
%r_eqv[mm]               axial ratio              ext[mm2]                 sca[mm2]                 back[mm2]
5.000000000000000104e-03 9.999900000999989436e-01 8.935081940080523966e-08 3.626676134109274808e-14 5.439910062484355060e-14
1.000000000000000021e-02 9.999900000999989436e-01 7.151959627780185176e-07 2.321180237600288123e-12 3.481503251776746309e-12
1.499999999999999944e-02 9.999900000999989436e-01 2.415984483671197770e-06 2.644173384419721376e-11 3.965575342196823007e-11
2.000000000000000042e-02 9.999900000999989436e-01 5.734100062799321581e-06 1.485830549335254702e-10 2.228061880316179715e-10
2.500000000000000139e-02 9.999900000999989436e-01 1.121787263507123943e-05 5.668779977083001394e-10 8.499093913482451376e-10
2.999999999999999889e-02 9.999900000999989436e-01 1.942362378635798952e-05 1.692975954732420051e-09 2.537711674076855718e-09
3.500000000000000333e-02 9.999900000999989436e-01 3.091775706969139727e-05 4.269908748640555347e-09 6.398850611745490175e-09
4.000000000000000083e-02 9.999900000999989436e-01 4.627888094901431174e-05 9.516357130577007943e-09 1.425704316504227240e-08
4.499999999999999833e-02 9.999900000999989436e-01 6.609998038094576931e-05 1.929744032260196618e-08 2.890129495958670143e-08
5.000000000000000278e-02 9.999900000999989436e-01 9.099063657861425174e-05 3.632218344584081578e-08 5.437909336723971707e-08
5.500000000000000028e-02 9.999900000999989436e-01 1.215793199128289168e-04 6.436780570571806499e-08 9.632848915472483611e-08
5.999999999999999778e-02 9.999900000999989436e-01 1.585156855008783879e-04 1.085310796939074854e-07 1.623490933686904264e-07
6.500000000000000222e-02 9.999900000999989436e-01 2.024729878371461843e-04 1.755069401729630743e-07 2.624118697569917390e-07
7.000000000000000666e-02 9.999900000999989436e-01 2.541504959565645243e-04 2.738945905406853767e-07 4.093076699953923745e-07
7.499999999999999722e-02 9.999900000999989436e-01 3.142760620852436820e-04 4.145312799029804537e-07 6.191343106515677895e-07
8.000000000000000167e-02 9.999900000999989436e-01 3.836086426743629094e-04 6.108543014307105148e-07 9.118225195482841626e-07
8.500000000000000611e-02 9.999900000999989436e-01 4.629409992609026026e-04 8.792914186011077203e-07 1.311700533796144479e-06
8.999999999999999667e-02 9.999900000999989436e-01 5.531024370342544662e-04 1.239679564037020581e-06 1.848096551343749496e-06
9.500000000000000111e-02 9.999900000999989436e-01 6.549615297472047813e-04 1.715713403529233556e-06 2.555980832614042237e-06
1.000000000000000056e-01 9.999900000999989436e-01 7.694290856352524379e-04 2.335422843543403056e-06 3.476645449970493824e-06
1.049999999999999961e-01 9.999900000999989436e-01 8.974612113407249821e-04 3.131680033216936476e-06 4.658421861699305896e-06
1.100000000000000006e-01 9.999900000999989436e-01 1.040062241720976586e-03 4.142737269604774474e-06 6.157437756861085930e-06
1.150000000000000050e-01 9.999900000999989436e-01 1.198287865602680382e-03 5.412798704456834978e-06 8.038416802358630095e-06
1.199999999999999956e-01 9.999900000999989436e-01 1.373248515579159100e-03 6.992615751205816978e-06 1.037550549152580389e-05
1.250000000000000000e-01 9.999900000999989436e-01 1.566112802706279630e-03 8.940121298130486414e-06 1.325314895766285816e-05
1.300000000000000044e-01 9.999900000999989436e-01 1.778110688662346396e-03 1.132109892853923498e-05 1.676700933464384406e-05
1.350000000000000089e-01 9.999900000999989436e-01 2.010537361737045441e-03 1.420987212901935651e-05 2.102490345152051529e-05
1.400000000000000133e-01 9.999900000999989436e-01 2.264756735012452959e-03 1.769004003883419172e-05 2.614779895455451519e-05
1.449999999999999900e-01 9.999900000999989436e-01 2.542205305253758107e-03 2.185525146330209557e-05 3.227085546645805560e-05
1.499999999999999944e-01 9.999900000999989436e-01 2.844395894574156935e-03 2.680998805105865441e-05 3.954446690930214840e-05
1.549999999999999989e-01 9.999900000999989436e-01 3.172922279994204800e-03 3.267042441556249928e-05 4.813540538953098454e-05
1.600000000000000033e-01 9.999900000999989436e-01 3.529462630559917786e-03 3.956528154554975733e-05 5.822794077153919923e-05
1.650000000000000078e-01 9.999900000999989436e-01 3.915783844776581091e-03 4.763675908896937162e-05 7.002506395637863972e-05
1.700000000000000122e-01 9.999900000999989436e-01 4.333746408714952807e-03 5.704145919530442577e-05 8.374968144421949384e-05
1.750000000000000167e-01 9.999900000999989436e-01 4.785308836608518843e-03 6.795140989375243106e-05 9.964594335941331677e-05
1.799999999999999933e-01 9.999900000999989436e-01 5.272531790770883242e-03 8.055505412554271529e-05 1.179805037626676945e-04
1.849999999999999978e-01 9.999900000999989436e-01 5.797584275651360836e-03 9.505838508028109505e-05 1.390439825216054331e-04
1.900000000000000022e-01 1.000338260324268314e+00 6.363935129486454796e-03 1.117149461916383134e-04 1.631962008180945218e-04
1.950000000000000067e-01 1.000344839311130496e+00 6.971721813452169507e-03 1.307168284431307328e-04 1.907005519700575517e-04
2.000000000000000111e-01 1.000357515291503407e+00 7.624569146819396362e-03 1.523543401703410043e-04 2.219658409402698054e-04
2.050000000000000155e-01 1.000376259251188893e+00 8.325130778259961714e-03 1.769155630116598721e-04 2.573936408972763508e-04
2.099999999999999922e-01 1.000401042453005207e+00 9.076194223533720282e-03 2.047121702098452021e-04 2.974170894735729347e-04
2.149999999999999967e-01 1.000431836433301802e+00 9.880686536433820610e-03 2.360809521529474183e-04 3.425028312961670568e-04
2.200000000000000011e-01 1.000468612998516083e+00 1.074167990350160737e-02 2.713849807301832104e-04 3.931524081662276702e-04
2.250000000000000056e-01 1.000511344221778787e+00 1.166239792527550868e-02 3.110153040974023052e-04 4.499044167970264654e-04
2.300000000000000100e-01 1.000560002439564444e+00 1.264621976448280713e-02 3.553923496109015370e-04 5.133362281801743870e-04
2.350000000000000144e-01 1.000614560248383578e+00 1.369668887815801532e-02 4.049675397573748096e-04 5.840659983590611518e-04
2.399999999999999911e-01 1.000674990501522643e+00 1.481751873069011953e-02 4.602249277940803499e-04 6.627547095296135475e-04
2.449999999999999956e-01 1.000741266305821942e+00 1.601259621982118603e-02 5.216829521429561505e-04 7.501083705603238351e-04
2.500000000000000000e-01 1.000813361018499714e+00 1.728599005957803803e-02 5.898961447769828469e-04 8.468801406748221018e-04
2.550000000000000044e-01 1.000891248244015541e+00 1.864196026595656489e-02 6.654570245588065352e-04 9.538727256077578296e-04
2.600000000000000089e-01 1.000974901830975039e+00 2.008495808854904308e-02 7.489977704629181268e-04 1.071940461332715477e-03
2.650000000000000133e-01 1.001064295869075416e+00 2.161963863466592750e-02 8.411926063730101183e-04 1.201992409120095041e-03
2.700000000000000178e-01 1.001159404686088994e+00 2.325086497590435688e-02 9.427597342029562892e-04 1.344994843083383886e-03
2.750000000000000222e-01 1.001260202844886926e+00 2.498371361565104518e-02 1.054462782816950519e-03 1.501972998793869082e-03
2.800000000000000266e-01 1.001366665140501100e+00 2.682348262774213524e-02 1.177113932638033673e-03 1.674015314240320015e-03
2.850000000000000311e-01 1.001478766597222014e+00 2.877569908768592977e-02 1.311576097951933301e-03 1.862276311135416642e-03
2.899999999999999800e-01 1.001596482465736404e+00 3.084612753610071340e-02 1.458764354309030446e-03 2.067978373956264656e-03
2.949999999999999845e-01 1.001719788220298835e+00 3.304076541880989620e-02 1.619649656883120946e-03 2.292416991144163082e-03
2.999999999999999889e-01 1.001848659555939935e+00 3.536586504356791644e-02 1.795260449807502354e-03 2.536962813260959255e-03
3.049999999999999933e-01 1.001983072385710605e+00 3.782793210710803933e-02 1.986685402861251056e-03 2.803065589222430813e-03
3.099999999999999978e-01 1.002123002837959964e+00 4.043372858167056105e-02 2.195076584413766744e-03 3.092258633012952458e-03
3.150000000000000022e-01 1.002268427253648841e+00 4.319028668876572635e-02 2.421652091127381515e-03 3.406162688895341718e-03
3.200000000000000067e-01 1.002419322183694117e+00 4.610491200933778538e-02 2.667698404808395169e-03 3.746489404228081112e-03
3.250000000000000111e-01 1.002575664386349930e+00 4.918517887468507738e-02 2.934575315943069480e-03 4.115048666942857335e-03
3.300000000000000155e-01 1.002737430824617970e+00 5.243895293050544748e-02 3.223714854164169002e-03 4.513747297877868450e-03
3.350000000000000200e-01 1.002904598663692415e+00 5.587438642687804491e-02 3.536630809873170505e-03 4.944603307205574019e-03
3.400000000000000244e-01 1.003077145268434833e+00 5.949991855255286344e-02 3.874914989793782662e-03 5.409740961265781072e-03
3.450000000000000289e-01 1.003255048200880628e+00 6.332428914129464848e-02 4.240247426941874155e-03 5.911406326498853253e-03
3.500000000000000333e-01 1.003438285217776782e+00 6.735653505373673244e-02 4.634394933002921463e-03 6.451965873156184986e-03
3.549999999999999822e-01 1.003626834268148693e+00 7.160599031731744446e-02 5.059217374636378745e-03 7.033916682748101411e-03
3.599999999999999867e-01 1.003820673490896542e+00 7.608230972563036210e-02 5.516670141381574410e-03 7.659891302206615037e-03
3.649999999999999911e-01 1.004019781212422524e+00 8.079543585473397682e-02 6.008809536317366758e-03 8.332666839840931899e-03
3.699999999999999956e-01 1.004224135944284502e+00 8.575562651096736710e-02 6.537796251292816649e-03 9.055171774107740462e-03
3.750000000000000000e-01 1.004433716380879638e+00 9.097344908982998857e-02 7.105897835968430672e-03 9.830491305345932795e-03
3.800000000000000044e-01 1.004648501397155336e+00 9.645976876266706967e-02 7.715497352293139953e-03 1.066188222076581114e-02
3.850000000000000089e-01 1.004868470046347273e+00 1.022257607916722405e-01 8.369091699698121001e-03 1.155277288487858815e-02
3.900000000000000133e-01 1.005093601557745631e+00 1.082828905558828742e-01 9.069303627093041470e-03 1.250678334034421857e-02
3.950000000000000178e-01 1.005323875334485528e+00 1.146429452443851332e-01 9.818877946760931966e-03 1.352772299136951670e-02
4.000000000000000222e-01 1.005559270951367434e+00 1.213179792719219913e-01 1.062069747416786308e-02 1.461961716865445467e-02
4.050000000000000266e-01 1.005799768152698448e+00 1.283203416417027509e-01 1.147777470616477904e-02 1.578669879510537916e-02
4.100000000000000311e-01 1.006045346850164002e+00 1.356626560827448591e-01 1.239326860055058738e-02 1.703343699745927739e-02
4.150000000000000355e-01 1.006295987120720881e+00 1.433578256838811960e-01 1.337048123059547504e-02 1.836453659744768929e-02
4.199999999999999845e-01 1.006551669204517108e+00 1.514190052607426729e-01 1.441287259479565562e-02 1.978496501009962757e-02
4.249999999999999889e-01 1.006812373502834479e+00 1.598595893217348018e-01 1.552405941182560811e-02 2.129995553689200891e-02
4.299999999999999933e-01 1.007078080576055967e+00 1.686932084299283263e-01 1.670781801964399751e-02 2.291501753727923779e-02
4.349999999999999978e-01 1.007348771141657329e+00 1.779337292410886062e-01 1.796810093298154692e-02 2.463596682017180420e-02
4.400000000000000022e-01 1.007624426072219359e+00 1.875952077027835951e-01 1.930902933955485831e-02 2.646892132497010233e-02
4.450000000000000067e-01 1.007905026393466796e+00 1.976918803631725619e-01 2.073491021581220714e-02 2.842033337788435823e-02
4.500000000000000111e-01 1.008190553282325652e+00 2.082381498514987439e-01 2.225024351733649597e-02 3.049700771828823403e-02
4.550000000000000155e-01 1.008480988065006079e+00 2.192485836369189589e-01 2.385971355721887288e-02 3.270609636972316575e-02
4.600000000000000200e-01 1.008776312215104998e+00 2.307378442124939644e-01 2.556821345108871435e-02 3.505514384938375472e-02
4.650000000000000244e-01 1.009076507351731156e+00 2.427207357070055860e-01 2.738084009587771553e-02 3.755208779455332380e-02
4.700000000000000289e-01 1.009381555237651273e+00 2.552120863963764363e-01 2.930290329109570130e-02 4.020528193997104788e-02
4.750000000000000333e-01 1.009691437777457068e+00 2.682268186923513764e-01 3.133993317603568640e-02 4.302351599514392388e-02
4.799999999999999822e-01 1.010006137015752481e+00 2.817798482524134229e-01 3.349769451289016237e-02 4.601604690032471551e-02
4.849999999999999867e-01 1.010325635135361333e+00 2.958861136837608874e-01 3.578217553632345727e-02 4.919259277481874415e-02
4.899999999999999911e-01 1.010649914455556075e+00 3.105605067830126687e-01 3.819961376228295930e-02 5.256337986309234100e-02
4.949999999999999956e-01 1.010978957430304748e+00 3.258178647219019952e-01 4.075648331213366227e-02 5.613913604766283816e-02
5.000000000000000000e-01 1.011312746646537475e+00 3.416729226703387190e-01 4.345952698329493685e-02 5.993114707704683131e-02
5.050000000000000044e-01 1.011651264822433394e+00 3.581403130321738626e-01 4.631573391147365826e-02 6.395123456090141822e-02
5.100000000000000089e-01 1.011994494805724676e+00 3.752345195518400622e-01 4.933237322402009989e-02 6.821181644028935509e-02
5.150000000000000133e-01 1.012342419572020980e+00 3.929698601103371880e-01 5.251697373378200195e-02 7.272588600128816749e-02
5.200000000000000178e-01 1.012695022223150554e+00 4.113604254653243641e-01 5.587735916249617768e-02 7.750707558222151572e-02
5.250000000000000222e-01 1.013052285985520662e+00 4.304201092949172525e-01 5.942163713612003129e-02 8.256964803129936137e-02
5.300000000000000266e-01 1.013414194208494434e+00 4.501625308368485956e-01 6.315818435616957216e-02 8.792848484937697273e-02
5.350000000000000311e-01 1.013780730362787486e+00 4.706010649214612540e-01 6.709572734110935688e-02 9.359921335143925325e-02
5.400000000000000355e-01 1.014151878038878962e+00 4.917487642852143015e-01 7.124324356260126889e-02 9.959806865309622781e-02
5.450000000000000400e-01 1.014527620945441466e+00 5.136183299287518933e-01 7.561004153041249454e-02 1.059420199627622849e-01
5.500000000000000444e-01 1.014907942907788518e+00 5.362222803577422203e-01 8.020576105431791170e-02 1.126487721819552645e-01
5.550000000000000488e-01 1.015292827866336012e+00 5.595726251112138616e-01 8.504035271637107318e-02 1.197367481103590731e-01
5.600000000000000533e-01 1.015682259875082316e+00 5.836811150031817608e-01 9.012407501448478631e-02 1.272250802269778713e-01
5.650000000000000577e-01 1.016076223100103704e+00 6.085591796952077859e-01 9.546753540093191881e-02 1.351336773634020105e-01
5.700000000000000622e-01 1.016474701818065096e+00 6.342178189515521591e-01 1.010816838753081232e-01 1.434832173028772195e-01
5.750000000000000666e-01 1.016877680414747243e+00 6.606677429611328423e-01 1.069777816902743733e-01 1.522950949940864995e-01
5.799999999999999600e-01 1.017285143383589441e+00 6.879192799296424132e-01 1.131674429934369785e-01 1.615914870010897453e-01
5.849999999999999645e-01 1.017697075324246692e+00 7.159824542069431752e-01 1.196626436822990913e-01 1.713953589787752529e-01
5.899999999999999689e-01 1.018113460941162618e+00 7.448670490218035622e-01 1.264756846165238646e-01 1.817303988354118383e-01
5.949999999999999734e-01 1.018534285042156151e+00 7.745824546341999461e-01 1.336192210647048628e-01 1.926210670053803697e-01
5.999999999999999778e-01 1.018959532537025314e+00 8.051378818467962439e-01 1.411062710608761706e-01 2.040925836843948682e-01
6.049999999999999822e-01 1.019389188436160998e+00 8.365422752687079466e-01 1.489501870647715887e-01 2.161708865217195630e-01
6.099999999999999867e-01 1.019823237849180497e+00 8.688044037126003705e-01 1.571647078705761258e-01 2.288826885853250115e-01
6.149999999999999911e-01 1.020261665983570154e+00 9.019328958056327394e-01 1.657638989634565019e-01 2.422553788554180076e-01
6.199999999999999956e-01 1.020704458143344873e+00 9.359363016593033047e-01 1.747621189199350944e-01 2.563169456402025759e-01
6.250000000000000000e-01 1.021151599727719406e+00 9.708230964732363910e-01 1.841742071966915029e-01 2.710962503331072471e-01
6.300000000000000044e-01 1.021603076229795626e+00 1.006601710229266144e+00 1.940152860682322622e-01 2.866227086279435898e-01
6.350000000000000089e-01 1.022058873235258902e+00 1.043280719881121366e+00 2.043007938814740410e-01 3.029263068429559613e-01
6.400000000000000133e-01 1.022518976421092685e+00 1.080868754097486173e+00 2.150465556128293987e-01 3.200376974172125522e-01
6.450000000000000178e-01 1.022983371554301524e+00 1.119374593176369670e+00 2.262687113351752599e-01 3.379880613203130046e-01
6.500000000000000222e-01 1.023452044490649859e+00 1.158807352642621469e+00 2.379837598076258443e-01 3.568091372082418111e-01
6.550000000000000266e-01 1.023924981173411908e+00 1.199176239904245156e+00 2.502085911378055250e-01 3.765332800877092545e-01
6.600000000000000311e-01 1.024402167632133542e+00 1.240490990096556612e+00 2.629602535130218799e-01 3.971930211914740383e-01
6.650000000000000355e-01 1.024883589981409493e+00 1.282761622657936140e+00 2.762563109067359690e-01 4.188216464661270177e-01
6.700000000000000400e-01 1.025369234419667430e+00 1.325998810291961316e+00 2.901144776059287889e-01 4.414525466961075617e-01
6.750000000000000444e-01 1.025859087227968924e+00 1.370213452546558353e+00 3.045528515994345709e-01 4.651196007158357459e-01
6.800000000000000488e-01 1.026353134768820174e+00 1.415417235308716437e+00 3.195898474922753696e-01 4.898570119615725527e-01
6.850000000000000533e-01 1.026851363484993174e+00 1.461622380311465852e+00 3.352440883732979438e-01 5.156991166160790341e-01
6.900000000000000577e-01 1.027353759898360641e+00 1.508841780115428355e+00 3.515345444010778975e-01 5.426805740827053137e-01
6.950000000000000622e-01 1.027860310608740946e+00 1.557089051333056196e+00 3.684804325606985675e-01 5.708361686410756697e-01
7.000000000000000666e-01 1.028371002292754355e+00 1.606378486698526009e+00 3.861011610654864756e-01 6.002007275495557792e-01
7.049999999999999600e-01 1.028885821702690384e+00 1.656725109224298276e+00 4.044164140234848825e-01 6.308091770404851140e-01
7.099999999999999645e-01 1.029404755665387139e+00 1.708144802589224298e+00 4.234460518989844879e-01 6.626963875453235620e-01
7.149999999999999689e-01 1.029927791081118427e+00 1.760654125957844540e+00 4.432102478373795007e-01 6.958973920113042944e-01
7.199999999999999734e-01 1.030454914922495746e+00 1.814270694216622903e+00 4.637292878089747661e-01 7.304469542872710219e-01
7.249999999999999778e-01 1.030986114233377604e+00 1.869012605440873553e+00 4.850235767052843427e-01 7.663796654746223291e-01
7.299999999999999822e-01 1.031521376127789047e+00 1.924898834656410429e+00 5.071136421912084691e-01 8.037298574793348971e-01
7.349999999999999867e-01 1.032060687788854958e+00 1.981949281518621708e+00 5.300203549058817298e-01 8.425319582936812157e-01
7.399999999999999911e-01 1.032604036467738684e+00 2.040184532315765242e+00 5.537643245957230009e-01 8.828194625995825495e-01
7.449999999999999956e-01 1.033151409482594651e+00 2.099625544761674512e+00 5.783666236070048594e-01 9.246261982049385209e-01
7.500000000000000000e-01 1.033702794217528753e+00 2.160294714695366824e+00 6.038479971083734466e-01 9.679848530335918300e-01
7.550000000000000044e-01 1.034258178121568061e+00 2.222214307903777719e+00 6.302295383988461008e-01 1.012928223508109182e+00
7.600000000000000089e-01 1.034817548707643198e+00 2.285407788411077945e+00 6.575321363594895940e-01 1.059488199338421310e+00
7.650000000000000133e-01 1.035380893551575587e+00 2.349898549070547737e+00 6.857766171347475792e-01 1.107696078119088989e+00
7.700000000000000178e-01 1.035948200291078702e+00 2.415710935621584454e+00 7.149839157523349975e-01 1.157582684680368290e+00
7.750000000000000222e-01 1.036519456624765523e+00 2.482869662891789897e+00 7.451746973804787011e-01 1.209177903002407239e+00
7.800000000000000266e-01 1.037094650311166655e+00 2.551399459364537492e+00 7.763695575259599302e-01 1.262510953956211157e+00
7.850000000000000311e-01 1.037673769167756666e+00 2.621325552423054983e+00 8.085890352970505068e-01 1.317610324309749670e+00
7.900000000000000355e-01 1.038256801069989743e+00 2.692673378668057005e+00 8.418531560876328923e-01 1.374503145598949594e+00
7.950000000000000400e-01 1.038843733950345127e+00 2.765467865130728065e+00 8.761818724998434726e-01 1.433215819621284304e+00
8.000000000000000444e-01 1.039434555797379867e+00 2.839735021977733975e+00 9.115950694630954310e-01 1.493774069214123923e+00
8.050000000000000488e-01 1.040029254654790458e+00 2.915499683418820709e+00 9.481120082746732347e-01 1.556202049614596294e+00
8.100000000000000533e-01 1.040627818620484257e+00 2.992786992642248567e+00 9.857517372511419573e-01 1.620522943448677644e+00
8.150000000000000577e-01 1.041230235845658436e+00 3.071621800108115252e+00 1.024532684416167516e+00 1.686758391105329880e+00
8.200000000000000622e-01 1.041836494533886492e+00 3.152028310233454089e+00 1.064473197870957843e+00 1.754929353110082468e+00
8.250000000000000666e-01 1.042446582940215416e+00 3.234030351836152395e+00 1.105590957541570329e+00 1.825055148814377137e+00
8.300000000000000711e-01 1.043060489370268407e+00 3.317651005156142308e+00 1.147903126624159498e+00 1.897153670827507854e+00
8.349999999999999645e-01 1.043678202179357140e+00 3.402912906430581419e+00 1.191426243840739918e+00 1.971241252022285728e+00
8.399999999999999689e-01 1.044299709771603135e+00 3.489837645596610916e+00 1.236176421829839889e+00 2.047333043343863679e+00
8.449999999999999734e-01 1.044925000599063569e+00 3.578446132743783092e+00 1.282169022146292026e+00 2.125442448384121885e+00
8.499999999999999778e-01 1.045554063160868408e+00 3.668757836512603454e+00 1.329418478829432981e+00 2.205580848848751607e+00
8.549999999999999822e-01 1.046186886002363758e+00 3.760791811192578660e+00 1.377939117914541933e+00 2.287758945334164462e+00
8.599999999999999867e-01 1.046823457714263217e+00 3.854565294541821174e+00 1.427744040560301686e+00 2.371985015211525383e+00
8.649999999999999911e-01 1.047463766931806317e+00 3.950094590184767718e+00 1.478845511682003178e+00 2.458265417392170082e+00
8.699999999999999956e-01 1.048107802333925420e+00 4.047394568543544402e+00 1.531255434421708861e+00 2.546605546143939414e+00
8.750000000000000000e-01 1.048755552642418598e+00 4.146478545695297058e+00 1.584984345833753139e+00 2.637008163298543817e+00
8.800000000000000044e-01 1.049407006621131844e+00 4.247358878558656237e+00 1.640042180398405547e+00 2.729474556947689035e+00
8.850000000000000089e-01 1.050062153075147497e+00 4.350045503372664157e+00 1.696438041677669872e+00 2.824004358441163376e+00
8.900000000000000133e-01 1.050720980849978670e+00 4.454547395620790162e+00 1.754179758856047044e+00 2.920594691151289002e+00
8.950000000000000178e-01 1.051383478830772988e+00 4.560871595221450470e+00 1.813274471941700661e+00 3.019241161007131691e+00
9.000000000000000222e-01 1.052049635941522787e+00 4.669023184233381585e+00 1.873728222128979493e+00 3.119937453551272721e+00
9.050000000000000266e-01 1.052719441144281065e+00 4.779006537701888213e+00 1.935546240515569671e+00 3.222675290702967210e+00
9.100000000000000311e-01 1.053392883438386107e+00 4.890822839424068924e+00 1.998732347732114389e+00 3.327444036948826955e+00
9.150000000000000355e-01 1.054069951859691656e+00 5.004472290307842464e+00 2.063289631698243642e+00 3.434231520163104179e+00
9.200000000000000400e-01 1.054750635479804632e+00 5.119952894235644258e+00 2.129220033786997757e+00 3.543023474538182338e+00
9.250000000000000444e-01 1.055434923405329073e+00 5.237260918517872454e+00 2.196524332751697450e+00 3.653803397689099342e+00
9.300000000000000488e-01 1.056122804777117841e+00 5.356391178476504145e+00 2.265202851908575177e+00 3.766553921597432630e+00
9.350000000000000533e-01 1.056814268769528553e+00 5.477335997247743116e+00 2.335253912134016563e+00 3.881254275297440604e+00
9.400000000000000577e-01 1.057509304589689725e+00 5.600085581704891347e+00 2.406675310731905881e+00 3.997882547862477765e+00
9.450000000000000622e-01 1.058207901476769797e+00 5.724629547188287759e+00 2.479464043087593605e+00 4.116415384117602549e+00
9.500000000000000666e-01 1.058910048701254603e+00 5.850954641375506249e+00 2.553615252136617553e+00 4.236826269195598016e+00
9.550000000000000711e-01 1.059615735564230832e+00 5.979045722634698024e+00 2.629123862823159019e+00 4.359088426730360233e+00
9.599999999999999645e-01 1.060324951396675930e+00 6.108886911029965283e+00 2.705983538556919310e+00 4.483172653453944001e+00
9.649999999999999689e-01 1.061037685558753330e+00 6.240459188901679610e+00 2.784186126034473130e+00 4.609046779351954726e+00
9.699999999999999734e-01 1.061753927439116119e+00 6.373743295610145410e+00 2.863724110853246518e+00 4.736679742046860930e+00
9.749999999999999778e-01 1.062473666454213594e+00 6.508716801988765788e+00 2.944587221626805640e+00 4.866035868909362350e+00
9.799999999999999822e-01 1.063196892047607145e+00 6.645357415162139958e+00 3.026765408000931856e+00 4.997079792103775731e+00
9.849999999999999867e-01 1.063923593689290348e+00 6.783640164193078803e+00 3.110247768898398935e+00 5.129774886967953584e+00
9.899999999999999911e-01 1.064653760875015509e+00 6.923538573794585815e+00 3.195021302912545380e+00 5.264081038146155578e+00
9.949999999999999956e-01 1.065387383125626419e+00 7.065025131141779546e+00 3.281073014236676411e+00 5.399958059222721651e+00
1.000000000000000000e+00 1.066124449986396217e+00 7.208070899309143797e+00 3.368389444504279240e+00 5.537365370572647549e+00
1.005000000000000115e+00 1.066864951026373021e+00 7.352660440998218583e+00 3.456966816943162435e+00 5.676281618192982492e+00
1.010000000000000009e+00 1.067608875837728233e+00 7.498748894037501778e+00 3.546778571674043423e+00 5.816641512540843273e+00
1.015000000000000124e+00 1.068356214035114826e+00 7.646304131679010574e+00 3.637808707281443343e+00 5.958400235931561539e+00
1.020000000000000018e+00 1.069106955255026969e+00 7.795291678750488451e+00 3.730040989850098576e+00 6.101513498184105266e+00
1.024999999999999911e+00 1.069861089155168976e+00 7.945678083363906019e+00 3.823457083264199863e+00 6.245932455283657703e+00
1.030000000000000027e+00 1.070618605413826918e+00 8.097428281618242352e+00 3.918038598579913767e+00 6.391608955677693160e+00
1.034999999999999920e+00 1.071379493729249344e+00 8.250504917347386780e+00 4.013766803406209505e+00 6.538494950192919042e+00
1.040000000000000036e+00 1.072143743819029771e+00 8.404872355622508451e+00 4.110622299550368730e+00 6.686540364450729967e+00
1.044999999999999929e+00 1.072911345419497398e+00 8.560493106301947819e+00 4.208585546210252382e+00 6.835695792831367079e+00
1.050000000000000044e+00 1.073682288285112474e+00 8.717328160435581452e+00 4.307634708588525818e+00 6.985908305260961626e+00
1.054999999999999938e+00 1.074456562187866782e+00 8.875339935260395663e+00 4.407749476943741307e+00 7.137127077538545805e+00
1.060000000000000053e+00 1.075234156916690775e+00 9.034489411477824916e+00 4.508908392048598834e+00 7.289300101746035487e+00
1.064999999999999947e+00 1.076015062276864054e+00 9.194736518004006598e+00 4.611089032408874466e+00 7.442373903211471742e+00
1.070000000000000062e+00 1.076799268089433603e+00 9.356042752464063028e+00 4.714270109819160837e+00 7.596296765075909896e+00
1.074999999999999956e+00 1.077586764190635593e+00 9.518367544564537042e+00 4.818428433548011647e+00 7.751014738615679356e+00
1.080000000000000071e+00 1.078377540431322945e+00 9.681671253241226793e+00 4.923540579075137202e+00 7.906472841696840170e+00
1.084999999999999964e+00 1.079171586676399119e+00 9.845914503280793539e+00 5.029585081674948555e+00 8.062620250126080634e+00
1.090000000000000080e+00 1.079968892804255898e+00 1.001105638175878454e+01 5.136536953481467549e+00 8.219400076674759248e+00
1.094999999999999973e+00 1.080769448706216718e+00 1.017705765484464031e+01 5.244373866669550743e+00 8.376760589835770432e+00
1.100000000000000089e+00 1.081573244285985780e+00 1.034387758504369970e+01 5.353070541408691874e+00 8.534645179354187761e+00
1.104999999999999982e+00 1.082380269459101152e+00 1.051147771083391547e+01 5.462604571919073670e+00 8.693001637801812009e+00
1.110000000000000098e+00 1.083190514152395201e+00 1.067981794383747740e+01 5.572950822845234242e+00 8.851774410469785082e+00
1.114999999999999991e+00 1.084003968303457022e+00 1.084885898958723693e+01 5.684085732582412120e+00 9.010910358350415095e+00
1.120000000000000107e+00 1.084820621860102863e+00 1.101856259045206166e+01 5.795985403836609429e+00 9.170356129742847529e+00
1.125000000000000000e+00 1.085640464779849657e+00 1.118888907519537490e+01 5.908624753669185381e+00 9.330056411328506272e+00
1.130000000000000115e+00 1.086463487029394992e+00 1.135980163947951027e+01 6.021980146634382969e+00 9.489958591514607633e+00
1.135000000000000009e+00 1.087289678584100638e+00 1.153126084731472112e+01 6.136026902329695609e+00 9.650009334526915339e+00
1.140000000000000124e+00 1.088119029427482509e+00 1.170323074532264407e+01 6.250740595402180411e+00 9.810154872422652161e+00
1.145000000000000018e+00 1.088951529550704622e+00 1.187567413668201866e+01 6.366097585095828570e+00 9.970343785345470167e+00
1.150000000000000133e+00 1.089787168952079055e+00 1.204855475131070186e+01 6.482073779960068727e+00 1.013052349754595127e+01
1.155000000000000027e+00 1.090625937636568565e+00 1.222183787036032854e+01 6.598644658499568827e+00 1.029064116182710720e+01
1.159999999999999920e+00 1.091467825615297427e+00 1.239548614387681091e+01 6.715786437262626585e+00 1.045064625149916893e+01
1.165000000000000036e+00 1.092312822905064262e+00 1.256946682727241082e+01 6.833474663293116258e+00 1.061048622025543153e+01
1.169999999999999929e+00 1.093160919527861763e+00 1.274374408114250379e+01 6.951686184040859473e+00 1.077011187103954448e+01
1.175000000000000044e+00 1.094012105510399513e+00 1.291828741657517376e+01 7.070397470187879563e+00 1.092947221505042421e+01
1.179999999999999938e+00 1.094866370883633921e+00 1.309306151355620251e+01 7.189584367205362092e+00 1.108851736179650516e+01
1.185000000000000053e+00 1.095723705682299487e+00 1.326803685476988726e+01 7.309224990979927838e+00 1.124719937081754573e+01
1.189999999999999947e+00 1.096584099944449830e+00 1.344318021875939806e+01 7.429294991301119033e+00 1.140546848944279468e+01
1.195000000000000062e+00 1.097447543710998508e+00 1.361846134126339258e+01 7.549771606715633077e+00 1.156327646844404633e+01
1.199999999999999956e+00 1.098314027025267592e+00 1.379385052385779353e+01 7.670633014959231666e+00 1.172057755902002540e+01
1.205000000000000071e+00 1.099183539932540254e+00 1.396931830991619350e+01 7.791855816668718404e+00 1.187732295849264830e+01
1.209999999999999964e+00 1.100056072479618674e+00 1.414483755846235269e+01 7.913418671446653008e+00 1.203346770054701409e+01
1.215000000000000080e+00 1.100931614714385054e+00 1.432037915044428189e+01 8.035299048372404940e+00 1.218896550923833111e+01
1.219999999999999973e+00 1.101810156685369746e+00 1.449591673231356914e+01 8.157475062361740470e+00 1.234377069831142215e+01
1.225000000000000089e+00 1.102691688441321372e+00 1.467142403455848942e+01 8.279926320733414613e+00 1.249784118914137920e+01
1.229999999999999982e+00 1.103576200030784493e+00 1.484687574030634316e+01 8.402631855035584962e+00 1.265113287872736159e+01
1.235000000000000098e+00 1.104463681501680172e+00 1.502224670982632482e+01 8.525569665535794428e+00 1.280360155004549938e+01
1.239999999999999991e+00 1.105354122900890967e+00 1.519751346720424046e+01 8.648719756979742712e+00 1.295520508398807458e+01
1.245000000000000107e+00 1.106247514273852595e+00 1.537265169044850843e+01 8.772061823391950952e+00 1.310590250991129579e+01
1.250000000000000000e+00 1.107143845664148030e+00 1.554764131762838808e+01 8.895577891959778327e+00 1.325565537044604802e+01
1.255000000000000115e+00 1.108043107113107384e+00 1.572245883121802379e+01 9.019246112528312764e+00 1.340442018228071142e+01
1.260000000000000009e+00 1.108945288659413109e+00 1.589708402369205054e+01 9.143048297653754375e+00 1.355215859922901522e+01
1.265000000000000124e+00 1.109850380338708309e+00 1.607149753028320660e+01 9.266966774594575185e+00 1.369883437653554736e+01
1.270000000000000018e+00 1.110758372183210829e+00 1.624567825563128309e+01 9.390980603485923339e+00 1.384440529412362153e+01
1.275000000000000133e+00 1.111669254221331116e+00 1.641960893668090193e+01 9.515074207521397653e+00 1.398883818150403613e+01
1.280000000000000027e+00 1.112583016477296738e+00 1.659327244909318111e+01 9.639229710925102168e+00 1.413209631779725051e+01
1.284999999999999920e+00 1.113499648970778022e+00 1.676665056747228988e+01 9.763429494862856828e+00 1.427414368797365896e+01
1.290000000000000036e+00 1.114419141716522343e+00 1.693972701269122538e+01 9.887655800271220485e+00 1.441494402671776420e+01
1.294999999999999929e+00 1.115341484723989307e+00 1.711248782423179549e+01 1.001189437766038992e+01 1.455446672405609831e+01
1.300000000000000044e+00 1.116266667996994588e+00 1.728491611410486684e+01 1.013612681975002872e+01 1.469267454963346786e+01
1.304999999999999938e+00 1.117194681533353773e+00 1.745700075345279956e+01 1.026034079796892406e+01 1.482954037285623272e+01
1.310000000000000053e+00 1.118125515324534858e+00 1.762872596793190993e+01 1.038451838257724269e+01 1.496502806713741229e+01
1.314999999999999947e+00 1.119059159355313193e+00 1.780008158014417319e+01 1.050864744556261599e+01 1.509911051416865746e+01
1.320000000000000062e+00 1.119995603603431533e+00 1.797105372896431419e+01 1.063271074498214119e+01 1.523175340762374397e+01
1.324999999999999956e+00 1.120934838039265857e+00 1.814163314830996399e+01 1.075669754676826173e+01 1.536293197135506716e+01
1.330000000000000071e+00 1.121876852625492305e+00 1.831180964733545480e+01 1.088059331816156394e+01 1.549261549774975322e+01
1.334999999999999964e+00 1.122821637316764765e+00 1.848157380867382216e+01 1.100438561046156671e+01 1.562077660662310841e+01
1.340000000000000080e+00 1.123769182059389804e+00 1.865091584997132301e+01 1.112806207139015946e+01 1.574738969143307621e+01
1.344999999999999973e+00 1.124719476791012696e+00 1.881982934635150784e+01 1.125161113754391096e+01 1.587242780678864840e+01
1.350000000000000089e+00 1.125672511440304557e+00 1.898830585043180363e+01 1.137502114867236180e+01 1.599586583433464426e+01
1.354999999999999982e+00 1.126628275926654377e+00 1.915634019518446962e+01 1.149828143426279148e+01 1.611767884425676911e+01
1.360000000000000098e+00 1.127586760159866808e+00 1.932392579348219996e+01 1.162138187321499494e+01 1.623784409918198790e+01
1.364999999999999991e+00 1.128547954039863965e+00 1.949105756963690794e+01 1.174431252516586177e+01 1.635633809201187105e+01
1.370000000000000107e+00 1.129511847456391438e+00 1.965773143300408421e+01 1.186706353908105527e+01 1.647313740667293303e+01
1.375000000000000000e+00 1.130478430288730518e+00 1.982394327358603903e+01 1.198962603724953446e+01 1.658822140409895951e+01
1.380000000000000115e+00 1.131447692405412875e+00 1.998969084626899573e+01 1.211199269134515077e+01 1.670157055615203845e+01
1.385000000000000009e+00 1.132419623663941444e+00 2.015497140498659334e+01 1.223415484842637824e+01 1.681316397467179158e+01
1.390000000000000124e+00 1.133394213910515980e+00 2.031978428923989810e+01 1.235610634314883249e+01 1.692298334165357687e+01
1.395000000000000018e+00 1.134371452979762385e+00 2.048412678031220935e+01 1.247783851079895712e+01 1.703100732701116371e+01
1.400000000000000133e+00 1.135351330694467364e+00 2.064799993777076281e+01 1.259934656072438486e+01 1.713722155295597105e+01
1.405000000000000027e+00 1.136333836865317526e+00 2.081140348769566373e+01 1.272062329797213387e+01 1.724160545556112467e+01
1.409999999999999920e+00 1.137318961290643582e+00 2.097433862305055996e+01 1.284166388342391940e+01 1.734414393288125922e+01
1.415000000000000036e+00 1.138306693756168331e+00 2.113680718514691037e+01 1.296246423480507559e+01 1.744482228651839861e+01
1.419999999999999929e+00 1.139297024034760630e+00 2.129881088782968490e+01 1.308301856395797991e+01 1.754362290950663805e+01
1.425000000000000044e+00 1.140289941886192482e+00 2.146035222533590670e+01 1.320332359392795496e+01 1.764053277725721358e+01
1.429999999999999938e+00 1.141285437056903218e+00 2.162143647182063333e+01 1.332337764931899571e+01 1.773554006106079584e+01
1.435000000000000053e+00 1.142283499279765024e+00 2.178206517716739299e+01 1.344317468211312594e+01 1.782862675094322569e+01
1.439999999999999947e+00 1.143284118273856675e+00 2.194224360448173528e+01 1.356271330981837231e+01 1.791978144239277881e+01
1.445000000000000062e+00 1.144287283744239936e+00 2.210197816465012721e+01 1.368199342191683243e+01 1.800899547074051554e+01
1.449999999999999956e+00 1.145292985381740625e+00 2.226127222587746246e+01 1.380101006514232687e+01 1.809625155820165432e+01
1.455000000000000071e+00 1.146301212862736563e+00 2.242013405323288922e+01 1.391976530429744052e+01 1.818154365941414596e+01
1.459999999999999964e+00 1.147311955848947074e+00 2.257856945016618511e+01 1.403825656045712833e+01 1.826485746044702907e+01
1.465000000000000080e+00 1.148325203987230259e+00 2.273658602390431227e+01 1.415648579536222584e+01 1.834618811264267535e+01
1.469999999999999973e+00 1.149340946909383598e+00 2.289419143798508216e+01 1.427445124300624357e+01 1.842552082874944475e+01
1.475000000000000089e+00 1.150359174231948334e+00 2.305139227166142035e+01 1.439215333334452573e+01 1.850284832657388634e+01
1.479999999999999982e+00 1.151379875556021837e+00 2.320819903901983849e+01 1.450959471180469151e+01 1.857816318382603882e+01
1.485000000000000098e+00 1.152403040467071982e+00 2.336461894951006713e+01 1.462677497697012363e+01 1.865145501272343864e+01
1.489999999999999991e+00 1.153428658534756623e+00 2.352066473928473656e+01 1.474369894639888123e+01 1.872271992379147321e+01
1.495000000000000107e+00 1.154456719312749513e+00 2.367634333979425065e+01 1.486036700449006531e+01 1.879194877496045990e+01
1.500000000000000000e+00 1.155487212338569769e+00 2.383166797963150785e+01 1.497678335138081884e+01 1.885913633116309285e+01
1.505000000000000115e+00 1.156520127133416675e+00 2.398664574618387491e+01 1.509294850069738558e+01 1.892427356535704064e+01
1.510000000000000009e+00 1.157555453202008700e+00 2.414129156724639458e+01 1.520886928877068200e+01 1.898735803675116784e+01
1.515000000000000124e+00 1.158593180032429393e+00 2.429561316933698834e+01 1.532454591576657421e+01 1.904838091176196002e+01
1.520000000000000018e+00 1.159633297095975069e+00 2.444961042471319956e+01 1.543998266471274938e+01 1.910737881357562173e+01
1.525000000000000133e+00 1.160675793847010029e+00 2.460332411393667940e+01 1.555518996960999800e+01 1.916427357923972963e+01
1.530000000000000027e+00 1.161720659722826676e+00 2.475675162464189327e+01 1.567016762920378170e+01 1.921909333435025502e+01
1.535000000000000142e+00 1.162767884143507846e+00 2.490990536504151720e+01 1.578492141190108811e+01 1.927183389021820048e+01
1.540000000000000036e+00 1.163817456511797577e+00 2.506280157448017576e+01 1.589945920967267057e+01 1.932249660507712363e+01
1.544999999999999929e+00 1.164869366212974766e+00 2.521545271506686348e+01 1.601378632217661391e+01 1.937107755838904666e+01
1.550000000000000044e+00 1.165923602614732379e+00 2.536787033859685536e+01 1.612790644146096852e+01 1.941756963607840092e+01
1.554999999999999938e+00 1.166980155067061542e+00 2.552007292320469389e+01 1.624183096042834862e+01 1.946197664712699904e+01
1.560000000000000053e+00 1.168039012902141183e+00 2.567206976251296879e+01 1.635556136687336348e+01 1.950429084656353851e+01
1.564999999999999947e+00 1.169100165434231231e+00 2.582387917710891756e+01 1.646910869296113589e+01 1.954451400689826102e+01
1.570000000000000062e+00 1.170163601959574473e+00 2.597551302085472003e+01 1.658247677116736440e+01 1.958264103566967407e+01
1.574999999999999956e+00 1.171229311756297298e+00 2.612698805380757960e+01 1.669567534886450488e+01 1.961867336182582378e+01
1.580000000000000071e+00 1.172297284084322211e+00 2.627832130745996153e+01 1.680871517333139664e+01 1.965261367178677077e+01
1.584999999999999964e+00 1.173367508185281460e+00 2.642952412812676499e+01 1.692159798292657058e+01 1.968445332521997670e+01
1.590000000000000080e+00 1.174439973282435989e+00 2.658061642789582990e+01 1.703433873251628228e+01 1.971420046692951189e+01
1.594999999999999973e+00 1.175514668580601496e+00 2.673161023961919014e+01 1.714694027506821072e+01 1.974184664020298641e+01
1.600000000000000089e+00 1.176591583266077601e+00 2.688252410657994673e+01 1.725941628123253224e+01 1.976740140070783980e+01
1.604999999999999982e+00 1.177670706506583453e+00 2.703337504415071635e+01 1.737177425983900747e+01 1.979086000747379614e+01
1.610000000000000098e+00 1.178752027451198003e+00 2.718417678526018832e+01 1.748402267802212151e+01 1.981222482067505553e+01
1.614999999999999991e+00 1.179835535230304933e+00 2.733494593332541100e+01 1.759617048159154606e+01 1.983149595993506153e+01
1.620000000000000107e+00 1.180921218955544472e+00 2.748569941614449519e+01 1.770822710486662643e+01 1.984867342469011220e+01
1.625000000000000000e+00 1.182009067719768769e+00 2.763645328368232867e+01 1.782020269046104133e+01 1.986376136120435021e+01
1.630000000000000115e+00 1.183099070597002811e+00 2.778722679419432140e+01 1.793211029939164192e+01 1.987676636232948013e+01
1.635000000000000009e+00 1.184191216642411337e+00 2.793803398642592839e+01 1.804395550320302632e+01 1.988768219976192242e+01
1.640000000000000124e+00 1.185285494892271307e+00 2.808889451533991988e+01 1.815575277543576149e+01 1.989651905340384275e+01
1.645000000000000018e+00 1.186381894363947032e+00 2.823982210090132128e+01 1.826750827826129608e+01 1.990327490130459154e+01
1.650000000000000133e+00 1.187480404055874628e+00 2.839083555631659195e+01 1.837923470070066401e+01 1.990795432484757299e+01
1.655000000000000027e+00 1.188581012947548476e+00 2.854195038368025905e+01 1.849094153292044851e+01 1.991056116236741147e+01
1.660000000000000142e+00 1.189683709999514560e+00 2.869318659938987537e+01 1.860264214063537480e+01 1.991110218125659159e+01
1.665000000000000036e+00 1.190788484153369131e+00 2.884455962781322569e+01 1.871434545574375008e+01 1.990957902374337252e+01
1.669999999999999929e+00 1.191895324331762041e+00 2.899608585498512525e+01 1.882606243292144299e+01 1.990599664117451439e+01
1.675000000000000044e+00 1.193004219438406732e+00 2.914778230134811210e+01 1.893780336701389544e+01 1.990035890754424841e+01
1.679999999999999938e+00 1.194115158358093565e+00 2.929966753506295518e+01 1.904958121119097214e+01 1.989267449022266021e+01
1.685000000000000053e+00 1.195228129956711127e+00 2.945175665594926784e+01 1.916140417663131146e+01 1.988294390321217264e+01
1.689999999999999947e+00 1.196343123081270665e+00 2.960407003301564899e+01 1.927328844108413008e+01 1.987118047236874574e+01
1.695000000000000062e+00 1.197460126559938276e+00 2.975662120253450027e+01 1.938524074771691019e+01 1.985738424918015355e+01
1.699999999999999956e+00 1.198579129202069993e+00 2.990943091137567578e+01 1.949727613344378696e+01 1.984156629678924944e+01
1.705000000000000071e+00 1.199700119798254416e+00 3.006251108342960876e+01 1.960940103743857321e+01 1.982373000372632887e+01
1.709999999999999964e+00 1.200823087120360011e+00 3.021588364220817979e+01 1.972163295491078117e+01 1.980388798647256010e+01
1.715000000000000080e+00 1.201948019921588173e+00 3.036956287404289156e+01 1.983397895183573922e+01 1.978204311112508051e+01
1.719999999999999973e+00 1.203074906936531852e+00 3.052356553790723481e+01 1.994645133995592090e+01 1.975820590692558198e+01
1.725000000000000089e+00 1.204203736881238829e+00 3.067791030830770538e+01 2.005906464649842391e+01 1.973238869739969914e+01
1.729999999999999982e+00 1.205334498453282777e+00 3.083261168133531882e+01 2.017182679939255152e+01 1.970459672726956057e+01
1.735000000000000098e+00 1.206467180331836975e+00 3.098768730462690968e+01 2.028475065503414498e+01 1.967484086052090930e+01
1.739999999999999991e+00 1.207601771177756689e+00 3.114315266080700439e+01 2.039784727794635444e+01 1.964313074490846489e+01
1.745000000000000107e+00 1.208738259633664436e+00 3.129902528169824549e+01 2.051112906963006921e+01 1.960947872615227539e+01
1.750000000000000000e+00 1.209876634324042799e+00 3.145532325982064492e+01 2.062460972128084791e+01 1.957389769088640463e+01
1.755000000000000115e+00 1.211016883855332349e+00 3.161205734166586012e+01 2.073829497079649187e+01 1.953639470416793245e+01
1.760000000000000009e+00 1.212158996816034451e+00 3.176924984086093673e+01 2.085220282834417205e+01 1.949698866955126775e+01
1.765000000000000124e+00 1.213302961776821398e+00 3.192691147767153836e+01 2.096633892920407050e+01 1.945568434619374898e+01
1.770000000000000018e+00 1.214448767290650766e+00 3.208506200582296231e+01 2.108072020305019123e+01 1.941250489519152822e+01
1.775000000000000133e+00 1.215596401892885980e+00 3.224371500825638037e+01 2.119535377720972136e+01 1.936745417715566475e+01
1.780000000000000027e+00 1.216745854101423552e+00 3.240288707172369698e+01 2.131025448890487439e+01 1.932055674309388493e+01
1.785000000000000142e+00 1.217897112416823635e+00 3.256259216289512182e+01 2.142543069626554697e+01 1.927182123758113264e+01
1.790000000000000036e+00 1.219050165322449919e+00 3.272284677887279258e+01 2.154089540832533345e+01 1.922126541580519898e+01
1.794999999999999929e+00 1.220205001284612623e+00 3.288366608086068510e+01 2.165666048904925134e+01 1.916890792903892660e+01
1.800000000000000044e+00 1.221361608752716377e+00 3.304506532867632274e+01 2.177273621599748310e+01 1.911476280803885075e+01
1.804999999999999938e+00 1.222519976159418986e+00 3.320705757173179506e+01 2.188913302175287612e+01 1.905884924441182093e+01
1.810000000000000053e+00 1.223680091920789526e+00 3.336965911441646426e+01 2.200586385259474298e+01 1.900118701702844959e+01
1.814999999999999947e+00 1.224841944436477315e+00 3.353288187012014987e+01 2.212293629913335025e+01 1.894179237392797077e+01
1.820000000000000062e+00 1.226005522089884225e+00 3.369674452753233851e+01 2.224036684476044456e+01 1.888069062802892617e+01
1.824999999999999956e+00 1.227170813248343206e+00 3.386124687433361657e+01 2.235815910455814404e+01 1.881790165625345779e+01
1.830000000000000071e+00 1.228337806263303689e+00 3.402642580390993032e+01 2.247633213578314582e+01 1.875344178728648004e+01
1.834999999999999964e+00 1.229506489470522324e+00 3.419228183625038042e+01 2.259489097584638984e+01 1.868733413681870914e+01
1.840000000000000080e+00 1.230676851190258825e+00 3.435883058646837185e+01 2.271384673684652356e+01 1.861960152780304156e+01
1.844999999999999973e+00 1.231848879727479362e+00 3.452608501341550351e+01 2.283321120444560037e+01 1.855026931326790063e+01
1.850000000000000089e+00 1.233022563372064173e+00 3.469405822419884089e+01 2.295299476109301651e+01 1.847936257730585652e+01
1.854999999999999982e+00 1.234197890399023168e+00 3.486276235830687398e+01 2.307320639738722079e+01 1.840690519887232668e+01
1.860000000000000098e+00 1.235374849068715752e+00 3.503221030679640080e+01 2.319385783364537446e+01 1.833292448525794427e+01
1.864999999999999991e+00 1.236553427627077095e+00 3.520241709954551368e+01 2.331496016155237427e+01 1.825744749229711061e+01
1.870000000000000107e+00 1.237733614305851271e+00 3.537339026203864023e+01 2.343651893223726290e+01 1.818049854183884761e+01
1.875000000000000000e+00 1.238915397322829737e+00 3.554514487935990275e+01 2.355854815364862631e+01 1.810211054168165745e+01
1.880000000000000115e+00 1.240098764882095139e+00 3.571769291608210040e+01 2.368105757504961772e+01 1.802231227249060908e+01
1.885000000000000009e+00 1.241283705174272667e+00 3.589104343401858443e+01 2.380405365112669003e+01 1.794113156504861806e+01
1.890000000000000124e+00 1.242470206376787178e+00 3.606520926913612612e+01 2.392754714764085833e+01 1.785859879598170252e+01
1.895000000000000018e+00 1.243658256654124994e+00 3.624020123164293494e+01 2.405154831004285754e+01 1.777474959765801188e+01
1.900000000000000133e+00 1.244847844158103012e+00 3.641602867775244334e+01 2.417606379934191452e+01 1.768961297668239041e+01
1.905000000000000027e+00 1.246038957028144711e+00 3.659270603976072067e+01 2.430110722089492370e+01 1.760322693665888494e+01
1.910000000000000142e+00 1.247231583391559262e+00 3.677024099315115535e+01 2.442668615442586244e+01 1.751562466104962112e+01
1.915000000000000036e+00 1.248425711363831514e+00 3.694864060620102464e+01 2.455280446270678496e+01 1.742683935741065682e+01
1.919999999999999929e+00 1.249621329048912655e+00 3.712791987083279821e+01 2.467947777885020599e+01 1.733691292112725080e+01
1.925000000000000044e+00 1.250818424539521745e+00 3.730808340521145539e+01 2.480670742276387486e+01 1.724587446580015992e+01
1.929999999999999938e+00 1.252016985917450365e+00 3.748914556521508246e+01 2.493450946635270427e+01 1.715377023279533120e+01
1.935000000000000053e+00 1.253217001253874363e+00 3.767110974985233440e+01 2.506288506329699217e+01 1.706063357795116531e+01
1.939999999999999947e+00 1.254418458609672937e+00 3.785398892289315143e+01 2.519184594613116701e+01 1.696650702794045884e+01
1.945000000000000062e+00 1.255621346035752151e+00 3.803778760037140927e+01 2.532139715093758170e+01 1.687143149570400524e+01
1.949999999999999956e+00 1.256825651573374891e+00 3.822251776957668312e+01 2.545155075631801722e+01 1.677545208906009933e+01
1.955000000000000071e+00 1.258031363254499713e+00 3.840818494734732269e+01 2.558231118134218463e+01 1.667860635566607996e+01
1.959999999999999964e+00 1.259238469102119673e+00 3.859479528018395200e+01 2.571368361862666063e+01 1.658093973032990931e+01
1.965000000000000080e+00 1.260446957130616275e+00 3.878235872545815255e+01 2.584567814305452060e+01 1.648249753901325576e+01
1.969999999999999973e+00 1.261656815346111182e+00 3.897088046740191913e+01 2.597830259729213509e+01 1.638332775256069240e+01
1.975000000000000089e+00 1.262868031746829489e+00 3.916036731070972365e+01 2.611156082786837374e+01 1.628347475158221513e+01
1.979999999999999982e+00 1.264080594323466533e+00 3.935082831985136664e+01 2.624546352353640088e+01 1.618298740665802882e+01
1.985000000000000098e+00 1.265294491059563597e+00 3.954226399012372184e+01 2.638001123549179283e+01 1.608191042618313205e+01
1.989999999999999991e+00 1.266509709931886274e+00 3.973468231733508560e+01 2.651521264870908112e+01 1.598029645311013525e+01
1.995000000000000107e+00 1.267726238910813485e+00 3.992808641230257649e+01 2.665107575591635580e+01 1.587819248684882290e+01
2.000000000000000000e+00 1.268944065960727619e+00 4.012248780517123947e+01 2.678760403769740961e+01 1.577565587505461231e+01
2.004999999999999893e+00 1.270163179040415979e+00 4.031788893700679210e+01 2.692480548006349750e+01 1.567273452652355559e+01
2.010000000000000231e+00 1.271383566103475360e+00 4.051429054423674359e+01 2.706268083832863169e+01 1.556947943189571326e+01
2.015000000000000124e+00 1.272605215098723486e+00 4.071169827408981945e+01 2.720123774886980073e+01 1.546594830711657842e+01
2.020000000000000018e+00 1.273828113970618237e+00 4.091011773273116603e+01 2.734048172225464413e+01 1.536219286079060709e+01
2.024999999999999911e+00 1.275052250659680864e+00 4.110955096525662356e+01 2.748041708835587116e+01 1.525826991207854100e+01
2.030000000000000249e+00 1.276277613102927866e+00 4.131000085820996759e+01 2.762104748231544704e+01 1.515423379004363191e+01
2.035000000000000142e+00 1.277504189234306420e+00 4.151147116445616803e+01 2.776237881506476768e+01 1.505014505689500126e+01
2.040000000000000036e+00 1.278731966985139357e+00 4.171396358688871686e+01 2.790441455881178712e+01 1.494605991322189453e+01
2.044999999999999929e+00 1.279960934284574359e+00 4.191748107041066618e+01 2.804715842252146274e+01 1.484203687237020475e+01
2.049999999999999822e+00 1.281191079060038929e+00 4.212202373865662963e+01 2.819061206123238961e+01 1.473813322940497628e+01
2.055000000000000160e+00 1.282422389237703575e+00 4.232759606734364866e+01 2.833478254562218268e+01 1.463441241482006561e+01
2.060000000000000053e+00 1.283654852742951435e+00 4.253419471076489344e+01 2.847966880322107031e+01 1.453093316791480483e+01
2.064999999999999947e+00 1.284888457500850345e+00 4.274182661125173865e+01 2.862527952925155006e+01 1.442776152500043274e+01
2.069999999999999840e+00 1.286123191436637780e+00 4.295048561157670264e+01 2.877160910901776347e+01 1.432495018309216128e+01
2.075000000000000178e+00 1.287359042476205584e+00 4.316017860757379054e+01 2.891866952779874822e+01 1.422257290977517030e+01
2.080000000000000071e+00 1.288595998546594679e+00 4.337090019756362835e+01 2.906645551899072188e+01 1.412068710396860638e+01
2.084999999999999964e+00 1.289834047576496001e+00 4.358265468646603580e+01 2.921497598391699313e+01 1.401936045849453372e+01
2.089999999999999858e+00 1.291073177496757207e+00 4.379543622315064511e+01 2.936422449783471222e+01 1.391865395071330624e+01
2.095000000000000195e+00 1.292313376240894485e+00 4.400924604309335564e+01 2.951420743808451164e+01 1.381863594329642808e+01
2.100000000000000089e+00 1.293554631745612582e+00 4.422408640427192239e+01 2.966492968964659127e+01 1.371937206218823846e+01
2.104999999999999982e+00 1.294796931951329721e+00 4.443995127088228259e+01 2.981638664439002184e+01 1.362092957145463323e+01
2.109999999999999876e+00 1.296040264802710951e+00 4.465683710193083300e+01 2.996857848656748047e+01 1.352337302200776925e+01
2.115000000000000213e+00 1.297284618249205046e+00 4.487474602764671516e+01 3.012150993731616566e+01 1.342677097206260939e+01
2.120000000000000107e+00 1.298529980245588522e+00 4.509367471514769221e+01 3.027518100934605272e+01 1.333119283049773074e+01
2.125000000000000000e+00 1.299776338752518745e+00 4.531361971816944845e+01 3.042959264243969386e+01 1.323670970571368954e+01
2.129999999999999893e+00 1.301023681737088600e+00 4.553457690624799881e+01 3.058474079203089957e+01 1.314338332383274199e+01
2.135000000000000231e+00 1.302271997173391371e+00 4.575654171865335229e+01 3.074062687596572374e+01 1.305128597428994119e+01
2.140000000000000124e+00 1.303521273043090511e+00 4.597951377277689033e+01 3.089725264794509485e+01 1.296049017638288703e+01
2.145000000000000018e+00 1.304771497335994956e+00 4.620348826137731635e+01 3.105461769031755637e+01 1.287106400154327979e+01
2.149999999999999911e+00 1.306022658050641327e+00 4.642845864625454766e+01 3.121271797501851353e+01 1.278307637683786346e+01
2.155000000000000249e+00 1.307274743194883682e+00 4.665442047457271002e+01 3.137155221392855253e+01 1.269659809953835250e+01
2.160000000000000142e+00 1.308527740786487481e+00 4.688137233377124602e+01 3.153112203609958542e+01 1.261169881166875584e+01
2.165000000000000036e+00 1.309781638853730668e+00 4.710930547636607457e+01 3.169142592563986227e+01 1.252845484504545048e+01
2.169999999999999929e+00 1.311036425436011399e+00 4.733821564635216816e+01 3.185245956285525182e+01 1.244693308132378284e+01
2.175000000000000266e+00 1.312292088584462002e+00 4.756809649266556761e+01 3.201422290191767672e+01 1.236720349723176859e+01
2.180000000000000160e+00 1.313548616362568033e+00 4.779894374685143532e+01 3.217671359946131560e+01 1.228933988575023228e+01
2.185000000000000053e+00 1.314805996846795111e+00 4.803075015247460300e+01 3.233992859296485278e+01 1.221341103135419992e+01
2.189999999999999947e+00 1.316064218127219965e+00 4.826351013321536243e+01 3.250386800655140007e+01 1.213947862148374313e+01
2.194999999999999840e+00 1.317323268308171258e+00 4.849721652775981084e+01 3.266852666028894703e+01 1.206763636993421329e+01
2.200000000000000178e+00 1.318583135508872406e+00 4.873185917361053754e+01 3.283389892034794855e+01 1.199794411678557182e+01
2.205000000000000071e+00 1.319843807864092611e+00 4.896743630863826979e+01 3.299998682721668786e+01 1.193047385262164894e+01
2.209999999999999964e+00 1.321105273524805224e+00 4.920393421048238025e+01 3.316678068095214371e+01 1.186529525116485395e+01
2.214999999999999858e+00 1.322367520658849438e+00 4.944135258504488206e+01 3.333428550772647725e+01 1.180248124240392293e+01
2.220000000000000195e+00 1.323630537451601530e+00 4.967967641992311911e+01 3.350248875630975931e+01 1.174210087530268432e+01
2.225000000000000089e+00 1.324894312106648098e+00 4.991890450349061581e+01 3.367139495017255513e+01 1.168422645905433122e+01
2.229999999999999982e+00 1.326158832846469293e+00 5.015902361061036885e+01 3.384099368836049848e+01 1.162892502625377844e+01
2.234999999999999876e+00 1.327424087913126938e+00 5.040002504599071642e+01 3.401128172558709650e+01 1.157627049267664532e+01
2.240000000000000213e+00 1.328690065568957523e+00 5.064190437249196464e+01 3.418225851634845469e+01 1.152633191178819949e+01
2.245000000000000107e+00 1.329956754097271210e+00 5.088464877605233738e+01 3.435391399829639170e+01 1.147917688194004526e+01
2.250000000000000000e+00 1.331224141803060590e+00 5.112825149760114130e+01 3.452624646563285182e+01 1.143487385090026009e+01
2.254999999999999893e+00 1.332492217013710345e+00 5.137270384094368580e+01 3.469925294054712595e+01 1.139349533010172877e+01
2.260000000000000231e+00 1.333760968079716003e+00 5.161799548597716836e+01 3.487292581599483299e+01 1.135510554485672152e+01
2.265000000000000124e+00 1.335030383375409135e+00 5.186411442027881691e+01 3.504725657808045014e+01 1.131977549860444476e+01
2.270000000000000018e+00 1.336300451299685221e+00 5.211105665023561073e+01 3.522224817013386655e+01 1.128757027639611543e+01
2.274999999999999911e+00 1.337571160276742388e+00 5.235880855932620648e+01 3.539788943552713363e+01 1.125855558743186791e+01
2.280000000000000249e+00 1.338842498756821042e+00 5.260736022731852302e+01 3.557417460175375368e+01 1.123280094822527175e+01
2.285000000000000142e+00 1.340114455216953049e+00 5.285670311997730408e+01 3.575110023360480227e+01 1.121036967489741976e+01
2.290000000000000036e+00 1.341387018161716460e+00 5.310682717761837779e+01 3.592866006865538253e+01 1.119132694025148389e+01
2.294999999999999929e+00 1.342660176123993576e+00 5.335772098482247827e+01 3.610684590958982199e+01 1.117573555363174087e+01
2.300000000000000266e+00 1.343933917665737443e+00 5.360937372276872281e+01 3.628565296890530334e+01 1.116366298088466813e+01
2.305000000000000160e+00 1.345208231378743458e+00 5.386177854261851650e+01 3.646507579300607205e+01 1.115516470135535165e+01
2.310000000000000053e+00 1.346483105885426967e+00 5.411492262731449898e+01 3.664510982940821293e+01 1.115031397973176119e+01
2.314999999999999947e+00 1.347758529839606201e+00 5.436879399732270457e+01 3.682574448341264883e+01 1.114916195055059056e+01
2.319999999999999840e+00 1.349034491927291413e+00 5.462338602655712094e+01 3.700697695398245912e+01 1.115177326555011916e+01
2.325000000000000178e+00 1.350310980867478472e+00 5.487868212100656962e+01 3.718879541018905854e+01 1.115820712199080766e+01
2.330000000000000071e+00 1.351587985412951776e+00 5.513467791874167290e+01 3.737119986287353868e+01 1.116852289128711107e+01
2.334999999999999964e+00 1.352865494351088493e+00 5.539136195089493242e+01 3.755418275724225907e+01 1.118278740193928655e+01
2.339999999999999858e+00 1.354143496504671029e+00 5.564871901101421514e+01 3.773773151953957949e+01 1.120103676696040296e+01
2.345000000000000195e+00 1.355421980732705700e+00 5.590674286191476483e+01 3.792184703504534582e+01 1.122334270336591544e+01
2.350000000000000089e+00 1.356700935931243857e+00 5.616541874047409522e+01 3.810651413796328768e+01 1.124975376057707876e+01
2.354999999999999982e+00 1.357980351034212774e+00 5.642473770808523881e+01 3.829173036965225663e+01 1.128032960407792729e+01
2.359999999999999876e+00 1.359260215014249207e+00 5.668469106503830801e+01 3.847749072857339314e+01 1.131511802151159607e+01
2.365000000000000213e+00 1.360540516883539608e+00 5.694526633840140306e+01 3.866378384861040018e+01 1.135417442985945513e+01
2.370000000000000107e+00 1.361821245694665894e+00 5.720645018809809557e+01 3.885060299110240578e+01 1.139754699060141618e+01
2.375000000000000000e+00 1.363102390541456321e+00 5.746823801743322235e+01 3.903794675044322560e+01 1.144529211170947391e+01
2.379999999999999893e+00 1.364383940559842134e+00 5.773061165082877721e+01 3.922580073725337968e+01 1.149745189725418903e+01
2.385000000000000231e+00 1.365665884928720875e+00 5.799356691462742930e+01 3.941416171216715725e+01 1.155407567849891670e+01
2.390000000000000124e+00 1.366948212870820356e+00 5.825709087833170940e+01 3.960302283777443932e+01 1.161521620165435209e+01
2.395000000000000018e+00 1.368230913653576408e+00 5.852117470067293681e+01 3.979237752557881436e+01 1.168091031120592405e+01
2.399999999999999911e+00 1.369513976590007287e+00 5.878580261845527133e+01 3.998221299202162982e+01 1.175121073669613381e+01
2.405000000000000249e+00 1.370797391039600077e+00 5.905096993134201711e+01 4.017252840450031215e+01 1.182615409197786249e+01
2.410000000000000142e+00 1.372081146409197538e+00 5.931666439509677247e+01 4.036331580245499140e+01 1.190578734310493658e+01
2.415000000000000036e+00 1.373365232153893167e+00 5.958287669894684768e+01 4.055456518620680129e+01 1.199015042546649745e+01
2.419999999999999929e+00 1.374649637777930256e+00 5.984959259646193175e+01 4.074626880630096082e+01 1.207927965829194328e+01
2.425000000000000266e+00 1.375934352835608943e+00 6.011680700646006414e+01 4.093842237636717130e+01 1.217322004128989299e+01
2.430000000000000160e+00 1.377219366932191491e+00 6.038450956375410783e+01 4.113102090414527368e+01 1.227200459494470408e+01
2.435000000000000053e+00 1.378504669724822440e+00 6.065268824626526367e+01 4.132405315996605566e+01 1.237567189057022610e+01
2.439999999999999947e+00 1.379790250923445205e+00 6.092133288804546254e+01 4.151751008929126385e+01 1.248425662502442179e+01
2.444999999999999840e+00 1.381076100291728892e+00 6.119043780778737585e+01 4.171139377052232078e+01 1.259779048688717396e+01
2.450000000000000178e+00 1.382362207647998886e+00 6.145999143995224756e+01 4.190568997887879021e+01 1.271630999183592259e+01
2.455000000000000071e+00 1.383648562866170106e+00 6.172998181755273350e+01 4.210039020439237589e+01 1.283984006136332390e+01
2.459999999999999964e+00 1.384935155876690471e+00 6.200040513807280007e+01 4.229549547981558533e+01 1.296841861403591167e+01
2.464999999999999858e+00 1.386221976667483702e+00 6.227124804201529429e+01 4.249099229302093761e+01 1.310207112370227378e+01
2.470000000000000195e+00 1.387509015284901448e+00 6.254250419303267705e+01 4.268687731098984273e+01 1.324082236150334602e+01
2.475000000000000089e+00 1.388796261834676082e+00 6.281416283846564141e+01 4.288314162509698235e+01 1.338470309582724305e+01
2.479999999999999982e+00 1.390083706482882597e+00 6.308621805140778349e+01 4.307978233126816292e+01 1.353373675495082651e+01
2.484999999999999876e+00 1.391371339456903167e+00 6.335866025549923819e+01 4.327678973186891653e+01 1.368794509535260318e+01
2.490000000000000213e+00 1.392659151046396371e+00 6.363147908443977485e+01 4.347415652910729023e+01 1.384735422111879366e+01
2.495000000000000107e+00 1.393947131604270639e+00 6.390467009150805211e+01 4.367188166899238411e+01 1.401198273756193657e+01
2.500000000000000000e+00 1.395235271547664579e+00 6.417822649956890757e+01 4.386995690187012542e+01 1.418185385494087569e+01
2.504999999999999893e+00 1.396523561358930632e+00 6.445213661654798898e+01 4.406837344678123713e+01 1.435698535356914363e+01
2.510000000000000231e+00 1.397811991586621838e+00 6.472639396978095760e+01 4.426712621140805481e+01 1.453739232699225958e+01
2.515000000000000124e+00 1.399100552846486600e+00 6.500099235427639144e+01 4.446620867394920396e+01 1.472309255737562772e+01
2.520000000000000018e+00 1.400389235822465217e+00 6.527592522643074346e+01 4.466562023576016571e+01 1.491410283245591906e+01
2.524999999999999911e+00 1.401678031267691527e+00 6.555118486318177418e+01 4.486534910656379793e+01 1.511043174954375701e+01
2.530000000000000249e+00 1.402966930005501656e+00 6.582676382227087686e+01 4.506539264481521911e+01 1.531210058368538185e+01
2.535000000000000142e+00 1.404255922930439437e+00 6.610265871023908346e+01 4.526574560994458807e+01 1.551910994467995053e+01
2.540000000000000036e+00 1.405545001009279815e+00 6.637886042422574917e+01 4.546640040962523699e+01 1.573147823691605929e+01
2.544999999999999929e+00 1.406834155282040921e+00 6.665536448438271577e+01 4.566735650129237456e+01 1.594921276679951205e+01
2.550000000000000266e+00 1.408123376863012810e+00 6.693216356009027379e+01 4.586860291178318505e+01 1.617232004454888639e+01
2.555000000000000160e+00 1.409412656941783526e+00 6.720925502745112112e+01 4.607013981862609597e+01 1.640080545283169045e+01
2.560000000000000053e+00 1.410701986784272943e+00 6.748662916950240742e+01 4.627195801184399215e+01 1.663467546188545043e+01
2.564999999999999947e+00 1.411991357733769048e+00 6.776428474295997262e+01 4.647405629799408189e+01 1.687393431105563124e+01
2.569999999999999840e+00 1.413280761211968217e+00 6.804221683873795712e+01 4.667642920642907711e+01 1.711858255007543761e+01
2.575000000000000178e+00 1.414570188720020605e+00 6.832041567687221573e+01 4.687906991117446864e+01 1.736862501181613894e+01
2.580000000000000071e+00 1.415859631839580635e+00 6.859888258713351661e+01 4.708197742989428036e+01 1.762406009836624676e+01
2.584999999999999964e+00 1.417149082233858159e+00 6.887762570392017381e+01 4.728515004900661722e+01 1.788489576878183485e+01
2.589999999999999858e+00 1.418438531648677170e+00 6.915661162921260541e+01 4.748857561342348532e+01 1.815111527599639984e+01
2.595000000000000195e+00 1.419727971913536280e+00 6.943585461729884400e+01 4.769225730080208336e+01 1.842272660587768129e+01
2.600000000000000089e+00 1.421017394942674095e+00 6.971534461854596998e+01 4.789618463533663828e+01 1.869971486311685283e+01
2.604999999999999982e+00 1.422306792736138581e+00 6.999508423094756893e+01 4.810036148230488351e+01 1.898208979690945597e+01
2.609999999999999876e+00 1.423596157380858207e+00 7.027506811022415434e+01 4.830478007760896730e+01 1.926983284194073320e+01
2.615000000000000213e+00 1.424885481051721747e+00 7.055529304821780556e+01 4.850943745567455778e+01 1.956294057299330547e+01
2.620000000000000107e+00 1.426174756012655642e+00 7.083575471754788566e+01 4.871433121844741265e+01 1.986140322147780424e+01
2.625000000000000000e+00 1.427463974617710019e+00 7.111645327277476270e+01 4.891945704533166861e+01 2.016521665934244112e+01
2.629999999999999893e+00 1.428753129312145598e+00 7.139738660060542941e+01 4.912481371681118958e+01 2.047436573855898345e+01
2.635000000000000231e+00 1.430042212633526821e+00 7.167855297546498150e+01 4.933040038445000164e+01 2.078883540583265344e+01
2.640000000000000124e+00 1.431331217212814755e+00 7.195994877670996459e+01 4.953620921179752656e+01 2.110862270937121821e+01
2.645000000000000018e+00 1.432620135775467096e+00 7.224157384203901699e+01 4.974224202264149852e+01 2.143369950170554716e+01
2.649999999999999911e+00 1.433908961142540850e+00 7.252342471549815173e+01 4.994849347100065984e+01 2.176406851187352132e+01
2.655000000000000249e+00 1.435197686231796554e+00 7.280550349616564176e+01 5.015496394360035026e+01 2.209969481468397845e+01
2.660000000000000142e+00 1.436486304058808727e+00 7.308780658854618650e+01 5.036165045226389481e+01 2.244057511941094063e+01
2.665000000000000036e+00 1.437774807738079197e+00 7.337033626626219984e+01 5.056855166457992823e+01 2.278669182151256578e+01
2.669999999999999929e+00 1.439063190484150212e+00 7.365308934850251887e+01 5.077566465809593410e+01 2.313801715698207317e+01
2.675000000000000266e+00 1.440351445612727099e+00 7.393606749319542359e+01 5.098298823920627854e+01 2.349453197311984098e+01
2.680000000000000160e+00 1.441639566541798700e+00 7.421927036343480211e+01 5.119052218818796263e+01 2.385622332548555491e+01
2.685000000000000053e+00 1.442927546792763360e+00 7.450269778971320989e+01 5.139826534980743133e+01 2.422306546929626947e+01
2.689999999999999947e+00 1.444215379991559578e+00 7.478634974382555356e+01 5.160621341933548933e+01 2.459503383068471294e+01
2.694999999999999840e+00 1.445503059869796658e+00 7.507022842341044111e+01 5.181436902586054316e+01 2.497210517680953146e+01
2.700000000000000178e+00 1.446790580265890691e+00 7.535433445274601638e+01 5.202273088596891881e+01 2.535425532972882223e+01
2.705000000000000071e+00 1.448077935126202975e+00 7.563866879708497493e+01 5.223129827839228767e+01 2.574146359120706506e+01
2.709999999999999964e+00 1.449365118506182437e+00 7.592323125534402095e+01 5.244006771404193046e+01 2.613369582548647685e+01
2.714999999999999858e+00 1.450652124571508272e+00 7.620802482995776472e+01 5.264904193636382956e+01 2.653093067259276339e+01
2.720000000000000195e+00 1.451938947599239915e+00 7.649305136300840502e+01 5.285822151891422038e+01 2.693313397629060546e+01
2.725000000000000089e+00 1.453225581978965009e+00 7.677831182487737749e+01 5.306760310348682452e+01 2.734027942905166242e+01
2.729999999999999982e+00 1.454512022213955591e+00 7.706380790304457662e+01 5.327718687266404629e+01 2.775233880706668188e+01
2.734999999999999876e+00 1.455798262922322506e+00 7.734954315707913963e+01 5.348697685618579101e+01 2.816928032337719046e+01
2.740000000000000213e+00 1.457084298838174696e+00 7.763554129528176873e+01 5.369697438249185950e+01 2.859106668868185253e+01
2.745000000000000107e+00 1.458370124812782276e+00 7.792176435670535284e+01 5.390717331624415465e+01 2.901767351613988666e+01
2.750000000000000000e+00 1.459655735815740485e+00 7.820823240849512104e+01 5.411757498094507923e+01 2.944906336040722650e+01
2.754999999999999893e+00 1.460941126936137202e+00 7.849495138964466889e+01 5.432818422933776503e+01 2.988521090524894319e+01
2.760000000000000231e+00 1.462226293383724007e+00 7.878192506197973444e+01 5.453900232936327797e+01 3.032606540822995456e+01
2.765000000000000124e+00 1.463511230490086357e+00 7.906915332764337734e+01 5.475002562802606576e+01 3.077160704233245525e+01
2.770000000000000018e+00 1.464795933709824194e+00 7.935664014312168035e+01 5.496125605845485040e+01 3.122178025705519033e+01
2.774999999999999911e+00 1.466080398621724123e+00 7.964439347549306092e+01 5.517269999164429350e+01 3.167656883415243030e+01
2.780000000000000249e+00 1.467364620929943797e+00 7.993241363049264692e+01 5.538435418107766850e+01 3.213591913830142488e+01
2.785000000000000142e+00 1.468648596465194744e+00 8.022070687929750932e+01 5.559622181835898402e+01 3.259980275251477622e+01
2.790000000000000036e+00 1.469932321185927426e+00 8.050927368968440589e+01 5.580830302377859198e+01 3.306816787576920547e+01
2.794999999999999929e+00 1.471215791179520282e+00 8.079812205882480214e+01 5.602060191495984753e+01 3.354098671934182363e+01
2.800000000000000266e+00 1.472499002663467449e+00 8.108725672408583307e+01 5.623311923195021222e+01 3.401820924983372407e+01
2.805000000000000160e+00 1.473781951986576466e+00 8.137667960709022452e+01 5.644585677851041794e+01 3.449980298838266179e+01
2.810000000000000053e+00 1.475064635630160437e+00 8.166639737206594418e+01 5.665881564436114104e+01 3.498571125753233702e+01
2.814999999999999947e+00 1.476347050209237288e+00 8.195641556770382863e+01 5.687200077256835584e+01 3.547590517422357692e+01
2.819999999999999840e+00 1.477629192473728592e+00 8.224673903992638202e+01 5.708541301842881666e+01 3.597033340479025298e+01
2.825000000000000178e+00 1.478911059309663267e+00 8.253737065519845828e+01 5.729905338221323063e+01 3.646894927717321622e+01
2.830000000000000071e+00 1.480192647740382617e+00 8.282831710580403239e+01 5.751292469805717644e+01 3.697171269388162074e+01
2.834999999999999964e+00 1.481473954927746250e+00 8.311958783650162275e+01 5.772703656882222845e+01 3.747857542714844925e+01
2.839999999999999858e+00 1.482754978173340454e+00 8.341117940636472383e+01 5.794137731613687947e+01 3.798948518584562350e+01
2.845000000000000195e+00 1.484035714919693882e+00 8.370310986554895294e+01 5.815596489226228982e+01 3.850440598439528372e+01
2.850000000000000089e+00 1.485316162751484814e+00 8.399537403119003898e+01 5.837079244762622920e+01 3.902327809969716554e+01
2.854999999999999982e+00 1.486596319396762178e+00 8.428798932195039129e+01 5.858587096032692187e+01 3.954606336813620260e+01
2.859999999999999876e+00 1.487876182728162133e+00 8.458095067736148565e+01 5.880119653239336230e+01 4.007270153844007154e+01
2.865000000000000213e+00 1.489155750764126207e+00 8.487426790540739319e+01 5.901677400527429285e+01 4.060314469538771220e+01
2.870000000000000107e+00 1.490435021670126092e+00 8.516794940227093491e+01 5.923260988694697460e+01 4.113734998989841074e+01
2.875000000000000000e+00 1.491713993759884893e+00 8.546199848848350200e+01 5.944870357333286393e+01 4.167525352867740196e+01
2.879999999999999893e+00 1.492992665496607696e+00 8.575642924282944080e+01 5.966506554009563956e+01 4.221681450515639256e+01
2.885000000000000231e+00 1.494271035494205480e+00 8.605123826176425439e+01 5.988169184773280307e+01 4.276197086333557706e+01
2.890000000000000124e+00 1.495549102518527240e+00 8.634643774455395260e+01 6.009858760644547715e+01 4.331067333068575209e+01
2.895000000000000018e+00 1.496826865488593894e+00 8.664203310725366691e+01 6.031575902978097758e+01 4.386286133399318743e+01
2.899999999999999911e+00 1.498104323477830180e+00 8.693803437505565057e+01 6.053321100894267914e+01 4.441849749003206682e+01
2.905000000000000249e+00 1.499381475715303225e+00 8.723444560775702428e+01 6.075094523794719237e+01 4.497751041754825962e+01
2.910000000000000142e+00 1.500658321586958444e+00 8.753127166515535862e+01 6.096896394247800544e+01 4.553984528087933370e+01
2.915000000000000036e+00 1.501934860636862323e+00 8.782852556442688297e+01 6.118727761190502434e+01 4.610545452829114055e+01
2.919999999999999929e+00 1.503211092568443430e+00 8.812620932841944921e+01 6.140588180742058455e+01 4.667426942024595604e+01
2.925000000000000266e+00 1.504487017245737190e+00 8.842433632372654984e+01 6.162479130721457921e+01 4.724624180406357965e+01
2.930000000000000160e+00 1.505762634694630231e+00 8.872290719633903677e+01 6.184400084881232829e+01 4.782131080795100075e+01
2.935000000000000053e+00 1.507037945104112264e+00 8.902193398292043014e+01 6.206352080497377699e+01 4.839941164147050756e+01
2.939999999999999947e+00 1.508312948827522426e+00 8.932142324849142767e+01 6.228335428077889446e+01 4.898048635982713250e+01
2.944999999999999840e+00 1.509587646383803383e+00 8.962138183046590711e+01 6.250350559329274347e+01 4.956448465038447182e+01
2.950000000000000178e+00 1.510862038458753664e+00 8.992181710204616252e+01 6.272397817745306270e+01 5.015132758254505063e+01
2.955000000000000071e+00 1.512136125906285322e+00 9.022273638407658325e+01 6.294477665240447806e+01 5.074097086437409843e+01
2.959999999999999964e+00 1.513409909749681370e+00 9.052415038444648587e+01 6.316590895335437494e+01 5.133334155408442001e+01
2.964999999999999858e+00 1.514683391182853445e+00 9.082606259500407475e+01 6.338737624389077752e+01 5.192838229540170403e+01
2.970000000000000195e+00 1.515956571571605682e+00 9.112848321793627804e+01 6.360918548081956203e+01 5.252602833504180069e+01
2.975000000000000089e+00 1.517229452454897709e+00 9.143142266064739943e+01 6.383134313526848302e+01 5.312621891592612400e+01
2.979999999999999982e+00 1.518502035546109630e+00 9.173488512934154926e+01 6.405385285171254850e+01 5.372888799615949296e+01
2.984999999999999876e+00 1.519774322734309235e+00 9.203887775423596906e+01 6.427671424477910023e+01 5.433396004711161709e+01
2.990000000000000213e+00 1.521046316085523209e+00 9.234341327838330926e+01 6.449994405557779942e+01 5.494139277098993546e+01
2.995000000000000107e+00 1.522318017844006111e+00 9.264849409822426196e+01 6.472353558492615377e+01 5.555109223360824444e+01
3.000000000000000000e+00 1.523589430433515579e+00 9.295413393654652623e+01 6.494750216974188106e+01 5.616301864542033684e+01
3.004999999999999893e+00 1.524860556458587313e+00 9.326033494921627209e+01 6.517184473391769473e+01 5.677709069124646390e+01
3.010000000000000231e+00 1.526131398705811604e+00 9.356710947448887339e+01 6.539656927511485662e+01 5.739323522655359966e+01
3.015000000000000124e+00 1.527401960145112314e+00 9.387446650549685501e+01 6.562168590679077340e+01 5.801140615523912913e+01
3.020000000000000018e+00 1.528672243931031183e+00 9.418240770595785705e+01 6.584719041156270691e+01 5.863150655132305644e+01
3.024999999999999911e+00 1.529942253404009023e+00 9.449094799027464830e+01 6.607309635087669619e+01 5.925349629749413083e+01
3.030000000000000249e+00 1.531211992091669805e+00 9.480009292218254302e+01 6.629940683227712839e+01 5.987728529421766410e+01
3.035000000000000142e+00 1.532481463710112957e+00 9.510984893174952504e+01 6.652612610619382849e+01 6.050281488251927442e+01
3.040000000000000036e+00 1.533750672165198337e+00 9.542022566121730165e+01 6.675325995592261563e+01 6.113000313487498971e+01
3.044999999999999929e+00 1.535019621553841640e+00 9.573122937470816396e+01 6.698081222167945725e+01 6.175878394595653731e+01
3.050000000000000266e+00 1.536288316165307810e+00 9.604287244903615317e+01 6.720879357272110610e+01 6.238909638102142452e+01
3.055000000000000160e+00 1.537556760482504448e+00 9.635515866089426140e+01 6.743720359027128097e+01 6.302085546294907203e+01
3.060000000000000053e+00 1.538824959183287211e+00 9.666809713443105068e+01 6.766605283535317028e+01 6.365399047646884156e+01
3.064999999999999947e+00 1.540092917141751672e+00 9.698169956507874190e+01 6.789534477198270679e+01 6.428843955926350873e+01
3.070000000000000284e+00 1.541360639429545376e+00 9.729596905673115259e+01 6.812508439222422396e+01 6.492412436921550523e+01
3.075000000000000178e+00 1.542628131317168361e+00 9.761091467216705553e+01 6.835527728385670798e+01 6.556096526060912311e+01
3.080000000000000071e+00 1.543895398275281439e+00 9.792654425003894403e+01 6.858592752752193178e+01 6.619888776377194972e+01
3.084999999999999964e+00 1.545162445976019150e+00 9.824287767772641189e+01 6.881703926056150067e+01 6.683774025579312195e+01
3.089999999999999858e+00 1.546429280294300046e+00 9.855990253194346451e+01 6.904862829793614765e+01 6.747761718950467014e+01
3.095000000000000195e+00 1.547695907309144969e+00 9.887763295790801976e+01 6.928069013402952692e+01 6.811835280486248223e+01
3.100000000000000089e+00 1.548962333304992001e+00 9.919608094118578379e+01 6.951323355716463936e+01 6.875987452650137755e+01
3.104999999999999982e+00 1.550228564773019402e+00 9.951525377178556653e+01 6.974626690757074243e+01 6.940210502863563136e+01
3.109999999999999876e+00 1.551494608412467890e+00 9.983515603677987826e+01 6.997979014926272612e+01 7.004498094235860606e+01
3.115000000000000213e+00 1.552760471131968911e+00 1.001557985844149670e+02 7.021381447585724800e+01 7.068841217227885920e+01
3.120000000000000107e+00 1.554026160050869576e+00 1.004771889352570895e+02 7.044834295647578415e+01 7.133232797154001048e+01
3.125000000000000000e+00 1.555291682500568706e+00 1.007993324834680635e+02 7.068338073679521472e+01 7.197664927082814756e+01
3.129999999999999893e+00 1.556557046025848434e+00 1.011222390829312019e+02 7.091893282776135266e+01 7.262129308984889065e+01
3.135000000000000231e+00 1.557822258386214909e+00 1.014459141453832558e+02 7.115500712442673148e+01 7.326619654639769408e+01
3.140000000000000124e+00 1.559087327557234559e+00 1.017703650531060191e+02 7.139160531889686467e+01 7.391126876318180905e+01
3.145000000000000018e+00 1.560352261731882795e+00 1.020955992353281090e+02 7.162873561604581596e+01 7.455644166123568084e+01
3.149999999999999911e+00 1.561617069321888263e+00 1.024216268249243740e+02 7.186640517568885400e+01 7.520162738877276354e+01
3.155000000000000249e+00 1.562881758959084433e+00 1.027484520061947393e+02 7.210461774393081669e+01 7.584676585376645619e+01
3.160000000000000142e+00 1.564146339496760740e+00 1.030760833846584319e+02 7.234337941418819184e+01 7.649176375704655584e+01
3.165000000000000036e+00 1.565410820011023496e+00 1.034045245584314898e+02 7.258269255291770605e+01 7.713654192183162195e+01
3.169999999999999929e+00 1.566675209802153468e+00 1.037337875337241684e+02 7.282256503159894123e+01 7.778103080765123423e+01
3.175000000000000266e+00 1.567939518395971676e+00 1.040638771046009623e+02 7.306300274378767767e+01 7.842513458800144122e+01
3.180000000000000160e+00 1.569203755545205192e+00 1.043947978360444040e+02 7.330401093165724546e+01 7.906879353019354539e+01
3.185000000000000053e+00 1.570467931230861369e+00 1.047265596491697863e+02 7.354559466783395294e+01 7.971192625262659703e+01
3.189999999999999947e+00 1.571732055663601191e+00 1.050591688281056264e+02 7.378775865221072650e+01 8.035443922033100250e+01
3.195000000000000284e+00 1.572996139285118833e+00 1.053926304396438098e+02 7.403050825994674256e+01 8.099627017485710212e+01
3.200000000000000178e+00 1.574260192769525224e+00 1.057269520620409509e+02 7.427385030304905911e+01 8.163733587462159846e+01
3.205000000000000071e+00 1.575524227024737378e+00 1.060621363872108418e+02 7.451778601229881360e+01 8.227754935962680349e+01
3.209999999999999964e+00 1.576788253193867284e+00 1.063981958662260183e+02 7.476232548927269761e+01 8.291683679962477527e+01
3.214999999999999858e+00 1.578052282656617233e+00 1.067351317595800140e+02 7.500746880475395528e+01 8.355512241087052416e+01
3.220000000000000195e+00 1.579316327030685141e+00 1.070729520524509297e+02 7.525322596103248429e+01 8.419232557624761171e+01
3.225000000000000089e+00 1.580580398173165202e+00 1.074116666135614224e+02 7.549960336794512727e+01 8.482836861976043963e+01
3.229999999999999982e+00 1.581844508181959430e+00 1.077512729323875789e+02 7.574659585920645100e+01 8.546317514798597870e+01
3.234999999999999876e+00 1.583108669397191415e+00 1.080917820688428606e+02 7.599421918692431177e+01 8.609665664561423171e+01
3.240000000000000213e+00 1.584372894402625409e+00 1.084331982925440627e+02 7.624247136888124032e+01 8.672873937077511641e+01
3.245000000000000107e+00 1.585637196027092743e+00 1.087755274870550295e+02 7.649135711665168458e+01 8.735934910824283861e+01
3.250000000000000000e+00 1.586901587345919129e+00 1.091187760934845130e+02 7.674088957097215768e+01 8.798840637804040909e+01
3.254999999999999893e+00 1.588166081682362174e+00 1.094629473040356373e+02 7.699106295619792206e+01 8.861582976910840159e+01
3.260000000000000231e+00 1.589430692609048013e+00 1.098080484663199741e+02 7.724188419291567698e+01 8.924160477546219283e+01
3.265000000000000124e+00 1.590695433949419924e+00 1.101540838400762823e+02 7.749336479813015899e+01 8.986554467783153655e+01
3.270000000000000018e+00 1.591960319779189614e+00 1.105010587966720834e+02 7.774550469959550014e+01 9.048762175641329009e+01
3.274999999999999911e+00 1.593225364427793389e+00 1.108489742148236417e+02 7.799830396102049690e+01 9.110775211303797505e+01
3.280000000000000249e+00 1.594490582479856755e+00 1.111978405808472701e+02 7.825177727090360236e+01 9.172588970461056590e+01
3.285000000000000142e+00 1.595755988776664358e+00 1.115476615562663341e+02 7.850592271441482239e+01 9.234192098360364298e+01
3.290000000000000036e+00 1.597021598417631694e+00 1.118984395956997275e+02 7.876074545848462094e+01 9.295579975824622920e+01
3.294999999999999929e+00 1.598287426761794583e+00 1.122501765622724577e+02 7.901624380485358756e+01 9.356743531566245053e+01
3.300000000000000266e+00 1.599553489429289543e+00 1.126028818644401355e+02 7.927243191208833650e+01 9.417676366666363208e+01
3.305000000000000160e+00 1.600819802302856587e+00 1.129565582178327361e+02 7.952930867844605700e+01 9.478369709191406400e+01
3.310000000000000053e+00 1.602086381529337800e+00 1.133112097118447679e+02 7.978687732827994239e+01 9.538816633744819740e+01
3.314999999999999947e+00 1.603353243521186133e+00 1.136668399592386720e+02 8.004514760579645838e+01 9.599012878529796922e+01
3.320000000000000284e+00 1.604620404957985969e+00 1.140234476641134478e+02 8.030411213306472007e+01 9.658946146553508072e+01
3.325000000000000178e+00 1.605887882787973897e+00 1.143810470583881056e+02 8.056378762597994125e+01 9.718613395728917226e+01
3.330000000000000071e+00 1.607155694229572163e+00 1.147396311342427850e+02 8.082416684153967879e+01 9.778005051699936701e+01
3.334999999999999964e+00 1.608423856772927873e+00 1.150992083106696384e+02 8.108525920912678941e+01 9.837116028833089842e+01
3.339999999999999858e+00 1.609692388181460876e+00 1.154597805672626123e+02 8.134706627630222897e+01 9.895938005683821359e+01
3.345000000000000195e+00 1.610961306493419842e+00 1.158213539746146097e+02 8.160959672426081113e+01 9.954465143376729941e+01
3.350000000000000089e+00 1.612230630023444355e+00 1.161839303337327749e+02 8.187284795691809336e+01 1.001268967449205860e+02
3.354999999999999982e+00 1.613500377364142535e+00 1.165475060921788355e+02 8.213682273344170426e+01 1.007060572499741227e+02
3.359999999999999876e+00 1.614770567387667999e+00 1.169120911127247666e+02 8.240152737481363943e+01 1.012820704672804908e+02
3.365000000000000213e+00 1.616041219247312144e+00 1.172776878093961699e+02 8.266696800362277031e+01 1.018548697002030963e+02
3.370000000000000107e+00 1.617312352379102647e+00 1.176442933390892307e+02 8.293313705654733781e+01 1.024243665707102906e+02
3.375000000000000000e+00 1.618583986503417060e+00 1.180119172234881972e+02 8.320004946613892116e+01 1.029905197066825053e+02
3.379999999999999893e+00 1.619856141626595081e+00 1.183805552355504886e+02 8.346770254370521513e+01 1.035532812251277903e+02
3.385000000000000231e+00 1.621128838042573905e+00 1.187502111865708798e+02 8.373609567593913994e+01 1.041125586372724285e+02
3.390000000000000124e+00 1.622402096334521149e+00 1.191208882781034077e+02 8.400523915666522612e+01 1.046683156246828901e+02
3.395000000000000018e+00 1.623675937376488410e+00 1.194925898740160193e+02 8.427513319140187775e+01 1.052204841811142870e+02
3.399999999999999911e+00 1.624950382335069499e+00 1.198653120302333690e+02 8.454577651351225143e+01 1.057689953817375965e+02
3.405000000000000249e+00 1.626225452671069327e+00 1.202390608985045333e+02 8.481717408082656107e+01 1.063138102927140665e+02
3.410000000000000142e+00 1.627501170141188780e+00 1.206138388533630774e+02 8.508933012079010894e+01 1.068548639725144795e+02
3.415000000000000036e+00 1.628777556799715365e+00 1.209896413306388041e+02 8.536224499118290510e+01 1.073921032450814010e+02
3.419999999999999929e+00 1.630054635000228513e+00 1.213664746283813685e+02 8.563592082094403679e+01 1.079254723614596116e+02
3.425000000000000266e+00 1.631332427397314877e+00 1.217443381036416383e+02 8.591036134204865959e+01 1.084549299586568907e+02
3.430000000000000160e+00 1.632610956948298497e+00 1.221232331534241666e+02 8.618556648320739555e+01 1.089804046428481996e+02
3.435000000000000053e+00 1.633890246914980304e+00 1.225031560113424405e+02 8.646153602302955221e+01 1.095018551701172669e+02
3.439999999999999947e+00 1.635170320865392934e+00 1.228841139879396280e+02 8.673827862920823861e+01 1.100192521004726274e+02
3.445000000000000284e+00 1.636451202675564431e+00 1.232661046065660742e+02 8.701578955293724960e+01 1.105325179575871601e+02
3.450000000000000178e+00 1.637732916531301264e+00 1.236491292217757803e+02 8.729407679376842566e+01 1.110416334734316450e+02
3.455000000000000071e+00 1.639015486929979559e+00 1.240331826934873618e+02 8.757313502602318067e+01 1.115465358077268263e+02
3.459999999999999964e+00 1.640298938682350771e+00 1.244182745706974771e+02 8.785297279148718985e+01 1.120471976750731216e+02
3.464999999999999858e+00 1.641583296914366441e+00 1.248043994657738125e+02 8.813358879388778178e+01 1.125435631811140951e+02
3.470000000000000195e+00 1.642868587069010289e+00 1.251915566710069072e+02 8.841498149858821876e+01 1.130355875669659582e+02
3.475000000000000089e+00 1.644154834908149621e+00 1.255797471259714229e+02 8.869715583452224905e+01 1.135232690955193249e+02
3.479999999999999982e+00 1.645442066514400281e+00 1.259689699258635898e+02 8.898010977095796648e+01 1.140065150632334792e+02
3.484999999999999876e+00 1.646730308293007594e+00 1.263592223804285908e+02 8.926384413620678515e+01 1.144853357623502603e+02
3.490000000000000213e+00 1.648019586973742623e+00 1.267505116253390298e+02 8.954836779399775537e+01 1.149596910771006861e+02
3.495000000000000107e+00 1.649309929612814640e+00 1.271428284650027933e+02 8.983367401446557210e+01 1.154295273859798527e+02
3.500000000000000000e+00 1.650601363594798476e+00 1.275361772020442857e+02 9.011976458681013469e+01 1.158948400673323818e+02
3.504999999999999893e+00 1.651893916634581849e+00 1.279300940142318979e+02 9.040621765353333217e+01 1.163459560576591798e+02
3.510000000000000231e+00 1.653187616779326907e+00 1.283250368704599964e+02 9.069345743058784137e+01 1.167922886801056279e+02
3.515000000000000124e+00 1.654482492410449757e+00 1.287210045017963864e+02 9.098148437069627903e+01 1.172338020364389592e+02
3.520000000000000018e+00 1.655778572245619973e+00 1.291179896201186921e+02 9.127028932952387663e+01 1.176704711015360800e+02
3.524999999999999911e+00 1.657075885340773880e+00 1.295159954120954922e+02 9.155988418036346843e+01 1.181022919090125640e+02
3.530000000000000249e+00 1.658374461092151142e+00 1.299149407349074465e+02 9.185022555599545058e+01 1.185292316825205745e+02
3.535000000000000142e+00 1.659674329238346902e+00 1.303149794099212500e+02 9.214138889058270365e+01 1.189512525011611643e+02
3.540000000000000036e+00 1.660975519862385452e+00 1.307160307844936256e+02 9.243333908351095829e+01 1.193683642287074633e+02
3.544999999999999929e+00 1.662278063393811456e+00 1.311180890011137308e+02 9.272606956117846266e+01 1.197805561488065536e+02
3.550000000000000266e+00 1.663581990610803807e+00 1.315211652473579989e+02 9.301959060645319255e+01 1.201877800130607028e+02
3.555000000000000160e+00 1.664887332642308815e+00 1.319252544147875597e+02 9.331390177585277002e+01 1.205900342478781653e+02
3.560000000000000053e+00 1.666194120970192039e+00 1.323303485575334832e+02 9.360899402336346498e+01 1.209873224881921203e+02
3.564999999999999947e+00 1.667502387431416100e+00 1.327364511540168053e+02 9.390487910989529041e+01 1.213796324902712485e+02
3.570000000000000284e+00 1.668812164220237593e+00 1.331435514863800051e+02 9.420154160659781439e+01 1.217669545460026228e+02
3.575000000000000178e+00 1.670123483890425531e+00 1.335516568234785666e+02 9.449899501270191138e+01 1.221492915648478288e+02
3.580000000000000071e+00 1.671436379357503110e+00 1.339607627027175170e+02 9.479723530711103763e+01 1.225266419445020034e+02
3.584999999999999964e+00 1.672750883901015451e+00 1.343708623855282838e+02 9.509625627820491900e+01 1.228990049377202070e+02
3.589999999999999858e+00 1.674067031166816655e+00 1.347819580600641984e+02 9.539606518435994076e+01 1.232663718945484419e+02
3.595000000000000195e+00 1.675384855169382847e+00 1.351940446455698179e+02 9.569665466598375758e+01 1.236287652573630709e+02
3.600000000000000089e+00 1.676704390294149860e+00 1.356071219309520473e+02 9.599803081833216822e+01 1.239861701402123231e+02
3.604999999999999982e+00 1.678025671299876453e+00 1.360211861786023633e+02 9.630019151361209140e+01 1.243386195914250010e+02
3.609999999999999876e+00 1.679348733321033071e+00 1.364362350031114488e+02 9.660313028931616941e+01 1.246861023031768951e+02
3.615000000000000213e+00 1.680673611870211692e+00 1.368522626897615737e+02 9.690685066973101414e+01 1.250286369532570063e+02
3.620000000000000107e+00 1.682000342840573426e+00 1.372692729316205202e+02 9.721135536210665862e+01 1.253662523382975849e+02
3.625000000000000000e+00 1.683328962508309878e+00 1.376872592570838094e+02 9.751663958266502163e+01 1.256989376056046268e+02
3.629999999999999893e+00 1.684659507535143819e+00 1.381062166044767139e+02 9.782269950034972794e+01 1.260267349633374465e+02
3.635000000000000231e+00 1.685992014970846498e+00 1.385261480993139855e+02 9.812954110340322700e+01 1.263496519134399136e+02
3.640000000000000124e+00 1.687326522255794936e+00 1.389470466188475655e+02 9.843715998653905785e+01 1.266677211092172683e+02
3.645000000000000018e+00 1.688663067223552527e+00 1.393689122543432006e+02 9.874555520137387532e+01 1.269809547861871692e+02
3.649999999999999911e+00 1.690001688103477839e+00 1.397917386331919545e+02 9.905472301017954351e+01 1.272893886677010471e+02
3.655000000000000249e+00 1.691342423523365834e+00 1.402155238866041600e+02 9.936466707629591610e+01 1.275930461600068782e+02
3.660000000000000142e+00 1.692685312512123508e+00 1.406402692170404407e+02 9.967538623377542706e+01 1.278919717650639711e+02
3.665000000000000036e+00 1.694030394502469727e+00 1.410659697564846624e+02 9.998688027880544382e+01 1.281861877505683367e+02
3.669999999999999929e+00 1.695377709333675487e+00 1.414926217757957829e+02 1.002991451711083073e+02 1.284757278252007495e+02
3.675000000000000266e+00 1.696727297254325917e+00 1.419202219510089833e+02 1.006121778574047028e+02 1.287606318125499172e+02
3.680000000000000160e+00 1.698079198925130706e+00 1.423487687624869693e+02 1.009259810072260279e+02 1.290409310678032853e+02
3.685000000000000053e+00 1.699433455421752726e+00 1.427782602792858881e+02 1.012405551524024361e+02 1.293166870399408879e+02
3.689999999999999947e+00 1.700790108237682396e+00 1.432086894649822000e+02 1.015558925565156727e+02 1.295879284140894470e+02
3.695000000000000284e+00 1.702149199287140036e+00 1.436400617602153034e+02 1.018720034257522684e+02 1.298547165587948200e+02
3.700000000000000178e+00 1.703510770908022831e+00 1.440723652794703469e+02 1.021888728560199695e+02 1.301170575497154118e+02
3.705000000000000071e+00 1.704874865864877798e+00 1.445056033523854637e+02 1.025065059664149771e+02 1.303750415428989413e+02
3.709999999999999964e+00 1.706241527351919807e+00 1.449397740097846849e+02 1.028249076944057379e+02 1.306287176437409414e+02
3.714999999999999858e+00 1.707610798996081591e+00 1.453748701623319732e+02 1.031440687459252672e+02 1.308781174183311293e+02
3.720000000000000195e+00 1.708982724860113711e+00 1.458108911517296917e+02 1.034639883628562416e+02 1.311233170877770249e+02
3.725000000000000089e+00 1.710357349445704500e+00 1.462478367697583792e+02 1.037846712911664468e+02 1.313643748281123180e+02
3.729999999999999982e+00 1.711734717696661745e+00 1.466856992788015646e+02 1.041061071407590219e+02 1.316013297955705639e+02
3.734999999999999876e+00 1.713114875002117454e+00 1.471244832763191255e+02 1.044283065022894874e+02 1.318342568799389198e+02
3.740000000000000213e+00 1.714497867199787251e+00 1.475641825530188385e+02 1.047512590138995847e+02 1.320632178121792037e+02
3.745000000000000107e+00 1.715883740579261962e+00 1.480047962918691837e+02 1.050749706297400081e+02 1.322882904354052300e+02
3.750000000000000000e+00 1.717272541885350057e+00 1.484463171384684017e+02 1.053994295298763859e+02 1.325095191816269846e+02
3.754999999999999893e+00 1.718664318321458495e+00 1.488887512221151042e+02 1.057246474314960665e+02 1.327269896337014643e+02
3.760000000000000231e+00 1.720059117553022654e+00 1.493320910995834367e+02 1.060506166103950818e+02 1.329407754730878537e+02
3.765000000000000124e+00 1.721456987710977105e+00 1.497763391003454103e+02 1.063773407400840654e+02 1.331509510973718875e+02
3.770000000000000018e+00 1.722857977395276574e+00 1.502214879187571626e+02 1.067048123261529611e+02 1.333575772289756856e+02
3.774999999999999911e+00 1.724262135678464647e+00 1.506675042331631005e+02 1.070330296250527340e+02 1.335608866024147972e+02
3.780000000000000249e+00 1.725669512109285098e+00 1.511144553393311014e+02 1.073620017500352617e+02 1.337606729959586005e+02
3.785000000000000142e+00 1.727080156716347847e+00 1.515623020572764119e+02 1.076917174455035848e+02 1.339571454266202295e+02
3.790000000000000036e+00 1.728494120011841551e+00 1.520110474240670158e+02 1.080221838861394588e+02 1.341504064212086575e+02
3.794999999999999929e+00 1.729911452995299248e+00 1.524606869276741747e+02 1.083533968623933106e+02 1.343405456358804031e+02
3.800000000000000266e+00 1.731332207157411762e+00 1.529112235710525738e+02 1.086853582896926156e+02 1.345276153558819203e+02
3.805000000000000160e+00 1.732756434483898600e+00 1.533626504498162717e+02 1.090180627321654754e+02 1.347117321985063541e+02
3.810000000000000053e+00 1.734184187459427706e+00 1.538149701731190930e+02 1.093515115170488201e+02 1.348929711159740918e+02
3.814999999999999947e+00 1.735615519071593615e+00 1.542681809837481524e+02 1.096857029686897818e+02 1.350714334451139393e+02
3.820000000000000284e+00 1.737050482814948671e+00 1.547222837903292145e+02 1.100206433218412769e+02 1.352472119827973245e+02
3.825000000000000178e+00 1.738489132695088868e+00 1.551772741591376246e+02 1.103563265960254540e+02 1.354204071509525988e+02
3.830000000000000071e+00 1.739931523232801869e+00 1.556331535712712650e+02 1.106927517274200596e+02 1.355910928531365869e+02
3.834999999999999964e+00 1.741377709468272084e+00 1.560899207289222090e+02 1.110299201362016390e+02 1.357594033723227938e+02
3.839999999999999858e+00 1.742827746965340152e+00 1.565475760280314717e+02 1.113678326708768509e+02 1.359254193267714186e+02
3.845000000000000195e+00 1.744281691815829705e+00 1.570061175987569868e+02 1.117064840562321422e+02 1.360892216740616618e+02
3.850000000000000089e+00 1.745739600643932299e+00 1.574655496731871835e+02 1.120458828015791539e+02 1.362509496840531540e+02
3.854999999999999982e+00 1.747201530610656750e+00 1.579258717633513243e+02 1.123860267019713604e+02 1.364106831909863899e+02
3.859999999999999876e+00 1.748667539418339745e+00 1.583870798758012768e+02 1.127269115636475760e+02 1.365685375346733110e+02
3.865000000000000213e+00 1.750137685315223512e+00 1.588491748705540374e+02 1.130685368795733723e+02 1.367246216048616532e+02
3.870000000000000107e+00 1.751612027100100555e+00 1.593121579716074905e+02 1.134109067859879332e+02 1.368790593954055055e+02
3.875000000000000000e+00 1.753090624127023878e+00 1.597760319815778587e+02 1.137540213431808809e+02 1.370319316331269306e+02
3.879999999999999893e+00 1.754573536310083837e+00 1.602407964680826922e+02 1.140978798835238877e+02 1.371833692731128167e+02
3.885000000000000231e+00 1.756060824128258258e+00 1.607064541328167593e+02 1.144424846840083489e+02 1.373334673083293467e+02
3.890000000000000124e+00 1.757552548630337386e+00 1.611730012773697354e+02 1.147878348160122641e+02 1.374823830685310213e+02
3.895000000000000018e+00 1.759048771439909009e+00 1.616404453022182963e+02 1.151339342895855964e+02 1.376302029764724466e+02
3.899999999999999911e+00 1.760549554760425739e+00 1.621087806392556843e+02 1.154807761756042765e+02 1.377770405238966021e+02
3.905000000000000249e+00 1.762054961380348228e+00 1.625780142345584238e+02 1.158283679632181418e+02 1.379230234040364564e+02
3.910000000000000142e+00 1.763565054678360111e+00 1.630481473277095290e+02 1.161767109456678213e+02 1.380682692118916748e+02
3.915000000000000036e+00 1.765079898628665322e+00 1.635191414184283474e+02 1.165257977408348609e+02 1.382127732649314851e+02
3.919999999999999929e+00 1.766599557806353804e+00 1.639910739908082178e+02 1.168756379497475990e+02 1.383569043540411485e+02
3.925000000000000266e+00 1.768124097392861804e+00 1.644639092333799510e+02 1.172262342189342661e+02 1.385006947528187879e+02
3.930000000000000160e+00 1.769653583181507006e+00 1.649376528901541690e+02 1.175775844393133411e+02 1.386442274013072904e+02
3.935000000000000053e+00 1.771188081583099816e+00 1.654123080055883008e+02 1.179296903612548135e+02 1.387876480894690019e+02
3.939999999999999947e+00 1.772727659631656794e+00 1.658878737278567996e+02 1.182825565111006654e+02 1.389310961540311951e+02
3.945000000000000284e+00 1.774272384990179141e+00 1.663643558298967662e+02 1.186361780491603071e+02 1.390746730444762136e+02
3.950000000000000178e+00 1.775822325956536885e+00 1.668417578978423990e+02 1.189905650936974268e+02 1.392185216610372436e+02
3.955000000000000071e+00 1.777377551469432548e+00 1.673200800719295103e+02 1.193457146751535589e+02 1.393627928004864032e+02
3.959999999999999964e+00 1.778938131114458976e+00 1.677993270310246601e+02 1.197016265533333979e+02 1.395075913808149437e+02
3.965000000000000302e+00 1.780504135130244192e+00 1.682795067251100818e+02 1.200583126597336587e+02 1.396530805448877572e+02
3.970000000000000195e+00 1.782075634414699072e+00 1.687606153084497009e+02 1.204157651653760013e+02 1.397993642172487512e+02
3.975000000000000089e+00 1.783652700531359159e+00 1.692426628895537135e+02 1.207739882172146793e+02 1.399465851246002330e+02
3.979999999999999982e+00 1.785235405715812629e+00 1.697256527181804984e+02 1.211329900591551763e+02 1.400948954994094606e+02
3.984999999999999876e+00 1.786823822882243729e+00 1.702095855077777742e+02 1.214927675740793234e+02 1.402444277444264742e+02
3.990000000000000213e+00 1.788418025630066133e+00 1.706944711428378412e+02 1.218533298750907647e+02 1.403953171451056221e+02
3.995000000000000107e+00 1.790018088250662442e+00 1.711803127830075937e+02 1.222146743527501656e+02 1.405476805390029256e+02
4.000000000000000000e+00 1.791624085734228267e+00 1.716671143119488363e+02 1.225768030858241389e+02 1.407016708479022213e+02
