% raindrop T-matrix calculations using the code of Leinonen, J., "Python code for T-matrix scattering calculations". Available at https://github.com/jleinonen/pytmatrix/. 
% 
% refractive index calculations after Ray, P., 1972:  Broadband Complex Refractive Indices of Ice and Water, Appl. Opt. 11, 1836-1844 
% 
% raindrop aspect ratio estimated with the methodology of Brandes, Edward & Zhang, Guifu & Vivekanandan, Jothiram. (2005). Corrigendum. Journal of Applied Meteorology. 44. 186-. 10.1175/1520-0450(2005)44<186:C>2.0.CO;2. 
% 
% wave length: 107.068735 mm 
% temperature: 268.15 K 
% refractive index: 9.069358825683593750e+00 + 1.538804650306701660e+00 i 
% 
%r_eqv[mm]               axial ratio              ext[mm2]                 sca[mm2]                 back[mm2]
5.000000000000000104e-03 9.999900000999989436e-01 1.031330625110626708e-09 1.452360331688678954e-18 2.178539552199050106e-18
1.000000000000000021e-02 9.999900000999989436e-01 8.250825330754415823e-09 9.295108130565124203e-17 1.394263588323760304e-16
1.499999999999999944e-02 9.999900000999989436e-01 2.784755016397022060e-08 1.058771378473441729e-15 1.588150223818323184e-15
2.000000000000000042e-02 9.999900000999989436e-01 6.601237337676560073e-08 5.948875540711783433e-15 8.923244598624528893e-15
2.500000000000000139e-02 9.999900000999989436e-01 1.289388780536482824e-07 2.269318177716285915e-14 3.403936213869293696e-14
2.999999999999999889e-02 9.999900000999989436e-01 2.228242622599388818e-07 6.776154788010043026e-14 1.016405543595656257e-13
3.500000000000000333e-02 9.999900000999989436e-01 3.538702066085281474e-07 1.708695425718123295e-13 2.562982428359754947e-13
4.000000000000000083e-02 9.999900000999989436e-01 5.282838901743783475e-07 3.807299002856880364e-13 5.710771730419504101e-13
4.499999999999999833e-02 9.999900000999989436e-01 7.522787873035629540e-07 7.718499036644070144e-13 1.157729483157030429e-12
5.000000000000000278e-02 9.999900000999989436e-01 1.032075622876136061e-06 1.452374407583096189e-12 2.178456181867824356e-12
5.500000000000000028e-02 9.999900000999989436e-01 1.373903298760055779e-06 2.572975290095323110e-12 3.859236893961165363e-12
5.999999999999999778e-02 9.999900000999989436e-01 1.783999560782408865e-06 4.336785609194713938e-12 6.504724930140521783e-12
6.500000000000000222e-02 9.999900000999989436e-01 2.268612741159994068e-06 7.010381608242918597e-12 1.051471199078081568e-11
7.000000000000000666e-02 9.999900000999989436e-01 2.834001539945531090e-06 1.093580899157354246e-11 1.640215668868532979e-11
7.499999999999999722e-02 9.999900000999989436e-01 3.486436348737593237e-06 1.654365550011757479e-11 2.481277944559791250e-11
8.000000000000000167e-02 9.999900000999989436e-01 4.232200753095923501e-06 2.436717575292446671e-11 3.654623217828141854e-11
8.500000000000000611e-02 9.999900000999989436e-01 5.077591973168500996e-06 3.505744191894070371e-11 5.257880254884171726e-11
8.999999999999999667e-02 9.999900000999989436e-01 6.028921458284361360e-06 4.939957683366558530e-11 7.408773707236451799e-11
9.500000000000000111e-02 9.999900000999989436e-01 7.092516971764119548e-06 6.832999523469731410e-11 1.024770709517076063e-10
1.000000000000000056e-01 9.999900000999989436e-01 8.274720794918567836e-06 9.295472098140491938e-11 1.394050657079231154e-10
1.049999999999999961e-01 9.999900000999989436e-01 9.581895411496766277e-06 1.245687091143223453e-10 1.868131471717121096e-10
1.100000000000000006e-01 9.999900000999989436e-01 1.102041933399507833e-05 1.646763055589503416e-10 2.469565422147684764e-10
1.150000000000000050e-01 9.999900000999989436e-01 1.259669034194663855e-05 2.150126476000778124e-10 3.224363181411357605e-10
1.199999999999999956e-01 9.999900000999989436e-01 1.431712945417886627e-05 2.775661292362857307e-10 4.162330099298494353e-10
1.250000000000000000e-01 9.999900000999989436e-01 1.618817337509071379e-05 3.546019536580518315e-10 5.317418679146759414e-10
1.300000000000000044e-01 9.999900000999989436e-01 1.821628620126421563e-05 4.486868910522121821e-10 6.728099020306037530e-10
1.350000000000000089e-01 9.999900000999989436e-01 2.040795196486472484e-05 5.627145617079459433e-10 8.437737019325504545e-10
1.400000000000000133e-01 9.999900000999989436e-01 2.276968026368604412e-05 6.999324249652110882e-10 1.049499802221032764e-09
1.449999999999999900e-01 9.999900000999989436e-01 2.530800124040982930e-05 8.639694016556948270e-10 1.295425983874414131e-09
1.499999999999999944e-01 9.999900000999989436e-01 2.802947840011477920e-05 1.058864640046215400e-09 1.587604274889352284e-09
1.549999999999999989e-01 9.999900000999989436e-01 3.094069766534874249e-05 1.289097197640283422e-09 1.932745308474248366e-09
1.600000000000000033e-01 9.999900000999989436e-01 3.404826933160855294e-05 1.559617636953811927e-09 2.338265533652055524e-09
1.650000000000000078e-01 9.999900000999989436e-01 3.735884101871924279e-05 1.875878285109393861e-09 2.812332403103661777e-09
1.700000000000000122e-01 9.999900000999989436e-01 4.087908181729757884e-05 2.243868567627964950e-09 3.363917151051604662e-09
1.750000000000000167e-01 9.999900000999989436e-01 4.461569280625950375e-05 2.670146691246889850e-09 4.002842072871565067e-09
1.799999999999999933e-01 9.999900000999989436e-01 4.857541276622244177e-05 3.161876975416406972e-09 4.739836255068643177e-09
1.849999999999999978e-01 9.999900000999989436e-01 5.276500691656484197e-05 3.726862966122983672e-09 5.586584953675777935e-09
1.900000000000000022e-01 1.000338260324268314e+00 5.720583361050334437e-05 4.374718046512535156e-09 6.557485256882740337e-09
1.950000000000000067e-01 1.000344839311130496e+00 6.187708377706261601e-05 5.112597663891832487e-09 7.663243833078261659e-09
2.000000000000000111e-01 1.000357515291503407e+00 6.679911874513226610e-05 5.951430590786863762e-09 8.920223796360023154e-09
2.050000000000000155e-01 1.000376259251188893e+00 7.197891738698814672e-05 6.901986596753375051e-09 1.034454558498384133e-08
2.099999999999999922e-01 1.000401042453005207e+00 7.742350384032943686e-05 7.975873383426911097e-09 1.195358198006003855e-08
2.149999999999999967e-01 1.000431836433301802e+00 8.313994361424494669e-05 9.185584545774681442e-09 1.376602957117269625e-08
2.200000000000000011e-01 1.000468612998516083e+00 8.913535398549225135e-05 1.054454277145064463e-08 1.580197304976400239e-08
2.250000000000000056e-01 1.000511344221778787e+00 9.541688634035661476e-05 1.206713984879572151e-08 1.808294466952075133e-08
2.300000000000000100e-01 1.000560002439564444e+00 1.019917594209314741e-04 1.376879299501086768e-08 2.063200815253209333e-08
2.350000000000000144e-01 1.000614560248383578e+00 1.088672326209987572e-04 1.566598003626444810e-08 2.347381083844198634e-08
2.399999999999999911e-01 1.000674990501522643e+00 1.160506257615843837e-04 1.777630309021354560e-08 2.663467851886173466e-08
2.449999999999999956e-01 1.000741266305821942e+00 1.235492815007055098e-04 2.011851784853937012e-08 3.014265867134201274e-08
2.500000000000000000e-01 1.000813361018499714e+00 1.313706233489417567e-04 2.271261286931184443e-08 3.402763859739717295e-08
2.550000000000000044e-01 1.000891248244015541e+00 1.395221383863949778e-04 2.557982436651222655e-08 3.832136682700501902e-08
2.600000000000000089e-01 1.000974901830975039e+00 1.480113394416616578e-04 2.874272487922088686e-08 4.305758523714121116e-08
2.650000000000000133e-01 1.001064295869075416e+00 1.568458040367288727e-04 3.222525597069784934e-08 4.827207718688855386e-08
2.700000000000000178e-01 1.001159404686088994e+00 1.660331940225060431e-04 3.605279968528421468e-08 5.400277371373825854e-08
2.750000000000000222e-01 1.001260202844886926e+00 1.755812106475156370e-04 4.025221178009849775e-08 6.028980236648273001e-08
2.800000000000000266e-01 1.001366665140501100e+00 1.854976022166713223e-04 4.485190325132617233e-08 6.717560839697351790e-08
2.850000000000000311e-01 1.001478766597222014e+00 1.957901963501208081e-04 4.988187974236158606e-08 7.470501271735716291e-08
2.899999999999999800e-01 1.001596482465736404e+00 2.064668698541251019e-04 5.537383052379491305e-08 8.292534410369311187e-08
2.949999999999999845e-01 1.001719788220298835e+00 2.175356096459056543e-04 6.136114502277827692e-08 9.188646279564842283e-08
2.999999999999999889e-01 1.001848659555939935e+00 2.290044155551355953e-04 6.787901194864775314e-08 1.016409077042894431e-07
3.049999999999999933e-01 1.001983072385710605e+00 2.408813792913573008e-04 7.496448581142788543e-08 1.122439948676505370e-07
3.099999999999999978e-01 1.002123002837959964e+00 2.531746270024928932e-04 8.265650820716190410e-08 1.237538478010081003e-07
3.150000000000000022e-01 1.002268427253648841e+00 2.658924166746172218e-04 9.099603477036518338e-08 1.362315863336881851e-07
3.200000000000000067e-01 1.002419322183694117e+00 2.790430247901257133e-04 1.000260492879763302e-07 1.497413462205662959e-07
3.250000000000000111e-01 1.002575664386349930e+00 2.926348211290894234e-04 1.097916688827401983e-07 1.643504349863406431e-07
3.300000000000000155e-01 1.002737430824617970e+00 3.066762161854279332e-04 1.203401727500731845e-07 1.801293733558764600e-07
3.350000000000000200e-01 1.002904598663692415e+00 3.211757733147607382e-04 1.317211376737492624e-07 1.971520965442627358e-07
3.400000000000000244e-01 1.003077145268434833e+00 3.361420403977946961e-04 1.439864186487577385e-07 2.154959232371679792e-07
3.450000000000000289e-01 1.003255048200880628e+00 3.515836819300438847e-04 1.571903431202145887e-07 2.352418445572319531e-07
3.500000000000000333e-01 1.003438285217776782e+00 3.675094631153786955e-04 1.713896346501874110e-07 2.564744079108933204e-07
3.549999999999999822e-01 1.003626834268148693e+00 3.839281919529269837e-04 1.866436703382443244e-07 2.792821001116065346e-07
3.599999999999999867e-01 1.003820673490896542e+00 4.008487412027085116e-04 2.030143729863902687e-07 3.037571839061657602e-07
3.649999999999999911e-01 1.004019781212422524e+00 4.182801236483651877e-04 2.205664226050255361e-07 3.299960121455716146e-07
3.699999999999999956e-01 1.004224135944284502e+00 4.362314173363809259e-04 2.393672523148066137e-07 3.580990195180391024e-07
3.750000000000000000e-01 1.004433716380879638e+00 4.547117661849696402e-04 2.594872198438750229e-07 3.881709764614465109e-07
3.800000000000000044e-01 1.004648501397155336e+00 4.737303833257880555e-04 2.809995965029681163e-07 4.203209702734355952e-07
3.850000000000000089e-01 1.004868470046347273e+00 4.932966257822765307e-04 3.039806805866552091e-07 4.546625722687170026e-07
3.900000000000000133e-01 1.005093601557745631e+00 5.134198402732392114e-04 3.285099151919756012e-07 4.913140108670485058e-07
3.950000000000000178e-01 1.005323875334485528e+00 5.341096024542491992e-04 3.546699402180425128e-07 5.303982468799310996e-07
4.000000000000000222e-01 1.005559270951367434e+00 5.553754405383826706e-04 3.825466808278597425e-07 5.720431027498898705e-07
4.050000000000000266e-01 1.005799768152698448e+00 5.772270673249380859e-04 4.122295142503685562e-07 6.163815088463513855e-07
4.100000000000000311e-01 1.006045346850164002e+00 5.996742374485019601e-04 4.438112014758377160e-07 6.635513981162714433e-07
4.150000000000000355e-01 1.006295987120720881e+00 6.227268107254835868e-04 4.773881391176694341e-07 7.136960796219349035e-07
4.199999999999999845e-01 1.006551669204517108e+00 6.463948049169064613e-04 5.130602781322581784e-07 7.669641125903860611e-07
4.249999999999999889e-01 1.006812373502834479e+00 6.706882284381768082e-04 5.509313953686543104e-07 8.235097105007611143e-07
4.299999999999999933e-01 1.007078080576055967e+00 6.956172155122946872e-04 5.911091013050114011e-07 8.834927474229106772e-07
4.349999999999999978e-01 1.007348771141657329e+00 7.211921235581764426e-04 6.337050398183672661e-07 9.470790534934384481e-07
4.400000000000000022e-01 1.007624426072219359e+00 7.474231631488100977e-04 6.788347800760305504e-07 1.014440249130637865e-06
4.450000000000000067e-01 1.007905026393466796e+00 7.743209272135288292e-04 7.266180154403243371e-07 1.085754038403014016e-06
4.500000000000000111e-01 1.008190553282325652e+00 8.018959438392858673e-04 7.771786503591327596e-07 1.161204333104983318e-06
4.550000000000000155e-01 1.008480988065006079e+00 8.301588080291057593e-04 8.306452726463110650e-07 1.240981957955686248e-06
4.600000000000000200e-01 1.008776312215104998e+00 8.591203743755138804e-04 8.871504294055890420e-07 1.325283558727602052e-06
4.650000000000000244e-01 1.009076507351731156e+00 8.887914789972072363e-04 9.468315600877835397e-07 1.414312996213778283e-06
4.700000000000000289e-01 1.009381555237651273e+00 9.191831326963850876e-04 1.009830622729560453e-06 1.508280779667020311e-06
4.750000000000000333e-01 1.009691437777457068e+00 9.503064407437609778e-04 1.076294313006272477e-06 1.607404391756946759e-06
4.799999999999999822e-01 1.010006137015752481e+00 9.821725738119319038e-04 1.146374319009501233e-06 1.711908660907388218e-06
4.849999999999999867e-01 1.010325635135361333e+00 1.014792879759197387e-03 1.220227300323118414e-06 1.822025727538123554e-06
4.899999999999999911e-01 1.010649914455556075e+00 1.048178725113052588e-03 1.298014992520840629e-06 1.937995193285409177e-06
4.949999999999999956e-01 1.010978957430304748e+00 1.082341777548052539e-03 1.379904164920413084e-06 2.060064050240582145e-06
5.000000000000000000e-01 1.011312746646537475e+00 1.117293586133656907e-03 1.466067189688887785e-06 2.188487526968319757e-06
5.050000000000000044e-01 1.011651264822433394e+00 1.153046001606671629e-03 1.556682202225402330e-06 2.323529325815523574e-06
5.100000000000000089e-01 1.011994494805724676e+00 1.189610906798694526e-03 1.651931564083823180e-06 2.465459308357453972e-06
5.150000000000000133e-01 1.012342419572020980e+00 1.227000342649099858e-03 1.752004920900750902e-06 2.614558072819871858e-06
5.200000000000000178e-01 1.012695022223150554e+00 1.265226379053408824e-03 1.857097063166298203e-06 2.771113739111277683e-06
5.250000000000000222e-01 1.013052285985520662e+00 1.304301334245212569e-03 1.967408306062578221e-06 2.935422512811973211e-06
5.300000000000000266e-01 1.013414194208494434e+00 1.344237616896717816e-03 2.083145310542753562e-06 3.107789904627428572e-06
5.350000000000000311e-01 1.013780730362787486e+00 1.385047653219944859e-03 2.204521676518758646e-06 3.288531614782711441e-06
5.400000000000000355e-01 1.014151878038878962e+00 1.426744207699394114e-03 2.331755707793802652e-06 3.477970174055877073e-06
5.450000000000000400e-01 1.014527620945441466e+00 1.469339986846861235e-03 2.465074104613715599e-06 3.676440463176968896e-06
5.500000000000000444e-01 1.014907942907788518e+00 1.512847733014520283e-03 2.604708040155195249e-06 3.884283837144690108e-06
5.550000000000000488e-01 1.015292827866336012e+00 1.557280795566804354e-03 2.750897455926335112e-06 4.101854535484470228e-06
5.600000000000000533e-01 1.015682259875082316e+00 1.602652060636280485e-03 2.903886909460647965e-06 4.329513469033275960e-06
5.650000000000000577e-01 1.016076223100103704e+00 1.648975085876623527e-03 3.063930548678025168e-06 4.567635645843630974e-06
5.700000000000000622e-01 1.016474701818065096e+00 1.696262950910004631e-03 3.231286860146926405e-06 4.816602310575911134e-06
5.750000000000000666e-01 1.016877680414747243e+00 1.744529590533946701e-03 3.406223848348168022e-06 5.076808678963049110e-06
5.799999999999999600e-01 1.017285143383589441e+00 1.793788285186981822e-03 3.589014907007394003e-06 5.348657754493112080e-06
5.849999999999999645e-01 1.017697075324246692e+00 1.844053351769598921e-03 3.779943407350830487e-06 5.632567176175887680e-06
5.899999999999999689e-01 1.018113460941162618e+00 1.895338456001805210e-03 3.979297815024978551e-06 5.928961906873447662e-06
5.949999999999999734e-01 1.018534285042156151e+00 1.947657798874838234e-03 4.187375859458984832e-06 6.238280458882929463e-06
5.999999999999999778e-01 1.018959532537025314e+00 2.001025564908506284e-03 4.404483204571833199e-06 6.560972898879147457e-06
6.049999999999999822e-01 1.019389188436160998e+00 2.055456374440769833e-03 4.630933599280284482e-06 6.897501052654518062e-06
6.099999999999999867e-01 1.019823237849180497e+00 2.110964605346974266e-03 4.867047826281501028e-06 7.248336922056282393e-06
6.149999999999999911e-01 1.020261665983570154e+00 2.167564943807044533e-03 5.113156125131952910e-06 7.613966310884024829e-06
6.199999999999999956e-01 1.020704458143344873e+00 2.225272498602326888e-03 5.369599090420446079e-06 7.994890127711504045e-06
6.250000000000000000e-01 1.021151599727719406e+00 2.284102034748753014e-03 5.636721111423303649e-06 8.391614592325118179e-06
6.300000000000000044e-01 1.021603076229795626e+00 2.344068683672002624e-03 5.914880865425709704e-06 8.804666899330862982e-06
6.350000000000000089e-01 1.022058873235258902e+00 2.405187943719723498e-03 6.204443629401258166e-06 9.234583703677801193e-06
6.400000000000000133e-01 1.022518976421092685e+00 2.467475046481185010e-03 6.505782400446611817e-06 9.681912796664067733e-06
6.450000000000000178e-01 1.022983371554301524e+00 2.530945856591678388e-03 6.819282081571834258e-06 1.014721933550597636e-05
6.500000000000000222e-01 1.023452044490649859e+00 2.595615857355690684e-03 7.145335718344532539e-06 1.063108021107414509e-05
6.550000000000000266e-01 1.023924981173411908e+00 2.661501320427657642e-03 7.484345909360526078e-06 1.113408613158302001e-05
6.600000000000000311e-01 1.024402167632133542e+00 2.728618138582987029e-03 7.836726466530018103e-06 1.165684411319296868e-05
6.650000000000000355e-01 1.024883589981409493e+00 2.796982491849817759e-03 8.202901224390740585e-06 1.219997565190709686e-05
6.700000000000000400e-01 1.025369234419667430e+00 2.866610999941426874e-03 8.583301114088984267e-06 1.276411236755369948e-05
6.750000000000000444e-01 1.025859087227968924e+00 2.937520139683623931e-03 8.978370299058381984e-06 1.334990511965380134e-05
6.800000000000000488e-01 1.026353134768820174e+00 3.009726878131401256e-03 9.388563434872619601e-06 1.395801993714439606e-05
6.850000000000000533e-01 1.026851363484993174e+00 3.083247481178987611e-03 9.814345879333672833e-06 1.458913827919060724e-05
6.900000000000000577e-01 1.027353759898360641e+00 3.158099870120000072e-03 1.025619212038316674e-05 1.524395469873322885e-05
6.950000000000000622e-01 1.027860310608740946e+00 3.234300841161449804e-03 1.071458758675394948e-05 1.592317950368073173e-05
7.000000000000000666e-01 1.028371002292754355e+00 3.311867900343310345e-03 1.119003398601762490e-05 1.662754672817104871e-05
7.049999999999999600e-01 1.028885821702690384e+00 3.390818508642950979e-03 1.168303745878255588e-05 1.735779641901247838e-05
7.099999999999999645e-01 1.029404755665387139e+00 3.471170741812413130e-03 1.219411913538843440e-05 1.811469038611152632e-05
7.149999999999999689e-01 1.029927791081118427e+00 3.552942258746530618e-03 1.272381368183575980e-05 1.889900999449327330e-05
7.199999999999999734e-01 1.030454914922495746e+00 3.636151183595644557e-03 1.327266596009201845e-05 1.971155118193814248e-05
7.249999999999999778e-01 1.030986114233377604e+00 3.720816363490924480e-03 1.384123083044868856e-05 2.055312413402579329e-05
7.299999999999999822e-01 1.031521376127789047e+00 3.806955502548374764e-03 1.443007938147409681e-05 2.142456252482486423e-05
7.349999999999999867e-01 1.032060687788854958e+00 3.894588110002345817e-03 1.503979316942304942e-05 2.232671498182313568e-05
7.399999999999999911e-01 1.032604036467738684e+00 3.983732167252169824e-03 1.567096850017002328e-05 2.326045140753073382e-05
7.449999999999999956e-01 1.033151409482594651e+00 4.074407449143687028e-03 1.632421037171604433e-05 2.422665385207775461e-05
7.500000000000000000e-01 1.033702794217528753e+00 4.166632858517134962e-03 1.700014101207513795e-05 2.522622940358171091e-05
7.550000000000000044e-01 1.034258178121568061e+00 4.260427536127675899e-03 1.769939595328609674e-05 2.626010405508291557e-05
7.600000000000000089e-01 1.034817548707643198e+00 4.355811567273200000e-03 1.842262197212746162e-05 2.732921991554252496e-05
7.650000000000000133e-01 1.035380893551575587e+00 4.452804715748070498e-03 1.917047956643833984e-05 2.843453860859626684e-05
7.700000000000000178e-01 1.035948200291078702e+00 4.551426809435150760e-03 1.994364752525376881e-05 2.957704817016103445e-05
7.750000000000000222e-01 1.036519456624765523e+00 4.651698145164113486e-03 2.074281431706711805e-05 3.075775028941791258e-05
7.800000000000000266e-01 1.037094650311166655e+00 4.753638823956349464e-03 2.156868000829872159e-05 3.197766291007654550e-05
7.850000000000000311e-01 1.037673769167756666e+00 4.857269731127034779e-03 2.242197388216133746e-05 3.323784669654447410e-05
7.900000000000000355e-01 1.038256801069989743e+00 4.962611427200419589e-03 2.330342033541236456e-05 3.453935403470173116e-05
7.950000000000000400e-01 1.038843733950345127e+00 5.069685034499676543e-03 2.421377344816363615e-05 3.588328058148865474e-05
8.000000000000000444e-01 1.039434555797379867e+00 5.178512045023958218e-03 2.515379780700042673e-05 3.727073664816758926e-05
8.050000000000000488e-01 1.040029254654790458e+00 5.289113192507338863e-03 2.612426759072328087e-05 3.870284580620465267e-05
8.100000000000000533e-01 1.040627818620484257e+00 5.401510594933032518e-03 2.712598349681675093e-05 4.018077008855336222e-05
8.150000000000000577e-01 1.041230235845658436e+00 5.515725756543427699e-03 2.815976235830342433e-05 4.170569449556252767e-05
8.200000000000000622e-01 1.041836494533886492e+00 5.631780727598383746e-03 2.922641998284717280e-05 4.327880136448535075e-05
8.250000000000000666e-01 1.042446582940215416e+00 5.749697938639748186e-03 3.032680539933757874e-05 4.490132146152261223e-05
8.300000000000000711e-01 1.043060489370268407e+00 5.869499749095530641e-03 3.146178442904484128e-05 4.657450930252705722e-05
8.349999999999999645e-01 1.043678202179357140e+00 5.991208673073328446e-03 3.263223368044872511e-05 4.829963425083099983e-05
8.399999999999999689e-01 1.044299709771603135e+00 6.114847609529783061e-03 3.383904086020476546e-05 5.007798112694313914e-05
8.449999999999999734e-01 1.044925000599063569e+00 6.240439701537869865e-03 3.508312880306806755e-05 5.191088569048285794e-05
8.499999999999999778e-01 1.045554063160868408e+00 6.368008081775094163e-03 3.636542599899541243e-05 5.379969088421550344e-05
8.549999999999999822e-01 1.046186886002363758e+00 6.497576659734197527e-03 3.768687180563896953e-05 5.574575437565405529e-05
8.599999999999999867e-01 1.046823457714263217e+00 6.629169193966895357e-03 3.904843651355037254e-05 5.775047881226682070e-05
8.649999999999999911e-01 1.047463766931806317e+00 6.762808906982810397e-03 4.045111512229093476e-05 5.981530207873954092e-05
8.699999999999999956e-01 1.048107802333925420e+00 6.898520946022211088e-03 4.189589466536962510e-05 6.194164860697673014e-05
8.750000000000000000e-01 1.048755552642418598e+00 7.036328850534139326e-03 4.338380768074017498e-05 6.413100953707531217e-05
8.800000000000000044e-01 1.049407006621131844e+00 7.176257616798445774e-03 4.491589898994468075e-05 6.638489232554665759e-05
8.850000000000000089e-01 1.050062153075147497e+00 7.318332863287421025e-03 4.649321873536105173e-05 6.870481130709020598e-05
8.900000000000000133e-01 1.050720980849978670e+00 7.462578361315368343e-03 4.811685747560398791e-05 7.109233906926999225e-05
8.950000000000000178e-01 1.051383478830772988e+00 7.609020508815626978e-03 4.978791159491226394e-05 7.354905525362420953e-05
9.000000000000000222e-01 1.052049635941522787e+00 7.757684474174762757e-03 5.150749665278096052e-05 7.607656674870084804e-05
9.050000000000000266e-01 1.052719441144281065e+00 7.908596184610008212e-03 5.327676412178456697e-05 7.867653184309184131e-05
9.100000000000000311e-01 1.053392883438386107e+00 8.061780968948269871e-03 5.509687060108054151e-05 8.135061493740348699e-05
9.150000000000000355e-01 1.054069951859691656e+00 8.217266766359403868e-03 5.696900111797486302e-05 8.410052101167531547e-05
9.200000000000000400e-01 1.054750635479804632e+00 8.375078451939341195e-03 5.889436198337427383e-05 8.692798459918984794e-05
9.250000000000000444e-01 1.055434923405329073e+00 8.535243513627648743e-03 6.087417278194469681e-05 8.983475867593988232e-05
9.300000000000000488e-01 1.056122804777117841e+00 8.697789586584922170e-03 6.290969068291811593e-05 9.282264976989156491e-05
9.350000000000000533e-01 1.056814268769528553e+00 8.862742937761782999e-03 6.500217878094402719e-05 9.589347159815207527e-05
9.400000000000000577e-01 1.057509304589689725e+00 9.030131222051623885e-03 6.715293882703893377e-05 9.904909321872407406e-05
9.450000000000000622e-01 1.058207901476769797e+00 9.199982554482405081e-03 6.936326930770593015e-05 1.022913771065643053e-04
9.500000000000000666e-01 1.058910048701254603e+00 9.372325499899504531e-03 7.163452619628314590e-05 1.056222688038244948e-04
9.550000000000000711e-01 1.059615735564230832e+00 9.547186818570656611e-03 7.396807148371664490e-05 1.090437211830944369e-04
9.599999999999999645e-01 1.060324951396675930e+00 9.724596927491181361e-03 7.636528108721363629e-05 1.125577050995118990e-04
9.649999999999999689e-01 1.061037685558753330e+00 9.904583036904045582e-03 7.882756346132849474e-05 1.161662381976561647e-04
9.699999999999999734e-01 1.061753927439116119e+00 1.008717543211029057e-02 8.135636026581218960e-05 1.198713846243976979e-04
9.749999999999999778e-01 1.062473666454213594e+00 1.027240224638363737e-02 8.395312839430712267e-05 1.236752297615880487e-04
9.799999999999999822e-01 1.063196892047607145e+00 1.046029439182075658e-02 8.661935894111740756e-05 1.275799065211119532e-04
9.849999999999999867e-01 1.063923593689290348e+00 1.065088032174156193e-02 8.935654821529298868e-05 1.315875540523660377e-04
9.899999999999999911e-01 1.064653760875015509e+00 1.084419155154266873e-02 9.216621703580326795e-05 1.357003445584103595e-04
9.949999999999999956e-01 1.065387383125626419e+00 1.104025746833283902e-02 9.504997287117580851e-05 1.399205778002731240e-04
1.000000000000000000e+00 1.066124449986396217e+00 1.123910885282857451e-02 9.800934646845349877e-05 1.442504355939209419e-04
1.005000000000000115e+00 1.066864951026373021e+00 1.144079419523754380e-02 1.010462221850641105e-04 1.486926389019412455e-04
1.010000000000000009e+00 1.067608875837728233e+00 1.164532796627288855e-02 1.041619976299558399e-04 1.532491531533613268e-04
1.015000000000000124e+00 1.068356214035114826e+00 1.185274220142139463e-02 1.073583676772192077e-04 1.579223974895902708e-04
1.020000000000000018e+00 1.069106955255026969e+00 1.206306799832625697e-02 1.106370106931661788e-04 1.627147624427074404e-04
1.024999999999999911e+00 1.069861089155168976e+00 1.227633786638601156e-02 1.139996317215348417e-04 1.676286766348890843e-04
1.030000000000000027e+00 1.070618605413826918e+00 1.249258414842134568e-02 1.174480316048225097e-04 1.726667074604103529e-04
1.034999999999999920e+00 1.071379493729249344e+00 1.271183982316166118e-02 1.209839487661481280e-04 1.778313267606144012e-04
1.040000000000000036e+00 1.072143743819029771e+00 1.293413723867334851e-02 1.246092187307904777e-04 1.831251477189408316e-04
1.044999999999999929e+00 1.072911345419497398e+00 1.315950968577308741e-02 1.283256592587497661e-04 1.885507541113454200e-04
1.050000000000000044e+00 1.073682288285112474e+00 1.338799045879951639e-02 1.321351404480606195e-04 1.941108042767399576e-04
1.054999999999999938e+00 1.074456562187866782e+00 1.361961468600829915e-02 1.360395620339797029e-04 1.998079973146490030e-04
1.060000000000000053e+00 1.075234156916690775e+00 1.385441414995604997e-02 1.400408533736768120e-04 2.056450732838538528e-04
1.064999999999999947e+00 1.076015062276864054e+00 1.409242550931161242e-02 1.441409744304604328e-04 2.116248143915551612e-04
1.070000000000000062e+00 1.076799268089433603e+00 1.433368148064177380e-02 1.483419157616889953e-04 2.177500445609333198e-04
1.074999999999999956e+00 1.077586764190635593e+00 1.457821935410603259e-02 1.526456988878433494e-04 2.240236307784074861e-04
1.080000000000000071e+00 1.078377540431322945e+00 1.482607246031587139e-02 1.570543499382503648e-04 2.304484431423774616e-04
1.084999999999999964e+00 1.079171586676399119e+00 1.507727658510166907e-02 1.615700058854616463e-04 2.370275120767444306e-04
1.090000000000000080e+00 1.079968892804255898e+00 1.533186873434350291e-02 1.661947293818318570e-04 2.437637556176531952e-04
1.094999999999999973e+00 1.080769448706216718e+00 1.558988439592542789e-02 1.709307238261029420e-04 2.506602954035507848e-04
1.100000000000000089e+00 1.081573244285985780e+00 1.585136029005699415e-02 1.757801142108424445e-04 2.577201336706375122e-04
1.104999999999999982e+00 1.082380269459101152e+00 1.611633283041744025e-02 1.807451714177037399e-04 2.649464858404876398e-04
1.110000000000000098e+00 1.083190514152395201e+00 1.638483967528114177e-02 1.858280858456203498e-04 2.723424421315683518e-04
1.114999999999999991e+00 1.084003968303457022e+00 1.665691693568236223e-02 1.910311958688262388e-04 2.799113109802241943e-04
1.120000000000000107e+00 1.084820621860102863e+00 1.693260412055215200e-02 1.963568182536917881e-04 2.876563632258306641e-04
1.125000000000000000e+00 1.085640464779849657e+00 1.721193952363643184e-02 2.018072732179504350e-04 2.955808695618608703e-04
1.130000000000000115e+00 1.086463487029394992e+00 1.749496017366209202e-02 2.073849752553225362e-04 3.036882393006608673e-04
1.135000000000000009e+00 1.087289678584100638e+00 1.778170499901326682e-02 2.130923449572267496e-04 3.119818833603724465e-04
1.140000000000000124e+00 1.088119029427482509e+00 1.807221445169749502e-02 2.189318694342157114e-04 3.204653085567639903e-04
1.145000000000000018e+00 1.088951529550704622e+00 1.836652743551598146e-02 2.249060102828101711e-04 3.291419792863583020e-04
1.150000000000000133e+00 1.089787168952079055e+00 1.866468195471297428e-02 2.310172951017685973e-04 3.380154541734994226e-04
1.155000000000000027e+00 1.090625937636568565e+00 1.896671969767493859e-02 2.372683539525928271e-04 3.470894371481295679e-04
1.159999999999999920e+00 1.091467825615297427e+00 1.927267992126351082e-02 2.436617568811716666e-04 3.563675396678250883e-04
1.165000000000000036e+00 1.092312822905064262e+00 1.958260462129308641e-02 2.502001775340035672e-04 3.658535222450913786e-04
1.169999999999999929e+00 1.093160919527861763e+00 1.989653429964766823e-02 2.568862953256722354e-04 3.755511480755900481e-04
1.175000000000000044e+00 1.094012105510399513e+00 2.021451065304396069e-02 2.637228606052013946e-04 3.854642813187799245e-04
1.179999999999999938e+00 1.094866370883633921e+00 2.053657604231253625e-02 2.707125960234028797e-04 3.955967400819755328e-04
1.185000000000000053e+00 1.095723705682299487e+00 2.086277031450570890e-02 2.778583658980532519e-04 4.059525471234191126e-04
1.189999999999999947e+00 1.096584099944449830e+00 2.119313770488532103e-02 2.851629705187884813e-04 4.165356243144468693e-04
1.195000000000000062e+00 1.097447543710998508e+00 2.152772176203950408e-02 2.926293566006368569e-04 4.273501075961487396e-04
1.199999999999999956e+00 1.098314027025267592e+00 2.186656301154815685e-02 3.002604040097629290e-04 4.384000249874311006e-04
1.205000000000000071e+00 1.099183539932540254e+00 2.220970815417953187e-02 3.080591066303695860e-04 4.496895708096654005e-04
1.209999999999999964e+00 1.100056072479618674e+00 2.255719828182319725e-02 3.160284618685918652e-04 4.612229366747309521e-04
1.215000000000000080e+00 1.100931614714385054e+00 2.290907828528086082e-02 3.241715852900319320e-04 4.730044863893184833e-04
1.219999999999999973e+00 1.101810156685369746e+00 2.326539479858268783e-02 3.324915224836416097e-04 4.850384717180706651e-04
1.225000000000000089e+00 1.102691688441321372e+00 2.362619024859021269e-02 3.409914759548916168e-04 4.973293726430851394e-04
1.229999999999999982e+00 1.103576200030784493e+00 2.399151131822368360e-02 3.496746543166274774e-04 5.098816698845228586e-04
1.235000000000000098e+00 1.104463681501680172e+00 2.436140226814495838e-02 3.585441507152883141e-04 5.226996700865251715e-04
1.239999999999999991e+00 1.105354122900890967e+00 2.473591041207572408e-02 3.676034218146765958e-04 5.357882103364735400e-04
1.245000000000000107e+00 1.106247514273852595e+00 2.511508188326546168e-02 3.768556471148163181e-04 5.491517116712591427e-04
1.250000000000000000e+00 1.107143845664148030e+00 2.549896459705288179e-02 3.863042949214585855e-04 5.627950147937350791e-04
1.255000000000000115e+00 1.108043107113107384e+00 2.588760344939348285e-02 3.959527994473856032e-04 5.767229053505791179e-04
1.260000000000000009e+00 1.108945288659413109e+00 2.628104703904910258e-02 4.058045561744737782e-04 5.909401035209413617e-04
1.265000000000000124e+00 1.109850380338708309e+00 2.667934394764809661e-02 4.158631778411013688e-04 6.054516445311216308e-04
1.270000000000000018e+00 1.110758372183210829e+00 2.708254275031153277e-02 4.261320657072641387e-04 6.202622459775738182e-04
1.275000000000000133e+00 1.111669254221331116e+00 2.749069024197921263e-02 4.366150159762059875e-04 6.353772013935215547e-04
1.280000000000000027e+00 1.112583016477296738e+00 2.790383622600054597e-02 4.473156106414713029e-04 6.508014769817037056e-04
1.284999999999999920e+00 1.113499648970778022e+00 2.832203180393975603e-02 4.582374806856986124e-04 6.665401098045547427e-04
1.290000000000000036e+00 1.114419141716522343e+00 2.874532557413621639e-02 4.693844826071210861e-04 6.825984602838438891e-04
1.294999999999999929e+00 1.115341484723989307e+00 2.917376741803620610e-02 4.807604361740262029e-04 6.989818283469872431e-04
1.300000000000000044e+00 1.116266667996994588e+00 2.960740840501102297e-02 4.923692117978339250e-04 7.156955794479067821e-04
1.304999999999999938e+00 1.117194681533353773e+00 3.004629964507743098e-02 5.042146342798496791e-04 7.327450047843327933e-04
1.310000000000000053e+00 1.118125515324534858e+00 3.049049227150571126e-02 5.163007688186062446e-04 7.501357430641939156e-04
1.314999999999999947e+00 1.119059159355313193e+00 3.094004042443440974e-02 5.286316415088176393e-04 7.678733685423204391e-04
1.320000000000000062e+00 1.119995603603431533e+00 3.139499158256840033e-02 5.412112296620565088e-04 7.859633758539960212e-04
1.324999999999999956e+00 1.120934838039265857e+00 3.185540361913836993e-02 5.540436602887466875e-04 8.044114711279026341e-04
1.330000000000000071e+00 1.121876852625492305e+00 3.232132766481547737e-02 5.671332128683445259e-04 8.232235746717163436e-04
1.334999999999999964e+00 1.122821637316764765e+00 3.279281672630104949e-02 5.804841263041482730e-04 8.424055448921452484e-04
1.340000000000000080e+00 1.123769182059389804e+00 3.326992131893771742e-02 5.941005879416784907e-04 8.619631488798021367e-04
1.344999999999999973e+00 1.124719476791012696e+00 3.375270306370629914e-02 6.079870463092470643e-04 8.819025381762360524e-04
1.350000000000000089e+00 1.125672511440304557e+00 3.424121435108020556e-02 6.221479027932022609e-04 9.022297794578928130e-04
1.354999999999999982e+00 1.126628275926654377e+00 3.473550758511197850e-02 6.365875084097791020e-04 9.229508597204944117e-04
1.360000000000000098e+00 1.127586760159866808e+00 3.523563764382145469e-02 6.513104805679907801e-04 9.440721471645291624e-04
1.364999999999999991e+00 1.128547954039863965e+00 3.574166430250728943e-02 6.663213934009793197e-04 9.655999440664651216e-04
1.370000000000000107e+00 1.129511847456391438e+00 3.625364368270286158e-02 6.816248737366330983e-04 9.875406080116285335e-04
1.375000000000000000e+00 1.130478430288730518e+00 3.677163067558638504e-02 6.972256072801825142e-04 1.009900590384790308e-03
1.380000000000000115e+00 1.131447692405412875e+00 3.729568633154095592e-02 7.131283408499610420e-04 1.032686408737026754e-03
1.385000000000000009e+00 1.132419623663941444e+00 3.782586311260782708e-02 7.293378762983545585e-04 1.055904659869922680e-03
1.390000000000000124e+00 1.133394213910515980e+00 3.836222328224799666e-02 7.458591950365139325e-04 1.079562196758638085e-03
1.395000000000000018e+00 1.134371452979762385e+00 3.890482300416559652e-02 7.626972222956953122e-04 1.103665771596910698e-03
1.400000000000000133e+00 1.135351330694467364e+00 3.945372335586551371e-02 7.798568287072756488e-04 1.128222053288727936e-03
1.405000000000000027e+00 1.136333836865317526e+00 4.000898297487230637e-02 7.973431772096040322e-04 1.153238133412233741e-03
1.409999999999999920e+00 1.137318961290643582e+00 4.057066539454997484e-02 8.151613800914944219e-04 1.178721006355412703e-03
1.415000000000000036e+00 1.138306693756168331e+00 4.113882436460802178e-02 8.333167305030827901e-04 1.204677936158312463e-03
1.419999999999999929e+00 1.139297024034760630e+00 4.171352466212201182e-02 8.518143438996158157e-04 1.231115904544628943e-03
1.425000000000000044e+00 1.140289941886192482e+00 4.229482739377791317e-02 8.706595176783414646e-04 1.258042156960695974e-03
1.429999999999999938e+00 1.141285437056903218e+00 4.288279495356221022e-02 8.898578697634887446e-04 1.285464397420482208e-03
1.435000000000000053e+00 1.142283499279765024e+00 4.347748967425230093e-02 9.094145756882639773e-04 1.313389662086814720e-03
1.439999999999999947e+00 1.143284118273856675e+00 4.407897271926387861e-02 9.293353865148249121e-04 1.341825835818956196e-03
1.445000000000000062e+00 1.144287283744239936e+00 4.468731012343042652e-02 9.496258662714815793e-04 1.370780502624326536e-03
1.449999999999999956e+00 1.145292985381740625e+00 4.530256309300063206e-02 9.702915135084086169e-04 1.400261145519670833e-03
1.455000000000000071e+00 1.146301212862736563e+00 4.592479890388662805e-02 9.913382885043530313e-04 1.430275918330761427e-03
1.459999999999999964e+00 1.147311955848947074e+00 4.655407996189772635e-02 1.012771824848538631e-03 1.460832478115697873e-03
1.465000000000000080e+00 1.148325203987230259e+00 4.719046997130518090e-02 1.034598089135338505e-03 1.491938955801270540e-03
1.469999999999999973e+00 1.149340946909383598e+00 4.783403742215640297e-02 1.056822850939177641e-03 1.523603183071782453e-03
1.475000000000000089e+00 1.150359174231948334e+00 4.848484726139011547e-02 1.079452494991293889e-03 1.555833888306314529e-03
1.479999999999999982e+00 1.151379875556021837e+00 4.914296803628244448e-02 1.102492649012984252e-03 1.588638677476403391e-03
1.485000000000000098e+00 1.152403040467071982e+00 4.980846344830555661e-02 1.125949852024687569e-03 1.622026464113465044e-03
1.489999999999999991e+00 1.153428658534756623e+00 5.048140457359619887e-02 1.149830147660831385e-03 1.656005440004972669e-03
1.495000000000000107e+00 1.154456719312749513e+00 5.116185879993696839e-02 1.174139942522928670e-03 1.690584312973140426e-03
1.500000000000000000e+00 1.155487212338569769e+00 5.184989098003180835e-02 1.198885570694095074e-03 1.725771657635799842e-03
1.505000000000000115e+00 1.156520127133416675e+00 5.254557726951773061e-02 1.224073438264250413e-03 1.761576169218209481e-03
1.510000000000000009e+00 1.157555453202008700e+00 5.324898002799637042e-02 1.249710176638767862e-03 1.798006826970824064e-03
1.515000000000000124e+00 1.158593180032429393e+00 5.396017654695699217e-02 1.275802495222861342e-03 1.835072731373206881e-03
1.520000000000000018e+00 1.159633297095975069e+00 5.467923185417035425e-02 1.302356878002968680e-03 1.872782626656866508e-03
1.525000000000000133e+00 1.160675793847010029e+00 5.540621948808256703e-02 1.329380339943398315e-03 1.911146042252411274e-03
1.530000000000000027e+00 1.161720659722826676e+00 5.614121304779462474e-02 1.356879361495056616e-03 1.950171683790324169e-03
1.535000000000000142e+00 1.162767884143507846e+00 5.688428247250992831e-02 1.384861273772568452e-03 1.989869510374991414e-03
1.540000000000000036e+00 1.163817456511797577e+00 5.763550012723760163e-02 1.413332868283668923e-03 2.030248656397554488e-03
1.544999999999999929e+00 1.164869366212974766e+00 5.839494086513880716e-02 1.442301325791908425e-03 2.071318825407724318e-03
1.550000000000000044e+00 1.165923602614732379e+00 5.916267707945149085e-02 1.471773586024327594e-03 2.113089354786836481e-03
1.554999999999999938e+00 1.166980155067061542e+00 5.993878367654166539e-02 1.501757324724620722e-03 2.155570624566282689e-03
1.560000000000000053e+00 1.168039012902141183e+00 6.072333796156270669e-02 1.532259977636912405e-03 2.198772669214939419e-03
1.564999999999999947e+00 1.169100165434231231e+00 6.151641238333085959e-02 1.563288398230693347e-03 2.242704657435334783e-03
1.570000000000000062e+00 1.170163601959574473e+00 6.231808187228205648e-02 1.594850514657490973e-03 2.287377284798649234e-03
1.574999999999999956e+00 1.171229311756297298e+00 6.312843113808076778e-02 1.626953675309932967e-03 2.332800422844783384e-03
1.580000000000000071e+00 1.172297284084322211e+00 6.394752772710933508e-02 1.659605994514192764e-03 2.378985018001681436e-03
1.584999999999999964e+00 1.173367508185281460e+00 6.477545394223821473e-02 1.692814639528324779e-03 2.425940621456725618e-03
1.590000000000000080e+00 1.174439973282435989e+00 6.561228722920613154e-02 1.726587898439988118e-03 2.473678410305025620e-03
1.594999999999999973e+00 1.175514668580601496e+00 6.645810493678912245e-02 1.760933809667440198e-03 2.522209188335529546e-03
1.600000000000000089e+00 1.176591583266077601e+00 6.731298699059372337e-02 1.795860140238529808e-03 2.571543329289477549e-03
1.604999999999999982e+00 1.177670706506583453e+00 6.817701817550086973e-02 1.831375466320547384e-03 2.621692384000207619e-03
1.610000000000000098e+00 1.178752027451198003e+00 6.905027102915956005e-02 1.867487366138976266e-03 2.672666408986293807e-03
1.614999999999999991e+00 1.179835535230304933e+00 6.993283282119745758e-02 1.904204592955231843e-03 2.724477187402493152e-03
1.620000000000000107e+00 1.180921218955544472e+00 7.082478103751264908e-02 1.941535642341179037e-03 2.777136085704567069e-03
1.625000000000000000e+00 1.182009067719768769e+00 7.172620543048061070e-02 1.979488716297813332e-03 2.830654038127819634e-03
1.630000000000000115e+00 1.183099070597002811e+00 7.263718347643874362e-02 2.018072488177322012e-03 2.885042644286232427e-03
1.635000000000000009e+00 1.184191216642411337e+00 7.355779262445411026e-02 2.057295722349888889e-03 2.940313600695293374e-03
1.640000000000000124e+00 1.185285494892271307e+00 7.448812768390013217e-02 2.097167283666130991e-03 2.996478768332915422e-03
1.645000000000000018e+00 1.186381894363947032e+00 7.542826609328387444e-02 2.137696135448436448e-03 3.053550089583988592e-03
1.650000000000000133e+00 1.187480404055874628e+00 7.637829527965868393e-02 2.178891339432408036e-03 3.111539660820467328e-03
1.655000000000000027e+00 1.188581012947548476e+00 7.733830251745786588e-02 2.220761245566597354e-03 3.170458514954583879e-03
1.660000000000000142e+00 1.189683709999514560e+00 7.830837038907761949e-02 2.263316312836519302e-03 3.230320745145833991e-03
1.665000000000000036e+00 1.190788484153369131e+00 7.928859354417654159e-02 2.306564687402507408e-03 3.291137023015850045e-03
1.669999999999999929e+00 1.191895324331762041e+00 8.027905456170901510e-02 2.350516215227244424e-03 3.352920532652301725e-03
1.675000000000000044e+00 1.193004219438406732e+00 8.127984081881306500e-02 2.395180456108749519e-03 3.415683936430730355e-03
1.679999999999999938e+00 1.194115158358093565e+00 8.229104218120739112e-02 2.440567067680951378e-03 3.479440133884158411e-03
1.685000000000000053e+00 1.195228129956711127e+00 8.331274610644387457e-02 2.486685379904249316e-03 3.544201407623204583e-03
1.689999999999999947e+00 1.196343123081270665e+00 8.434504496740523327e-02 2.533545681020639515e-03 3.609981501821881746e-03
1.695000000000000062e+00 1.197460126559938276e+00 8.538803116945868632e-02 2.581157507089661216e-03 3.676792998940094179e-03
1.699999999999999956e+00 1.198579129202069993e+00 8.644179944782016956e-02 2.629531367078545567e-03 3.744649884400870748e-03
1.705000000000000071e+00 1.199700119798254416e+00 8.750643247486120102e-02 2.678676557015302433e-03 3.813564347598844429e-03
1.709999999999999964e+00 1.200823087120360011e+00 8.858202510191738599e-02 2.728604237555973082e-03 3.883551321719873675e-03
1.715000000000000080e+00 1.201948019921588173e+00 8.966867213639911904e-02 2.779324363661289567e-03 3.954623877071160483e-03
1.719999999999999973e+00 1.203074906936531852e+00 9.076647349310826285e-02 2.830847436199786845e-03 4.026795940382034943e-03
1.725000000000000089e+00 1.204203736881238829e+00 9.187551662257632812e-02 2.883183605306559316e-03 4.100080821371957299e-03
1.729999999999999982e+00 1.205334498453282777e+00 9.299589896788292009e-02 2.936344505102527098e-03 4.174494034768062509e-03
1.735000000000000098e+00 1.206467180331836975e+00 9.412771787150252256e-02 2.990340046544810292e-03 4.250048539249412678e-03
1.739999999999999991e+00 1.207601771177756689e+00 9.527106824580279520e-02 3.045181639675368767e-03 4.326759456605426546e-03
1.745000000000000107e+00 1.208738259633664436e+00 9.642604502626277163e-02 3.100879863567929367e-03 4.404640629539789687e-03
1.750000000000000000e+00 1.209876634324042799e+00 9.759275556150108499e-02 3.157446364724801960e-03 4.483707522601325900e-03
1.755000000000000115e+00 1.211016883855332349e+00 9.877128742282140217e-02 3.214891952458930838e-03 4.563974245607577834e-03
1.760000000000000009e+00 1.212158996816034451e+00 9.996174297018045607e-02 3.273228500633414053e-03 4.645456521310607594e-03
1.765000000000000124e+00 1.213302961776821398e+00 1.011642220714062124e-01 3.332467042685781106e-03 4.728168782883450383e-03
1.770000000000000018e+00 1.214448767290650766e+00 1.023788345142748468e-01 3.392619710240084557e-03 4.812127060961291815e-03
1.775000000000000133e+00 1.215596401892885980e+00 1.036056655088719025e-01 3.453697254640167389e-03 4.897345303919237863e-03
1.780000000000000027e+00 1.216745854101423552e+00 1.048448346461538089e-01 3.515713053556709152e-03 4.983841283496701080e-03
1.785000000000000142e+00 1.217897112416823635e+00 1.060964271808691878e-01 3.578677587671341004e-03 5.071628550478925364e-03
1.790000000000000036e+00 1.219050165322449919e+00 1.073605626954332593e-01 3.642603984821041023e-03 5.160724437473878518e-03
1.794999999999999929e+00 1.220205001284612623e+00 1.086373363324222574e-01 3.707503967282325865e-03 5.251144250745601490e-03
1.800000000000000044e+00 1.221361608752716377e+00 1.099268530163198115e-01 3.773390416545157906e-03 5.342904887343897895e-03
1.804999999999999938e+00 1.222519976159418986e+00 1.112292176054521659e-01 3.840274764345580176e-03 5.436021203483692651e-03
1.810000000000000053e+00 1.223680091920789526e+00 1.125445449703731671e-01 3.908170679284330915e-03 5.530511190665983977e-03
1.814999999999999947e+00 1.224841944436477315e+00 1.138729351157133918e-01 3.977090892454689976e-03 5.626391488413816019e-03
1.820000000000000062e+00 1.226005522089884225e+00 1.152144929548964275e-01 4.047047191225862199e-03 5.723677317678389602e-03
1.824999999999999956e+00 1.227170813248343206e+00 1.165693382759717955e-01 4.118053647136460729e-03 5.822387220416426479e-03
1.830000000000000071e+00 1.228337806263303689e+00 1.179375662767160743e-01 4.190123384216556598e-03 5.922538302378196895e-03
1.834999999999999964e+00 1.229506489470522324e+00 1.193192966204891098e-01 4.263268547482121883e-03 6.024146221035529478e-03
1.840000000000000080e+00 1.230676851190258825e+00 1.207146344460653109e-01 4.337504177265534555e-03 6.127230836356114575e-03
1.844999999999999973e+00 1.231848879727479362e+00 1.221236995015203136e-01 4.412842109293654141e-03 6.231807271263481093e-03
1.850000000000000089e+00 1.233022563372064173e+00 1.235465967836098383e-01 4.489297676726465396e-03 6.337895726021443125e-03
1.854999999999999982e+00 1.234197890399023168e+00 1.249834411987045396e-01 4.566883532692888811e-03 6.445512482575068910e-03
1.860000000000000098e+00 1.235374849068715752e+00 1.264343477438413244e-01 4.645613572960698677e-03 6.554675588702061316e-03
1.864999999999999991e+00 1.236553427627077095e+00 1.278994313105497882e-01 4.725502429195668937e-03 6.665404140530470714e-03
1.870000000000000107e+00 1.237733614305851271e+00 1.293787969237505109e-01 4.806564288571475024e-03 6.777716523623742058e-03
1.875000000000000000e+00 1.238915397322829737e+00 1.308725792603646909e-01 4.888813479936251864e-03 6.891631327810639369e-03
1.880000000000000115e+00 1.240098764882095139e+00 1.323808835096625669e-01 4.972264464912046905e-03 7.007167275873617263e-03
1.885000000000000009e+00 1.241283705174272667e+00 1.339038294991546363e-01 5.056931854886042785e-03 7.124343278170530008e-03
1.890000000000000124e+00 1.242470206376787178e+00 1.354415370625413895e-01 5.142830384557808485e-03 7.243178414614213911e-03
1.895000000000000018e+00 1.243658256654124994e+00 1.369941262972379226e-01 5.229975563334599009e-03 7.363692833432185052e-03
1.900000000000000133e+00 1.244847844158103012e+00 1.385617072257973592e-01 5.318380562988399979e-03 7.485903257400827564e-03
1.905000000000000027e+00 1.246038957028144711e+00 1.401444194059052739e-01 5.408063034495100632e-03 7.609832842107352134e-03
1.910000000000000142e+00 1.247231583391559262e+00 1.417423682369556848e-01 5.499037684377705570e-03 7.735500529263381574e-03
1.915000000000000036e+00 1.248425711363831514e+00 1.433556783989073380e-01 5.591319352248093517e-03 7.862925267891684306e-03
1.919999999999999929e+00 1.249621329048912655e+00 1.449844846537035048e-01 5.684924284789751731e-03 7.992128226144080277e-03
1.925000000000000044e+00 1.250818424539521745e+00 1.466288973739660884e-01 5.779867604548960536e-03 8.123128637957648807e-03
1.929999999999999938e+00 1.252016985917450365e+00 1.482890511495657815e-01 5.876165852493678114e-03 8.255947989342340282e-03
1.935000000000000053e+00 1.253217001253874363e+00 1.499650660658895240e-01 5.973835765921350904e-03 8.390607850303070589e-03
1.939999999999999947e+00 1.254418458609672937e+00 1.516570719418683655e-01 6.072892894795634162e-03 8.527128074138343172e-03
1.945000000000000062e+00 1.255621346035752151e+00 1.533651989205515875e-01 6.173352943176387692e-03 8.665528845397089605e-03
1.949999999999999956e+00 1.256825651573374891e+00 1.550895667844416348e-01 6.275234431206275741e-03 8.805834125632124726e-03
1.955000000000000071e+00 1.258031363254499713e+00 1.568303154972932323e-01 6.378552021848343453e-03 8.948062517011969377e-03
1.959999999999999964e+00 1.259238469102119673e+00 1.585875700386567000e-01 6.483324574892506374e-03 9.092238395476424928e-03
1.965000000000000080e+00 1.260446957130616275e+00 1.603614602760639052e-01 6.589568419064266436e-03 9.238382702390532733e-03
1.969999999999999973e+00 1.261656815346111182e+00 1.621521163109560792e-01 6.697301396131986710e-03 9.386518264858078123e-03
1.975000000000000089e+00 1.262868031746829489e+00 1.639596680038611365e-01 6.806540120802865787e-03 9.536666285950673796e-03
1.979999999999999982e+00 1.264080594323466533e+00 1.657842651715089877e-01 6.917301364123814265e-03 9.688848036964327337e-03
1.985000000000000098e+00 1.265294491059563597e+00 1.676260279281610865e-01 7.029604868133385552e-03 9.843089173394423130e-03
1.989999999999999991e+00 1.266509709931886274e+00 1.694850960534113049e-01 7.143466292741136245e-03 9.999409204516942345e-03
1.995000000000000107e+00 1.267726238910813485e+00 1.713616047439983636e-01 7.258907194513006603e-03 1.015783639719636602e-02
2.000000000000000000e+00 1.268944065960727619e+00 1.732556837506518121e-01 7.375942099038961842e-03 1.031838847286340767e-02
2.004999999999999893e+00 1.270163179040415979e+00 1.751674880393771505e-01 7.494591469476856796e-03 1.048109203466129208e-02
2.010000000000000231e+00 1.271383566103475360e+00 1.770971475746797030e-01 7.614873036852248117e-03 1.064596942706270977e-02
2.015000000000000124e+00 1.272605215098723486e+00 1.790448071188373569e-01 7.736806166095859007e-03 1.081304544060370312e-02
2.020000000000000018e+00 1.273828113970618237e+00 1.810105871460001292e-01 7.860410420840365994e-03 1.098234504806216115e-02
2.024999999999999911e+00 1.275052250659680864e+00 1.829946570211969659e-01 7.985702503763732890e-03 1.115388911314717062e-02
2.030000000000000249e+00 1.276277613102927866e+00 1.849971469284136250e-01 8.112705357935953016e-03 1.132770747118996488e-02
2.035000000000000142e+00 1.277504189234306420e+00 1.870181968903041059e-01 8.241434480616332062e-03 1.150381894557796734e-02
2.040000000000000036e+00 1.278731966985139357e+00 1.890579568129913957e-01 8.371913226574517752e-03 1.168225395465264348e-02
2.044999999999999929e+00 1.279960934284574359e+00 1.911165764398507771e-01 8.504158926915845670e-03 1.186303408335646903e-02
2.049999999999999822e+00 1.281191079060038929e+00 1.931941861131939719e-01 8.638192219194667024e-03 1.204618545255872579e-02
2.055000000000000160e+00 1.282422389237703575e+00 1.952909651106806976e-01 8.774033912964438950e-03 1.223173458057554702e-02
2.060000000000000053e+00 1.283654852742951435e+00 1.974070241538857795e-01 8.911705035262285080e-03 1.241970819897704470e-02
2.064999999999999947e+00 1.284888457500850345e+00 1.995425328903210893e-01 9.051223556409238730e-03 1.261012863998043493e-02
2.069999999999999840e+00 1.286123191436637780e+00 2.016976410758342664e-01 9.192612465969828006e-03 1.280302529119638905e-02
2.075000000000000178e+00 1.287359042476205584e+00 2.038724988404742589e-01 9.335891702957184457e-03 1.299842316382239168e-02
2.080000000000000071e+00 1.288595998546594679e+00 2.060672560642918261e-01 9.481084697309547643e-03 1.319635225716428092e-02
2.084999999999999964e+00 1.289834047576496001e+00 2.082820727529622884e-01 9.628208421366940550e-03 1.339683311914539876e-02
2.089999999999999858e+00 1.291073177496757207e+00 2.105170887958393855e-01 9.777288354487255820e-03 1.359989869452172401e-02
2.095000000000000195e+00 1.292313376240894485e+00 2.127724742065912611e-01 9.928345176605979719e-03 1.380557485523843490e-02
2.100000000000000089e+00 1.293554631745612582e+00 2.150483790065067791e-01 1.008139974319689075e-02 1.401388753639368906e-02
2.104999999999999982e+00 1.294796931951329721e+00 2.173449726987459474e-01 1.023647476646703455e-02 1.422486544002121711e-02
2.109999999999999876e+00 1.296040264802710951e+00 2.196623858389051553e-01 1.039359320953235806e-02 1.443853767997446864e-02
2.115000000000000213e+00 1.297284618249205046e+00 2.220008079726812911e-01 1.055277646311071627e-02 1.465493079038938072e-02
2.120000000000000107e+00 1.298529980245588522e+00 2.243603792309203093e-01 1.071404963815576240e-02 1.487407678446644663e-02
2.125000000000000000e+00 1.299776338752518745e+00 2.267412793736922338e-01 1.087743098128408914e-02 1.509599772845053242e-02
2.129999999999999893e+00 1.301023681737088600e+00 2.291436585123724778e-01 1.104294956337941933e-02 1.532073106262846901e-02
2.135000000000000231e+00 1.302271997173391371e+00 2.315676864731990858e-01 1.121062401502620660e-02 1.554829940315191270e-02
2.140000000000000124e+00 1.303521273043090511e+00 2.340135134291433938e-01 1.138047845567302131e-02 1.577873285161767586e-02
2.145000000000000018e+00 1.304771497335994956e+00 2.364813288935073976e-01 1.155253906689622523e-02 1.601206485855613884e-02
2.149999999999999911e+00 1.306022658050641327e+00 2.389712831168755436e-01 1.172682863378872974e-02 1.624832350721017518e-02
2.155000000000000249e+00 1.307274743194883682e+00 2.414835363857125716e-01 1.190337197337611001e-02 1.648753991849893213e-02
2.160000000000000142e+00 1.308527740786487481e+00 2.440182879729382859e-01 1.208219034461464197e-02 1.672974020014051863e-02
2.165000000000000036e+00 1.309781638853730668e+00 2.465756880186107669e-01 1.226331273438917464e-02 1.697496118838225446e-02
2.169999999999999929e+00 1.311036425436011399e+00 2.491559066045676563e-01 1.244676079012524243e-02 1.722322934265566041e-02
2.175000000000000266e+00 1.312292088584462002e+00 2.517591234622071350e-01 1.263256209587476642e-02 1.747457954181020484e-02
2.180000000000000160e+00 1.313548616362568033e+00 2.543855088127334185e-01 1.282073871204049767e-02 1.772903856134660713e-02
2.185000000000000053e+00 1.314805996846795111e+00 2.570352425447487987e-01 1.301131862882437713e-02 1.798664180691009543e-02
2.189999999999999947e+00 1.316064218127219965e+00 2.597084844277590676e-01 1.320432622484354022e-02 1.824741917803856736e-02
2.194999999999999840e+00 1.317323268308171258e+00 2.624054245787215689e-01 1.339978806036529364e-02 1.851140392827813411e-02
2.200000000000000178e+00 1.318583135508872406e+00 2.651262526755409077e-01 1.359773089053298301e-02 1.877862941100401015e-02
2.205000000000000071e+00 1.319843807864092611e+00 2.678711288112222144e-01 1.379817973928038413e-02 1.904912627057562050e-02
2.209999999999999964e+00 1.321105273524805224e+00 2.706402428433259399e-01 1.400116181619253178e-02 1.932292830414501783e-02
2.214999999999999858e+00 1.322367520658849438e+00 2.734337649149721772e-01 1.420670254526507949e-02 1.960006706501925267e-02
2.220000000000000195e+00 1.323630537451601530e+00 2.762519047663503091e-01 1.441483161979708466e-02 1.988057959968034596e-02
2.225000000000000089e+00 1.324894312106648098e+00 2.790948221810478080e-01 1.462557494596173312e-02 2.016449766096162222e-02
2.229999999999999982e+00 1.326158832846469293e+00 2.819627076777067032e-01 1.483896067158863366e-02 2.045185612980567752e-02
2.234999999999999876e+00 1.327424087913126938e+00 2.848557406022836913e-01 1.505501507414005319e-02 2.074268732553620140e-02
2.240000000000000213e+00 1.328690065568957523e+00 2.877741309314881257e-01 1.527376679076402483e-02 2.103702653127001443e-02
2.245000000000000107e+00 1.329956754097271210e+00 2.907180490297237574e-01 1.549524465228333328e-02 2.133490959870215295e-02
2.250000000000000000e+00 1.331224141803060590e+00 2.936876942768359977e-01 1.571947565222496512e-02 2.163636950215391819e-02
2.254999999999999893e+00 1.332492217013710345e+00 2.966832567815494426e-01 1.594649124526610964e-02 2.194144553207326431e-02
2.260000000000000231e+00 1.333760968079716003e+00 2.997049169381381661e-01 1.617631672485555366e-02 2.225016787882670710e-02
2.265000000000000124e+00 1.335030383375409135e+00 3.027528937922031038e-01 1.640898405362968895e-02 2.256257661879682366e-02
2.270000000000000018e+00 1.336300451299685221e+00 3.058273578591672592e-01 1.664452331794872425e-02 2.287870887181682467e-02
2.274999999999999911e+00 1.337571160276742388e+00 3.089285190592729879e-01 1.688296046568126332e-02 2.319859556514869067e-02
2.280000000000000249e+00 1.338842498756821042e+00 3.120565671850780709e-01 1.712432821440838804e-02 2.352227742434650007e-02
2.285000000000000142e+00 1.340114455216953049e+00 3.152117120819281637e-01 1.736865742441508903e-02 2.384979247180175552e-02
2.290000000000000036e+00 1.341387018161716460e+00 3.183941435796285857e-01 1.761597693241964344e-02 2.418117596834404998e-02
2.294999999999999929e+00 1.342660176123993576e+00 3.216040718335268500e-01 1.786631574576395820e-02 2.451646267133648222e-02
2.300000000000000266e+00 1.343933917665737443e+00 3.248417064912300645e-01 1.811971003739890410e-02 2.485569823547041993e-02
2.305000000000000160e+00 1.345208231378743458e+00 3.281072179355320473e-01 1.837618474091328932e-02 2.519891141345331417e-02
2.310000000000000053e+00 1.346483105885426967e+00 3.314008653949518934e-01 1.863577423514678824e-02 2.554614534003693538e-02
2.314999999999999947e+00 1.347758529839606201e+00 3.347227993601831209e-01 1.889851320059585463e-02 2.589744282024413619e-02
2.319999999999999840e+00 1.349034491927291413e+00 3.380732595609988178e-01 1.916442726430401394e-02 2.625283341664420844e-02
2.325000000000000178e+00 1.350310980867478472e+00 3.414524556646112430e-01 1.943355398091850539e-02 2.661236433079788161e-02
2.330000000000000071e+00 1.351587985412951776e+00 3.448605880070468310e-01 1.970592411444789180e-02 2.697607274479223854e-02
2.334999999999999964e+00 1.352865494351088493e+00 3.482978958258555746e-01 1.998156870264024623e-02 2.734399572079864241e-02
2.339999999999999858e+00 1.354143496504671029e+00 3.517645398965832393e-01 2.026052378949541599e-02 2.771617806180265084e-02
2.345000000000000195e+00 1.355421980732705700e+00 3.552607989291763357e-01 2.054282094370699432e-02 2.809265765347715091e-02
2.350000000000000089e+00 1.356700935931243857e+00 3.587868341376436176e-01 2.082849435640236890e-02 2.847347602117178758e-02
2.354999999999999982e+00 1.357980351034212774e+00 3.623428945826947523e-01 2.111757852164886096e-02 2.885867528221605638e-02
2.359999999999999876e+00 1.359260215014249207e+00 3.659292099700232614e-01 2.141010075607784405e-02 2.924828722770108150e-02
2.365000000000000213e+00 1.360540516883539608e+00 3.695459709133871451e-01 2.170610605985301075e-02 2.964236812005995730e-02
2.370000000000000107e+00 1.361821245694665894e+00 3.731934068753257616e-01 2.200562474624746453e-02 3.004095431189428636e-02
2.375000000000000000e+00 1.363102390541456321e+00 3.768717577558216569e-01 2.230869247490147034e-02 3.044408855229361124e-02
2.379999999999999893e+00 1.364383940559842134e+00 3.805812235493007400e-01 2.261533997374614094e-02 3.085180762099541327e-02
2.385000000000000231e+00 1.365665884928720875e+00 3.843220638519929122e-01 2.292560339324748245e-02 3.126415454377633879e-02
2.390000000000000124e+00 1.366948212870820356e+00 3.880944790332293559e-01 2.323952950079795701e-02 3.168118884632818016e-02
2.395000000000000018e+00 1.368230913653576408e+00 3.918987083256126880e-01 2.355713949782222566e-02 3.210293249406802329e-02
2.399999999999999911e+00 1.369513976590007287e+00 3.957349920092340101e-01 2.387848082896336377e-02 3.252944506033377675e-02
2.405000000000000249e+00 1.370797391039600077e+00 3.996035300508925525e-01 2.420358026673739837e-02 3.296075654220697454e-02
2.410000000000000142e+00 1.372081146409197538e+00 4.035046016249906331e-01 2.453248604415252457e-02 3.339692746838290871e-02
2.415000000000000036e+00 1.373365232153893167e+00 4.074384075862382271e-01 2.486522537564153645e-02 3.383798850521984453e-02
2.419999999999999929e+00 1.374649637777930256e+00 4.114052067238434529e-01 2.520184179306429045e-02 3.428399328291684145e-02
2.425000000000000266e+00 1.375934352835608943e+00 4.154052395303312606e-01 2.554236840287549618e-02 3.473498020223653865e-02
2.430000000000000160e+00 1.377219366932191491e+00 4.194387260430464393e-01 2.588684943228287613e-02 3.519100369830970715e-02
2.435000000000000053e+00 1.378504669724822440e+00 4.235059057039831099e-01 2.623532400609368195e-02 3.565211104677500770e-02
2.439999999999999947e+00 1.379790250923445205e+00 4.276070582369101980e-01 2.658782047549721611e-02 3.611833357727620153e-02
2.444999999999999840e+00 1.381076100291728892e+00 4.317423836615494337e-01 2.694438963613587576e-02 3.658973478119601636e-02
2.450000000000000178e+00 1.382362207647998886e+00 4.359121621471828134e-01 2.730506032120081500e-02 3.706634676306022613e-02
2.455000000000000071e+00 1.383648562866170106e+00 4.401166129850216380e-01 2.766988406317469340e-02 3.754823354862544399e-02
2.459999999999999964e+00 1.384935155876690471e+00 4.443560161294289879e-01 2.803889021197925047e-02 3.803542831288879433e-02
2.464999999999999858e+00 1.386221976667483702e+00 4.486306113161128151e-01 2.841212535728420904e-02 3.852798732473968618e-02
2.470000000000000195e+00 1.387509015284901448e+00 4.529406390983394814e-01 2.878962503071687967e-02 3.902595209587900876e-02
2.475000000000000089e+00 1.388796261834676082e+00 4.572863581244048792e-01 2.917143653214729002e-02 3.952938048639929175e-02
2.479999999999999982e+00 1.390083706482882597e+00 4.616680489242480645e-01 2.955759597434109640e-02 4.003831409033924149e-02
2.484999999999999876e+00 1.391371339456903167e+00 4.660859313150089722e-01 2.994815140760354044e-02 4.055281162528732997e-02
2.490000000000000213e+00 1.392659151046396371e+00 4.705403050250898667e-01 3.034313356997477354e-02 4.107290680154431634e-02
2.495000000000000107e+00 1.393947131604270639e+00 4.750313895280390275e-01 3.074259718136354222e-02 4.159866766151801981e-02
2.500000000000000000e+00 1.395235271547664579e+00 4.795594847232896307e-01 3.114657343986620974e-02 4.213012833128308710e-02
2.504999999999999893e+00 1.396523561358930632e+00 4.841248309600204580e-01 3.155511180386237624e-02 4.266734938563600255e-02
2.510000000000000231e+00 1.397811991586621838e+00 4.887277268314034750e-01 3.196825616320386060e-02 4.321038226649653868e-02
2.515000000000000124e+00 1.399100552846486600e+00 4.933683740391965333e-01 3.238605069045388113e-02 4.375927982411684930e-02
2.520000000000000018e+00 1.400389235822465217e+00 4.980471102254342974e-01 3.280853374853100191e-02 4.431408622811227466e-02
2.524999999999999911e+00 1.401678031267691527e+00 5.027641963331692665e-01 3.323575010408475611e-02 4.487485378619054249e-02
2.530000000000000249e+00 1.402966930005501656e+00 5.075198718601814374e-01 3.366775114007988096e-02 4.544164558379235053e-02
2.535000000000000142e+00 1.404255922930439437e+00 5.123144367544634203e-01 3.410457613752849310e-02 4.601450586646223251e-02
2.540000000000000036e+00 1.405545001009279815e+00 5.171489863051014213e-01 3.454627199752746680e-02 4.659349070761340667e-02
2.544999999999999929e+00 1.406834155282040921e+00 5.220221978605010804e-01 3.499288278835648719e-02 4.717865112991218718e-02
2.550000000000000266e+00 1.408123376863012810e+00 5.269350984401917071e-01 3.544445603915838405e-02 4.777004450102648875e-02
2.555000000000000160e+00 1.409412656941783526e+00 5.318880074878342690e-01 3.590103867387793579e-02 4.836772481877209956e-02
2.560000000000000053e+00 1.410701986784272943e+00 5.368812044955304508e-01 3.636267793498647316e-02 4.897174829060794987e-02
2.564999999999999947e+00 1.411991357733769048e+00 5.419150094661808748e-01 3.682941488738002839e-02 4.958216097813229750e-02
2.569999999999999840e+00 1.413280761211968217e+00 5.469896226253189164e-01 3.730130392304710496e-02 5.019902957256430071e-02
2.575000000000000178e+00 1.414570188720020605e+00 5.521054227352789612e-01 3.777839341992459549e-02 5.082241026932258349e-02
2.580000000000000071e+00 1.415859631839580635e+00 5.572626698539222545e-01 3.826071873316233551e-02 5.145234070119201336e-02
2.584999999999999964e+00 1.417149082233858159e+00 5.624616438617207059e-01 3.874834882422929783e-02 5.208890783231786420e-02
2.589999999999999858e+00 1.418438531648677170e+00 5.677026446267370297e-01 3.924131300124274191e-02 5.273213982894488228e-02
2.595000000000000195e+00 1.419727971913536280e+00 5.729859718842496008e-01 3.973966761603504178e-02 5.338210492385677547e-02
2.600000000000000089e+00 1.421017394942674095e+00 5.783119448486202518e-01 4.024346960063784201e-02 5.403887142237581015e-02
2.604999999999999982e+00 1.422306792736138581e+00 5.836808429756321637e-01 4.075276264790978625e-02 5.470248808078618380e-02
2.609999999999999876e+00 1.423596157380858207e+00 5.890929671636717657e-01 4.126759065228627343e-02 5.537300446775648283e-02
2.615000000000000213e+00 1.424885481051721747e+00 5.945486360743195142e-01 4.178801164552526509e-02 5.605049068259120026e-02
2.620000000000000107e+00 1.426174756012655642e+00 6.000481495126454012e-01 4.231408428542410283e-02 5.673501562213849325e-02
2.625000000000000000e+00 1.427463974617710019e+00 6.055918074038664223e-01 4.284583942459545963e-02 5.742661132496722914e-02
2.629999999999999893e+00 1.428753129312145598e+00 6.111799096895398353e-01 4.338335055023841841e-02 5.812536736135182763e-02
2.635000000000000231e+00 1.430042212633526821e+00 6.168128153257350643e-01 4.392665622134524911e-02 5.883132575368683198e-02
2.640000000000000124e+00 1.431331217212814755e+00 6.224908045014519997e-01 4.447580944010674775e-02 5.954454744957338175e-02
2.645000000000000018e+00 1.432620135775467096e+00 6.282142161387332946e-01 4.503087089592092140e-02 6.026510490310770657e-02
2.649999999999999911e+00 1.433908961142540850e+00 6.339833703433294110e-01 4.559188724580904434e-02 6.099304976575781190e-02
2.655000000000000249e+00 1.435197686231796554e+00 6.397985866634522401e-01 4.615891999702951415e-02 6.172845600512853748e-02
2.660000000000000142e+00 1.436486304058808727e+00 6.456601451202472752e-01 4.673200914286238655e-02 6.247136558152385777e-02
2.665000000000000036e+00 1.437774807738079197e+00 6.515684052176047292e-01 4.731122437921133489e-02 6.322186307045707387e-02
2.669999999999999929e+00 1.439063190484150212e+00 6.575236861693878332e-01 4.789661383666349997e-02 6.398000168106234009e-02
2.675000000000000266e+00 1.440351445612727099e+00 6.635263675831596375e-01 4.848823328445373698e-02 6.474584665252168525e-02
2.680000000000000160e+00 1.441639566541798700e+00 6.695766896241915900e-01 4.908613141665971180e-02 6.551945102073337968e-02
2.685000000000000053e+00 1.442927546792763360e+00 6.756750710306826946e-01 4.969037992383074087e-02 6.630090147763152697e-02
2.689999999999999947e+00 1.444215379991559578e+00 6.818217527812039380e-01 5.030102073658725137e-02 6.709024264841804974e-02
2.694999999999999840e+00 1.445503059869796658e+00 6.880171723162418207e-01 5.091812654492048479e-02 6.788756237014918760e-02
2.700000000000000178e+00 1.446790580265890691e+00 6.942616701974626547e-01 5.154173989202863460e-02 6.869290429938196274e-02
2.705000000000000071e+00 1.448077935126202975e+00 7.005554674944284299e-01 5.217191888666218580e-02 6.950633611249223964e-02
2.709999999999999964e+00 1.449365118506182437e+00 7.068990418505046724e-01 5.280873007166402705e-02 7.032793585465425823e-02
2.714999999999999858e+00 1.450652124571508272e+00 7.132926731799573705e-01 5.345223247463552069e-02 7.115777139761458869e-02
2.720000000000000195e+00 1.451938947599239915e+00 7.197367410101059848e-01 5.410247785970456053e-02 7.199589882817904185e-02
2.725000000000000089e+00 1.453225581978965009e+00 7.262315655261011305e-01 5.475953393308492095e-02 7.284239872276014605e-02
2.729999999999999982e+00 1.454512022213955591e+00 7.327775450059702544e-01 5.542345327270396804e-02 7.369732799643814725e-02
2.734999999999999876e+00 1.455798262922322506e+00 7.393749607872921459e-01 5.609430452708744769e-02 7.456076823641953621e-02
2.740000000000000213e+00 1.457084298838174696e+00 7.460242703656360108e-01 5.677213280252171868e-02 7.543276618168337500e-02
2.745000000000000107e+00 1.458370124812782276e+00 7.527257546597669879e-01 5.745702412653008739e-02 7.631342540053337453e-02
2.750000000000000000e+00 1.459655735815740485e+00 7.594798127080080175e-01 5.814901611935088116e-02 7.720278326486053333e-02
2.754999999999999893e+00 1.460941126936137202e+00 7.662867648368850704e-01 5.884817934224307462e-02 7.810092188108640199e-02
2.760000000000000231e+00 1.462226293383724007e+00 7.731470683124661569e-01 5.955458515710914530e-02 7.900792359290692568e-02
2.765000000000000124e+00 1.463511230490086357e+00 7.800610040152518021e-01 6.026828857149645752e-02 7.992384976188857126e-02
2.770000000000000018e+00 1.464795933709824194e+00 7.870290119420028097e-01 6.098935350826525242e-02 8.084877273598019276e-02
2.774999999999999911e+00 1.466080398621724123e+00 7.940514300529738501e-01 6.171784422858959951e-02 8.178276415900653795e-02
2.780000000000000249e+00 1.467364620929943797e+00 8.011286191595744510e-01 6.245382541836529827e-02 8.272589869058326328e-02
2.785000000000000142e+00 1.468648596465194744e+00 8.082609982581444585e-01 6.319736227310043808e-02 8.367824893135897280e-02
2.790000000000000036e+00 1.469932321185927426e+00 8.154489655246847102e-01 6.394852050853686021e-02 8.463988904864735985e-02
2.794999999999999929e+00 1.471215791179520282e+00 8.226928026927697868e-01 6.470736608130615852e-02 8.561089399322384386e-02
2.800000000000000266e+00 1.472499002663467449e+00 8.299930269756909951e-01 6.547395694443221281e-02 8.659132649632436673e-02
2.805000000000000160e+00 1.473781951986576466e+00 8.373499391480301313e-01 6.624837746907849545e-02 8.758128639853475506e-02
2.810000000000000053e+00 1.475064635630160437e+00 8.447639386315751731e-01 6.703068644375363705e-02 8.858083801261178170e-02
2.814999999999999947e+00 1.476347050209237288e+00 8.522355035629841646e-01 6.782094310320552211e-02 8.959004374162281292e-02
2.819999999999999840e+00 1.477629192473728592e+00 8.597649534563037710e-01 6.861922454442752339e-02 9.060899420389267878e-02
2.825000000000000178e+00 1.478911059309663267e+00 8.673526889008380536e-01 6.942560863865301912e-02 9.163777920594232129e-02
2.830000000000000071e+00 1.480192647740382617e+00 8.749991482029177980e-01 7.024014699701344733e-02 9.267645067824024918e-02
2.834999999999999964e+00 1.481473954927746250e+00 8.827046917580250174e-01 7.106290923129460202e-02 9.372508641775627314e-02
2.839999999999999858e+00 1.482754978173340454e+00 8.904697576422649918e-01 7.189398381946542071e-02 9.478379140296795680e-02
2.845000000000000195e+00 1.484035714919693882e+00 8.982947456854906143e-01 7.273342342217588297e-02 9.585261936222352896e-02
2.850000000000000089e+00 1.485316162751484814e+00 9.061800943814212195e-01 7.358130845083110660e-02 9.693166178427439772e-02
2.854999999999999982e+00 1.486596319396762178e+00 9.141261650655180260e-01 7.443771067770914296e-02 9.802099959756380154e-02
2.859999999999999876e+00 1.487876182728162133e+00 9.221334741796506362e-01 7.530270250189431691e-02 9.912071275376098389e-02
2.865000000000000213e+00 1.489155750764126207e+00 9.302023034614880226e-01 7.617635669687654321e-02 1.002308822972511754e-01
2.870000000000000107e+00 1.490435021670126092e+00 9.383332107973311187e-01 7.705873706160702719e-02 1.013515774128578989e-01
2.875000000000000000e+00 1.491713993759884893e+00 9.465265161663457549e-01 7.794992671558458042e-02 1.024828923522270729e-01
2.879999999999999893e+00 1.492992665496607696e+00 9.547826979927742652e-01 7.885000007449267934e-02 1.036249098859435835e-01
2.885000000000000231e+00 1.494271035494205480e+00 9.631022354602770674e-01 7.975903197625935914e-02 1.047777123396763377e-01
2.890000000000000124e+00 1.495549102518527240e+00 9.714854495269799051e-01 8.067708787888794308e-02 1.059413712239673372e-01
2.895000000000000018e+00 1.496826865488593894e+00 9.799328178119428578e-01 8.160426307993513817e-02 1.071159961893737023e-01
2.899999999999999911e+00 1.498104323477830180e+00 9.884448981156956915e-01 8.254061452137344268e-02 1.083016446357557283e-01
2.905000000000000249e+00 1.499381475715303225e+00 9.970219330269970426e-01 8.348622859406155949e-02 1.094984150814430901e-01
2.910000000000000142e+00 1.500658321586958444e+00 1.005664559061054009e+00 8.444118285204066376e-02 1.107063924209257810e-01
2.915000000000000036e+00 1.501934860636862323e+00 1.014373096509021188e+00 8.540556499382986888e-02 1.119256783852313475e-01
2.919999999999999929e+00 1.503211092568443430e+00 1.023148024258948352e+00 8.637943366304308423e-02 1.131563312028230628e-01
2.925000000000000266e+00 1.504487017245737190e+00 1.031989820977273764e+00 8.736287772488829373e-02 1.143984488365009933e-01
2.930000000000000160e+00 1.505762634694630231e+00 1.040898965883311433e+00 8.835596641383092198e-02 1.156521076255697528e-01
2.935000000000000053e+00 1.507037945104112264e+00 1.049875819732290161e+00 8.935881035485841728e-02 1.169174357602807968e-01
2.939999999999999947e+00 1.508312948827522426e+00 1.058921017892846539e+00 9.037145952129425897e-02 1.181944801084521685e-01
2.944999999999999840e+00 1.509587646383803383e+00 1.068034803627280427e+00 9.139400509086134661e-02 1.194833450938914410e-01
2.950000000000000178e+00 1.510862038458753664e+00 1.077217853077644394e+00 9.242651845034821623e-02 1.207841032193969211e-01
2.955000000000000071e+00 1.512136125906285322e+00 1.086470487000170015e+00 9.346911275300226474e-02 1.220968890829780273e-01
2.959999999999999964e+00 1.513409909749681370e+00 1.095793302684844317e+00 9.452186070134525886e-02 1.234217787248763909e-01
2.964999999999999858e+00 1.514683391182853445e+00 1.105186581524962630e+00 9.558481400494468760e-02 1.247588181823269388e-01
2.970000000000000195e+00 1.515956571571605682e+00 1.114651079505105891e+00 9.665810916028740041e-02 1.261081741109403853e-01
2.975000000000000089e+00 1.517229452454897709e+00 1.124187117804387182e+00 9.774177755041717208e-02 1.274698658029239928e-01
2.979999999999999982e+00 1.518502035546109630e+00 1.133795135990867786e+00 9.883593621811327667e-02 1.288440263192459356e-01
2.984999999999999876e+00 1.519774322734309235e+00 1.143475691010271467e+00 9.994068150484242130e-02 1.302307651971406910e-01
2.990000000000000213e+00 1.521046316085523209e+00 1.153229302992745176e+00 1.010560670173631659e-01 1.316301341643075495e-01
2.995000000000000107e+00 1.522318017844006111e+00 1.163056528532321110e+00 1.021822122784492581e-01 1.330422688233712514e-01
3.000000000000000000e+00 1.523589430433515579e+00 1.172957690383906515e+00 1.033191716500763274e-01 1.344672195350757604e-01
3.004999999999999893e+00 1.524860556458587313e+00 1.182933425273581918e+00 1.044670657629077487e-01 1.359051287523477536e-01
3.010000000000000231e+00 1.526131398705811604e+00 1.192984094118553884e+00 1.056259723670818634e-01 1.373560750170914613e-01
3.015000000000000124e+00 1.527401960145112314e+00 1.203110411120805745e+00 1.067959916098621398e-01 1.388201697672719337e-01
3.020000000000000018e+00 1.528672243931031183e+00 1.213312779339031700e+00 1.079771795893281067e-01 1.402974667941123132e-01
3.024999999999999911e+00 1.529942253404009023e+00 1.223591676809434370e+00 1.091696601051305310e-01 1.417881059029549584e-01
3.030000000000000249e+00 1.531211992091669805e+00 1.233947661834743359e+00 1.103735127174463454e-01 1.432921732491529709e-01
3.035000000000000142e+00 1.532481463710112957e+00 1.244381292637369185e+00 1.115888404197199202e-01 1.448097789400280277e-01
3.040000000000000036e+00 1.533750672165198337e+00 1.254893008643525043e+00 1.128157235732564073e-01 1.463410118133383897e-01
3.044999999999999929e+00 1.535019621553841640e+00 1.265483448060560123e+00 1.140542667332798549e-01 1.478859815151042090e-01
3.050000000000000266e+00 1.536288316165307810e+00 1.276153011758369704e+00 1.153045512061356553e-01 1.494447777945557554e-01
3.055000000000000160e+00 1.537556760482504448e+00 1.286902336485236109e+00 1.165666827826091767e-01 1.510175135101602395e-01
3.060000000000000053e+00 1.538824959183287211e+00 1.297731901857046122e+00 1.178407676504584084e-01 1.526043081592490525e-01
3.064999999999999947e+00 1.540092917141751672e+00 1.308642345665373963e+00 1.191268657745283982e-01 1.542052145340815639e-01
3.070000000000000284e+00 1.541360639429545376e+00 1.319634146216386972e+00 1.204251081520857219e-01 1.558203840911565885e-01
3.075000000000000178e+00 1.542628131317168361e+00 1.330707743868608128e+00 1.217355793420530213e-01 1.574499054994963898e-01
3.080000000000000071e+00 1.543895398275281439e+00 1.341863857302007634e+00 1.230583885805792005e-01 1.590938947760797140e-01
3.084999999999999964e+00 1.545162445976019150e+00 1.353102964574136813e+00 1.243936214470746093e-01 1.607524437778721782e-01
3.089999999999999858e+00 1.546429280294300046e+00 1.364425662001265582e+00 1.257413883310265490e-01 1.624256718463459037e-01
3.095000000000000195e+00 1.547695907309144969e+00 1.375832472034348886e+00 1.271017761726701556e-01 1.641136697899315544e-01
3.100000000000000089e+00 1.548962333304992001e+00 1.387323991416454128e+00 1.284749212026466969e-01 1.658165922836272177e-01
3.104999999999999982e+00 1.550228564773019402e+00 1.398900777823060437e+00 1.298608626294131541e-01 1.675344609341386515e-01
3.109999999999999876e+00 1.551494608412467890e+00 1.410563391990326876e+00 1.312597625508732380e-01 1.692674704101329586e-01
3.115000000000000213e+00 1.552760471131968911e+00 1.422312391459637837e+00 1.326717107150609254e-01 1.710157097343311394e-01
3.120000000000000107e+00 1.554026160050869576e+00 1.434148453044330696e+00 1.340967719780798983e-01 1.727792377031470428e-01
3.125000000000000000e+00 1.555291682500568706e+00 1.446072018416224125e+00 1.355351115259484929e-01 1.745582499567608081e-01
3.129999999999999893e+00 1.556557046025848434e+00 1.458083684227096999e+00 1.369867957709526296e-01 1.763528022510069126e-01
3.135000000000000231e+00 1.557822258386214909e+00 1.470184209289388200e+00 1.384519416634203970e-01 1.781630223853047923e-01
3.140000000000000124e+00 1.559087327557234559e+00 1.482374031649864810e+00 1.399306668332170045e-01 1.799890414980121478e-01
3.145000000000000018e+00 1.560352261731882795e+00 1.494653751643156392e+00 1.414230387110188558e-01 1.818309156026323148e-01
3.149999999999999911e+00 1.561617069321888263e+00 1.507024083568559103e+00 1.429292278028499730e-01 1.836888486779078289e-01
3.155000000000000249e+00 1.562881758959084433e+00 1.519485589679690163e+00 1.444493028531656231e-01 1.855628978887013947e-01
3.160000000000000142e+00 1.564146339496760740e+00 1.532038747644818066e+00 1.459833845226172766e-01 1.874531949443817291e-01
3.165000000000000036e+00 1.565410820011023496e+00 1.544684314595636154e+00 1.475315681858185568e-01 1.893598382885114118e-01
3.169999999999999929e+00 1.566675209802153468e+00 1.557422850409379667e+00 1.490940026972600863e-01 1.912829930890580787e-01
3.175000000000000266e+00 1.567939518395971676e+00 1.570254992013028650e+00 1.506707848583758724e-01 1.932227617545456133e-01
3.180000000000000160e+00 1.569203755545205192e+00 1.583181378489442848e+00 1.522619855708526038e-01 1.951792028247980315e-01
3.185000000000000053e+00 1.570467931230861369e+00 1.596202606402947755e+00 1.538677827432994027e-01 1.971525258664099112e-01
3.189999999999999947e+00 1.571732055663601191e+00 1.609319317218339318e+00 1.554882753698288433e-01 1.991428302978394682e-01
3.195000000000000284e+00 1.572996139285118833e+00 1.622532068866423094e+00 1.571235632138284766e-01 2.011502139453531790e-01
3.200000000000000178e+00 1.574260192769525224e+00 1.635841655934087591e+00 1.587737459737671719e-01 2.031747788858864201e-01
3.205000000000000071e+00 1.575524227024737378e+00 1.649248639598454025e+00 1.604389788385498505e-01 2.052167019111676705e-01
3.209999999999999964e+00 1.576788253193867284e+00 1.662753577929971360e+00 1.621193634817526819e-01 2.072760822279590132e-01
3.214999999999999858e+00 1.578052282656617233e+00 1.676357307759241966e+00 1.638150296540661632e-01 2.093530601715653805e-01
3.220000000000000195e+00 1.579316327030685141e+00 1.690060347957641707e+00 1.655261079973728844e-01 2.114477772884033602e-01
3.225000000000000089e+00 1.580580398173165202e+00 1.703863338044590892e+00 1.672526741129541084e-01 2.135603009085930981e-01
3.229999999999999982e+00 1.581844508181959430e+00 1.717766994056948882e+00 1.689948881210593945e-01 2.156908097793893975e-01
3.234999999999999876e+00 1.583108669397191415e+00 1.731771994998037245e+00 1.707528552789867593e-01 2.178394067132495282e-01
3.240000000000000213e+00 1.584372894402625409e+00 1.745878978792965386e+00 1.725267090960156402e-01 2.200062379191367046e-01
3.245000000000000107e+00 1.585637196027092743e+00 1.760088623368336824e+00 1.743165561896744542e-01 2.221914073448111315e-01
3.250000000000000000e+00 1.586901587345919129e+00 1.774401686393629385e+00 1.761225605402726713e-01 2.243951028783821022e-01
3.254999999999999893e+00 1.588166081682362174e+00 1.788818687674812669e+00 1.779448304412992177e-01 2.266174272988557836e-01
3.260000000000000231e+00 1.589430692609048013e+00 1.803340383711755202e+00 1.797834741643733192e-01 2.288584933167640001e-01
3.265000000000000124e+00 1.590695433949419924e+00 1.817967530848273006e+00 1.816386300600459358e-01 2.311184471166505827e-01
3.270000000000000018e+00 1.591960319779189614e+00 1.832700730544406964e+00 1.835104373421881652e-01 2.333974357769732777e-01
3.274999999999999911e+00 1.593225364427793389e+00 1.847540777473869023e+00 1.853990360690907779e-01 2.356956121748938759e-01
3.280000000000000249e+00 1.594490582479856755e+00 1.862488193315022578e+00 1.873045084028991669e-01 2.380130437895876805e-01
3.285000000000000142e+00 1.595755988776664358e+00 1.877543893025277910e+00 1.892270553762876728e-01 2.403499645206391699e-01
3.290000000000000036e+00 1.597021598417631694e+00 1.892708434229372072e+00 1.911667604678091992e-01 2.427064453958169554e-01
3.294999999999999929e+00 1.598287426761794583e+00 1.907982616321509006e+00 1.931237673159407475e-01 2.450826403209408477e-01
3.300000000000000266e+00 1.599553489429289543e+00 1.923367076802737108e+00 1.950982206553288079e-01 2.474787015991980199e-01
3.305000000000000160e+00 1.600819802302856587e+00 1.938862691683319817e+00 1.970902358339335636e-01 2.498947429663727626e-01
3.310000000000000053e+00 1.602086381529337800e+00 1.954470022212997371e+00 1.990999894306342555e-01 2.523309656435515635e-01
3.314999999999999947e+00 1.603353243521186133e+00 1.970189783707463338e+00 2.011275990727576235e-01 2.547874804228938972e-01
3.320000000000000284e+00 1.604620404957985969e+00 1.986022852062029997e+00 2.031731822516107122e-01 2.572644058491688757e-01
3.325000000000000178e+00 1.605887882787973897e+00 2.001969869507085331e+00 2.052368881788025345e-01 2.597619011195156924e-01
3.330000000000000071e+00 1.607155694229572163e+00 2.018031630834209444e+00 2.073188983560990406e-01 2.622801667271404957e-01
3.334999999999999964e+00 1.608423856772927873e+00 2.034208851877536528e+00 2.094193019044139625e-01 2.648192781438433729e-01
3.339999999999999858e+00 1.609692388181460876e+00 2.050502255682353336e+00 2.115382510251419823e-01 2.673793976859930588e-01
3.345000000000000195e+00 1.610961306493419842e+00 2.066912555621452263e+00 2.136759304755515010e-01 2.699607292110770551e-01
3.350000000000000089e+00 1.612230630023444355e+00 2.083440630180733777e+00 2.158324630675583777e-01 2.725633959133122453e-01
3.354999999999999982e+00 1.613500377364142535e+00 2.100087276551966031e+00 2.180079724956007770e-01 2.751875168059597643e-01
3.359999999999999876e+00 1.614770567387667999e+00 2.116853054484988839e+00 2.202026146649828098e-01 2.778332605024826374e-01
3.365000000000000213e+00 1.616041219247312144e+00 2.133738918377970251e+00 2.224165792871376501e-01 2.805008295960613185e-01
3.370000000000000107e+00 1.617312352379102647e+00 2.150745507062930884e+00 2.246499600761319437e-01 2.831903124808575201e-01
3.375000000000000000e+00 1.618583986503417060e+00 2.167873778875769819e+00 2.269029165207774035e-01 2.859018691016741442e-01
3.379999999999999893e+00 1.619856141626595081e+00 2.185124368308952292e+00 2.291756413548911298e-01 2.886357174524776248e-01
3.385000000000000231e+00 1.621128838042573905e+00 2.202497919442501839e+00 2.314682631423386761e-01 2.913919861004790057e-01
3.390000000000000124e+00 1.622402096334521149e+00 2.219995620954987814e+00 2.337809452155878431e-01 2.941708394342283928e-01
3.395000000000000018e+00 1.623675937376488410e+00 2.237617955334386455e+00 2.361138172462847740e-01 2.969724130724608058e-01
3.399999999999999911e+00 1.624950382335069499e+00 2.255365800334193871e+00 2.384670443224707614e-01 2.997968727284845425e-01
3.405000000000000249e+00 1.626225452671069327e+00 2.273239949923924197e+00 2.408407913301335024e-01 3.026444017303784317e-01
3.410000000000000142e+00 1.627501170141188780e+00 2.291241284332317107e+00 2.432352261087224188e-01 3.055151625878728683e-01
3.415000000000000036e+00 1.628777556799715365e+00 2.309370678544210076e+00 2.456505156193476702e-01 3.084093467866190763e-01
3.419999999999999929e+00 1.630054635000228513e+00 2.327628612427582233e+00 2.480867957816146052e-01 3.113270717410372979e-01
3.425000000000000266e+00 1.631332427397314877e+00 2.346016358436473492e+00 2.505442358076352960e-01 3.142685314738788427e-01
3.430000000000000160e+00 1.632610956948298497e+00 2.364534319044193200e+00 2.530230074215655267e-01 3.172338917320385310e-01
3.435000000000000053e+00 1.633890246914980304e+00 2.383183690676919930e+00 2.555232830035366609e-01 3.202233372548897727e-01
3.439999999999999947e+00 1.635170320865392934e+00 2.401965105426387748e+00 2.580452011853347494e-01 3.232370063484981682e-01
3.445000000000000284e+00 1.636451202675564431e+00 2.420879367105954749e+00 2.605889359928685867e-01 3.262750850066397645e-01
3.450000000000000178e+00 1.637732916531301264e+00 2.439927506938400104e+00 2.631546985591057819e-01 3.293377980422563245e-01
3.455000000000000071e+00 1.639015486929979559e+00 2.459110166121593277e+00 2.657425956604078099e-01 3.324252378270649566e-01
3.459999999999999964e+00 1.640298938682350771e+00 2.478428220352094868e+00 2.683528401959460186e-01 3.355376367619103406e-01
3.464999999999999858e+00 1.641583296914366441e+00 2.497882703026262252e+00 2.709856114521947412e-01 3.386751862421880088e-01
3.470000000000000195e+00 1.642868587069010289e+00 2.517474417177819834e+00 2.736410545862842381e-01 3.418380243984028843e-01
3.475000000000000089e+00 1.644154834908149621e+00 2.537204074257936259e+00 2.763193503392790129e-01 3.450263442884922149e-01
3.479999999999999982e+00 1.645442066514400281e+00 2.557072636698793477e+00 2.790207177209396150e-01 3.482403839723438033e-01
3.484999999999999876e+00 1.646730308293007594e+00 2.577080975994169965e+00 2.817452690798787351e-01 3.514802355147900181e-01
3.490000000000000213e+00 1.648019586973742623e+00 2.597229970474703720e+00 2.844932251254444489e-01 3.547461447027715487e-01
3.495000000000000107e+00 1.649309929612814640e+00 2.617520420517066793e+00 2.872647719642889008e-01 3.580383101110057864e-01
3.500000000000000000e+00 1.650601363594798476e+00 2.637953438505901804e+00 2.900600615897298007e-01 3.613568695858161428e-01
3.504999999999999893e+00 1.651893916634581849e+00 2.658550376253872916e+00 2.928770381072654527e-01 3.646970168992014205e-01
3.510000000000000231e+00 1.653187616779326907e+00 2.679292138187054917e+00 2.957181286956162558e-01 3.680639017352412834e-01
3.515000000000000124e+00 1.654482492410449757e+00 2.700179536110975498e+00 2.985834501937374985e-01 3.714576181938385457e-01
3.520000000000000018e+00 1.655778572245619973e+00 2.721213690962213327e+00 3.014732689216179096e-01 3.748784710259256969e-01
3.524999999999999911e+00 1.657075885340773880e+00 2.742395175657893258e+00 3.043877414089948275e-01 3.783266007877402193e-01
3.530000000000000249e+00 1.658374461092151142e+00 2.763725197203109385e+00 3.073270242752503267e-01 3.818021681958134739e-01
3.535000000000000142e+00 1.659674329238346902e+00 2.785204566175430774e+00 3.102913512313265065e-01 3.853054254325098404e-01
3.540000000000000036e+00 1.660975519862385452e+00 2.806834327459019285e+00 3.132809199346833218e-01 3.888365743943843489e-01
3.544999999999999929e+00 1.662278063393811456e+00 2.828615290985668107e+00 3.162958908717915518e-01 3.923957653645499533e-01
3.550000000000000266e+00 1.663581990610803807e+00 2.850548428406293411e+00 3.193364632075492149e-01 3.959832163465278332e-01
3.555000000000000160e+00 1.664887332642308815e+00 2.872634625456787383e+00 3.224028766967951265e-01 3.995991844888212019e-01
3.560000000000000053e+00 1.666194120970192039e+00 2.894874933777392467e+00 3.254953345685751009e-01 4.032438779462969025e-01
3.564999999999999947e+00 1.667502387431416100e+00 2.917270240463901931e+00 3.286139628977299276e-01 4.069174053965759486e-01
3.570000000000000284e+00 1.668812164220237593e+00 2.939821596943978932e+00 3.317590447977930568e-01 4.106200823056999627e-01
3.575000000000000178e+00 1.670123483890425531e+00 2.962529894583677770e+00 3.349307084735245188e-01 4.143520191050571455e-01
3.580000000000000071e+00 1.671436379357503110e+00 2.985395941100590367e+00 3.381292406896703184e-01 4.181135358840223359e-01
3.584999999999999964e+00 1.672750883901015451e+00 3.008421026338941484e+00 3.413548516616468631e-01 4.219048537492596784e-01
3.589999999999999858e+00 1.674067031166816655e+00 3.031605882020928622e+00 3.446076725521231565e-01 4.257260788936932383e-01
3.595000000000000195e+00 1.675384855169382847e+00 3.054951638972263073e+00 3.478879551242293200e-01 4.295774885137586541e-01
3.600000000000000089e+00 1.676704390294149860e+00 3.078459186226934374e+00 3.511958726681601584e-01 4.334592526674975188e-01
3.604999999999999982e+00 1.678025671299876453e+00 3.102129497405237135e+00 3.545317620980542039e-01 4.373717485912189673e-01
3.609999999999999876e+00 1.679348733321033071e+00 3.125963621620979627e+00 3.578957183508731932e-01 4.413150455134063344e-01
3.615000000000000213e+00 1.680673611870211692e+00 3.149962690023334400e+00 3.612880002682440361e-01 4.452894210335319736e-01
3.620000000000000107e+00 1.682000342840573426e+00 3.174127277313120832e+00 3.647088685193208280e-01 4.492951546273570851e-01
3.625000000000000000e+00 1.683328962508309878e+00 3.198458908782696675e+00 3.681585030952378434e-01 4.533324299591042772e-01
3.629999999999999893e+00 1.684659507535143819e+00 3.222958010457485312e+00 3.716370846363781788e-01 4.574014160263324968e-01
3.635000000000000231e+00 1.685992014970846498e+00 3.247626253326376222e+00 3.751449629870115543e-01 4.615025119833693346e-01
3.640000000000000124e+00 1.687326522255794936e+00 3.272464152501608048e+00 3.786822381848436447e-01 4.656357834814716656e-01
3.645000000000000018e+00 1.688663067223552527e+00 3.297472901924376032e+00 3.822491790293153779e-01 4.698015261990549085e-01
3.649999999999999911e+00 1.690001688103477839e+00 3.322653646097050384e+00 3.858460565733251024e-01 4.740000292333559351e-01
3.655000000000000249e+00 1.691342423523365834e+00 3.348007115527442235e+00 3.894730586629315816e-01 4.782314773936857111e-01
3.660000000000000142e+00 1.692685312512123508e+00 3.373534681875431929e+00 3.931304598957355845e-01 4.824961715024671527e-01
3.665000000000000036e+00 1.694030394502469727e+00 3.399236998606413707e+00 3.968185368400317103e-01 4.867944074070245652e-01
3.669999999999999929e+00 1.695377709333675487e+00 3.425115526249000286e+00 4.005373962239398011e-01 4.911262571319098269e-01
3.675000000000000266e+00 1.696727297254325917e+00 3.451170987912774102e+00 4.042874035915577369e-01 4.954921439261722460e-01
3.680000000000000160e+00 1.698079198925130706e+00 3.477404605143446403e+00 4.080687546816572642e-01 4.998922516763810164e-01
3.685000000000000053e+00 1.699433455421752726e+00 3.503817273196690785e+00 4.118816453748525008e-01 5.043267725235628385e-01
3.689999999999999947e+00 1.700790108237682396e+00 3.530410364632067921e+00 4.157264491398671713e-01 5.087961385119269542e-01
3.695000000000000284e+00 1.702149199287140036e+00 3.557184533890946909e+00 4.196032777042434936e-01 5.133004178561055841e-01
3.700000000000000178e+00 1.703510770908022831e+00 3.584140999713371745e+00 4.235124190829523405e-01 5.178399336280754550e-01
3.705000000000000071e+00 1.704874865864877798e+00 3.611280976414380728e+00 4.274542544992985249e-01 5.224151106445905635e-01
3.709999999999999964e+00 1.706241527351919807e+00 3.638605278468374227e+00 4.314288984553151240e-01 5.270260442476318863e-01
3.714999999999999858e+00 1.707610798996081591e+00 3.666115127766032877e+00 4.354366462336471399e-01 5.316730406758827243e-01
3.720000000000000195e+00 1.708982724860113711e+00 3.693811651076297498e+00 4.394777041991763111e-01 5.363563109878997093e-01
3.725000000000000089e+00 1.710357349445704500e+00 3.721695912050144273e+00 4.435524626109378366e-01 5.410762890141045389e-01
3.729999999999999982e+00 1.711734717696661745e+00 3.749768889039536202e+00 4.476611308672114320e-01 5.458331964147654647e-01
3.734999999999999876e+00 1.713114875002117454e+00 3.778031795270434756e+00 4.518040130272149013e-01 5.506273580737157669e-01
3.740000000000000213e+00 1.714497867199787251e+00 3.806485534959511252e+00 4.559812306579089092e-01 5.554588592634162048e-01
3.745000000000000107e+00 1.715883740579261962e+00 3.835131315678666386e+00 4.601932752281251982e-01 5.603282765707637836e-01
3.750000000000000000e+00 1.717272541885350057e+00 3.863970285210409639e+00 4.644401780588715001e-01 5.652355806090484380e-01
3.754999999999999893e+00 1.718664318321458495e+00 3.893003503789914888e+00 4.687224357303599875e-01 5.701813625601076518e-01
3.760000000000000231e+00 1.720059117553022654e+00 3.922232097938352702e+00 4.730402698253678984e-01 5.751658322594531692e-01
3.765000000000000124e+00 1.721456987710977105e+00 3.951657060912076247e+00 4.773938073480785138e-01 5.801890884141391869e-01
3.770000000000000018e+00 1.722857977395276574e+00 3.981279684786625417e+00 4.817835548029469339e-01 5.852517160027557175e-01
3.774999999999999911e+00 1.724262135678464647e+00 4.011100950789716180e+00 4.862097367860737651e-01 5.903539623263298619e-01
3.780000000000000249e+00 1.725669512109285098e+00 4.041121842183184931e+00 4.906724865720197282e-01 5.954958977868869408e-01
3.785000000000000142e+00 1.727080156716347847e+00 4.071343976108486196e+00 4.951723177100368911e-01 6.006781499626984155e-01
3.790000000000000036e+00 1.728494120011841551e+00 4.101767935957188804e+00 4.997093653431654570e-01 6.059008178081631835e-01
3.794999999999999929e+00 1.729911452995299248e+00 4.132395020981420863e+00 5.042840545664182272e-01 6.111643813546320247e-01
3.800000000000000266e+00 1.731332207157411762e+00 4.163226217354281999e+00 5.088965224194930137e-01 6.164689497042080690e-01
3.805000000000000160e+00 1.732756434483898600e+00 4.194263142002693456e+00 5.135472971654615471e-01 6.218151413993708854e-01
3.810000000000000053e+00 1.734184187459427706e+00 4.225506463288119186e+00 5.182364212821860550e-01 6.272029364999768264e-01
3.814999999999999947e+00 1.735615519071593615e+00 4.256957478599821876e+00 5.229644268930517814e-01 6.326329757115884966e-01
3.820000000000000284e+00 1.737050482814948671e+00 4.288617014885010015e+00 5.277315576583480050e-01 6.381054828889459740e-01
3.825000000000000178e+00 1.738489132695088868e+00 4.320486693705357872e+00 5.325380567427973055e-01 6.436207158792357497e-01
3.830000000000000071e+00 1.739931523232801869e+00 4.352567498673441726e+00 5.373843682243725217e-01 6.491791763041051544e-01
3.834999999999999964e+00 1.741377709468272084e+00 4.384860578624627969e+00 5.422706393222669341e-01 6.547809937939977898e-01
3.839999999999999858e+00 1.742827746965340152e+00 4.417366752273585107e+00 5.471974197147250196e-01 6.604268097579690799e-01
3.845000000000000195e+00 1.744281691815829705e+00 4.450087807311388310e+00 5.521647623471664934e-01 6.661165877888693965e-01
3.850000000000000089e+00 1.745739600643932299e+00 4.483024411877115867e+00 5.571732189357496701e-01 6.718510377706558012e-01
3.854999999999999982e+00 1.747201530610656750e+00 4.516177713826508899e+00 5.622230491623255721e-01 6.776303723865400030e-01
3.859999999999999876e+00 1.748667539418339745e+00 4.549549010522999204e+00 5.673146105378142900e-01 6.834550099174537818e-01
3.865000000000000213e+00 1.750137685315223512e+00 4.583139300437343522e+00 5.724481638005997075e-01 6.893252005944839889e-01
3.870000000000000107e+00 1.751612027100100555e+00 4.616950198777298731e+00 5.776241751129733704e-01 6.952415087937865446e-01
3.875000000000000000e+00 1.753090624127023878e+00 4.650982063071924522e+00 5.828429102050793897e-01 7.012041721978830022e-01
3.879999999999999893e+00 1.754573536310083837e+00 4.685236834187393562e+00 5.881046333876138732e-01 7.072134813114394625e-01
3.885000000000000231e+00 1.756060824128258258e+00 4.719715190755620959e+00 5.934099259903695689e-01 7.132701153256586490e-01
3.890000000000000124e+00 1.757552548630337386e+00 4.754418431162073411e+00 5.987589549216171259e-01 7.193742153506470505e-01
3.895000000000000018e+00 1.759048771439909009e+00 4.789347872290679042e+00 6.041520966469691167e-01 7.255262033864138260e-01
3.899999999999999911e+00 1.760549554760425739e+00 4.824504342777146348e+00 6.095897304193630406e-01 7.317265035182339838e-01
3.905000000000000249e+00 1.762054961380348228e+00 4.859889307086984189e+00 6.150723480459822090e-01 7.379756736503604309e-01
3.910000000000000142e+00 1.763565054678360111e+00 4.895503760597263110e+00 6.206001200980999499e-01 7.442738757118531057e-01
3.915000000000000036e+00 1.765079898628665322e+00 4.931349018358578640e+00 6.261734374817615745e-01 7.506215094170107793e-01
3.919999999999999929e+00 1.766599557806353804e+00 4.967425751453546034e+00 6.317929048839546757e-01 7.570193215197590364e-01
3.925000000000000266e+00 1.768124097392861804e+00 5.003736062999484702e+00 6.374587008531192867e-01 7.634674840207705815e-01
3.930000000000000160e+00 1.769653583181507006e+00 5.040280001593479220e+00 6.431712235229616326e-01 7.699664051350895155e-01
3.935000000000000053e+00 1.771188081583099816e+00 5.077059821282569274e+00 6.489308737421810580e-01 7.765165337063866247e-01
3.939999999999999947e+00 1.772727659631656794e+00 5.114075733983258765e+00 6.547380518234684477e-01 7.831183411184866605e-01
3.945000000000000284e+00 1.774272384990179141e+00 5.151329680746083106e+00 6.605931647533680451e-01 7.897722833057787550e-01
3.950000000000000178e+00 1.775822325956536885e+00 5.188822026847782709e+00 6.664966217209153942e-01 7.964788024414709566e-01
3.955000000000000071e+00 1.777377551469432548e+00 5.226554718153071377e+00 6.724488363337923769e-01 8.032383626356471851e-01
3.959999999999999964e+00 1.778938131114458976e+00 5.264528277459071148e+00 6.784501090273327151e-01 8.100512978437678369e-01
3.965000000000000302e+00 1.780504135130244192e+00 5.302744654350777687e+00 6.845009723273285385e-01 8.169182118050887231e-01
3.970000000000000195e+00 1.782075634414699072e+00 5.341204061152272864e+00 6.906018469146835148e-01 8.238395789531716140e-01
3.975000000000000089e+00 1.783652700531359159e+00 5.379908120264686566e+00 6.967530432261331841e-01 8.308157448382610388e-01
3.979999999999999982e+00 1.785235405715812629e+00 5.418858150688252273e+00 7.029549893419397844e-01 8.378471704920088525e-01
3.984999999999999876e+00 1.786823822882243729e+00 5.458054988659743145e+00 7.092082286251550904e-01 8.449345152949038207e-01
3.990000000000000213e+00 1.788418025630066133e+00 5.497500123240987691e+00 7.155131974636846914e-01 8.520782504308043181e-01
3.995000000000000107e+00 1.790018088250662442e+00 5.537194236229728617e+00 7.218702167918953361e-01 8.592787345304007118e-01
4.000000000000000000e+00 1.791624085734228267e+00 5.577138946464605951e+00 7.282797251718803322e-01 8.665364844696271662e-01
