% raindrop T-matrix calculations using the code of Leinonen, J., "Python code for T-matrix scattering calculations". Available at https://github.com/jleinonen/pytmatrix/. 
% 
% refractive index calculations after Ray, P., 1972:  Broadband Complex Refractive Indices of Ice and Water, Appl. Opt. 11, 1836-1844 
% 
% raindrop aspect ratio estimated with the methodology of Brandes, Edward & Zhang, Guifu & Vivekanandan, Jothiram. (2005). Corrigendum. Journal of Applied Meteorology. 44. 186-. 10.1175/1520-0450(2005)44<186:C>2.0.CO;2. 
% 
% wave length: 12.491352 mm 
% temperature: 268.15 K 
% refractive index: 4.471168518066406250e+00 + 2.711442708969116211e+00 i 
% 
%r_eqv[mm]               axial ratio              ext[mm2]                 sca[mm2]                 back[mm2]
5.000000000000000104e-03 9.999900000999989436e-01 7.164716204066771770e-08 7.556048829822269242e-15 1.133399179383541793e-14
1.000000000000000021e-02 9.999900000999989436e-01 5.732897040573412771e-07 4.835972856602888532e-13 7.253749679374404597e-13
1.499999999999999944e-02 9.999900000999989436e-01 1.935486478542028464e-06 5.508669628702686582e-12 8.262466757713000157e-12
2.000000000000000042e-02 9.999900000999989436e-01 4.589928545942227152e-06 3.095284015164044142e-11 4.642388806510715505e-11
2.500000000000000139e-02 9.999900000999989436e-01 8.970012590976852415e-06 1.180831820238215440e-10 1.770927508674760992e-10
2.999999999999999889e-02 9.999900000999989436e-01 1.551142428887101611e-05 3.526217354564431664e-10 5.287949200587638287e-10
3.500000000000000333e-02 9.999900000999989436e-01 2.465271898741833246e-05 8.892613240279525549e-10 1.333419477158773244e-09
4.000000000000000083e-02 9.999900000999989436e-01 3.683592547469632445e-05 1.981649617088408657e-09 2.971099489996951229e-09
4.499999999999999833e-02 9.999900000999989436e-01 5.250714254701683756e-05 4.017850370077743325e-09 6.023248401217490092e-09
5.000000000000000278e-02 9.999900000999989436e-01 7.211714030193113888e-05 7.561302742199841077e-09 1.133376205451185685e-08
5.500000000000000028e-02 9.999900000999989436e-01 9.612199985648831795e-05 1.339728194540197975e-08 2.007836669812635877e-08
5.999999999999999778e-02 9.999900000999989436e-01 1.249836999452296578e-04 2.258489536460000810e-08 3.384213642942782713e-08
6.500000000000000222e-02 9.999900000999989436e-01 1.591708058701271492e-04 3.651462769567266270e-08 5.470516950050165387e-08
7.000000000000000666e-02 9.999900000999989436e-01 1.991590451597946543e-04 5.697144048995452429e-08 8.533639756203363905e-08
7.499999999999999722e-02 9.999900000999989436e-01 2.454320355702151396e-04 8.620348807909165291e-08 1.290955836411034116e-07
8.000000000000000167e-02 9.999900000999989436e-01 2.984818772825085370e-04 1.269964490108316409e-07 1.901434674862240538e-07
8.500000000000000611e-02 9.999900000999989436e-01 3.588098634612951125e-04 1.827534958909041098e-07 2.735600492888326117e-07
8.999999999999999667e-02 9.999900000999989436e-01 4.269271539923573454e-04 2.575809477501494264e-07 3.854710321302662109e-07
9.500000000000000111e-02 9.999900000999989436e-01 5.033554361075321748e-04 3.563797239183021075e-07 5.331825523674908095e-07
1.000000000000000056e-01 9.999900000999989436e-01 5.886277278270540380e-04 4.849422724344803983e-07 7.253236558624778614e-07
1.049999999999999961e-01 9.999900000999989436e-01 6.832890125265017644e-04 6.500558539743760696e-07 9.719977867825705479e-07
1.100000000000000006e-01 9.999900000999989436e-01 7.878969114501416585e-04 8.596108532557486579e-07 1.284941239721056872e-06
1.150000000000000050e-01 9.999900000999989436e-01 9.030225123934741823e-04 1.122715732830299348e-06 1.677690938850348867e-06
1.199999999999999956e-01 9.999900000999989436e-01 1.029251105672745418e-03 1.449817599463518525e-06 2.165759932152308810e-06
1.250000000000000000e-01 9.999900000999989436e-01 1.167182956072054974e-03 1.852828698723591650e-06 2.766821017889278112e-06
1.300000000000000044e-01 9.999900000999989436e-01 1.317434075593229949e-03 2.345258133989714670e-06 3.500897375478900274e-06
1.350000000000000089e-01 9.999900000999989436e-01 1.480637043548214656e-03 2.942351787945938129e-06 4.390564591080536667e-06
1.400000000000000133e-01 9.999900000999989436e-01 1.657441526412419680e-03 3.661236411511626361e-06 5.461157972365398918e-06
1.449999999999999900e-01 9.999900000999989436e-01 1.848515547451090330e-03 4.521070914515964989e-06 6.740989603919732940e-06
1.499999999999999944e-01 9.999900000999989436e-01 2.054546271554816804e-03 5.543201757337054791e-06 8.261570463365059262e-06
1.549999999999999989e-01 9.999900000999989436e-01 2.276240304009618815e-03 6.751329968781694865e-06 1.005784872829502689e-05
1.600000000000000033e-01 9.999900000999989436e-01 2.514325032659993180e-03 8.171677012881054113e-06 1.216844513592412244e-05
1.650000000000000078e-01 9.999900000999989436e-01 2.769549851231987297e-03 9.833163745359665674e-06 1.463590656839015950e-05
1.700000000000000122e-01 9.999900000999989436e-01 3.042685626471474357e-03 1.176759173554345124e-05 1.750696179297973648e-05
1.750000000000000167e-01 9.999900000999989436e-01 3.334527831189097909e-03 1.400983397188152729e-05 2.083278969606650028e-05
1.799999999999999933e-01 9.999900000999989436e-01 3.645895455044348681e-03 1.659803100991551756e-05 2.466929417230497156e-05
1.849999999999999978e-01 9.999900000999989436e-01 3.977632778776978711e-03 1.957379149537635438e-05 2.907738375912890879e-05
1.900000000000000022e-01 1.000338260324268314e+00 4.331593122445217062e-03 2.298827044972667088e-05 3.413211607900740657e-05
1.950000000000000067e-01 1.000344839311130496e+00 4.706808297361491158e-03 2.688004285773062612e-05 3.988929691739676714e-05
2.000000000000000111e-01 1.000357515291503407e+00 5.105114432496626192e-03 3.130747179190344740e-05 4.643427071821745890e-05
2.050000000000000155e-01 1.000376259251188893e+00 5.527472193145197173e-03 3.632830223750103981e-05 5.385111451492577742e-05
2.099999999999999922e-01 1.000401042453005207e+00 5.974871598556109713e-03 4.200489151141640666e-05 6.223049319485923910e-05
2.149999999999999967e-01 1.000431836433301802e+00 6.448334803740261856e-03 4.840443090126621273e-05 7.166995901310474937e-05
2.200000000000000011e-01 1.000468612998516083e+00 6.948917504954857209e-03 5.559925212650679332e-05 8.227437575472062461e-05
2.250000000000000056e-01 1.000511344221778787e+00 7.477708150970799675e-03 6.366704649157785246e-05 9.415621069568130439e-05
2.300000000000000100e-01 1.000560002439564444e+00 8.035830951125396207e-03 7.269113708915029279e-05 1.074359024979195949e-04
2.350000000000000144e-01 1.000614560248383578e+00 8.624445843227426800e-03 8.276082649736108375e-05 1.222423402078150439e-04
2.399999999999999911e-01 1.000674990501522643e+00 9.244749774879329127e-03 9.397154693927299096e-05 1.387130443063081323e-04
2.449999999999999956e-01 1.000741266305821942e+00 9.897979049718909003e-03 1.064253428171718516e-04 1.569948417961851753e-04
2.500000000000000000e-01 1.000813361018499714e+00 1.058540900622393158e-02 1.202309809404767749e-04 1.772439826251312976e-04
2.550000000000000044e-01 1.000891248244015541e+00 1.130835688947873403e-02 1.355044372527542903e-04 1.996268154681436974e-04
2.600000000000000089e-01 1.000974901830975039e+00 1.206817907232759536e-02 1.523690759793481023e-04 2.243200015963205086e-04
2.650000000000000133e-01 1.001064295869075416e+00 1.286627954317550587e-02 1.709560873837089599e-04 2.515111121105012733e-04
2.700000000000000178e-01 1.001159404686088994e+00 1.370410364833185395e-02 1.914048129046539088e-04 2.813990540083696019e-04
2.750000000000000222e-01 1.001260202844886926e+00 1.458314467843567150e-02 2.138629871655387861e-04 3.141943702030109407e-04
2.800000000000000266e-01 1.001366665140501100e+00 1.550494247010644755e-02 2.384872540101219728e-04 3.501199436893307534e-04
2.850000000000000311e-01 1.001478766597222014e+00 1.647108385998917804e-02 2.654434265591380272e-04 3.894113190315421670e-04
2.899999999999999800e-01 1.001596482465736404e+00 1.748320820199743622e-02 2.949068920797096342e-04 4.323172361426131012e-04
2.949999999999999845e-01 1.001719788220298835e+00 1.854300593385574056e-02 3.270631724294179076e-04 4.791003894664029117e-04
2.999999999999999889e-01 1.001848659555939935e+00 1.965221833288121472e-02 3.621078412322057153e-04 5.300372353814652082e-04
3.049999999999999933e-01 1.001983072385710605e+00 2.081264292479415023e-02 4.002475953689198598e-04 5.854195044421821445e-04
3.099999999999999978e-01 1.002123002837959964e+00 2.202613103010120366e-02 4.417001032099066612e-04 6.455538957992915062e-04
3.150000000000000022e-01 1.002268427253648841e+00 2.329459138433557022e-02 4.866948903436215551e-04 7.107633127402485183e-04
3.200000000000000067e-01 1.002419322183694117e+00 2.461999301491496484e-02 5.354733866748442308e-04 7.813868470424732877e-04
3.250000000000000111e-01 1.002575664386349930e+00 2.600436243861982064e-02 5.882895201646887520e-04 8.577805737518636635e-04
3.300000000000000155e-01 1.002737430824617970e+00 2.744978977163371747e-02 6.454104728336674179e-04 9.403185799934693674e-04
3.350000000000000200e-01 1.002904598663692415e+00 2.895842844188304885e-02 7.071168035655442212e-04 1.029393062156251908e-03
3.400000000000000244e-01 1.003077145268434833e+00 3.053249217076847363e-02 7.737029061288985040e-04 1.125414905159406991e-03
3.450000000000000289e-01 1.003255048200880628e+00 3.217426727236895323e-02 8.454778154664588678e-04 1.228814783986318738e-03
3.500000000000000333e-01 1.003438285217776782e+00 3.388610235386529945e-02 9.227655322878622031e-04 1.340043545290744162e-03
3.549999999999999822e-01 1.003626834268148693e+00 3.567041929784292575e-02 1.005905529338428205e-03 1.459572864668365246e-03
3.599999999999999867e-01 1.003820673490896542e+00 3.752970836049598913e-02 1.095253549916964638e-03 1.587896315295930305e-03
3.649999999999999911e-01 1.004019781212422524e+00 3.946653353558696870e-02 1.191181523172812722e-03 1.725529154968726605e-03
3.699999999999999956e-01 1.004224135944284502e+00 4.148353371202045253e-02 1.294079444234479560e-03 1.873010990695953915e-03
3.750000000000000000e-01 1.004433716380879638e+00 4.358342225839660633e-02 1.404353797475071334e-03 2.030903366693178128e-03
3.800000000000000044e-01 1.004648501397155336e+00 4.576899164369546691e-02 1.522430934111627422e-03 2.199794619518386819e-03
3.850000000000000089e-01 1.004868470046347273e+00 4.804311051513049380e-02 1.648754800627619211e-03 2.380296444968426749e-03
3.900000000000000133e-01 1.005093601557745631e+00 5.040873383659201512e-02 1.783789942431511337e-03 2.573048227945824197e-03
3.950000000000000178e-01 1.005323875334485528e+00 5.286888996533774948e-02 1.928020610846674148e-03 2.778715596201060054e-03
4.000000000000000222e-01 1.005559270951367434e+00 5.542670755384287301e-02 2.081952759640143518e-03 2.997993310153446340e-03
4.050000000000000266e-01 1.005799768152698448e+00 5.808538041802269875e-02 2.246112962025077417e-03 3.231603519833943679e-03
4.100000000000000311e-01 1.006045346850164002e+00 6.084820890255854958e-02 2.421050887849494123e-03 3.480299340235055473e-03
4.150000000000000355e-01 1.006295987120720881e+00 6.371857256243497469e-02 2.607338547843865602e-03 3.744863640580876722e-03
4.199999999999999845e-01 1.006551669204517108e+00 6.669994379642069093e-02 2.805572116228578512e-03 4.026111659917138916e-03
4.249999999999999889e-01 1.006812373502834479e+00 6.979588924971573405e-02 3.016372344270421869e-03 4.324891469210048398e-03
4.299999999999999933e-01 1.007078080576055967e+00 7.301006838962946499e-02 3.240385329659281784e-03 4.642085080604296463e-03
4.349999999999999978e-01 1.007348771141657329e+00 7.634623931953135600e-02 3.478282395197652890e-03 4.978608138659900220e-03
4.400000000000000022e-01 1.007624426072219359e+00 7.980825841464901649e-02 3.730762626281743360e-03 5.335413633405800687e-03
4.450000000000000067e-01 1.007905026393466796e+00 8.340007877859403895e-02 3.998551900997361283e-03 5.713490358781291023e-03
4.500000000000000111e-01 1.008190553282325652e+00 8.712575390175725243e-02 4.282405634816618088e-03 6.113866921035884631e-03
4.550000000000000155e-01 1.008480988065006079e+00 9.098944668749295306e-02 4.583107653174785419e-03 6.537609981255054423e-03
4.600000000000000200e-01 1.008776312215104998e+00 9.499541882775217050e-02 4.901473161829356280e-03 6.985828631258216188e-03
4.650000000000000244e-01 1.009076507351731156e+00 9.914804346969649518e-02 5.238346920382138186e-03 7.459671662575368886e-03
4.700000000000000289e-01 1.009381555237651273e+00 1.034517946715177994e-01 5.594605743629979533e-03 7.960331188007669506e-03
4.750000000000000333e-01 1.009691437777457068e+00 1.079112579624710300e-01 5.971161809587312991e-03 8.489047489679013916e-03
4.799999999999999822e-01 1.010006137015752481e+00 1.125311352864870468e-01 6.368959653381616598e-03 9.047104698222178248e-03
4.849999999999999867e-01 1.010325635135361333e+00 1.173162352863058588e-01 6.788978173661023262e-03 9.635833546439653841e-03
4.899999999999999911e-01 1.010649914455556075e+00 1.222714920949913298e-01 7.232232939749835138e-03 1.025661499488655058e-02
4.949999999999999956e-01 1.010978957430304748e+00 1.274019231911670824e-01 7.699775781993612074e-03 1.091087962923808184e-02
5.000000000000000000e-01 1.011312746646537475e+00 1.327127115462540252e-01 8.192697405924665929e-03 1.160011143451844182e-02
5.050000000000000044e-01 1.011651264822433394e+00 1.382091158051774460e-01 8.712129876219975796e-03 1.232585161912732805e-02
5.100000000000000089e-01 1.011994494805724676e+00 1.438965341935308506e-01 9.259239098868631002e-03 1.308968775618915559e-02
5.150000000000000133e-01 1.012342419572020980e+00 1.497804918180513645e-01 9.835238965649686568e-03 1.389327443739329579e-02
5.200000000000000178e-01 1.012695022223150554e+00 1.558666025901735697e-01 1.044138379738977426e-02 1.473832261714838089e-02
5.250000000000000222e-01 1.013052285985520662e+00 1.621606541733850715e-01 1.107896941466797805e-02 1.562660097757486224e-02
5.300000000000000266e-01 1.013414194208494434e+00 1.686685057664302767e-01 1.174933890964217735e-02 1.655994505292218005e-02
5.350000000000000311e-01 1.013780730362787486e+00 1.753961866954673599e-01 1.245387914088433474e-02 1.754025184890460956e-02
5.400000000000000355e-01 1.014151878038878962e+00 1.823498230433786560e-01 1.319403055483160149e-02 1.856949485355499641e-02
5.450000000000000400e-01 1.014527620945441466e+00 1.895356768896387378e-01 1.397127453813658618e-02 1.964970550469346058e-02
5.500000000000000444e-01 1.014907942907788518e+00 1.969601372986217458e-01 1.478714518507192287e-02 2.078299091484937799e-02
5.550000000000000488e-01 1.015292827866336012e+00 2.046297168318226833e-01 1.564323284848539997e-02 2.197153950098938019e-02
5.600000000000000533e-01 1.015682259875082316e+00 2.125510756974324511e-01 1.654117222185466987e-02 2.321760350743859794e-02
5.650000000000000577e-01 1.016076223100103704e+00 2.207309769169974456e-01 1.748265698372769572e-02 2.452352122331044951e-02
5.700000000000000622e-01 1.016474701818065096e+00 2.291763226003009357e-01 1.846943766539385981e-02 2.589171448932365074e-02
5.750000000000000666e-01 1.016877680414747243e+00 2.378941557091414083e-01 1.950332116526407727e-02 2.732468789212575896e-02
5.799999999999999600e-01 1.017285143383589441e+00 2.468916420222699026e-01 2.058616991289719672e-02 2.882502847921027817e-02
5.849999999999999645e-01 1.017697075324246692e+00 2.561760703131895078e-01 2.171990289619698047e-02 3.039540803216906478e-02
5.899999999999999689e-01 1.018113460941162618e+00 2.657548700759117533e-01 2.290651821133028385e-02 3.203861604200627933e-02
5.949999999999999734e-01 1.018534285042156151e+00 2.756355760802638444e-01 2.414805780938372726e-02 3.375750964407113475e-02
5.999999999999999778e-01 1.018959532537025314e+00 2.858259066682197203e-01 2.544663714668304530e-02 3.555505682203689843e-02
6.049999999999999822e-01 1.019389188436160998e+00 2.963336432400908160e-01 2.680443689697669524e-02 3.743432593185479218e-02
6.099999999999999867e-01 1.019823237849180497e+00 3.071667336688819749e-01 2.822370515736305485e-02 3.939848927202374562e-02
6.149999999999999911e-01 1.020261665983570154e+00 3.183332476379633347e-01 2.970676407251287079e-02 4.145083335380630313e-02
6.199999999999999956e-01 1.020704458143344873e+00 3.298413711759299316e-01 3.125599581646675701e-02 4.359474046129194896e-02
6.250000000000000000e-01 1.021151599727719406e+00 3.416994379247258462e-01 3.287387688396585517e-02 4.583373824318130729e-02
6.300000000000000044e-01 1.021603076229795626e+00 3.539158796790383699e-01 3.456293588929770788e-02 4.817144056816113906e-02
6.350000000000000089e-01 1.022058873235258902e+00 3.664992595982649592e-01 3.632580048220116625e-02 5.061161600202305350e-02
6.400000000000000133e-01 1.022518976421092685e+00 3.794582900987912288e-01 3.816515284123535995e-02 5.315812491000844464e-02
6.450000000000000178e-01 1.022983371554301524e+00 3.928017292612953071e-01 4.008377244513924853e-02 5.581498255784129309e-02
6.500000000000000222e-01 1.023452044490649859e+00 4.065385443280418176e-01 4.208452780820554073e-02 5.858634858231644843e-02
6.550000000000000266e-01 1.023924981173411908e+00 4.206777572409742816e-01 4.417035199664512413e-02 6.147649242551442988e-02
6.600000000000000311e-01 1.024402167632133542e+00 4.352285290654669958e-01 4.634428348892369320e-02 6.448985495767899090e-02
6.650000000000000355e-01 1.024883589981409493e+00 4.502001120807674894e-01 4.860942867163352971e-02 6.763099424329888087e-02
6.700000000000000400e-01 1.025369234419667430e+00 4.656018792173582388e-01 5.096901088035486749e-02 7.090466000890700837e-02
6.750000000000000444e-01 1.025859087227968924e+00 4.814433279027718338e-01 5.342633269079580249e-02 7.431573867239468778e-02
6.800000000000000488e-01 1.026353134768820174e+00 4.977340269685408547e-01 5.598478333175608418e-02 7.786926753969246329e-02
6.850000000000000533e-01 1.026851363484993174e+00 5.144836853855419001e-01 5.864785575642383203e-02 8.157045991292072307e-02
6.900000000000000577e-01 1.027353759898360641e+00 5.317020325747262577e-01 6.141915620848024254e-02 8.542472209421930751e-02
6.950000000000000622e-01 1.027860310608740946e+00 5.493990059725759600e-01 6.430237833953722504e-02 8.943761659863636027e-02
7.000000000000000666e-01 1.028371002292754355e+00 5.675845469447873270e-01 6.730131807482675477e-02 9.361488619892628649e-02
7.049999999999999600e-01 1.028885821702690384e+00 5.862686679277385737e-01 7.041988485997296987e-02 9.796247318848771979e-02
7.099999999999999645e-01 1.029404755665387139e+00 6.054615720753913077e-01 7.366208087158467033e-02 1.024864885936234704e-01
7.149999999999999689e-01 1.029927791081118427e+00 6.251734329479790020e-01 7.703205098564681885e-02 1.071932902555519235e-01
7.199999999999999734e-01 1.030454914922495746e+00 6.454145465954208571e-01 8.053401996669742879e-02 1.120893911612618754e-01
7.249999999999999778e-01 1.030986114233377604e+00 6.661953297218367043e-01 8.417233645421021149e-02 1.171815263788303085e-01
7.299999999999999822e-01 1.031521376127789047e+00 6.875261190682266932e-01 8.795147477707224160e-02 1.224766596388360829e-01
7.349999999999999867e-01 1.032060687788854958e+00 7.094175438062240158e-01 9.187603135300842494e-02 1.279819761985028781e-01
7.399999999999999911e-01 1.032604036467738684e+00 7.318800320430444151e-01 9.595072514656168006e-02 1.337048923968067737e-01
7.449999999999999956e-01 1.033151409482594651e+00 7.549242858317989358e-01 1.001803623103925678e-01 1.396529982297132211e-01
7.500000000000000000e-01 1.033702794217528753e+00 7.785609105125261831e-01 1.045699349984057364e-01 1.458342123089141906e-01
7.550000000000000044e-01 1.034258178121568061e+00 8.028006493992000392e-01 1.091245481128290673e-01 1.522566706708239626e-01
7.600000000000000089e-01 1.034817548707643198e+00 8.276542477360934180e-01 1.138493780895874774e-01 1.589286726310452647e-01
7.650000000000000133e-01 1.035380893551575587e+00 8.531325246109231486e-01 1.187498408191071525e-01 1.658589272458254604e-01
7.700000000000000178e-01 1.035948200291078702e+00 8.792462656484701933e-01 1.238314076146584536e-01 1.730562877553299683e-01
7.750000000000000222e-01 1.036519456624765523e+00 9.060063960720158294e-01 1.290996910647368989e-01 1.805298776980399644e-01
7.800000000000000266e-01 1.037094650311166655e+00 9.334237075868997424e-01 1.345605120870728977e-01 1.882891954160207382e-01
7.850000000000000311e-01 1.037673769167756666e+00 9.615091664211961042e-01 1.402197750776576768e-01 1.963439277894838964e-01
7.900000000000000355e-01 1.038256801069989743e+00 9.902736712482759218e-01 1.460835558616936092e-01 2.047040861709914228e-01
7.950000000000000400e-01 1.038843733950345127e+00 1.019728194095231855e+00 1.521580601409236455e-01 2.133799457006315403e-01
8.000000000000000444e-01 1.039434555797379867e+00 1.049883638144812448e+00 1.584496470426562942e-01 2.223820830529561476e-01
8.050000000000000488e-01 1.040029254654790458e+00 1.080750981835630453e+00 1.649648606329703615e-01 2.317214243224303694e-01
8.100000000000000533e-01 1.040627818620484257e+00 1.112341168452391837e+00 1.717103552505872543e-01 2.414091374332069662e-01
8.150000000000000577e-01 1.041230235845658436e+00 1.144665147473278743e+00 1.786930010547911618e-01 2.514567910662882100e-01
8.200000000000000622e-01 1.041836494533886492e+00 1.177733936491666134e+00 1.859197852085987535e-01 2.618762069875064658e-01
8.250000000000000666e-01 1.042446582940215416e+00 1.211558421142657993e+00 1.933978622734635888e-01 2.726795419117911679e-01
8.300000000000000711e-01 1.043060489370268407e+00 1.246149489208597583e+00 2.011345596212203712e-01 2.838792942829362898e-01
8.349999999999999645e-01 1.043678202179357140e+00 1.281518170751142938e+00 2.091373552446868511e-01 2.954882694316512404e-01
8.399999999999999689e-01 1.044299709771603135e+00 1.317675461255637392e+00 2.174139328702145157e-01 3.075196676386937056e-01
8.449999999999999734e-01 1.044925000599063569e+00 1.354632018737698562e+00 2.259721247230463137e-01 3.199870071856493192e-01
8.499999999999999778e-01 1.045554063160868408e+00 1.392398917516838752e+00 2.348199544064552002e-01 3.329041700659529646e-01
8.549999999999999822e-01 1.046186886002363758e+00 1.430986959460555541e+00 2.439655695094251897e-01 3.462853225483004671e-01
8.599999999999999867e-01 1.046823457714263217e+00 1.470407086977034927e+00 2.534173702642513182e-01 3.601450934666109438e-01
8.649999999999999911e-01 1.047463766931806317e+00 1.510670041960206156e+00 2.631838852782564797e-01 3.744984025653885773e-01
8.699999999999999956e-01 1.048107802333925420e+00 1.551786707261543219e+00 2.732738423131964578e-01 3.893605527014482592e-01
8.750000000000000000e-01 1.048755552642418598e+00 1.593767901912523932e+00 2.836961341228575462e-01 4.047471904535877019e-01
8.800000000000000044e-01 1.049407006621131844e+00 1.636624381456893262e+00 2.944598532286887282e-01 4.206743540798975611e-01
8.850000000000000089e-01 1.050062153075147497e+00 1.680367041597569999e+00 3.055742996990882809e-01 4.371584810131926568e-01
8.900000000000000133e-01 1.050720980849978670e+00 1.725006511532730213e+00 3.170489780149590708e-01 4.542164137780548283e-01
8.950000000000000178e-01 1.051383478830772988e+00 1.770553629361171888e+00 3.288934671599639814e-01 4.718651899873035904e-01
9.000000000000000222e-01 1.052049635941522787e+00 1.817019241326780721e+00 3.411176641163112810e-01 4.901224168334183395e-01
9.050000000000000266e-01 1.052719441144281065e+00 1.864414060545467544e+00 3.537316063359275953e-01 5.090060017569432160e-01
9.100000000000000311e-01 1.053392883438386107e+00 1.912748809406486838e+00 3.667454767644949265e-01 5.285341636911312646e-01
9.150000000000000355e-01 1.054069951859691656e+00 1.962034350709309427e+00 3.801698289665776942e-01 5.487257557624531934e-01
9.200000000000000400e-01 1.054750635479804632e+00 2.012281353907098502e+00 3.940152141938972896e-01 5.695997184980152728e-01
9.250000000000000444e-01 1.055434923405329073e+00 2.063500764109010177e+00 4.082924869154638814e-01 5.911755152883572118e-01
9.300000000000000488e-01 1.056122804777117841e+00 2.115703471196781038e+00 4.230125741650053173e-01 6.134728169259462405e-01
9.350000000000000533e-01 1.056814268769528553e+00 2.168900168205090573e+00 4.381868628627059725e-01 6.365120501943158926e-01
9.400000000000000577e-01 1.057509304589689725e+00 2.223101898540253529e+00 4.538265821744392192e-01 6.603134829374359693e-01
9.450000000000000622e-01 1.058207901476769797e+00 2.278319508358603418e+00 4.699435118794605959e-01 6.848982811036705698e-01
9.500000000000000666e-01 1.058910048701254603e+00 2.334564204871452553e+00 4.865493497968280678e-01 7.102875539971460483e-01
9.550000000000000711e-01 1.059615735564230832e+00 2.391846718025617768e+00 5.036561874727923938e-01 7.365030615552518034e-01
9.599999999999999645e-01 1.060324951396675930e+00 2.450178474026025732e+00 5.212762897185782007e-01 7.635668900438987716e-01
9.649999999999999689e-01 1.061037685558753330e+00 2.509570440302583805e+00 5.394218873846781115e-01 7.915011202315842542e-01
9.699999999999999734e-01 1.061753927439116119e+00 2.570033997288863503e+00 5.581057299185657739e-01 8.203286823222220026e-01
9.749999999999999778e-01 1.062473666454213594e+00 2.631580619229529905e+00 5.773406385194809198e-01 8.500726281333728096e-01
9.799999999999999822e-01 1.063196892047607145e+00 2.694221718990069014e+00 5.971395881557296503e-01 8.807563152564380493e-01
9.849999999999999867e-01 1.063923593689290348e+00 2.757968931631419096e+00 6.175157112020239758e-01 9.124033436642224881e-01
9.899999999999999911e-01 1.064653760875015509e+00 2.822833636677057445e+00 6.384824751760462824e-01 9.450378773705321311e-01
9.949999999999999956e-01 1.065387383125626419e+00 2.888828056532795951e+00 6.600535360613957181e-01 9.786843594721149620e-01
1.000000000000000000e+00 1.066124449986396217e+00 2.955964006017798962e+00 6.822424875138795031e-01 1.013367167949781322e+00
1.005000000000000115e+00 1.066864951026373021e+00 3.024256201209619466e+00 7.050653174438094029e-01 1.049114606138458861e+00
1.010000000000000009e+00 1.067608875837728233e+00 3.093714690212002072e+00 7.285344794185814044e-01 1.085949077358343562e+00
1.015000000000000124e+00 1.068356214035114826e+00 3.164351510309092674e+00 7.526642344454342881e-01 1.123895998528171569e+00
1.020000000000000018e+00 1.069106955255026969e+00 3.236179680693151539e+00 7.774691350801864465e-01 1.162981165997143407e+00
1.024999999999999911e+00 1.069861089155168976e+00 3.309211553638133463e+00 8.029639624989945990e-01 1.203230773851849067e+00
1.030000000000000027e+00 1.070618605413826918e+00 3.383460330425169360e+00 8.291635747309110682e-01 1.244671068635489819e+00
1.034999999999999920e+00 1.071379493729249344e+00 3.458939236963066932e+00 8.560830835947031980e-01 1.287328637498239114e+00
1.040000000000000036e+00 1.072143743819029771e+00 3.535661394856421058e+00 8.837377428610108110e-01 1.331230279717860343e+00
1.044999999999999929e+00 1.072911345419497398e+00 3.613640490575896980e+00 9.121427435091259417e-01 1.376402624925100460e+00
1.050000000000000044e+00 1.073682288285112474e+00 3.692890249330206487e+00 9.413139844004005941e-01 1.422873353519954254e+00
1.054999999999999938e+00 1.074456562187866782e+00 3.773424420279203773e+00 9.712669333031315189e-01 1.470669413052369867e+00
1.060000000000000053e+00 1.075234156916690775e+00 3.855257475454891836e+00 1.002017446427198033e+00 1.519818235706765108e+00
1.064999999999999947e+00 1.076015062276864054e+00 3.938403773141698760e+00 1.033581755376600908e+00 1.570347819146229451e+00
1.070000000000000062e+00 1.076799268089433603e+00 4.022877853443261209e+00 1.065975982595745553e+00 1.622285870366588778e+00
1.074999999999999956e+00 1.077586764190635593e+00 4.108694420040461814e+00 1.099216256948895909e+00 1.675659991355284095e+00
1.080000000000000071e+00 1.078377540431322945e+00 4.195869036780063510e+00 1.133319259022209424e+00 1.730498592761779975e+00
1.084999999999999964e+00 1.079171586676399119e+00 4.284416216367880281e+00 1.168301329537713151e+00 1.786829414274100136e+00
1.090000000000000080e+00 1.079968892804255898e+00 4.374352145996083685e+00 1.204179153270935831e+00 1.844680572265025686e+00
1.094999999999999973e+00 1.080769448706216718e+00 4.465692372405043464e+00 1.240969746255338624e+00 1.904080656361832213e+00
1.100000000000000089e+00 1.081573244285985780e+00 4.558453028851954691e+00 1.278689734927398236e+00 1.965057422754583172e+00
1.104999999999999982e+00 1.082380269459101152e+00 4.652649613154068220e+00 1.317356332341284686e+00 2.027639525137140186e+00
1.110000000000000098e+00 1.083190514152395201e+00 4.748299447865178102e+00 1.356986425281640152e+00 2.091854770732195945e+00
1.114999999999999991e+00 1.084003968303457022e+00 4.845418388469854953e+00 1.397597295833990172e+00 2.157731679597073349e+00
1.120000000000000107e+00 1.084820621860102863e+00 4.944023710564249718e+00 1.439206131839920300e+00 2.225298230896077811e+00
1.125000000000000000e+00 1.085640464779849657e+00 5.044132063272647848e+00 1.481829995415380408e+00 2.294582175916841660e+00
1.130000000000000115e+00 1.086463487029394992e+00 5.145760677818215889e+00 1.525486495077052140e+00 2.365611947672140225e+00
1.135000000000000009e+00 1.087289678584100638e+00 5.248927267794456952e+00 1.570192896296984220e+00 2.438415125150674712e+00
1.140000000000000124e+00 1.088119029427482509e+00 5.353648755886289301e+00 1.615966610423255512e+00 2.513019521599327621e+00
1.145000000000000018e+00 1.088951529550704622e+00 5.459943235856163035e+00 1.662825337814604731e+00 2.589453094930711963e+00
1.150000000000000133e+00 1.089787168952079055e+00 5.567828161816462895e+00 1.710786004388175963e+00 2.667742434157377218e+00
1.155000000000000027e+00 1.090625937636568565e+00 5.677321875545114693e+00 1.759866081612067257e+00 2.747914709091219265e+00
1.159999999999999920e+00 1.091467825615297427e+00 5.788441810848180324e+00 1.810083464372151285e+00 2.829997664730207418e+00
1.165000000000000036e+00 1.092312822905064262e+00 5.901206286787399335e+00 1.861455045241605433e+00 2.914017205753010042e+00
1.169999999999999929e+00 1.093160919527861763e+00 6.015633428403281080e+00 1.913998474991481347e+00 3.000000196872180780e+00
1.175000000000000044e+00 1.094012105510399513e+00 6.131741527203748987e+00 1.967730946844985729e+00 3.087972547775585053e+00
1.179999999999999938e+00 1.094866370883633921e+00 6.249549104591066495e+00 2.022669481672950909e+00 3.177959685795395561e+00
1.185000000000000053e+00 1.095723705682299487e+00 6.369073782903370784e+00 2.078831479098885993e+00 3.269987488552192900e+00
1.189999999999999947e+00 1.096584099944449830e+00 6.490334203014078263e+00 2.136233578613598638e+00 3.364080285388356018e+00
1.195000000000000062e+00 1.097447543710998508e+00 6.613348410536647570e+00 2.194893478444590595e+00 3.460263948780151200e+00
1.199999999999999956e+00 1.098314027025267592e+00 6.738134357846616851e+00 2.254826924650273234e+00 3.558560955114230318e+00
1.205000000000000071e+00 1.099183539932540254e+00 6.864710368811569374e+00 2.316051548669672666e+00 3.658996608735598510e+00
1.209999999999999964e+00 1.100056072479618674e+00 6.993094556723936428e+00 2.378583597056882937e+00 3.761593549397325376e+00
1.215000000000000080e+00 1.100931614714385054e+00 7.123304004966029446e+00 2.442439018933200590e+00 3.866374163408844211e+00
1.219999999999999973e+00 1.101810156685369746e+00 7.255356986511266371e+00 2.507634198285920935e+00 3.973360708799489327e+00
1.225000000000000089e+00 1.102691688441321372e+00 7.389270744656323053e+00 2.574185202479538415e+00 4.082575141325017754e+00
1.229999999999999982e+00 1.103576200030784493e+00 7.525062589244270406e+00 2.642107721815305954e+00 4.194038460705831639e+00
1.235000000000000098e+00 1.104463681501680172e+00 7.662749116447723274e+00 2.711417024206097981e+00 4.307770636065788139e+00
1.239999999999999991e+00 1.105354122900890967e+00 7.802347532665639740e+00 2.782128497003112155e+00 4.423791682137208525e+00
1.245000000000000107e+00 1.106247514273852595e+00 7.943874306730262624e+00 2.854257418374287703e+00 4.542121180225155541e+00
1.250000000000000000e+00 1.107143845664148030e+00 8.087344336910041065e+00 2.927817714968518725e+00 4.662776435178070500e+00
1.255000000000000115e+00 1.108043107113107384e+00 8.232774816201267498e+00 3.002824748654311815e+00 4.785776570266973451e+00
1.260000000000000009e+00 1.108945288659413109e+00 8.380180254777354065e+00 3.079291514477135117e+00 4.911136756143835491e+00
1.265000000000000124e+00 1.109850380338708309e+00 8.529575554501851897e+00 3.157232599064107692e+00 5.038874598437069530e+00
1.270000000000000018e+00 1.110758372183210829e+00 8.680975120812387757e+00 3.236660866142280213e+00 5.169004629613472623e+00
1.275000000000000133e+00 1.111669254221331116e+00 8.834393464149101760e+00 3.317589481938636009e+00 5.301541558700037626e+00
1.280000000000000027e+00 1.112583016477296738e+00 8.989842985534844289e+00 3.400030850767779889e+00 5.436498886805473774e+00
1.284999999999999920e+00 1.113499648970778022e+00 9.147336979894353348e+00 3.483997357752611546e+00 5.573889634356493872e+00
1.290000000000000036e+00 1.114419141716522343e+00 9.306887755045696764e+00 3.569500682781321377e+00 5.713725496306600427e+00
1.294999999999999929e+00 1.115341484723989307e+00 9.468507404913738768e+00 3.656552348581127099e+00 5.856017745862624579e+00
1.300000000000000044e+00 1.116266667996994588e+00 9.632206214749471584e+00 3.745163001796003588e+00 6.000776088825172216e+00
1.304999999999999938e+00 1.117194681533353773e+00 9.797995364439730182e+00 3.835343233046535349e+00 6.148009790852791312e+00
1.310000000000000053e+00 1.118125515324534858e+00 9.965883381218622716e+00 3.927102586617646995e+00 6.297726575751864786e+00
1.314999999999999947e+00 1.119059159355313193e+00 1.013588051137947943e+01 4.020450644835735332e+00 6.449933264475616213e+00
1.320000000000000062e+00 1.119995603603431533e+00 1.030799381958376237e+01 4.115396240677740458e+00 6.604636261056688440e+00
1.324999999999999956e+00 1.120934838039265857e+00 1.048223178530020405e+01 4.211947744047578546e+00 6.761840332397921038e+00
1.330000000000000071e+00 1.121876852625492305e+00 1.065860029011045818e+01 4.310113231337578732e+00 6.921549829653879549e+00
1.334999999999999964e+00 1.122821637316764765e+00 1.083710548416224029e+01 4.409899177042600371e+00 7.083766334165257028e+00
1.340000000000000080e+00 1.123769182059389804e+00 1.101775150370328760e+01 4.511312802425725188e+00 7.248492685307648564e+00
1.344999999999999973e+00 1.124719476791012696e+00 1.120054386033058691e+01 4.614360230676647134e+00 7.415729317288942468e+00
1.350000000000000089e+00 1.125672511440304557e+00 1.138548467850511692e+01 4.719046268550199486e+00 7.585474469023274047e+00
1.354999999999999982e+00 1.126628275926654377e+00 1.157257703720661191e+01 4.825376719403444703e+00 7.757728297780499993e+00
1.360000000000000098e+00 1.127586760159866808e+00 1.176182185788898593e+01 4.933354945728247287e+00 7.932486632037060836e+00
1.364999999999999991e+00 1.128547954039863965e+00 1.195321973751166134e+01 5.042985080137837528e+00 8.109746020029604097e+00
1.370000000000000107e+00 1.129511847456391438e+00 1.214676971710720110e+01 5.154269740817545298e+00 8.289501261525108688e+00
1.375000000000000000e+00 1.130478430288730518e+00 1.234247038751586167e+01 5.267211242179893560e+00 8.471745448092539377e+00
1.380000000000000115e+00 1.131447692405412875e+00 1.254031956088318545e+01 5.381811059677540143e+00 8.656471369677987582e+00
1.385000000000000009e+00 1.132419623663941444e+00 1.274031400602118502e+01 5.498070192322047411e+00 8.843669731897405129e+00
1.390000000000000124e+00 1.133394213910515980e+00 1.294244782953244410e+01 5.615989278818760866e+00 9.033331897237756536e+00
1.395000000000000018e+00 1.134371452979762385e+00 1.314671735022403176e+01 5.735567300933904988e+00 9.225445262384468492e+00
1.400000000000000133e+00 1.135351330694467364e+00 1.335311488673954017e+01 5.856803359109511220e+00 9.419997772952012127e+00
1.405000000000000027e+00 1.136333836865317526e+00 1.356163276196153511e+01 5.979695423365305906e+00 9.616975915340036707e+00
1.409999999999999920e+00 1.137318961290643582e+00 1.377226336720978850e+01 6.104241595486580962e+00 9.816365594991255605e+00
1.415000000000000036e+00 1.138306693756168331e+00 1.398499554984989857e+01 6.230437819193090476e+00 1.001814956928842548e+01
1.419999999999999929e+00 1.139297024034760630e+00 1.419981933884482750e+01 6.358280837520460693e+00 1.022231171510541436e+01
1.425000000000000044e+00 1.140289941886192482e+00 1.441672311691433528e+01 6.487765416228514326e+00 1.042883260604882700e+01
1.429999999999999938e+00 1.141285437056903218e+00 1.463569256154609022e+01 6.618886451429280449e+00 1.063769356624379014e+01
1.435000000000000053e+00 1.142283499279765024e+00 1.485671671380443648e+01 6.751638662834955618e+00 1.084887451537326442e+01
1.439999999999999947e+00 1.143284118273856675e+00 1.507977907433071785e+01 6.886014532869588756e+00 1.106235255229213799e+01
1.445000000000000062e+00 1.144287283744239936e+00 1.530486298132293577e+01 7.022006936110920527e+00 1.127810519603313999e+01
1.449999999999999956e+00 1.145292985381740625e+00 1.553195337311078106e+01 7.159606863316066772e+00 1.149610669365858229e+01
1.455000000000000071e+00 1.146301212862736563e+00 1.576103055026371003e+01 7.298806558765537744e+00 1.171633355602281412e+01
1.459999999999999964e+00 1.147311955848947074e+00 1.599207677678026940e+01 7.439597212219253741e+00 1.193876083098236407e+01
1.465000000000000080e+00 1.148325203987230259e+00 1.622507265140323796e+01 7.581966272858985612e+00 1.216335656773827623e+01
1.469999999999999973e+00 1.149340946909383598e+00 1.645999600181702149e+01 7.725905499783690011e+00 1.239009696874791189e+01
1.475000000000000089e+00 1.150359174231948334e+00 1.669682555770753396e+01 7.871401410748896765e+00 1.261894910840793216e+01
1.479999999999999982e+00 1.151379875556021837e+00 1.693553913747305018e+01 8.018444370719720382e+00 1.284988687277394881e+01
1.485000000000000098e+00 1.152403040467071982e+00 1.717611267756106486e+01 8.167018432034247155e+00 1.308287263829624081e+01
1.489999999999999991e+00 1.153428658534756623e+00 1.741852123147823406e+01 8.317112606912667516e+00 1.331787879854779177e+01
1.495000000000000107e+00 1.154456719312749513e+00 1.766274178886317614e+01 8.468712217380536700e+00 1.355486987214783845e+01
1.500000000000000000e+00 1.155487212338569769e+00 1.790874553733810615e+01 8.621802232236342789e+00 1.379381142604285237e+01
1.505000000000000115e+00 1.156520127133416675e+00 1.815650667977714150e+01 8.776368897119215973e+00 1.403467043492229394e+01
1.510000000000000009e+00 1.157555453202008700e+00 1.840599744432527274e+01 8.932394722076372418e+00 1.427740769641308205e+01
1.515000000000000124e+00 1.158593180032429393e+00 1.865718918624039091e+01 9.089864731228274763e+00 1.452198881377239559e+01
1.520000000000000018e+00 1.159633297095975069e+00 1.891005352510218529e+01 9.248760604235378935e+00 1.476837297801556304e+01
1.525000000000000133e+00 1.160675793847010029e+00 1.916455897092750860e+01 9.409067259096742575e+00 1.501652638786639571e+01
1.530000000000000027e+00 1.161720659722826676e+00 1.942067624703893713e+01 9.570764374123168494e+00 1.526640494329431696e+01
1.535000000000000142e+00 1.162767884143507846e+00 1.967837406481583784e+01 9.733836417956009512e+00 1.551797372729562419e+01
1.540000000000000036e+00 1.163817456511797577e+00 1.993762024895951512e+01 9.898261641785689235e+00 1.577118700896202164e+01
1.544999999999999929e+00 1.164869366212974766e+00 2.019838227726965130e+01 1.006402248545448863e+01 1.602600702394327570e+01
1.550000000000000044e+00 1.165923602614732379e+00 2.046062677115505224e+01 1.023109873909612588e+01 1.628239083829403455e+01
1.554999999999999938e+00 1.166980155067061542e+00 2.072432138982744121e+01 1.039947106895474072e+01 1.654029681951138642e+01
1.560000000000000053e+00 1.168039012902141183e+00 2.098943233925070118e+01 1.056911764369413831e+01 1.679968043995140192e+01
1.564999999999999947e+00 1.169100165434231231e+00 2.125592489415888764e+01 1.074001901393357805e+01 1.706050015892224181e+01
1.570000000000000062e+00 1.170163601959574473e+00 2.152376377220796400e+01 1.091215364359476858e+01 1.732271244330095428e+01
1.574999999999999956e+00 1.171229311756297298e+00 2.179291408005977004e+01 1.108550047361956281e+01 1.758627384224698176e+01
1.580000000000000071e+00 1.172297284084322211e+00 2.206334172948357164e+01 1.126003518072402798e+01 1.785113381929163623e+01
1.584999999999999964e+00 1.173367508185281460e+00 2.233500841944801962e+01 1.143573890693616413e+01 1.811725524509175855e+01
1.590000000000000080e+00 1.174439973282435989e+00 2.260788001680859338e+01 1.161258600749121683e+01 1.838458693663973875e+01
1.594999999999999973e+00 1.175514668580601496e+00 2.288191963711351562e+01 1.179055632527373376e+01 1.865308604810174131e+01
1.600000000000000089e+00 1.176591583266077601e+00 2.315709154021458005e+01 1.196962704583317461e+01 1.892270786450104580e+01
1.604999999999999982e+00 1.177670706506583453e+00 2.343335849766255663e+01 1.214977256773812009e+01 1.919340208225587219e+01
1.610000000000000098e+00 1.178752027451198003e+00 2.371068396725502581e+01 1.233097316718613889e+01 1.946512779119123238e+01
1.614999999999999991e+00 1.179835535230304933e+00 2.398903150299524967e+01 1.251320221771515939e+01 1.973783433728350545e+01
1.620000000000000107e+00 1.180921218955544472e+00 2.426836274066118904e+01 1.269643778927454036e+01 2.001147840333871741e+01
1.625000000000000000e+00 1.182009067719768769e+00 2.454864157002841196e+01 1.288065538897019735e+01 2.028601084350871986e+01
1.630000000000000115e+00 1.183099070597002811e+00 2.482983276879196310e+01 1.306583184599593750e+01 2.056138638046429534e+01
1.635000000000000009e+00 1.184191216642411337e+00 2.511189843314217640e+01 1.325194338845706632e+01 2.083755931107240755e+01
1.640000000000000124e+00 1.185285494892271307e+00 2.539480078266436180e+01 1.343896519099810050e+01 2.111448111041066866e+01
1.645000000000000018e+00 1.186381894363947032e+00 2.567850211217392697e+01 1.362687332141044827e+01 2.139210662414647146e+01
1.650000000000000133e+00 1.187480404055874628e+00 2.596296855359915412e+01 1.381564510205889640e+01 2.167039054928487474e+01
1.655000000000000027e+00 1.188581012947548476e+00 2.624816433856606324e+01 1.400525604946579250e+01 2.194928532590918380e+01
1.660000000000000142e+00 1.189683709999514560e+00 2.653404831262207608e+01 1.419567980025108334e+01 2.222874277463412085e+01
1.665000000000000036e+00 1.190788484153369131e+00 2.682058939213141713e+01 1.438689567850276951e+01 2.250872111810604537e+01
1.669999999999999929e+00 1.191895324331762041e+00 2.710775066187379423e+01 1.457887816824723082e+01 2.278917210957002837e+01
1.675000000000000044e+00 1.193004219438406732e+00 2.739549593465984501e+01 1.477160383976729285e+01 2.307005103489188258e+01
1.679999999999999938e+00 1.194115158358093565e+00 2.768379018878016140e+01 1.496504848853315472e+01 2.335131192470860029e+01
1.685000000000000053e+00 1.195228129956711127e+00 2.797259682490086163e+01 1.515918735232337333e+01 2.363290940963987907e+01
1.689999999999999947e+00 1.196343123081270665e+00 2.826188346165879040e+01 1.535399871493381241e+01 2.391480027007800757e+01
1.695000000000000062e+00 1.197460126559938276e+00 2.855161534454324723e+01 1.554945773640285189e+01 2.419693790707179204e+01
1.699999999999999956e+00 1.198579129202069993e+00 2.884175994359322104e+01 1.574554304156723639e+01 2.447928177943230565e+01
1.705000000000000071e+00 1.199700119798254416e+00 2.913228128382134585e+01 1.594222804667213822e+01 2.476178267463927796e+01
1.709999999999999964e+00 1.200823087120360011e+00 2.942314667666921224e+01 1.613949289316941105e+01 2.504440342890872273e+01
1.715000000000000080e+00 1.201948019921588173e+00 2.971432538082394714e+01 1.633731271950220787e+01 2.532709600575901376e+01
1.719999999999999973e+00 1.203074906936531852e+00 3.000578347724898620e+01 1.653566759556489174e+01 2.560982429591432563e+01
1.725000000000000089e+00 1.204203736881238829e+00 3.029749061390590725e+01 1.673453161130533928e+01 2.589253931706077694e+01
1.729999999999999982e+00 1.205334498453282777e+00 3.058941697404700477e+01 1.693388637562241072e+01 2.617520529032072929e+01
1.735000000000000098e+00 1.206467180331836975e+00 3.088152735181365927e+01 1.713370472000887546e+01 2.645777397981780510e+01
1.739999999999999991e+00 1.207601771177756689e+00 3.117379599529543555e+01 1.733396998803389977e+01 2.674021207551421142e+01
1.745000000000000107e+00 1.208738259633664436e+00 3.146619187754163605e+01 1.753465975746642158e+01 2.702247877622641781e+01
1.750000000000000000e+00 1.209876634324042799e+00 3.175868541902192277e+01 1.773574920082538497e+01 2.730452781179351618e+01
1.755000000000000115e+00 1.211016883855332349e+00 3.205124869195513782e+01 1.793722165588987849e+01 2.758632740413941775e+01
1.760000000000000009e+00 1.212158996816034451e+00 3.234385412761818657e+01 1.813905575934467151e+01 2.786783830740881029e+01
1.765000000000000124e+00 1.213302961776821398e+00 3.263647481216802504e+01 1.834123003587771095e+01 2.814902012540653331e+01
1.770000000000000018e+00 1.214448767290650766e+00 3.292908199710769424e+01 1.854372311551620811e+01 2.842983367446232990e+01
1.775000000000000133e+00 1.215596401892885980e+00 3.322165073883749642e+01 1.874651828929909669e+01 2.871024693741442491e+01
1.780000000000000027e+00 1.216745854101423552e+00 3.351415547347085777e+01 1.894959255665937903e+01 2.899021809854847120e+01
1.785000000000000142e+00 1.217897112416823635e+00 3.380656909446305036e+01 1.915292914558202497e+01 2.926971646387683279e+01
1.790000000000000036e+00 1.219050165322449919e+00 3.409887193628624402e+01 1.935650908678224624e+01 2.954870375548294348e+01
1.794999999999999929e+00 1.220205001284612623e+00 3.439103660498076209e+01 1.956031349712355549e+01 2.982714762701397859e+01
1.800000000000000044e+00 1.221361608752716377e+00 3.468304188133727450e+01 1.976432519817067046e+01 3.010501490441417261e+01
1.804999999999999938e+00 1.222519976159418986e+00 3.497486137314106713e+01 1.996852172757417776e+01 3.038226501735128338e+01
1.810000000000000053e+00 1.223680091920789526e+00 3.526647818074989260e+01 2.017289290882828467e+01 3.065887704016330062e+01
1.814999999999999947e+00 1.224841944436477315e+00 3.555787015683937824e+01 2.037741758062984943e+01 3.093481174185470195e+01
1.820000000000000062e+00 1.226005522089884225e+00 3.584901377615937434e+01 2.058207674726976322e+01 3.121003478444101731e+01
1.824999999999999956e+00 1.227170813248343206e+00 3.613989244937077672e+01 2.078685938026422875e+01 3.148452467690900747e+01
1.830000000000000071e+00 1.228337806263303689e+00 3.643048516384328650e+01 2.099174613775762666e+01 3.175824435755218644e+01
1.834999999999999964e+00 1.229506489470522324e+00 3.672077194887942397e+01 2.119671934348609810e+01 3.203116228829428991e+01
1.840000000000000080e+00 1.230676851190258825e+00 3.701073684355219484e+01 2.140176706525512529e+01 3.230325494257900942e+01
1.844999999999999973e+00 1.231848879727479362e+00 3.730035989702093246e+01 2.160687226991067078e+01 3.257449144826407661e+01
1.850000000000000089e+00 1.233022563372064173e+00 3.758962834757070226e+01 2.181202151662319011e+01 3.284484381222345917e+01
1.854999999999999982e+00 1.234197890399023168e+00 3.787852153738787564e+01 2.201720036232775257e+01 3.311428785830131716e+01
1.860000000000000098e+00 1.235374849068715752e+00 3.816702559686488883e+01 2.222239328597981967e+01 3.338279276822258623e+01
1.864999999999999991e+00 1.236553427627077095e+00 3.845512613753524533e+01 2.242758753362360480e+01 3.365033301849282310e+01
1.870000000000000107e+00 1.237733614305851271e+00 3.874280847815133200e+01 2.263277016054282598e+01 3.391688473620756383e+01
1.875000000000000000e+00 1.238915397322829737e+00 3.903005932046270487e+01 2.283792828898070937e+01 3.418242311868218053e+01
1.880000000000000115e+00 1.240098764882095139e+00 3.931686267541196855e+01 2.304304836586677752e+01 3.444692422344589033e+01
1.885000000000000009e+00 1.241283705174272667e+00 3.960320766442568896e+01 2.324811886223137947e+01 3.471036291423224185e+01
1.890000000000000124e+00 1.242470206376787178e+00 3.988908255770876110e+01 2.345312836235950371e+01 3.497271653387610968e+01
1.895000000000000018e+00 1.243658256654124994e+00 4.017447794832482799e+01 2.365806676001066577e+01 3.523396720985719810e+01
1.900000000000000133e+00 1.244847844158103012e+00 4.045937827051555757e+01 2.386291729730707800e+01 3.549408385714166769e+01
1.905000000000000027e+00 1.246038957028144711e+00 4.074377892275231972e+01 2.406767796715911700e+01 3.575305766659042916e+01
1.910000000000000142e+00 1.247231583391559262e+00 4.102766549744425362e+01 2.427233020503907923e+01 3.601085565589870185e+01
1.915000000000000036e+00 1.248425711363831514e+00 4.131102970964362697e+01 2.447686705588449740e+01 3.626746320249950628e+01
1.919999999999999929e+00 1.249621329048912655e+00 4.159386371675970651e+01 2.468127836399925457e+01 3.652285932094311960e+01
1.925000000000000044e+00 1.250818424539521745e+00 4.187616079566479499e+01 2.488555725734793356e+01 3.677702901326917839e+01
1.929999999999999938e+00 1.252016985917450365e+00 4.215791105035492592e+01 2.508969152741802588e+01 3.702994958883333965e+01
1.935000000000000053e+00 1.253217001253874363e+00 4.243911063526696381e+01 2.529367515765311225e+01 3.728160549884668740e+01
1.939999999999999947e+00 1.254418458609672937e+00 4.271974789978958142e+01 2.549749521372381977e+01 3.753197397208497677e+01
1.945000000000000062e+00 1.255621346035752151e+00 4.299982130007987990e+01 2.570114891727765283e+01 3.778104639469651715e+01
1.949999999999999956e+00 1.256825651573374891e+00 4.327932328501287174e+01 2.590462452528368686e+01 3.802879846180556456e+01
1.955000000000000071e+00 1.258031363254499713e+00 4.355825054770452454e+01 2.610791715520414868e+01 3.827521891144687771e+01
1.959999999999999964e+00 1.259238469102119673e+00 4.383659761242666519e+01 2.631102002185873090e+01 3.852029336935922288e+01
1.965000000000000080e+00 1.260446957130616275e+00 4.411436042679385849e+01 2.651392514512722087e+01 3.876400449942547510e+01
1.969999999999999973e+00 1.261656815346111182e+00 4.439153417621762543e+01 2.671662304820083378e+01 3.900633277047122505e+01
1.975000000000000089e+00 1.262868031746829489e+00 4.466811853524520615e+01 2.691911387351187557e+01 3.924727435768509309e+01
1.979999999999999982e+00 1.264080594323466533e+00 4.494410896659638155e+01 2.712138687201723286e+01 3.948680743173878227e+01
1.985000000000000098e+00 1.265294491059563597e+00 4.521950504156669126e+01 2.732343963602272652e+01 3.972492399841404875e+01
1.989999999999999991e+00 1.266509709931886274e+00 4.549430237582635073e+01 2.752526410524234990e+01 3.996160780678357582e+01
1.995000000000000107e+00 1.267726238910813485e+00 4.576850222900710463e+01 2.772685669180054902e+01 4.019684641016294080e+01
2.000000000000000000e+00 1.268944065960727619e+00 4.604210253271013187e+01 2.792821354667347578e+01 4.043063181941626993e+01
2.004999999999999893e+00 1.270163179040415979e+00 4.631510360800006509e+01 2.812933105779270093e+01 4.066295310787285189e+01
2.010000000000000231e+00 1.271383566103475360e+00 4.658750727124697022e+01 2.833020449935402851e+01 4.089379564576405812e+01
2.015000000000000124e+00 1.272605215098723486e+00 4.685930894226223131e+01 2.853082660646976976e+01 4.112314656709513372e+01
2.020000000000000018e+00 1.273828113970618237e+00 4.713051281152709748e+01 2.873119899562385982e+01 4.135100264303887485e+01
2.024999999999999911e+00 1.275052250659680864e+00 4.740111951229316389e+01 2.893131480427687663e+01 4.157734793790403671e+01
2.030000000000000249e+00 1.276277613102927866e+00 4.767113119326673853e+01 2.913117243379418042e+01 4.180217312984862588e+01
2.035000000000000142e+00 1.277504189234306420e+00 4.794054892800141943e+01 2.933077107455975963e+01 4.202547716135617861e+01
2.040000000000000036e+00 1.278731966985139357e+00 4.820937446944066096e+01 2.953010494254929696e+01 4.224724158913597449e+01
2.044999999999999929e+00 1.279960934284574359e+00 4.847761161871538604e+01 2.972917253691678496e+01 4.246745931059160739e+01
2.049999999999999822e+00 1.281191079060038929e+00 4.874526234916138634e+01 2.992797468483696477e+01 4.268612993291669255e+01
2.055000000000000160e+00 1.282422389237703575e+00 4.901233189040597438e+01 3.012650834140977452e+01 4.290323906020079647e+01
2.060000000000000053e+00 1.283654852742951435e+00 4.927882281213455684e+01 3.032477234883446826e+01 4.311878228863200491e+01
2.064999999999999947e+00 1.284888457500850345e+00 4.954473515527825356e+01 3.052276090874219605e+01 4.333274488129468693e+01
2.069999999999999840e+00 1.286123191436637780e+00 4.981008245419503311e+01 3.072048241049018458e+01 4.354513272575341176e+01
2.075000000000000178e+00 1.287359042476205584e+00 5.007485874125563186e+01 3.091792648184240022e+01 4.375592785374921334e+01
2.080000000000000071e+00 1.288595998546594679e+00 5.033907948933549648e+01 3.111510245089441895e+01 4.396513548288521633e+01
2.084999999999999964e+00 1.289834047576496001e+00 5.060273904308215265e+01 3.131200124467336465e+01 4.417273884440734832e+01
2.089999999999999858e+00 1.291073177496757207e+00 5.086584908011814576e+01 3.150862577404879872e+01 4.437873539489342534e+01
2.095000000000000195e+00 1.292313376240894485e+00 5.112841637114743776e+01 3.170497894052765986e+01 4.458312109237603238e+01
2.100000000000000089e+00 1.293554631745612582e+00 5.139044387620647569e+01 3.190105952740255901e+01 4.478589447401540014e+01
2.104999999999999982e+00 1.294796931951329721e+00 5.165193882570108030e+01 3.209686648793731933e+01 4.498704223982121420e+01
2.109999999999999876e+00 1.296040264802710951e+00 5.191290912762120513e+01 3.229240423985071118e+01 4.518656703213547843e+01
2.115000000000000213e+00 1.297284618249205046e+00 5.217335674810324520e+01 3.248766842860999304e+01 4.538445878997233507e+01
2.120000000000000107e+00 1.298529980245588522e+00 5.243329445461594673e+01 3.268266530252004287e+01 4.558071655370866893e+01
2.125000000000000000e+00 1.299776338752518745e+00 5.269272904863452567e+01 3.287739766906218364e+01 4.577534017973290759e+01
2.129999999999999893e+00 1.301023681737088600e+00 5.295166445779863551e+01 3.307186231089535511e+01 4.596831967380722972e+01
2.135000000000000231e+00 1.302271997173391371e+00 5.321010732850258762e+01 3.326605902392284264e+01 4.615964681806961778e+01
2.140000000000000124e+00 1.303521273043090511e+00 5.346807454086373923e+01 3.346000181062969148e+01 4.634933597184389242e+01
2.145000000000000018e+00 1.304771497335994956e+00 5.372556111475338270e+01 3.365367691980493703e+01 4.653736115917008220e+01
2.149999999999999911e+00 1.306022658050641327e+00 5.398258748474722069e+01 3.384710030632108158e+01 4.672373731585516765e+01
2.155000000000000249e+00 1.307274743194883682e+00 5.423914765654376424e+01 3.404026516108222467e+01 4.690845754345117768e+01
2.160000000000000142e+00 1.308527740786487481e+00 5.449526813873004016e+01 3.423318172504540513e+01 4.709151460134219747e+01
2.165000000000000036e+00 1.309781638853730668e+00 5.475094675908648156e+01 3.442584667857634884e+01 4.727290492028159008e+01
2.169999999999999929e+00 1.311036425436011399e+00 5.500619211766466776e+01 3.461826305478356147e+01 4.745262580986791789e+01
2.175000000000000266e+00 1.312292088584462002e+00 5.526101691702837826e+01 3.481043723171608661e+01 4.763067954534756154e+01
2.180000000000000160e+00 1.313548616362568033e+00 5.551543305838624320e+01 3.500237472142508466e+01 4.780706485429833208e+01
2.185000000000000053e+00 1.314805996846795111e+00 5.576944423149701180e+01 3.519407440014764177e+01 4.798177580134362330e+01
2.189999999999999947e+00 1.316064218127219965e+00 5.602306342783828796e+01 3.538554158303156072e+01 4.815481082748471664e+01
2.194999999999999840e+00 1.317323268308171258e+00 5.627630219046279336e+01 3.557678500162382562e+01 4.832617697372771204e+01
2.200000000000000178e+00 1.318583135508872406e+00 5.652916528259578399e+01 3.576779907042975992e+01 4.849585764325058790e+01
2.205000000000000071e+00 1.319843807864092611e+00 5.678166500934808170e+01 3.595859323577803224e+01 4.866386032818354579e+01
2.209999999999999964e+00 1.321105273524805224e+00 5.703381014722206288e+01 3.614916822134655661e+01 4.883017805012832468e+01
2.214999999999999858e+00 1.322367520658849438e+00 5.728561685830443651e+01 3.633953602692150042e+01 4.899481890526136851e+01
2.220000000000000195e+00 1.323630537451601530e+00 5.753708910875324989e+01 3.652969437485449333e+01 4.915777562731235406e+01
2.225000000000000089e+00 1.324894312106648098e+00 5.778824051976780396e+01 3.671964943462067765e+01 4.931904574129421803e+01
2.229999999999999982e+00 1.326158832846469293e+00 5.803908353233545370e+01 3.690940750410686633e+01 4.947862955791592299e+01
2.234999999999999876e+00 1.327424087913126938e+00 5.828962234480221127e+01 3.709896958571226122e+01 4.963652475262023955e+01
2.240000000000000213e+00 1.328690065568957523e+00 5.853987871127945652e+01 3.728834981299578999e+01 4.979274001688580853e+01
2.245000000000000107e+00 1.329956754097271210e+00 5.878985222197272265e+01 3.747753931933427651e+01 4.994725578578238157e+01
2.250000000000000000e+00 1.331224141803060590e+00 5.903955998872889666e+01 3.766655394888457664e+01 5.010008768989661121e+01
2.254999999999999893e+00 1.332492217013710345e+00 5.928901130528306140e+01 3.785539490777339466e+01 5.025122911096198663e+01
2.260000000000000231e+00 1.333760968079716003e+00 5.953821944576748137e+01 3.804406781457588949e+01 5.040067744776683867e+01
2.265000000000000124e+00 1.335030383375409135e+00 5.978719233211666051e+01 3.823257796747283521e+01 5.054843382981834310e+01
2.270000000000000018e+00 1.336300451299685221e+00 6.003594321927173638e+01 3.842092983623417268e+01 5.069449586139860031e+01
2.274999999999999911e+00 1.337571160276742388e+00 6.028448587406193582e+01 3.860913390849335514e+01 5.083886919739870081e+01
2.280000000000000249e+00 1.338842498756821042e+00 6.053282867123180466e+01 3.879719102253019969e+01 5.098154740032389043e+01
2.285000000000000142e+00 1.340114455216953049e+00 6.078098447125821480e+01 3.898510956568990338e+01 5.112253357935163933e+01
2.290000000000000036e+00 1.341387018161716460e+00 6.102896810341781730e+01 3.917289724122759509e+01 5.126182683919578409e+01
2.294999999999999929e+00 1.342660176123993576e+00 6.127678258640356290e+01 3.936055202970101874e+01 5.139942085206764943e+01
2.300000000000000266e+00 1.343933917665737443e+00 6.152445076240733357e+01 3.954809233408884239e+01 5.153532897208904018e+01
2.305000000000000160e+00 1.345208231378743458e+00 6.177197236137924818e+01 3.973550908504970636e+01 5.166953039516899082e+01
2.310000000000000053e+00 1.346483105885426967e+00 6.201937044174052005e+01 3.992282153516186582e+01 5.180204280622883317e+01
2.314999999999999947e+00 1.347758529839606201e+00 6.226664876556588268e+01 4.011002915278981362e+01 5.193285873331242186e+01
2.319999999999999840e+00 1.349034491927291413e+00 6.251382592333479948e+01 4.029714242333932361e+01 5.206197966337080629e+01
2.325000000000000178e+00 1.350310980867478472e+00 6.276091048912527270e+01 4.048416559999127173e+01 5.218940549568174703e+01
2.330000000000000071e+00 1.351587985412951776e+00 6.300791223342390168e+01 4.067110290918435567e+01 5.231513248111239278e+01
2.334999999999999964e+00 1.352865494351088493e+00 6.325484460794227459e+01 4.085796169474269846e+01 5.243916058624061804e+01
2.339999999999999858e+00 1.354143496504671029e+00 6.350172041131156675e+01 4.104475124655124318e+01 5.256149596345743191e+01
2.345000000000000195e+00 1.355421980732705700e+00 6.374855370016733502e+01 4.123147747601280599e+01 5.268213381175758059e+01
2.350000000000000089e+00 1.356700935931243857e+00 6.399535486463491907e+01 4.141814755127377623e+01 5.280107666403598898e+01
2.354999999999999982e+00 1.357980351034212774e+00 6.424213066097708236e+01 4.160476164515502262e+01 5.291831804194526256e+01
2.359999999999999876e+00 1.359260215014249207e+00 6.448890239232181898e+01 4.179133430864271759e+01 5.303386066068256355e+01
2.365000000000000213e+00 1.360540516883539608e+00 6.473567607312484995e+01 4.197787068990413673e+01 5.314771285990200766e+01
2.370000000000000107e+00 1.361821245694665894e+00 6.498246858912533241e+01 4.216437792220288827e+01 5.325986482220604756e+01
2.375000000000000000e+00 1.363102390541456321e+00 6.522928698440955486e+01 4.235086102278833664e+01 5.337032227769800841e+01
2.379999999999999893e+00 1.364383940559842134e+00 6.547614531023421591e+01 4.253732773126805711e+01 5.347908371155237006e+01
2.385000000000000231e+00 1.365665884928720875e+00 6.572305460867845284e+01 4.272378118803484170e+01 5.358613829637106107e+01
2.390000000000000124e+00 1.366948212870820356e+00 6.597002691726672197e+01 4.291023319304182593e+01 5.369150203371035701e+01
2.395000000000000018e+00 1.368230913653576408e+00 6.621708111238579875e+01 4.309669539508176683e+01 5.379517385863120893e+01
2.399999999999999911e+00 1.369513976590007287e+00 6.646421787866805175e+01 4.328316171494128639e+01 5.389714027373322125e+01
2.405000000000000249e+00 1.370797391039600077e+00 6.671145618485051898e+01 4.346964891069347203e+01 5.399741209701615929e+01
2.410000000000000142e+00 1.372081146409197538e+00 6.695880855730484882e+01 4.365616380910746841e+01 5.409598994867899791e+01
2.415000000000000036e+00 1.373365232153893167e+00 6.720628175813851612e+01 4.384271000914784366e+01 5.419287067073162234e+01
2.419999999999999929e+00 1.374649637777930256e+00 6.745389653497207405e+01 4.402929952775063782e+01 5.428805798047771702e+01
2.425000000000000266e+00 1.375934352835608943e+00 6.770165918547193940e+01 4.421593491435920953e+01 5.438154805250420054e+01
2.430000000000000160e+00 1.377219366932191491e+00 6.794957804916336386e+01 4.440262043516140977e+01 5.447333707617848120e+01
2.435000000000000053e+00 1.378504669724822440e+00 6.819766871497080274e+01 4.458936590374295861e+01 5.456342894308247082e+01
2.439999999999999947e+00 1.379790250923445205e+00 6.844594817373044293e+01 4.477618581870424208e+01 5.465183058618209344e+01
2.444999999999999840e+00 1.381076100291728892e+00 6.869442204604504809e+01 4.496308142537021268e+01 5.473853997391540815e+01
2.450000000000000178e+00 1.382362207647998886e+00 6.894310118197739712e+01 4.515005414999296107e+01 5.482354493202274881e+01
2.455000000000000071e+00 1.383648562866170106e+00 6.919200130740219379e+01 4.533712192156856702e+01 5.490686511012992810e+01
2.459999999999999964e+00 1.384935155876690471e+00 6.944113449473579180e+01 4.552428613068458674e+01 5.498848546369217871e+01
2.464999999999999858e+00 1.386221976667483702e+00 6.969050906768309517e+01 4.571155594015301205e+01 5.506841767560636214e+01
2.470000000000000195e+00 1.387509015284901448e+00 6.994013873534133552e+01 4.589893712592532182e+01 5.514665508946337269e+01
2.475000000000000089e+00 1.388796261834676082e+00 7.019003355009910194e+01 4.608643543183757174e+01 5.522319677579522335e+01
2.479999999999999982e+00 1.390083706482882597e+00 7.044020717632847095e+01 4.627406229106460955e+01 5.529805113244349002e+01
2.484999999999999876e+00 1.391371339456903167e+00 7.069066911168185641e+01 4.646182308556670648e+01 5.537121613294010558e+01
2.490000000000000213e+00 1.392659151046396371e+00 7.094143053119719866e+01 4.664971939367373466e+01 5.544268192599497524e+01
2.495000000000000107e+00 1.393947131604270639e+00 7.119250725832826276e+01 4.683777050112944096e+01 5.551246902684410855e+01
2.500000000000000000e+00 1.395235271547664579e+00 7.144390649274684790e+01 4.702597280832310389e+01 5.558055976033649159e+01
2.504999999999999893e+00 1.396523561358930632e+00 7.169564039552369650e+01 4.721434044688066223e+01 5.564697103971998615e+01
2.510000000000000231e+00 1.397811991586621838e+00 7.194772032360997116e+01 4.740287506187488020e+01 5.571169010568122815e+01
2.515000000000000124e+00 1.399100552846486600e+00 7.220015935184714806e+01 4.759158906368757158e+01 5.577472554603275512e+01
2.520000000000000018e+00 1.400389235822465217e+00 7.245296608364333224e+01 4.778048674820583841e+01 5.583607978608358735e+01
2.524999999999999911e+00 1.401678031267691527e+00 7.270615226688549626e+01 4.796957363034376698e+01 5.589574763981939753e+01
2.530000000000000249e+00 1.402966930005501656e+00 7.295972921394907473e+01 4.815886050315917544e+01 5.595373627072018508e+01
2.535000000000000142e+00 1.404255922930439437e+00 7.321370835675732280e+01 4.834835266187763381e+01 5.601004530090281008e+01
2.540000000000000036e+00 1.405545001009279815e+00 7.346809834987314503e+01 4.853805582967063259e+01 5.606467566848096595e+01
2.544999999999999929e+00 1.406834155282040921e+00 7.372291232458972843e+01 4.872797985290806366e+01 5.611763192474781903e+01
2.550000000000000266e+00 1.408123376863012810e+00 7.397816122631793689e+01 4.891812997908951388e+01 5.616891222474932022e+01
2.555000000000000160e+00 1.409412656941783526e+00 7.423385872124099194e+01 4.910851856989761188e+01 5.621852363365609051e+01
2.560000000000000053e+00 1.410701986784272943e+00 7.449000905115384796e+01 4.929914504975793932e+01 5.626646378610518440e+01
2.564999999999999947e+00 1.411991357733769048e+00 7.474662090573252726e+01 4.949001376995729373e+01 5.631272970985708781e+01
2.569999999999999840e+00 1.413280761211968217e+00 7.500371481511761829e+01 4.968114210370556805e+01 5.635733432585242042e+01
2.575000000000000178e+00 1.414570188720020605e+00 7.526129357752068927e+01 4.987253144519650760e+01 5.640027549103546534e+01
2.580000000000000071e+00 1.415859631839580635e+00 7.551937167084675195e+01 5.006419039677550131e+01 5.644155855990535997e+01
2.584999999999999964e+00 1.417149082233858159e+00 7.577795959255594482e+01 5.025612741114058224e+01 5.648118422525011795e+01
2.589999999999999858e+00 1.418438531648677170e+00 7.603705922686623353e+01 5.044833948477162977e+01 5.651914755773633914e+01
2.595000000000000195e+00 1.419727971913536280e+00 7.629669180039589094e+01 5.064084659250855225e+01 5.655546614588676846e+01
2.600000000000000089e+00 1.421017394942674095e+00 7.655685910387121851e+01 5.083364628716728362e+01 5.659013562708970824e+01
2.604999999999999982e+00 1.422306792736138581e+00 7.681757760444006067e+01 5.102675188211426160e+01 5.662315810963968232e+01
2.609999999999999876e+00 1.423596157380858207e+00 7.707885113749503603e+01 5.122016212775162813e+01 5.665453608945568220e+01
2.615000000000000213e+00 1.424885481051721747e+00 7.734069670497814286e+01 5.141389572571054600e+01 5.668428659102374212e+01
2.620000000000000107e+00 1.426174756012655642e+00 7.760311429612121970e+01 5.160794483552152201e+01 5.671239538778779377e+01
2.625000000000000000e+00 1.427463974617710019e+00 7.786612402912355435e+01 5.180232983514252965e+01 5.673888048067492207e+01
2.629999999999999893e+00 1.428753129312145598e+00 7.812972956759855947e+01 5.199704921386869216e+01 5.676373905135609021e+01
2.635000000000000231e+00 1.430042212633526821e+00 7.839393784402699339e+01 5.219210771091729129e+01 5.678697460911205042e+01
2.640000000000000124e+00 1.431331217212814755e+00 7.865876456966265096e+01 5.238751884198881470e+01 5.680859895970660034e+01
2.645000000000000018e+00 1.432620135775467096e+00 7.892421440519069620e+01 5.258328194624034779e+01 5.682860619575246375e+01
2.649999999999999911e+00 1.433908961142540850e+00 7.919029887785563915e+01 5.277940923083648528e+01 5.684701292798828831e+01
2.655000000000000249e+00 1.435197686231796554e+00 7.945702777576509845e+01 5.297590582216346888e+01 5.686382186576120290e+01
2.660000000000000142e+00 1.436486304058808727e+00 7.972440633428576007e+01 5.317277381391350133e+01 5.687903055366066241e+01
2.665000000000000036e+00 1.437774807738079197e+00 7.999245018246291750e+01 5.337002980454339252e+01 5.689266253413212127e+01
2.669999999999999929e+00 1.439063190484150212e+00 8.026116123542320224e+01 5.356766813379806536e+01 5.690470719638212671e+01
2.675000000000000266e+00 1.440351445612727099e+00 8.053055166760670147e+01 5.376569981006655041e+01 5.691517267212011433e+01
2.680000000000000160e+00 1.441639566541798700e+00 8.080062936276766550e+01 5.396413208464338140e+01 5.692407527444647997e+01
2.685000000000000053e+00 1.442927546792763360e+00 8.107139957778089467e+01 5.416296632893001828e+01 5.693141094887325693e+01
2.689999999999999947e+00 1.444215379991559578e+00 8.134288051239526851e+01 5.436221847285463582e+01 5.693719529212121699e+01
2.694999999999999840e+00 1.445503059869796658e+00 8.161506876904979890e+01 5.456188190706077279e+01 5.694142826249872513e+01
2.700000000000000178e+00 1.446790580265890691e+00 8.188798314934535938e+01 5.476197927373307550e+01 5.694413964526386707e+01
2.705000000000000071e+00 1.448077935126202975e+00 8.216161960115891816e+01 5.496249365120795005e+01 5.694530068707550186e+01
2.709999999999999964e+00 1.449365118506182437e+00 8.243599890607680436e+01 5.516345134312970799e+01 5.694494856718454656e+01
2.714999999999999858e+00 1.450652124571508272e+00 8.271112113475426497e+01 5.536484744075982434e+01 5.694308082046593711e+01
2.720000000000000195e+00 1.451938947599239915e+00 8.298699861921870990e+01 5.556669358861950059e+01 5.693971199276855089e+01
2.725000000000000089e+00 1.453225581978965009e+00 8.326363407139693606e+01 5.576898923933663355e+01 5.693484468623855577e+01
2.729999999999999982e+00 1.454512022213955591e+00 8.354104059138309424e+01 5.597174755146684078e+01 5.692849797044963367e+01
2.734999999999999876e+00 1.455798262922322506e+00 8.381922304420238845e+01 5.617496850382328688e+01 5.692067226648669021e+01
2.740000000000000213e+00 1.457084298838174696e+00 8.409818765463326429e+01 5.637865816077516001e+01 5.691138011315958778e+01
2.745000000000000107e+00 1.458370124812782276e+00 8.437794193201008852e+01 5.658282095554518776e+01 5.690063502183343758e+01
2.750000000000000000e+00 1.459655735815740485e+00 8.465849651501874007e+01 5.678746683924469352e+01 5.688844701258992842e+01
2.754999999999999893e+00 1.460941126936137202e+00 8.493985235178956827e+01 5.699259400132262954e+01 5.687482247281987213e+01
2.760000000000000231e+00 1.462226293383724007e+00 8.522202598219858771e+01 5.719821977341898389e+01 5.685978655326061215e+01
2.765000000000000124e+00 1.463511230490086357e+00 8.550501264669779289e+01 5.740433386209451783e+01 5.684333410417202259e+01
2.770000000000000018e+00 1.464795933709824194e+00 8.578882924660447884e+01 5.761095491409440683e+01 5.682549301143818354e+01
2.774999999999999911e+00 1.466080398621724123e+00 8.607347785903166937e+01 5.781808043544229747e+01 5.680626235249646072e+01
2.780000000000000249e+00 1.467364620929943797e+00 8.635896503350817000e+01 5.802572002578368426e+01 5.678566838896164626e+01
2.785000000000000142e+00 1.468648596465194744e+00 8.664530026121455819e+01 5.823387738804665048e+01 5.676371678019746980e+01
2.790000000000000036e+00 1.469932321185927426e+00 8.693248564455922178e+01 5.844255352525057390e+01 5.674042188206866655e+01
2.794999999999999929e+00 1.471215791179520282e+00 8.722052729815389682e+01 5.865175598443710925e+01 5.671579856555621291e+01
2.800000000000000266e+00 1.472499002663467449e+00 8.750943449488119086e+01 5.886148793556779424e+01 5.668986034505514482e+01
2.805000000000000160e+00 1.473781951986576466e+00 8.779921109286341618e+01 5.907175736690233236e+01 5.666262427249701972e+01
2.810000000000000053e+00 1.475064635630160437e+00 8.808986636504029377e+01 5.928257144852937444e+01 5.663411217235601214e+01
2.814999999999999947e+00 1.476347050209237288e+00 8.838140309077023460e+01 5.949392687418993830e+01 5.660432680240586478e+01
2.819999999999999840e+00 1.477629192473728592e+00 8.867382775723960719e+01 5.970583337998991880e+01 5.657329418289947398e+01
2.825000000000000178e+00 1.478911059309663267e+00 8.896714535601995522e+01 5.991829652021445440e+01 5.654102813243919456e+01
2.830000000000000071e+00 1.480192647740382617e+00 8.926135883076928224e+01 6.013131396587110089e+01 5.650754516220765566e+01
2.834999999999999964e+00 1.481473954927746250e+00 8.955648955741138195e+01 6.034490833717291025e+01 5.647279902437765742e+01
2.839999999999999858e+00 1.482754978173340454e+00 8.985252189270404699e+01 6.055906161632159268e+01 5.643693573937073893e+01
2.845000000000000195e+00 1.484035714919693882e+00 9.014946671919472010e+01 6.077378426406706069e+01 5.639990627891830144e+01
2.850000000000000089e+00 1.485316162751484814e+00 9.044732786342135000e+01 6.098908008471511266e+01 5.636173373500307093e+01
2.854999999999999982e+00 1.486596319396762178e+00 9.074611873290537289e+01 6.120496254150097570e+01 5.632243964849686790e+01
2.859999999999999876e+00 1.487876182728162133e+00 9.104583370912743590e+01 6.142142290333843846e+01 5.628203924247959122e+01
2.865000000000000213e+00 1.489155750764126207e+00 9.134648656538766431e+01 6.163847617119770916e+01 5.624055740521284719e+01
2.870000000000000107e+00 1.490435021670126092e+00 9.164807129690312593e+01 6.185611301344270174e+01 5.619800667472011213e+01
2.875000000000000000e+00 1.491713993759884893e+00 9.195060080662302937e+01 6.207434887692852499e+01 5.615441247288802629e+01
2.879999999999999893e+00 1.492992665496607696e+00 9.225407946759089839e+01 6.229318806277400711e+01 5.610980645174772263e+01
2.885000000000000231e+00 1.494271035494205480e+00 9.255850801746247214e+01 6.251262847183259197e+01 5.606419554529038862e+01
2.890000000000000124e+00 1.495549102518527240e+00 9.286388969202455712e+01 6.273267309614183063e+01 5.601760838729497038e+01
2.895000000000000018e+00 1.496826865488593894e+00 9.317023258022592813e+01 6.295333003655770909e+01 5.597006681829550701e+01
2.899999999999999911e+00 1.498104323477830180e+00 9.347753321296103479e+01 6.317459501774062147e+01 5.592159485423407261e+01
2.905000000000000249e+00 1.499381475715303225e+00 9.378580305537710160e+01 6.339648183394035641e+01 5.587221744827134984e+01
2.910000000000000142e+00 1.500658321586958444e+00 9.409504169630318415e+01 6.361898467577305638e+01 5.582195282124651925e+01
2.915000000000000036e+00 1.501934860636862323e+00 9.440525736649766486e+01 6.384211886642655287e+01 5.577085121649837873e+01
2.919999999999999929e+00 1.503211092568443430e+00 9.471644263661859497e+01 6.406587028924735705e+01 5.571889995456920275e+01
2.925000000000000266e+00 1.504487017245737190e+00 9.502861384091774255e+01 6.429025977146793025e+01 5.566615084924627155e+01
2.930000000000000160e+00 1.505762634694630231e+00 9.534175954051293900e+01 6.451527109615199151e+01 5.561261047936411472e+01
2.935000000000000053e+00 1.507037945104112264e+00 9.565589546995691705e+01 6.474092247611432072e+01 5.555832112023767877e+01
2.939999999999999947e+00 1.508312948827522426e+00 9.597101999835415143e+01 6.496721399322569823e+01 5.550330555283512979e+01
2.944999999999999840e+00 1.509587646383803383e+00 9.628713322340392722e+01 6.519414462355761941e+01 5.544759193564394195e+01
2.950000000000000178e+00 1.510862038458753664e+00 9.660424086871205418e+01 6.542171861158394108e+01 5.539120590506812647e+01
2.955000000000000071e+00 1.512136125906285322e+00 9.692234226971095268e+01 6.564993611389749617e+01 5.533417861399162518e+01
2.959999999999999964e+00 1.513409909749681370e+00 9.724144183164915489e+01 6.587880324617896122e+01 5.527653361360486173e+01
2.964999999999999858e+00 1.514683391182853445e+00 9.756154305261145510e+01 6.610832270992918325e+01 5.521831217832487937e+01
2.970000000000000195e+00 1.515956571571605682e+00 9.788264573467529317e+01 6.633849442438800281e+01 5.515952791770818919e+01
2.975000000000000089e+00 1.517229452454897709e+00 9.820474989612728223e+01 6.656931985778710725e+01 5.510022459271721118e+01
2.979999999999999982e+00 1.518502035546109630e+00 9.852786357325861388e+01 6.680080705026857402e+01 5.504042813251486166e+01
2.984999999999999876e+00 1.519774322734309235e+00 9.885198485096357501e+01 6.703295555050343069e+01 5.498017666452722096e+01
2.990000000000000213e+00 1.521046316085523209e+00 9.917710995967622978e+01 6.726575939955607453e+01 5.491948820581758639e+01
2.995000000000000107e+00 1.522318017844006111e+00 9.950325027464631944e+01 6.749923197117966822e+01 5.485840337788752663e+01
3.000000000000000000e+00 1.523589430433515579e+00 9.983040231465423631e+01 6.773337077965689446e+01 5.479695372874068937e+01
3.004999999999999893e+00 1.524860556458587313e+00 1.001585626497913211e+02 6.796817049227037444e+01 5.473517032378890690e+01
3.010000000000000231e+00 1.526131398705811604e+00 1.004877400512060035e+02 6.820364500875410840e+01 5.467309279756256046e+01
3.015000000000000124e+00 1.527401960145112314e+00 1.008179328854983225e+02 6.843979165808744369e+01 5.461075292128570169e+01
3.020000000000000018e+00 1.528672243931031183e+00 1.011491391168711829e+02 6.867660761276934522e+01 5.454818311845470191e+01
3.024999999999999911e+00 1.529942253404009023e+00 1.014813626202769825e+02 6.891409908446513555e+01 5.448541885896641901e+01
3.030000000000000249e+00 1.531211992091669805e+00 1.018146060867925797e+02 6.915227062644778755e+01 5.442249856887656989e+01
3.035000000000000142e+00 1.532481463710112957e+00 1.021488622833069542e+02 6.939111338803095919e+01 5.435945348300980839e+01
3.040000000000000036e+00 1.533750672165198337e+00 1.024841357537808051e+02 6.963063173888296831e+01 5.429631580930130497e+01
3.044999999999999929e+00 1.535019621553841640e+00 1.028204317464688131e+02 6.987083683543639268e+01 5.423314199230759414e+01
3.050000000000000266e+00 1.536288316165307810e+00 1.031577445064344971e+02 7.011172076597188152e+01 5.416995042323748066e+01
3.055000000000000160e+00 1.537556760482504448e+00 1.034960719169303047e+02 7.035328034028469801e+01 5.410677944438137388e+01
3.060000000000000053e+00 1.538824959183287211e+00 1.038354202131608588e+02 7.059552714355356784e+01 5.404367676174211255e+01
3.064999999999999947e+00 1.540092917141751672e+00 1.041757863060502842e+02 7.083845893048112430e+01 5.398067771360408784e+01
3.070000000000000284e+00 1.541360639429545376e+00 1.045171687719829237e+02 7.108207443000000580e+01 5.391782150185758837e+01
3.075000000000000178e+00 1.542628131317168361e+00 1.048595691366252112e+02 7.132637388590075034e+01 5.385514462075514075e+01
3.080000000000000071e+00 1.543895398275281439e+00 1.052029805932088067e+02 7.157135327396194668e+01 5.379268091614099490e+01
3.084999999999999964e+00 1.545162445976019150e+00 1.055474131155198450e+02 7.181702666364245147e+01 5.373049167254895053e+01
3.089999999999999858e+00 1.546429280294300046e+00 1.058928600481043532e+02 7.206338935776196308e+01 5.366860255067206253e+01
3.095000000000000195e+00 1.547695907309144969e+00 1.062393178363886790e+02 7.231043124661351840e+01 5.360704864811631154e+01
3.100000000000000089e+00 1.548962333304992001e+00 1.065867888395049192e+02 7.255816270061001205e+01 5.354588488311194538e+01
3.104999999999999982e+00 1.550228564773019402e+00 1.069352741356610892e+02 7.280658652951227339e+01 5.348514867019842711e+01
3.109999999999999876e+00 1.551494608412467890e+00 1.072847644139946652e+02 7.305568923596736397e+01 5.342486989300610389e+01
3.115000000000000213e+00 1.552760471131968911e+00 1.076352672924807763e+02 7.330548428989258980e+01 5.336510899722363632e+01
3.120000000000000107e+00 1.554026160050869576e+00 1.079867765766730514e+02 7.355597268788812926e+01 5.330590928706629938e+01
3.125000000000000000e+00 1.555291682500568706e+00 1.083392964096478153e+02 7.380715043788232776e+01 5.324730644996978413e+01
3.129999999999999893e+00 1.556557046025848434e+00 1.086928130741305694e+02 7.405900623480864908e+01 5.318933446916624064e+01
3.135000000000000231e+00 1.557822258386214909e+00 1.090473406518883053e+02 7.431156475673614636e+01 5.313206181684155638e+01
3.140000000000000124e+00 1.559087327557234559e+00 1.094028602426690071e+02 7.456479697560175168e+01 5.307550751460770044e+01
3.145000000000000018e+00 1.560352261731882795e+00 1.097593826729788873e+02 7.481872476645415304e+01 5.301973790892889582e+01
3.149999999999999911e+00 1.561617069321888263e+00 1.101169004796179962e+02 7.507333649903335981e+01 5.296478416468238493e+01
3.155000000000000249e+00 1.562881758959084433e+00 1.104754169328380726e+02 7.532864128309230978e+01 5.291070102982959611e+01
3.160000000000000142e+00 1.564146339496760740e+00 1.108349193295684785e+02 7.558462520091646297e+01 5.285752656872630695e+01
3.165000000000000036e+00 1.565410820011023496e+00 1.111954176443748992e+02 7.584130318848710317e+01 5.280531136068428566e+01
3.169999999999999929e+00 1.566675209802153468e+00 1.115568967325512233e+02 7.609865614327733851e+01 5.275409592964654593e+01
3.175000000000000266e+00 1.567939518395971676e+00 1.119193633847255853e+02 7.635669924360087180e+01 5.270393765327469993e+01
3.180000000000000160e+00 1.569203755545205192e+00 1.122828146838994741e+02 7.661542995217429564e+01 5.265487962755904050e+01
3.185000000000000053e+00 1.570467931230861369e+00 1.126472461551134501e+02 7.687484164780433105e+01 5.260696288510026619e+01
3.189999999999999947e+00 1.571732055663601191e+00 1.130126481204436573e+02 7.713493066393104414e+01 5.256024096594233441e+01
3.195000000000000284e+00 1.572996139285118833e+00 1.133790298161548691e+02 7.739570996695380245e+01 5.251476828645888872e+01
3.200000000000000178e+00 1.574260192769525224e+00 1.137463814998715890e+02 7.765716580025042504e+01 5.247057750212724869e+01
3.205000000000000071e+00 1.575524227024737378e+00 1.141146993523658182e+02 7.791929999647173588e+01 5.242772974411828102e+01
3.209999999999999964e+00 1.576788253193867284e+00 1.144839781560125118e+02 7.818210708601422709e+01 5.238626432094667962e+01
3.214999999999999858e+00 1.578052282656617233e+00 1.148542231183321860e+02 7.844559731881700770e+01 5.234623795585090278e+01
3.220000000000000195e+00 1.579316327030685141e+00 1.152254238333048306e+02 7.870976204968282275e+01 5.230769903523426478e+01
3.225000000000000089e+00 1.580580398173165202e+00 1.155975846886372551e+02 7.897460867304606325e+01 5.227070370750400485e+01
3.229999999999999982e+00 1.581844508181959430e+00 1.159706915329159784e+02 7.924012159162040803e+01 5.223528707009748473e+01
3.234999999999999876e+00 1.583108669397191415e+00 1.163447462943745023e+02 7.950630495632927364e+01 5.220150659867827869e+01
3.240000000000000213e+00 1.584372894402625409e+00 1.167197468554133906e+02 7.977316264915776856e+01 5.216941063110810717e+01
3.245000000000000107e+00 1.585637196027092743e+00 1.170956883193242248e+02 8.004069068827443800e+01 5.213905686089847080e+01
3.250000000000000000e+00 1.586901587345919129e+00 1.174725673194165125e+02 8.030888487144810028e+01 5.211048225756836416e+01
3.254999999999999893e+00 1.588166081682362174e+00 1.178503774601168743e+02 8.057774575197527156e+01 5.208375526295785107e+01
3.260000000000000231e+00 1.589430692609048013e+00 1.182291161615249280e+02 8.084726755427971057e+01 5.205891092491378913e+01
3.265000000000000124e+00 1.590695433949419924e+00 1.186087816934440440e+02 8.111745456390991649e+01 5.203600917157619676e+01
3.270000000000000018e+00 1.591960319779189614e+00 1.189893699018202966e+02 8.138830472780097125e+01 5.201510183655982900e+01
3.274999999999999911e+00 1.593225364427793389e+00 1.193708732851452083e+02 8.165981427205535681e+01 5.199624127253608918e+01
3.280000000000000249e+00 1.594490582479856755e+00 1.197532918467897360e+02 8.193198035206745544e+01 5.197946750834650231e+01
3.285000000000000142e+00 1.595755988776664358e+00 1.201366173527144525e+02 8.220479991300589973e+01 5.196484454734506642e+01
3.290000000000000036e+00 1.597021598417631694e+00 1.205208474586691381e+02 8.247827086305925093e+01 5.195241466449937917e+01
3.294999999999999929e+00 1.598287426761794583e+00 1.209059794225516811e+02 8.275239720451108383e+01 5.194224094081683774e+01
3.300000000000000266e+00 1.599553489429289543e+00 1.212920075405437501e+02 8.302717386888076589e+01 5.193437553737442158e+01
3.305000000000000160e+00 1.600819802302856587e+00 1.216789303012890286e+02 8.330259891475128597e+01 5.192886037443604152e+01
3.310000000000000053e+00 1.602086381529337800e+00 1.220667353087566340e+02 8.357866624854524673e+01 5.192575466003459894e+01
3.314999999999999947e+00 1.603353243521186133e+00 1.224554282819660216e+02 8.385538066479870167e+01 5.192511148509453278e+01
3.320000000000000284e+00 1.604620404957985969e+00 1.228449949736392313e+02 8.413273290889242162e+01 5.192697999985514201e+01
3.325000000000000178e+00 1.605887882787973897e+00 1.232354415774342442e+02 8.441073034841021183e+01 5.193141722301582064e+01
3.330000000000000071e+00 1.607155694229572163e+00 1.236267551134087626e+02 8.468936021854798923e+01 5.193846835294413466e+01
3.334999999999999964e+00 1.608423856772927873e+00 1.240189360125174858e+02 8.496862678704769678e+01 5.194819709142479525e+01
3.339999999999999858e+00 1.609692388181460876e+00 1.244119785034087613e+02 8.524852778488356364e+01 5.196064796535180363e+01
3.345000000000000195e+00 1.610961306493419842e+00 1.248059264412405014e+02 8.552906578044789399e+01 5.197583758134921084e+01
3.350000000000000089e+00 1.612230630023444355e+00 1.252006813783229546e+02 8.581023032517273919e+01 5.199389755212927611e+01
3.354999999999999982e+00 1.613500377364142535e+00 1.255962755735878318e+02 8.609201209664382759e+01 5.201484194690420537e+01
3.359999999999999876e+00 1.614770567387667999e+00 1.259927132099213480e+02 8.637441974973364722e+01 5.203872418115106768e+01
3.365000000000000213e+00 1.616041219247312144e+00 1.263899889627048054e+02 8.665744559322619978e+01 5.206558888439783317e+01
3.370000000000000107e+00 1.617312352379102647e+00 1.267880997746013065e+02 8.694109607041471577e+01 5.209550505460892822e+01
3.375000000000000000e+00 1.618583986503417060e+00 1.271870333787253315e+02 8.722535496905706509e+01 5.212851296306601512e+01
3.379999999999999893e+00 1.619856141626595081e+00 1.275867969631942316e+02 8.751023802055949830e+01 5.216467596382746308e+01
3.385000000000000231e+00 1.621128838042573905e+00 1.279873730587019622e+02 8.779572206076736052e+01 5.220403009955371942e+01
3.390000000000000124e+00 1.622402096334521149e+00 1.283887653697306916e+02 8.808182069918512980e+01 5.224664543596021815e+01
3.395000000000000018e+00 1.623675937376488410e+00 1.287909654727103828e+02 8.836852549098577470e+01 5.229257239498033272e+01
3.399999999999999911e+00 1.624950382335069499e+00 1.291939703072186205e+02 8.865583197636493651e+01 5.234185139684113608e+01
3.405000000000000249e+00 1.626225452671069327e+00 1.295977754438346778e+02 8.894374344640522168e+01 5.239455260224079325e+01
3.410000000000000142e+00 1.627501170141188780e+00 1.300023733872735647e+02 8.923225140354293217e+01 5.245072172223304818e+01
3.415000000000000036e+00 1.628777556799715365e+00 1.304077762923381556e+02 8.952136225748014908e+01 5.251042012028623418e+01
3.419999999999999929e+00 1.630054635000228513e+00 1.308139459277959702e+02 8.981105574646684886e+01 5.257367701325644305e+01
3.425000000000000266e+00 1.631332427397314877e+00 1.312209044831829203e+02 9.010135179158233143e+01 5.264056443082397152e+01
3.430000000000000160e+00 1.632610956948298497e+00 1.316286328596278850e+02 9.039223157870816294e+01 5.271112374002022705e+01
3.435000000000000053e+00 1.633890246914980304e+00 1.320371322529868792e+02 9.068369395447035686e+01 5.278540745791636368e+01
3.439999999999999947e+00 1.635170320865392934e+00 1.324463971944659875e+02 9.097574127738951688e+01 5.286347662237506739e+01
3.445000000000000284e+00 1.636451202675564431e+00 1.328564223120994541e+02 9.126836776984258393e+01 5.294538002849627389e+01
3.450000000000000178e+00 1.637732916531301264e+00 1.332672069591419302e+02 9.156158112630787116e+01 5.303117611089597006e+01
3.455000000000000071e+00 1.639015486929979559e+00 1.336787425646266740e+02 9.185536413306972747e+01 5.312089937544305940e+01
3.459999999999999964e+00 1.640298938682350771e+00 1.340910229999813339e+02 9.214972059217504352e+01 5.321461808890291678e+01
3.464999999999999858e+00 1.641583296914366441e+00 1.345040472455524991e+02 9.244464977513712256e+01 5.331238142464823682e+01
3.470000000000000195e+00 1.642868587069010289e+00 1.349178048721276753e+02 9.274014259838045859e+01 5.341423145499805258e+01
3.475000000000000089e+00 1.644154834908149621e+00 1.353323014317261652e+02 9.303620662785026241e+01 5.352023330334161244e+01
3.479999999999999982e+00 1.645442066514400281e+00 1.357475216542215151e+02 9.333282920819083017e+01 5.363042714110473952e+01
3.484999999999999876e+00 1.646730308293007594e+00 1.361634707294340387e+02 9.363001927745931141e+01 5.374487023134985719e+01
3.490000000000000213e+00 1.648019586973742623e+00 1.365801363278572182e+02 9.392776199827650885e+01 5.386360519149365444e+01
3.495000000000000107e+00 1.649309929612814640e+00 1.369975176176958485e+02 9.422605961171657896e+01 5.398669081399338410e+01
3.500000000000000000e+00 1.650601363594798476e+00 1.374156077469882860e+02 9.452491294609451700e+01 5.411418070121211343e+01
3.504999999999999893e+00 1.651893916634581849e+00 1.378338774239353199e+02 9.482365728460274568e+01 5.424050377094992825e+01
3.510000000000000231e+00 1.653187616779326907e+00 1.382528473381551350e+02 9.512294474668527755e+01 5.437127972699033762e+01
3.515000000000000124e+00 1.654482492410449757e+00 1.386725112373466970e+02 9.542277656381686768e+01 5.450657274631034710e+01
3.520000000000000018e+00 1.655778572245619973e+00 1.390928716099122937e+02 9.572315293126389690e+01 5.464642187456326639e+01
3.524999999999999911e+00 1.657075885340773880e+00 1.395139208106213573e+02 9.602407202531927055e+01 5.479088033689144766e+01
3.530000000000000249e+00 1.658374461092151142e+00 1.399356484128940679e+02 9.632552174343996398e+01 5.493999282614596780e+01
3.535000000000000142e+00 1.659674329238346902e+00 1.403580622376975953e+02 9.662751669783571629e+01 5.509381880102463924e+01
3.540000000000000036e+00 1.660975519862385452e+00 1.407811447074053035e+02 9.693003262749718374e+01 5.525239584519022884e+01
3.544999999999999929e+00 1.662278063393811456e+00 1.412049074059187888e+02 9.723309253720856304e+01 5.541578263338919186e+01
3.550000000000000266e+00 1.663581990610803807e+00 1.416293339255784929e+02 9.753667634000660769e+01 5.558402001079883092e+01
3.555000000000000160e+00 1.664887332642308815e+00 1.420544274118122132e+02 9.784079132429735637e+01 5.575716170840322405e+01
3.560000000000000053e+00 1.666194120970192039e+00 1.424801773420626603e+02 9.814542452995019062e+01 5.593524186185916847e+01
3.564999999999999947e+00 1.667502387431416100e+00 1.429065878122694642e+02 9.845058513306896941e+01 5.611832282854107490e+01
3.570000000000000284e+00 1.668812164220237593e+00 1.433336445155469221e+02 9.875626106603763787e+01 5.630644794268319941e+01
3.575000000000000178e+00 1.670123483890425531e+00 1.437613560770014658e+02 9.906245961940089728e+01 5.649966254756166961e+01
3.580000000000000071e+00 1.671436379357503110e+00 1.441897098542464732e+02 9.936917176927084938e+01 5.669800781807028045e+01
3.584999999999999964e+00 1.672750883901015451e+00 1.446187045782107816e+02 9.967639483019111424e+01 5.690153652206006285e+01
3.589999999999999858e+00 1.674067031166816655e+00 1.450483409640901868e+02 9.998413496662192301e+01 5.711030009187606282e+01
3.595000000000000195e+00 1.675384855169382847e+00 1.454786090627947317e+02 1.002923835987609493e+02 5.732433243248460997e+01
3.600000000000000089e+00 1.676704390294149860e+00 1.459095062350031071e+02 1.006011369207729729e+02 5.754368708225305085e+01
3.604999999999999982e+00 1.678025671299876453e+00 1.463410387453612316e+02 1.009104021502526365e+02 5.776840635930891210e+01
3.609999999999999876e+00 1.679348733321033071e+00 1.467731913274360238e+02 1.012201669636300920e+02 5.799853751856634432e+01
3.615000000000000213e+00 1.680673611870211692e+00 1.472059680800835224e+02 1.015304371496425802e+02 5.823412111801773960e+01
3.620000000000000107e+00 1.682000342840573426e+00 1.476393618801124603e+02 1.018412068397969676e+02 5.847520702579915053e+01
3.625000000000000000e+00 1.683328962508309878e+00 1.480733743762446011e+02 1.021524766402866362e+02 5.872183088602177037e+01
3.629999999999999893e+00 1.684659507535143819e+00 1.485079972475826082e+02 1.024642410623216051e+02 5.897404715793872043e+01
3.635000000000000231e+00 1.685992014970846498e+00 1.489432352991143205e+02 1.027765086361674491e+02 5.923189296807072424e+01
3.640000000000000124e+00 1.687326522255794936e+00 1.493790768121024541e+02 1.030892611208877838e+02 5.949540921819790640e+01
3.645000000000000018e+00 1.688663067223552527e+00 1.498155283315306576e+02 1.034025155068136144e+02 5.976464783495762845e+01
3.649999999999999911e+00 1.690001688103477839e+00 1.502525782178068141e+02 1.037162545905469955e+02 6.003963931077392857e+01
3.655000000000000249e+00 1.691342423523365834e+00 1.506902310868155723e+02 1.040304846559812120e+02 6.032043395138309450e+01
3.660000000000000142e+00 1.692685312512123508e+00 1.511284855182695424e+02 1.043452071854607510e+02 6.060707807709056283e+01
3.665000000000000036e+00 1.694030394502469727e+00 1.515673369342003696e+02 1.046604108534034481e+02 6.089962236260594608e+01
3.669999999999999929e+00 1.695377709333675487e+00 1.520067745827537635e+02 1.049760987571973772e+02 6.119807418470251292e+01
3.675000000000000266e+00 1.696727297254325917e+00 1.524468106873134161e+02 1.052922791895919232e+02 6.150250013618406797e+01
3.680000000000000160e+00 1.698079198925130706e+00 1.528874349343182644e+02 1.056089419128542630e+02 6.181293625213949383e+01
3.685000000000000053e+00 1.699433455421752726e+00 1.533286471301508129e+02 1.059260828446125657e+02 6.212941232596954677e+01
3.689999999999999947e+00 1.700790108237682396e+00 1.537704491908159525e+02 1.062437145359681097e+02 6.245198867659323838e+01
3.695000000000000284e+00 1.702149199287140036e+00 1.542128358025070156e+02 1.065618217791482607e+02 6.278068491337577939e+01
3.700000000000000178e+00 1.703510770908022831e+00 1.546558079884395056e+02 1.068804142736739351e+02 6.311556640482232439e+01
3.705000000000000071e+00 1.704874865864877798e+00 1.550993591186021092e+02 1.071994771932670574e+02 6.345663571051751717e+01
3.709999999999999964e+00 1.706241527351919807e+00 1.555434942194563916e+02 1.075190228764374325e+02 6.380396648888559241e+01
3.714999999999999858e+00 1.707610798996081591e+00 1.559882118844503509e+02 1.078390518326148424e+02 6.415758799228129305e+01
3.720000000000000195e+00 1.708982724860113711e+00 1.564335067001626101e+02 1.081595551079271331e+02 6.451753379068941285e+01
3.725000000000000089e+00 1.710357349445704500e+00 1.568793790712658449e+02 1.084805291801137912e+02 6.488383198416744335e+01
3.729999999999999982e+00 1.711734717696661745e+00 1.573258291149934109e+02 1.088019823347124913e+02 6.525653909838258926e+01
3.734999999999999876e+00 1.713114875002117454e+00 1.577728595834098826e+02 1.091239169081608225e+02 6.563568802045422501e+01
3.740000000000000213e+00 1.714497867199787251e+00 1.582204623883413319e+02 1.094463177898884396e+02 6.602131825308225643e+01
3.745000000000000107e+00 1.715883740579261962e+00 1.586686455879147957e+02 1.097692062556261305e+02 6.641345781572526619e+01
3.750000000000000000e+00 1.717272541885350057e+00 1.591174045426757573e+02 1.100925595511124442e+02 6.681213993082127445e+01
3.754999999999999893e+00 1.718664318321458495e+00 1.595667389105717291e+02 1.104163964047830291e+02 6.721742726411918056e+01
3.760000000000000231e+00 1.720059117553022654e+00 1.600166479662754284e+02 1.107407030170839448e+02 6.762932967888285418e+01
3.765000000000000124e+00 1.721456987710977105e+00 1.604671378290184123e+02 1.110654905024385641e+02 6.804789052628790103e+01
3.770000000000000018e+00 1.722857977395276574e+00 1.609181972538948742e+02 1.113907439611554651e+02 6.847314983452997694e+01
3.774999999999999911e+00 1.724262135678464647e+00 1.613698375145997090e+02 1.117164822619476610e+02 6.890514506874065148e+01
3.780000000000000249e+00 1.725669512109285098e+00 1.618220511940401138e+02 1.120426872186064031e+02 6.934389769000020465e+01
3.785000000000000142e+00 1.727080156716347847e+00 1.622748484813045593e+02 1.123693791569254188e+02 6.978945156831784402e+01
3.790000000000000036e+00 1.728494120011841551e+00 1.627282214109206677e+02 1.126965465522269767e+02 7.024185276861442162e+01
3.794999999999999929e+00 1.729911452995299248e+00 1.631821688162124531e+02 1.130241818824764266e+02 7.070112170526569173e+01
3.800000000000000266e+00 1.731332207157411762e+00 1.636367039365592575e+02 1.133523031234309570e+02 7.116729116599900351e+01
3.805000000000000160e+00 1.732756434483898600e+00 1.640918150581694590e+02 1.136809017800063941e+02 7.164041205888777597e+01
3.810000000000000053e+00 1.734184187459427706e+00 1.645475098454687100e+02 1.140099758922223572e+02 7.212048791274033022e+01
3.814999999999999947e+00 1.735615519071593615e+00 1.650037911228746452e+02 1.143395373843489722e+02 7.260758835773968656e+01
3.820000000000000284e+00 1.737050482814948671e+00 1.654606573322212455e+02 1.146695764833716424e+02 7.310172257692850906e+01
3.825000000000000178e+00 1.738489132695088868e+00 1.659181082452456906e+02 1.150000971032236805e+02 7.360293265674945928e+01
3.830000000000000071e+00 1.739931523232801869e+00 1.663761586462787250e+02 1.153311027086703007e+02 7.411122943367378468e+01
3.834999999999999964e+00 1.741377709468272084e+00 1.668347864127406126e+02 1.156625873905270225e+02 7.462667890606118704e+01
3.839999999999999858e+00 1.742827746965340152e+00 1.672940130082243400e+02 1.159945640708218662e+02 7.514930388750434531e+01
3.845000000000000195e+00 1.744281691815829705e+00 1.677538328040277520e+02 1.163270270581368209e+02 7.567913529159545760e+01
3.850000000000000089e+00 1.745739600643932299e+00 1.682142490295086361e+02 1.166599808972113976e+02 7.621621139849868598e+01
3.854999999999999982e+00 1.747201530610656750e+00 1.686752688907889137e+02 1.169934237827282857e+02 7.676054527804735983e+01
3.859999999999999876e+00 1.748667539418339745e+00 1.691368853374698631e+02 1.173273552386684742e+02 7.731218267013494483e+01
3.865000000000000213e+00 1.750137685315223512e+00 1.695991115702310594e+02 1.176617851797783203e+02 7.787115255171198669e+01
3.870000000000000107e+00 1.751612027100100555e+00 1.700619406371137927e+02 1.179967047073458275e+02 7.843749183336791475e+01
3.875000000000000000e+00 1.753090624127023878e+00 1.705253864273488773e+02 1.183321315525777493e+02 7.901122612795833788e+01
3.879999999999999893e+00 1.754573536310083837e+00 1.709894431913765516e+02 1.186680492807852545e+02 7.959238280041856228e+01
3.885000000000000231e+00 1.756060824128258258e+00 1.714541183816166665e+02 1.190044743752155796e+02 8.018100285573125063e+01
3.890000000000000124e+00 1.757552548630337386e+00 1.719194135445519862e+02 1.193413972272761896e+02 8.077710825012339058e+01
3.895000000000000018e+00 1.759048771439909009e+00 1.723853340914472199e+02 1.196788340408953388e+02 8.138073187092821570e+01
3.899999999999999911e+00 1.760549554760425739e+00 1.728518776367612304e+02 1.200167693379457035e+02 8.199191707037194021e+01
3.905000000000000249e+00 1.762054961380348228e+00 1.733190571661673403e+02 1.203552208681464037e+02 8.261067267721296048e+01
3.910000000000000142e+00 1.763565054678360111e+00 1.737868743186898541e+02 1.206941882613541992e+02 8.323704201031834771e+01
3.915000000000000036e+00 1.765079898628665322e+00 1.742553303452398552e+02 1.210336723932116740e+02 8.387106285466295219e+01
3.919999999999999929e+00 1.766599557806353804e+00 1.747244332067563164e+02 1.213736755726882848e+02 8.451274854214941001e+01
3.925000000000000266e+00 1.768124097392861804e+00 1.751941778077399192e+02 1.217141955601808974e+02 8.516213964230202293e+01
3.930000000000000160e+00 1.769653583181507006e+00 1.756645788540217836e+02 1.220552422001304365e+02 8.581925785135953788e+01
3.935000000000000053e+00 1.771188081583099816e+00 1.761356372787614646e+02 1.223968176005760427e+02 8.648415018806855414e+01
3.939999999999999947e+00 1.772727659631656794e+00 1.766073570999452897e+02 1.227389210243968876e+02 8.715683067500071957e+01
3.945000000000000284e+00 1.774272384990179141e+00 1.770797463728762295e+02 1.230815617787839216e+02 8.783733525630714212e+01
3.950000000000000178e+00 1.775822325956536885e+00 1.775528121581509993e+02 1.234247415291541472e+02 8.852568918861531699e+01
3.955000000000000071e+00 1.777377551469432548e+00 1.780265550892715680e+02 1.237684613611909015e+02 8.922193625781314097e+01
3.959999999999999964e+00 1.778938131114458976e+00 1.785009770352295675e+02 1.241127230273683324e+02 8.992608999061613417e+01
3.965000000000000302e+00 1.780504135130244192e+00 1.789760944619352472e+02 1.244575380141202174e+02 9.063819166965785712e+01
3.970000000000000195e+00 1.782075634414699072e+00 1.794519005585664218e+02 1.248028985618410047e+02 9.135825550131897899e+01
3.975000000000000089e+00 1.783652700531359159e+00 1.799284087410611619e+02 1.251488180117871281e+02 9.208634049673906929e+01
3.979999999999999982e+00 1.785235405715812629e+00 1.804056245794294000e+02 1.254953007398656553e+02 9.282245915643513001e+01
3.984999999999999876e+00 1.786823822882243729e+00 1.808835543149722298e+02 1.258423422486899881e+02 9.356662936439572320e+01
3.990000000000000213e+00 1.788418025630066133e+00 1.813622014590958997e+02 1.261899539691971768e+02 9.431889882804343017e+01
3.995000000000000107e+00 1.790018088250662442e+00 1.818415752488958219e+02 1.265381383690121453e+02 9.507928854081788472e+01
4.000000000000000000e+00 1.791624085734228267e+00 1.823216836753330199e+02 1.268868975797881973e+02 9.584783369277663212e+01
