% raindrop T-matrix calculations using the code of Leinonen, J., "Python code for T-matrix scattering calculations". Available at https://github.com/jleinonen/pytmatrix/. 
% 
% refractive index calculations after Ray, P., 1972:  Broadband Complex Refractive Indices of Ice and Water, Appl. Opt. 11, 1836-1844 
% 
% raindrop aspect ratio estimated with the methodology of Brandes, Edward & Zhang, Guifu & Vivekanandan, Jothiram. (2005). Corrigendum. Journal of Applied Meteorology. 44. 186-. 10.1175/1520-0450(2005)44<186:C>2.0.CO;2. 
% 
% wave length: 3.189281 mm 
% temperature: 293.15 K 
% refractive index: 3.362841129302978516e+00 + 1.932826638221740723e+00 i 
% 
%r_eqv[mm]               axial ratio              ext[mm2]                 sca[mm2]                 back[mm2]
5.000000000000000104e-03 9.999900000999989436e-01 4.632437934342937030e-07 1.605581934748627866e-12 2.408184258107425358e-12
1.000000000000000021e-02 9.999900000999989436e-01 3.710557711202748886e-06 1.027877451703093909e-10 1.541333073341621148e-10
1.499999999999999944e-02 9.999900000999989436e-01 1.254937163055785280e-05 1.171394226361707751e-09 1.755853329609029400e-09
2.000000000000000042e-02 9.999900000999989436e-01 2.983486193293873186e-05 6.586194114762975334e-09 9.866928023282135041e-09
2.500000000000000139e-02 9.999900000999989436e-01 5.849563538322859006e-05 2.514653665312349238e-08 3.764613941693686037e-08
2.999999999999999889e-02 9.999900000999989436e-01 1.015608656761203294e-04 7.516805776527283738e-08 1.124354694190119206e-07
3.500000000000000333e-02 9.999900000999989436e-01 1.621889302442858845e-04 1.897865872463300600e-07 2.835937176505548645e-07
4.000000000000000083e-02 9.999900000999989436e-01 2.436978142820209290e-04 4.234985285788394010e-07 6.320885482009500082e-07
4.499999999999999833e-02 9.999900000999989436e-01 3.495971997476621978e-04 8.599730374669161613e-07 1.281858864593648362e-06
5.000000000000000278e-02 9.999900000999989436e-01 4.836226832856785384e-04 1.621176200000836334e-06 2.412959622577841093e-06
5.500000000000000028e-02 9.999900000999989436e-01 6.497717756056604769e-04 2.877856776828667494e-06 4.276508329268127098e-06
5.999999999999999778e-02 9.999900000999989436e-01 8.523426194077667961e-04 4.861445090722863458e-06 7.211448882879613407e-06
6.500000000000000222e-02 9.999900000999989436e-01 1.095974586337576575e-03 7.877431795949443879e-06 1.166316482940764201e-05
7.000000000000000666e-02 9.999900000999989436e-01 1.385691758332111174e-03 1.232028306561232890e-05 1.820395302371574206e-05
7.499999999999999722e-02 9.999900000999989436e-01 1.726948846153813534e-03 1.868999318705849159e-05 2.755542985931605304e-05
8.000000000000000167e-02 9.999900000999989436e-01 2.125680182767572795e-03 2.761031072047166233e-05 4.061284089198369279e-05
8.500000000000000611e-02 9.999900000999989436e-01 2.588351967849177124e-03 3.984879343961359404e-05 5.847141821229427975e-05
8.999999999999999667e-02 9.999900000999989436e-01 3.122016152298642475e-03 5.633871031833866854e-05 8.245472432557904210e-05
9.500000000000000111e-02 9.999900000999989436e-01 3.734369904943029769e-03 7.820299931762170252e-05 1.141452011921503004e-04
1.000000000000000056e-01 9.999900000999989436e-01 4.433816686215406692e-03 1.067802557300961340e-04 1.554167986226812146e-04
1.049999999999999961e-01 9.999900000999989436e-01 5.229530903529189430e-03 1.436529873916588863e-04 2.084699438058218251e-04
1.100000000000000006e-01 9.999900000999989436e-01 6.131527112430328399e-03 1.906782423517282645e-04 2.758689256663701293e-04
1.150000000000000050e-01 9.999900000999989436e-01 7.150732000374694121e-03 2.500206764590403620e-04 3.605817185495558026e-04
1.199999999999999956e-01 9.999900000999989436e-01 8.299060225534412791e-03 3.241882887599280717e-04 4.660225161376016978e-04
1.250000000000000000e-01 9.999900000999989436e-01 9.589491841694932836e-03 4.160709019458384839e-04 5.960970390014767124e-04
1.300000000000000044e-01 9.999900000999989436e-01 1.103615757244839901e-02 5.289813972310082688e-04 7.552505967994684131e-04
1.350000000000000089e-01 9.999900000999989436e-01 1.265442257547919579e-02 6.667003971802503825e-04 9.485199165741542383e-04
1.400000000000000133e-01 9.999900000999989436e-01 1.446097644575469396e-02 8.335237296455861060e-04 1.181587771809208126e-03
1.449999999999999900e-01 9.999900000999989436e-01 1.647391974934227232e-02 1.034313343715968043e-03 1.460841466118781209e-03
1.499999999999999944e-01 9.999900000999989436e-01 1.871286654156401053e-02 1.274552183642992716e-03 1.793435958406609408e-03
1.549999999999999989e-01 9.999900000999989436e-01 2.119902808898442570e-02 1.560401426110603071e-03 2.187359513858404009e-03
1.600000000000000033e-01 9.999900000999989436e-01 2.395531363615617526e-02 1.898763285210677484e-03 2.651506695839753094e-03
1.650000000000000078e-01 9.999900000999989436e-01 2.700642777148971191e-02 2.297346029875366093e-03 3.195754043782708231e-03
1.700000000000000122e-01 9.999900000999989436e-01 3.037895372681359910e-02 2.764732343473239647e-03 3.831040463135414100e-03
1.750000000000000167e-01 9.999900000999989436e-01 3.410145716581895053e-02 3.310455338466748460e-03 4.569458977980227384e-03
1.799999999999999933e-01 9.999900000999989436e-01 3.820455713410804421e-02 3.945072320484988362e-03 5.424345856191383104e-03
1.849999999999999978e-01 9.999900000999989436e-01 4.272102355138292923e-02 4.680246660060297104e-03 6.410382678276510537e-03
1.900000000000000022e-01 1.000338260324268314e+00 4.769380335084986294e-02 5.530344031776207071e-03 7.546119508416958277e-03
1.950000000000000067e-01 1.000344839311130496e+00 5.314517817949039602e-02 6.506785548888670799e-03 8.844932298848846505e-03
2.000000000000000111e-01 1.000357515291503407e+00 5.912199041565218555e-02 7.626364011379673305e-03 1.032827530355551714e-02
2.050000000000000155e-01 1.000376259251188893e+00 6.566621846448493505e-02 8.906065464142591884e-03 1.201740075401043668e-02
2.099999999999999922e-01 1.000401042453005207e+00 7.282223276304425341e-02 1.036443778362259455e-02 1.393552693312141884e-02
2.149999999999999967e-01 1.000431836433301802e+00 8.063676151283453997e-02 1.202168382892046875e-02 1.610797957177088208e-02
2.200000000000000011e-01 1.000468612998516083e+00 8.915887531291745438e-02 1.389975538657723352e-02 1.856233941044707972e-02
2.250000000000000056e-01 1.000511344221778787e+00 9.843992176584434595e-02 1.602244868163484395e-02 2.132859990787314489e-02
2.300000000000000100e-01 1.000560002439564444e+00 1.085334343701186838e-01 1.841549358496537975e-02 2.443932242966465745e-02
2.350000000000000144e-01 1.000614560248383578e+00 1.194950453411537383e-01 2.110663368549667296e-02 2.792978479111982507e-02
2.399999999999999911e-01 1.000674990501522643e+00 1.313822403903032732e-01 2.412570117796018765e-02 3.183813167245991976e-02
2.449999999999999956e-01 1.000741266305821942e+00 1.442542560765339155e-01 2.750469001062523511e-02 3.620552651228511887e-02
2.500000000000000000e-01 1.000813361018499714e+00 1.581717915876173775e-01 3.127779733578910787e-02 4.107626289461834695e-02
2.550000000000000044e-01 1.000891248244015541e+00 1.731967381321991295e-01 3.548146191123355969e-02 4.649787704550505107e-02
2.600000000000000089e-01 1.000974901830975039e+00 1.893918766507511064e-01 4.015436777185008022e-02 5.252120774775898004e-02
2.650000000000000133e-01 1.001064295869075416e+00 2.068204885429594242e-01 4.533744800040415829e-02 5.920045888051789912e-02
2.700000000000000178e-01 1.001159404686088994e+00 2.255459777264108012e-01 5.107381443565599949e-02 6.659314301633573185e-02
2.750000000000000222e-01 1.001260202844886926e+00 2.456314706920552371e-01 5.740869928067795364e-02 7.476003667174871414e-02
2.800000000000000266e-01 1.001366665140501100e+00 2.671392561552616840e-01 6.438933388809160718e-02 8.376502936971497171e-02
2.850000000000000311e-01 1.001478766597222014e+00 2.901304255574968516e-01 7.206475199968329082e-02 9.367483686073034554e-02
2.899999999999999800e-01 1.001596482465736404e+00 3.146642083652345656e-01 8.048562169752659923e-02 1.045587439575337285e-01
2.949999999999999845e-01 1.001719788220298835e+00 3.407975288029944094e-01 8.970393858585219704e-02 1.164881018852798600e-01
2.999999999999999889e-01 1.001848659555939935e+00 3.685844175559875868e-01 9.977269895823447088e-02 1.295357667306466509e-01
3.049999999999999933e-01 1.001983072385710605e+00 3.980754151826719767e-01 1.107455067888289679e-01 1.437754127172254370e-01
3.099999999999999978e-01 1.002123002837959964e+00 4.293170393815174957e-01 1.226761081791686164e-01 1.592806870548262310e-01
3.150000000000000022e-01 1.002268427253648841e+00 4.623511254961054640e-01 1.356179071606102293e-01 1.761243134757558004e-01
3.200000000000000067e-01 1.002419322183694117e+00 4.972142924488417437e-01 1.496232519469569144e-01 1.943768042088877546e-01
3.250000000000000111e-01 1.002575664386349930e+00 5.339373049614983824e-01 1.647429381497878542e-01 2.141054834198779511e-01
3.300000000000000155e-01 1.002737430824617970e+00 5.725445273354521358e-01 1.810253248959809991e-01 2.353728875565365697e-01
3.350000000000000200e-01 1.002904598663692415e+00 6.130531694641812024e-01 1.985157067279044452e-01 2.582355721708838869e-01
3.400000000000000244e-01 1.003077145268434833e+00 6.554728508400504694e-01 2.172553640023379695e-01 2.827423748926398694e-01
3.450000000000000289e-01 1.003255048200880628e+00 6.998049429159869383e-01 2.372808620768786236e-01 3.089331222302015845e-01
3.500000000000000333e-01 1.003438285217776782e+00 7.460419609611352865e-01 2.586230489460225046e-01 3.368368732711050639e-01
3.549999999999999822e-01 1.003626834268148693e+00 7.941670340151085750e-01 2.813062448127238158e-01 3.664704881653675916e-01
3.599999999999999867e-01 1.003820673490896542e+00 8.441533492606099198e-01 3.053474851030905657e-01 3.978373495659107695e-01
3.649999999999999911e-01 1.004019781212422524e+00 8.959636766717176126e-01 3.307556291702317686e-01 4.309259486559794405e-01
3.699999999999999956e-01 1.004224135944284502e+00 9.495500075265290718e-01 3.575307238526619358e-01 4.657088916682592949e-01
3.750000000000000000e-01 1.004433716380879638e+00 1.004853276161906672e+00 3.856633377581810684e-01 5.021419359471676058e-01
3.800000000000000044e-01 1.004648501397155336e+00 1.061803141198315314e+00 4.151341570471663300e-01 5.401636092749283469e-01
3.850000000000000089e-01 1.004868470046347273e+00 1.120317925967520667e+00 4.459135363149062670e-01 5.796946952331707426e-01
3.900000000000000133e-01 1.005093601557745631e+00 1.180304844826794763e+00 4.779614264140163438e-01 6.206384773097467500e-01
3.950000000000000178e-01 1.005323875334485528e+00 1.241660424601185753e+00 5.112273921627409345e-01 6.628810805724064670e-01
4.000000000000000222e-01 1.005559270951367434e+00 1.304270845490434594e+00 5.456507644292601933e-01 7.062922170386328746e-01
4.050000000000000266e-01 1.005799768152698448e+00 1.368013037832250589e+00 5.811613646580890968e-01 7.507267005736625309e-01
4.100000000000000311e-01 1.006045346850164002e+00 1.432755458954845684e+00 6.176796639755379736e-01 7.960251605522050689e-01
4.150000000000000355e-01 1.006295987120720881e+00 1.498359456336276763e+00 6.551180758765651202e-01 8.420164857076856135e-01
4.199999999999999845e-01 1.006551669204517108e+00 1.564680803933405473e+00 6.933819940532793824e-01 8.885199336700628781e-01
4.249999999999999889e-01 1.006812373502834479e+00 1.631571203677493642e+00 7.323708350400341960e-01 9.353469897535879873e-01
4.299999999999999933e-01 1.007078080576055967e+00 1.698880225971801217e+00 7.719793420106113579e-01 9.823037597247162855e-01
4.349999999999999978e-01 1.007348771141657329e+00 1.766456735279702484e+00 8.120993199031798504e-01 1.029194056534910695e+00
4.400000000000000022e-01 1.007624426072219359e+00 1.834151645509656481e+00 8.526210406878562686e-01 1.075821320583292717e+00
4.450000000000000067e-01 1.007905026393466796e+00 1.901818853649807739e+00 8.934346183317819490e-01 1.121991284510557962e+00
4.500000000000000111e-01 1.008190553282325652e+00 1.969317867766470886e+00 9.344317102334661618e-01 1.167514158297745519e+00
4.550000000000000155e-01 1.008480988065006079e+00 2.036515164906463227e+00 9.755070524807012422e-01 1.212207142219030365e+00
4.600000000000000200e-01 1.008776312215104998e+00 2.103285636406365011e+00 1.016559526482758713e+00 1.255895752083934669e+00
4.650000000000000244e-01 1.009076507351731156e+00 2.169514449185959926e+00 1.057493838246299278e+00 1.298416187074315165e+00
4.700000000000000289e-01 1.009381555237651273e+00 2.235097766852222279e+00 1.098220980727785179e+00 1.339615581000038080e+00
4.750000000000000333e-01 1.009691437777457068e+00 2.299943867568433831e+00 1.138659612706268254e+00 1.379353839269539250e+00
4.799999999999999822e-01 1.010006137015752481e+00 2.363973699057254407e+00 1.178736605898288881e+00 1.417504050176172870e+00
4.849999999999999867e-01 1.010325635135361333e+00 2.427121365505989115e+00 1.218387438614913609e+00 1.453952626261089565e+00
4.899999999999999911e-01 1.010649914455556075e+00 2.489333983256600824e+00 1.257556573787334431e+00 1.488599583864227638e+00
4.949999999999999956e-01 1.010978957430304748e+00 2.550572085010929690e+00 1.296197549142296346e+00 1.521358004607760384e+00
5.000000000000000000e-01 1.011312746646537475e+00 2.610808856346237938e+00 1.334273068532085604e+00 1.552153886793974147e+00
5.050000000000000044e-01 1.011651264822433394e+00 2.670029930915710281e+00 1.371754608462557590e+00 1.580925635340528101e+00
5.100000000000000089e-01 1.011994494805724676e+00 2.728232160648307758e+00 1.408622086585436861e+00 1.607622788782040679e+00
5.150000000000000133e-01 1.012342419572020980e+00 2.785423958698615809e+00 1.444863575567610470e+00 1.632205104589161015e+00
5.200000000000000178e-01 1.012695022223150554e+00 2.841623424243952645e+00 1.480474794715156417e+00 1.654642285623329601e+00
5.250000000000000222e-01 1.013052285985520662e+00 2.896857577245533832e+00 1.515458136896583152e+00 1.674912120035883856e+00
5.300000000000000266e-01 1.013414194208494434e+00 2.951161837190538595e+00 1.549822614866150916e+00 1.693000153322554713e+00
5.350000000000000311e-01 1.013780730362787486e+00 3.004578856968774137e+00 1.583582908252023413e+00 1.708898329820371709e+00
5.400000000000000355e-01 1.014151878038878962e+00 3.057157179377257616e+00 1.616758353247975899e+00 1.722603825850818060e+00
5.450000000000000400e-01 1.014527620945441466e+00 3.108950858675754159e+00 1.649373022921686083e+00 1.734118938772081675e+00
5.500000000000000444e-01 1.014907942907788518e+00 3.160018345921242311e+00 1.681454653095377116e+00 1.743449833324312026e+00
5.550000000000000488e-01 1.015292827866336012e+00 3.210421737023922084e+00 1.713034121683142175e+00 1.750605786768470784e+00
5.600000000000000533e-01 1.015682259875082316e+00 3.260225513688247201e+00 1.744144670367832717e+00 1.755598724165735369e+00
5.650000000000000577e-01 1.016076223100103704e+00 3.309496586805641627e+00 1.774821803290344668e+00 1.758442975123345686e+00
5.700000000000000622e-01 1.016474701818065096e+00 3.358303417704636029e+00 1.805102629424752969e+00 1.759154431218726389e+00
5.750000000000000666e-01 1.016877680414747243e+00 3.406715480598641044e+00 1.835025809688994647e+00 1.757751432267147695e+00
5.799999999999999600e-01 1.017285143383589441e+00 3.454802205968980022e+00 1.864630073769217411e+00 1.754252597187443197e+00
5.849999999999999645e-01 1.017697075324246692e+00 3.502633290196170091e+00 1.893955136987236276e+00 1.748678572728668446e+00
5.899999999999999689e-01 1.018113460941162618e+00 3.550278013036409330e+00 1.923040724893270603e+00 1.741050989583480479e+00
5.949999999999999734e-01 1.018534285042156151e+00 3.597804776667359761e+00 1.951926473510047666e+00 1.731392959152658673e+00
5.999999999999999778e-01 1.018959532537025314e+00 3.645281752177201184e+00 1.980652717655242645e+00 1.719730180428631350e+00
6.049999999999999822e-01 1.019389188436160998e+00 3.692774946121358148e+00 2.009258039267143747e+00 1.706088286425783140e+00
6.099999999999999867e-01 1.019823237849180497e+00 3.740349382499789321e+00 2.037781106074097348e+00 1.690495755660239796e+00
6.149999999999999911e-01 1.020261665983570154e+00 3.788068489240646652e+00 2.066260121125893523e+00 1.672983559811622722e+00
6.199999999999999956e-01 1.020704458143344873e+00 3.835994271046496706e+00 2.094732623198463983e+00 1.653585129763440076e+00
6.250000000000000000e-01 1.021151599727719406e+00 3.884186528428263507e+00 2.123234838496792065e+00 1.632335949104509742e+00
6.300000000000000044e-01 1.021603076229795626e+00 3.932703105237906449e+00 2.151802455843722761e+00 1.609275429729955187e+00
6.350000000000000089e-01 1.022058873235258902e+00 3.981600195396429953e+00 2.180470313585755715e+00 1.584446132240396876e+00
6.400000000000000133e-01 1.022518976421092685e+00 4.030932305387219472e+00 2.209272903629484475e+00 1.557895085669563917e+00
6.450000000000000178e-01 1.022983371554301524e+00 4.080750654055927740e+00 2.238242497041847301e+00 1.529672351765835270e+00
6.500000000000000222e-01 1.023452044490649859e+00 4.131105393477647603e+00 2.267411555220845365e+00 1.499833265772292812e+00
6.550000000000000266e-01 1.023924981173411908e+00 4.182044026879061960e+00 2.296811127498154637e+00 1.468437594083349174e+00
6.600000000000000311e-01 1.024402167632133542e+00 4.233612122959321766e+00 2.326471713952508846e+00 1.435550430986317849e+00
6.650000000000000355e-01 1.024883589981409493e+00 4.285852621511247129e+00 2.356422441629833386e+00 1.401241884280404637e+00
6.700000000000000400e-01 1.025369234419667430e+00 4.338806048635141188e+00 2.386691408496244726e+00 1.365587467711644409e+00
6.750000000000000444e-01 1.025859087227968924e+00 4.392510966729634703e+00 2.417306189786412762e+00 1.328668485950324385e+00
6.800000000000000488e-01 1.026353134768820174e+00 4.447003339848046188e+00 2.448293200301631778e+00 1.290572174364726488e+00
6.850000000000000533e-01 1.026851363484993174e+00 4.502316883107745582e+00 2.479677922275170587e+00 1.251391391974745027e+00
6.900000000000000577e-01 1.027353759898360641e+00 4.558482058206354104e+00 2.511484229003375646e+00 1.211224869944332871e+00
6.950000000000000622e-01 1.027860310608740946e+00 4.615528161595862322e+00 2.543736276105387883e+00 1.170177749437140591e+00
7.000000000000000666e-01 1.028371002292754355e+00 4.673480309229394614e+00 2.576455535567810706e+00 1.128360452137065817e+00
7.049999999999999600e-01 1.028885821702690384e+00 4.732362847228861469e+00 2.609663866079156236e+00 1.085890199176123838e+00
7.099999999999999645e-01 1.029404755665387139e+00 4.792195349643069591e+00 2.643380826685276297e+00 1.042888028883219409e+00
7.149999999999999689e-01 1.029927791081118427e+00 4.852996249465573619e+00 2.677625566099128385e+00 9.994822321087695194e-01
7.199999999999999734e-01 1.030454914922495746e+00 4.914781249621030135e+00 2.712416116072553507e+00 9.558055846566697600e-01
7.249999999999999778e-01 1.030986114233377604e+00 4.977562344454216969e+00 2.747768505371543935e+00 9.119960060948714142e-01
7.299999999999999822e-01 1.031521376127789047e+00 5.041350324718965048e+00 2.783698691305372730e+00 8.681962412958488251e-01
7.349999999999999867e-01 1.032060687788854958e+00 5.106151601687500374e+00 2.820220053368005964e+00 8.245524651424891438e-01
7.399999999999999911e-01 1.032604036467738684e+00 5.171971145472793907e+00 2.857345650281003291e+00 7.812155416608519420e-01
7.449999999999999956e-01 1.033151409482594651e+00 5.238810843000046624e+00 2.895087052929298910e+00 7.383394046658052767e-01
7.500000000000000000e-01 1.033702794217528753e+00 5.306669078174517828e+00 2.933453376730191575e+00 6.960802366281018116e-01
7.550000000000000044e-01 1.034258178121568061e+00 5.375542991491098377e+00 2.972453927187187261e+00 6.545976747173197774e-01
7.600000000000000089e-01 1.034817548707643198e+00 5.445425975813544817e+00 3.012095275872305411e+00 6.140518859739574342e-01
7.650000000000000133e-01 1.035380893551575587e+00 5.516309292087270499e+00 3.052383122147999117e+00 5.746046921444969424e-01
7.700000000000000178e-01 1.035948200291078702e+00 5.588181597581909799e+00 3.093321399068455158e+00 5.364183354632197087e-01
7.750000000000000222e-01 1.036519456624765523e+00 5.661029359184947651e+00 3.134912846880684612e+00 4.996548286516884207e-01
7.800000000000000266e-01 1.037094650311166655e+00 5.734835773889992439e+00 3.177158135933727756e+00 4.644753002512863049e-01
7.850000000000000311e-01 1.037673769167756666e+00 5.809583342024647656e+00 3.220057131873140577e+00 4.310391062025150655e-01
7.900000000000000355e-01 1.038256801069989743e+00 5.885250678362207388e+00 3.263607739155888421e+00 3.995040225915177934e-01
7.950000000000000400e-01 1.038843733950345127e+00 5.961815174926120342e+00 3.307805939477914681e+00 3.700238841997925410e-01
8.000000000000000444e-01 1.039434555797379867e+00 6.039252559223991845e+00 3.352647292637132903e+00 3.427498182092508783e-01
8.050000000000000488e-01 1.040029254654790458e+00 6.117536031616052306e+00 3.398124934307153122e+00 3.178279475964633782e-01
8.100000000000000533e-01 1.040627818620484257e+00 6.196637874023910975e+00 3.444231097032892652e+00 2.953997699394484977e-01
8.150000000000000577e-01 1.041230235845658436e+00 6.276527704181879663e+00 3.490955782794537221e+00 2.756009785759019337e-01
8.200000000000000622e-01 1.041836494533886492e+00 6.357175161019287479e+00 3.538289223682173912e+00 2.585612385999423446e-01
8.250000000000000666e-01 1.042446582940215416e+00 6.438547668043398176e+00 3.586218699555066003e+00 2.444030148601790964e-01
8.300000000000000711e-01 1.043060489370268407e+00 6.520611967602629733e+00 3.634731110174334923e+00 2.332415079639034994e-01
8.349999999999999645e-01 1.043678202179357140e+00 6.603333763240603282e+00 3.683811971211337521e+00 2.251839068025466573e-01
8.399999999999999689e-01 1.044299709771603135e+00 6.686678669021905108e+00 3.733446123479818635e+00 2.203291024758848859e-01
8.449999999999999734e-01 1.044925000599063569e+00 6.770610935311693446e+00 3.783616730228544611e+00 2.187668484451772699e-01
8.499999999999999778e-01 1.045554063160868408e+00 6.855095100332037283e+00 3.834306530585531281e+00 2.205776874814200095e-01
8.549999999999999822e-01 1.046186886002363758e+00 6.940095497071599340e+00 3.885497407489627353e+00 2.258325756702258824e-01
8.599999999999999867e-01 1.046823457714263217e+00 7.025575556025896340e+00 3.937169812239823319e+00 2.345924098349693177e-01
8.649999999999999911e-01 1.047463766931806317e+00 7.111500761310590057e+00 3.989304855665860572e+00 2.469077638398404217e-01
8.699999999999999956e-01 1.048107802333925420e+00 7.197835036187725244e+00 4.041881621870379249e+00 2.628191251293056641e-01
8.750000000000000000e-01 1.048755552642418598e+00 7.284544605982093302e+00 4.094880570468166781e+00 2.823562407227249715e-01
8.800000000000000044e-01 1.049407006621131844e+00 7.371594672012159677e+00 4.148279565792943657e+00 3.055380172250975468e-01
8.850000000000000089e-01 1.050062153075147497e+00 7.458952642964457702e+00 4.202058498600345970e+00 3.323728914583121141e-01
8.900000000000000133e-01 1.050720980849978670e+00 7.546587160032502517e+00 4.256196218336876669e+00 3.628585597960254927e-01
8.950000000000000178e-01 1.051383478830772988e+00 7.634466371816087005e+00 4.310670941167312975e+00 3.969821663155906899e-01
9.000000000000000222e-01 1.052049635941522787e+00 7.722560975142077844e+00 4.365461671832437496e+00 4.347202012512556002e-01
9.050000000000000266e-01 1.052719441144281065e+00 7.810843356618334177e+00 4.420548105290890817e+00 4.760387184078367917e-01
9.100000000000000311e-01 1.053392883438386107e+00 7.899286407926017439e+00 4.475908986509641529e+00 5.208936278367723993e-01
9.150000000000000355e-01 1.054069951859691656e+00 7.987865815152612292e+00 4.531524950612200620e+00 5.692308444604419204e-01
9.200000000000000400e-01 1.054750635479804632e+00 8.076557895852031876e+00 4.587375649049175053e+00 6.209866638397112393e-01
9.250000000000000444e-01 1.055434923405329073e+00 8.165341648712226785e+00 4.643442548689291627e+00 6.760880308501089342e-01
9.300000000000000488e-01 1.056122804777117841e+00 8.254199058722898386e+00 4.699707179035049975e+00 7.344533032009091800e-01
9.350000000000000533e-01 1.056814268769528553e+00 8.343109507177631556e+00 4.756151553061963355e+00 7.959894902292695695e-01
9.400000000000000577e-01 1.057509304589689725e+00 8.432059066283290605e+00 4.812759082160647850e+00 8.605986312025848406e-01
9.450000000000000622e-01 1.058207901476769797e+00 8.521033924560322603e+00 4.869513692137924288e+00 9.281723517075830543e-01
9.500000000000000666e-01 1.058910048701254603e+00 8.610023015028994919e+00 4.926400371705981662e+00 9.985962814637627805e-01
9.550000000000000711e-01 1.059615735564230832e+00 8.699016267467799324e+00 4.983405007805717268e+00 1.071747121493013877e+00
9.599999999999999645e-01 1.060324951396675930e+00 8.788006584905572183e+00 5.040514552189852893e+00 1.147496795217799015e+00
9.649999999999999689e-01 1.061037685558753330e+00 8.876988973070288225e+00 5.097717494581082143e+00 1.225709132927347511e+00
9.699999999999999734e-01 1.061753927439116119e+00 8.965959423684470408e+00 5.155002274704696852e+00 1.306242189992260938e+00
9.749999999999999778e-01 1.062473666454213594e+00 9.054917028917740751e+00 5.212359603157403320e+00 1.388949813492061924e+00
9.799999999999999822e-01 1.063196892047607145e+00 9.143862161826550761e+00 5.269780470294129771e+00 1.473679167862897543e+00
9.849999999999999867e-01 1.063923593689290348e+00 9.232797576564045983e+00 5.327257931294847815e+00 1.560273941637122963e+00
9.899999999999999911e-01 1.064653760875015509e+00 9.321727374878419070e+00 5.384785400370307507e+00 1.648572427366836735e+00
9.949999999999999956e-01 1.065387383125626419e+00 9.410657529997708437e+00 5.442357555090766574e+00 1.738409423864788916e+00
1.000000000000000000e+00 1.066124449986396217e+00 9.499596533926485620e+00 5.499970904602579758e+00 1.829616954823537256e+00
1.005000000000000115e+00 1.066864951026373021e+00 9.588561968466196461e+00 5.557630612750607213e+00 1.922020011926645067e+00
1.010000000000000009e+00 1.067608875837728233e+00 9.677557473817932632e+00 5.615327464953312919e+00 2.015448188554832765e+00
1.015000000000000124e+00 1.068356214035114826e+00 9.766594863324572273e+00 5.673060279075756718e+00 2.109723739271155196e+00
1.020000000000000018e+00 1.069106955255026969e+00 9.855688899959801574e+00 5.730830216925767218e+00 2.204668814069292271e+00
1.024999999999999911e+00 1.069861089155168976e+00 9.944854323019805875e+00 5.788638365147458664e+00 2.300102964720323051e+00
1.030000000000000027e+00 1.070618605413826918e+00 1.003410884058260777e+01 5.846488162981553494e+00 2.395845297765796023e+00
1.034999999999999920e+00 1.071379493729249344e+00 1.012346933779887870e+01 5.904382673988343377e+00 2.491712125622725260e+00
1.040000000000000036e+00 1.072143743819029771e+00 1.021295513528272814e+01 5.962327108342250881e+00 2.587521635131138975e+00
1.044999999999999929e+00 1.072911345419497398e+00 1.030258652446842227e+01 6.020326934806234931e+00 2.683090459315818244e+00
1.050000000000000044e+00 1.073682288285112474e+00 1.039238335869589847e+01 6.078388696523522761e+00 2.778234660018326085e+00
1.054999999999999938e+00 1.074456562187866782e+00 1.048236785248037073e+01 6.136519783453309174e+00 2.872771512207465960e+00
1.060000000000000053e+00 1.075234156916690775e+00 1.057256193208376160e+01 6.194728862678865688e+00 2.966519835472366751e+00
1.064999999999999947e+00 1.076015062276864054e+00 1.066298844428889936e+01 6.253024567653647559e+00 3.059298046802114701e+00
1.070000000000000062e+00 1.076799268089433603e+00 1.075367050017981008e+01 6.311416611065286730e+00 3.150925949923862657e+00
1.074999999999999956e+00 1.077586764190635593e+00 1.084463178896176139e+01 6.369915675264394395e+00 3.241225970860755812e+00
1.080000000000000071e+00 1.078377540431322945e+00 1.093589651741057978e+01 6.428532862116982827e+00 3.330022869911600569e+00
1.084999999999999964e+00 1.079171586676399119e+00 1.102748823622125052e+01 6.487279509208925710e+00 3.417141620008231850e+00
1.090000000000000080e+00 1.079968892804255898e+00 1.111943183162207838e+01 6.546168295927724756e+00 3.502412550366171384e+00
1.094999999999999973e+00 1.080769448706216718e+00 1.121175102222135678e+01 6.605211572760921079e+00 3.585666705092484197e+00
1.100000000000000089e+00 1.081573244285985780e+00 1.130447006362762963e+01 6.664422436473933509e+00 3.666740051161774705e+00
1.104999999999999982e+00 1.082380269459101152e+00 1.139761281336465792e+01 6.723814185095180918e+00 3.745472266868010713e+00
1.110000000000000098e+00 1.083190514152395201e+00 1.149120274116313567e+01 6.783400703060568304e+00 3.821706588950029904e+00
1.114999999999999991e+00 1.084003968303457022e+00 1.158526338300505287e+01 6.843195912388599922e+00 3.895289479756647300e+00
1.120000000000000107e+00 1.084820621860102863e+00 1.167981721808479101e+01 6.903213927873735223e+00 3.966074916324961563e+00
1.125000000000000000e+00 1.085640464779849657e+00 1.177488676196441197e+01 6.963468828126443633e+00 4.033919101345322389e+00
1.130000000000000115e+00 1.086463487029394992e+00 1.187049378137106004e+01 7.023975802442141259e+00 4.098687998063033078e+00
1.135000000000000009e+00 1.087289678584100638e+00 1.196665849539884796e+01 7.084747931461294002e+00 4.160248438256637371e+00
1.140000000000000124e+00 1.088119029427482509e+00 1.206340160455367183e+01 7.145800442217431936e+00 4.218476591156415267e+00
1.145000000000000018e+00 1.088951529550704622e+00 1.216074282909973547e+01 7.207148146169151559e+00 4.273256355789652794e+00
1.150000000000000133e+00 1.089787168952079055e+00 1.225869979232613360e+01 7.268804141548715236e+00 4.324475382729628947e+00
1.155000000000000027e+00 1.090625937636568565e+00 1.235729026265468811e+01 7.330782539344097515e+00 4.372030848517029611e+00
1.159999999999999920e+00 1.091467825615297427e+00 1.245653013405869558e+01 7.393097054379133226e+00 4.415827757148355737e+00
1.165000000000000036e+00 1.092312822905064262e+00 1.255643562977291694e+01 7.455761814949140032e+00 4.455780297669371670e+00
1.169999999999999929e+00 1.093160919527861763e+00 1.265702041527666388e+01 7.518789315371920523e+00 4.491809104669536090e+00
1.175000000000000044e+00 1.094012105510399513e+00 1.275829665890347719e+01 7.582191644629396876e+00 4.523844571973910433e+00
1.179999999999999938e+00 1.094866370883633921e+00 1.286027690586592875e+01 7.645981803964358114e+00 4.551827343739420328e+00
1.185000000000000053e+00 1.095723705682299487e+00 1.296296665104410906e+01 7.710169012735150318e+00 4.575699280238393563e+00
1.189999999999999947e+00 1.096584099944449830e+00 1.306638398815515067e+01 7.774769144078506500e+00 4.595435572146291392e+00
1.195000000000000062e+00 1.097447543710998508e+00 1.317053146397892149e+01 7.839789505162728211e+00 4.610996495460695677e+00
1.199999999999999956e+00 1.098314027025267592e+00 1.327541656449126428e+01 7.905241179523643247e+00 4.622363928577535752e+00
1.205000000000000071e+00 1.099183539932540254e+00 1.338104384644991107e+01 7.971133430379019558e+00 4.629528411910235342e+00
1.209999999999999964e+00 1.100056072479618674e+00 1.348741702748684546e+01 8.037474897847616262e+00 4.632493281760524440e+00
1.215000000000000080e+00 1.100931614714385054e+00 1.359453749780381671e+01 8.104272351575959377e+00 4.631267977238294975e+00
1.219999999999999973e+00 1.101810156685369746e+00 1.370240739497997851e+01 8.171535087957549237e+00 4.625881777131890971e+00
1.225000000000000089e+00 1.102691688441321372e+00 1.381102526136968578e+01 8.239267972326370426e+00 4.616365418553820099e+00
1.229999999999999982e+00 1.103576200030784493e+00 1.392038918376399081e+01 8.307477295998577205e+00 4.602769133388195044e+00
1.235000000000000098e+00 1.104463681501680172e+00 1.403049624049718425e+01 8.376168024569695447e+00 4.585151176629683079e+00
1.239999999999999991e+00 1.105354122900890967e+00 1.414134101861540493e+01 8.445343164199410779e+00 4.563579461488921574e+00
1.245000000000000107e+00 1.106247514273852595e+00 1.425291879557169317e+01 8.515007638386615341e+00 4.538138216827756644e+00
1.250000000000000000e+00 1.107143845664148030e+00 1.436522175293597137e+01 8.585162693882544716e+00 4.508918074168439816e+00
1.255000000000000115e+00 1.108043107113107384e+00 1.447824123948465136e+01 8.655809842826455380e+00 4.476024451706500429e+00
1.260000000000000009e+00 1.108945288659413109e+00 1.459196891490501358e+01 8.726950862567512957e+00 4.439571962434008867e+00
1.265000000000000124e+00 1.109850380338708309e+00 1.470639279389403775e+01 8.798584423729220561e+00 4.399684940981013703e+00
1.270000000000000018e+00 1.110758372183210829e+00 1.482149888207901078e+01 8.870709863166613474e+00 4.356501234364423603e+00
1.275000000000000133e+00 1.111669254221331116e+00 1.493728061776995730e+01 8.943326479712581545e+00 4.310166929750873344e+00
1.280000000000000027e+00 1.112583016477296738e+00 1.505372197830773828e+01 9.016431388221914034e+00 4.260839628811749158e+00
1.284999999999999920e+00 1.113499648970778022e+00 1.517080848342497390e+01 9.090021568010481445e+00 4.208684682710815750e+00
1.290000000000000036e+00 1.114419141716522343e+00 1.528852534653618278e+01 9.164092820758689584e+00 4.153877044107781913e+00
1.294999999999999929e+00 1.115341484723989307e+00 1.540685679732557034e+01 9.238640721469584705e+00 4.096599476263554251e+00
1.300000000000000044e+00 1.116266667996994588e+00 1.552578680780698051e+01 9.313660187722994976e+00 4.037046305948024383e+00
1.304999999999999938e+00 1.117194681533353773e+00 1.564529833285253169e+01 9.389144489455215847e+00 3.975414807060420053e+00
1.310000000000000053e+00 1.118125515324534858e+00 1.576537506859608051e+01 9.465088314002283454e+00 3.911912898906324543e+00
1.314999999999999947e+00 1.119059159355313193e+00 1.588599892784979772e+01 9.541483875979913876e+00 3.846753155604377028e+00
1.320000000000000062e+00 1.119995603603431533e+00 1.600715368015311313e+01 9.618324588681286258e+00 3.780155344449880328e+00
1.324999999999999956e+00 1.120934838039265857e+00 1.612881995537161828e+01 9.695600793997465772e+00 3.712342247140592466e+00
1.330000000000000071e+00 1.121876852625492305e+00 1.625098084424035605e+01 9.773305117910220829e+00 3.643543395291530818e+00
1.334999999999999964e+00 1.122821637316764765e+00 1.637361942488525912e+01 9.851429388993638625e+00 3.573992958082148341e+00
1.340000000000000080e+00 1.123769182059389804e+00 1.649671714849655402e+01 9.929963208860652202e+00 3.503925243327215888e+00
1.344999999999999973e+00 1.124719476791012696e+00 1.662025732230729602e+01 1.000889801498431098e+01 3.433580848315651579e+00
1.350000000000000089e+00 1.125672511440304557e+00 1.674422366506853166e+01 1.008822463067521014e+01 3.363200181202437911e+00
1.354999999999999982e+00 1.126628275926654377e+00 1.686859644980424378e+01 1.016793154503429975e+01 3.293025996201295769e+00
1.360000000000000098e+00 1.127586760159866808e+00 1.699336365968247620e+01 1.024801039959738702e+01 3.223299222106750239e+00
1.364999999999999991e+00 1.128547954039863965e+00 1.711850893940143692e+01 1.032845195226555290e+01 3.154265220603023501e+00
1.370000000000000107e+00 1.129511847456391438e+00 1.724401583015473705e+01 1.040924432696134616e+01 3.086164050639303991e+00
1.375000000000000000e+00 1.130478430288730518e+00 1.736987023810319641e+01 1.049037781383069756e+01 3.019236615514892641e+00
1.380000000000000115e+00 1.131447692405412875e+00 1.749606019003529411e+01 1.057184432849302169e+01 2.953723855857537384e+00
1.385000000000000009e+00 1.132419623663941444e+00 1.762257120269764954e+01 1.065363203600949582e+01 2.889859437758632854e+00
1.390000000000000124e+00 1.133394213910515980e+00 1.774939241060074480e+01 1.073573283426791747e+01 2.827878471697391038e+00
1.395000000000000018e+00 1.134371452979762385e+00 1.787651231625405757e+01 1.081813667771313092e+01 2.768010207161350600e+00
1.400000000000000133e+00 1.135351330694467364e+00 1.800392122582424292e+01 1.090083482086042110e+01 2.710478669030647048e+00
1.405000000000000027e+00 1.136333836865317526e+00 1.813160864268898109e+01 1.098381747271827891e+01 2.655505748503066421e+00
1.409999999999999920e+00 1.137318961290643582e+00 1.825956781531464657e+01 1.106707741568170533e+01 2.603305601631515920e+00
1.415000000000000036e+00 1.138306693756168331e+00 1.838779098373344922e+01 1.115060610022390186e+01 2.554087174927255344e+00
1.419999999999999929e+00 1.139297024034760630e+00 1.851627170578516868e+01 1.123439562018362281e+01 2.508053752843951045e+00
1.425000000000000044e+00 1.140289941886192482e+00 1.864500510875366501e+01 1.131843827448568973e+01 2.465399780562087084e+00
1.429999999999999938e+00 1.141285437056903218e+00 1.877398693071434721e+01 1.140272784253822635e+01 2.426316218764418942e+00
1.435000000000000053e+00 1.142283499279765024e+00 1.890321394776114516e+01 1.148725731463551725e+01 2.390982777575670681e+00
1.439999999999999947e+00 1.143284118273856675e+00 1.903268425870293967e+01 1.157202132593108246e+01 2.359574284344065465e+00
1.445000000000000062e+00 1.144287283744239936e+00 1.916239636687136638e+01 1.165701350149760174e+01 2.332253843993572051e+00
1.449999999999999956e+00 1.145292985381740625e+00 1.929235126190417660e+01 1.174223059955732751e+01 2.309180739201522670e+00
1.455000000000000071e+00 1.146301212862736563e+00 1.942254923909547770e+01 1.182766681453618673e+01 2.290500054458545875e+00
1.459999999999999964e+00 1.147311955848947074e+00 1.955299256242502182e+01 1.191331918406716994e+01 2.276351394022596786e+00
1.465000000000000080e+00 1.148325203987230259e+00 1.968368358442417332e+01 1.199918373319643017e+01 2.266864790436174726e+00
1.469999999999999973e+00 1.149340946909383598e+00 1.981462712343222421e+01 1.208525844988241182e+01 2.262157961917897087e+00
1.475000000000000089e+00 1.150359174231948334e+00 1.994582791942450228e+01 1.217154162921291594e+01 2.262342721233367548e+00
1.479999999999999982e+00 1.151379875556021837e+00 2.007729092223499379e+01 1.225803043359554323e+01 2.267516810190574272e+00
1.485000000000000098e+00 1.152403040467071982e+00 2.020902329888408744e+01 1.234472462461691222e+01 2.277771347870947594e+00
1.489999999999999991e+00 1.153428658534756623e+00 2.034103233884856365e+01 1.243162435867982296e+01 2.293185682142612869e+00
1.495000000000000107e+00 1.154456719312749513e+00 2.047332599342327342e+01 1.251872920352872498e+01 2.313828477972081021e+00
1.500000000000000000e+00 1.155487212338569769e+00 2.060591317259533639e+01 1.260603960466835716e+01 2.339758633974327484e+00
1.505000000000000115e+00 1.156520127133416675e+00 2.073880370055219657e+01 1.269355781141791084e+01 2.371024729826236133e+00
1.510000000000000009e+00 1.157555453202008700e+00 2.087200741702342555e+01 1.278128477242036354e+01 2.407662334146968508e+00
1.515000000000000124e+00 1.158593180032429393e+00 2.100553492744277762e+01 1.286922275977689445e+01 2.449699995449717171e+00
1.520000000000000018e+00 1.159633297095975069e+00 2.113939431246225453e+01 1.295737446477304289e+01 2.497149644301849047e+00
1.525000000000000133e+00 1.160675793847010029e+00 2.127360433529433337e+01 1.304574421282410235e+01 2.550023168447381305e+00
1.530000000000000027e+00 1.161720659722826676e+00 2.140817356318022391e+01 1.313433527031312664e+01 2.608311905039425671e+00
1.535000000000000142e+00 1.162767884143507846e+00 2.154311488674992603e+01 1.322315200205331820e+01 2.672000202912595768e+00
1.540000000000000036e+00 1.163817456511797577e+00 2.167844072999185556e+01 1.331219829421035428e+01 2.741060461858101149e+00
1.544999999999999929e+00 1.164869366212974766e+00 2.181416417204879110e+01 1.340147927302773567e+01 2.815455961541854624e+00
1.550000000000000044e+00 1.165923602614732379e+00 2.195029929248837419e+01 1.349100091709005156e+01 2.895138873759384612e+00
1.554999999999999938e+00 1.166980155067061542e+00 2.208685957526181909e+01 1.358076917760746660e+01 2.980050352798982338e+00
1.560000000000000053e+00 1.168039012902141183e+00 2.222385884189160166e+01 1.367079012611666400e+01 3.070120861770764265e+00
1.564999999999999947e+00 1.169100165434231231e+00 2.236130993397679845e+01 1.376106901994440079e+01 3.165271940811320128e+00
1.570000000000000062e+00 1.170163601959574473e+00 2.249922784605659487e+01 1.385161400980025270e+01 3.265413379435097685e+00
1.574999999999999956e+00 1.171229311756297298e+00 2.263762597833035173e+01 1.394243156323540944e+01 3.370446078466510897e+00
1.580000000000000071e+00 1.172297284084322211e+00 2.277651716247118685e+01 1.403352782007694444e+01 3.480260896382444180e+00
1.584999999999999964e+00 1.173367508185281460e+00 2.291591602025526697e+01 1.412491153282483225e+01 3.594737530157406269e+00
1.590000000000000080e+00 1.174439973282435989e+00 2.305583507231510509e+01 1.421658949611630618e+01 3.713748410999464955e+00
1.594999999999999973e+00 1.175514668580601496e+00 2.319628753535607757e+01 1.430856878968631207e+01 3.837153816476392532e+00
1.600000000000000089e+00 1.176591583266077601e+00 2.333728675843643430e+01 1.440085873488310142e+01 3.964808593341558662e+00
1.604999999999999982e+00 1.177670706506583453e+00 2.347884499698653471e+01 1.449346593726539467e+01 4.096554812091185660e+00
1.610000000000000098e+00 1.178752027451198003e+00 2.362097435350138852e+01 1.458639889598866191e+01 4.232227263542312379e+00
1.614999999999999991e+00 1.179835535230304933e+00 2.376368632241036494e+01 1.467966501892606246e+01 4.371653352632073108e+00
1.620000000000000107e+00 1.180921218955544472e+00 2.390699319958264724e+01 1.477327309085767482e+01 4.514650536386875856e+00
1.625000000000000000e+00 1.182009067719768769e+00 2.405090349939997196e+01 1.486722895152828272e+01 4.661030621030087140e+00
1.630000000000000115e+00 1.183099070597002811e+00 2.419543000466929072e+01 1.496154288642786057e+01 4.810596268107569351e+00
1.635000000000000009e+00 1.184191216642411337e+00 2.434058059547376018e+01 1.505622051690003360e+01 4.963143100096115035e+00
1.640000000000000124e+00 1.185285494892271307e+00 2.448636548187981177e+01 1.515127062416482318e+01 5.118460925336823841e+00
1.645000000000000018e+00 1.186381894363947032e+00 2.463279219700839207e+01 1.524669947172929874e+01 5.276331680215686326e+00
1.650000000000000133e+00 1.187480404055874628e+00 2.477987005074668403e+01 1.534251576826341079e+01 5.436532104344967031e+00
1.655000000000000027e+00 1.188581012947548476e+00 2.492760577051708282e+01 1.543872635402061100e+01 5.598834491005434622e+00
1.660000000000000142e+00 1.189683709999514560e+00 2.507600507775456933e+01 1.553533706364798128e+01 5.763003766930228089e+00
1.665000000000000036e+00 1.190788484153369131e+00 2.522507096912169544e+01 1.563235479866362709e+01 5.928797826222076850e+00
1.669999999999999929e+00 1.191895324331762041e+00 2.537481513565561997e+01 1.572978578475412093e+01 6.095979598038387515e+00
1.675000000000000044e+00 1.193004219438406732e+00 2.552523850746672451e+01 1.582763603493475557e+01 6.264301302874219601e+00
1.679999999999999938e+00 1.194115158358093565e+00 2.567634561748057820e+01 1.592591153205969334e+01 6.433511278111014420e+00
1.685000000000000053e+00 1.195228129956711127e+00 2.582813873849165631e+01 1.602461787449038155e+01 6.603357778790500454e+00
1.689999999999999947e+00 1.196343123081270665e+00 2.598062082357178681e+01 1.612375984560989650e+01 6.773584966359382342e+00
1.695000000000000062e+00 1.197460126559938276e+00 2.613379227959466888e+01 1.622334183394785967e+01 6.943938298779450236e+00
1.699999999999999956e+00 1.198579129202069993e+00 2.628765405968911395e+01 1.632336768963276441e+01 7.114159009806285461e+00
1.705000000000000071e+00 1.199700119798254416e+00 2.644220699824837695e+01 1.642384252864482974e+01 7.283987582116022708e+00
1.709999999999999964e+00 1.200823087120360011e+00 2.659744994493333081e+01 1.652476899548405598e+01 7.453169640483047864e+00
1.715000000000000080e+00 1.201948019921588173e+00 2.675338120188754587e+01 1.662615065733644215e+01 7.621444848099428349e+00
1.719999999999999973e+00 1.203074906936531852e+00 2.690999956543561566e+01 1.672799069140120665e+01 7.788558416280761953e+00
1.725000000000000089e+00 1.204203736881238829e+00 2.706730115090477540e+01 1.683029010507219780e+01 7.954254998192920922e+00
1.729999999999999982e+00 1.205334498453282777e+00 2.722528329333404784e+01 1.693305158946868971e+01 8.118285475464686485e+00
1.735000000000000098e+00 1.206467180331836975e+00 2.738394256242405689e+01 1.703627752972329290e+01 8.280398513114343828e+00
1.739999999999999991e+00 1.207601771177756689e+00 2.754327291127455268e+01 1.713996693392372705e+01 8.440348250665694607e+00
1.745000000000000107e+00 1.208738259633664436e+00 2.770326976359494964e+01 1.724412149867672284e+01 8.597897431358187958e+00
1.750000000000000000e+00 1.209876634324042799e+00 2.786392806785880083e+01 1.734874231285840551e+01 8.752805895964989702e+00
1.755000000000000115e+00 1.211016883855332349e+00 2.802524042648203917e+01 1.745382769122695521e+01 8.904843099265553619e+00
1.760000000000000009e+00 1.212158996816034451e+00 2.818720126990668007e+01 1.755937808893753527e+01 9.053785913135929064e+00
1.765000000000000124e+00 1.213302961776821398e+00 2.834980244799248439e+01 1.766539207816241230e+01 9.199414600893453198e+00
1.770000000000000018e+00 1.214448767290650766e+00 2.851303668417015302e+01 1.777186848834337241e+01 9.341517491772959758e+00
1.775000000000000133e+00 1.215596401892885980e+00 2.867689610985523174e+01 1.787880529272079144e+01 9.479891160712261566e+00
1.780000000000000027e+00 1.216745854101423552e+00 2.884137316394757278e+01 1.798620142512716313e+01 9.614337855186468218e+00
1.785000000000000142e+00 1.217897112416823635e+00 2.900645769264625429e+01 1.809405223089095216e+01 9.744670239254647370e+00
1.790000000000000036e+00 1.219050165322449919e+00 2.917214243560226805e+01 1.820235761239288053e+01 9.870709184503754230e+00
1.794999999999999929e+00 1.220205001284612623e+00 2.933841751614080096e+01 1.831111279451809537e+01 9.992286694961059368e+00
1.800000000000000044e+00 1.221361608752716377e+00 2.950527472090060144e+01 1.842031527723936080e+01 1.010924148444332538e+01
1.804999999999999938e+00 1.222519976159418986e+00 2.967270384662962357e+01 1.852996108722275181e+01 1.022142546735110713e+01
1.810000000000000053e+00 1.223680091920789526e+00 2.984069600282567691e+01 1.864004622546464418e+01 1.032869690742543334e+01
1.814999999999999947e+00 1.224841944436477315e+00 3.000924206303819020e+01 1.875056694101579069e+01 1.043092928253050999e+01
1.820000000000000062e+00 1.226005522089884225e+00 3.017833254343202753e+01 1.886151894633455584e+01 1.052800731281069346e+01
1.824999999999999956e+00 1.227170813248343206e+00 3.034795787146222068e+01 1.897289710297429366e+01 1.061982182630775284e+01
1.830000000000000071e+00 1.228337806263303689e+00 3.051810895760950260e+01 1.908469752157178334e+01 1.070627915168663336e+01
1.834999999999999964e+00 1.229506489470522324e+00 3.068877859209577252e+01 1.919691643171088202e+01 1.078729870344057495e+01
1.840000000000000080e+00 1.230676851190258825e+00 3.085995515358716190e+01 1.930954619615443590e+01 1.086281107514232147e+01
1.844999999999999973e+00 1.231848879727479362e+00 3.103163161255698910e+01 1.942258398216141657e+01 1.093275607753048284e+01
1.850000000000000089e+00 1.233022563372064173e+00 3.120379971026102339e+01 1.953602414613531835e+01 1.099708887219315301e+01
1.854999999999999982e+00 1.234197890399023168e+00 3.137645084586236521e+01 1.964986161289697009e+01 1.105577674785044451e+01
1.860000000000000098e+00 1.235374849068715752e+00 3.154957761898874935e+01 1.976409112142699342e+01 1.110879996217145482e+01
1.864999999999999991e+00 1.236553427627077095e+00 3.172317162398411128e+01 1.987870656043872941e+01 1.115614939134433214e+01
1.870000000000000107e+00 1.237733614305851271e+00 3.189723545162920360e+01 1.999370947275351185e+01 1.119786731919974443e+01
1.875000000000000000e+00 1.238915397322829737e+00 3.207174697200183289e+01 2.010908521097050539e+01 1.123390077762853245e+01
1.880000000000000115e+00 1.240098764882095139e+00 3.224670686527949925e+01 2.022483322713703657e+01 1.126430884609118799e+01
1.885000000000000009e+00 1.241283705174272667e+00 3.242211006552095398e+01 2.034094828116624498e+01 1.128913868610514903e+01
1.890000000000000124e+00 1.242470206376787178e+00 3.259795035123386242e+01 2.045742529992568848e+01 1.130844294060125499e+01
1.895000000000000018e+00 1.243658256654124994e+00 3.277422443656336526e+01 2.057426103906246340e+01 1.132228695943513053e+01
1.900000000000000133e+00 1.244847844158103012e+00 3.295092707952810684e+01 2.069144900216492289e+01 1.133075038478678387e+01
1.905000000000000027e+00 1.246038957028144711e+00 3.312805547951167284e+01 2.080898719024605725e+01 1.133392212623910389e+01
1.910000000000000142e+00 1.247231583391559262e+00 3.330560608369754050e+01 2.092687021773925693e+01 1.133190578052830588e+01
1.915000000000000036e+00 1.248425711363831514e+00 3.348357670057210811e+01 2.104509422351152281e+01 1.132481395100926491e+01
1.919999999999999929e+00 1.249621329048912655e+00 3.366196434303461160e+01 2.116365533925736742e+01 1.131277053008851752e+01
1.925000000000000044e+00 1.250818424539521745e+00 3.384076935757168769e+01 2.128255153511486952e+01 1.129591082476551911e+01
1.929999999999999938e+00 1.252016985917450365e+00 3.401998955198027375e+01 2.140177787057923808e+01 1.127438176565429728e+01
1.935000000000000053e+00 1.253217001253874363e+00 3.419962509356783897e+01 2.152133206298566748e+01 1.124833825287817568e+01
1.939999999999999947e+00 1.254418458609672937e+00 3.437967647328886045e+01 2.164121248061685776e+01 1.121794637154199670e+01
1.945000000000000062e+00 1.255621346035752151e+00 3.456014483740566590e+01 2.176141600532291775e+01 1.118338321645797073e+01
1.949999999999999956e+00 1.256825651573374891e+00 3.474103058581673764e+01 2.188193986438317395e+01 1.114483256668741262e+01
1.955000000000000071e+00 1.258031363254499713e+00 3.492233633904304213e+01 2.200278336846499627e+01 1.110248899505555364e+01
1.959999999999999964e+00 1.259238469102119673e+00 3.510406454551352340e+01 2.212394457084105071e+01 1.105655496768557100e+01
1.965000000000000080e+00 1.260446957130616275e+00 3.528621961942366170e+01 2.224542377776842272e+01 1.100724029373993851e+01
1.969999999999999973e+00 1.261656815346111182e+00 3.546880148509397657e+01 2.236721691114377109e+01 1.095476478897899675e+01
1.975000000000000089e+00 1.262868031746829489e+00 3.565181755261782115e+01 2.248932607886087354e+01 1.089935207014796781e+01
1.979999999999999982e+00 1.264080594323466533e+00 3.583527082698184074e+01 2.261175026448921699e+01 1.084123590978682650e+01
1.985000000000000098e+00 1.265294491059563597e+00 3.601916643319081857e+01 2.273448966874040522e+01 1.078065621622049797e+01
1.989999999999999991e+00 1.266509709931886274e+00 3.620350906379786693e+01 2.285754397354746814e+01 1.071785689259446706e+01
1.995000000000000107e+00 1.267726238910813485e+00 3.638833421856824657e+01 2.298092196764698514e+01 1.065303238698925092e+01
2.000000000000000000e+00 1.268944065960727619e+00 3.657359205964146298e+01 2.310461000835638146e+01 1.058654742780384517e+01
2.004999999999999893e+00 1.270163179040415979e+00 3.675931967109335829e+01 2.322861859681421492e+01 1.051862153032461755e+01
2.010000000000000231e+00 1.271383566103475360e+00 3.694551715183574458e+01 2.335294580503542505e+01 1.044949731974851836e+01
2.015000000000000124e+00 1.272605215098723486e+00 3.713219430464580739e+01 2.347759473351302262e+01 1.037945315871813534e+01
2.020000000000000018e+00 1.273828113970618237e+00 3.731935936015700150e+01 2.360256828899974835e+01 1.030876104990188757e+01
2.024999999999999911e+00 1.275052250659680864e+00 3.750701902365567264e+01 2.372786822221041092e+01 1.023769492283084048e+01
2.030000000000000249e+00 1.276277613102927866e+00 3.769518138634931148e+01 2.385349681510645325e+01 1.016653039627662913e+01
2.035000000000000142e+00 1.277504189234306420e+00 3.788385466203214946e+01 2.397945777984905646e+01 1.009554918520956512e+01
2.040000000000000036e+00 1.278731966985139357e+00 3.807304679777690382e+01 2.410575376246917045e+01 1.002502746594830185e+01
2.044999999999999929e+00 1.279960934284574359e+00 3.826276583332943915e+01 2.423238836979350097e+01 9.955246512850429497e+00
2.049999999999999822e+00 1.281191079060038929e+00 3.845302080589365090e+01 2.435936479389905429e+01 9.886487055865060825e+00
2.055000000000000160e+00 1.282422389237703575e+00 3.864381912904076444e+01 2.448668683181769268e+01 9.819030048920245335e+00
2.060000000000000053e+00 1.283654852742951435e+00 3.883517008777997148e+01 2.461435832774942867e+01 9.753154576462838676e+00
2.064999999999999947e+00 1.284888457500850345e+00 3.902708148413029932e+01 2.474238321169243449e+01 9.689139150415067903e+00
2.069999999999999840e+00 1.286123191436637780e+00 3.921956290558912173e+01 2.487076668900198229e+01 9.627262529167547100e+00
2.075000000000000178e+00 1.287359042476205584e+00 3.941262157355431128e+01 2.499951218819360577e+01 9.567797469103890506e+00
2.080000000000000071e+00 1.288595998546594679e+00 3.960626617646833125e+01 2.512862465579684113e+01 9.511016994798080049e+00
2.084999999999999964e+00 1.289834047576496001e+00 3.980050421597645993e+01 2.525810743753718413e+01 9.457190304209566634e+00
2.089999999999999858e+00 1.291073177496757207e+00 3.999534506706793735e+01 2.538796711618144641e+01 9.406579156017622623e+00
2.095000000000000195e+00 1.292313376240894485e+00 4.019079562574157904e+01 2.551820718640138352e+01 9.359447637483873095e+00
2.100000000000000089e+00 1.293554631745612582e+00 4.038686334404653167e+01 2.564883217492716128e+01 9.316052536714369836e+00
2.104999999999999982e+00 1.294796931951329721e+00 4.058355610776283839e+01 2.577984735085905754e+01 9.276642039478478097e+00
2.109999999999999876e+00 1.296040264802710951e+00 4.078088005452914189e+01 2.591125671246991757e+01 9.241464038130187575e+00
2.115000000000000213e+00 1.297284618249205046e+00 4.097884378800282690e+01 2.604306656972747902e+01 9.210754863506231516e+00
2.120000000000000107e+00 1.298529980245588522e+00 4.117745284446435505e+01 2.617528056067217790e+01 9.184749995049934057e+00
2.125000000000000000e+00 1.299776338752518745e+00 4.137671372995846042e+01 2.630790398016590359e+01 9.163674664455040642e+00
2.129999999999999893e+00 1.301023681737088600e+00 4.157663163126839123e+01 2.644093993379829399e+01 9.147744664848767471e+00
2.135000000000000231e+00 1.302271997173391371e+00 4.177721436528320709e+01 2.657439624313148130e+01 9.137171766442870435e+00
2.140000000000000124e+00 1.303521273043090511e+00 4.197846451582825011e+01 2.670827423452530880e+01 9.132159451766694858e+00
2.145000000000000018e+00 1.304771497335994956e+00 4.218039355197679896e+01 2.684257930131578362e+01 9.132916200157914943e+00
2.149999999999999911e+00 1.306022658050641327e+00 4.238299524821557185e+01 2.697731634284887292e+01 9.139594557120828355e+00
2.155000000000000249e+00 1.307274743194883682e+00 4.258627901448620889e+01 2.711248973121198702e+01 9.152381102580891437e+00
2.160000000000000142e+00 1.308527740786487481e+00 4.279024739862411764e+01 2.724810185486924752e+01 9.171441016048785144e+00
2.165000000000000036e+00 1.309781638853730668e+00 4.299490544497108147e+01 2.738415853486174001e+01 9.196929039567333319e+00
2.169999999999999929e+00 1.311036425436011399e+00 4.320025443475837790e+01 2.752066246732523425e+01 9.228989458045122163e+00
2.175000000000000266e+00 1.312292088584462002e+00 4.340629695714211067e+01 2.765761737618817406e+01 9.267754734485212254e+00
2.180000000000000160e+00 1.313548616362568033e+00 4.361303534312760632e+01 2.779502674380946559e+01 9.313341802983392981e+00
2.185000000000000053e+00 1.314805996846795111e+00 4.382047090019128888e+01 2.793289383505281265e+01 9.365864831368398313e+00
2.189999999999999947e+00 1.316064218127219965e+00 4.402860336988311474e+01 2.807121995943934678e+01 9.425420176361667401e+00
2.194999999999999840e+00 1.317323268308171258e+00 4.423743487790800799e+01 2.821001017251719389e+01 9.492089823695263107e+00
2.200000000000000178e+00 1.318583135508872406e+00 4.444696593038820964e+01 2.834926663372853284e+01 9.565950125479288246e+00
2.205000000000000071e+00 1.319843807864092611e+00 4.465719414999232839e+01 2.848898953631498188e+01 9.647060415204366635e+00
2.209999999999999964e+00 1.321105273524805224e+00 4.486812088778257390e+01 2.862918388863041486e+01 9.735469406107872814e+00
2.214999999999999858e+00 1.322367520658849438e+00 4.507974344987822235e+01 2.876984920411811331e+01 9.831210851255363536e+00
2.220000000000000195e+00 1.323630537451601530e+00 4.529206149895414768e+01 2.891098802734736495e+01 9.934305898286472924e+00
2.225000000000000089e+00 1.324894312106648098e+00 4.550507117854568406e+01 2.905260063533385306e+01 1.004476588300399342e+01
2.229999999999999982e+00 1.326158832846469293e+00 4.571877227634762875e+01 2.919468976289231321e+01 1.016258667156768603e+01
2.234999999999999876e+00 1.327424087913126938e+00 4.593316137422388579e+01 2.933725548802732774e+01 1.028774717910868830e+01
2.240000000000000213e+00 1.328690065568957523e+00 4.614823552022033937e+01 2.948029860298145621e+01 1.042021737132111880e+01
2.245000000000000107e+00 1.329956754097271210e+00 4.636399599521671888e+01 2.962381714757866291e+01 1.055992590552541266e+01
2.250000000000000000e+00 1.331224141803060590e+00 4.658042922505240568e+01 2.976781487733713050e+01 1.070687117033320490e+01
2.254999999999999893e+00 1.332492217013710345e+00 4.679753628999998227e+01 2.991228917777209517e+01 1.086095181998716264e+01
2.260000000000000231e+00 1.333760968079716003e+00 4.701531257603726033e+01 3.005724020335058100e+01 1.102209051774864790e+01
2.265000000000000124e+00 1.335030383375409135e+00 4.723375448273985455e+01 3.020266902717990121e+01 1.119018881057919401e+01
2.270000000000000018e+00 1.336300451299685221e+00 4.745285616675758433e+01 3.034857166331711653e+01 1.136513171507696995e+01
2.274999999999999911e+00 1.337571160276742388e+00 4.767261326939049582e+01 3.049494887085745631e+01 1.154680657246146680e+01
2.280000000000000249e+00 1.338842498756821042e+00 4.789302123204972617e+01 3.064180055416956350e+01 1.173507648990317165e+01
2.285000000000000142e+00 1.340114455216953049e+00 4.811407301680768001e+01 3.078912260612781182e+01 1.192979309358033468e+01
2.290000000000000036e+00 1.341387018161716460e+00 4.833576542951360722e+01 3.093691551028044628e+01 1.213079693538355919e+01
2.294999999999999929e+00 1.342660176123993576e+00 4.855809170649446571e+01 3.108517674037511114e+01 1.233792418547710135e+01
2.300000000000000266e+00 1.343933917665737443e+00 4.878104512022828487e+01 3.123390231581657162e+01 1.255099145670802763e+01
2.305000000000000160e+00 1.345208231378743458e+00 4.900462215147211253e+01 3.138309313765480013e+01 1.276980379405556398e+01
2.310000000000000053e+00 1.346483105885426967e+00 4.922881636899818147e+01 3.153274550857172898e+01 1.299416092873765649e+01
2.314999999999999947e+00 1.347758529839606201e+00 4.945362170110489330e+01 3.168285689356600798e+01 1.322385304565838382e+01
2.319999999999999840e+00 1.349034491927291413e+00 4.967903357025357991e+01 3.183342580721683390e+01 1.345865181397077137e+01
2.325000000000000178e+00 1.350310980867478472e+00 4.990504413554530316e+01 3.198444679909621513e+01 1.369833075037908188e+01
2.330000000000000071e+00 1.351587985412951776e+00 5.013165042152748896e+01 3.213592011894822065e+01 1.394264399394770493e+01
2.334999999999999964e+00 1.352865494351088493e+00 5.035884523946688773e+01 3.228784098892091947e+01 1.419134747802778662e+01
2.339999999999999858e+00 1.354143496504671029e+00 5.058662411572927908e+01 3.244020784458596296e+01 1.444417593884084106e+01
2.345000000000000195e+00 1.355421980732705700e+00 5.081498144974040798e+01 3.259301646810681063e+01 1.470087316487376583e+01
2.350000000000000089e+00 1.356700935931243857e+00 5.104391335924901796e+01 3.274626596688771940e+01 1.496116702914873109e+01
2.354999999999999982e+00 1.357980351034212774e+00 5.127341213096592298e+01 3.289994917479391034e+01 1.522476882369627305e+01
2.359999999999999876e+00 1.359260215014249207e+00 5.150347613081320475e+01 3.305406647821503441e+01 1.549140604632539286e+01
2.365000000000000213e+00 1.360540516883539608e+00 5.173410068390005279e+01 3.320861563486859325e+01 1.576078097854781923e+01
2.370000000000000107e+00 1.361821245694665894e+00 5.196527942860618765e+01 3.336358988834045647e+01 1.603259965245186436e+01
2.375000000000000000e+00 1.363102390541456321e+00 5.219701053141348268e+01 3.351898922906794098e+01 1.630656804940955240e+01
2.379999999999999893e+00 1.364383940559842134e+00 5.242928896453946663e+01 3.367480805925244880e+01 1.658238012025151420e+01
2.385000000000000231e+00 1.365665884928720875e+00 5.266211259409100620e+01 3.383104637989115560e+01 1.685972985405047808e+01
2.390000000000000124e+00 1.366948212870820356e+00 5.289547796584345463e+01 3.398770022220971754e+01 1.713830716161966805e+01
2.395000000000000018e+00 1.368230913653576408e+00 5.312938167006478096e+01 3.414476551061650866e+01 1.741779990121745669e+01
2.399999999999999911e+00 1.369513976590007287e+00 5.336382232794952785e+01 3.430224130921381942e+01 1.769790680973092023e+01
2.405000000000000249e+00 1.370797391039600077e+00 5.359879692718035926e+01 3.446012406970416464e+01 1.797830240401700763e+01
2.410000000000000142e+00 1.372081146409197538e+00 5.383430405947181896e+01 3.461841096765674308e+01 1.825867398031554600e+01
2.415000000000000036e+00 1.373365232153893167e+00 5.407034284605762053e+01 3.477710135475476250e+01 1.853871794613768031e+01
2.419999999999999929e+00 1.374649637777930256e+00 5.430691237030273300e+01 3.493619216045600240e+01 1.881812127801432766e+01
2.425000000000000266e+00 1.375934352835608943e+00 5.454400746247717535e+01 3.509567618270372691e+01 1.909659099596505527e+01
2.430000000000000160e+00 1.377219366932191491e+00 5.478163592573477558e+01 3.525556175283306004e+01 1.937377309957626892e+01
2.435000000000000053e+00 1.378504669724822440e+00 5.501979124949244238e+01 3.541583875387772906e+01 1.964938130390903481e+01
2.439999999999999947e+00 1.379790250923445205e+00 5.525847804737771440e+01 3.557651084728320257e+01 1.992311525053648325e+01
2.444999999999999840e+00 1.381076100291728892e+00 5.549769417825394413e+01 3.573757338482478474e+01 2.019468207765722667e+01
2.450000000000000178e+00 1.382362207647998886e+00 5.573744205113480632e+01 3.589902627623419562e+01 2.046377961506597387e+01
2.455000000000000071e+00 1.383648562866170106e+00 5.597772324268632360e+01 3.606086903887899098e+01 2.073011541936063651e+01
2.459999999999999964e+00 1.384935155876690471e+00 5.621853737407560203e+01 3.622309814471660872e+01 2.099340618908611233e+01
2.464999999999999858e+00 1.386221976667483702e+00 5.645988935332486847e+01 3.638571628384266887e+01 2.125337265468519021e+01
2.470000000000000195e+00 1.387509015284901448e+00 5.670178014764470475e+01 3.654872140872577546e+01 2.150975009520480086e+01
2.475000000000000089e+00 1.388796261834676082e+00 5.694421161815606780e+01 3.671211167163109224e+01 2.176226485674733269e+01
2.479999999999999982e+00 1.390083706482882597e+00 5.718718942993044152e+01 3.687589086194903842e+01 2.201065611634292551e+01
2.484999999999999876e+00 1.391371339456903167e+00 5.743071543876363449e+01 3.704005709091637755e+01 2.225467592821548379e+01
2.490000000000000213e+00 1.392659151046396371e+00 5.767479171467168442e+01 3.720460787602015529e+01 2.249407971694322583e+01
2.495000000000000107e+00 1.393947131604270639e+00 5.791942337218288372e+01 3.736954647811902674e+01 2.272863624369187008e+01
2.500000000000000000e+00 1.395235271547664579e+00 5.816461449198640565e+01 3.753487357298689631e+01 2.295811758437736572e+01
2.504999999999999893e+00 1.396523561358930632e+00 5.841037086387501631e+01 3.770059115732885857e+01 2.318230573148455420e+01
2.510000000000000231e+00 1.397811991586621838e+00 5.865669367705653769e+01 3.786669656438934339e+01 2.340099763574916025e+01
2.515000000000000124e+00 1.399100552846486600e+00 5.890359035233641549e+01 3.803319392435577129e+01 2.361399468109752675e+01
2.520000000000000018e+00 1.400389235822465217e+00 5.915106521283958330e+01 3.820008443544836041e+01 2.382112015233780866e+01
2.524999999999999911e+00 1.401678031267691527e+00 5.939912227340619921e+01 3.836736826452468563e+01 2.402218445120573520e+01
2.530000000000000249e+00 1.402966930005501656e+00 5.964776825439628993e+01 3.853504900853363324e+01 2.421703890480626953e+01
2.535000000000000142e+00 1.404255922930439437e+00 5.989700739960650822e+01 3.870312705964777678e+01 2.440552894002892614e+01
2.540000000000000036e+00 1.405545001009279815e+00 6.014684536884678323e+01 3.887160563541017666e+01 2.458750638225330931e+01
2.544999999999999929e+00 1.406834155282040921e+00 6.039728778717978486e+01 3.904048552508672998e+01 2.476285332157400276e+01
2.550000000000000266e+00 1.408123376863012810e+00 6.064833876880731367e+01 3.920976855782861037e+01 2.493145156748750679e+01
2.555000000000000160e+00 1.409412656941783526e+00 6.089997440945949592e+01 3.937944736239787602e+01 2.509331926759193010e+01
2.560000000000000053e+00 1.410701986784272943e+00 6.115225942697649231e+01 3.954954598630409635e+01 2.524814324721253556e+01
2.564999999999999947e+00 1.411991357733769048e+00 6.140516874542226589e+01 3.972005505443381423e+01 2.539593983876572381e+01
2.569999999999999840e+00 1.413280761211968217e+00 6.165871273351535820e+01 3.989098030503496517e+01 2.553666394371477111e+01
2.575000000000000178e+00 1.414570188720020605e+00 6.191289323183296744e+01 4.006232244926242458e+01 2.567026330401267487e+01
2.580000000000000071e+00 1.415859631839580635e+00 6.216771567501168505e+01 4.023408416538361365e+01 2.579669018419957993e+01
2.584999999999999964e+00 1.417149082233858159e+00 6.242318905550986585e+01 4.040627128679481217e+01 2.591593637038089426e+01
2.589999999999999858e+00 1.418438531648677170e+00 6.267931501768150326e+01 4.057888421670745061e+01 2.602797990387123050e+01
2.595000000000000195e+00 1.419727971913536280e+00 6.293609902121361444e+01 4.075192553500251336e+01 2.613284149821363656e+01
2.600000000000000089e+00 1.421017394942674095e+00 6.319354660550796865e+01 4.092539857775985013e+01 2.623053145397874886e+01
2.604999999999999982e+00 1.422306792736138581e+00 6.345166282333541119e+01 4.109930835920891212e+01 2.632108263774473400e+01
2.609999999999999876e+00 1.423596157380858207e+00 6.371045337900668670e+01 4.127365736125050688e+01 2.640454173269765903e+01
2.615000000000000213e+00 1.424885481051721747e+00 6.396992232942496059e+01 4.144844755163867944e+01 2.648096949165864800e+01
2.620000000000000107e+00 1.426174756012655642e+00 6.423007209536589812e+01 4.162368189954401032e+01 2.655044265531574510e+01
2.625000000000000000e+00 1.427463974617710019e+00 6.449090928700152858e+01 4.179936552938488603e+01 2.661304915829624207e+01
2.629999999999999893e+00 1.428753129312145598e+00 6.475243722174856487e+01 4.197550087587179490e+01 2.666889176886980195e+01
2.635000000000000231e+00 1.430042212633526821e+00 6.501465809938171958e+01 4.215208836239642665e+01 2.671808240940992363e+01
2.640000000000000124e+00 1.431331217212814755e+00 6.527757694068824890e+01 4.232913423647372042e+01 2.676075974958967052e+01
2.645000000000000018e+00 1.432620135775467096e+00 6.554119625856966991e+01 4.250663973484961389e+01 2.679706222957569040e+01
2.649999999999999911e+00 1.433908961142540850e+00 6.580551946616323278e+01 4.268460844540778254e+01 2.682713642722043801e+01
2.655000000000000249e+00 1.435197686231796554e+00 6.607054931648009699e+01 4.286304316228230249e+01 2.685116092559036716e+01
2.660000000000000142e+00 1.436486304058808727e+00 6.633628716435629258e+01 4.304194541010960506e+01 2.686931320662687384e+01
2.665000000000000036e+00 1.437774807738079197e+00 6.660273670490975917e+01 4.322132018907009865e+01 2.688179525776762091e+01
2.669999999999999929e+00 1.439063190484150212e+00 6.686989752284331701e+01 4.340116598122907021e+01 2.688879449940429467e+01
2.675000000000000266e+00 1.440351445612727099e+00 6.713777398656644380e+01 4.358148954719321466e+01 2.689054591457440324e+01
2.680000000000000160e+00 1.441639566541798700e+00 6.740636418707731536e+01 4.376229020872582964e+01 2.688726836144133259e+01
2.685000000000000053e+00 1.442927546792763360e+00 6.767567109802627101e+01 4.394357072161005817e+01 2.687920940154833715e+01
2.689999999999999947e+00 1.444215379991559578e+00 6.794569397713254943e+01 4.412533233073975225e+01 2.686661499043262680e+01
2.694999999999999840e+00 1.445503059869796658e+00 6.821643513341314247e+01 4.430757906636388554e+01 2.684974176281449942e+01
2.700000000000000178e+00 1.446790580265890691e+00 6.848789374981043920e+01 4.449031243143257797e+01 2.682887225484779492e+01
2.705000000000000071e+00 1.448077935126202975e+00 6.876006818403729426e+01 4.467353031595084190e+01 2.680428092509184879e+01
2.709999999999999964e+00 1.449365118506182437e+00 6.903294410832101846e+01 4.485723644556931333e+01 2.677631218861352380e+01
2.714999999999999858e+00 1.450652124571508272e+00 6.930654963560338899e+01 4.504143327112770123e+01 2.674515753474614144e+01
2.720000000000000195e+00 1.451938947599239915e+00 6.958086950809445170e+01 4.522612080857523154e+01 2.671116878390966320e+01
2.725000000000000089e+00 1.453225581978965009e+00 6.985590217684753611e+01 4.541129928577893793e+01 2.667466494427852197e+01
2.729999999999999982e+00 1.454512022213955591e+00 7.013164739308253104e+01 4.559697127953036500e+01 2.663596299710963677e+01
2.734999999999999876e+00 1.455798262922322506e+00 7.040810125899325556e+01 4.578313467890907162e+01 2.659539628369879694e+01
2.740000000000000213e+00 1.457084298838174696e+00 7.068526311526079553e+01 4.596979271296237357e+01 2.655329719951730993e+01
2.745000000000000107e+00 1.458370124812782276e+00 7.096312986697385838e+01 4.615694345526671327e+01 2.650999354920733353e+01
2.750000000000000000e+00 1.459655735815740485e+00 7.124169846183471577e+01 4.634458621283548041e+01 2.646583539661199325e+01
2.754999999999999893e+00 1.460941126936137202e+00 7.152096929030193451e+01 4.653272600922119295e+01 2.642116488157789433e+01
2.760000000000000231e+00 1.462226293383724007e+00 7.180093536463796511e+01 4.672135610161994634e+01 2.637633359513549536e+01
2.765000000000000124e+00 1.463511230490086357e+00 7.208159579784825155e+01 4.691047959843509574e+01 2.633169411684693983e+01
2.770000000000000018e+00 1.464795933709824194e+00 7.236294711860057305e+01 4.710009624875640100e+01 2.628761264964086664e+01
2.774999999999999911e+00 1.466080398621724123e+00 7.264498545355469616e+01 4.729020388534421215e+01 2.624442587776281499e+01
2.780000000000000249e+00 1.467364620929943797e+00 7.292770834858207252e+01 4.748080230736454155e+01 2.620249272123765394e+01
2.785000000000000142e+00 1.468648596465194744e+00 7.321111174561026758e+01 4.767189180687907424e+01 2.616218591253259618e+01
2.790000000000000036e+00 1.469932321185927426e+00 7.349517556561623621e+01 4.786346638954198340e+01 2.612376021472562471e+01
2.794999999999999929e+00 1.471215791179520282e+00 7.377992673499531406e+01 4.805553100184106796e+01 2.608775324301977605e+01
2.800000000000000266e+00 1.472499002663467449e+00 7.406534743529839204e+01 4.824808206292547652e+01 2.605442175390910720e+01
2.805000000000000160e+00 1.473781951986576466e+00 7.435143319649391458e+01 4.844111775106428297e+01 2.602412476981673706e+01
2.810000000000000053e+00 1.475064635630160437e+00 7.463817985053108828e+01 4.863463650961494267e+01 2.599721338422404315e+01
2.814999999999999947e+00 1.476347050209237288e+00 7.492558437629435275e+01 4.882863643714189550e+01 2.597402593545224647e+01
2.819999999999999840e+00 1.477629192473728592e+00 7.521364337251607424e+01 4.902311849954627121e+01 2.595491170396194036e+01
2.825000000000000178e+00 1.478911059309663267e+00 7.550235322882393518e+01 4.921807910758334970e+01 2.594020115163151274e+01
2.830000000000000071e+00 1.480192647740382617e+00 7.579170737090788634e+01 4.941351407865906253e+01 2.593022330251196550e+01
2.834999999999999964e+00 1.481473954927746250e+00 7.608170533221813514e+01 4.960942453631730586e+01 2.592529803651159170e+01
2.839999999999999858e+00 1.482754978173340454e+00 7.637234107501612357e+01 4.980580699746723639e+01 2.592574669351560956e+01
2.845000000000000195e+00 1.484035714919693882e+00 7.666361396267318185e+01 5.000266203062849968e+01 2.593188883958940494e+01
2.850000000000000089e+00 1.485316162751484814e+00 7.695551740808487295e+01 5.019998373365083921e+01 2.594400730317529025e+01
2.854999999999999982e+00 1.486596319396762178e+00 7.724805049506893795e+01 5.039777317067708395e+01 2.596240024088756826e+01
2.859999999999999876e+00 1.487876182728162133e+00 7.754120888146260882e+01 5.059602623692953216e+01 2.598736202423101815e+01
2.865000000000000213e+00 1.489155750764126207e+00 7.783499072417944831e+01 5.079474295672748951e+01 2.601915873925845091e+01
2.870000000000000107e+00 1.490435021670126092e+00 7.812939197367172994e+01 5.099391951911738374e+01 2.605805965347997244e+01
2.875000000000000000e+00 1.491713993759884893e+00 7.842441110446578989e+01 5.119355539605165006e+01 2.610431517954348735e+01
2.879999999999999893e+00 1.492992665496607696e+00 7.872004503487715965e+01 5.139364793959727251e+01 2.615816564007470291e+01
2.885000000000000231e+00 1.494271035494205480e+00 7.901629164906246672e+01 5.159419430727225375e+01 2.621984253126937858e+01
2.890000000000000124e+00 1.495549102518527240e+00 7.931315047759848369e+01 5.179519543302102846e+01 2.628957212708375124e+01
2.895000000000000018e+00 1.496826865488593894e+00 7.961061794845007000e+01 5.199664691224472790e+01 2.636755242817294231e+01
2.899999999999999911e+00 1.498104323477830180e+00 7.990869168683207135e+01 5.219854649425239046e+01 2.645398861284267866e+01
2.905000000000000249e+00 1.499381475715303225e+00 8.020737315811486212e+01 5.240089514098754364e+01 2.654905076495407812e+01
2.910000000000000142e+00 1.500658321586958444e+00 8.050665890169661054e+01 5.260368845392108028e+01 2.665291903585580613e+01
2.915000000000000036e+00 1.501934860636862323e+00 8.080654793574259998e+01 5.280692583045006927e+01 2.676573283827179850e+01
2.919999999999999929e+00 1.503211092568443430e+00 8.110704403756989223e+01 5.301060977038095245e+01 2.688764323800453226e+01
2.925000000000000266e+00 1.504487017245737190e+00 8.140814114731362849e+01 5.321473227105836656e+01 2.701877333161256445e+01
2.930000000000000160e+00 1.505762634694630231e+00 8.170984236679436208e+01 5.341929571772709551e+01 2.715922956932935861e+01
2.935000000000000053e+00 1.507037945104112264e+00 8.201214662622865603e+01 5.362429920183376453e+01 2.730912218816377646e+01
2.939999999999999947e+00 1.508312948827522426e+00 8.231505646353275552e+01 5.382974241076173882e+01 2.746851941515238593e+01
2.944999999999999840e+00 1.509587646383803383e+00 8.261857090342239474e+01 5.403562242778608038e+01 2.763749037405457898e+01
2.950000000000000178e+00 1.510862038458753664e+00 8.292268948751055291e+01 5.424193837522069117e+01 2.781609353777127325e+01
2.955000000000000071e+00 1.512136125906285322e+00 8.322741505310327170e+01 5.444868942946601464e+01 2.800435677521034350e+01
2.959999999999999964e+00 1.513409909749681370e+00 8.353275043937767919e+01 5.465587917004843632e+01 2.820230398972641339e+01
2.964999999999999858e+00 1.514683391182853445e+00 8.383869468429807625e+01 5.486350317740003391e+01 2.840994869224019226e+01
2.970000000000000195e+00 1.515956571571605682e+00 8.414525205678016562e+01 5.507156274125137685e+01 2.862726276262768721e+01
2.975000000000000089e+00 1.517229452454897709e+00 8.445242327163944651e+01 5.528005766610429816e+01 2.885423443085232265e+01
2.979999999999999982e+00 1.518502035546109630e+00 8.476021059632284960e+01 5.548898731046787702e+01 2.909081798245972905e+01
2.984999999999999876e+00 1.519774322734309235e+00 8.506861656635049940e+01 5.569835243482924625e+01 2.933695855379086481e+01
2.990000000000000213e+00 1.521046316085523209e+00 8.537764543972406273e+01 5.590815985600562499e+01 2.959265344467809911e+01
2.995000000000000107e+00 1.522318017844006111e+00 8.568729848830750484e+01 5.611839757887190672e+01 2.985767868983802131e+01
3.000000000000000000e+00 1.523589430433515579e+00 8.599757897054398370e+01 5.632907193616293284e+01 3.013200558050787947e+01
3.004999999999999893e+00 1.524860556458587313e+00 8.630849194463893070e+01 5.654018610251386434e+01 3.041550233350246657e+01
3.010000000000000231e+00 1.526131398705811604e+00 8.662003887338254060e+01 5.675173730380164727e+01 3.070804342355550176e+01
3.015000000000000124e+00 1.527401960145112314e+00 8.693222464190505150e+01 5.696372991446685319e+01 3.100948165255308098e+01
3.020000000000000018e+00 1.528672243931031183e+00 8.724505193998645325e+01 5.717616245522614804e+01 3.131965566617831342e+01
3.024999999999999911e+00 1.529942253404009023e+00 8.755852566466234066e+01 5.738903789279338241e+01 3.163839263485094833e+01
3.030000000000000249e+00 1.531211992091669805e+00 8.787264935349199391e+01 5.760235748570222114e+01 3.196549780089696213e+01
3.035000000000000142e+00 1.532481463710112957e+00 8.818742580307547030e+01 5.781612084757349379e+01 3.230076942678189056e+01
3.040000000000000036e+00 1.533750672165198337e+00 8.850286150752157255e+01 5.803033247573995368e+01 3.264399301377473961e+01
3.044999999999999929e+00 1.535019621553841640e+00 8.881895873986253775e+01 5.824499127099390705e+01 3.299493236325774603e+01
3.050000000000000266e+00 1.536288316165307810e+00 8.913572289768346479e+01 5.846010148628039360e+01 3.335335069637892502e+01
3.055000000000000160e+00 1.537556760482504448e+00 8.945315857010834293e+01 5.867566504091350055e+01 3.371898829471121672e+01
3.060000000000000053e+00 1.538824959183287211e+00 8.977126791681190809e+01 5.889168160307042399e+01 3.409158803148095274e+01
3.064999999999999947e+00 1.540092917141751672e+00 9.009005611206647757e+01 5.910815392702176041e+01 3.447086896996772509e+01
3.070000000000000284e+00 1.541360639429545376e+00 9.040952808923272244e+01 5.932508935002995543e+01 3.485652072091642140e+01
3.075000000000000178e+00 1.542628131317168361e+00 9.072968825252348779e+01 5.954248193115862620e+01 3.524826606192894474e+01
3.080000000000000071e+00 1.543895398275281439e+00 9.105054333521152898e+01 5.976034141327843940e+01 3.564579988727515314e+01
3.084999999999999964e+00 1.545162445976019150e+00 9.137209228582163689e+01 5.997866380488023452e+01 3.604879757926536854e+01
3.089999999999999858e+00 1.546429280294300046e+00 9.169434145386314583e+01 6.019745383244303838e+01 3.645692645181780733e+01
3.095000000000000195e+00 1.547695907309144969e+00 9.201729695118700647e+01 6.041671610353887445e+01 3.686985333954739730e+01
3.100000000000000089e+00 1.548962333304992001e+00 9.234095997189170646e+01 6.063645027506453289e+01 3.728722792338840009e+01
3.104999999999999982e+00 1.550228564773019402e+00 9.266533467541319169e+01 6.085665982905356941e+01 3.770870466043025004e+01
3.109999999999999876e+00 1.551494608412467890e+00 9.299042753083926982e+01 6.107734889534267353e+01 3.813391887981018868e+01
3.115000000000000213e+00 1.552760471131968911e+00 9.331623949333665280e+01 6.129851837062310693e+01 3.856250347244477439e+01
3.120000000000000107e+00 1.554026160050869576e+00 9.364277512287185345e+01 6.152017111675093020e+01 3.899410038210710638e+01
3.125000000000000000e+00 1.555291682500568706e+00 9.397003760555895724e+01 6.174231003434005771e+01 3.942831591919836853e+01
3.129999999999999893e+00 1.556557046025848434e+00 9.429803046990852522e+01 6.196493702091076017e+01 3.986478106642566388e+01
3.135000000000000231e+00 1.557822258386214909e+00 9.462675500424330721e+01 6.218805383884017601e+01 4.030310915215756040e+01
3.140000000000000124e+00 1.559087327557234559e+00 9.495621715328780965e+01 6.241166609036516633e+01 4.074292241773876100e+01
3.145000000000000018e+00 1.560352261731882795e+00 9.528641549065932281e+01 6.263577053846648113e+01 4.118381637823578956e+01
3.149999999999999911e+00 1.561617069321888263e+00 9.561735722668871063e+01 6.286037553272002754e+01 4.162540944258320508e+01
3.155000000000000249e+00 1.562881758959084433e+00 9.594904070031066112e+01 6.308547961708151064e+01 4.206729907071073882e+01
3.160000000000000142e+00 1.564146339496760740e+00 9.628146994421406646e+01 6.331108679322431954e+01 4.250912200168143329e+01
3.165000000000000036e+00 1.565410820011023496e+00 9.661464768805196002e+01 6.353719895002274853e+01 4.295044618694934968e+01
3.169999999999999929e+00 1.566675209802153468e+00 9.694857420085240562e+01 6.376381747963377222e+01 4.339089776603599802e+01
3.175000000000000266e+00 1.567939518395971676e+00 9.728325179229084085e+01 6.399094488385387081e+01 4.383009170157712475e+01
3.180000000000000160e+00 1.569203755545205192e+00 9.761868090033104295e+01 6.421858277709020513e+01 4.426762211090635901e+01
3.185000000000000053e+00 1.570467931230861369e+00 9.795486471045809651e+01 6.444673578183628138e+01 4.470314176402410311e+01
3.189999999999999947e+00 1.571732055663601191e+00 9.829179889120361224e+01 6.467539927805438538e+01 4.513624051221552946e+01
3.195000000000000284e+00 1.572996139285118833e+00 9.862949152667630415e+01 6.490458266325745740e+01 4.556656375834705841e+01
3.200000000000000178e+00 1.574260192769525224e+00 9.896793840994043023e+01 6.513428197817846410e+01 4.599370678113785971e+01
3.205000000000000071e+00 1.575524227024737378e+00 9.930714336970665101e+01 6.536450353787631684e+01 4.641733236345771729e+01
3.209999999999999964e+00 1.576788253193867284e+00 9.964709979998630729e+01 6.559524160702821405e+01 4.683709276246332820e+01
3.214999999999999858e+00 1.578052282656617233e+00 9.998781441562921657e+01 6.582650405526858606e+01 4.725259025847986294e+01
3.220000000000000195e+00 1.579316327030685141e+00 1.003292826797597144e+02 6.605828733944450448e+01 4.766351395552779024e+01
3.225000000000000089e+00 1.580580398173165202e+00 1.006715084631951242e+02 6.629059879915791953e+01 4.806954000215266376e+01
3.229999999999999982e+00 1.581844508181959430e+00 1.010144860676607834e+02 6.652343133986198609e+01 4.847031059973664213e+01
3.234999999999999876e+00 1.583108669397191415e+00 1.013582197864616319e+02 6.675679327188115053e+01 4.886553305087156218e+01
3.240000000000000213e+00 1.584372894402625409e+00 1.017027045747028637e+02 6.699067992201830180e+01 4.925490980935158802e+01
3.245000000000000107e+00 1.585637196027092743e+00 1.020479413924221177e+02 6.722509407198157305e+01 4.963810971152324925e+01
3.250000000000000000e+00 1.586901587345919129e+00 1.023939289789813358e+02 6.746003734491978321e+01 5.001485805743264734e+01
3.254999999999999893e+00 1.588166081682362174e+00 1.027406667495579882e+02 6.769550878423497409e+01 5.038491009542586596e+01
3.260000000000000231e+00 1.589430692609048013e+00 1.030881516077863722e+02 6.793151017895176835e+01 5.074796186962242217e+01
3.265000000000000124e+00 1.590695433949419924e+00 1.034363802867818123e+02 6.816803638720001857e+01 5.110386057622545053e+01
3.270000000000000018e+00 1.591960319779189614e+00 1.037853555834181378e+02 6.840509462012579434e+01 5.145223807214913592e+01
3.274999999999999911e+00 1.593225364427793389e+00 1.041350721229953535e+02 6.864268049129643146e+01 5.179297849074399807e+01
3.280000000000000249e+00 1.594490582479856755e+00 1.044855317363549716e+02 6.888079898346728669e+01 5.212583727010065360e+01
3.285000000000000142e+00 1.595755988776664358e+00 1.048367292989705959e+02 6.911944237762187981e+01 5.245060784360763506e+01
3.290000000000000036e+00 1.597021598417631694e+00 1.051886658509098709e+02 6.935861947785429038e+01 5.276714711466198082e+01
3.294999999999999929e+00 1.598287426761794583e+00 1.055414014801780098e+02 6.959832817918703540e+01 5.307526510659007357e+01
3.300000000000000266e+00 1.599553489429289543e+00 1.058948101597945453e+02 6.983856076901227539e+01 5.337484038263220754e+01
3.305000000000000160e+00 1.600819802302856587e+00 1.062489482010607134e+02 7.007931905515580695e+01 5.366574228111202416e+01
3.310000000000000053e+00 1.602086381529337800e+00 1.066038181507067577e+02 7.032060836318316888e+01 5.394789210522793610e+01
3.314999999999999947e+00 1.603353243521186133e+00 1.069594449178540714e+02 7.056243764139890118e+01 5.422086584695959033e+01
3.320000000000000284e+00 1.604620404957985969e+00 1.073157628354821043e+02 7.080476896368111284e+01 5.448510274647873075e+01
3.325000000000000178e+00 1.605887882787973897e+00 1.076728086883035473e+02 7.104762987272854957e+01 5.474033355155513902e+01
3.330000000000000071e+00 1.607155694229572163e+00 1.080305831736041711e+02 7.129102505095195852e+01 5.498650356094582037e+01
3.334999999999999964e+00 1.608423856772927873e+00 1.083890711216789100e+02 7.153493657025946106e+01 5.522357549020304646e+01
3.339999999999999858e+00 1.609692388181460876e+00 1.087482778107303716e+02 7.177937278677461563e+01 5.545160340513210429e+01
3.345000000000000195e+00 1.610961306493419842e+00 1.091081994653233380e+02 7.202432462434859417e+01 5.567040707610866690e+01
3.350000000000000089e+00 1.612230630023444355e+00 1.094688442687473042e+02 7.226980983162552263e+01 5.588028182410112521e+01
3.354999999999999982e+00 1.613500377364142535e+00 1.098301976805537521e+02 7.251580901603699658e+01 5.608105103448512807e+01
3.359999999999999876e+00 1.614770567387667999e+00 1.101922661514472708e+02 7.276232629290365139e+01 5.627275230009914253e+01
3.365000000000000213e+00 1.616041219247312144e+00 1.105550452578699208e+02 7.300936940572864842e+01 5.645578652523887087e+01
3.370000000000000107e+00 1.617312352379102647e+00 1.109185361315837213e+02 7.325692807578717236e+01 5.662990809843959994e+01
3.375000000000000000e+00 1.618583986503417060e+00 1.112827274463502931e+02 7.350499374248489914e+01 5.679524714603142144e+01
3.379999999999999893e+00 1.619856141626595081e+00 1.116476422317343236e+02 7.375359252400092203e+01 5.695216190231543862e+01
3.385000000000000231e+00 1.621128838042573905e+00 1.120132605997297333e+02 7.400269978433563267e+01 5.710059946243271867e+01
3.390000000000000124e+00 1.622402096334521149e+00 1.123795888216590839e+02 7.425232871517002309e+01 5.724083799013083507e+01
3.395000000000000018e+00 1.623675937376488410e+00 1.127466273928378513e+02 7.450247676364244853e+01 5.737296663025983179e+01
3.399999999999999911e+00 1.624950382335069499e+00 1.131143699556853761e+02 7.475312981033056303e+01 5.749719426263938260e+01
3.405000000000000249e+00 1.626225452671069327e+00 1.134828270204778846e+02 7.500430615058482431e+01 5.761385948726960038e+01
3.410000000000000142e+00 1.627501170141188780e+00 1.138519904440783250e+02 7.525599212579930963e+01 5.772297985418962440e+01
3.415000000000000036e+00 1.628777556799715365e+00 1.142218633119569091e+02 7.550819164101505976e+01 5.782496720815577618e+01
3.419999999999999929e+00 1.630054635000228513e+00 1.145924451611025461e+02 7.576090230429085182e+01 5.791997480546292110e+01
3.425000000000000266e+00 1.631332427397314877e+00 1.149637423147245840e+02 7.601413393627815651e+01 5.800830515178176228e+01
3.430000000000000160e+00 1.632610956948298497e+00 1.153357641989441476e+02 7.626788985812193289e+01 5.809023947702266355e+01
3.435000000000000053e+00 1.633890246914980304e+00 1.157084807267178093e+02 7.652213889451252271e+01 5.816608158329264455e+01
3.439999999999999947e+00 1.635170320865392934e+00 1.160819421614198887e+02 7.677691014232280509e+01 5.823605743355431485e+01
3.445000000000000284e+00 1.636451202675564431e+00 1.164561065200351919e+02 7.703220811523596012e+01 5.830067481283043662e+01
3.450000000000000178e+00 1.637732916531301264e+00 1.168309678657180797e+02 7.728799357095178379e+01 5.836011239552051677e+01
3.455000000000000071e+00 1.639015486929979559e+00 1.172066055271784677e+02 7.754433702766880288e+01 5.841481443339635860e+01
3.459999999999999964e+00 1.640298938682350771e+00 1.175829324224269072e+02 7.780116059151755792e+01 5.846482209354667958e+01
3.464999999999999858e+00 1.641583296914366441e+00 1.179599954514746116e+02 7.805852810894941740e+01 5.851119497983658846e+01
3.470000000000000195e+00 1.642868587069010289e+00 1.183377737816608573e+02 7.831638210375388098e+01 5.855357810949605835e+01
3.475000000000000089e+00 1.644154834908149621e+00 1.187163015643691040e+02 7.857477396339552911e+01 5.859271328108426502e+01
3.479999999999999982e+00 1.645442066514400281e+00 1.190951744014343774e+02 7.883355761509118054e+01 5.862963099881014983e+01
3.484999999999999876e+00 1.646730308293007594e+00 1.194751453929023484e+02 7.909298231319010597e+01 5.866335020681310652e+01
3.490000000000000213e+00 1.648019586973742623e+00 1.198558687075389884e+02 7.935293200452534279e+01 5.869489855382914811e+01
3.495000000000000107e+00 1.649309929612814640e+00 1.202373106319064391e+02 7.961338183662047641e+01 5.872467835877083076e+01
3.500000000000000000e+00 1.650601363594798476e+00 1.206195311423148411e+02 7.987438320635581590e+01 5.875317297400950167e+01
3.504999999999999893e+00 1.651893916634581849e+00 1.210018598311264810e+02 8.013543894187608885e+01 5.877524525281652501e+01
3.510000000000000231e+00 1.653187616779326907e+00 1.213848991982651739e+02 8.039696841999113985e+01 5.879666906943496940e+01
3.515000000000000124e+00 1.654482492410449757e+00 1.217687180794995783e+02 8.065904722160044571e+01 5.881815899824704275e+01
3.520000000000000018e+00 1.655778572245619973e+00 1.221539816594287231e+02 8.092186521322459214e+01 5.883945300213331109e+01
3.524999999999999911e+00 1.657075885340773880e+00 1.225393807808010678e+02 8.118502193276211187e+01 5.886225859092742496e+01
3.530000000000000249e+00 1.658374461092151142e+00 1.229255548352005292e+02 8.144872538253883931e+01 5.888656348647708683e+01
3.535000000000000142e+00 1.659674329238346902e+00 1.233124616559499884e+02 8.171290980347637856e+01 5.891217081025447300e+01
3.540000000000000036e+00 1.660975519862385452e+00 1.237001930554254301e+02 8.197767961729198305e+01 5.894021407379890576e+01
3.544999999999999929e+00 1.662278063393811456e+00 1.240886979861000441e+02 8.224298749158658950e+01 5.897098563759788448e+01
3.550000000000000266e+00 1.663581990610803807e+00 1.244780193341330090e+02 8.250883640236173733e+01 5.900470099698156901e+01
3.555000000000000160e+00 1.664887332642308815e+00 1.248681129930567408e+02 8.277522246207428225e+01 5.904184227989012612e+01
3.560000000000000053e+00 1.666194120970192039e+00 1.252589821278596105e+02 8.304216339860695939e+01 5.908376950471384959e+01
3.564999999999999947e+00 1.667502387431416100e+00 1.256507198217708208e+02 8.330967601095385078e+01 5.912978309036650870e+01
3.570000000000000284e+00 1.668812164220237593e+00 1.260433146054224807e+02 8.357776662024791392e+01 5.917977492004033735e+01
3.575000000000000178e+00 1.670123483890425531e+00 1.264365754339655155e+02 8.384631743288397843e+01 5.923557671806168656e+01
3.580000000000000071e+00 1.671436379357503110e+00 1.268307826183734051e+02 8.411552235953556078e+01 5.929699344534341776e+01
3.584999999999999964e+00 1.672750883901015451e+00 1.272257044044052066e+02 8.438520837968837895e+01 5.936494443246410668e+01
3.589999999999999858e+00 1.674067031166816655e+00 1.276215737892861029e+02 8.465554011424995906e+01 5.943870980688734562e+01
3.595000000000000195e+00 1.675384855169382847e+00 1.280181935878969171e+02 8.492639235091810690e+01 5.951957496275482384e+01
3.600000000000000089e+00 1.676704390294149860e+00 1.284157209811577900e+02 8.519788562352781014e+01 5.960832087978243976e+01
3.604999999999999982e+00 1.678025671299876453e+00 1.288140208413709331e+02 8.546987705318984752e+01 5.970441557777366626e+01
3.609999999999999876e+00 1.679348733321033071e+00 1.292132618373789228e+02 8.574248760059967367e+01 5.980827440995479805e+01
3.615000000000000213e+00 1.680673611870211692e+00 1.296133131389671860e+02 8.601572145771589817e+01 5.992119441124301460e+01
3.620000000000000107e+00 1.682000342840573426e+00 1.300142345467901066e+02 8.628947668017286787e+01 6.004193308091040393e+01
3.625000000000000000e+00 1.683328962508309878e+00 1.304160118708995242e+02 8.656386846602212870e+01 6.017268049486585113e+01
3.629999999999999893e+00 1.684659507535143819e+00 1.308187466910469823e+02 8.683885459240164550e+01 6.031143811144048783e+01
3.635000000000000231e+00 1.685992014970846498e+00 1.312221165262878344e+02 8.711432533767145969e+01 6.046172372698971742e+01
3.640000000000000124e+00 1.687326522255794936e+00 1.316265863917608669e+02 8.739052508244601825e+01 6.062081943605051038e+01
3.645000000000000018e+00 1.688663067223552527e+00 1.320318590182183414e+02 8.766730903497145277e+01 6.079128372826905746e+01
3.649999999999999911e+00 1.690001688103477839e+00 1.324380279942898540e+02 8.794468533546761080e+01 6.097180303151959180e+01
3.655000000000000249e+00 1.691342423523365834e+00 1.328451085595287395e+02 8.822269715692615932e+01 6.116300313429383095e+01
3.660000000000000142e+00 1.692685312512123508e+00 1.332529068984713660e+02 8.850118950448728583e+01 6.136526735609204763e+01
3.665000000000000036e+00 1.694030394502469727e+00 1.336618014986835306e+02 8.878038769833437982e+01 6.157848632016195012e+01
3.669999999999999929e+00 1.695377709333675487e+00 1.340718113734861276e+02 8.906048672939732569e+01 6.180475511543936307e+01
3.675000000000000266e+00 1.696727297254325917e+00 1.344823314702888410e+02 8.934081708937949884e+01 6.204133039302758590e+01
3.680000000000000160e+00 1.698079198925130706e+00 1.348938340498885964e+02 8.962190230675834357e+01 6.229122332936800177e+01
3.685000000000000053e+00 1.699433455421752726e+00 1.353062980217032418e+02 8.990363125806139522e+01 6.255115381975386413e+01
3.689999999999999947e+00 1.700790108237682396e+00 1.357197596450035633e+02 9.018600365620430637e+01 6.282437144375763438e+01
3.695000000000000284e+00 1.702149199287140036e+00 1.361340610849125312e+02 9.046899425752036450e+01 6.311008948875120694e+01
3.700000000000000178e+00 1.703510770908022831e+00 1.365492884089393897e+02 9.075262023342114048e+01 6.340775535513619587e+01
3.705000000000000071e+00 1.704874865864877798e+00 1.369654344888911623e+02 9.103690401048456238e+01 6.371803493544712182e+01
3.709999999999999964e+00 1.706241527351919807e+00 1.373825200165478577e+02 9.132182400063791761e+01 6.404111217854797644e+01
3.714999999999999858e+00 1.707610798996081591e+00 1.378004119581336795e+02 9.160731381155784447e+01 6.437650196424324633e+01
3.720000000000000195e+00 1.708982724860113711e+00 1.382193871303812216e+02 9.189356745487816625e+01 6.472514520932706716e+01
3.725000000000000089e+00 1.710357349445704500e+00 1.386392026179595689e+02 9.218043029687039791e+01 6.508674515704052510e+01
3.729999999999999982e+00 1.711734717696661745e+00 1.390600741364813757e+02 9.246802247310442624e+01 6.545993557385021688e+01
3.734999999999999876e+00 1.713114875002117454e+00 1.394817437571797427e+02 9.275617865916245819e+01 6.584683186554512702e+01
3.740000000000000213e+00 1.714497867199787251e+00 1.399044459434578869e+02 9.304500388580585479e+01 6.624486325774824991e+01
3.745000000000000107e+00 1.715883740579261962e+00 1.403280783969167942e+02 9.333456522374083875e+01 6.665674623473830707e+01
3.750000000000000000e+00 1.717272541885350057e+00 1.407525254030365431e+02 9.362466373327058022e+01 6.708039781718784411e+01
3.754999999999999893e+00 1.718664318321458495e+00 1.411780095610914714e+02 9.391550814106491885e+01 6.751721995467850945e+01
3.760000000000000231e+00 1.720059117553022654e+00 1.416044653806740996e+02 9.420704550229729080e+01 6.796608896204048733e+01
3.765000000000000124e+00 1.721456987710977105e+00 1.420317498920815922e+02 9.449917619258985724e+01 6.842679752435316232e+01
3.770000000000000018e+00 1.722857977395276574e+00 1.424600693076088760e+02 9.479201479489952931e+01 6.889951543749417340e+01
3.774999999999999911e+00 1.724262135678464647e+00 1.428893535533419765e+02 9.508559334972451893e+01 6.938470115383402970e+01
3.780000000000000249e+00 1.725669512109285098e+00 1.433195568957520720e+02 9.537979183165896302e+01 6.988021084426060270e+01
3.785000000000000142e+00 1.727080156716347847e+00 1.437506256303966268e+02 9.567458845240889787e+01 7.038761742439611169e+01
3.790000000000000036e+00 1.728494120011841551e+00 1.441828808653629892e+02 9.597028628459732147e+01 7.090633855934733276e+01
3.794999999999999929e+00 1.729911452995299248e+00 1.446158820936524876e+02 9.626647855893415340e+01 7.143566005343518555e+01
3.800000000000000266e+00 1.731332207157411762e+00 1.450499405397618489e+02 9.656341565073518041e+01 7.197608030200204610e+01
3.805000000000000160e+00 1.732756434483898600e+00 1.454849567226252134e+02 9.686113152006404903e+01 7.252927076155754094e+01
3.810000000000000053e+00 1.734184187459427706e+00 1.459206950044812743e+02 9.715923815920932327e+01 7.308861907232923727e+01
3.814999999999999947e+00 1.735615519071593615e+00 1.463575682916864196e+02 9.745826237519969482e+01 7.366212884455758569e+01
3.820000000000000284e+00 1.737050482814948671e+00 1.467954563606185445e+02 9.775789519260879956e+01 7.423957135293916565e+01
3.825000000000000178e+00 1.738489132695088868e+00 1.472343149907520967e+02 9.805834158793669530e+01 7.483008293592887128e+01
3.830000000000000071e+00 1.739931523232801869e+00 1.476740487056688096e+02 9.835941325449741157e+01 7.542924506889576719e+01
3.834999999999999964e+00 1.741377709468272084e+00 1.481149919567473319e+02 9.866136983534094895e+01 7.603537434113503934e+01
3.839999999999999858e+00 1.742827746965340152e+00 1.485565195520602515e+02 9.896365831651706912e+01 7.665176518407490391e+01
3.845000000000000195e+00 1.744281691815829705e+00 1.489992468977235944e+02 9.926678834373012705e+01 7.727445390734490616e+01
3.850000000000000089e+00 1.745739600643932299e+00 1.494429549910923924e+02 9.957070774076511555e+01 7.790543532911624425e+01
3.854999999999999982e+00 1.747201530610656750e+00 1.498873840274144982e+02 9.987518573779300368e+01 7.854597875126350459e+01
3.859999999999999876e+00 1.748667539418339745e+00 1.503331010196786508e+02 1.001804909687323857e+02 7.919000062672168383e+01
3.865000000000000213e+00 1.750137685315223512e+00 1.507798251898811941e+02 1.004866307120968258e+02 7.983971178579666628e+01
3.870000000000000107e+00 1.751612027100100555e+00 1.512273697176887595e+02 1.007932471469609368e+02 8.049510434462892761e+01
3.875000000000000000e+00 1.753090624127023878e+00 1.516758645103066669e+02 1.011007036575920779e+02 8.115917761408802278e+01
3.879999999999999893e+00 1.754573536310083837e+00 1.521253421187973061e+02 1.014086884836073637e+02 8.182520413545216798e+01
3.885000000000000231e+00 1.756060824128258258e+00 1.525760190565691516e+02 1.017177211180316903e+02 8.249817774830485462e+01
3.890000000000000124e+00 1.757552548630337386e+00 1.530274724581049952e+02 1.020270453462201488e+02 8.317438745132200495e+01
3.895000000000000018e+00 1.759048771439909009e+00 1.534801900943689930e+02 1.023374964111989414e+02 8.385218649847747940e+01
3.899999999999999911e+00 1.760549554760425739e+00 1.539337412719376914e+02 1.026485159574129966e+02 8.453725137679627721e+01
3.905000000000000249e+00 1.762054961380348228e+00 1.543882513473144513e+02 1.029601484594247296e+02 8.522292855808268541e+01
3.910000000000000142e+00 1.763565054678360111e+00 1.548438606122676617e+02 1.032727629901984869e+02 8.591011185872817180e+01
3.915000000000000036e+00 1.765079898628665322e+00 1.553004429362038366e+02 1.035857807478304409e+02 8.659814260505201844e+01
3.919999999999999929e+00 1.766599557806353804e+00 1.557580867597207259e+02 1.038998293459337958e+02 8.729108022968389946e+01
3.925000000000000266e+00 1.768124097392861804e+00 1.562165276155472782e+02 1.042142313130722897e+02 8.798796366246006073e+01
3.930000000000000160e+00 1.769653583181507006e+00 1.566761463504370226e+02 1.045295253582090425e+02 8.868012657913851626e+01
3.935000000000000053e+00 1.771188081583099816e+00 1.571372911462774198e+02 1.048460338845050615e+02 8.937380846747569763e+01
3.939999999999999947e+00 1.772727659631656794e+00 1.575990737358392266e+02 1.051628947158441747e+02 9.006308273098939310e+01
3.945000000000000284e+00 1.774272384990179141e+00 1.580622273983727268e+02 1.054807953891618411e+02 9.075735444555057541e+01
3.950000000000000178e+00 1.775822325956536885e+00 1.585263611494088707e+02 1.057995016059493594e+02 9.144751967527359682e+01
3.955000000000000071e+00 1.777377551469432548e+00 1.589909737660079543e+02 1.061181715694133914e+02 9.213908504759123730e+01
3.959999999999999964e+00 1.778938131114458976e+00 1.594566809950629249e+02 1.064378518493086574e+02 9.282481353958463899e+01
3.965000000000000302e+00 1.780504135130244192e+00 1.599240108139734104e+02 1.067587079244194115e+02 9.351273289990039927e+01
3.970000000000000195e+00 1.782075634414699072e+00 1.603923648762542200e+02 1.070802425846391657e+02 9.419665464000767940e+01
3.975000000000000089e+00 1.783652700531359159e+00 1.608615824597717108e+02 1.074025615213036247e+02 9.487608897378194683e+01
3.979999999999999982e+00 1.785235405715812629e+00 1.613323776574054307e+02 1.077257560849419065e+02 9.555569458465222965e+01
3.984999999999999876e+00 1.786823822882243729e+00 1.618039771601009704e+02 1.080498461490706177e+02 9.622906128756306998e+01
3.990000000000000213e+00 1.788418025630066133e+00 1.622764055899555729e+02 1.083742616070529579e+02 9.689503939540330180e+01
3.995000000000000107e+00 1.790018088250662442e+00 1.627503820713813809e+02 1.086998814998963923e+02 9.756243678591076218e+01
4.000000000000000000e+00 1.791624085734228267e+00 1.632246638043216649e+02 1.090253758213871151e+02 9.821529251454400367e+01
