% raindrop T-matrix calculations using the code of Leinonen, J., "Python code for T-matrix scattering calculations". Available at https://github.com/jleinonen/pytmatrix/. 
% 
% refractive index calculations after Ray, P., 1972:  Broadband Complex Refractive Indices of Ice and Water, Appl. Opt. 11, 1836-1844 
% 
% raindrop aspect ratio estimated with the methodology of Brandes, Edward & Zhang, Guifu & Vivekanandan, Jothiram. (2005). Corrigendum. Journal of Applied Meteorology. 44. 186-. 10.1175/1520-0450(2005)44<186:C>2.0.CO;2. 
% 
% wave length: 107.068735 mm 
% temperature: 278.15 K 
% refractive index: 9.052333831787109375e+00 + 1.111934304237365723e+00 i 
% 
%r_eqv[mm]               axial ratio              ext[mm2]                 sca[mm2]                 back[mm2]
5.000000000000000104e-03 9.999900000999989436e-01 7.683044108784176517e-10 1.448011523725041884e-18 2.172016332816542450e-18
1.000000000000000021e-02 9.999900000999989436e-01 6.146565585404570193e-09 9.267275756288762811e-17 1.390088713775614420e-16
1.499999999999999944e-02 9.999900000999989436e-01 2.074539054174723167e-08 1.055601177879215515e-15 1.583394876050465511e-15
2.000000000000000042e-02 9.999900000999989436e-01 4.917669431081087115e-08 5.931064058629824969e-15 8.896526908289953863e-15
2.500000000000000139e-02 9.999900000999989436e-01 9.605433971036409510e-08 2.262523056573567604e-14 3.393743253952728621e-14
2.999999999999999889e-02 9.999900000999989436e-01 1.659948000613966944e-07 6.755865475199581388e-14 1.013362027109101539e-13
3.500000000000000333e-02 9.999900000999989436e-01 2.636178235888322827e-07 1.703578933263247838e-13 2.555307279415405782e-13
4.000000000000000083e-02 9.999900000999989436e-01 3.935470687334771481e-07 3.795898814542454368e-13 5.693670254093013521e-13
4.499999999999999833e-02 9.999900000999989436e-01 5.604107774681552023e-07 7.695387116956322195e-13 1.154262388898844342e-12
5.000000000000000278e-02 9.999900000999989436e-01 7.688424452855774457e-07 1.448025512559949667e-12 2.171932127748042256e-12
5.500000000000000028e-02 9.999900000999989436e-01 1.023481440526193211e-06 2.565270776151021092e-12 3.847678597594996622e-12
5.999999999999999778e-02 9.999900000999989436e-01 1.328973727674955440e-06 4.323799834445424876e-12 6.485243207823134728e-12
6.500000000000000222e-02 9.999900000999989436e-01 1.689972497525635603e-06 6.989390919827745145e-12 1.048322015177519575e-11
7.000000000000000666e-02 9.999900000999989436e-01 2.111138713691946012e-06 1.090306318168094637e-11 1.635302746765487284e-11
7.499999999999999722e-02 9.999900000999989436e-01 2.597142182988862687e-06 1.649411970714750877e-11 2.473845750741478053e-11
8.000000000000000167e-02 9.999900000999989436e-01 3.152661250056518852e-06 2.429421379278841355e-11 3.643675865087247558e-11
8.500000000000000611e-02 9.999900000999989436e-01 3.782385369288619872e-06 3.495246803159556185e-11 5.242129202769213386e-11
8.999999999999999667e-02 9.999900000999989436e-01 4.491013202200231918e-06 4.925165861058857644e-11 7.386578122303705135e-11
9.500000000000000111e-02 9.999900000999989436e-01 5.283255525404230607e-06 6.812539074067862932e-11 1.021700431762159661e-10
1.000000000000000056e-01 9.999900000999989436e-01 6.163834970827995645e-06 9.267638717275951291e-11 1.389873825066136459e-10
1.049999999999999961e-01 9.999900000999989436e-01 7.137486351217554478e-06 1.241957081826870248e-10 1.862533760794277826e-10
1.100000000000000006e-01 9.999900000999989436e-01 8.208957929801560672e-06 1.641832066040412216e-10 2.462165023806860575e-10
1.150000000000000050e-01 9.999900000999989436e-01 9.383012078161387487e-06 2.143688280477231264e-10 3.214700300850395505e-10
1.199999999999999956e-01 9.999900000999989436e-01 1.066442530215776963e-05 2.767349846279979688e-10 4.149855074156312233e-10
1.250000000000000000e-01 9.999900000999989436e-01 1.205798945454564557e-05 3.535402093470984388e-10 5.301481620392884277e-10
1.300000000000000044e-01 9.999900000999989436e-01 1.356851430779296271e-05 4.473433620753575419e-10 6.707931171365280478e-10
1.350000000000000089e-01 9.999900000999989436e-01 1.520082323282367326e-05 5.610295467553155325e-10 8.412441616705960973e-10
1.400000000000000133e-01 9.999900000999989436e-01 1.695975881501229131e-05 6.978366240978469430e-10 1.046353400665048930e-09
1.449999999999999900e-01 9.999900000999989436e-01 1.885017980860241574e-05 8.613823371529220438e-10 1.291541810303005633e-09
1.499999999999999944e-01 9.999900000999989436e-01 2.087696899130331491e-05 1.055693958282869996e-09 1.582843559145051785e-09
1.549999999999999989e-01 9.999900000999989436e-01 2.304501945556759970e-05 1.285237156771497488e-09 1.926949143797254642e-09
1.600000000000000033e-01 9.999900000999989436e-01 2.535925566092365059e-05 1.554947214897068946e-09 2.331252029008226095e-09
1.650000000000000078e-01 9.999900000999989436e-01 2.782461245383998957e-05 1.870261101881706492e-09 2.803896555032654054e-09
1.700000000000000122e-01 9.999900000999989436e-01 3.044605262343524487e-05 2.237149518494641926e-09 3.353825780617791015e-09
1.750000000000000167e-01 9.999900000999989436e-01 3.322856021373870103e-05 2.662151190151756707e-09 3.990832676912130541e-09
1.799999999999999933e-01 9.999900000999989436e-01 3.617713883971402717e-05 3.152408746460834843e-09 4.725613676591771067e-09
1.849999999999999978e-01 9.999900000999989436e-01 3.929681962304387813e-05 3.715702568271558519e-09 5.569819149980947386e-09
1.900000000000000022e-01 1.000338260324268314e+00 4.260349072663007229e-05 4.361616460123547311e-09 6.537801660280045984e-09
1.950000000000000067e-01 1.000344839311130496e+00 4.608165779860072005e-05 5.097285850397513435e-09 7.640237664945543718e-09
2.000000000000000111e-01 1.000357515291503407e+00 4.974647331163491550e-05 5.933605876002865580e-09 8.893439618797570363e-09
2.050000000000000155e-01 1.000376259251188893e+00 5.360310916089493130e-05 6.881315091921559816e-09 1.031348090156667234e-08
2.099999999999999922e-01 1.000401042453005207e+00 5.765679650312269239e-05 7.951985474969965655e-09 1.191768044160866905e-08
2.149999999999999967e-01 1.000431836433301802e+00 6.191277365319435043e-05 9.158073629706160460e-09 1.372467903978232419e-08
2.200000000000000011e-01 1.000468612998516083e+00 6.637632993610055154e-05 1.051295913291971358e-08 1.575449638194997545e-08
2.250000000000000056e-01 1.000511344221778787e+00 7.105278259961194255e-05 1.203099603261441705e-08 1.802860772555762225e-08
2.300000000000000100e-01 1.000560002439564444e+00 7.594748657403885576e-05 1.372755073063309009e-08 2.057000014332343562e-08
2.350000000000000144e-01 1.000614560248383578e+00 8.106583079922669336e-05 1.561905593301199612e-08 2.340325280919259947e-08
2.399999999999999911e-01 1.000674990501522643e+00 8.641324348498784225e-05 1.772305333142738873e-08 2.655460034718592432e-08
2.449999999999999956e-01 1.000741266305821942e+00 9.199519729307134130e-05 2.005825146933978871e-08 3.005201890547846131e-08
2.500000000000000000e-01 1.000813361018499714e+00 9.781718655235711456e-05 2.264457291044317488e-08 3.392529613440273727e-08
2.550000000000000044e-01 1.000891248244015541e+00 1.038847614654674864e-04 2.550319061655264970e-08 3.820608495603777450e-08
2.600000000000000089e-01 1.000974901830975039e+00 1.102035134865816799e-04 2.865661290813337626e-08 4.292803009036591044e-08
2.650000000000000133e-01 1.001064295869075416e+00 1.167790581252108224e-04 3.212871337455552135e-08 4.812681203164442072e-08
2.700000000000000178e-01 1.001159404686088994e+00 1.236170728341854524e-04 3.594478443809631202e-08 5.384022641361912221e-08
2.750000000000000222e-01 1.001260202844886926e+00 1.307232792098984354e-04 4.013161070800562431e-08 6.010829295485818846e-08
2.800000000000000266e-01 1.001366665140501100e+00 1.381034242744487060e-04 4.471750882628969185e-08 6.697331418995539806e-08
2.850000000000000311e-01 1.001478766597222014e+00 1.457633194230864852e-04 4.973241284266825650e-08 7.448000228961248586e-08
2.899999999999999800e-01 1.001596482465736404e+00 1.537088120271325599e-04 5.520789254454177107e-08 8.267550541464946439e-08
2.949999999999999845e-01 1.001719788220298835e+00 1.619457967186574735e-04 6.117725668105163466e-08 9.160956115826960846e-08
2.999999999999999889e-01 1.001848659555939935e+00 1.704802242519960222e-04 6.767558659119112921e-08 1.013345456897704985e-07
3.049999999999999933e-01 1.001983072385710605e+00 1.793181037234760496e-04 7.473980506328536548e-08 1.119055755691270785e-07
3.099999999999999978e-01 1.002123002837959964e+00 1.884654436046849328e-04 8.240876880917077215e-08 1.233806449429679688e-07
3.150000000000000022e-01 1.002268427253648841e+00 1.979283603377821749e-04 9.072326980751551932e-08 1.358206259867400720e-07
3.200000000000000067e-01 1.002419322183694117e+00 2.077130103182824917e-04 9.972620772355428307e-08 1.492895257546590607e-07
3.250000000000000111e-01 1.002575664386349930e+00 2.178255715431024462e-04 1.094625312908969733e-07 1.638543966425410751e-07
3.300000000000000155e-01 1.002737430824617970e+00 2.282723213015781295e-04 1.199793822755037936e-07 1.795855504451993124e-07
3.350000000000000200e-01 1.002904598663692415e+00 2.390595416566111816e-04 1.313261962457227662e-07 1.965567074055254147e-07
3.400000000000000244e-01 1.003077145268434833e+00 2.501936143851307779e-04 1.435546808846583042e-07 2.148449618886251567e-07
3.450000000000000289e-01 1.003255048200880628e+00 2.616809649938831158e-04 1.567189575961490855e-07 2.345309925343570031e-07
3.500000000000000333e-01 1.003438285217776782e+00 2.735280449886240872e-04 1.708756385660597421e-07 2.556991756535625936e-07
3.549999999999999822e-01 1.003626834268148693e+00 2.857414072088090991e-04 1.860838792087851760e-07 2.784376615325769247e-07
3.599999999999999867e-01 1.003820673490896542e+00 2.983276324881493978e-04 2.024054529177001021e-07 3.028384841788489790e-07
3.649999999999999911e-01 1.004019781212422524e+00 3.112933863838931179e-04 2.199047960514414861e-07 3.289976263243386685e-07
3.699999999999999956e-01 1.004224135944284502e+00 3.246453798452985859e-04 2.386491780432812848e-07 3.570152717309736059e-07
3.750000000000000000e-01 1.004433716380879638e+00 3.383903733597171570e-04 2.587086902730774180e-07 3.869957860470152763e-07
3.800000000000000044e-01 1.004648501397155336e+00 3.525352329277679601e-04 2.801564608225576244e-07 4.190480357611870606e-07
3.850000000000000089e-01 1.004868470046347273e+00 3.670868557560088359e-04 3.030685014170873764e-07 4.532851556643686033e-07
3.900000000000000133e-01 1.005093601557745631e+00 3.820521684961717887e-04 3.275240631120459736e-07 4.898250796123858445e-07
3.950000000000000178e-01 1.005323875334485528e+00 3.974382815705270518e-04 3.536054766369938714e-07 5.287902973045528974e-07
4.000000000000000222e-01 1.005559270951367434e+00 4.132522062331303657e-04 3.813984164437090892e-07 5.703082473237514738e-07
4.050000000000000266e-01 1.005799768152698448e+00 4.295011565474527284e-04 4.109920872571799582e-07 6.145115928159790447e-07
4.100000000000000311e-01 1.006045346850164002e+00 4.461924001937262883e-04 4.424788147383044247e-07 6.615376051434078402e-07
4.150000000000000355e-01 1.006295987120720881e+00 4.633331817157220226e-04 4.759548063973434073e-07 7.115293001421917067e-07
4.199999999999999845e-01 1.006551669204517108e+00 4.809308778016770677e-04 5.115196325730725868e-07 7.646346561540447870e-07
4.249999999999999889e-01 1.006812373502834479e+00 4.989929542366030061e-04 5.492768672309380501e-07 8.210075712884727347e-07
4.299999999999999933e-01 1.007078080576055967e+00 5.175269734026142956e-04 5.893337161461925171e-07 8.808073015860231463e-07
4.349999999999999978e-01 1.007348771141657329e+00 5.365404413763536070e-04 6.318015014764169352e-07 9.441991824398379465e-07
4.400000000000000022e-01 1.007624426072219359e+00 5.560410698981601337e-04 6.767954611048223103e-07 1.011354324209381332e-06
4.450000000000000067e-01 1.007905026393466796e+00 5.760365543913988215e-04 7.244348340947768937e-07 1.082449735953192751e-06
4.500000000000000111e-01 1.008190553282325652e+00 5.965348002762489331e-04 7.748433956394953190e-07 1.157669120975945380e-06
4.550000000000000155e-01 1.008480988065006079e+00 6.175436202023956451e-04 8.281490189493820546e-07 1.237202216720900403e-06
4.600000000000000200e-01 1.008776312215104998e+00 6.390709982373852681e-04 8.844841062126316418e-07 1.321245435710823392e-06
4.650000000000000244e-01 1.009076507351731156e+00 6.611249873643990299e-04 9.439854536590218557e-07 1.410001656572155428e-06
4.700000000000000289e-01 1.009381555237651273e+00 6.837137680615797955e-04 1.006794732938760889e-06 1.503680940678016626e-06
4.750000000000000333e-01 1.009691437777457068e+00 7.068454714647457154e-04 1.073058221084163212e-06 1.602500122702773418e-06
4.799999999999999822e-01 1.010006137015752481e+00 7.305284527938829368e-04 1.142927177717865619e-06 1.706683368516912783e-06
4.849999999999999867e-01 1.010325635135361333e+00 7.547710015223397639e-04 1.216557523478725125e-06 1.816461689857493950e-06
4.899999999999999911e-01 1.010649914455556075e+00 7.795816680975829012e-04 1.294110665121273164e-06 1.932074169462077964e-06
4.949999999999999956e-01 1.010978957430304748e+00 8.049689212564437252e-04 1.375753200391426295e-06 2.053767519560980762e-06
5.000000000000000000e-01 1.011312746646537475e+00 8.309415171024228100e-04 1.461656398490486853e-06 2.181795289896995370e-06
5.050000000000000044e-01 1.011651264822433394e+00 8.575079782059628203e-04 1.551997856282506431e-06 2.316420347962664565e-06
5.100000000000000089e-01 1.011994494805724676e+00 8.846772679206835232e-04 1.646960058551713452e-06 2.457912709967133799e-06
5.150000000000000133e-01 1.012342419572020980e+00 9.124581951111004506e-04 1.746731453099961112e-06 2.606551149385125013e-06
5.200000000000000178e-01 1.012695022223150554e+00 9.408597893444520504e-04 1.851506613121980933e-06 2.762623426450416637e-06
5.250000000000000222e-01 1.013052285985520662e+00 9.698910736778619491e-04 1.961484920604386931e-06 2.926424317957281973e-06
5.300000000000000266e-01 1.013414194208494434e+00 9.995612094283561067e-04 2.076872423096186510e-06 3.098258379356563972e-06
5.350000000000000311e-01 1.013780730362787486e+00 1.029879514681818035e-03 2.197882095399239782e-06 3.278440334325647548e-06
5.400000000000000355e-01 1.014151878038878962e+00 1.060855299540903888e-03 2.324732417905885768e-06 3.467292937398143106e-06
5.450000000000000400e-01 1.014527620945441466e+00 1.092497945798810146e-03 2.457647826247930821e-06 3.665147640506696680e-06
5.500000000000000444e-01 1.014907942907788518e+00 1.124817132450842789e-03 2.596860049758979525e-06 3.872346581880967266e-06
5.550000000000000488e-01 1.015292827866336012e+00 1.157822394017796880e-03 2.742607490675429227e-06 4.089241654624915781e-06
5.600000000000000533e-01 1.015682259875082316e+00 1.191523490846125351e-03 2.895134871746653613e-06 4.316193966125934098e-06
5.650000000000000577e-01 1.016076223100103704e+00 1.225930313760373227e-03 3.054694262008479111e-06 4.553575361129771161e-06
5.700000000000000622e-01 1.016474701818065096e+00 1.261052632350656566e-03 3.221544773535000075e-06 4.801767970058816258e-06
5.750000000000000666e-01 1.016877680414747243e+00 1.296900658195017939e-03 3.395952203915918870e-06 5.061163643373773900e-06
5.799999999999999600e-01 1.017285143383589441e+00 1.333484440602291212e-03 3.578191126506838360e-06 5.332167091617464688e-06
5.849999999999999645e-01 1.017697075324246692e+00 1.370814289905603360e-03 3.768541613868518014e-06 5.615190957324396845e-06
5.899999999999999689e-01 1.018113460941162618e+00 1.408900411563801091e-03 3.967292783761037803e-06 5.910661116401283540e-06
5.949999999999999734e-01 1.018534285042156151e+00 1.447753326383615854e-03 4.174740993752668363e-06 6.219013956867334101e-06
5.999999999999999778e-01 1.018959532537025314e+00 1.487383732525550959e-03 4.391191033821369083e-06 6.540698169477409302e-06
6.049999999999999822e-01 1.019389188436160998e+00 1.527802011959696884e-03 4.616955158552194519e-06 6.876173263513194831e-06
6.099999999999999867e-01 1.019823237849180497e+00 1.569019158841064706e-03 4.852353773126609653e-06 7.225910606906550847e-06
6.149999999999999911e-01 1.020261665983570154e+00 1.611045960870834473e-03 5.097717358350013483e-06 7.590396270864529699e-06
6.199999999999999956e-01 1.020704458143344873e+00 1.653893414792959341e-03 5.353382552602945670e-06 7.970125177087875745e-06
6.250000000000000000e-01 1.021151599727719406e+00 1.697572628837904982e-03 5.619694520817296356e-06 8.365604604402566145e-06
6.300000000000000044e-01 1.021603076229795626e+00 1.742094785218102583e-03 5.897010923937407507e-06 8.777360136065132009e-06
6.350000000000000089e-01 1.022058873235258902e+00 1.787471165227056107e-03 6.185694665981243986e-06 9.205924788445548596e-06
6.400000000000000133e-01 1.022518976421092685e+00 1.833713422069301437e-03 6.486118965348053156e-06 9.651846572465467924e-06
6.450000000000000178e-01 1.022983371554301524e+00 1.880832986175285998e-03 6.798667625322964767e-06 1.011568889684328476e-05
6.500000000000000222e-01 1.023452044490649859e+00 1.928841396432107776e-03 7.123731191389831922e-06 1.059802480282975345e-05
6.550000000000000266e-01 1.023924981173411908e+00 1.977750606867097281e-03 7.461712489934740615e-06 1.109944523470423628e-05
6.600000000000000311e-01 1.024402167632133542e+00 2.027572425632187102e-03 7.813024163767484773e-06 1.162055531932401677e-05
6.650000000000000355e-01 1.024883589981409493e+00 2.078319016597923469e-03 8.178084338536160248e-06 1.216196792522444699e-05
6.700000000000000400e-01 1.025369234419667430e+00 2.130002391667957379e-03 8.557328634339401554e-06 1.272432151109722422e-05
6.750000000000000444e-01 1.025859087227968924e+00 2.182634998837443881e-03 8.951198507489308633e-06 1.330826279066954570e-05
6.800000000000000488e-01 1.026353134768820174e+00 2.236229081989779717e-03 9.360144139210931205e-06 1.391445093222678950e-05
6.850000000000000533e-01 1.026851363484993174e+00 2.290797094700428721e-03 9.784631038970646846e-06 1.454356749847138360e-05
6.900000000000000577e-01 1.027353759898360641e+00 2.346351936030298835e-03 1.022513233375685361e-05 1.519630484819578266e-05
6.950000000000000622e-01 1.027860310608740946e+00 2.402906120289300014e-03 1.068213366361755013e-05 1.587337342944066169e-05
7.000000000000000666e-01 1.028371002292754355e+00 2.460472722862853349e-03 1.115613190200416370e-05 1.657549991721886777e-05
7.049999999999999600e-01 1.028885821702690384e+00 2.519064717976820470e-03 1.164763523910861812e-05 1.730342721585296847e-05
7.099999999999999645e-01 1.029404755665387139e+00 2.578695263302929579e-03 1.215716145263799091e-05 1.805791196810485394e-05
7.149999999999999689e-01 1.029927791081118427e+00 2.639377722261068270e-03 1.268524186526251652e-05 1.883973034969875908e-05
7.199999999999999734e-01 1.030454914922495746e+00 2.701125364613209817e-03 1.323242149701929889e-05 1.964967833767561272e-05
7.249999999999999778e-01 1.030986114233377604e+00 2.763951772960782354e-03 1.379925365338557244e-05 2.048856357940339514e-05
7.299999999999999822e-01 1.031521376127789047e+00 2.827870777188072702e-03 1.438630571517366493e-05 2.135721404488579144e-05
7.349999999999999867e-01 1.032060687788854958e+00 2.892896304312241474e-03 1.499416163755317606e-05 2.225648167330413922e-05
7.399999999999999911e-01 1.032604036467738684e+00 2.959041864332670902e-03 1.562340977181804935e-05 2.318722430045456294e-05
7.449999999999999956e-01 1.033151409482594651e+00 3.026322078625860289e-03 1.627465961295474148e-05 2.415033043611882995e-05
7.500000000000000000e-01 1.033702794217528753e+00 3.094750919325405577e-03 1.694852732333524011e-05 2.514669783340879781e-05
7.550000000000000044e-01 1.034258178121568061e+00 3.164342781645174910e-03 1.764564653271063005e-05 2.617724948350365669e-05
7.600000000000000089e-01 1.034817548707643198e+00 3.235112141395675607e-03 1.836666211574457643e-05 2.724292430766377468e-05
7.650000000000000133e-01 1.035380893551575587e+00 3.307073586926898793e-03 1.911223477276720865e-05 2.834468399197296972e-05
7.700000000000000178e-01 1.035948200291078702e+00 3.380242366766526754e-03 1.988303914641941552e-05 2.948351012726822216e-05
7.750000000000000222e-01 1.036519456624765523e+00 3.454633189912646729e-03 2.067976395802839223e-05 3.066040441562361700e-05
7.800000000000000266e-01 1.037094650311166655e+00 3.530261033444610178e-03 2.150310731329338400e-05 3.187638161803204695e-05
7.850000000000000311e-01 1.037673769167756666e+00 3.607141383362128407e-03 2.235378650120020409e-05 3.313248420067271469e-05
7.900000000000000355e-01 1.038256801069989743e+00 3.685289105672344152e-03 2.323253864199983579e-05 3.442978317687435082e-05
7.950000000000000400e-01 1.038843733950345127e+00 3.764720607762743389e-03 2.414010562738440186e-05 3.576935566405247221e-05
8.000000000000000444e-01 1.039434555797379867e+00 3.845450916735185416e-03 2.507724949585582333e-05 3.715230784281994684e-05
8.050000000000000488e-01 1.040029254654790458e+00 3.927496056693975841e-03 2.604474761917491136e-05 3.857976768570233167e-05
8.100000000000000533e-01 1.040627818620484257e+00 4.010872206812936096e-03 2.704339283750436607e-05 4.005288513259603136e-05
8.150000000000000577e-01 1.041230235845658436e+00 4.095595671671354437e-03 2.807399936800435998e-05 4.157284085936331994e-05
8.200000000000000622e-01 1.041836494533886492e+00 4.181682135801362277e-03 2.913738641690293688e-05 4.314082194086383800e-05
8.250000000000000666e-01 1.042446582940215416e+00 4.269148553921154124e-03 3.023440063588186000e-05 4.475805504805429111e-05
8.300000000000000711e-01 1.043060489370268407e+00 4.358011691826307356e-03 3.136589939723315098e-05 4.642578177340817258e-05
8.349999999999999645e-01 1.043678202179357140e+00 4.448287889785632748e-03 3.253275070352083722e-05 4.814525823668713448e-05
8.399999999999999689e-01 1.044299709771603135e+00 4.539994463005121543e-03 3.373585762503540929e-05 4.991779160421905422e-05
8.449999999999999734e-01 1.044925000599063569e+00 4.633148103742047198e-03 3.497612200542529238e-05 5.174468587692510426e-05
8.499999999999999778e-01 1.045554063160868408e+00 4.727766968082922419e-03 3.625447564122294327e-05 5.362728840281086963e-05
8.549999999999999822e-01 1.046186886002363758e+00 4.823867526863290754e-03 3.757186161376358218e-05 5.556696201516477760e-05
8.599999999999999867e-01 1.046823457714263217e+00 4.921467854536621701e-03 3.892924056342958184e-05 5.756509433520487859e-05
8.649999999999999911e-01 1.047463766931806317e+00 5.020585742290360406e-03 4.032760501788527376e-05 5.962311896392331542e-05
8.699999999999999956e-01 1.048107802333925420e+00 5.121239344784870445e-03 4.176793874538738181e-05 6.174245510613733884e-05
8.750000000000000000e-01 1.048755552642418598e+00 5.223446067745934375e-03 4.325127808838839311e-05 6.392459871454943439e-05
8.800000000000000044e-01 1.049407006621131844e+00 5.327224998399139599e-03 4.477865116053328034e-05 6.617103211502210866e-05
8.850000000000000089e-01 1.050062153075147497e+00 5.432594232114973734e-03 4.635111153326630309e-05 6.848327375633428036e-05
8.900000000000000133e-01 1.050720980849978670e+00 5.539572404698422763e-03 4.796974671687143560e-05 7.086289113182097710e-05
8.950000000000000178e-01 1.051383478830772988e+00 5.648178464220088811e-03 4.963564972819971044e-05 7.331145836912939895e-05
9.000000000000000222e-01 1.052049635941522787e+00 5.758431272521355795e-03 5.134993290941290071e-05 7.583057671156198036e-05
9.050000000000000266e-01 1.052719441144281065e+00 5.870349935583734149e-03 5.311374413978378704e-05 7.842189846267590787e-05
9.100000000000000311e-01 1.053392883438386107e+00 5.983954178738619921e-03 5.492823680071315265e-05 8.108708242976310683e-05
9.150000000000000355e-01 1.054069951859691656e+00 6.099263332036379895e-03 5.679458442659781302e-05 8.382781575459254694e-05
9.200000000000000400e-01 1.054750635479804632e+00 6.216296812940588605e-03 5.871399743105927397e-05 8.664583838411061070e-05
9.250000000000000444e-01 1.055434923405329073e+00 6.335074967311806610e-03 6.068769998350497359e-05 8.954290910738453731e-05
9.300000000000000488e-01 1.056122804777117841e+00 6.455617215082542354e-03 6.271692108211589364e-05 9.252079188337963139e-05
9.350000000000000533e-01 1.056814268769528553e+00 6.577945130769998101e-03 6.480294464267923147e-05 9.558133050884951487e-05
9.400000000000000577e-01 1.057509304589689725e+00 6.702077837395311807e-03 6.694704319949684420e-05 9.872634967856408874e-05
9.450000000000000622e-01 1.058207901476769797e+00 6.828036071157302274e-03 6.915054572090458245e-05 1.019577561609144687e-04
9.500000000000000666e-01 1.058910048701254603e+00 6.955841562747679119e-03 7.141476956430399623e-05 1.052774374248400310e-04
9.550000000000000711e-01 1.059615735564230832e+00 7.085515213542312001e-03 7.374108983601003421e-05 1.086873645527657126e-04
9.599999999999999645e-01 1.060324951396675930e+00 7.217077071190144619e-03 7.613086943499203707e-05 1.121894881276332769e-04
9.649999999999999689e-01 1.061037685558753330e+00 7.350549957493756649e-03 7.858553093144669604e-05 1.157858458520142345e-04
9.699999999999999734e-01 1.061753927439116119e+00 7.485954548631591939e-03 8.110649341177018760e-05 1.194784673500569257e-04
9.749999999999999778e-01 1.062473666454213594e+00 7.623313206604180430e-03 8.369520916767846184e-05 1.232694296747679217e-04
9.799999999999999822e-01 1.063196892047607145e+00 7.762647833307679060e-03 8.635316433773466884e-05 1.271608575008554469e-04
9.849999999999999867e-01 1.063923593689290348e+00 7.903980347567705206e-03 8.908186078375919536e-05 1.311548969390312922e-04
9.899999999999999911e-01 1.064653760875015509e+00 8.047333427287452212e-03 9.188281485765990278e-05 1.352537126350010868e-04
9.949999999999999956e-01 1.065387383125626419e+00 8.192729294214681421e-03 9.475760885583303422e-05 1.394595653303375908e-04
1.000000000000000000e+00 1.066124449986396217e+00 8.340191860144776856e-03 9.770778931779511658e-05 1.437746593686556459e-04
1.005000000000000115e+00 1.066864951026373021e+00 8.489755481019036973e-03 1.007352133876372892e-04 1.482016734864645001e-04
1.010000000000000009e+00 1.067608875837728233e+00 8.641431502242832158e-03 1.038412959784695952e-04 1.527425981521038118e-04
1.015000000000000124e+00 1.068356214035114826e+00 8.795244767949444292e-03 1.070277269665459246e-04 1.573998427337608018e-04
1.020000000000000018e+00 1.069106955255026969e+00 8.951217383935207439e-03 1.102961576561481215e-04 1.621757573042022834e-04
1.024999999999999911e+00 1.069861089155168976e+00 9.109373440556822396e-03 1.136483331951004100e-04 1.670728276876284933e-04
1.030000000000000027e+00 1.070618605413826918e+00 9.269737516339604869e-03 1.170859809060959401e-04 1.720935109628928266e-04
1.034999999999999920e+00 1.071379493729249344e+00 9.432334181491206296e-03 1.206108792524784412e-04 1.772403367291169516e-04
1.040000000000000036e+00 1.072143743819029771e+00 9.597187068957988704e-03 1.242248346995200689e-04 1.825158735512858691e-04
1.044999999999999929e+00 1.072911345419497398e+00 9.764322147534001267e-03 1.279296832360040021e-04 1.879227305140774868e-04
1.050000000000000044e+00 1.073682288285112474e+00 9.933763076235143166e-03 1.317272897873522847e-04 1.934635567121870115e-04
1.054999999999999938e+00 1.074456562187866782e+00 1.010553519356197950e-02 1.356195234646815034e-04 1.991410036088243495e-04
1.060000000000000053e+00 1.075234156916690775e+00 1.027966493369428767e-02 1.396083081732504502e-04 2.049578019537824029e-04
1.064999999999999947e+00 1.076015062276864054e+00 1.045617673841838652e-02 1.436956222377438596e-04 2.109167591480911078e-04
1.070000000000000062e+00 1.076799268089433603e+00 1.063509749443964161e-02 1.478834510858053936e-04 2.170206892073689702e-04
1.074999999999999956e+00 1.077586764190635593e+00 1.081645195286123733e-02 1.521737579012056836e-04 2.232723711946271185e-04
1.080000000000000071e+00 1.078377540431322945e+00 1.100026840933420076e-02 1.565686408162804877e-04 2.296747791583934547e-04
1.084999999999999964e+00 1.079171586676399119e+00 1.118657129800292548e-02 1.610701518666490589e-04 2.362308168626404969e-04
1.090000000000000080e+00 1.079968892804255898e+00 1.137538876611616373e-02 1.656803998040048704e-04 2.429434673571780447e-04
1.094999999999999973e+00 1.080769448706216718e+00 1.156674727258097043e-02 1.704015539814973776e-04 2.498158002091719482e-04
1.100000000000000089e+00 1.081573244285985780e+00 1.176067389477327384e-02 1.752357619097516647e-04 2.568508488878030777e-04
1.104999999999999982e+00 1.082380269459101152e+00 1.195719660994226316e-02 1.801852299178310815e-04 2.640517293144015241e-04
1.110000000000000098e+00 1.083190514152395201e+00 1.215634313070934440e-02 1.852522275210945560e-04 2.714216498614195486e-04
1.114999999999999991e+00 1.084003968303457022e+00 1.235814083822402674e-02 1.904390000370867995e-04 2.789637753285303468e-04
1.120000000000000107e+00 1.084820621860102863e+00 1.256261835750949879e-02 1.957479146874213942e-04 2.866814493089047539e-04
1.125000000000000000e+00 1.085640464779849657e+00 1.276980432289361728e-02 2.011812552128022910e-04 2.945778880097261587e-04
1.130000000000000115e+00 1.086463487029394992e+00 1.297972643497110994e-02 2.067414287980782128e-04 3.026564851623680680e-04
1.135000000000000009e+00 1.087289678584100638e+00 1.319241488370945757e-02 2.124308482835782523e-04 3.109206382350238702e-04
1.140000000000000124e+00 1.088119029427482509e+00 1.340789828730502148e-02 2.182519928735631321e-04 3.193738402636362513e-04
1.145000000000000018e+00 1.088951529550704622e+00 1.362620560805216825e-02 2.242073477235935475e-04 3.280195868695784649e-04
1.150000000000000133e+00 1.089787168952079055e+00 1.384736702836015035e-02 2.302994014027805062e-04 3.368613752948255839e-04
1.155000000000000027e+00 1.090625937636568565e+00 1.407141304542114911e-02 2.365307757114995513e-04 3.459028949262775432e-04
1.159999999999999920e+00 1.091467825615297427e+00 1.429837200467901602e-02 2.429040328835846939e-04 3.551477426777569597e-04
1.165000000000000036e+00 1.092312822905064262e+00 1.452827564388553365e-02 2.494218717633427162e-04 3.645997132610417652e-04
1.169999999999999929e+00 1.093160919527861763e+00 1.476115569759276977e-02 2.560868961676557505e-04 3.742624547313460996e-04
1.175000000000000044e+00 1.094012105510399513e+00 1.499704053180080966e-02 2.629018817991712886e-04 3.841398648475517850e-04
1.179999999999999938e+00 1.094866370883633921e+00 1.523596341996099300e-02 2.698695414375711565e-04 3.942357451790456891e-04
1.185000000000000053e+00 1.095723705682299487e+00 1.547795581875749914e-02 2.769927313790089443e-04 4.045541009509460106e-04
1.189999999999999947e+00 1.096584099944449830e+00 1.572304762919148405e-02 2.842742784917029475e-04 4.150988912947124894e-04
1.195000000000000062e+00 1.097447543710998508e+00 1.597127275624854112e-02 2.917170495749604959e-04 4.258741280307514420e-04
1.199999999999999956e+00 1.098314027025267592e+00 1.622266329067256069e-02 2.993239508328519546e-04 4.368838778373240425e-04
1.205000000000000071e+00 1.099183539932540254e+00 1.647725098034558133e-02 3.070979660120920322e-04 4.481323127293647683e-04
1.209999999999999964e+00 1.100056072479618674e+00 1.673506791668818994e-02 3.150421218107276526e-04 4.596236665037179803e-04
1.215000000000000080e+00 1.100931614714385054e+00 1.699614863126620856e-02 3.231594496907238406e-04 4.713621730913428718e-04
1.219999999999999973e+00 1.101810156685369746e+00 1.726052738081018320e-02 3.314530608551165725e-04 4.833521762112015984e-04
1.225000000000000089e+00 1.102691688441321372e+00 1.752823532371638321e-02 3.399260705763232663e-04 4.955980236115168020e-04
1.229999999999999982e+00 1.103576200030784493e+00 1.779930793720663901e-02 3.485816775281722264e-04 5.081041774001797233e-04
1.235000000000000098e+00 1.104463681501680172e+00 1.807377794712092256e-02 3.574230431751997941e-04 5.208750397941359390e-04
1.239999999999999991e+00 1.105354122900890967e+00 1.835168176442038973e-02 3.664535338931220777e-04 5.339153101274537062e-04
1.245000000000000107e+00 1.106247514273852595e+00 1.863305395684961355e-02 3.756764006703667029e-04 5.472295096833065071e-04
1.250000000000000000e+00 1.107143845664148030e+00 1.891792787694052472e-02 3.850950188969026093e-04 5.608223383255821681e-04
1.255000000000000115e+00 1.108043107113107384e+00 1.920633992808220072e-02 3.947128113148077331e-04 5.746985580263464909e-04
1.260000000000000009e+00 1.108945288659413109e+00 1.949832624113172208e-02 4.045332469833771614e-04 5.888629940854045973e-04
1.265000000000000124e+00 1.109850380338708309e+00 1.979392173231004151e-02 4.145598427579581455e-04 6.033205329876653589e-04
1.270000000000000018e+00 1.110758372183210829e+00 2.009316311923468878e-02 4.247960739364202085e-04 6.180759986681743550e-04
1.275000000000000133e+00 1.111669254221331116e+00 2.039608717551260816e-02 4.352455515869695243e-04 6.331344034108497961e-04
1.280000000000000027e+00 1.112583016477296738e+00 2.070272940631506797e-02 4.459120216675575821e-04 6.485009512607908290e-04
1.284999999999999920e+00 1.113499648970778022e+00 2.101312905940217607e-02 4.567991036350321711e-04 6.641806555451614490e-04
1.290000000000000036e+00 1.114419141716522343e+00 2.132732165506992170e-02 4.679105541619193532e-04 6.801787253829809279e-04
1.294999999999999929e+00 1.115341484723989307e+00 2.164534641569196283e-02 4.792502720802486516e-04 6.965005682641035954e-04
1.300000000000000044e+00 1.116266667996994588e+00 2.196724013158377758e-02 4.908219292441906101e-04 7.131512522196689543e-04
1.304999999999999938e+00 1.117194681533353773e+00 2.229304018930442291e-02 5.026295246537657328e-04 7.301363208015420594e-04
1.310000000000000053e+00 1.118125515324534858e+00 2.262278830074817421e-02 5.146770177616459465e-04 7.474612475616681509e-04
1.314999999999999947e+00 1.119059159355313193e+00 2.295652125350377756e-02 5.269683221018835228e-04 7.651314334542202739e-04
1.320000000000000062e+00 1.119995603603431533e+00 2.329427768793722320e-02 5.395076955546766230e-04 7.831527818983214382e-04
1.324999999999999956e+00 1.120934838039265857e+00 2.363609933043346600e-02 5.522990545793537509e-04 8.015306804072772377e-04
1.330000000000000071e+00 1.121876852625492305e+00 2.398202421279327021e-02 5.653466699898202332e-04 8.202710301334645380e-04
1.334999999999999964e+00 1.122821637316764765e+00 2.433209222659702201e-02 5.786547606797280349e-04 8.393796509885488892e-04
1.340000000000000080e+00 1.123769182059389804e+00 2.468634571206308401e-02 5.922276078419720343e-04 8.588624436254449230e-04
1.344999999999999973e+00 1.124719476791012696e+00 2.504482458332728256e-02 6.060695404717808153e-04 8.787253748609535984e-04
1.350000000000000089e+00 1.125672511440304557e+00 2.540757057385676851e-02 6.201848403112944757e-04 8.989743244721540901e-04
1.354999999999999982e+00 1.126628275926654377e+00 2.577462421066225098e-02 6.345780555870465843e-04 9.196155644388750170e-04
1.360000000000000098e+00 1.127586760159866808e+00 2.614602725107603720e-02 6.492537920777521551e-04 9.406554395785176681e-04
1.364999999999999991e+00 1.128547954039863965e+00 2.652182146540167651e-02 6.642163905206403731e-04 9.620998916044321090e-04
1.370000000000000107e+00 1.129511847456391438e+00 2.690205169837484381e-02 6.794705705926468598e-04 9.839554163621842126e-04
1.375000000000000000e+00 1.130478430288730518e+00 2.728675848367046949e-02 6.950211159314654760e-04 1.006228592816874870e-03
1.380000000000000115e+00 1.131447692405412875e+00 2.767598483565290868e-02 7.108726464830003589e-04 1.028925750105998561e-03
1.385000000000000009e+00 1.132419623663941444e+00 2.806977563595414865e-02 7.270300642932917565e-04 1.052053617831414994e-03
1.390000000000000124e+00 1.133394213910515980e+00 2.846817446650123581e-02 7.434981035897196902e-04 1.075618672458276970e-03
1.395000000000000018e+00 1.134371452979762385e+00 2.887122564704936931e-02 7.602816731209313022e-04 1.099627640977887243e-03
1.400000000000000133e+00 1.135351330694467364e+00 2.927897095490370610e-02 7.773859743060833067e-04 1.124087665075580505e-03
1.405000000000000027e+00 1.136333836865317526e+00 2.969145957010796075e-02 7.948158062277977786e-04 1.149005286361539334e-03
1.409999999999999920e+00 1.137318961290643582e+00 3.010873333030447685e-02 8.125764990660676269e-04 1.174387816884968133e-03
1.415000000000000036e+00 1.138306693756168331e+00 3.053083895716499421e-02 8.306730887223339301e-04 1.200242123334771451e-03
1.419999999999999929e+00 1.139297024034760630e+00 3.095782258836578260e-02 8.491109189736026526e-04 1.226575521369220080e-03
1.425000000000000044e+00 1.140289941886192482e+00 3.138973157530907526e-02 8.678951485426476212e-04 1.253395035437164084e-03
1.429999999999999938e+00 1.141285437056903218e+00 3.182660778303401244e-02 8.870312477712760831e-04 1.280708140770297739e-03
1.435000000000000053e+00 1.142283499279765024e+00 3.226850533660168691e-02 9.065246298231082953e-04 1.308522217916458430e-03
1.439999999999999947e+00 1.143284118273856675e+00 3.271546673010556489e-02 9.263809006650114072e-04 1.336844917666465396e-03
1.445000000000000062e+00 1.144287283744239936e+00 3.316753809850482571e-02 9.466054750300333153e-04 1.365683595217836088e-03
1.449999999999999956e+00 1.145292985381740625e+00 3.362477298106585077e-02 9.672040954174343074e-04 1.395046086807642501e-03
1.455000000000000071e+00 1.146301212862736563e+00 3.408721512917477214e-02 9.881825721527910666e-04 1.424940303513988439e-03
1.459999999999999964e+00 1.147311955848947074e+00 3.455491806580365116e-02 1.009546383569282944e-03 1.455373661362172966e-03
1.465000000000000080e+00 1.148325203987230259e+00 3.502792554102256845e-02 1.031301750632001961e-03 1.486354656243942928e-03
1.469999999999999973e+00 1.149340946909383598e+00 3.550628987759924665e-02 1.053454285586029326e-03 1.517890884199202175e-03
1.475000000000000089e+00 1.150359174231948334e+00 3.599006221446559434e-02 1.076010216749784644e-03 1.549990808393927541e-03
1.479999999999999982e+00 1.151379875556021837e+00 3.647928875579686814e-02 1.098975429181538047e-03 1.582662415203880263e-03
1.485000000000000098e+00 1.152403040467071982e+00 3.697402552717780899e-02 1.122356160753721233e-03 1.615914152012066325e-03
1.489999999999999991e+00 1.153428658534756623e+00 3.747431877744643314e-02 1.146158574854229959e-03 1.649754382292621625e-03
1.495000000000000107e+00 1.154456719312749513e+00 3.798022334429660557e-02 1.170389059511988848e-03 1.684191755565857523e-03
1.500000000000000000e+00 1.155487212338569769e+00 3.849179157531671530e-02 1.195053925191211144e-03 1.719234813349526875e-03
1.505000000000000115e+00 1.156520127133416675e+00 3.900907096286530817e-02 1.220159562107841350e-03 1.754892196361900998e-03
1.510000000000000009e+00 1.157555453202008700e+00 3.953211883062800192e-02 1.245712575991803897e-03 1.791172840071448332e-03
1.515000000000000124e+00 1.158593180032429393e+00 4.006098511033916870e-02 1.271719504590327569e-03 1.828085574715235598e-03
1.520000000000000018e+00 1.159633297095975069e+00 4.059572466587019896e-02 1.298187114682669520e-03 1.865639554135349251e-03
1.525000000000000133e+00 1.160675793847010029e+00 4.113639236091611723e-02 1.325121937519479001e-03 1.903843557327819644e-03
1.530000000000000027e+00 1.161720659722826676e+00 4.168304064130000375e-02 1.352531049386828310e-03 1.942707157150642874e-03
1.535000000000000142e+00 1.162767884143507846e+00 4.223572439804106765e-02 1.380421136881683454e-03 1.982239348109014060e-03
1.540000000000000036e+00 1.163817456511797577e+00 4.279449972031620919e-02 1.408799596381500466e-03 2.022450136540204346e-03
1.544999999999999929e+00 1.164869366212974766e+00 4.335942276988304089e-02 1.437672952898068259e-03 2.063348244879294364e-03
1.550000000000000044e+00 1.165923602614732379e+00 4.393054477663797114e-02 1.467048766999338050e-03 2.104943891197849637e-03
1.554999999999999938e+00 1.166980155067061542e+00 4.450792678701387395e-02 1.496934037805081876e-03 2.147246463270501612e-03
1.560000000000000053e+00 1.168039012902141183e+00 4.509162494499875662e-02 1.527336171308303061e-03 2.190265924098024931e-03
1.564999999999999947e+00 1.169100165434231231e+00 4.568169420846864004e-02 1.558262657974621331e-03 2.234012343714719510e-03
1.570000000000000062e+00 1.170163601959574473e+00 4.627819317795606874e-02 1.589720737085760678e-03 2.278495410179929258e-03
1.574999999999999956e+00 1.171229311756297298e+00 4.688118173949244044e-02 1.621718406586321326e-03 2.323725906579493343e-03
1.580000000000000071e+00 1.172297284084322211e+00 4.749071363424858805e-02 1.654263071350275949e-03 2.369713715264702789e-03
1.584999999999999964e+00 1.173367508185281460e+00 4.810685238840656242e-02 1.687362216507834640e-03 2.416468846098900752e-03
1.590000000000000080e+00 1.174439973282435989e+00 4.872965545794913367e-02 1.721024462079172703e-03 2.464002937420887301e-03
1.594999999999999973e+00 1.175514668580601496e+00 4.935918275414959838e-02 1.755256755571818830e-03 2.512325161725607880e-03
1.600000000000000089e+00 1.176591583266077601e+00 4.999549411220729350e-02 1.790067903524216819e-03 2.561447406448816994e-03
1.604999999999999982e+00 1.177670706506583453e+00 5.063864948477835026e-02 1.825465736819979236e-03 2.611380079335541560e-03
1.610000000000000098e+00 1.178752027451198003e+00 5.128870880799338977e-02 1.861458531667313119e-03 2.662134274189004429e-03
1.614999999999999991e+00 1.179835535230304933e+00 5.194573810622284127e-02 1.898054288698565418e-03 2.713720613497670828e-03
1.620000000000000107e+00 1.180921218955544472e+00 5.260979614091554346e-02 1.935261458780330318e-03 2.766150394518101120e-03
1.625000000000000000e+00 1.182009067719768769e+00 5.328094527292697585e-02 1.973088973824126818e-03 2.819435576292302417e-03
1.630000000000000115e+00 1.183099070597002811e+00 5.395924791883791732e-02 2.011545101766537905e-03 2.873587135284196969e-03
1.635000000000000009e+00 1.184191216642411337e+00 5.464476772772740992e-02 2.050638197327483373e-03 2.928616167774800334e-03
1.640000000000000124e+00 1.185285494892271307e+00 5.533757082923930481e-02 2.090377473289267186e-03 2.984534985760669765e-03
1.645000000000000018e+00 1.186381894363947032e+00 5.603771957814013965e-02 2.130771868862940416e-03 3.041355495596656522e-03
1.650000000000000133e+00 1.187480404055874628e+00 5.674527404098510253e-02 2.171830016890701105e-03 3.099089125101956322e-03
1.655000000000000027e+00 1.188581012947548476e+00 5.746030895656228238e-02 2.213561035171662632e-03 3.157748001082359614e-03
1.660000000000000142e+00 1.189683709999514560e+00 5.818288180666965348e-02 2.255974149402511196e-03 3.217344372716317898e-03
1.665000000000000036e+00 1.190788484153369131e+00 5.891306249500362358e-02 2.299078678048133671e-03 3.277890602314975557e-03
1.669999999999999929e+00 1.191895324331762041e+00 5.965091834241618290e-02 2.342884040243411840e-03 3.339399226568613103e-03
1.675000000000000044e+00 1.193004219438406732e+00 6.039651191860893192e-02 2.387399766535753826e-03 3.401882842714123480e-03
1.679999999999999938e+00 1.194115158358093565e+00 6.114991300611157671e-02 2.432634636726231561e-03 3.465352984073076601e-03
1.685000000000000053e+00 1.195228129956711127e+00 6.191119398255019030e-02 2.478599641367256346e-03 3.529824377284188682e-03
1.689999999999999947e+00 1.196343123081270665e+00 6.268041489471347372e-02 2.525303331778566435e-03 3.595308181054059082e-03
1.695000000000000062e+00 1.197460126559938276e+00 6.345765301233767530e-02 2.572756063978858497e-03 3.661818113547708406e-03
1.699999999999999956e+00 1.198579129202069993e+00 6.424297083598205782e-02 2.620968310439987948e-03 3.729368117846680163e-03
1.705000000000000071e+00 1.199700119798254416e+00 6.503644565622745954e-02 2.669949346347715718e-03 3.797970310066003594e-03
1.709999999999999964e+00 1.200823087120360011e+00 6.583814252079438212e-02 2.719709847080156728e-03 3.867638844786647819e-03
1.715000000000000080e+00 1.201948019921588173e+00 6.664813373168092248e-02 2.770260172823138262e-03 3.938387377286388553e-03
1.719999999999999973e+00 1.203074906936531852e+00 6.746648931042588393e-02 2.821610797262384587e-03 4.010229704244750761e-03
1.725000000000000089e+00 1.204203736881238829e+00 6.829328404642154293e-02 2.873771838099754318e-03 4.083179123398471277e-03
1.729999999999999982e+00 1.205334498453282777e+00 6.912859041498688184e-02 2.926753969274204555e-03 4.157249677177208419e-03
1.735000000000000098e+00 1.206467180331836975e+00 6.997248079294293710e-02 2.980568450368452447e-03 4.232456241147675505e-03
1.739999999999999991e+00 1.207601771177756689e+00 7.082502516218081023e-02 3.035225717830217478e-03 4.308812463056251735e-03
1.745000000000000107e+00 1.208738259633664436e+00 7.168630087634363102e-02 3.090736791617126628e-03 4.386332844372855221e-03
1.750000000000000000e+00 1.209876634324042799e+00 7.255638531511963973e-02 3.147113276269446550e-03 4.465032643958244223e-03
1.755000000000000115e+00 1.211016883855332349e+00 7.343534598685177994e-02 3.204365458855271305e-03 4.544925288438719964e-03
1.760000000000000009e+00 1.212158996816034451e+00 7.432326527001502370e-02 3.262505666884687842e-03 4.626027022071128349e-03
1.765000000000000124e+00 1.213302961776821398e+00 7.522022291738772459e-02 3.321544899239956862e-03 4.708352238554374888e-03
1.770000000000000018e+00 1.214448767290650766e+00 7.612628410211917662e-02 3.381494241809192107e-03 4.791915361699811485e-03
1.775000000000000133e+00 1.215596401892885980e+00 7.704153114257641932e-02 3.442366410487404573e-03 4.876733148214889429e-03
1.780000000000000027e+00 1.216745854101423552e+00 7.796604388765898674e-02 3.504172732344805734e-03 4.962820390295917712e-03
1.785000000000000142e+00 1.217897112416823635e+00 7.889989986525793031e-02 3.566924656805412971e-03 5.050191946170647789e-03
1.790000000000000036e+00 1.219050165322449919e+00 7.984317880716196303e-02 3.630635272549037704e-03 5.138865078596097785e-03
1.794999999999999929e+00 1.220205001284612623e+00 8.079596075131352528e-02 3.695315743820598662e-03 5.228854195381447793e-03
1.800000000000000044e+00 1.221361608752716377e+00 8.175831821228511653e-02 3.760978904160171537e-03 5.320176112264048997e-03
1.804999999999999938e+00 1.222519976159418986e+00 8.273034343565760507e-02 3.827637196479974704e-03 5.412847069173332137e-03
1.810000000000000053e+00 1.223680091920789526e+00 8.371210403001953793e-02 3.895303180182734751e-03 5.506883374881640231e-03
1.814999999999999947e+00 1.224841944436477315e+00 8.470369470790183042e-02 3.963989552745935188e-03 5.602301610173610925e-03
1.820000000000000062e+00 1.226005522089884225e+00 8.570519290652844902e-02 4.033708587883794161e-03 5.699117636793438364e-03
1.824999999999999956e+00 1.227170813248343206e+00 8.671668118848320506e-02 4.104474311290833705e-03 5.797349861667653280e-03
1.830000000000000071e+00 1.228337806263303689e+00 8.773824432063974388e-02 4.176298710916295613e-03 5.897013672045705104e-03
1.834999999999999964e+00 1.229506489470522324e+00 8.876996236302524268e-02 4.249196083905414090e-03 5.998127808675895144e-03
1.840000000000000080e+00 1.230676851190258825e+00 8.981192024133582974e-02 4.323178657869309813e-03 6.100707949057117101e-03
1.844999999999999973e+00 1.231848879727479362e+00 9.086420771649814099e-02 4.398261010405875478e-03 6.204773181800810750e-03
1.850000000000000089e+00 1.233022563372064173e+00 9.192690732280012211e-02 4.474455616977393232e-03 6.310339511047810719e-03
1.854999999999999982e+00 1.234197890399023168e+00 9.300011144239238303e-02 4.551777335600803998e-03 6.417426291416208385e-03
1.860000000000000098e+00 1.235374849068715752e+00 9.408389258937677191e-02 4.630238888394418856e-03 6.526049851539954781e-03
1.864999999999999991e+00 1.236553427627077095e+00 9.517835549968706177e-02 4.709855425707015417e-03 6.636229932347344727e-03
1.870000000000000107e+00 1.237733614305851271e+00 9.628357779844445852e-02 4.790640506030108096e-03 6.747983987959775554e-03
1.875000000000000000e+00 1.238915397322829737e+00 9.739964932537650832e-02 4.872608991833169909e-03 6.861331249395412335e-03
1.880000000000000115e+00 1.240098764882095139e+00 9.852666987857237879e-02 4.955774710544153493e-03 6.976289523574734017e-03
1.885000000000000009e+00 1.241283705174272667e+00 9.966471455628363174e-02 5.040152199954781032e-03 7.092877476095082664e-03
1.890000000000000124e+00 1.242470206376787178e+00 1.008138782962914870e-01 5.125756756048194078e-03 7.211114978808402624e-03
1.895000000000000018e+00 1.243658256654124994e+00 1.019742559361447448e-01 5.212603227673248858e-03 7.331021111202102279e-03
1.900000000000000133e+00 1.244847844158103012e+00 1.031459374557944231e-01 5.300705966175526911e-03 7.452614251040089524e-03
1.905000000000000027e+00 1.246038957028144711e+00 1.043290226024881084e-01 5.390081340627399242e-03 7.575915640518584258e-03
1.910000000000000142e+00 1.247231583391559262e+00 1.055235915837624550e-01 5.480742736892045032e-03 7.700942130825453452e-03
1.915000000000000036e+00 1.248425711363831514e+00 1.067297491162363388e-01 5.572707440744264530e-03 7.827716308275833867e-03
1.919999999999999929e+00 1.249621329048912655e+00 1.079475852137865705e-01 5.665990392004861820e-03 7.956257178122526710e-03
1.925000000000000044e+00 1.250818424539521745e+00 1.091771898648898620e-01 5.760607939047153458e-03 8.086585750150180121e-03
1.929999999999999938e+00 1.252016985917450365e+00 1.104186678191821092e-01 5.856575296250346452e-03 8.218721532576732727e-03
1.935000000000000053e+00 1.253217001253874363e+00 1.116721092140932625e-01 5.953909119335745563e-03 8.352685844991495495e-03
1.939999999999999947e+00 1.254418458609672937e+00 1.129376187915543672e-01 6.052624910495870911e-03 8.488498479168913452e-03
1.945000000000000062e+00 1.255621346035752151e+00 1.142152865665992806e-01 6.152739634787891473e-03 8.626181185846421712e-03
1.949999999999999956e+00 1.256825651573374891e+00 1.155052173797635889e-01 6.254269092116433205e-03 8.765754056733944533e-03
1.955000000000000071e+00 1.258031363254499713e+00 1.168075013919746274e-01 6.357230560689192296e-03 8.907239278364481594e-03
1.959999999999999964e+00 1.259238469102119673e+00 1.181222433523019810e-01 6.461641503241095236e-03 9.050659147383533290e-03
1.965000000000000080e+00 1.260446957130616275e+00 1.194495531085527501e-01 6.567518159466437938e-03 9.196034391091565882e-03
1.969999999999999973e+00 1.261656815346111182e+00 1.207895157794981605e-01 6.674878325995019582e-03 9.343387647899900270e-03
1.975000000000000089e+00 1.262868031746829489e+00 1.221422412081944187e-01 6.783738548917970200e-03 9.492740016739461759e-03
1.979999999999999982e+00 1.264080594323466533e+00 1.235078294237452190e-01 6.894116932910678876e-03 9.644114490887548130e-03
1.985000000000000098e+00 1.265294491059563597e+00 1.248863901399129561e-01 7.006031758246951575e-03 9.797534528726932132e-03
1.989999999999999991e+00 1.266509709931886274e+00 1.262780234515117617e-01 7.119498630444149288e-03 9.953019497326215381e-03
1.995000000000000107e+00 1.267726238910813485e+00 1.276828292814085886e-01 7.234537573827123057e-03 1.011059523222544200e-02
2.000000000000000000e+00 1.268944065960727619e+00 1.291009224704229019e-01 7.351167388989162527e-03 1.027028569182260147e-02
2.004999999999999893e+00 1.270163179040415979e+00 1.305323980707408515e-01 7.469404130303053738e-03 1.043211082348929029e-02
2.010000000000000231e+00 1.271383566103475360e+00 1.319773709343357582e-01 7.589268374552174574e-03 1.059609713466076741e-02
2.015000000000000124e+00 1.272605215098723486e+00 1.334359509149902201e-01 7.710777972154215024e-03 1.076226694617688114e-02
2.020000000000000018e+00 1.273828113970618237e+00 1.349082332213638880e-01 7.833950883050689110e-03 1.093064302965115857e-02
2.024999999999999911e+00 1.275052250659680864e+00 1.363943425134415410e-01 7.958806761481196368e-03 1.110125015785274477e-02
2.030000000000000249e+00 1.276277613102927866e+00 1.378943788482974442e-01 8.085366970667305295e-03 1.127411578843845810e-02
2.035000000000000142e+00 1.277504189234306420e+00 1.394084522652617730e-01 8.213648474901394728e-03 1.144926091701034716e-02
2.040000000000000036e+00 1.278731966985139357e+00 1.409366823981153538e-01 8.343671468450263376e-03 1.162671116179163008e-02
2.044999999999999929e+00 1.279960934284574359e+00 1.424791742881976742e-01 8.475454759023543991e-03 1.180649001730631892e-02
2.049999999999999822e+00 1.281191079060038929e+00 1.440360430030567795e-01 8.609020474014253410e-03 1.198862579237830635e-02
2.055000000000000160e+00 1.282422389237703575e+00 1.456074034279354334e-01 8.744387783899864458e-03 1.217314247751814273e-02
2.060000000000000053e+00 1.283654852742951435e+00 1.471933654022440641e-01 8.881576045378123535e-03 1.236006414856036760e-02
2.064999999999999947e+00 1.284888457500850345e+00 1.487940488881263623e-01 9.020606335072053894e-03 1.254941759365428740e-02
2.069999999999999840e+00 1.286123191436637780e+00 1.504095689029875393e-01 9.161499985587049505e-03 1.274122956786346954e-02
2.075000000000000178e+00 1.287359042476205584e+00 1.520400354334544846e-01 9.304278488179532416e-03 1.293552728357853093e-02
2.080000000000000071e+00 1.288595998546594679e+00 1.536855781444323166e-01 9.448960256209700329e-03 1.313233333150004914e-02
2.084999999999999964e+00 1.289834047576496001e+00 1.553463071203802504e-01 9.595568790581069860e-03 1.333167757009413347e-02
2.089999999999999858e+00 1.291073177496757207e+00 1.570223374842781294e-01 9.744126198766094385e-03 1.353358781441588513e-02
2.095000000000000195e+00 1.292313376240894485e+00 1.587138038307669696e-01 9.894651382826800609e-03 1.373808719016255536e-02
2.100000000000000089e+00 1.293554631745612582e+00 1.604208063309300047e-01 1.004716676892932273e-02 1.394520394136517828e-02
2.104999999999999982e+00 1.294796931951329721e+00 1.621434897693209143e-01 1.020169673665302645e-02 1.415496898906624425e-02
2.109999999999999876e+00 1.296040264802710951e+00 1.638819591316990898e-01 1.035826242929119810e-02 1.436740844905060044e-02
2.115000000000000213e+00 1.297284618249205046e+00 1.656363345532210207e-01 1.051688520275306273e-02 1.458254888030556702e-02
2.120000000000000107e+00 1.298529980245588522e+00 1.674067606588231782e-01 1.067758825967105030e-02 1.480041931760874181e-02
2.125000000000000000e+00 1.299776338752518745e+00 1.691933474004762017e-01 1.084039510550785686e-02 1.502104905992872157e-02
2.129999999999999893e+00 1.301023681737088600e+00 1.709962150362233091e-01 1.100532760952254233e-02 1.524446529225859277e-02
2.135000000000000231e+00 1.302271997173391371e+00 1.728155081013296179e-01 1.117240964787136540e-02 1.547069771743198041e-02
2.140000000000000124e+00 1.303521273043090511e+00 1.746513367851711684e-01 1.134166529661037419e-02 1.569977650936055930e-02
2.145000000000000018e+00 1.304771497335994956e+00 1.765038409053747148e-01 1.151311702678457956e-02 1.593172930712123680e-02
2.149999999999999911e+00 1.306022658050641327e+00 1.783731405027003669e-01 1.168678933724000453e-02 1.616658661806988362e-02
2.155000000000000249e+00 1.307274743194883682e+00 1.802593654825808689e-01 1.186270693718795982e-02 1.640437926485564801e-02
2.160000000000000142e+00 1.308527740786487481e+00 1.821626654343101448e-01 1.204089290182078741e-02 1.664513567771968433e-02
2.165000000000000036e+00 1.309781638853730668e+00 1.840831409165540333e-01 1.222137233984685149e-02 1.688888703934498040e-02
2.169999999999999929e+00 1.311036425436011399e+00 1.860209514120679808e-01 1.240416873025728360e-02 1.713566216275380291e-02
2.175000000000000266e+00 1.312292088584462002e+00 1.879762168677147627e-01 1.258930951566094962e-02 1.738549545986609393e-02
2.180000000000000160e+00 1.313548616362568033e+00 1.899490774374171798e-01 1.277681859557487989e-02 1.763841621017684519e-02
2.185000000000000053e+00 1.314805996846795111e+00 1.919396727335669350e-01 1.296672002661124375e-02 1.789445403115448932e-02
2.189999999999999947e+00 1.316064218127219965e+00 1.939481132345548253e-01 1.315904196947323759e-02 1.815364400859176969e-02
2.194999999999999840e+00 1.317323268308171258e+00 1.959745780136613602e-01 1.335380698620888817e-02 1.841601332149475287e-02
2.200000000000000178e+00 1.318583135508872406e+00 1.980191678077418971e-01 1.355104367199841918e-02 1.868159790397654063e-02
2.205000000000000071e+00 1.319843807864092611e+00 2.000820323110872601e-01 1.375077894194563950e-02 1.895043085582492209e-02
2.209999999999999964e+00 1.321105273524805224e+00 2.021633212569630134e-01 1.395303594500759380e-02 1.922254000930307197e-02
2.214999999999999858e+00 1.322367520658849438e+00 2.042631647915646165e-01 1.415784400320865485e-02 1.949796195192284032e-02
2.220000000000000195e+00 1.323630537451601530e+00 2.063817126330182994e-01 1.436523070532127501e-02 1.977673092454533196e-02
2.225000000000000089e+00 1.324894312106648098e+00 2.085191048222623800e-01 1.457521980560520618e-02 2.005887505374416568e-02
2.229999999999999982e+00 1.326158832846469293e+00 2.106754812568098489e-01 1.478784136249737188e-02 2.034443178210543907e-02
2.234999999999999876e+00 1.327424087913126938e+00 2.128509820331883906e-01 1.500312367282835568e-02 2.063343616622028906e-02
2.240000000000000213e+00 1.328690065568957523e+00 2.150457668512898712e-01 1.522109106781939676e-02 2.092591711892635015e-02
2.245000000000000107e+00 1.329956754097271210e+00 2.172599658423191860e-01 1.544177438526629122e-02 2.122191281897961579e-02
2.250000000000000000e+00 1.331224141803060590e+00 2.194937584949925025e-01 1.566520260280517690e-02 2.152145907654274756e-02
2.254999999999999893e+00 1.332492217013710345e+00 2.217472453953655276e-01 1.589140285017833637e-02 2.182458861369877129e-02
2.260000000000000231e+00 1.333760968079716003e+00 2.240206158700390193e-01 1.612040457998981102e-02 2.213133738242794440e-02
2.265000000000000124e+00 1.335030383375409135e+00 2.263140002384757266e-01 1.635223533222596171e-02 2.244173894337183825e-02
2.270000000000000018e+00 1.336300451299685221e+00 2.286275581233637444e-01 1.658692726029342007e-02 2.275583278099503615e-02
2.274999999999999911e+00 1.337571160276742388e+00 2.309614296781007936e-01 1.682450836270446212e-02 2.307365294351291368e-02
2.280000000000000249e+00 1.338842498756821042e+00 2.333157946027642482e-01 1.706500688460953555e-02 2.339523317190309037e-02
2.285000000000000142e+00 1.340114455216953049e+00 2.356907830746057253e-01 1.730845574806766721e-02 2.372061443280731527e-02
2.290000000000000036e+00 1.341387018161716460e+00 2.380865550421485954e-01 1.755488141999043614e-02 2.404982754143535420e-02
2.294999999999999929e+00 1.342660176123993576e+00 2.405032799748752503e-01 1.780431957782439151e-02 2.438291744382274986e-02
2.300000000000000266e+00 1.343933917665737443e+00 2.429410982307488587e-01 1.805679720282653972e-02 2.471991578224181502e-02
2.305000000000000160e+00 1.345208231378743458e+00 2.454001894612792001e-01 1.831234594729750156e-02 2.506086115094265099e-02
2.310000000000000053e+00 1.346483105885426967e+00 2.478806839155926756e-01 1.857100011754836758e-02 2.540579548249053202e-02
2.314999999999999947e+00 1.347758529839606201e+00 2.503827611118166208e-01 1.883278497705322824e-02 2.575474810462296399e-02
2.319999999999999840e+00 1.349034491927291413e+00 2.529065912654528958e-01 1.909774000777816894e-02 2.610776860663397564e-02
2.325000000000000178e+00 1.350310980867478472e+00 2.554523141624523430e-01 1.936589093324797561e-02 2.646488638335623561e-02
2.330000000000000071e+00 1.351587985412951776e+00 2.580201294853143312e-01 1.963727309333211657e-02 2.682614469969253970e-02
2.334999999999999964e+00 1.352865494351088493e+00 2.606101673831489052e-01 1.991191978342589722e-02 2.719158404884682023e-02
2.339999999999999858e+00 1.354143496504671029e+00 2.632225979912065639e-01 2.018986216409690213e-02 2.756124157648027692e-02
2.345000000000000195e+00 1.355421980732705700e+00 2.658576009837808063e-01 2.047113403753286417e-02 2.793515809824467094e-02
2.350000000000000089e+00 1.356700935931243857e+00 2.685153559935267165e-01 2.075576947816943491e-02 2.831337448244464206e-02
2.354999999999999982e+00 1.357980351034212774e+00 2.711959936233279689e-01 2.104380289726035663e-02 2.869593251309102838e-02
2.359999999999999876e+00 1.359260215014249207e+00 2.738997231012665345e-01 2.133526145600718113e-02 2.908286324556550589e-02
2.365000000000000213e+00 1.360540516883539608e+00 2.766267047123254774e-01 2.163019248988421253e-02 2.947422622642165493e-02
2.370000000000000107e+00 1.361821245694665894e+00 2.793771178190095905e-01 2.192861621081485315e-02 2.987004268531409656e-02
2.375000000000000000e+00 1.363102390541456321e+00 2.821511132915138775e-01 2.223057811561214570e-02 3.027036936564956454e-02
2.379999999999999893e+00 1.364383940559842134e+00 2.849488901135369678e-01 2.253610889536701925e-02 3.067524200101780230e-02
2.385000000000000231e+00 1.365665884928720875e+00 2.877706184990097005e-01 2.284524458278391901e-02 3.108470389544290557e-02
2.390000000000000124e+00 1.366948212870820356e+00 2.906164587323204485e-01 2.315801631452489226e-02 3.149879102408961046e-02
2.395000000000000018e+00 1.368230913653576408e+00 2.934866102604083982e-01 2.347447104179859953e-02 3.191756202837634643e-02
2.399999999999999911e+00 1.369513976590007287e+00 2.963812628091672119e-01 2.379463525999796908e-02 3.234104632564948484e-02
2.405000000000000249e+00 1.370797391039600077e+00 2.993005666971899625e-01 2.411854608800685987e-02 3.276928837220723090e-02
2.410000000000000142e+00 1.372081146409197538e+00 3.022447218777645772e-01 2.444624627466933722e-02 3.320234004788039095e-02
2.415000000000000036e+00 1.373365232153893167e+00 3.052139177909738432e-01 2.477776826233599877e-02 3.364023944138899019e-02
2.419999999999999929e+00 1.374649637777930256e+00 3.082083346084791287e-01 2.511315011332839950e-02 3.408303132538113150e-02
2.425000000000000266e+00 1.375934352835608943e+00 3.112281423350539145e-01 2.545243015635307790e-02 3.453076147005670199e-02
2.430000000000000160e+00 1.377219366932191491e+00 3.142735505158974485e-01 2.579564703776809909e-02 3.498347627926390313e-02
2.435000000000000053e+00 1.378504669724822440e+00 3.173447491081467509e-01 2.614283969020298956e-02 3.544122165392258467e-02
2.439999999999999947e+00 1.379790250923445205e+00 3.204418985983916168e-01 2.649404189703914031e-02 3.590403639107522804e-02
2.444999999999999840e+00 1.381076100291728892e+00 3.235652277894711104e-01 2.684929866261514739e-02 3.637197558659857610e-02
2.450000000000000178e+00 1.382362207647998886e+00 3.267148975575522307e-01 2.720864430392612443e-02 3.684507829577719079e-02
2.455000000000000071e+00 1.383648562866170106e+00 3.298911271988963501e-01 2.757212462791376606e-02 3.732340009547964466e-02
2.459999999999999964e+00 1.384935155876690471e+00 3.330941065882908059e-01 2.793976873076822395e-02 3.780697286117888634e-02
2.464999999999999858e+00 1.386221976667483702e+00 3.363240060365249029e-01 2.831162879489265358e-02 3.829586104314426642e-02
2.470000000000000195e+00 1.387509015284901448e+00 3.395810649861100705e-01 2.868774019156489913e-02 3.879010498471536367e-02
2.475000000000000089e+00 1.388796261834676082e+00 3.428654535643484436e-01 2.906813856007180522e-02 3.928974534186196327e-02
2.479999999999999982e+00 1.390083706482882597e+00 3.461773715833453835e-01 2.945287134719749844e-02 3.979483942676550340e-02
2.484999999999999876e+00 1.391371339456903167e+00 3.495170387153661573e-01 2.984198068083777911e-02 4.030543692336897854e-02
2.490000000000000213e+00 1.392659151046396371e+00 3.528846448788242607e-01 3.023550892010111457e-02 4.082158765904048831e-02
2.495000000000000107e+00 1.393947131604270639e+00 3.562804002023629568e-01 3.063348685694835399e-02 4.134332494046054352e-02
2.500000000000000000e+00 1.395235271547664579e+00 3.597045044910590073e-01 3.103596939752885364e-02 4.187071655294515721e-02
2.504999999999999893e+00 1.396523561358930632e+00 3.631571674057041954e-01 3.144299992562590851e-02 4.240381288257063369e-02
2.510000000000000231e+00 1.397811991586621838e+00 3.666385988626179593e-01 3.185461003043242589e-02 4.294264801982439206e-02
2.515000000000000124e+00 1.399100552846486600e+00 3.701489888264782313e-01 3.227084969398707343e-02 4.348728237299598343e-02
2.520000000000000018e+00 1.400389235822465217e+00 3.736885970358417852e-01 3.269176941301692174e-02 4.403777637183427934e-02
2.524999999999999911e+00 1.401678031267691527e+00 3.772575834277968609e-01 3.311740154237396982e-02 4.459416514066987663e-02
2.530000000000000249e+00 1.402966930005501656e+00 3.808562076186048917e-01 3.354779098398925907e-02 4.515650002352174230e-02
2.535000000000000142e+00 1.404255922930439437e+00 3.844846498538064816e-01 3.398299558354977989e-02 4.572485302821645281e-02
2.540000000000000036e+00 1.405545001009279815e+00 3.881437563116469924e-01 3.442304981060560071e-02 4.629926035380426547e-02
2.544999999999999929e+00 1.406834155282040921e+00 3.918325402785140521e-01 3.486799699249137907e-02 4.687977322260310914e-02
2.550000000000000266e+00 1.408123376863012810e+00 3.955518022684579305e-01 3.531789118593884474e-02 4.746645481845649522e-02
2.555000000000000160e+00 1.409412656941783526e+00 3.993017813661614013e-01 3.577277268042793751e-02 4.805935170814743668e-02
2.560000000000000053e+00 1.410701986784272943e+00 4.030826976025842501e-01 3.623268196870946256e-02 4.865850820184330211e-02
2.564999999999999947e+00 1.411991357733769048e+00 4.068947513190647181e-01 3.669767944584067382e-02 4.926399792681744605e-02
2.569999999999999840e+00 1.413280761211968217e+00 4.107382018842489213e-01 3.716780632571714538e-02 4.987586777330791504e-02
2.575000000000000178e+00 1.414570188720020605e+00 4.146132491894696237e-01 3.764311072216473125e-02 5.049417306335212546e-02
2.580000000000000071e+00 1.415859631839580635e+00 4.185201328643059493e-01 3.812364113167356072e-02 5.111896952280319678e-02
2.584999999999999964e+00 1.417149082233858159e+00 4.224590932095934614e-01 3.860943967942496308e-02 5.175030436362266367e-02
2.589999999999999858e+00 1.418438531648677170e+00 4.264303692371935184e-01 3.910056221428783590e-02 5.238824344194620980e-02
2.595000000000000195e+00 1.419727971913536280e+00 4.304341421335127205e-01 3.959705147293397787e-02 5.303283516995604269e-02
2.600000000000000089e+00 1.421017394942674095e+00 4.344707105423288307e-01 4.009896415015862942e-02 5.368414569145400772e-02
2.604999999999999982e+00 1.422306792736138581e+00 4.385402746931368889e-01 4.060634372592370617e-02 5.434222357996704167e-02
2.609999999999999876e+00 1.423596157380858207e+00 4.426430941162898813e-01 4.111924071036102829e-02 5.500712715931675711e-02
2.615000000000000213e+00 1.424885481051721747e+00 4.467793692265624728e-01 4.163771310663665765e-02 5.567892473293482858e-02
2.620000000000000107e+00 1.426174756012655642e+00 4.509493992844754717e-01 4.216179832007953265e-02 5.635765577349811928e-02
2.625000000000000000e+00 1.427463974617710019e+00 4.551533647059161636e-01 4.269156206435262280e-02 5.704339909186605106e-02
2.629999999999999893e+00 1.428753129312145598e+00 4.593915645557702931e-01 4.322704953385245186e-02 5.773620435734078127e-02
2.635000000000000231e+00 1.430042212633526821e+00 4.636642189187737406e-01 4.376830603254474455e-02 5.843612182333414451e-02
2.640000000000000124e+00 1.431331217212814755e+00 4.679715675490432325e-01 4.431539870972455580e-02 5.914323188313069107e-02
2.645000000000000018e+00 1.432620135775467096e+00 4.723138707420642124e-01 4.486836653572531114e-02 5.985757558097885844e-02
2.649999999999999911e+00 1.433908961142540850e+00 4.766913877934021437e-01 4.542727033388262170e-02 6.057922339366033498e-02
2.655000000000000249e+00 1.435197686231796554e+00 4.811043783124103745e-01 4.599215686094378780e-02 6.130822772843163432e-02
2.660000000000000142e+00 1.436486304058808727e+00 4.855530626976884978e-01 4.656308780223204769e-02 6.204465991417501547e-02
2.665000000000000036e+00 1.437774807738079197e+00 4.900377205457767116e-01 4.714011066432081953e-02 6.278857251244090998e-02
2.669999999999999929e+00 1.439063190484150212e+00 4.945586113700733977e-01 4.772328803827365074e-02 6.354003778517358647e-02
2.675000000000000266e+00 1.440351445612727099e+00 4.991159751865433258e-01 4.831266808452992084e-02 6.429910956832879387e-02
2.680000000000000160e+00 1.441639566541798700e+00 5.037100915698086157e-01 4.890831434742386880e-02 6.506586113638888891e-02
2.685000000000000053e+00 1.442927546792763360e+00 5.083412401728985008e-01 4.951026814106426754e-02 6.584033501591626814e-02
2.689999999999999947e+00 1.444215379991559578e+00 5.130096614597987603e-01 5.011860136136521426e-02 6.662261727431469105e-02
2.694999999999999840e+00 1.445503059869796658e+00 5.177156144494267087e-01 5.073336365002125564e-02 6.741276183004435429e-02
2.700000000000000178e+00 1.446790580265890691e+00 5.224593794643841438e-01 5.135461266473084069e-02 6.821083378444260659e-02
2.705000000000000071e+00 1.448077935126202975e+00 5.272412159085236860e-01 5.198239856857288926e-02 6.901688656203583405e-02
2.709999999999999964e+00 1.449365118506182437e+00 5.320614233965010875e-01 5.261679542634536272e-02 6.983100959002296049e-02
2.714999999999999858e+00 1.450652124571508272e+00 5.369202424030173892e-01 5.325785430939491277e-02 7.065325650331111262e-02
2.720000000000000195e+00 1.451938947599239915e+00 5.418179919783857601e-01 5.390562664386853303e-02 7.148368371630986484e-02
2.725000000000000089e+00 1.453225581978965009e+00 5.467548923478242617e-01 5.456017990583867522e-02 7.232236989844550989e-02
2.729999999999999982e+00 1.454512022213955591e+00 5.517312626627174366e-01 5.522157429233621323e-02 7.316938112720106080e-02
2.734999999999999876e+00 1.455798262922322506e+00 5.567473637089426219e-01 5.588987039916900462e-02 7.402478615803638473e-02
2.740000000000000213e+00 1.457084298838174696e+00 5.618035138052642763e-01 5.656512105865502821e-02 7.488864176778071979e-02
2.745000000000000107e+00 1.458370124812782276e+00 5.668999737099186254e-01 5.724739586243662165e-02 7.576102755920249843e-02
2.750000000000000000e+00 1.459655735815740485e+00 5.720370027598757900e-01 5.793674838811164324e-02 7.664200174282186084e-02
2.754999999999999893e+00 1.460941126936137202e+00 5.772149213922960209e-01 5.863324909276233787e-02 7.753164543420183741e-02
2.760000000000000231e+00 1.462226293383724007e+00 5.824340282624246301e-01 5.933696083546190214e-02 7.843002739947567414e-02
2.765000000000000124e+00 1.463511230490086357e+00 5.876946036003264373e-01 6.004793001874567104e-02 7.933719603100743145e-02
2.770000000000000018e+00 1.464795933709824194e+00 5.929969076528724958e-01 6.076624532755826175e-02 8.025325599558769119e-02
2.774999999999999911e+00 1.466080398621724123e+00 5.983413189077421146e-01 6.149194557340497552e-02 8.117824387744643211e-02
2.780000000000000249e+00 1.467364620929943797e+00 6.037280583647396393e-01 6.222511207698324526e-02 8.211225433586712141e-02
2.785000000000000142e+00 1.468648596465194744e+00 6.091574846779616026e-01 6.296580133493503983e-02 8.305534775967921002e-02
2.790000000000000036e+00 1.469932321185927426e+00 6.146298186904689542e-01 6.371407867446619855e-02 8.400759589184383924e-02
2.794999999999999929e+00 1.471215791179520282e+00 6.201454786177017509e-01 6.447001852771250263e-02 8.496908470544885239e-02
2.800000000000000266e+00 1.472499002663467449e+00 6.257046660708606156e-01 6.523367861852083505e-02 8.593987403813407866e-02
2.805000000000000160e+00 1.473781951986576466e+00 6.313077194033415163e-01 6.600512563161300972e-02 8.692003865300033938e-02
2.810000000000000053e+00 1.475064635630160437e+00 6.369549980452176019e-01 6.678442674540312207e-02 8.790965204621371820e-02
2.814999999999999947e+00 1.476347050209237288e+00 6.426467824325854394e-01 6.757164956950711954e-02 8.890878897252123270e-02
2.819999999999999840e+00 1.477629192473728592e+00 6.483833722964781332e-01 6.836687127153744103e-02 8.991753669565942519e-02
2.825000000000000178e+00 1.478911059309663267e+00 6.541651065790818897e-01 6.917014258303248730e-02 9.093594501854597445e-02
2.830000000000000071e+00 1.480192647740382617e+00 6.599922663110734389e-01 6.998155044302267758e-02 9.196411604331564127e-02
2.834999999999999964e+00 1.481473954927746250e+00 6.658652103334709027e-01 7.080115554873234185e-02 9.300211235399770404e-02
2.839999999999999858e+00 1.482754978173340454e+00 6.717842774822105900e-01 7.162901877086438884e-02 9.404999829508041420e-02
2.845000000000000195e+00 1.484035714919693882e+00 6.777497093638121806e-01 7.246522876360132759e-02 9.510787683085059063e-02
2.850000000000000089e+00 1.485316162751484814e+00 6.837619438097528590e-01 7.330984753580821467e-02 9.617581171912072124e-02
2.854999999999999982e+00 1.486596319396762178e+00 6.898212219485858610e-01 7.416294659321248650e-02 9.725388162438441952e-02
2.859999999999999876e+00 1.487876182728162133e+00 6.959279229285825208e-01 7.502459782185821879e-02 9.834216535827325356e-02
2.865000000000000213e+00 1.489155750764126207e+00 7.020823853529292169e-01 7.589487375622193388e-02 9.944074164036867391e-02
2.870000000000000107e+00 1.490435021670126092e+00 7.082849300487048527e-01 7.677384736300021939e-02 1.005496895465755741e-01
2.875000000000000000e+00 1.491713993759884893e+00 7.145358963522547846e-01 7.766160162155967550e-02 1.016691020111996357e-01
2.879999999999999893e+00 1.492992665496607696e+00 7.208356236193920186e-01 7.855819147070944308e-02 1.027990331894137049e-01
2.885000000000000231e+00 1.494271035494205480e+00 7.271844327972899480e-01 7.946370090156781862e-02 1.039395769862030416e-01
2.890000000000000124e+00 1.495549102518527240e+00 7.335826624351314829e-01 8.037821451749280199e-02 1.050908279022270964e-01
2.895000000000000018e+00 1.496826865488593894e+00 7.400307512341171012e-01 8.130178861016570946e-02 1.062528386857813228e-01
2.899999999999999911e+00 1.498104323477830180e+00 7.465289605430327491e-01 8.223451840297602011e-02 1.074257217132425363e-01
2.905000000000000249e+00 1.499381475715303225e+00 7.530776697801001562e-01 8.317647080134946136e-02 1.086095460893066467e-01
2.910000000000000142e+00 1.500658321586958444e+00 7.596772376217262313e-01 8.412771306934180293e-02 1.098043773882198537e-01
2.915000000000000036e+00 1.501934860636862323e+00 7.663280041378919272e-01 8.508835227749629582e-02 1.110103438693193084e-01
2.919999999999999929e+00 1.503211092568443430e+00 7.730303491097192392e-01 8.605844684427950420e-02 1.122275001705303338e-01
2.925000000000000266e+00 1.504487017245737190e+00 7.797845726350568496e-01 8.703806536478018996e-02 1.134559166067053010e-01
2.930000000000000160e+00 1.505762634694630231e+00 7.865911535058389692e-01 8.802729683062780752e-02 1.146956918005104104e-01
2.935000000000000053e+00 1.507037945104112264e+00 7.934503913967292377e-01 8.902623108211313308e-02 1.159469272293734005e-01
2.939999999999999947e+00 1.508312948827522426e+00 8.003626066951491369e-01 9.003495872037589609e-02 1.172097214604047172e-01
2.944999999999999840e+00 1.509587646383803383e+00 8.073282581866262353e-01 9.105350930426044098e-02 1.184840893038119208e-01
2.950000000000000178e+00 1.510862038458753664e+00 8.143476850127090438e-01 9.208203599061322298e-02 1.197702198589627592e-01
2.955000000000000071e+00 1.512136125906285322e+00 8.214212880333099376e-01 9.312054855054771596e-02 1.210680961144616485e-01
2.959999999999999964e+00 1.513409909749681370e+00 8.285493863866648656e-01 9.416920195457306741e-02 1.223779091122550039e-01
2.964999999999999858e+00 1.514683391182853445e+00 8.357323800292675298e-01 9.522800606729910078e-02 1.236996452674493513e-01
2.970000000000000195e+00 1.515956571571605682e+00 8.429707072637415699e-01 9.629711800168092029e-02 1.250334962756608492e-01
2.975000000000000089e+00 1.517229452454897709e+00 8.502646895060004262e-01 9.737656904395253221e-02 1.263794779326564421e-01
2.979999999999999982e+00 1.518502035546109630e+00 8.576147248030315806e-01 9.846645434230863470e-02 1.277376927191077316e-01
2.984999999999999876e+00 1.519774322734309235e+00 8.650212138486138569e-01 9.956686982984086498e-02 1.291082463335698760e-01
2.990000000000000213e+00 1.521046316085523209e+00 8.724845551970075164e-01 1.006779120395732974e-01 1.304912465509670272e-01
2.995000000000000107e+00 1.522318017844006111e+00 8.800051891965217088e-01 1.017996567340724995e-01 1.318867683018055126e-01
3.000000000000000000e+00 1.523589430433515579e+00 8.875833960120302901e-01 1.029321798696361534e-01 1.332948862029036674e-01
3.004999999999999893e+00 1.524860556458587313e+00 8.952197324907824605e-01 1.040755798639132479e-01 1.347157100894118553e-01
3.010000000000000231e+00 1.526131398705811604e+00 9.029144811810857485e-01 1.052299557114522305e-01 1.361493484081328642e-01
3.015000000000000124e+00 1.527401960145112314e+00 9.106680810189505815e-01 1.063953629931345818e-01 1.375958464998885411e-01
3.020000000000000018e+00 1.528672243931031183e+00 9.184809702007374899e-01 1.075719466290050164e-01 1.390553762296442286e-01
3.024999999999999911e+00 1.529942253404009023e+00 9.263535501496643620e-01 1.087597406444084785e-01 1.405279523338548997e-01
3.030000000000000249e+00 1.531211992091669805e+00 9.342862188139491320e-01 1.099588916238948277e-01 1.420137503782358812e-01
3.035000000000000142e+00 1.532481463710112957e+00 9.422793769641815143e-01 1.111694341457831747e-01 1.435127875996221047e-01
3.040000000000000036e+00 1.533750672165198337e+00 9.503334635288684940e-01 1.123915168543256488e-01 1.450252353978488395e-01
3.044999999999999929e+00 1.535019621553841640e+00 9.584489572105912014e-01 1.136251978768670068e-01 1.465511431554663568e-01
3.050000000000000266e+00 1.536288316165307810e+00 9.666261797891624319e-01 1.148705813833112988e-01 1.480906284469712120e-01
3.055000000000000160e+00 1.537556760482504448e+00 9.748656491225754506e-01 1.161277494849739245e-01 1.496437668978070623e-01
3.060000000000000053e+00 1.538824959183287211e+00 9.831677651247121563e-01 1.173968079175892326e-01 1.512106732873015613e-01
3.064999999999999947e+00 1.540092917141751672e+00 9.915329276712265827e-01 1.186778629621752235e-01 1.527914648509862139e-01
3.070000000000000284e+00 1.541360639429545376e+00 9.999616160494479988e-01 1.199709984438445676e-01 1.543862232946324187e-01
3.075000000000000178e+00 1.542628131317168361e+00 1.008454269410009374e+00 1.212763222407071823e-01 1.559950651894755902e-01
3.080000000000000071e+00 1.543895398275281439e+00 1.017011287708011746e+00 1.225939191075229029e-01 1.576180727954075989e-01
3.084999999999999964e+00 1.545162445976019150e+00 1.025633190473644207e+00 1.239238984694718132e-01 1.592553621388739238e-01
3.089999999999999858e+00 1.546429280294300046e+00 1.034320338387928695e+00 1.252663460985125876e-01 1.609070206451007068e-01
3.095000000000000195e+00 1.547695907309144969e+00 1.043073248742805603e+00 1.266213725274211166e-01 1.625731651863335792e-01
3.100000000000000089e+00 1.548962333304992001e+00 1.051892362307275119e+00 1.279890893727672896e-01 1.642539162656249940e-01
3.104999999999999982e+00 1.550228564773019402e+00 1.060778118670070436e+00 1.293695844418241703e-01 1.659493561775354231e-01
3.109999999999999876e+00 1.551494608412467890e+00 1.069730997695078845e+00 1.307629705359199812e-01 1.676596086162203403e-01
3.115000000000000213e+00 1.552760471131968911e+00 1.078751438005814522e+00 1.321693365448025903e-01 1.693847614594294337e-01
3.120000000000000107e+00 1.554026160050869576e+00 1.087839919453508886e+00 1.335887968574640539e-01 1.711249330605995600e-01
3.125000000000000000e+00 1.555291682500568706e+00 1.096996882674166063e+00 1.350214416109654370e-01 1.728802122680316300e-01
3.129999999999999893e+00 1.556557046025848434e+00 1.106222885082683183e+00 1.364673863867484349e-01 1.746507229403289896e-01
3.135000000000000231e+00 1.557822258386214909e+00 1.115518287692690125e+00 1.379267478591830187e-01 1.764365878813967670e-01
3.140000000000000124e+00 1.559087327557234559e+00 1.124883689470742798e+00 1.393996179979748451e-01 1.782378974143216110e-01
3.145000000000000018e+00 1.560352261731882795e+00 1.134319490819681642e+00 1.408861149025845971e-01 1.800547755919605919e-01
3.149999999999999911e+00 1.561617069321888263e+00 1.143826131012310343e+00 1.423863319154898555e-01 1.818873117718045052e-01
3.155000000000000249e+00 1.562881758959084433e+00 1.153404208931783748e+00 1.439003882688296154e-01 1.837356354656074775e-01
3.160000000000000142e+00 1.564146339496760740e+00 1.163054165029315579e+00 1.454284048117141515e-01 1.855998684671549548e-01
3.165000000000000036e+00 1.565410820011023496e+00 1.172776476815228230e+00 1.469704763181655938e-01 1.874801083808380620e-01
3.169999999999999929e+00 1.566675209802153468e+00 1.182571626508076790e+00 1.485266986145125090e-01 1.893764439842293701e-01
3.175000000000000266e+00 1.567939518395971676e+00 1.192440251863758238e+00 1.500972207130418790e-01 1.912890398229822042e-01
3.180000000000000160e+00 1.569203755545205192e+00 1.202382673141350722e+00 1.516821396420501011e-01 1.932179931167038456e-01
3.185000000000000053e+00 1.570467931230861369e+00 1.212399490460916995e+00 1.532815800188246647e-01 1.951634287003327917e-01
3.189999999999999947e+00 1.571732055663601191e+00 1.222491142443264511e+00 1.548956400533157418e-01 1.971254475072957979e-01
3.195000000000000284e+00 1.572996139285118833e+00 1.232658267626781212e+00 1.565244187469621295e-01 1.991041404890121491e-01
3.200000000000000178e+00 1.574260192769525224e+00 1.242901228636262179e+00 1.581680697781550349e-01 2.010996769173707122e-01
3.205000000000000071e+00 1.575524227024737378e+00 1.253220662535331487e+00 1.598266937488852235e-01 2.031121519952935883e-01
3.209999999999999964e+00 1.576788253193867284e+00 1.263617088728627547e+00 1.615004187880448860e-01 2.051417035846700709e-01
3.214999999999999858e+00 1.578052282656617233e+00 1.274090987738709879e+00 1.631893469488044646e-01 2.071884258982306937e-01
3.220000000000000195e+00 1.579316327030685141e+00 1.284642918703369441e+00 1.648936081366818296e-01 2.092524558680689262e-01
3.225000000000000089e+00 1.580580398173165202e+00 1.295273323678504562e+00 1.666133333553114493e-01 2.113339267083257367e-01
3.229999999999999982e+00 1.581844508181959430e+00 1.305982798015218993e+00 1.683486263752035084e-01 2.134329411339876692e-01
3.234999999999999876e+00 1.583108669397191415e+00 1.316771983771170218e+00 1.700995916534033814e-01 2.155495975888734872e-01
3.240000000000000213e+00 1.584372894402625409e+00 1.327641281270624196e+00 1.718663908962763665e-01 2.176840676400821073e-01
3.245000000000000107e+00 1.585637196027092743e+00 1.338591326538791426e+00 1.736491582787776933e-01 2.198364974616660583e-01
3.250000000000000000e+00 1.586901587345919129e+00 1.349622603735281423e+00 1.754479723619078446e-01 2.220069457561383852e-01
3.254999999999999893e+00 1.588166081682362174e+00 1.360735629341009334e+00 1.772629687357821782e-01 2.241955548619202210e-01
3.260000000000000231e+00 1.589430692609048013e+00 1.371931044451875970e+00 1.790942844319488858e-01 2.264024630601401689e-01
3.265000000000000124e+00 1.590695433949419924e+00 1.383209447368998868e+00 1.809420861340552689e-01 2.286278547036064424e-01
3.270000000000000018e+00 1.591960319779189614e+00 1.394571318985213804e+00 1.828064255681753902e-01 2.308717523929723903e-01
3.274999999999999911e+00 1.593225364427793389e+00 1.406017178383053512e+00 1.846875004957145294e-01 2.331343796042075478e-01
3.280000000000000249e+00 1.594490582479856755e+00 1.417547705435810990e+00 1.865853928813096807e-01 2.354158000848230736e-01
3.285000000000000142e+00 1.595755988776664358e+00 1.429163458748709203e+00 1.885002734230884491e-01 2.377162016971609837e-01
3.290000000000000036e+00 1.597021598417631694e+00 1.440864959178286719e+00 1.904322549522076691e-01 2.400356868454060211e-01
3.294999999999999929e+00 1.598287426761794583e+00 1.452652806583257128e+00 1.923814507529586215e-01 2.423743637190595435e-01
3.300000000000000266e+00 1.599553489429289543e+00 1.464527559500051535e+00 1.943480346137119175e-01 2.447324234566959356e-01
3.305000000000000160e+00 1.600819802302856587e+00 1.476489937671146890e+00 1.963321220809933210e-01 2.471099680063088555e-01
3.310000000000000053e+00 1.602086381529337800e+00 1.488540381675871105e+00 1.983338587154329646e-01 2.495071513806921826e-01
3.314999999999999947e+00 1.603353243521186133e+00 1.500679491275703548e+00 2.003533920365284104e-01 2.519241186168555413e-01
3.320000000000000284e+00 1.604620404957985969e+00 1.512907945894970352e+00 2.023908084464003665e-01 2.543609416317165750e-01
3.325000000000000178e+00 1.605887882787973897e+00 1.525226343917122085e+00 2.044462871692232786e-01 2.568178166581079336e-01
3.330000000000000071e+00 1.607155694229572163e+00 1.537635245732308586e+00 2.065199786699859763e-01 2.592948857156130993e-01
3.334999999999999964e+00 1.608423856772927873e+00 1.550135213230509512e+00 2.086120021597273888e-01 2.617922701664071594e-01
3.339999999999999858e+00 1.609692388181460876e+00 1.562727002755947225e+00 2.107225408004287093e-01 2.643101672552538028e-01
3.345000000000000195e+00 1.610961306493419842e+00 1.575411056280603406e+00 2.128516538866580543e-01 2.668485922943056310e-01
3.350000000000000089e+00 1.612230630023444355e+00 1.588188212817998046e+00 2.149995886056851879e-01 2.694078468930839465e-01
3.354999999999999982e+00 1.613500377364142535e+00 1.601058873038656571e+00 2.171664057196345810e-01 2.719879415164089265e-01
3.359999999999999876e+00 1.614770567387667999e+00 1.614023755327991028e+00 2.193522918365285734e-01 2.745890938788202451e-01
3.365000000000000213e+00 1.616041219247312144e+00 1.627083540605417822e+00 2.215574045908038636e-01 2.772114461366098070e-01
3.370000000000000107e+00 1.617312352379102647e+00 1.640238827388579734e+00 2.237818691176992336e-01 2.798551249618169701e-01
3.375000000000000000e+00 1.618583986503417060e+00 1.653490217660396944e+00 2.260258440667720081e-01 2.825202904316726493e-01
3.379999999999999893e+00 1.619856141626595081e+00 1.666838389670908249e+00 2.282894892868989056e-01 2.852071041685336761e-01
3.385000000000000231e+00 1.621128838042573905e+00 1.680283983753707355e+00 2.305729665579928367e-01 2.879157178833096631e-01
3.390000000000000124e+00 1.622402096334521149e+00 1.693827638955913040e+00 2.328764040574890226e-01 2.906462664549135377e-01
3.395000000000000018e+00 1.623675937376488410e+00 1.707470115668709987e+00 2.351999321252525588e-01 2.933988573523742538e-01
3.399999999999999911e+00 1.624950382335069499e+00 1.721211894413771093e+00 2.375437809873025274e-01 2.961737463246312818e-01
3.405000000000000249e+00 1.626225452671069327e+00 1.735053655272229545e+00 2.399080490487020823e-01 2.989710144014963711e-01
3.410000000000000142e+00 1.627501170141188780e+00 1.748996236860338893e+00 2.422929360368900609e-01 3.017908746233161077e-01
3.415000000000000036e+00 1.628777556799715365e+00 1.763040159546894081e+00 2.446985759167358832e-01 3.046334429005750355e-01
3.419999999999999929e+00 1.630054635000228513e+00 1.777186184174646799e+00 2.471251029341041405e-01 3.074988482395117351e-01
3.425000000000000266e+00 1.631332427397314877e+00 1.791434831311141673e+00 2.495727204871688865e-01 3.103873004633080357e-01
3.430000000000000160e+00 1.632610956948298497e+00 1.805786900627244229e+00 2.520415989746344620e-01 3.132989767901377953e-01
3.435000000000000053e+00 1.633890246914980304e+00 1.820243189055190447e+00 2.545318760340294917e-01 3.162340026526228587e-01
3.439999999999999947e+00 1.635170320865392934e+00 1.834804179074421615e+00 2.570437246770301276e-01 3.191925449800483983e-01
3.445000000000000284e+00 1.636451202675564431e+00 1.849470594583961569e+00 2.595773187755183176e-01 3.221747777343793029e-01
3.450000000000000178e+00 1.637732916531301264e+00 1.864243306637878517e+00 2.621327983705964981e-01 3.251808339733425757e-01
3.455000000000000071e+00 1.639015486929979559e+00 1.879122804947635839e+00 2.647103747771394344e-01 3.282109316403107879e-01
3.459999999999999964e+00 1.640298938682350771e+00 1.894109885193937304e+00 2.673101899699014683e-01 3.312652060978033552e-01
3.464999999999999858e+00 1.641583296914366441e+00 1.909205267065942291e+00 2.699324583842158121e-01 3.343438774497371480e-01
3.470000000000000195e+00 1.642868587069010289e+00 1.924409671037673686e+00 2.725772886680342122e-01 3.374470280843769876e-01
3.475000000000000089e+00 1.644154834908149621e+00 1.939723816569834502e+00 2.752448971494473873e-01 3.405748933282819468e-01
3.479999999999999982e+00 1.645442066514400281e+00 1.955148348928849034e+00 2.779354660403294264e-01 3.437276475704438838e-01
3.484999999999999876e+00 1.646730308293007594e+00 1.970684060725644393e+00 2.806491425590283417e-01 3.469054310296565968e-01
3.490000000000000213e+00 1.648019586973742623e+00 1.986331678238009157e+00 2.833861113072447258e-01 3.501084203625113855e-01
3.495000000000000107e+00 1.649309929612814640e+00 2.002091920356125598e+00 2.861465945090553853e-01 3.533368499600471058e-01
3.500000000000000000e+00 1.650601363594798476e+00 2.017965427334043937e+00 2.889307428264428212e-01 3.565908558660595973e-01
3.504999999999999893e+00 1.651893916634581849e+00 2.033968217025977854e+00 2.917364742691564428e-01 3.598655274310403884e-01
3.510000000000000231e+00 1.653187616779326907e+00 2.050086236273656937e+00 2.945662417484496420e-01 3.631660879636878780e-01
3.515000000000000124e+00 1.654482492410449757e+00 2.066320371856109173e+00 2.974201618082388809e-01 3.664926240172973193e-01
3.520000000000000018e+00 1.655778572245619973e+00 2.082671355043923533e+00 3.002984253783856361e-01 3.698453305465485008e-01
3.524999999999999911e+00 1.657075885340773880e+00 2.099139758328985028e+00 3.032012627584564912e-01 3.732244344785554668e-01
3.530000000000000249e+00 1.658374461092151142e+00 2.115726548618288128e+00 3.061288304908699187e-01 3.766300893839125141e-01
3.535000000000000142e+00 1.659674329238346902e+00 2.132432456930339448e+00 3.090813613810835525e-01 3.800625309835176657e-01
3.540000000000000036e+00 1.660975519862385452e+00 2.149258294017908355e+00 3.120589766519261121e-01 3.835218495662782168e-01
3.544999999999999929e+00 1.662278063393811456e+00 2.166204791486962211e+00 3.150619502487297940e-01 3.870083434472796902e-01
3.550000000000000266e+00 1.663581990610803807e+00 2.183272681233019874e+00 3.180904428917152305e-01 3.905221621384303288e-01
3.555000000000000160e+00 1.664887332642308815e+00 2.200462931653394349e+00 3.211446176168321065e-01 3.940634369054260011e-01
3.560000000000000053e+00 1.666194120970192039e+00 2.217776039091447160e+00 3.242247522572599405e-01 3.976324830378814568e-01
3.564999999999999947e+00 1.667502387431416100e+00 2.235213049047323430e+00 3.273309737029902466e-01 4.012293887514659652e-01
3.570000000000000284e+00 1.668812164220237593e+00 2.252774777864926303e+00 3.304635252940170687e-01 4.048544065887124677e-01
3.575000000000000178e+00 1.670123483890425531e+00 2.270461875494962811e+00 3.336226129521899231e-01 4.085077376028512508e-01
3.580000000000000071e+00 1.671436379357503110e+00 2.288275315095612328e+00 3.368084045481656852e-01 4.121895380697824796e-01
3.584999999999999964e+00 1.672750883901015451e+00 2.306215751797681346e+00 3.400211492426519211e-01 4.159000526325176139e-01
3.589999999999999858e+00 1.674067031166816655e+00 2.324284074559599400e+00 3.432610565202644515e-01 4.196394997037684593e-01
3.595000000000000195e+00 1.675384855169382847e+00 2.342481179231779898e+00 3.465282583801808092e-01 4.234079701627327941e-01
3.600000000000000089e+00 1.676704390294149860e+00 2.360807796841113415e+00 3.498230877156627283e-01 4.272058418313133266e-01
3.604999999999999982e+00 1.678025671299876453e+00 2.379264824796583966e+00 3.531457199121799118e-01 4.310332635087411046e-01
3.609999999999999876e+00 1.679348733321033071e+00 2.397852916915514054e+00 3.564963303268146588e-01 4.348903898105644372e-01
3.615000000000000213e+00 1.680673611870211692e+00 2.416573205044776795e+00 3.598751771721246384e-01 4.387774881363204482e-01
3.620000000000000107e+00 1.682000342840573426e+00 2.435426344158789114e+00 3.632824377396263182e-01 4.426947302756055747e-01
3.625000000000000000e+00 1.683328962508309878e+00 2.454413229692925746e+00 3.667183745801353978e-01 4.466423645661969366e-01
3.629999999999999893e+00 1.684659507535143819e+00 2.473534678213348492e+00 3.701832502449928231e-01 4.506206847500974777e-01
3.635000000000000231e+00 1.685992014970846498e+00 2.492791584582005004e+00 3.736771646607756625e-01 4.546297249416657027e-01
3.640000000000000124e+00 1.687326522255794936e+00 2.512184764731337339e+00 3.772004677537065254e-01 4.586698734854794957e-01
3.645000000000000018e+00 1.688663067223552527e+00 2.531715350363640482e+00 3.807532594016379557e-01 4.627411935417825029e-01
3.649999999999999911e+00 1.690001688103477839e+00 2.551383767104296485e+00 3.843358942289364921e-01 4.668440706929128936e-01
3.655000000000000249e+00 1.691342423523365834e+00 2.571191223543933368e+00 3.879486453635231369e-01 4.709787781410297303e-01
3.660000000000000142e+00 1.692685312512123508e+00 2.591138382520077776e+00 3.915915310475426847e-01 4.751452677525293544e-01
3.665000000000000036e+00 1.694030394502469727e+00 2.611226220006217513e+00 3.952649971333766499e-01 4.793440454226174374e-01
3.669999999999999929e+00 1.695377709333675487e+00 2.631455713965549670e+00 3.989692358769537095e-01 4.835752889920134079e-01
3.675000000000000266e+00 1.696727297254325917e+00 2.651827522545185278e+00 4.027043544199759295e-01 4.878390451292733965e-01
3.680000000000000160e+00 1.698079198925130706e+00 2.672342940403820144e+00 4.064708060888990171e-01 4.921358428747472091e-01
3.685000000000000053e+00 1.699433455421752726e+00 2.693002471014490862e+00 4.102687003900788998e-01 4.964657383926213141e-01
3.689999999999999947e+00 1.700790108237682396e+00 2.713807175414247208e+00 4.140983226424447272e-01 5.008290255677825265e-01
3.695000000000000284e+00 1.702149199287140036e+00 2.734757791857243436e+00 4.179598711826520985e-01 5.052258780358446222e-01
3.700000000000000178e+00 1.703510770908022831e+00 2.755855616709802280e+00 4.218537230074773103e-01 5.096567112347237805e-01
3.705000000000000071e+00 1.704874865864877798e+00 2.777101075752183235e+00 4.257799916419947039e-01 5.141215932728524507e-01
3.709999999999999964e+00 1.706241527351919807e+00 2.798495467653009605e+00 4.297389685571388340e-01 5.186208211075483687e-01
3.714999999999999858e+00 1.707610798996081591e+00 2.820039614437888975e+00 4.337309486916367529e-01 5.231546978425780647e-01
3.720000000000000195e+00 1.708982724860113711e+00 2.841734497467887088e+00 4.377562279926958677e-01 5.277235340101620320e-01
3.725000000000000089e+00 1.710357349445704500e+00 2.863580700365390364e+00 4.418150161658923047e-01 5.323274995067982518e-01
3.729999999999999982e+00 1.711734717696661745e+00 2.885579682977439830e+00 4.459075213163304352e-01 5.369668020053481872e-01
3.734999999999999876e+00 1.713114875002117454e+00 2.907732031352976421e+00 4.500341370995225576e-01 5.416418655887171862e-01
3.740000000000000213e+00 1.714497867199787251e+00 2.930038652552249712e+00 4.541950772239201628e-01 5.463528784427211793e-01
3.745000000000000107e+00 1.715883740579261962e+00 2.952500683827602668e+00 4.583905556832039707e-01 5.511000389266169641e-01
3.750000000000000000e+00 1.717272541885350057e+00 2.975119111094744362e+00 4.626209741851636248e-01 5.558837779573708726e-01
3.754999999999999893e+00 1.718664318321458495e+00 2.997894684487142136e+00 4.668864569982261736e-01 5.607041801643133372e-01
3.760000000000000231e+00 1.720059117553022654e+00 3.020828302969751800e+00 4.711874096715399918e-01 5.655616889332720776e-01
3.765000000000000124e+00 1.721456987710977105e+00 3.043921357652088489e+00 4.755240544656461066e-01 5.704565019001929249e-01
3.770000000000000018e+00 1.722857977395276574e+00 3.067174280110079199e+00 4.798966138058000097e-01 5.753888149115593542e-01
3.774999999999999911e+00 1.724262135678464647e+00 3.090588524512009716e+00 4.843055006422926634e-01 5.803590884593058385e-01
3.780000000000000249e+00 1.725669512109285098e+00 3.114164605385170148e+00 4.887509414673614772e-01 5.853675319041756753e-01
3.785000000000000142e+00 1.727080156716347847e+00 3.137903834336024822e+00 4.932332605930312419e-01 5.904144671884268281e-01
3.790000000000000036e+00 1.728494120011841551e+00 3.161807032347257351e+00 4.977526878110503650e-01 5.955001062396639844e-01
3.794999999999999929e+00 1.729911452995299248e+00 3.185875279446621189e+00 5.023096476108777075e-01 6.006249135607065748e-01
3.800000000000000266e+00 1.731332207157411762e+00 3.210109633735965140e+00 5.069042766027530567e-01 6.057889823588463729e-01
3.805000000000000160e+00 1.732756434483898600e+00 3.234510697583990346e+00 5.115370044531620808e-01 6.109927747332286607e-01
3.810000000000000053e+00 1.734184187459427706e+00 3.259079856158816124e+00 5.162079692799903530e-01 6.162363929147558483e-01
3.814999999999999947e+00 1.735615519071593615e+00 3.283817939552955423e+00 5.209177068480479456e-01 6.215204129087685825e-01
3.820000000000000284e+00 1.737050482814948671e+00 3.308726021356992675e+00 5.256664565081287099e-01 6.268450802283301870e-01
3.825000000000000178e+00 1.738489132695088868e+00 3.333805021800400947e+00 5.304543631924683034e-01 6.322104798989169883e-01
3.830000000000000071e+00 1.739931523232801869e+00 3.359056084889927352e+00 5.352819677364619722e-01 6.376172447197286930e-01
3.834999999999999964e+00 1.741377709468272084e+00 3.384480046447833956e+00 5.401495192778784649e-01 6.430655784381693607e-01
3.839999999999999858e+00 1.742827746965340152e+00 3.410077989097644036e+00 5.450572672795361839e-01 6.485557023405267296e-01
3.845000000000000195e+00 1.744281691815829705e+00 3.435850904939190098e+00 5.500055605905715961e-01 6.540880082232625181e-01
3.850000000000000089e+00 1.745739600643932299e+00 3.461799865895820894e+00 5.549948543678976387e-01 6.596629923170824750e-01
3.854999999999999982e+00 1.747201530610656750e+00 3.487925715988538400e+00 5.600253034420730192e-01 6.652807473112315462e-01
3.859999999999999876e+00 1.748667539418339745e+00 3.514229851686466066e+00 5.650973699507636505e-01 6.709417581959490340e-01
3.865000000000000213e+00 1.750137685315223512e+00 3.540712947889444351e+00 5.702113090546732099e-01 6.766463061963514658e-01
3.870000000000000107e+00 1.751612027100100555e+00 3.567376244057663293e+00 5.753674869283039728e-01 6.823947465581056138e-01
3.875000000000000000e+00 1.753090624127023878e+00 3.594220590560996076e+00 5.805662706347077817e-01 6.881874541223245156e-01
3.879999999999999893e+00 1.754573536310083837e+00 3.621247215598052627e+00 5.858080287372872119e-01 6.940248207749093456e-01
3.885000000000000231e+00 1.756060824128258258e+00 3.648456965817649778e+00 5.910931339256414452e-01 6.999072279058577983e-01
3.890000000000000124e+00 1.757552548630337386e+00 3.675851165289803824e+00 5.964217493357838462e-01 7.058348112465900881e-01
3.895000000000000018e+00 1.759048771439909009e+00 3.703430422688759549e+00 6.017944633986923586e-01 7.118082196349974078e-01
3.899999999999999911e+00 1.760549554760425739e+00 3.731196207502863516e+00 6.072115519988348087e-01 7.178276999956813009e-01
3.905000000000000249e+00 1.762054961380348228e+00 3.759149380834855503e+00 6.126732893551617432e-01 7.238935352918393074e-01
3.910000000000000142e+00 1.763565054678360111e+00 3.787291020779167461e+00 6.181801672745712573e-01 7.300062619333308467e-01
3.915000000000000036e+00 1.765079898628665322e+00 3.815621976204368160e+00 6.237325737684257243e-01 7.361662944591190749e-01
3.919999999999999929e+00 1.766599557806353804e+00 3.844143577315033866e+00 6.293307951011658519e-01 7.423738706030017509e-01
3.925000000000000266e+00 1.768124097392861804e+00 3.872856827793423218e+00 6.349752226223438489e-01 7.486294287870617348e-01
3.930000000000000160e+00 1.769653583181507006e+00 3.901762740257681106e+00 6.406662536077788461e-01 7.549333747097284331e-01
3.935000000000000053e+00 1.771188081583099816e+00 3.930862327118250121e+00 6.464042883255959326e-01 7.612861152406671383e-01
3.939999999999999947e+00 1.772727659631656794e+00 3.960156753731050472e+00 6.521897273617621726e-01 7.676880993206429693e-01
3.945000000000000284e+00 1.774272384990179141e+00 3.989647045869597619e+00 6.580229774354647843e-01 7.741397420904710946e-01
3.950000000000000178e+00 1.775822325956536885e+00 4.019334204943398881e+00 6.639044468943637867e-01 7.806414809674416810e-01
3.955000000000000071e+00 1.777377551469432548e+00 4.049219414745360623e+00 6.698344373552564956e-01 7.871935881559963821e-01
3.959999999999999964e+00 1.778938131114458976e+00 4.079303681080113542e+00 6.758133619494075539e-01 7.937965067403150998e-01
3.965000000000000302e+00 1.780504135130244192e+00 4.109588029453419722e+00 6.818417495672737250e-01 8.004508309189427573e-01
3.970000000000000195e+00 1.782075634414699072e+00 4.140073793239372968e+00 6.879199084935454511e-01 8.071568617630974218e-01
3.975000000000000089e+00 1.783652700531359159e+00 4.170761520600059669e+00 6.940483777604075089e-01 8.139151651817552180e-01
3.979999999999999982e+00 1.785235405715812629e+00 4.201652704855781906e+00 7.002273544827881668e-01 8.207259341688435406e-01
3.984999999999999876e+00 1.786823822882243729e+00 4.232748364850800193e+00 7.064576130510094032e-01 8.275900450739051006e-01
3.990000000000000213e+00 1.788418025630066133e+00 4.264049365064594532e+00 7.127392405794884533e-01 8.345075449910392962e-01
3.995000000000000107e+00 1.790018088250662442e+00 4.295557212194150765e+00 7.190727928495761478e-01 8.414789951088080810e-01
4.000000000000000000e+00 1.791624085734228267e+00 4.327272297590429417e+00 7.254588205864808126e-01 8.485050583876329044e-01
