% raindrop T-matrix calculations using the code of Leinonen, J., "Python code for T-matrix scattering calculations". Available at https://github.com/jleinonen/pytmatrix/. 
% 
% refractive index calculations after Ray, P., 1972:  Broadband Complex Refractive Indices of Ice and Water, Appl. Opt. 11, 1836-1844 
% 
% raindrop aspect ratio estimated with the methodology of Brandes, Edward & Zhang, Guifu & Vivekanandan, Jothiram. (2005). Corrigendum. Journal of Applied Meteorology. 44. 186-. 10.1175/1520-0450(2005)44<186:C>2.0.CO;2. 
% 
% wave length: 22.043563 mm 
% temperature: 308.15 K 
% refractive index: 7.898922443389892578e+00 + 1.849687933921813965e+00 i 
% 
%r_eqv[mm]               axial ratio              ext[mm2]                 sca[mm2]                 back[mm2]
5.000000000000000104e-03 9.999900000999989436e-01 8.586735733233489410e-09 7.965863429632532030e-16 1.194869302430194641e-15
1.000000000000000021e-02 9.999900000999989436e-01 6.871578186186713223e-08 5.098188059075950101e-14 7.647019495693921115e-14
1.499999999999999944e-02 9.999900000999989436e-01 2.320390923127848030e-07 5.807221964319740287e-13 8.710159370087736999e-13
2.000000000000000042e-02 9.999900000999989436e-01 5.504285475740486903e-07 3.262930774726554764e-12 4.893723111708672146e-12
2.500000000000000139e-02 9.999900000999989436e-01 1.076086851265233976e-06 1.244735188136514688e-11 1.866701528108428041e-11
2.999999999999999889e-02 9.999900000999989436e-01 1.861659554892830886e-06 3.716853574805141031e-11 5.573554752044903374e-11
3.500000000000000333e-02 9.999900000999989436e-01 2.960347803622463053e-06 9.372797967707160281e-11 1.405327335434238765e-10
4.000000000000000083e-02 9.999900000999989436e-01 4.426022327537213548e-06 2.088507081995403426e-10 3.131036410957619352e-10
4.499999999999999833e-02 9.999900000999989436e-01 6.313339063022752265e-06 4.234168552591082495e-10 6.346828124719875197e-10
5.000000000000000278e-02 9.999900000999989436e-01 8.677854107245847954e-06 7.967684715542795450e-10 1.194124636976687533e-09
5.500000000000000028e-02 9.999900000999989436e-01 1.157614447846095596e-05 1.411592587691251479e-09 2.115184691135564025e-09
5.999999999999999778e-02 9.999900000999989436e-01 1.506592248894816390e-05 2.379379888563524180e-09 3.564647524818194104e-09
6.500000000000000222e-02 9.999900000999989436e-01 1.920616439476558081e-05 3.846463409409998190e-09 5.761303525672069188e-09
7.000000000000000666e-02 9.999900000999989436e-01 2.405722308908855056e-05 6.000629096893865984e-09 8.985758215879633590e-09
7.499999999999999722e-02 9.999900000999989436e-01 2.968096192800677885e-05 9.078316464562677889e-09 1.359109646987544369e-08
8.000000000000000167e-02 9.999900000999989436e-01 3.614087437710801319e-05 1.337238444791187009e-08 2.001435903853885928e-08
8.500000000000000611e-02 9.999900000999989436e-01 4.350221989535695986e-05 1.924047105839981498e-08 2.878886853282417446e-08
8.999999999999999667e-02 9.999900000999989436e-01 5.183214681956621036e-05 2.711393309656833930e-08 4.055737809025680522e-08
9.500000000000000111e-02 9.999900000999989436e-01 6.119983133775209181e-05 3.750735009961673121e-08 5.608601240370831098e-08
1.000000000000000056e-01 9.999900000999989436e-01 7.167660269321314938e-05 5.102865884696141602e-08 7.627909333262984916e-08
1.049999999999999961e-01 9.999900000999989436e-01 8.333610047620692034e-05 6.838980192966757415e-08 1.021946681947482631e-07
1.100000000000000006e-01 9.999900000999989436e-01 9.625439361048301022e-05 9.041804711573962200e-08 1.350609673079270558e-07
1.150000000000000050e-01 9.999900000999989436e-01 1.105101362994058683e-04 1.180678321479061221e-07 1.762935645804054350e-07
1.199999999999999956e-01 9.999900000999989436e-01 1.261847220435769433e-04 1.524332343255198978e-07 2.275133812589821628e-07
1.250000000000000000e-01 9.999900000999989436e-01 1.433623996273201550e-04 1.947609623795419646e-07 2.905653697297595119e-07
1.300000000000000044e-01 9.999900000999989436e-01 1.621304741615263076e-04 2.464641254054321409e-07 3.675382481192489693e-07
1.350000000000000089e-01 9.999900000999989436e-01 1.825794370410305505e-04 3.091363422908837594e-07 4.607846236151469994e-07
1.400000000000000133e-01 9.999900000999989436e-01 2.048030894332440515e-04 3.845666321904078916e-07 5.729421505422546748e-07
1.449999999999999900e-01 9.999900000999989436e-01 2.288987857246052549e-04 4.747549280565322713e-07 7.069554778954237572e-07
1.499999999999999944e-01 9.999900000999989436e-01 2.549675248325173303e-04 5.819279077216529084e-07 8.660985127070107334e-07
1.549999999999999989e-01 9.999900000999989436e-01 2.831141978310522129e-04 7.085559100218846048e-07 1.053998142673050499e-06
1.600000000000000033e-01 9.999900000999989436e-01 3.134476361363355661e-04 8.573698656254565336e-07 1.274657795173380182e-06
1.650000000000000078e-01 9.999900000999989436e-01 3.460809617755784156e-04 1.031379712812305737e-06 1.532483022707067502e-06
1.700000000000000122e-01 9.999900000999989436e-01 3.811316383298691537e-04 1.233891963704115745e-06 1.832305612451723774e-06
1.750000000000000167e-01 9.999900000999989436e-01 4.187216903544175575e-04 1.468529695543282526e-06 2.179411088673216527e-06
1.799999999999999933e-01 9.999900000999989436e-01 4.589779178343070991e-04 1.739251865457516802e-06 2.579564975731110923e-06
1.849999999999999978e-01 9.999900000999989436e-01 5.020320909741900076e-04 2.050373303294063714e-06 3.039039811763995485e-06
1.900000000000000022e-01 1.000338260324268314e+00 5.481352363212984094e-04 2.407206557534855961e-06 3.565575927367958978e-06
1.950000000000000067e-01 1.000344839311130496e+00 5.972126485244371287e-04 2.813721240412951243e-06 4.164862187849676410e-06
2.000000000000000111e-01 1.000357515291503407e+00 6.495181973589767878e-04 3.275964833872266770e-06 4.845670073996530245e-06
2.050000000000000155e-01 1.000376259251188893e+00 7.052061258613180009e-04 3.799902862687305230e-06 5.616605488759809879e-06
2.099999999999999922e-01 1.000401042453005207e+00 7.644367581123377286e-04 4.391968748404551589e-06 6.486930053604263306e-06
2.149999999999999967e-01 1.000431836433301802e+00 8.273766517869773646e-04 5.059093047549412948e-06 7.466600034910663466e-06
2.200000000000000011e-01 1.000468612998516083e+00 8.941989633198738682e-04 5.808720389470399031e-06 8.566286503875561334e-06
2.250000000000000056e-01 1.000511344221778787e+00 9.650836512472592884e-04 6.648845790662234986e-06 9.797424065100783310e-06
2.300000000000000100e-01 1.000560002439564444e+00 1.040217714659287659e-03 7.588031210952608353e-06 1.117222963238045699e-05
2.350000000000000144e-01 1.000614560248383578e+00 1.119795378974183233e-03 8.635438709737438810e-06 1.270374551087359690e-05
2.399999999999999911e-01 1.000674990501522643e+00 1.204018437274207137e-03 9.800856340433909634e-06 1.440587126044769750e-05
2.449999999999999956e-01 1.000741266305821942e+00 1.293096702258137581e-03 1.109472651768130269e-05 1.629339860177735606e-05
2.500000000000000000e-01 1.000813361018499714e+00 1.387247834133390487e-03 1.252817825804692507e-05 1.838205175047231683e-05
2.550000000000000044e-01 1.000891248244015541e+00 1.486698054899218691e-03 1.411305128247377657e-05 2.068851491398448987e-05
2.600000000000000089e-01 1.000974901830975039e+00 1.591682328547448224e-03 1.586193437891015437e-05 2.323048059446438442e-05
2.650000000000000133e-01 1.001064295869075416e+00 1.702444477188162037e-03 1.778819260945765950e-05 2.602668055801603706e-05
2.700000000000000178e-01 1.001159404686088994e+00 1.819237830210492825e-03 1.990599532740833951e-05 2.909691750173921317e-05
2.750000000000000222e-01 1.001260202844886926e+00 1.942325101700381144e-03 2.223035832888844125e-05 3.246211706792716543e-05
2.800000000000000266e-01 1.001366665140501100e+00 2.071979386873860473e-03 2.477717415411698009e-05 3.614436138656227510e-05
2.850000000000000311e-01 1.001478766597222014e+00 2.208483669320223178e-03 2.756324278178537475e-05 4.016692268517153429e-05
2.899999999999999800e-01 1.001596482465736404e+00 2.352131950904474446e-03 3.060631525998383376e-05 4.455431534550806870e-05
2.949999999999999845e-01 1.001719788220298835e+00 2.503229122782865516e-03 3.392511638530969247e-05 4.933231597042220484e-05
2.999999999999999889e-01 1.001848659555939935e+00 2.662091332487913613e-03 3.753940028159082640e-05 5.452803161466280251e-05
3.049999999999999933e-01 1.001983072385710605e+00 2.829046993381554090e-03 4.146996872799740835e-05 6.016991151120784794e-05
3.099999999999999978e-01 1.002123002837959964e+00 3.004436146766791948e-03 4.573872473962170413e-05 6.628781097963934313e-05
3.150000000000000022e-01 1.002268427253648841e+00 3.188611997143579128e-03 5.036870757290512349e-05 7.291302612443726044e-05
3.200000000000000067e-01 1.002419322183694117e+00 3.381940279449539843e-03 5.538413272176785835e-05 8.007833463493644786e-05
3.250000000000000111e-01 1.002575664386349930e+00 3.584800527469829932e-03 6.081043360726886031e-05 8.781804004541871424e-05
3.300000000000000155e-01 1.002737430824617970e+00 3.797586427732707690e-03 6.667428910015571291e-05 9.616799114810049907e-05
3.350000000000000200e-01 1.002904598663692415e+00 4.020705125244185101e-03 7.300369351954634836e-05 1.051656663033047264e-04
3.400000000000000244e-01 1.003077145268434833e+00 4.254579703379876565e-03 7.982801079812088343e-05 1.148502300127144548e-04
3.450000000000000289e-01 1.003255048200880628e+00 4.499648164594454575e-03 8.717794380581763379e-05 1.252624645835605135e-04
3.500000000000000333e-01 1.003438285217776782e+00 4.756364065879181355e-03 9.508565249685719276e-05 1.364449223020800016e-04
3.549999999999999822e-01 1.003626834268148693e+00 5.025197864474651929e-03 1.035848227802604437e-04 1.484419991710947634e-04
3.599999999999999867e-01 1.003820673490896542e+00 5.306636734920677258e-03 1.127106137946618896e-04 1.612998321048354224e-04
3.649999999999999911e-01 1.004019781212422524e+00 5.601185306973334617e-03 1.224998071773974930e-04 1.750664884533792594e-04
3.699999999999999956e-01 1.004224135944284502e+00 5.909366286799077640e-03 1.329907674514717157e-04 1.897918841851778187e-04
3.750000000000000000e-01 1.004433716380879638e+00 6.231721192575600393e-03 1.442236061928524706e-04 2.055279852969800719e-04
3.800000000000000044e-01 1.004648501397155336e+00 6.568810609233464472e-03 1.562401181035215185e-04 2.223286909186456635e-04
3.850000000000000089e-01 1.004868470046347273e+00 6.921215187116943127e-03 1.690839144979096298e-04 2.402499918229206101e-04
3.900000000000000133e-01 1.005093601557745631e+00 7.289536522479685490e-03 1.828004100761311719e-04 2.593499128368047615e-04
3.950000000000000178e-01 1.005323875334485528e+00 7.674396332350980066e-03 1.974369468906065576e-04 2.796886624654591671e-04
4.000000000000000222e-01 1.005559270951367434e+00 8.076439347971038629e-03 2.130428036468646428e-04 3.013286086733308255e-04
4.050000000000000266e-01 1.005799768152698448e+00 8.496332746044036113e-03 2.296692777920753394e-04 3.243343543020365638e-04
4.100000000000000311e-01 1.006045346850164002e+00 8.934767388180926348e-03 2.473697457698191050e-04 3.487727852064573773e-04
4.150000000000000355e-01 1.006295987120720881e+00 9.392457422274567633e-03 2.661996952161221962e-04 3.747130751771118114e-04
4.199999999999999845e-01 1.006551669204517108e+00 9.870142361230758998e-03 2.862167520941219512e-04 4.022266801107679903e-04
4.249999999999999889e-01 1.006812373502834479e+00 1.036858795482473346e-02 3.074809519032209643e-04 4.313876843692243581e-04
4.299999999999999933e-01 1.007078080576055967e+00 1.088858660161415824e-02 3.300544471789017991e-04 4.622723211544679908e-04
4.349999999999999978e-01 1.007348771141657329e+00 1.143095820126281519e-02 3.540019311285727381e-04 4.949595488603271984e-04
4.400000000000000022e-01 1.007624426072219359e+00 1.199655017829795271e-02 3.793903923951539789e-04 5.295306314719904275e-04
4.450000000000000067e-01 1.007905026393466796e+00 1.258624039052909371e-02 4.062895112541920297e-04 5.660696549554626849e-04
4.500000000000000111e-01 1.008190553282325652e+00 1.320093716220875624e-02 4.347713904328727474e-04 6.046630978729671847e-04
4.550000000000000155e-01 1.008480988065006079e+00 1.384157889025226101e-02 4.649109737547134379e-04 6.454003482641197664e-04
4.600000000000000200e-01 1.008776312215104998e+00 1.450913819932162646e-02 4.967856111436326841e-04 6.883730421913116871e-04
4.650000000000000244e-01 1.009076507351731156e+00 1.520461987521562995e-02 5.304758741529304669e-04 7.336761498327130232e-04
4.700000000000000289e-01 1.009381555237651273e+00 1.592906387124955886e-02 5.660647930097278914e-04 7.814068258660664037e-04
4.750000000000000333e-01 1.009691437777457068e+00 1.668354521023223888e-02 6.036387191982442359e-04 8.316655755596797641e-04
4.799999999999999822e-01 1.010006137015752481e+00 1.746917700363580586e-02 6.432867571597864409e-04 8.845553590916133005e-04
4.849999999999999867e-01 1.010325635135361333e+00 1.828710879829031910e-02 6.851012525300409581e-04 9.401822351939056023e-04
4.899999999999999911e-01 1.010649914455556075e+00 1.913853233945455451e-02 7.291777107768298780e-04 9.986551325109371043e-04
4.949999999999999956e-01 1.010978957430304748e+00 2.002467591545579670e-02 7.756148717129976748e-04 1.060085921231222273e-03
5.000000000000000000e-01 1.011312746646537475e+00 2.094681422474568497e-02 8.245149891572792385e-04 1.124589688720151063e-03
5.050000000000000044e-01 1.011651264822433394e+00 2.190626350654091906e-02 8.759836319353986409e-04 1.192284385339029400e-03
5.100000000000000089e-01 1.011994494805724676e+00 2.290438399595160282e-02 9.301299668898198618e-04 1.263291142812577672e-03
5.150000000000000133e-01 1.012342419572020980e+00 2.394258413532575347e-02 9.870664118386950764e-04 1.337733669009900234e-03
5.200000000000000178e-01 1.012695022223150554e+00 2.502231978499704079e-02 1.046909930558371626e-03 1.415740021144290713e-03
5.250000000000000222e-01 1.013052285985520662e+00 2.614509587379707650e-02 1.109780830732459483e-03 1.497440770190149560e-03
5.300000000000000266e-01 1.013414194208494434e+00 2.731246982520513927e-02 1.175802812342375972e-03 1.582968972183241381e-03
5.350000000000000311e-01 1.013780730362787486e+00 2.852605062191732044e-02 1.245104711466200106e-03 1.672462568568781026e-03
5.400000000000000355e-01 1.014151878038878962e+00 2.978750399901213333e-02 1.317818464888050912e-03 1.766061323224165074e-03
5.450000000000000400e-01 1.014527620945441466e+00 3.109854987642356183e-02 1.394080652862277276e-03 1.863908963288442994e-03
5.500000000000000444e-01 1.014907942907788518e+00 3.246096735175068443e-02 1.474032392212786024e-03 1.966152864547337890e-03
5.550000000000000488e-01 1.015292827866336012e+00 3.387659901928125744e-02 1.557819196347793493e-03 2.072943792376247783e-03
5.600000000000000533e-01 1.015682259875082316e+00 3.534734503080712992e-02 1.645590512807622264e-03 2.184434974371405463e-03
5.650000000000000577e-01 1.016076223100103704e+00 3.687517653050454564e-02 1.737500912123297794e-03 2.300783872582938452e-03
5.700000000000000622e-01 1.016474701818065096e+00 3.846212324796811910e-02 1.833710279948682405e-03 2.422152145853041783e-03
5.750000000000000666e-01 1.016877680414747243e+00 4.011029508575928576e-02 1.934382163854487385e-03 2.548703222040680366e-03
5.799999999999999600e-01 1.017285143383589441e+00 4.182186132362673142e-02 2.039686231419318360e-03 2.680605666174886489e-03
5.849999999999999645e-01 1.017697075324246692e+00 4.359907417222917692e-02 2.149796954695806176e-03 2.818031114691083808e-03
5.899999999999999689e-01 1.018113460941162618e+00 4.544426019432051822e-02 2.264893999703956797e-03 2.961154800848221202e-03
5.949999999999999734e-01 1.018534285042156151e+00 4.735982218673225053e-02 2.385162364983550894e-03 3.110155383318270218e-03
5.999999999999999778e-01 1.018959532537025314e+00 4.934824766343531843e-02 2.510792839979727239e-03 3.265215618156436760e-03
6.049999999999999822e-01 1.019389188436160998e+00 5.141210855038336192e-02 2.641981822575863170e-03 3.426521910932349164e-03
6.099999999999999867e-01 1.019823237849180497e+00 5.355405994572765699e-02 2.778931458424469501e-03 3.594264252598394684e-03
6.149999999999999911e-01 1.020261665983570154e+00 5.577685324425882968e-02 2.921850140921445228e-03 3.768636838459567522e-03
6.199999999999999956e-01 1.020704458143344873e+00 5.808333450801010656e-02 3.070951542807174358e-03 3.949836481823402329e-03
6.250000000000000000e-01 1.021151599727719406e+00 6.047643816503794206e-02 3.226457421855702130e-03 4.138066454015812932e-03
6.300000000000000044e-01 1.021603076229795626e+00 6.295920663153811714e-02 3.388593993287227282e-03 4.333530982043577034e-03
6.350000000000000089e-01 1.022058873235258902e+00 6.553478062333931153e-02 3.557595503564830661e-03 4.536440491387470735e-03
6.400000000000000133e-01 1.022518976421092685e+00 6.820641249368816772e-02 3.733701659719510218e-03 4.747007456471297529e-03
6.450000000000000178e-01 1.022983371554301524e+00 7.097745953035768107e-02 3.917161127341812175e-03 4.965450979452414731e-03
6.500000000000000222e-01 1.023452044490649859e+00 7.385140097836963291e-02 4.108227423413361550e-03 5.191991525897496525e-03
6.550000000000000266e-01 1.023924981173411908e+00 7.683182925137256591e-02 4.307163023248117110e-03 5.426855524004008981e-03
6.600000000000000311e-01 1.024402167632133542e+00 7.992245879120363217e-02 4.514237782605796945e-03 5.670273863995544360e-03
6.650000000000000355e-01 1.024883589981409493e+00 8.312713424350633151e-02 4.729728246800031684e-03 5.922479989541111836e-03
6.700000000000000400e-01 1.025369234419667430e+00 8.644982392871058963e-02 4.953919617615133719e-03 6.183712898002732133e-03
6.750000000000000444e-01 1.025859087227968924e+00 8.989464821196041511e-02 5.187105086539952302e-03 6.454215725441050239e-03
6.800000000000000488e-01 1.026353134768820174e+00 9.346584284686373922e-02 5.429587007090625438e-03 6.734237424176777592e-03
6.850000000000000533e-01 1.026851363484993174e+00 9.716781755391938613e-02 5.681674147255318455e-03 7.024028468205967789e-03
6.900000000000000577e-01 1.027353759898360641e+00 1.010050991044634250e-01 5.943685865293412210e-03 7.323846437524438729e-03
6.950000000000000622e-01 1.027860310608740946e+00 1.049823952916113384e-01 6.215950447424850242e-03 7.633953803032602833e-03
7.000000000000000666e-01 1.028371002292754355e+00 1.091045692503945230e-01 6.498805230125663177e-03 7.954617544943540577e-03
7.049999999999999600e-01 1.028885821702690384e+00 1.133766369261171303e-01 6.792596933941153284e-03 8.286109388320632430e-03
7.099999999999999645e-01 1.029404755665387139e+00 1.178038001103131616e-01 7.097680657073320541e-03 8.628704457978860626e-03
7.149999999999999689e-01 1.029927791081118427e+00 1.223914296836630250e-01 7.414424773854465939e-03 8.982687739737505242e-03
7.199999999999999734e-01 1.030454914922495746e+00 1.271450762657063971e-01 7.743205530721506205e-03 9.348346041476940371e-03
7.249999999999999778e-01 1.030986114233377604e+00 1.320704963841871360e-01 8.084409473363423845e-03 9.725971670918393680e-03
7.299999999999999822e-01 1.031521376127789047e+00 1.371736230884063323e-01 8.438435000560661967e-03 1.011586412587198516e-02
7.349999999999999867e-01 1.032060687788854958e+00 1.424605956160485132e-01 8.805692784518202518e-03 1.051833012424413343e-02
7.399999999999999911e-01 1.032604036467738684e+00 1.479377730537442259e-01 9.186603559173370584e-03 1.093368108877914961e-02
7.449999999999999956e-01 1.033151409482594651e+00 1.536117144079258146e-01 9.581599588471642615e-03 1.136223419289341015e-02
7.500000000000000000e-01 1.033702794217528753e+00 1.594892053567115442e-01 9.991126397877553300e-03 1.180431539228125534e-02
7.550000000000000044e-01 1.034258178121568061e+00 1.655772848615009174e-01 1.041564039379344608e-02 1.226025524124898201e-02
7.600000000000000089e-01 1.034817548707643198e+00 1.718831955650076682e-01 1.085561338325436234e-02 1.273039528994456514e-02
7.650000000000000133e-01 1.035380893551575587e+00 1.784144238271193617e-01 1.131152879565603189e-02 1.321508216812723041e-02
7.700000000000000178e-01 1.035948200291078702e+00 1.851787496611169703e-01 1.178388336100366293e-02 1.371467098808762559e-02
7.750000000000000222e-01 1.036519456624765523e+00 1.921841738332074057e-01 1.227318902010004001e-02 1.422952689439770449e-02
7.800000000000000266e-01 1.037094650311166655e+00 1.994390040840314793e-01 1.277997198884109169e-02 1.476002354679858443e-02
7.850000000000000311e-01 1.037673769167756666e+00 2.069517693351994869e-01 1.330477138720138029e-02 1.530654174428000211e-02
7.900000000000000355e-01 1.038256801069989743e+00 2.147313459761379939e-01 1.384814445053282779e-02 1.586947667346207125e-02
7.950000000000000400e-01 1.038843733950345127e+00 2.227868579619358413e-01 1.441066238489564430e-02 1.644923114936867187e-02
8.000000000000000444e-01 1.039434555797379867e+00 2.311277708380090334e-01 1.499291394553345022e-02 1.704622128872999159e-02
8.050000000000000488e-01 1.040029254654790458e+00 2.397638508789135536e-01 1.559550424882695865e-02 1.766087520610551756e-02
8.100000000000000533e-01 1.040627818620484257e+00 2.487051627584387081e-01 1.621905367174438298e-02 1.829363084056289529e-02
8.150000000000000577e-01 1.041230235845658436e+00 2.579621531022599501e-01 1.686420523388814513e-02 1.894494642069742205e-02
8.200000000000000622e-01 1.041836494533886492e+00 2.675455628723763524e-01 1.753161282157775225e-02 1.961528507322860340e-02
8.250000000000000666e-01 1.042446582940215416e+00 2.774665118801053487e-01 1.822195595563546114e-02 2.030513446552746279e-02
8.300000000000000711e-01 1.043060489370268407e+00 2.877364788340198154e-01 1.893593348578543473e-02 2.101499848688663519e-02
8.349999999999999645e-01 1.043678202179357140e+00 2.983672810694144584e-01 1.967426013606024884e-02 2.174539350955156936e-02
8.399999999999999689e-01 1.044299709771603135e+00 3.093712009872215396e-01 2.043767096607625525e-02 2.249685498741504225e-02
8.449999999999999734e-01 1.044925000599063569e+00 3.207608011023671546e-01 2.122693376380352381e-02 2.326995156993144978e-02
8.499999999999999778e-01 1.045554063160868408e+00 3.325491416322798877e-01 2.204281804673379960e-02 2.406525075001729463e-02
8.549999999999999822e-01 1.046186886002363758e+00 3.447496239710275967e-01 2.288613592841975963e-02 2.488336559383586000e-02
8.599999999999999867e-01 1.046823457714263217e+00 3.573761337612015865e-01 2.375771441795966610e-02 2.572492648457207556e-02
8.649999999999999911e-01 1.047463766931806317e+00 3.704429376482767933e-01 2.465840005943702520e-02 2.659058229567313678e-02
8.699999999999999956e-01 1.048107802333925420e+00 3.839647813376961261e-01 2.558907230825711171e-02 2.748102337637949380e-02
8.750000000000000000e-01 1.048755552642418598e+00 3.979568166167833931e-01 2.655064081007037918e-02 2.839697388544605919e-02
8.800000000000000044e-01 1.049407006621131844e+00 4.124346696313933580e-01 2.754402331259701159e-02 2.933917037142455553e-02
8.850000000000000089e-01 1.050062153075147497e+00 4.274144985689181109e-01 2.857018746209167084e-02 3.030841190596779769e-02
8.900000000000000133e-01 1.050720980849978670e+00 4.429128425055282037e-01 2.963011488650913600e-02 3.130551997697627459e-02
8.950000000000000178e-01 1.051383478830772988e+00 4.589468070599780347e-01 3.072481607219423178e-02 3.233135413572602729e-02
9.000000000000000222e-01 1.052049635941522787e+00 4.755339048211816855e-01 3.185534537969339497e-02 3.338683714757496174e-02
9.050000000000000266e-01 1.052719441144281065e+00 4.926922352864488430e-01 3.302277376267859915e-02 3.447292145952528947e-02
9.100000000000000311e-01 1.053392883438386107e+00 5.104403510945109135e-01 3.422821347863742869e-02 3.559062187778641584e-02
9.150000000000000355e-01 1.054069951859691656e+00 5.287973298767068009e-01 3.547280462798729772e-02 3.674099983124179403e-02
9.200000000000000400e-01 1.054750635479804632e+00 5.477827581361587317e-01 3.675772098622012707e-02 3.792517689794072666e-02
9.250000000000000444e-01 1.055434923405329073e+00 5.674167593995180781e-01 3.808418680817925867e-02 3.914435580632992517e-02
9.300000000000000488e-01 1.056122804777117841e+00 5.877199085205450091e-01 3.945343591089370966e-02 4.039977458123861914e-02
9.350000000000000533e-01 1.056814268769528553e+00 6.087134516303948084e-01 4.086677210227301904e-02 4.169277974001370929e-02
9.400000000000000577e-01 1.057509304589689725e+00 6.304190242345136808e-01 4.232550932901227303e-02 4.302476694944379343e-02
9.450000000000000622e-01 1.058207901476769797e+00 6.528587856132049838e-01 4.383101758011449106e-02 4.439723269495152863e-02
9.500000000000000666e-01 1.058910048701254603e+00 6.760554494159528582e-01 4.538470858870165270e-02 4.581175737561477002e-02
9.550000000000000711e-01 1.059615735564230832e+00 7.000322218280686792e-01 4.698802317316956578e-02 4.727001122843744324e-02
9.599999999999999645e-01 1.060324951396675930e+00 7.248128149623453975e-01 4.864246981598717434e-02 4.877378484577904461e-02
9.649999999999999689e-01 1.061037685558753330e+00 7.504214644026309111e-01 5.034957726337998402e-02 5.032495670450280734e-02
9.699999999999999734e-01 1.061753927439116119e+00 7.768827191684658517e-01 5.211093701280532231e-02 5.192553927691037630e-02
9.749999999999999778e-01 1.062473666454213594e+00 8.042218129580627206e-01 5.392817748843244802e-02 5.357765085809570310e-02
9.799999999999999822e-01 1.063196892047607145e+00 8.324642337810123083e-01 5.580299159756157285e-02 5.528357186337171797e-02
9.849999999999999867e-01 1.063923593689290348e+00 8.616359303822118676e-01 5.773710462958284856e-02 5.704569197002180847e-02
9.899999999999999911e-01 1.064653760875015509e+00 8.917632223536747782e-01 5.973231084938670360e-02 5.886658084712041716e-02
9.949999999999999956e-01 1.065387383125626419e+00 9.228729022559203354e-01 6.179044502215996770e-02 6.074894931828895422e-02
1.000000000000000000e+00 1.066124449986396217e+00 9.549919073681005788e-01 6.391338692223422213e-02 6.269566778381013838e-02
1.005000000000000115e+00 1.066864951026373021e+00 9.881464955004759521e-01 6.610323795399768165e-02 6.471003409944091345e-02
1.010000000000000009e+00 1.067608875837728233e+00 1.022365003315628407e+00 6.836187951556044196e-02 6.679511860906632570e-02
1.015000000000000124e+00 1.068356214035114826e+00 1.057675237954353031e+00 7.069136020647379115e-02 6.895436584828912308e-02
1.020000000000000018e+00 1.069106955255026969e+00 1.094104892491396752e+00 7.309381284194826911e-02 7.119146823635690013e-02
1.024999999999999911e+00 1.069861089155168976e+00 1.131681894053559567e+00 7.557141598931867155e-02 7.351033157568781506e-02
1.030000000000000027e+00 1.070618605413826918e+00 1.170434100850900050e+00 7.812642326297079831e-02 7.591511512879679791e-02
1.034999999999999920e+00 1.071379493729249344e+00 1.210389023076698267e+00 8.076113199241805041e-02 7.841021227280131622e-02
1.040000000000000036e+00 1.072143743819029771e+00 1.251574428232532510e+00 8.347791894184448946e-02 8.100030615768788467e-02
1.044999999999999929e+00 1.072911345419497398e+00 1.294017566044310286e+00 8.627919141393869396e-02 8.369031834993079233e-02
1.050000000000000044e+00 1.073682288285112474e+00 1.337745229380301826e+00 8.916747988619255771e-02 8.648553666627839531e-02
1.054999999999999938e+00 1.074456562187866782e+00 1.382784114035682022e+00 9.214531874975920300e-02 8.939149010328485689e-02
1.060000000000000053e+00 1.075234156916690775e+00 1.429159788264625197e+00 9.521534822096568151e-02 9.241408162180272945e-02
1.064999999999999947e+00 1.076015062276864054e+00 1.476897651347588214e+00 9.838026167021973745e-02 9.555953639384692777e-02
1.070000000000000062e+00 1.076799268089433603e+00 1.526021745827266685e+00 1.016427925619965839e-01 9.883441253973875018e-02
1.074999999999999956e+00 1.077586764190635593e+00 1.576555604156072210e+00 1.050057595929393545e-01 1.022456493749424045e-01
1.080000000000000071e+00 1.078377540431322945e+00 1.628521312002866539e+00 1.084720556358437643e-01 1.058005971818067464e-01
1.084999999999999964e+00 1.079171586676399119e+00 1.681939726397564616e+00 1.120446184086677927e-01 1.095069736994813137e-01
1.090000000000000080e+00 1.079968892804255898e+00 1.736830392328970518e+00 1.157264483035400776e-01 1.133729084066340265e-01
1.094999999999999973e+00 1.080769448706216718e+00 1.793210913361271697e+00 1.195206163640673419e-01 1.174069744881029165e-01
1.100000000000000089e+00 1.081573244285985780e+00 1.851097430440064473e+00 1.234302355989487926e-01 1.216181602435034703e-01
1.104999999999999982e+00 1.082380269459101152e+00 1.910503690476122340e+00 1.274584694207235858e-01 1.260158968102202681e-01
1.110000000000000098e+00 1.083190514152395201e+00 1.971441705536026934e+00 1.316085749209446043e-01 1.306101174988839042e-01
1.114999999999999991e+00 1.084003968303457022e+00 2.033920747901124315e+00 1.358838157836086968e-01 1.354111782806138031e-01
1.120000000000000107e+00 1.084820621860102863e+00 2.097947508522879367e+00 1.402875000893426816e-01 1.404299042836650302e-01
1.125000000000000000e+00 1.085640464779849657e+00 2.163525719683628168e+00 1.448230137143511342e-01 1.456776421851710135e-01
1.130000000000000115e+00 1.086463487029394992e+00 2.230656694575512855e+00 1.494937290723390710e-01 1.511661712379575306e-01
1.135000000000000009e+00 1.087289678584100638e+00 2.299338000258156267e+00 1.543031434974286575e-01 1.569078591917645038e-01
1.140000000000000124e+00 1.088119029427482509e+00 2.369563393726110245e+00 1.592546552501034329e-01 1.629153981188804501e-01
1.145000000000000018e+00 1.088951529550704622e+00 2.441323617817139802e+00 1.643517938922252064e-01 1.692021231585080221e-01
1.150000000000000133e+00 1.089787168952079055e+00 2.514605447967551921e+00 1.695980653545519079e-01 1.757817644471344198e-01
1.155000000000000027e+00 1.090625937636568565e+00 2.589391149085102928e+00 1.749969530202531709e-01 1.826684970463899882e-01
1.159999999999999920e+00 1.091467825615297427e+00 2.665659112303856659e+00 1.805520150663703360e-01 1.898770444537249968e-01
1.165000000000000036e+00 1.092312822905064262e+00 2.743383115844605147e+00 1.862667367824258347e-01 1.974224734206558307e-01
1.169999999999999929e+00 1.093160919527861763e+00 2.822532440979009127e+00 1.921446356910420650e-01 2.053203394802606552e-01
1.175000000000000044e+00 1.094012105510399513e+00 2.903071246107591818e+00 1.981891815639048593e-01 2.135865441478146387e-01
1.179999999999999938e+00 1.094866370883633921e+00 2.984959039665878944e+00 2.044038416622134813e-01 2.222374023043777735e-01
1.185000000000000053e+00 1.095723705682299487e+00 3.068150658625477423e+00 2.107920550262400439e-01 2.312895753773832885e-01
1.189999999999999947e+00 1.096584099944449830e+00 3.152595195655924165e+00 2.173571529713868855e-01 2.407599492265138641e-01
1.195000000000000062e+00 1.097447543710998508e+00 3.238237048611187774e+00 2.241025200011662333e-01 2.506658018273732469e-01
1.199999999999999956e+00 1.098314027025267592e+00 3.325015355756620661e+00 2.310313792878577466e-01 2.610245141788312129e-01
1.205000000000000071e+00 1.099183539932540254e+00 3.412864388014464456e+00 2.381469383818559937e-01 2.718537071910825387e-01
1.209999999999999964e+00 1.100056072479618674e+00 3.501712673780259077e+00 2.454523125212128565e-01 2.831710980878962003e-01
1.215000000000000080e+00 1.100931614714385054e+00 3.591484312001863799e+00 2.529505434200001734e-01 2.949945007759278703e-01
1.219999999999999973e+00 1.101810156685369746e+00 3.682098610358324642e+00 2.606445559506874177e-01 3.073417033937023701e-01
1.225000000000000089e+00 1.102691688441321372e+00 3.773469583077379674e+00 2.685372382097513388e-01 3.202305188348565923e-01
1.229999999999999982e+00 1.103576200030784493e+00 3.865507459856617256e+00 2.766312595103044836e-01 3.336785063661005246e-01
1.235000000000000098e+00 1.104463681501680172e+00 3.958118170245367828e+00 2.849293055172252287e-01 3.477032141719408331e-01
1.239999999999999991e+00 1.105354122900890967e+00 4.051203216033512078e+00 2.934338513423211947e-01 3.623218110187806928e-01
1.245000000000000107e+00 1.106247514273852595e+00 4.144661398994770707e+00 3.021473622431657957e-01 3.775513082280160249e-01
1.250000000000000000e+00 1.107143845664148030e+00 4.238387495075738087e+00 3.110719565404811982e-01 3.934080289187503743e-01
1.255000000000000115e+00 1.108043107113107384e+00 4.332274160504005600e+00 3.202099290536365439e-01 4.099082598668455923e-01
1.260000000000000009e+00 1.108945288659413109e+00 4.426211586618960858e+00 3.295632735418106973e-01 4.270675271316845545e-01
1.265000000000000124e+00 1.109850380338708309e+00 4.520089206624621880e+00 3.391338369341703185e-01 4.449007353259762376e-01
1.270000000000000018e+00 1.110758372183210829e+00 4.613793274031737113e+00 3.489234499417374069e-01 4.634223141280567893e-01
1.275000000000000133e+00 1.111669254221331116e+00 4.707211406963101474e+00 3.589337230665676226e-01 4.826458354563743502e-01
1.280000000000000027e+00 1.112583016477296738e+00 4.800230271668538329e+00 3.691662985835804101e-01 5.025843308012643007e-01
1.284999999999999920e+00 1.113499648970778022e+00 4.892736753268593475e+00 3.796225217669138563e-01 5.232497549839197903e-01
1.290000000000000036e+00 1.114419141716522343e+00 4.984620460363568206e+00 3.903038187895401800e-01 5.446534728865726205e-01
1.294999999999999929e+00 1.115341484723989307e+00 5.075770988155451136e+00 4.012113963300019126e-01 5.668057838003239812e-01
1.300000000000000044e+00 1.116266667996994588e+00 5.166081847432318241e+00 4.123465067863107403e-01 5.897162569773392038e-01
1.304999999999999938e+00 1.117194681533353773e+00 5.255448610914029040e+00 4.237101715325982676e-01 6.133932875243823801e-01
1.310000000000000053e+00 1.118125515324534858e+00 5.343771429771466686e+00 4.353035218260445371e-01 6.378445584938764457e-01
1.314999999999999947e+00 1.119059159355313193e+00 5.430953279517308552e+00 4.471275313053410527e-01 6.630766336413127515e-01
1.320000000000000062e+00 1.119995603603431533e+00 5.516903857007942058e+00 4.591831615801885147e-01 6.890951210862346077e-01
1.324999999999999956e+00 1.120934838039265857e+00 5.601536530086158372e+00 4.714714329868061604e-01 7.159048095620429430e-01
1.330000000000000071e+00 1.121876852625492305e+00 5.684770963126887899e+00 4.839933977651116326e-01 7.435095900940034142e-01
1.334999999999999964e+00 1.122821637316764765e+00 5.766533124852995407e+00 4.967498633314154644e-01 7.719120338441820550e-01
1.340000000000000080e+00 1.123769182059389804e+00 5.846755647467621664e+00 5.097420235447093217e-01 8.011143781172201939e-01
1.344999999999999973e+00 1.124719476791012696e+00 5.925377555649617989e+00 5.229708272538079461e-01 8.311175569827830012e-01
1.350000000000000089e+00 1.125672511440304557e+00 6.002345717289323979e+00 5.364375408208748031e-01 8.619221181457072944e-01
1.354999999999999982e+00 1.126628275926654377e+00 6.077613502168765613e+00 5.501432598132773855e-01 8.935274405822607457e-01
1.360000000000000098e+00 1.127586760159866808e+00 6.151142424219057325e+00 5.640893614256311528e-01 9.259325115845683518e-01
1.364999999999999991e+00 1.128547954039863965e+00 6.222901819595159978e+00 5.782773460337122806e-01 9.591357162346494381e-01
1.370000000000000107e+00 1.129511847456391438e+00 6.292867997257065582e+00 5.927085939383490709e-01 9.931344633857668303e-01
1.375000000000000000e+00 1.130478430288730518e+00 6.361025329924428817e+00 6.073847929722819838e-01 1.027925935941425228e+00
1.380000000000000115e+00 1.131447692405412875e+00 6.427366014693398633e+00 6.223078890812270281e-01 1.063507097986391869e+00
1.385000000000000009e+00 1.132419623663941444e+00 6.491889710555771131e+00 6.374798261390118848e-01 1.099874221964771470e+00
1.390000000000000124e+00 1.133394213910515980e+00 6.554602327986070343e+00 6.529026166870518511e-01 1.137023177494578485e+00
1.395000000000000018e+00 1.134371452979762385e+00 6.615518413977094170e+00 6.685787603310719973e-01 1.174950090888147836e+00
1.400000000000000133e+00 1.135351330694467364e+00 6.674658863258986052e+00 6.845106971200448642e-01 1.213650575838634449e+00
1.405000000000000027e+00 1.136333836865317526e+00 6.732050029597258067e+00 7.007010138885757522e-01 1.253120013220057061e+00
1.409999999999999920e+00 1.137318961290643582e+00 6.787726204651357342e+00 7.171525887493326312e-01 1.293354020552651029e+00
1.415000000000000036e+00 1.138306693756168331e+00 6.841726834107011435e+00 7.338686407390826449e-01 1.334348436000836191e+00
1.419999999999999929e+00 1.139297024034760630e+00 6.894096587010137611e+00 7.508522661100467399e-01 1.376098682155111774e+00
1.425000000000000044e+00 1.140289941886192482e+00 6.944886141687189429e+00 7.681069791748451614e-01 1.418600682695155157e+00
1.429999999999999938e+00 1.141285437056903218e+00 6.994149912707817940e+00 7.856364670165323361e-01 1.461850601108589220e+00
1.435000000000000053e+00 1.142283499279765024e+00 7.041947338143706325e+00 8.034445125676066279e-01 1.505844665663599757e+00
1.439999999999999947e+00 1.143284118273856675e+00 7.088343025188442503e+00 8.215352087473044573e-01 1.550579449995274750e+00
1.445000000000000062e+00 1.144287283744239936e+00 7.133401385352775570e+00 8.399127999477569162e-01 1.596052158726917636e+00
1.449999999999999956e+00 1.145292985381740625e+00 7.177194140841709036e+00 8.585815746384308778e-01 1.642259775649189679e+00
1.455000000000000071e+00 1.146301212862736563e+00 7.219793310120657281e+00 8.775461276239298058e-01 1.689200090495087903e+00
1.459999999999999964e+00 1.147311955848947074e+00 7.261274337368362808e+00 8.968113279794797110e-01 1.736871496892184563e+00
1.465000000000000080e+00 1.148325203987230259e+00 7.301714915835565201e+00 9.163820505066968547e-01 1.785272434111180528e+00
1.469999999999999973e+00 1.149340946909383598e+00 7.341193044061356865e+00 9.362634267778308095e-01 1.834402165172688948e+00
1.475000000000000089e+00 1.150359174231948334e+00 7.379789495849590431e+00 9.564605622695500076e-01 1.884260005241024549e+00
1.479999999999999982e+00 1.151379875556021837e+00 7.417585508746172174e+00 9.769789937440076510e-01 1.934846245481497196e+00
1.485000000000000098e+00 1.152403040467071982e+00 7.454662500702380790e+00 9.978241546436790177e-01 1.986161346835868757e+00
1.489999999999999991e+00 1.153428658534756623e+00 7.491102695362792829e+00 1.019001657892333768e+00 2.038206282821722670e+00
1.495000000000000107e+00 1.154456719312749513e+00 7.526988398181114981e+00 1.040517311411965906e+00 2.090982796587165904e+00
1.500000000000000000e+00 1.155487212338569769e+00 7.562402512471441796e+00 1.062376981714973967e+00 2.144492771644526119e+00
1.505000000000000115e+00 1.156520127133416675e+00 7.597425930681936279e+00 1.084586648507814388e+00 2.198738889392773288e+00
1.510000000000000009e+00 1.157555453202008700e+00 7.632140980521756823e+00 1.107152407533386285e+00 2.253724079099767241e+00
1.515000000000000124e+00 1.158593180032429393e+00 7.666626934504227719e+00 1.130080324540164938e+00 2.309451837480123615e+00
1.520000000000000018e+00 1.159633297095975069e+00 7.700964744256864947e+00 1.153376701132280635e+00 2.365926176741247389e+00
1.525000000000000133e+00 1.160675793847010029e+00 7.735232314475028126e+00 1.177047746060341016e+00 2.423151229811597585e+00
1.530000000000000027e+00 1.161720659722826676e+00 7.769506462969313354e+00 1.201099736977646826e+00 2.481131740474816993e+00
1.535000000000000142e+00 1.162767884143507846e+00 7.803864099734402870e+00 1.225539224847425945e+00 2.539873167102836504e+00
1.540000000000000036e+00 1.163817456511797577e+00 7.838379580586860129e+00 1.250372601298950892e+00 2.599381015035159948e+00
1.544999999999999929e+00 1.164869366212974766e+00 7.873126072114229324e+00 1.275606170694095987e+00 2.659660957464407005e+00
1.550000000000000044e+00 1.165923602614732379e+00 7.908174317093974892e+00 1.301246691496261709e+00 2.720719686211176214e+00
1.554999999999999938e+00 1.166980155067061542e+00 7.943594779488207358e+00 1.327300235358835678e+00 2.782562962997531031e+00
1.560000000000000053e+00 1.168039012902141183e+00 7.979455512108724058e+00 1.353773363506761918e+00 2.845197858305271499e+00
1.564999999999999947e+00 1.169100165434231231e+00 8.015822168055512620e+00 1.380672874934236072e+00 2.908631972436569235e+00
1.570000000000000062e+00 1.170163601959574473e+00 8.052760393523511695e+00 1.408004890329096259e+00 2.972872174577910975e+00
1.574999999999999956e+00 1.171229311756297298e+00 8.090331518566848956e+00 1.435775817538279320e+00 3.037925777188263954e+00
1.580000000000000071e+00 1.172297284084322211e+00 8.128597551599947124e+00 1.463992345544798290e+00 3.103801160791415992e+00
1.584999999999999964e+00 1.173367508185281460e+00 8.167616858347040321e+00 1.492660598527895344e+00 3.170505726478622943e+00
1.590000000000000080e+00 1.174439973282435989e+00 8.207447014566868759e+00 1.521787080907609280e+00 3.238047982490845023e+00
1.594999999999999973e+00 1.175514668580601496e+00 8.248142630713678258e+00 1.551377988754034654e+00 3.306435959993916818e+00
1.600000000000000089e+00 1.176591583266077601e+00 8.289758320180226292e+00 1.581439379474621765e+00 3.375677466896282564e+00
1.604999999999999982e+00 1.177670706506583453e+00 8.332344299606006643e+00 1.611977811544447192e+00 3.445781978689643310e+00
1.610000000000000098e+00 1.178752027451198003e+00 8.375951530390672417e+00 1.642998864229189504e+00 3.516756743748082226e+00
1.614999999999999991e+00 1.179835535230304933e+00 8.420626873333159068e+00 1.674509089150406638e+00 3.588611418339818115e+00
1.620000000000000107e+00 1.180921218955544472e+00 8.466417545409218093e+00 1.706513876817575381e+00 3.661353570796687773e+00
1.625000000000000000e+00 1.182009067719768769e+00 8.513367481994688291e+00 1.739019504722131515e+00 3.734992374689607431e+00
1.630000000000000115e+00 1.183099070597002811e+00 8.561518628627116101e+00 1.772031541444990310e+00 3.809536274961507818e+00
1.635000000000000009e+00 1.184191216642411337e+00 8.610913355040162642e+00 1.805555826479130710e+00 3.884993919168087118e+00
1.640000000000000124e+00 1.185285494892271307e+00 8.661589698220105049e+00 1.839597829320339439e+00 3.961373740553604250e+00
1.645000000000000018e+00 1.186381894363947032e+00 8.713585451498335743e+00 1.874162762539763438e+00 4.038683668463336041e+00
1.650000000000000133e+00 1.187480404055874628e+00 8.766936109637194718e+00 1.909256874220634170e+00 4.116933829667488887e+00
1.655000000000000027e+00 1.188581012947548476e+00 8.821676466054029220e+00 1.944884467209237355e+00 4.196130628138253549e+00
1.660000000000000142e+00 1.189683709999514560e+00 8.877838784615979861e+00 1.981051683918498396e+00 4.276284131162102931e+00
1.665000000000000036e+00 1.190788484153369131e+00 8.935453644104716986e+00 2.017762954392887220e+00 4.357401410026908728e+00
1.669999999999999929e+00 1.191895324331762041e+00 8.994551003392659894e+00 2.055023462010518553e+00 4.439490749521347368e+00
1.675000000000000044e+00 1.193004219438406732e+00 9.055158432140000713e+00 2.092838371717623325e+00 4.522560917349061071e+00
1.679999999999999938e+00 1.194115158358093565e+00 9.117301907389428806e+00 2.131212387397317443e+00 4.606619586475045658e+00
1.685000000000000053e+00 1.195228129956711127e+00 9.181006935042065109e+00 2.170150207781879725e+00 4.691674584588279906e+00
1.689999999999999947e+00 1.196343123081270665e+00 9.246296459881051533e+00 2.209656647752314296e+00 4.777733968874333215e+00
1.695000000000000062e+00 1.197460126559938276e+00 9.313192005760846826e+00 2.249736145299169543e+00 4.864805265832531589e+00
1.699999999999999956e+00 1.198579129202069993e+00 9.381715447273959896e+00 2.290393052374555705e+00 4.952895606653909155e+00
1.705000000000000071e+00 1.199700119798254416e+00 9.451885241455425302e+00 2.331632487456726910e+00 5.042014010804107826e+00
1.709999999999999964e+00 1.200823087120360011e+00 9.523718575510429218e+00 2.373457879475437515e+00 5.132166155811082930e+00
1.715000000000000080e+00 1.201948019921588173e+00 9.597233393364129839e+00 2.415874428062526835e+00 5.223360832920336705e+00
1.719999999999999973e+00 1.203074906936531852e+00 9.672443719498751591e+00 2.458885936067010558e+00 5.315604784633946700e+00
1.725000000000000089e+00 1.204203736881238829e+00 9.749365274420576100e+00 2.502497035059429109e+00 5.408905730238049436e+00
1.729999999999999982e+00 1.205334498453282777e+00 9.828008801865031785e+00 2.546711415696647052e+00 5.503269866559306500e+00
1.735000000000000098e+00 1.206467180331836975e+00 9.908387624974203334e+00 2.591533820342322603e+00 5.598705488091927585e+00
1.739999999999999991e+00 1.207601771177756689e+00 9.990511766997967058e+00 2.636968021520236682e+00 5.695218840265165561e+00
1.745000000000000107e+00 1.208738259633664436e+00 1.007439071294193589e+01 2.683018313375197916e+00 5.792817108300198470e+00
1.750000000000000000e+00 1.209876634324042799e+00 1.016003362089378115e+01 2.729689229596417466e+00 5.891508011001248768e+00
1.755000000000000115e+00 1.211016883855332349e+00 1.024744806960898558e+01 2.776984417434662955e+00 5.991297392916258957e+00
1.760000000000000009e+00 1.212158996816034451e+00 1.033663959976610336e+01 2.824908657642047682e+00 6.092193298706529703e+00
1.765000000000000124e+00 1.213302961776821398e+00 1.042761513881889890e+01 2.873465997891089696e+00 6.194202156432671913e+00
1.770000000000000018e+00 1.214448767290650766e+00 1.052037857769053986e+01 2.922660949343317771e+00 6.297331433497022068e+00
1.775000000000000133e+00 1.215596401892885980e+00 1.061493456267964675e+01 2.972497941243698705e+00 6.401588356945991265e+00
1.780000000000000027e+00 1.216745854101423552e+00 1.071128692694616724e+01 3.022981091092191264e+00 6.506978742578260366e+00
1.785000000000000142e+00 1.217897112416823635e+00 1.080943707470661153e+01 3.074115602631615207e+00 6.613511607999695840e+00
1.790000000000000036e+00 1.219050165322449919e+00 1.090938806032447772e+01 3.125905648189724495e+00 6.721192489481604859e+00
1.794999999999999929e+00 1.220205001284612623e+00 1.101114086305467765e+01 3.178356157564945494e+00 6.830029483552736203e+00
1.800000000000000044e+00 1.221361608752716377e+00 1.111469585909800628e+01 3.231472501543502407e+00 6.940030673944903583e+00
1.804999999999999938e+00 1.222519976159418986e+00 1.122005427033418812e+01 3.285259333854705588e+00 7.051202842056137676e+00
1.810000000000000053e+00 1.223680091920789526e+00 1.132721529679833061e+01 3.339721680137288207e+00 7.163552764391337035e+00
1.814999999999999947e+00 1.224841944436477315e+00 1.143617846282634964e+01 3.394865174515354411e+00 7.277089490143781703e+00
1.820000000000000062e+00 1.226005522089884225e+00 1.154694288234496646e+01 3.450695401499312531e+00 7.391820383446349396e+00
1.824999999999999956e+00 1.227170813248343206e+00 1.165950712746156803e+01 3.507217702630569534e+00 7.507753215664082269e+00
1.830000000000000071e+00 1.228337806263303689e+00 1.177386960943993621e+01 3.564438341499974072e+00 7.624896704693678195e+00
1.834999999999999964e+00 1.229506489470522324e+00 1.189002894871144278e+01 3.622362901769788035e+00 7.743258513470435034e+00
1.840000000000000080e+00 1.230676851190258825e+00 1.200798233253120806e+01 3.680997440663466236e+00 7.862846480844678965e+00
1.844999999999999973e+00 1.231848879727479362e+00 1.212772836323667569e+01 3.740348721162424006e+00 7.983670623999427285e+00
1.850000000000000089e+00 1.233022563372064173e+00 1.224926362439355287e+01 3.800423007086989102e+00 8.105738344048697641e+00
1.854999999999999982e+00 1.234197890399023168e+00 1.237258651301898382e+01 3.861227044925513052e+00 8.229059369783172428e+00
1.860000000000000098e+00 1.235374849068715752e+00 1.249769383773081444e+01 3.922768012984298558e+00 8.353642839528264474e+00
1.864999999999999991e+00 1.236553427627077095e+00 1.262458371797892909e+01 3.985052883827655101e+00 8.479497802111181315e+00
1.870000000000000107e+00 1.237733614305851271e+00 1.275325305364911443e+01 4.048088602363906219e+00 8.606633281412374714e+00
1.875000000000000000e+00 1.238915397322829737e+00 1.288369872938582894e+01 4.111882920160805810e+00 8.735059347067563706e+00
1.880000000000000115e+00 1.240098764882095139e+00 1.301591855422511301e+01 4.176443315526172206e+00 8.864785449692982766e+00
1.885000000000000009e+00 1.241283705174272667e+00 1.314990986789884886e+01 4.241777742196052969e+00 8.995822066490980262e+00
1.890000000000000124e+00 1.242470206376787178e+00 1.328567003819727610e+01 4.307894527352642555e+00 9.128179462035500791e+00
1.895000000000000018e+00 1.243658256654124994e+00 1.342319601629741044e+01 4.374801380987371147e+00 9.261867507406256195e+00
1.900000000000000133e+00 1.244847844158103012e+00 1.356248605885350500e+01 4.442506987902600457e+00 9.396897450797904838e+00
1.905000000000000027e+00 1.246038957028144711e+00 1.370353791273559629e+01 4.511020096466190843e+00 9.533280288505462607e+00
1.910000000000000142e+00 1.247231583391559262e+00 1.384634777429390340e+01 4.580348989230410339e+00 9.671026251188157730e+00
1.915000000000000036e+00 1.248425711363831514e+00 1.399091475692019415e+01 4.650502408234207685e+00 9.810146287459792447e+00
1.919999999999999929e+00 1.249621329048912655e+00 1.413723519743352064e+01 4.721490785274885305e+00 9.950654971478881450e+00
1.925000000000000044e+00 1.250818424539521745e+00 1.428530909090211587e+01 4.793322130016250959e+00 1.009256072339418076e+01
1.929999999999999938e+00 1.252016985917450365e+00 1.443513289404394584e+01 4.866005580339166414e+00 1.023587606651575221e+01
1.935000000000000053e+00 1.253217001253874363e+00 1.458670529715135267e+01 4.939552077078434245e+00 1.038061521240772933e+01
1.939999999999999947e+00 1.254418458609672937e+00 1.474002465874622203e+01 5.013971108410793853e+00 1.052679015352286740e+01
1.945000000000000062e+00 1.255621346035752151e+00 1.489508908272115661e+01 5.089271483859087120e+00 1.067441223476233780e+01
1.949999999999999956e+00 1.256825651573374891e+00 1.505189690000574387e+01 5.165463827946763509e+00 1.082349502918342488e+01
1.955000000000000071e+00 1.258031363254499713e+00 1.521044673034470307e+01 5.242559230725527541e+00 1.097405396916563447e+01
1.959999999999999964e+00 1.259238469102119673e+00 1.537073740666969179e+01 5.320566109002708544e+00 1.112609892703458314e+01
1.965000000000000080e+00 1.260446957130616275e+00 1.553276764354058237e+01 5.399497761993087508e+00 1.127964899222484441e+01
1.969999999999999973e+00 1.261656815346111182e+00 1.569653650666353961e+01 5.479363181941195649e+00 1.143471559891226441e+01
1.975000000000000089e+00 1.262868031746829489e+00 1.586204261489824319e+01 5.560172243371149570e+00 1.159131128645595865e+01
1.979999999999999982e+00 1.264080594323466533e+00 1.602928582400034330e+01 5.641938290502282349e+00 1.174945561744653588e+01
1.985000000000000098e+00 1.265294491059563597e+00 1.619826437580083223e+01 5.724671847544783532e+00 1.190916326596930830e+01
1.989999999999999991e+00 1.266509709931886274e+00 1.636897772932181283e+01 5.808382738268863754e+00 1.207044715918570432e+01
1.995000000000000107e+00 1.267726238910813485e+00 1.654142688986994258e+01 5.893084060299372595e+00 1.223332621629502626e+01
2.000000000000000000e+00 1.268944065960727619e+00 1.671561032493456977e+01 5.978787058459600345e+00 1.239781638569800570e+01
2.004999999999999893e+00 1.270163179040415979e+00 1.689152843256018244e+01 6.065503539971398794e+00 1.256393510513647804e+01
2.010000000000000231e+00 1.271383566103475360e+00 1.706918094431464894e+01 6.153245289570145715e+00 1.273169951863472171e+01
2.015000000000000124e+00 1.272605215098723486e+00 1.724857122356101513e+01 6.242024462093512582e+00 1.290112688447563549e+01
2.020000000000000018e+00 1.273828113970618237e+00 1.742969300243050768e+01 6.331853612673458365e+00 1.307223765850084085e+01
2.024999999999999911e+00 1.275052250659680864e+00 1.761255050269673461e+01 6.422744405926848366e+00 1.324504827979746402e+01
2.030000000000000249e+00 1.276277613102927866e+00 1.779714430064467834e+01 6.514710929738258827e+00 1.341958092558442672e+01
2.035000000000000142e+00 1.277504189234306420e+00 1.798347610564692900e+01 6.607765698179420610e+00 1.359585552830736077e+01
2.040000000000000036e+00 1.278731966985139357e+00 1.817154514874506077e+01 6.701921027155150590e+00 1.377389101581277586e+01
2.044999999999999929e+00 1.279960934284574359e+00 1.836135445857211934e+01 6.797191111702616695e+00 1.395371037984254414e+01
2.049999999999999822e+00 1.281191079060038929e+00 1.855290418334853442e+01 6.893587871583653381e+00 1.413533242471519813e+01
2.055000000000000160e+00 1.282422389237703575e+00 1.874619789466030539e+01 6.991126124462758717e+00 1.431878204910520225e+01
2.060000000000000053e+00 1.283654852742951435e+00 1.894123671832425160e+01 7.089819624096480588e+00 1.450408202767088461e+01
2.064999999999999947e+00 1.284888457500850345e+00 1.913802321868565670e+01 7.189682411445114774e+00 1.469125559404989190e+01
2.069999999999999840e+00 1.286123191436637780e+00 1.933656007358862539e+01 7.290726844481164370e+00 1.488032378950338952e+01
2.075000000000000178e+00 1.287359042476205584e+00 1.953685013983002605e+01 7.392969766508111995e+00 1.507131559810295229e+01
2.080000000000000071e+00 1.288595998546594679e+00 1.973889602326558546e+01 7.496425100334564995e+00 1.526425529199046949e+01
2.084999999999999964e+00 1.289834047576496001e+00 1.994270221790479880e+01 7.601107269533310173e+00 1.545916828200692450e+01
2.089999999999999858e+00 1.291073177496757207e+00 2.014827180186614797e+01 7.707030740333441265e+00 1.565607988677763096e+01
2.095000000000000195e+00 1.292313376240894485e+00 2.035560930915475453e+01 7.814210436533874038e+00 1.585501716396861838e+01
2.100000000000000089e+00 1.293554631745612582e+00 2.056471951754097560e+01 7.922663838479611087e+00 1.605601130892104678e+01
2.104999999999999982e+00 1.294796931951329721e+00 2.077560711946304295e+01 8.032404198812011842e+00 1.625908680535491158e+01
2.109999999999999876e+00 1.296040264802710951e+00 2.098827570585438096e+01 8.143448311799703632e+00 1.646427469593250237e+01
2.115000000000000213e+00 1.297284618249205046e+00 2.120273303450222357e+01 8.255812592098203950e+00 1.667160508639523187e+01
2.120000000000000107e+00 1.298529980245588522e+00 2.141898247177979542e+01 8.369512081191533781e+00 1.688110678688942912e+01
2.125000000000000000e+00 1.299776338752518745e+00 2.163703196033979737e+01 8.484564985440279372e+00 1.709281391869589939e+01
2.129999999999999893e+00 1.301023681737088600e+00 2.185688672265587229e+01 8.600984729304732568e+00 1.730675242883583920e+01
2.135000000000000231e+00 1.302271997173391371e+00 2.207855523013902044e+01 8.718791230502230150e+00 1.752295985546980361e+01
2.140000000000000124e+00 1.303521273043090511e+00 2.230204125874420029e+01 8.837999446213665067e+00 1.774146586413313287e+01
2.145000000000000018e+00 1.304771497335994956e+00 2.252735524069657913e+01 8.958627832645516875e+00 1.796230579546251960e+01
2.149999999999999911e+00 1.306022658050641327e+00 2.275450321555053534e+01 9.080692273621759014e+00 1.818551196152295546e+01
2.155000000000000249e+00 1.307274743194883682e+00 2.298349279325882577e+01 9.204209955322474102e+00 1.841111736424310408e+01
2.160000000000000142e+00 1.308527740786487481e+00 2.321433506189779195e+01 9.329200300621538489e+00 1.863916040074143865e+01
2.165000000000000036e+00 1.309781638853730668e+00 2.344703387937874339e+01 9.455679707767659536e+00 1.886967548102666825e+01
2.169999999999999929e+00 1.311036425436011399e+00 2.368160257334307417e+01 9.583666890548544259e+00 1.910269818835183742e+01
2.175000000000000266e+00 1.312292088584462002e+00 2.391804701422746149e+01 9.713179069692840173e+00 1.933826519071612537e+01
2.180000000000000160e+00 1.313548616362568033e+00 2.415637816588092335e+01 9.844235331948155476e+00 1.957641417165787701e+01
2.185000000000000053e+00 1.314805996846795111e+00 2.439660421176290583e+01 9.976852317835476214e+00 1.981718049887847499e+01
2.189999999999999947e+00 1.316064218127219965e+00 2.463873496342955249e+01 1.011104935719094478e+01 2.006060252552472889e+01
2.194999999999999840e+00 1.317323268308171258e+00 2.488278122872657505e+01 1.024684409633391446e+01 2.030671786125185463e+01
2.200000000000000178e+00 1.318583135508872406e+00 2.512875473577942032e+01 1.038425672056216698e+01 2.055556708222855633e+01
2.205000000000000071e+00 1.319843807864092611e+00 2.537666180638767344e+01 1.052330586441481941e+01 2.080719032002368962e+01
2.209999999999999964e+00 1.321105273524805224e+00 2.562651676210295193e+01 1.066400879543338220e+01 2.106162297347327694e+01
2.214999999999999858e+00 1.322367520658849438e+00 2.587832812722382414e+01 1.080638480661810696e+01 2.131890563125126548e+01
2.220000000000000195e+00 1.323630537451601530e+00 2.613210728515824854e+01 1.095045250503518730e+01 2.157907801337730191e+01
2.225000000000000089e+00 1.324894312106648098e+00 2.638786481481145074e+01 1.109623228442854170e+01 2.184218276340538623e+01
2.229999999999999982e+00 1.326158832846469293e+00 2.664561245889387564e+01 1.124374034554475266e+01 2.210825398430242927e+01
2.234999999999999876e+00 1.327424087913126938e+00 2.690536019714126326e+01 1.139299858406402777e+01 2.237733848983776497e+01
2.240000000000000213e+00 1.328690065568957523e+00 2.716711867078021214e+01 1.154402387646919692e+01 2.264947296379640918e+01
2.245000000000000107e+00 1.329956754097271210e+00 2.743090138948100432e+01 1.169683478070465910e+01 2.292469635543508488e+01
2.250000000000000000e+00 1.331224141803060590e+00 2.769671923539412717e+01 1.185145259293119047e+01 2.320305369474316137e+01
2.254999999999999893e+00 1.332492217013710345e+00 2.796458066469368120e+01 1.200789430586545414e+01 2.348458245491524821e+01
2.260000000000000231e+00 1.333760968079716003e+00 2.823450130761197130e+01 1.216617962501578276e+01 2.376932390674109641e+01
2.265000000000000124e+00 1.335030383375409135e+00 2.850648953899307969e+01 1.232632587789958656e+01 2.405731680172007358e+01
2.270000000000000018e+00 1.336300451299685221e+00 2.878055585206990230e+01 1.248835215094362994e+01 2.434860135151059879e+01
2.274999999999999911e+00 1.337571160276742388e+00 2.905671573118775797e+01 1.265227873256404045e+01 2.464322054173186771e+01
2.280000000000000249e+00 1.338842498756821042e+00 2.933497664679546801e+01 1.281812178826621285e+01 2.494121020885509310e+01
2.285000000000000142e+00 1.340114455216953049e+00 2.961535157433551291e+01 1.298590154808792541e+01 2.524261371053815139e+01
2.290000000000000036e+00 1.341387018161716460e+00 2.989785285546751226e+01 1.315563537968271035e+01 2.554746826340215193e+01
2.294999999999999929e+00 1.342660176123993576e+00 3.018248912679699103e+01 1.332734135831245581e+01 2.585581301457608205e+01
2.300000000000000266e+00 1.343933917665737443e+00 3.046927324542720683e+01 1.350103733482278479e+01 2.616768656538262761e+01
2.305000000000000160e+00 1.345208231378743458e+00 3.075821609829926118e+01 1.367674209382436246e+01 2.648312848869000291e+01
2.310000000000000053e+00 1.346483105885426967e+00 3.104932796033287801e+01 1.385447165231285638e+01 2.680217406532990410e+01
2.314999999999999947e+00 1.347758529839606201e+00 3.134262168388816860e+01 1.403424552708287898e+01 2.712486390339643094e+01
2.319999999999999840e+00 1.349034491927291413e+00 3.163810711027013767e+01 1.421607990785652831e+01 2.745123351139693213e+01
2.325000000000000178e+00 1.350310980867478472e+00 3.193579657780242442e+01 1.439999132268768101e+01 2.778131807166349532e+01
2.330000000000000071e+00 1.351587985412951776e+00 3.223569766843087336e+01 1.458599552815120326e+01 2.811515126420555433e+01
2.334999999999999964e+00 1.352865494351088493e+00 3.253782199860208380e+01 1.477411237837770841e+01 2.845277466728836302e+01
2.339999999999999858e+00 1.354143496504671029e+00 3.284218256828881977e+01 1.496435413447718865e+01 2.879421451362403772e+01
2.345000000000000195e+00 1.355421980732705700e+00 3.314878911606599843e+01 1.515674194689408516e+01 2.913951483577350743e+01
2.350000000000000089e+00 1.356700935931243857e+00 3.345765054018708184e+01 1.535128553421942854e+01 2.948869629172045492e+01
2.354999999999999982e+00 1.357980351034212774e+00 3.376877939654691119e+01 1.554800539548119787e+01 2.984180114063186195e+01
2.359999999999999876e+00 1.359260215014249207e+00 3.408218402713994521e+01 1.574691453193882040e+01 3.019885689488204150e+01
2.365000000000000213e+00 1.360540516883539608e+00 3.439787643947977358e+01 1.594802816342872553e+01 3.055989372141780791e+01
2.370000000000000107e+00 1.361821245694665894e+00 3.471586552875908183e+01 1.615135968186546123e+01 3.092494016018299163e+01
2.375000000000000000e+00 1.363102390541456321e+00 3.503616182415600377e+01 1.635692541191307825e+01 3.129402824252613158e+01
2.379999999999999893e+00 1.364383940559842134e+00 3.535877727433295092e+01 1.656473785823245493e+01 3.166718360807005084e+01
2.385000000000000231e+00 1.365665884928720875e+00 3.568371920532434416e+01 1.677481118585809128e+01 3.204443437604214751e+01
2.390000000000000124e+00 1.366948212870820356e+00 3.601099734432543897e+01 1.698715700234331294e+01 3.242580357673157465e+01
2.395000000000000018e+00 1.368230913653576408e+00 3.634062383188430090e+01 1.720179046106137477e+01 3.281132012973088052e+01
2.399999999999999911e+00 1.369513976590007287e+00 3.667260707880895865e+01 1.741872282652980886e+01 3.320100569236665677e+01
2.405000000000000249e+00 1.370797391039600077e+00 3.700695703506185197e+01 1.763796707255442797e+01 3.359488519475733881e+01
2.410000000000000142e+00 1.372081146409197538e+00 3.734368414837654626e+01 1.785953313959314670e+01 3.399297751365865139e+01
2.415000000000000036e+00 1.373365232153893167e+00 3.768279632690662595e+01 1.808343306879902102e+01 3.439530376374376885e+01
2.419999999999999929e+00 1.374649637777930256e+00 3.802430450315890909e+01 1.830967661467267149e+01 3.480188212412377169e+01
2.425000000000000266e+00 1.375934352835608943e+00 3.836821710208006664e+01 1.853827603648916877e+01 3.521273474431708195e+01
2.430000000000000160e+00 1.377219366932191491e+00 3.871454280658267777e+01 1.876924026207181129e+01 3.562787723067240364e+01
2.435000000000000053e+00 1.378504669724822440e+00 3.906329389409682307e+01 1.900258029578579055e+01 3.604732676183334661e+01
2.439999999999999947e+00 1.379790250923445205e+00 3.941447633072719725e+01 1.923830243331618917e+01 3.647109504069386787e+01
2.444999999999999840e+00 1.381076100291728892e+00 3.976810108837584323e+01 1.947641556442515309e+01 3.689919532538200997e+01
2.450000000000000178e+00 1.382362207647998886e+00 4.012417709090354379e+01 1.971693111345103588e+01 3.733164635443576174e+01
2.455000000000000071e+00 1.383648562866170106e+00 4.048271097522739836e+01 1.995985325896926099e+01 3.776845330827750757e+01
2.459999999999999964e+00 1.384935155876690471e+00 4.084371456020149083e+01 2.020519018135841804e+01 3.820962644382804285e+01
2.464999999999999858e+00 1.386221976667483702e+00 4.120719410887430456e+01 2.045294920678928108e+01 3.865517828084504259e+01
2.470000000000000195e+00 1.387509015284901448e+00 4.157316043547899653e+01 2.070313462306326713e+01 3.910511154129970635e+01
2.475000000000000089e+00 1.388796261834676082e+00 4.194161786039729378e+01 2.095575391336061699e+01 3.955943605473059677e+01
2.479999999999999982e+00 1.390083706482882597e+00 4.231258024720002453e+01 2.121081524926356110e+01 4.001816268936665466e+01
2.484999999999999876e+00 1.391371339456903167e+00 4.268605408261062450e+01 2.146831772050520826e+01 4.048128400906283986e+01
2.490000000000000213e+00 1.392659151046396371e+00 4.306204453886852690e+01 2.172826662657606889e+01 4.094880658129492446e+01
2.495000000000000107e+00 1.393947131604270639e+00 4.344055693872347490e+01 2.199066695352495415e+01 4.142073341055438362e+01
2.500000000000000000e+00 1.395235271547664579e+00 4.382160741034497420e+01 2.225552295500107292e+01 4.189706566185941483e+01
2.504999999999999893e+00 1.396523561358930632e+00 4.420519668856869799e+01 2.252283427006125649e+01 4.237779761914441679e+01
2.510000000000000231e+00 1.397811991586621838e+00 4.459133385320797771e+01 2.279260627823787289e+01 4.286293351352298231e+01
2.515000000000000124e+00 1.399100552846486600e+00 4.498002466619264794e+01 2.306483596600054398e+01 4.335246311652740303e+01
2.520000000000000018e+00 1.400389235822465217e+00 4.537127939012665223e+01 2.333953182586766673e+01 4.384639234278471775e+01
2.524999999999999911e+00 1.401678031267691527e+00 4.576510015199988146e+01 2.361668491516904922e+01 4.434469958262815936e+01
2.530000000000000249e+00 1.402966930005501656e+00 4.616149302962193701e+01 2.389630249431005993e+01 4.484739137271233744e+01
2.535000000000000142e+00 1.404255922930439437e+00 4.656046412040551985e+01 2.417837981809007175e+01 4.535445260857319738e+01
2.540000000000000036e+00 1.405545001009279815e+00 4.696202337207940047e+01 2.446292041288586816e+01 4.586588045970435701e+01
2.544999999999999929e+00 1.406834155282040921e+00 4.736617334547058533e+01 2.474991822984541301e+01 4.638165780541129379e+01
2.550000000000000266e+00 1.408123376863012810e+00 4.777291338930594833e+01 2.503936927689471403e+01 4.690177208459155622e+01
2.555000000000000160e+00 1.409412656941783526e+00 4.818225649364772067e+01 2.533127646142981604e+01 4.742621646718797734e+01
2.560000000000000053e+00 1.410701986784272943e+00 4.859420316630216519e+01 2.562563607709564550e+01 4.795498047786510654e+01
2.564999999999999947e+00 1.411991357733769048e+00 4.900875164506545190e+01 2.592243799944886362e+01 4.848803561733272716e+01
2.569999999999999840e+00 1.413280761211968217e+00 4.942591605130839127e+01 2.622168549616013067e+01 4.902537979388361578e+01
2.575000000000000178e+00 1.414570188720020605e+00 4.984568831308838099e+01 2.652336628896588522e+01 4.956698566274045703e+01
2.580000000000000071e+00 1.415859631839580635e+00 5.026807902419579932e+01 2.682748094573471676e+01 5.011284161648453050e+01
2.584999999999999964e+00 1.417149082233858159e+00 5.069308657495605530e+01 2.713402229683566347e+01 5.066293006225432549e+01
2.589999999999999858e+00 1.418438531648677170e+00 5.112070774492602965e+01 2.744298217807927998e+01 5.121722733168513741e+01
2.595000000000000195e+00 1.419727971913536280e+00 5.155095251168717851e+01 2.775435198075199494e+01 5.177570837718711516e+01
2.600000000000000089e+00 1.421017394942674095e+00 5.198381500715736081e+01 2.806813008422522415e+01 5.233836494336281930e+01
2.604999999999999982e+00 1.422306792736138581e+00 5.241929973032476653e+01 2.838430463291582129e+01 5.290516389676331244e+01
2.609999999999999876e+00 1.423596157380858207e+00 5.285740242433347902e+01 2.870286937339411182e+01 5.347608770882163043e+01
2.615000000000000213e+00 1.424885481051721747e+00 5.329812286359138795e+01 2.902381077116679009e+01 5.405110359035823109e+01
2.620000000000000107e+00 1.426174756012655642e+00 5.374145892087680210e+01 2.934712196393240546e+01 5.463019181929422530e+01
2.625000000000000000e+00 1.427463974617710019e+00 5.418740864249384970e+01 2.967279573983715579e+01 5.521333117976855931e+01
2.629999999999999893e+00 1.428753129312145598e+00 5.463597026636691112e+01 3.000081641042273972e+01 5.580048472374650714e+01
2.635000000000000231e+00 1.430042212633526821e+00 5.508714259832586890e+01 3.033117966120093811e+01 5.639163540143686504e+01
2.640000000000000124e+00 1.431331217212814755e+00 5.554091316852753835e+01 3.066386963566520052e+01 5.698675118841011766e+01
2.645000000000000018e+00 1.432620135775467096e+00 5.599728614044870767e+01 3.099887488267368596e+01 5.758580060372866427e+01
2.649999999999999911e+00 1.433908961142540850e+00 5.645624926642965846e+01 3.133617192871914625e+01 5.818873002675818640e+01
2.655000000000000249e+00 1.435197686231796554e+00 5.691780423748917173e+01 3.167577165183626420e+01 5.879556013559209759e+01
2.660000000000000142e+00 1.436486304058808727e+00 5.738194397334161323e+01 3.201765144094589743e+01 5.940623671488751967e+01
2.665000000000000036e+00 1.437774807738079197e+00 5.784865914548127108e+01 3.236179762830767004e+01 6.002072986376330732e+01
2.669999999999999929e+00 1.439063190484150212e+00 5.831794235537463322e+01 3.270819623253039055e+01 6.063900697352111990e+01
2.675000000000000266e+00 1.440351445612727099e+00 5.878978516414024824e+01 3.305683262546007484e+01 6.126103486285889232e+01
2.680000000000000160e+00 1.441639566541798700e+00 5.926417901243065245e+01 3.340769109721593111e+01 6.188677844276782736e+01
2.685000000000000053e+00 1.442927546792763360e+00 5.974111757028086345e+01 3.376076115622650065e+01 6.251621079064697994e+01
2.689999999999999947e+00 1.444215379991559578e+00 6.022058887494756618e+01 3.411602496871139323e+01 6.314929415947266023e+01
2.694999999999999840e+00 1.445503059869796658e+00 6.070258108868697633e+01 3.447346830873028267e+01 6.378599639079642714e+01
2.700000000000000178e+00 1.446790580265890691e+00 6.118708612413562520e+01 3.483307366819776263e+01 6.442627864615093358e+01
2.705000000000000071e+00 1.448077935126202975e+00 6.167409226020862434e+01 3.519483043172025560e+01 6.507011605656198583e+01
2.709999999999999964e+00 1.449365118506182437e+00 6.216358803675797162e+01 3.555871852941390898e+01 6.571746673128072302e+01
2.714999999999999858e+00 1.450652124571508272e+00 6.265556100588374022e+01 3.592472584569951266e+01 6.636830095226568460e+01
2.720000000000000195e+00 1.451938947599239915e+00 6.314999346163926930e+01 3.629282897241306216e+01 6.702257502543980650e+01
2.725000000000000089e+00 1.453225581978965009e+00 6.364688064327952333e+01 3.666301727793670295e+01 6.768025732195926025e+01
2.729999999999999982e+00 1.454512022213955591e+00 6.414620116503564873e+01 3.703526907230724419e+01 6.834130830326961359e+01
2.734999999999999876e+00 1.455798262922322506e+00 6.464794295104212551e+01 3.740957466797208042e+01 6.900570407111257509e+01
2.740000000000000213e+00 1.457084298838174696e+00 6.515209477373954883e+01 3.778591502870071395e+01 6.967340219204895391e+01
2.745000000000000107e+00 1.458370124812782276e+00 6.565863792565956203e+01 3.816426783580104143e+01 7.034436061175225063e+01
2.750000000000000000e+00 1.459655735815740485e+00 6.616755406753466673e+01 3.854462322535314200e+01 7.101855454640774212e+01
2.754999999999999893e+00 1.460941126936137202e+00 6.667883124560364649e+01 3.892695565487025533e+01 7.169593049543175312e+01
2.760000000000000231e+00 1.462226293383724007e+00 6.719245458459911902e+01 3.931125629299722135e+01 7.237647236411739016e+01
2.765000000000000124e+00 1.463511230490086357e+00 6.770840103795976006e+01 3.969750308727193300e+01 7.306013098610237932e+01
2.770000000000000018e+00 1.464795933709824194e+00 6.822665879108794229e+01 4.008568225122018447e+01 7.374687680439346593e+01
2.774999999999999911e+00 1.466080398621724123e+00 6.874720788651922021e+01 4.047577223824259818e+01 7.443666794797877628e+01
2.780000000000000249e+00 1.467364620929943797e+00 6.927002956576563975e+01 4.086775990750844301e+01 7.512947415848937283e+01
2.785000000000000142e+00 1.468648596465194744e+00 6.979510701545510187e+01 4.126162340342456503e+01 7.582524975512673393e+01
2.790000000000000036e+00 1.469932321185927426e+00 7.032242050032056113e+01 4.165734416479114088e+01 7.652396054326410990e+01
2.794999999999999929e+00 1.471215791179520282e+00 7.085195254574469459e+01 4.205491320223983109e+01 7.722558191959066676e+01
2.800000000000000266e+00 1.472499002663467449e+00 7.138368396419679129e+01 4.245430566076349521e+01 7.793006556809385188e+01
2.805000000000000160e+00 1.473781951986576466e+00 7.191759605490624097e+01 4.285551127591671872e+01 7.863738711187859565e+01
2.810000000000000053e+00 1.475064635630160437e+00 7.245366412575226889e+01 4.325850227408894000e+01 7.934749347357266913e+01
2.814999999999999947e+00 1.476347050209237288e+00 7.299187745073477629e+01 4.366327041368886341e+01 8.006036140609413110e+01
2.819999999999999840e+00 1.477629192473728592e+00 7.353220670233612566e+01 4.406979914567032353e+01 8.077595855845230233e+01
2.825000000000000178e+00 1.478911059309663267e+00 7.407463700484912295e+01 4.447806847828140775e+01 8.149424278746604955e+01
2.830000000000000071e+00 1.480192647740382617e+00 7.461914635437760523e+01 4.488805858103212643e+01 8.221517411024674971e+01
2.834999999999999964e+00 1.481473954927746250e+00 7.516571659434235642e+01 4.529976253052080892e+01 8.293873349353114577e+01
2.839999999999999858e+00 1.482754978173340454e+00 7.571432492920179413e+01 4.571315488527299919e+01 8.366487239271069143e+01
2.845000000000000195e+00 1.484035714919693882e+00 7.626494759594270079e+01 4.612821871509447647e+01 8.439355299763472829e+01
2.850000000000000089e+00 1.485316162751484814e+00 7.681756965653576685e+01 4.654494203745264969e+01 8.512474856991943284e+01
2.854999999999999982e+00 1.486596319396762178e+00 7.737217084919151944e+01 4.696331371137443256e+01 8.585843016850650145e+01
2.859999999999999876e+00 1.487876182728162133e+00 7.792872446895728444e+01 4.738331080770537085e+01 8.659455758553993121e+01
2.865000000000000213e+00 1.489155750764126207e+00 7.848721217788670401e+01 4.780491750246061144e+01 8.733309258288880983e+01
2.870000000000000107e+00 1.490435021670126092e+00 7.904760736898789730e+01 4.822811885021596368e+01 8.807400465077655838e+01
2.875000000000000000e+00 1.491713993759884893e+00 7.960989691350792441e+01 4.865289734661616450e+01 8.881725300857344507e+01
2.879999999999999893e+00 1.492992665496607696e+00 8.017405959957483219e+01 4.907924994244559258e+01 8.956282780915290687e+01
2.885000000000000231e+00 1.494271035494205480e+00 8.074006762838817508e+01 4.950714585456486105e+01 9.031067036419693750e+01
2.890000000000000124e+00 1.495549102518527240e+00 8.130790620478320818e+01 4.993657506155976478e+01 9.106074959597192731e+01
2.895000000000000018e+00 1.496826865488593894e+00 8.187754600117550297e+01 5.036752482662272712e+01 9.181304473024006541e+01
2.899999999999999911e+00 1.498104323477830180e+00 8.244897237453044170e+01 5.079997945954808358e+01 9.256751587216561461e+01
2.905000000000000249e+00 1.499381475715303225e+00 8.302215935705508798e+01 5.123392345847523188e+01 9.332412964715337012e+01
2.910000000000000142e+00 1.500658321586958444e+00 8.359709278344207917e+01 5.166934080248562111e+01 9.408284895351394539e+01
2.915000000000000036e+00 1.501934860636862323e+00 8.417373839760770693e+01 5.210622066389262130e+01 9.484365316325545336e+01
2.919999999999999929e+00 1.503211092568443430e+00 8.475208734594244220e+01 5.254454508098453402e+01 9.560649715310398733e+01
2.925000000000000266e+00 1.504487017245737190e+00 8.533210633795677325e+01 5.298430220285840164e+01 9.637135707407676932e+01
2.930000000000000160e+00 1.505762634694630231e+00 8.591378916669482635e+01 5.342548140245376231e+01 9.713820345866717787e+01
2.935000000000000053e+00 1.507037945104112264e+00 8.649710230146359891e+01 5.386806051493735481e+01 9.790699043640060495e+01
2.939999999999999947e+00 1.508312948827522426e+00 8.708202548927066289e+01 5.431202978033885387e+01 9.867769504355797494e+01
2.944999999999999840e+00 1.509587646383803383e+00 8.766853790337015084e+01 5.475737417826305631e+01 9.945028221784818356e+01
2.950000000000000178e+00 1.510862038458753664e+00 8.825661693061871915e+01 5.520407819504648472e+01 1.002247163980866418e+02
2.955000000000000071e+00 1.512136125906285322e+00 8.884624207897437032e+01 5.565213088567417543e+01 1.010009717048392446e+02
2.959999999999999964e+00 1.513409909749681370e+00 8.943739642926493616e+01 5.610151993156752326e+01 1.017790177273077177e+02
2.964999999999999858e+00 1.514683391182853445e+00 9.003005726139581100e+01 5.655223296430747126e+01 1.025588215619578989e+02
2.970000000000000195e+00 1.515956571571605682e+00 9.062419369015509574e+01 5.700424955207648736e+01 1.033403461641179746e+02
2.975000000000000089e+00 1.517229452454897709e+00 9.121979526391977799e+01 5.745755978497304284e+01 1.041235612263912600e+02
2.979999999999999982e+00 1.518502035546109630e+00 9.181682988595716211e+01 5.791214651602114571e+01 1.049084307065730002e+02
2.984999999999999876e+00 1.519774322734309235e+00 9.241527975157603692e+01 5.836800107235950463e+01 1.056949333598128646e+02
2.990000000000000213e+00 1.521046316085523209e+00 9.301513186368761410e+01 5.882510760294248797e+01 1.064830281278218678e+02
2.995000000000000107e+00 1.522318017844006111e+00 9.361635439634667932e+01 5.928345301185441940e+01 1.072726867141333571e+02
3.000000000000000000e+00 1.523589430433515579e+00 9.421891899075028221e+01 5.974302287108078957e+01 1.080638817903041797e+02
3.004999999999999893e+00 1.524860556458587313e+00 9.482282087321888753e+01 6.020380492266099992e+01 1.088565741240180103e+02
3.010000000000000231e+00 1.526131398705811604e+00 9.542803045287843133e+01 6.066578464992228703e+01 1.096507352011440162e+02
3.015000000000000124e+00 1.527401960145112314e+00 9.603452062017224478e+01 6.112894142337113834e+01 1.104463224232084286e+02
3.020000000000000018e+00 1.528672243931031183e+00 9.664228283461699220e+01 6.159327784851487309e+01 1.112433309627506901e+02
3.024999999999999911e+00 1.529942253404009023e+00 9.725127456831256723e+01 6.205876347631561174e+01 1.120417018544804790e+02
3.030000000000000249e+00 1.531211992091669805e+00 9.786149415162921628e+01 6.252539520564838682e+01 1.128414194538631392e+02
3.035000000000000142e+00 1.532481463710112957e+00 9.847290528922185615e+01 6.299315178600233622e+01 1.136424417379514722e+02
3.040000000000000036e+00 1.533750672165198337e+00 9.908549033854133370e+01 6.346202549138049420e+01 1.144447490141672148e+02
3.044999999999999929e+00 1.535019621553841640e+00 9.969923260552823763e+01 6.393199743944621360e+01 1.152482952670797687e+02
3.050000000000000266e+00 1.536288316165307810e+00 1.003140953478414161e+02 6.440305142562073115e+01 1.160530552742781509e+02
3.055000000000000160e+00 1.537556760482504448e+00 1.009300738760429255e+02 6.487518245449656717e+01 1.168590032059052675e+02
3.060000000000000053e+00 1.538824959183287211e+00 1.015471357426454801e+02 6.534836813543557810e+01 1.176661013931587547e+02
3.064999999999999947e+00 1.540092917141751672e+00 1.021652592943906512e+02 6.582259456476251103e+01 1.184743146240279543e+02
3.070000000000000284e+00 1.541360639429545376e+00 1.027844219957848253e+02 6.629785188333552526e+01 1.192836202806712862e+02
3.075000000000000178e+00 1.542628131317168361e+00 1.034046000392759765e+02 6.677412217446531884e+01 1.200939852641668750e+02
3.080000000000000071e+00 1.543895398275281439e+00 1.040257744970506621e+02 6.725138519377020430e+01 1.209053620000401423e+02
3.084999999999999964e+00 1.545162445976019150e+00 1.046479255506170603e+02 6.772964112322384267e+01 1.217177488469802569e+02
3.089999999999999858e+00 1.546429280294300046e+00 1.052710220067047970e+02 6.820886196808835678e+01 1.225310922248913243e+02
3.095000000000000195e+00 1.547695907309144969e+00 1.058950402690879287e+02 6.868903577817108896e+01 1.233453684914498041e+02
3.100000000000000089e+00 1.548962333304992001e+00 1.065199709834989221e+02 6.917015317454031731e+01 1.241605493523034909e+02
3.104999999999999982e+00 1.550228564773019402e+00 1.071457783845948626e+02 6.965219433851036968e+01 1.249766011285970819e+02
3.109999999999999876e+00 1.551494608412467890e+00 1.077724403778047133e+02 7.013513805394634915e+01 1.257934845188763688e+02
3.115000000000000213e+00 1.552760471131968911e+00 1.083999399102198993e+02 7.061897981028454296e+01 1.266111842853926959e+02
3.120000000000000107e+00 1.554026160050869576e+00 1.090282548326422187e+02 7.110370248978144048e+01 1.274296644099917160e+02
3.125000000000000000e+00 1.555291682500568706e+00 1.096573571011269905e+02 7.158928633007988651e+01 1.282488911572745280e+02
3.129999999999999893e+00 1.556557046025848434e+00 1.102872246655195028e+02 7.207571452144050284e+01 1.290688309241491538e+02
3.135000000000000231e+00 1.557822258386214909e+00 1.109178325595295433e+02 7.256297699242455224e+01 1.298894659347343747e+02
3.140000000000000124e+00 1.559087327557234559e+00 1.115491637583795779e+02 7.305105135484477330e+01 1.307107500245595304e+02
3.145000000000000018e+00 1.560352261731882795e+00 1.121811896933042760e+02 7.353993230388223878e+01 1.315326795080411273e+02
3.149999999999999911e+00 1.561617069321888263e+00 1.128138928343104936e+02 7.402959283435143334e+01 1.323551937456786618e+02
3.155000000000000249e+00 1.562881758959084433e+00 1.134472459778060909e+02 7.452002580072415583e+01 1.331782899308279866e+02
3.160000000000000142e+00 1.564146339496760740e+00 1.140812251668993298e+02 7.501121056190498848e+01 1.340019263161050560e+02
3.165000000000000036e+00 1.565410820011023496e+00 1.147158135947944828e+02 7.550313469607330319e+01 1.348260776681989057e+02
3.169999999999999929e+00 1.566675209802153468e+00 1.153509830533246259e+02 7.599578182614369837e+01 1.356507193876129520e+02
3.175000000000000266e+00 1.567939518395971676e+00 1.159867103662579808e+02 7.648912903464946567e+01 1.364758115656912878e+02
3.180000000000000160e+00 1.569203755545205192e+00 1.166229767716095864e+02 7.698316983655129775e+01 1.373013372736361930e+02
3.185000000000000053e+00 1.570467931230861369e+00 1.172597578789995367e+02 7.747788168217255134e+01 1.381272627058202147e+02
3.189999999999999947e+00 1.571732055663601191e+00 1.178970335884979193e+02 7.797325894357919651e+01 1.389535764755707987e+02
3.195000000000000284e+00 1.572996139285118833e+00 1.185347734461873017e+02 7.846926601785379773e+01 1.397802174501908610e+02
3.200000000000000178e+00 1.574260192769525224e+00 1.191729579136117820e+02 7.896590287308237066e+01 1.406071901506908546e+02
3.205000000000000071e+00 1.575524227024737378e+00 1.198115684585323351e+02 7.946315229437944083e+01 1.414344663321619180e+02
3.209999999999999964e+00 1.576788253193867284e+00 1.204505807087848979e+02 7.996099024922608578e+01 1.422619995169302456e+02
3.214999999999999858e+00 1.578052282656617233e+00 1.210899771398488696e+02 8.045940986729048916e+01 1.430897835811316554e+02
3.220000000000000195e+00 1.579316327030685141e+00 1.217297212436193092e+02 8.095838258399913911e+01 1.439177751180507414e+02
3.225000000000000089e+00 1.580580398173165202e+00 1.223698088212257886e+02 8.145790724246911907e+01 1.447459676725430597e+02
3.229999999999999982e+00 1.581844508181959430e+00 1.230102081301327672e+02 8.195795975807304501e+01 1.455743284491021257e+02
3.234999999999999876e+00 1.583108669397191415e+00 1.236508973106775926e+02 8.245852644930238284e+01 1.464028337601899636e+02
3.240000000000000213e+00 1.584372894402625409e+00 1.242918584185923265e+02 8.295958591168556495e+01 1.472314489598725515e+02
3.245000000000000107e+00 1.585637196027092743e+00 1.249330648441857079e+02 8.346112838150904167e+01 1.480601655430372432e+02
3.250000000000000000e+00 1.586901587345919129e+00 1.255744995294711686e+02 8.396313840992500843e+01 1.488889612264350149e+02
3.254999999999999893e+00 1.588166081682362174e+00 1.262161402640676187e+02 8.446559497058625254e+01 1.497177960433182875e+02
3.260000000000000231e+00 1.589430692609048013e+00 1.268579626829368436e+02 8.496847969367701126e+01 1.505466459010464462e+02
3.265000000000000124e+00 1.590695433949419924e+00 1.274999559420474213e+02 8.547179245564950634e+01 1.513755183899646681e+02
3.270000000000000018e+00 1.591960319779189614e+00 1.281420924554057592e+02 8.597550323312934495e+01 1.522043625345643250e+02
3.274999999999999911e+00 1.593225364427793389e+00 1.287843476070757731e+02 8.647959631703130867e+01 1.530331576182442745e+02
3.280000000000000249e+00 1.594490582479856755e+00 1.294267040169658287e+02 8.698406131003466157e+01 1.538618936990597774e+02
3.285000000000000142e+00 1.595755988776664358e+00 1.300691474052883052e+02 8.748888353430369591e+01 1.546905476764480341e+02
3.290000000000000036e+00 1.597021598417631694e+00 1.307116488066399995e+02 8.799404483488825690e+01 1.555190969768567584e+02
3.294999999999999929e+00 1.598287426761794583e+00 1.313541946135802050e+02 8.849953055135166835e+01 1.563475178836901591e+02
3.300000000000000266e+00 1.599553489429289543e+00 1.319967653215402663e+02 8.900532311187515688e+01 1.571757873666476542e+02
3.305000000000000160e+00 1.600819802302856587e+00 1.326393414718795327e+02 8.951140832028153227e+01 1.580038856778551235e+02
3.310000000000000053e+00 1.602086381529337800e+00 1.332819000567331784e+02 9.001777248928685538e+01 1.588318002612533064e+02
3.314999999999999947e+00 1.603353243521186133e+00 1.339244250339939413e+02 9.052440278254157136e+01 1.596595126636921123e+02
3.320000000000000284e+00 1.604620404957985969e+00 1.345668924853734438e+02 9.103127287745891749e+01 1.604869882933900840e+02
3.325000000000000178e+00 1.605887882787973897e+00 1.352092994737955678e+02 9.153838161658077865e+01 1.613142163950142560e+02
3.330000000000000071e+00 1.607155694229572163e+00 1.358516125047194123e+02 9.204570930001727902e+01 1.621411860763173820e+02
3.334999999999999964e+00 1.608423856772927873e+00 1.364938172061736168e+02 9.255323573565955542e+01 1.629678639293207141e+02
3.339999999999999858e+00 1.609692388181460876e+00 1.371359043453268214e+02 9.306095920180845837e+01 1.637942483885125853e+02
3.345000000000000195e+00 1.610961306493419842e+00 1.377778431349870232e+02 9.356884875291973458e+01 1.646203061567767918e+02
3.350000000000000089e+00 1.612230630023444355e+00 1.384196271796539577e+02 9.407690123457362574e+01 1.654460242993092152e+02
3.354999999999999982e+00 1.613500377364142535e+00 1.390612329967447351e+02 9.458509143328313939e+01 1.662713739001215743e+02
3.359999999999999876e+00 1.614770567387667999e+00 1.397026524509948899e+02 9.509342367484508429e+01 1.670963688779272047e+02
3.365000000000000213e+00 1.616041219247312144e+00 1.403438575507227881e+02 9.560186453302164011e+01 1.679209622963022071e+02
3.370000000000000107e+00 1.617312352379102647e+00 1.409848464971201167e+02 9.611041364606001025e+01 1.687451483565650392e+02
3.375000000000000000e+00 1.618583986503417060e+00 1.416255923260467000e+02 9.661904925798894794e+01 1.695689092401651692e+02
3.379999999999999893e+00 1.619856141626595081e+00 1.422660773243669610e+02 9.712775268055708011e+01 1.703922185096476767e+02
3.385000000000000231e+00 1.621128838042573905e+00 1.429062980733736481e+02 9.763652570935641961e+01 1.712150805789229651e+02
3.390000000000000124e+00 1.622402096334521149e+00 1.435462377659662536e+02 9.814534416390962690e+01 1.720374593885818797e+02
3.395000000000000018e+00 1.623675937376488410e+00 1.441858714394525691e+02 9.865419336400991313e+01 1.728593497471017031e+02
3.399999999999999911e+00 1.624950382335069499e+00 1.448251978813472931e+02 9.916307041139647538e+01 1.736807383927275339e+02
3.405000000000000249e+00 1.626225452671069327e+00 1.454641961652337159e+02 9.967194843840667318e+01 1.745015920960065046e+02
3.410000000000000142e+00 1.627501170141188780e+00 1.461028531771906955e+02 1.001808251444622755e+02 1.753219141201402067e+02
3.415000000000000036e+00 1.628777556799715365e+00 1.467411580939666180e+02 1.006896807881515343e+02 1.761416769474360251e+02
3.419999999999999929e+00 1.630054635000228513e+00 1.473790936058666148e+02 1.011985077508017241e+02 1.769608801439029833e+02
3.425000000000000266e+00 1.631332427397314877e+00 1.480166533875168682e+02 1.017072902013518387e+02 1.777794939942371002e+02
3.430000000000000160e+00 1.632610956948298497e+00 1.486538179076152062e+02 1.022160123962545555e+02 1.785974999993920846e+02
3.435000000000000053e+00 1.633890246914980304e+00 1.492905811411196169e+02 1.027246621961643740e+02 1.794148846654591694e+02
3.439999999999999947e+00 1.635170320865392934e+00 1.499269346518284181e+02 1.032332437459414933e+02 1.802316641049786483e+02
3.445000000000000284e+00 1.636451202675564431e+00 1.505628552283326655e+02 1.037417205036170600e+02 1.810477782783886482e+02
3.450000000000000178e+00 1.637732916531301264e+00 1.511983429665455958e+02 1.042500998504442009e+02 1.818632490216218969e+02
3.455000000000000071e+00 1.639015486929979559e+00 1.518333871549057790e+02 1.047583603503218939e+02 1.826780398671211856e+02
3.459999999999999964e+00 1.640298938682350771e+00 1.524679688894757703e+02 1.052664917446070945e+02 1.834921449470914183e+02
3.464999999999999858e+00 1.641583296914366441e+00 1.531020870856045519e+02 1.057744875251162568e+02 1.843055590025826689e+02
3.470000000000000195e+00 1.642868587069010289e+00 1.537357204954292911e+02 1.062823243820621713e+02 1.851182489927718962e+02
3.475000000000000089e+00 1.644154834908149621e+00 1.543688767706161116e+02 1.067900085200262339e+02 1.859302201812218414e+02
3.479999999999999982e+00 1.645442066514400281e+00 1.550015407459148946e+02 1.072975187173162510e+02 1.867414467059371646e+02
3.484999999999999876e+00 1.646730308293007594e+00 1.556336939996353408e+02 1.078048437878048844e+02 1.875519206362507134e+02
3.490000000000000213e+00 1.648019586973742623e+00 1.562653413874884905e+02 1.083119739403901889e+02 1.883616254258144238e+02
3.495000000000000107e+00 1.649309929612814640e+00 1.568964713498994286e+02 1.088189087098070473e+02 1.891705667683426952e+02
3.500000000000000000e+00 1.650601363594798476e+00 1.575267381650564289e+02 1.093253147916286139e+02 1.899781789003764914e+02
3.504999999999999893e+00 1.651893916634581849e+00 1.581551783382717531e+02 1.098304185698324744e+02 1.907807429645404795e+02
3.510000000000000231e+00 1.653187616779326907e+00 1.587830658762546534e+02 1.103352811665209146e+02 1.915824364406944653e+02
3.515000000000000124e+00 1.654482492410449757e+00 1.594103808790005701e+02 1.108398743819560082e+02 1.923832173572979229e+02
3.520000000000000018e+00 1.655778572245619973e+00 1.600371350826259231e+02 1.113442101121441254e+02 1.931830979736869836e+02
3.524999999999999911e+00 1.657075885340773880e+00 1.606633077273990580e+02 1.118482595457800102e+02 1.939820404462479928e+02
3.530000000000000249e+00 1.658374461092151142e+00 1.612889065305355416e+02 1.123520355340312591e+02 1.947800707921711876e+02
3.535000000000000142e+00 1.659674329238346902e+00 1.619139169195227339e+02 1.128555069414922656e+02 1.955771316987230364e+02
3.540000000000000036e+00 1.660975519862385452e+00 1.625383459462777012e+02 1.133586942487464029e+02 1.963732667020046563e+02
3.544999999999999929e+00 1.662278063393811456e+00 1.631621776924773712e+02 1.138615629557558435e+02 1.971684194561929075e+02
3.550000000000000266e+00 1.663581990610803807e+00 1.637854129895356721e+02 1.143641153232807568e+02 1.979625910312591941e+02
3.555000000000000160e+00 1.664887332642308815e+00 1.644080437594226112e+02 1.148663394908135444e+02 1.987557732693564674e+02
3.560000000000000053e+00 1.666194120970192039e+00 1.650300723504238647e+02 1.153682304204199767e+02 1.995479441581887841e+02
3.564999999999999947e+00 1.667502387431416100e+00 1.656515021160708443e+02 1.158697900336632642e+02 2.003391180024198661e+02
3.570000000000000284e+00 1.668812164220237593e+00 1.662723223987763390e+02 1.163710030412804031e+02 2.011292705420771370e+02
3.575000000000000178e+00 1.670123483890425531e+00 1.668925385286260337e+02 1.168718736262206477e+02 2.019184063668459146e+02
3.580000000000000071e+00 1.671436379357503110e+00 1.675121422009466414e+02 1.173723794762797610e+02 2.027064884563089038e+02
3.584999999999999964e+00 1.672750883901015451e+00 1.681311351703483581e+02 1.178725266345388150e+02 2.034935285496013364e+02
3.589999999999999858e+00 1.674067031166816655e+00 1.687495106585467965e+02 1.183723006692895865e+02 2.042795121863820782e+02
3.595000000000000195e+00 1.675384855169382847e+00 1.693672864417886501e+02 1.188717143687311477e+02 2.050644430518565571e+02
3.600000000000000089e+00 1.676704390294149860e+00 1.699844374301268033e+02 1.193707357151620272e+02 2.058482798567906116e+02
3.604999999999999982e+00 1.678025671299876453e+00 1.706009852182500595e+02 1.198693831464712360e+02 2.066310493425339700e+02
3.609999999999999876e+00 1.679348733321033071e+00 1.712169212514619119e+02 1.203676452866387478e+02 2.074127335582395233e+02
3.615000000000000213e+00 1.680673611870211692e+00 1.718322370695046288e+02 1.208654999515002544e+02 2.081932950556535502e+02
3.620000000000000107e+00 1.682000342840573426e+00 1.724469638554003268e+02 1.213629837958481801e+02 2.089727884797530066e+02
3.625000000000000000e+00 1.683328962508309878e+00 1.730610698074645484e+02 1.218600554435240895e+02 2.097511467106273813e+02
3.629999999999999893e+00 1.684659507535143819e+00 1.736745851520005601e+02 1.223567374351553383e+02 2.105284107881644218e+02
3.635000000000000231e+00 1.685992014970846498e+00 1.742874888048423543e+02 1.228530058761379422e+02 2.113045357134174367e+02
3.640000000000000124e+00 1.687326522255794936e+00 1.748998016800818220e+02 1.233488782280251286e+02 2.120795500929989714e+02
3.645000000000000018e+00 1.688663067223552527e+00 1.755115168881496288e+02 1.238443391347304896e+02 2.128534229431174651e+02
3.649999999999999911e+00 1.690001688103477839e+00 1.761226506662224836e+02 1.243394040410610586e+02 2.136261817570328958e+02
3.655000000000000249e+00 1.691342423523365834e+00 1.767331856251357465e+02 1.248340417476127016e+02 2.143977693585383690e+02
3.660000000000000142e+00 1.692685312512123508e+00 1.773431424602108564e+02 1.253282757669586118e+02 2.151682273206080538e+02
3.665000000000000036e+00 1.694030394502469727e+00 1.779525269671091223e+02 1.258220982158303229e+02 2.159375328052742304e+02
3.669999999999999929e+00 1.695377709333675487e+00 1.785613440448320830e+02 1.263155219556793014e+02 2.167057131264888881e+02
3.675000000000000266e+00 1.696727297254325917e+00 1.791695755203384977e+02 1.268085032841009507e+02 2.174726843672624739e+02
3.680000000000000160e+00 1.698079198925130706e+00 1.797772688458686616e+02 1.273011096039566752e+02 2.182385596651680828e+02
3.685000000000000053e+00 1.699433455421752726e+00 1.803843894849762250e+02 1.277932745292391417e+02 2.190032253220872178e+02
3.689999999999999947e+00 1.700790108237682396e+00 1.809909735043506487e+02 1.282850496709439483e+02 2.197667621308091555e+02
3.695000000000000284e+00 1.702149199287140036e+00 1.815970128404892137e+02 1.287764124272507047e+02 2.205291284073777831e+02
3.700000000000000178e+00 1.703510770908022831e+00 1.822025135716479269e+02 1.292673634980059774e+02 2.212903297526061124e+02
3.705000000000000071e+00 1.704874865864877798e+00 1.828074875939048525e+02 1.297579060797455952e+02 2.220503525835821961e+02
3.709999999999999964e+00 1.706241527351919807e+00 1.834119373765506680e+02 1.302480446363348392e+02 2.228092188476198032e+02
3.714999999999999858e+00 1.707610798996081591e+00 1.840158871432029741e+02 1.307377969327874609e+02 2.235669354406412026e+02
3.720000000000000195e+00 1.708982724860113711e+00 1.846193297658576569e+02 1.312271479181384848e+02 2.243234797061218160e+02
3.725000000000000089e+00 1.710357349445704500e+00 1.852222715378845805e+02 1.317160985625309024e+02 2.250788581400621240e+02
3.729999999999999982e+00 1.711734717696661745e+00 1.858247355677955852e+02 1.322046672428148781e+02 2.258330789796712565e+02
3.734999999999999876e+00 1.713114875002117454e+00 1.864267153951215903e+02 1.326928445338775191e+02 2.265861379787161809e+02
3.740000000000000213e+00 1.714497867199787251e+00 1.870282333054013861e+02 1.331806484315656860e+02 2.273380525518855961e+02
3.745000000000000107e+00 1.715883740579261962e+00 1.876292804948309367e+02 1.336680556433066158e+02 2.280887837751760685e+02
3.750000000000000000e+00 1.717272541885350057e+00 1.882298941935837320e+02 1.341551102395584962e+02 2.288383901113395495e+02
3.754999999999999893e+00 1.718664318321458495e+00 1.888300546244703639e+02 1.346417848472333958e+02 2.295868366701627394e+02
3.760000000000000231e+00 1.720059117553022654e+00 1.894297947971568306e+02 1.351281012554849497e+02 2.303341361382533705e+02
3.765000000000000124e+00 1.721456987710977105e+00 1.900291104816672885e+02 1.356140531791613171e+02 2.310802890302374806e+02
3.770000000000000018e+00 1.722857977395276574e+00 1.906280368978191575e+02 1.360996803052955499e+02 2.318253401118784609e+02
3.774999999999999911e+00 1.724262135678464647e+00 1.912265534807586391e+02 1.365849412099771598e+02 2.325692294145817414e+02
3.780000000000000249e+00 1.725669512109285098e+00 1.918246834163154517e+02 1.370698645318062177e+02 2.333119943104366030e+02
3.785000000000000142e+00 1.727080156716347847e+00 1.924223869909612858e+02 1.375544229014689392e+02 2.340535688740462206e+02
3.790000000000000036e+00 1.728494120011841551e+00 1.930197885523513719e+02 1.380386985429604465e+02 2.347941112304072533e+02
3.794999999999999929e+00 1.729911452995299248e+00 1.936168400627347239e+02 1.385226602020399582e+02 2.355335402941116456e+02
3.800000000000000266e+00 1.731332207157411762e+00 1.942135458601098605e+02 1.390063053915391151e+02 2.362718646717429465e+02
3.805000000000000160e+00 1.732756434483898600e+00 1.948099306540988493e+02 1.394896546121329948e+02 2.370090988041464755e+02
3.810000000000000053e+00 1.734184187459427706e+00 1.954059977614841159e+02 1.399727060532083840e+02 2.377452384549932276e+02
3.814999999999999947e+00 1.735615519071593615e+00 1.960017581159653730e+02 1.404554664166814177e+02 2.384802973736888987e+02
3.820000000000000284e+00 1.737050482814948671e+00 1.965972468860071558e+02 1.409379716455484868e+02 2.392143091260496419e+02
3.825000000000000178e+00 1.738489132695088868e+00 1.971924434710864205e+02 1.414201863498365981e+02 2.399472287292012425e+02
3.830000000000000071e+00 1.739931523232801869e+00 1.977873932341471459e+02 1.419021631408557766e+02 2.406791279339058462e+02
3.834999999999999964e+00 1.741377709468272084e+00 1.983820814994609520e+02 1.423838774505061906e+02 2.414099591238038727e+02
3.839999999999999858e+00 1.742827746965340152e+00 1.989765382538120093e+02 1.428653528686596417e+02 2.421397557329594861e+02
3.845000000000000195e+00 1.744281691815829705e+00 1.995707732061557351e+02 1.433466031586756912e+02 2.428685459672500144e+02
3.850000000000000089e+00 1.745739600643932299e+00 2.001647917306468116e+02 1.438276223767931299e+02 2.435963013331732441e+02
3.854999999999999982e+00 1.747201530610656750e+00 2.007586299132283898e+02 1.443084550618209505e+02 2.443230918051785920e+02
3.859999999999999876e+00 1.748667539418339745e+00 2.013522820991786091e+02 1.447890783588338195e+02 2.450488788868132417e+02
3.865000000000000213e+00 1.750137685315223512e+00 2.019457539612544963e+02 1.452694918379122839e+02 2.457736533227311213e+02
3.870000000000000107e+00 1.751612027100100555e+00 2.025390773331398293e+02 1.457497389054479697e+02 2.464974893991092415e+02
3.875000000000000000e+00 1.753090624127023878e+00 2.031322620329876827e+02 1.462298193956233661e+02 2.472203689180681749e+02
3.879999999999999893e+00 1.754573536310083837e+00 2.037253311700332574e+02 1.467097530305919406e+02 2.479423195554346080e+02
3.885000000000000231e+00 1.756060824128258258e+00 2.043182730718447431e+02 1.471895202457563698e+02 2.486633196706966942e+02
3.890000000000000124e+00 1.757552548630337386e+00 2.049111237152808087e+02 1.476691578630673405e+02 2.493834061695861806e+02
3.895000000000000018e+00 1.759048771439909009e+00 2.055039035345238858e+02 1.481486842873888747e+02 2.501026133119730730e+02
3.899999999999999911e+00 1.760549554760425739e+00 2.060965918819504168e+02 1.486280672768300519e+02 2.508208830569155339e+02
3.905000000000000249e+00 1.762054961380348228e+00 2.066892493312157058e+02 1.491073855110753357e+02 2.515383433219239180e+02
3.910000000000000142e+00 1.763565054678360111e+00 2.072818549641138475e+02 1.495865926502284822e+02 2.522549073106220305e+02
3.915000000000000036e+00 1.765079898628665322e+00 2.078744321252292195e+02 1.500657178623485493e+02 2.529706262070446314e+02
3.919999999999999929e+00 1.766599557806353804e+00 2.084670100643068054e+02 1.505447894593102660e+02 2.536855374243725407e+02
3.925000000000000266e+00 1.768124097392861804e+00 2.090595852754708233e+02 1.510237907185294830e+02 2.543996076904367101e+02
3.930000000000000160e+00 1.769653583181507006e+00 2.096521747204197368e+02 1.515027548472554599e+02 2.551128988180902297e+02
3.935000000000000053e+00 1.771188081583099816e+00 2.102448152096779381e+02 1.519817018653270679e+02 2.558254220078477772e+02
3.939999999999999947e+00 1.772727659631656794e+00 2.108374659272314204e+02 1.524605974163195867e+02 2.565371916878298748e+02
3.945000000000000284e+00 1.774272384990179141e+00 2.114302091241671917e+02 1.529395055901630087e+02 2.572481954729166205e+02
3.950000000000000178e+00 1.775822325956536885e+00 2.120230323890053228e+02 1.534184291832020506e+02 2.579584837480751958e+02
3.955000000000000071e+00 1.777377551469432548e+00 2.126159597973384052e+02 1.538973786454466222e+02 2.586680781705295544e+02
3.959999999999999964e+00 1.778938131114458976e+00 2.132089791902329523e+02 1.543763388115999931e+02 2.593769509263187274e+02
3.965000000000000302e+00 1.780504135130244192e+00 2.138021278047775695e+02 1.548553492855790239e+02 2.600851617299547343e+02
3.970000000000000195e+00 1.782075634414699072e+00 2.143954097759043123e+02 1.553344128881429071e+02 2.607927210677145240e+02
3.975000000000000089e+00 1.783652700531359159e+00 2.149888571147772325e+02 1.558135572090393737e+02 2.614996604723393148e+02
3.979999999999999982e+00 1.785235405715812629e+00 2.155824653717325248e+02 1.562927752971592383e+02 2.622059851500694094e+02
3.984999999999999876e+00 1.786823822882243729e+00 2.161762526486575950e+02 1.567720776612346754e+02 2.629117019420524457e+02
3.990000000000000213e+00 1.788418025630066133e+00 2.167702541956522850e+02 1.572515086210548532e+02 2.636168796210847631e+02
3.995000000000000107e+00 1.790018088250662442e+00 2.173644568104966481e+02 1.577310458462371230e+02 2.643214880755598415e+02
4.000000000000000000e+00 1.791624085734228267e+00 2.179588856868511755e+02 1.582107136244027572e+02 2.650255690082635169e+02
