% raindrop T-matrix calculations using the code of Leinonen, J., "Python code for T-matrix scattering calculations". Available at https://github.com/jleinonen/pytmatrix/. 
% 
% refractive index calculations after Ray, P., 1972:  Broadband Complex Refractive Indices of Ice and Water, Appl. Opt. 11, 1836-1844 
% 
% raindrop aspect ratio estimated with the methodology of Brandes, Edward & Zhang, Guifu & Vivekanandan, Jothiram. (2005). Corrigendum. Journal of Applied Meteorology. 44. 186-. 10.1175/1520-0450(2005)44<186:C>2.0.CO;2. 
% 
% wave length: 12.491352 mm 
% temperature: 288.15 K 
% refractive index: 5.842378139495849609e+00 + 2.894823074340820312e+00 i 
% 
%r_eqv[mm]               axial ratio              ext[mm2]                 sca[mm2]                 back[mm2]
5.000000000000000104e-03 9.999900000999989436e-01 4.188701648992114513e-08 7.690056884770731714e-15 1.153493866429023727e-14
1.000000000000000021e-02 9.999900000999989436e-01 3.352407391815942920e-07 4.921742034600429993e-13 7.382236484406996648e-13
1.499999999999999944e-02 9.999900000999989436e-01 1.132252544664950465e-06 5.606372168827457215e-12 8.408592654046428752e-12
2.000000000000000042e-02 9.999900000999989436e-01 2.686568480695492659e-06 3.150184911746764953e-11 4.724312717952258702e-11
2.500000000000000139e-02 9.999900000999989436e-01 5.254027210919909367e-06 1.201777504002088235e-10 1.802091264022472465e-10
2.999999999999999889e-02 9.999900000999989436e-01 9.093405117764339528e-06 3.588770288962812866e-10 5.380683138801151424e-10
3.500000000000000333e-02 9.999900000999989436e-01 1.446717183969413182e-05 9.050378617006496211e-10 1.356708298601099277e-09
4.000000000000000083e-02 9.999900000999989436e-01 2.164225284560403298e-05 2.016809958071911077e-09 3.022745783651207431e-09
4.499999999999999833e-02 9.999900000999989436e-01 3.089080674780373764e-05 4.089148747023985829e-09 6.127388458656918046e-09
5.000000000000000278e-02 9.999900000999989436e-01 4.249101389920187502e-05 7.695500595644010164e-09 1.152853688993834028e-08
5.500000000000000028e-02 9.999900000999989436e-01 5.672786841493333485e-05 1.363509744616841152e-08 2.042110973137199097e-08
5.999999999999999778e-02 9.999900000999989436e-01 7.389400914548716396e-05 2.298587697471147599e-08 3.441556634634854536e-08
6.500000000000000222e-02 9.999900000999989436e-01 9.429052844173562158e-05 3.716306241795876610e-08 5.562462217951895391e-08
7.000000000000000666e-02 9.999900000999989436e-01 1.182278131224738445e-04 5.798338491761686494e-08 8.675806967605961209e-08
7.499999999999999722e-02 9.999900000999989436e-01 1.460264482060271980e-04 8.773505605906538332e-08 1.312257987676827370e-07
8.000000000000000167e-02 9.999900000999989436e-01 1.780180275652035128e-04 1.292534310959741545e-07 1.932488550792836758e-07
8.500000000000000611e-02 9.999900000999989436e-01 2.145460915588155986e-04 1.860023948858322709e-07 2.779785051221918429e-07
8.999999999999999667e-02 9.999900000999989436e-01 2.559670565448836409e-04 2.621616833968371362e-07 3.916235439300891831e-07
9.500000000000000111e-02 9.999900000999989436e-01 3.026510942342119318e-04 3.627198236954864193e-07 5.415852798661133123e-07
1.000000000000000056e-01 9.999900000999989436e-01 3.549831539109112640e-04 4.935730781358417314e-07 7.366006815401476168e-07
1.049999999999999961e-01 9.999900000999989436e-01 4.133639195514194719e-04 6.616304040675574543e-07 9.868936015566664576e-07
1.100000000000000006e-01 9.999900000999989436e-01 4.782107120744246700e-04 8.749240233891600603e-07 1.304333365712028559e-06
1.150000000000000050e-01 9.999900000999989436e-01 5.499587486867772018e-04 1.142726228097116713e-06 1.702601557087244654e-06
1.199999999999999956e-01 9.999900000999989436e-01 6.290619426222948760e-04 1.475672689320801703e-06 2.197367277437054294e-06
1.250000000000000000e-01 9.999900000999989436e-01 7.159941320870274756e-04 1.885890384102978108e-06 2.806467945415674874e-06
1.300000000000000044e-01 9.999900000999989436e-01 8.112501731916069029e-04 2.387133845715263671e-06 3.550101053756954395e-06
1.350000000000000089e-01 9.999900000999989436e-01 9.153470850810942454e-04 2.994925896414172251e-06 4.451021009316892505e-06
1.400000000000000133e-01 9.999900000999989436e-01 1.028824985089087573e-03 3.726704568642453618e-06 5.534743484390870454e-06
1.449999999999999900e-01 9.999900000999989436e-01 1.152248764531056549e-03 4.601979092970909094e-06 6.829761423850243791e-06
1.499999999999999944e-01 9.999900000999989436e-01 1.286208845765626210e-03 5.642487380396262489e-06 8.367761273768663103e-06
1.549999999999999989e-01 9.999900000999989436e-01 1.431322694312891315e-03 6.872365028282037651e-06 1.018385427202843082e-05
1.600000000000000033e-01 9.999900000999989436e-01 1.588236133624950979e-03 8.318318128364636833e-06 1.231681111599106089e-05
1.650000000000000078e-01 9.999900000999989436e-01 1.757624264692560570e-03 1.000980559056470206e-05 1.480930837816091120e-05
1.700000000000000122e-01 9.999900000999989436e-01 1.940193620770710005e-03 1.197921810267977468e-05 1.770816727755145393e-05
1.750000000000000167e-01 9.999900000999989436e-01 2.136682867031388950e-03 1.426208366190635842e-05 2.106462948672678932e-05
1.799999999999999933e-01 9.999900000999989436e-01 2.347864548813389986e-03 1.689725666427554777e-05 2.493460533957961203e-05
1.849999999999999978e-01 9.999900000999989436e-01 2.574546386860693693e-03 1.992713160299022158e-05 2.937895578170555627e-05
1.900000000000000022e-01 1.000338260324268314e+00 2.818125983506386458e-03 2.340390679878165213e-05 3.447289193312696364e-05
1.950000000000000067e-01 1.000344839311130496e+00 3.078434857885347081e-03 2.736677429715654833e-05 4.027154344625222016e-05
2.000000000000000111e-01 1.000357515291503407e+00 3.356909781128012468e-03 3.187527966721712803e-05 4.686019263583097441e-05
2.050000000000000155e-01 1.000376259251188893e+00 3.654518181821480877e-03 3.698828861076798060e-05 5.432251773839465652e-05
2.099999999999999922e-01 1.000401042453005207e+00 3.972270643049141681e-03 4.276936269832148034e-05 6.274863709099718875e-05
2.149999999999999967e-01 1.000431836433301802e+00 4.311223581116134691e-03 4.928703832808476956e-05 7.223546709875179649e-05
2.200000000000000011e-01 1.000468612998516083e+00 4.672480119530098182e-03 5.661507975143494737e-05 8.288703726365325764e-05
2.250000000000000056e-01 1.000511344221778787e+00 5.057193026425715540e-03 6.483271887911867327e-05 9.481478212961824985e-05
2.300000000000000100e-01 1.000560002439564444e+00 5.466564855852720436e-03 7.402499229370397343e-05 1.081379728541002010e-04
2.350000000000000144e-01 1.000614560248383578e+00 5.901851969113075004e-03 8.428300416338454116e-05 1.229840335449054333e-04
2.399999999999999911e-01 1.000674990501522643e+00 6.364365055801249338e-03 9.570417375761868949e-05 1.394888323360261417e-04
2.449999999999999956e-01 1.000741266305821942e+00 6.855471696754981102e-03 1.083926507024354037e-04 1.577972153449637514e-04
2.500000000000000000e-01 1.000813361018499714e+00 7.376598165105090026e-03 1.224595498041495829e-04 1.780632681060083475e-04
2.550000000000000044e-01 1.000891248244015541e+00 7.929232405754474758e-03 1.380232707661813163e-04 2.004506990094114362e-04
2.600000000000000089e-01 1.000974901830975039e+00 8.514925401892857112e-03 1.552098960669239327e-04 2.251333342943985603e-04
2.650000000000000133e-01 1.001064295869075416e+00 9.135292968504859362e-03 1.741534679778514822e-04 2.522954271617175470e-04
2.700000000000000178e-01 1.001159404686088994e+00 9.792020748068005348e-03 1.949963901179716332e-04 2.821321496838354102e-04
2.750000000000000222e-01 1.001260202844886926e+00 1.048686170072514294e-02 2.178897649152960613e-04 3.148499817622009075e-04
2.800000000000000266e-01 1.001366665140501100e+00 1.122164500580028271e-02 2.429938274869009637e-04 3.506672412846287604e-04
2.850000000000000311e-01 1.001478766597222014e+00 1.199827180420522457e-02 2.704782134931269259e-04 3.898143594608449248e-04
2.899999999999999800e-01 1.001596482465736404e+00 1.281872222112627989e-02 3.005225403800151560e-04 4.325346225510189719e-04
2.949999999999999845e-01 1.001719788220298835e+00 1.368505755993689073e-02 3.333165939686899928e-04 4.790843188962648188e-04
2.999999999999999889e-01 1.001848659555939935e+00 1.459941978603969057e-02 3.690609013371138800e-04 5.297334559252086161e-04
3.049999999999999933e-01 1.001983072385710605e+00 1.556403939555128096e-02 4.079672208407155256e-04 5.847663485166594522e-04
3.099999999999999978e-01 1.002123002837959964e+00 1.658123275047688680e-02 4.502587086073346861e-04 6.444817273069074334e-04
3.150000000000000022e-01 1.002268427253648841e+00 1.765340856694145449e-02 4.961707746142817767e-04 7.091938686486077940e-04
3.200000000000000067e-01 1.002419322183694117e+00 1.878307037684207731e-02 5.459512275994598185e-04 7.792326520289159222e-04
3.250000000000000111e-01 1.002575664386349930e+00 1.997281556400692590e-02 5.998609311988241247e-04 8.549443990213809923e-04
3.300000000000000155e-01 1.002737430824617970e+00 2.122534656412129739e-02 6.581741023301281805e-04 9.366921487698519431e-04
3.350000000000000200e-01 1.002904598663692415e+00 2.254346246568935536e-02 7.211792183188679359e-04 1.024856855849669984e-03
3.400000000000000244e-01 1.003077145268434833e+00 2.393007291508333564e-02 7.891792615082410473e-04 1.119837608157477331e-03
3.450000000000000289e-01 1.003255048200880628e+00 2.538819449696891328e-02 8.624920243352354006e-04 1.222051914894039691e-03
3.500000000000000333e-01 1.003438285217776782e+00 2.692095763840348863e-02 9.414513201272513634e-04 1.331937332444248830e-03
3.549999999999999822e-01 1.003626834268148693e+00 2.853160629643361826e-02 1.026406889961237624e-03 1.449951216707732376e-03
3.599999999999999867e-01 1.003820673490896542e+00 3.022350327847047116e-02 1.117725575077142992e-03 1.576572262164781246e-03
3.649999999999999911e-01 1.004019781212422524e+00 3.200013242764209592e-02 1.215791305511332949e-03 1.712300378533911614e-03
3.699999999999999956e-01 1.004224135944284502e+00 3.386510308943937314e-02 1.321006359825687045e-03 1.857658383693846539e-03
3.750000000000000000e-01 1.004433716380879638e+00 3.582215431221513757e-02 1.433791626340007435e-03 2.013192278761866908e-03
3.800000000000000044e-01 1.004648501397155336e+00 3.787515505955661027e-02 1.554587397370396206e-03 2.179472257510120872e-03
3.850000000000000089e-01 1.004868470046347273e+00 4.002810732250997039e-02 1.683853727277486194e-03 2.357093198164864501e-03
3.900000000000000133e-01 1.005093601557745631e+00 4.228514749303179110e-02 1.822071757327874218e-03 2.546676403165385946e-03
3.950000000000000178e-01 1.005323875334485528e+00 4.465056545122750298e-02 1.969744138764809374e-03 2.748870205727415618e-03
4.000000000000000222e-01 1.005559270951367434e+00 4.712878123814490117e-02 2.127395068035124650e-03 2.964349937002278522e-03
4.050000000000000266e-01 1.005799768152698448e+00 4.972437081490798522e-02 2.295572784625820977e-03 3.193821526830669267e-03
4.100000000000000311e-01 1.006045346850164002e+00 5.244205219593404965e-02 2.474848225818242122e-03 3.438019476175500997e-03
4.150000000000000355e-01 1.006295987120720881e+00 5.528670893008951620e-02 2.665817671872258796e-03 3.697710730400452245e-03
4.199999999999999845e-01 1.006551669204517108e+00 5.826336692649548149e-02 2.869102403931911034e-03 3.973694210169847509e-03
4.249999999999999889e-01 1.006812373502834479e+00 6.137722199652767552e-02 3.085349990008402331e-03 4.266802655635715084e-03
4.299999999999999933e-01 1.007078080576055967e+00 6.463362743117358200e-02 3.315235550664734441e-03 4.577904676489356547e-03
4.349999999999999978e-01 1.007348771141657329e+00 6.803809588340094250e-02 3.559461379570195462e-03 4.907904150433620681e-03
4.400000000000000022e-01 1.007624426072219359e+00 7.159631894547519027e-02 3.818759151038656537e-03 5.257743685943919339e-03
4.450000000000000067e-01 1.007905026393466796e+00 7.531414571055095042e-02 4.093891445311449717e-03 5.628406949796910252e-03
4.500000000000000111e-01 1.008190553282325652e+00 7.919760623081829876e-02 4.385650301744347876e-03 6.020916889317048243e-03
4.550000000000000155e-01 1.008480988065006079e+00 8.325289271109963252e-02 4.694860673830836967e-03 6.436340909292457765e-03
4.600000000000000200e-01 1.008776312215104998e+00 8.748638484094219125e-02 5.022379396440283805e-03 6.875789751571844029e-03
4.650000000000000244e-01 1.009076507351731156e+00 9.190462852628428214e-02 5.369097806155792921e-03 7.340421726287050218e-03
4.700000000000000289e-01 1.009381555237651273e+00 9.651435763996558947e-02 5.735944099565420777e-03 7.831446498154063726e-03
4.750000000000000333e-01 1.009691437777457068e+00 1.013224765960700630e-01 6.123879829330627217e-03 8.350120626737922783e-03
4.799999999999999822e-01 1.010006137015752481e+00 1.063360690821995858e-01 6.533906945424282180e-03 8.897758235318568854e-03
4.849999999999999867e-01 1.010325635135361333e+00 1.115624024744271831e-01 6.967062865138010271e-03 9.475724535729496828e-03
4.899999999999999911e-01 1.010649914455556075e+00 1.170089319327228955e-01 7.424428029809479815e-03 1.008544761330601447e-02
4.949999999999999956e-01 1.010978957430304748e+00 1.226832792751806345e-01 7.907122016916220963e-03 1.072841362336202781e-02
5.000000000000000000e-01 1.011312746646537475e+00 1.285932413074692415e-01 8.416307363442615888e-03 1.140617314480861857e-02
5.050000000000000044e-01 1.011651264822433394e+00 1.347468200810970074e-01 8.953189676506731129e-03 1.212034233842231891e-02
5.100000000000000089e-01 1.011994494805724676e+00 1.411521585499409814e-01 9.519021664670930180e-03 1.287261007100391416e-02
5.150000000000000133e-01 1.012342419572020980e+00 1.478175960635536301e-01 1.011510034967171706e-02 1.366473500114488183e-02
5.200000000000000178e-01 1.012695022223150554e+00 1.547516171016244946e-01 1.074277130450418741e-02 1.449855321174943305e-02
5.250000000000000222e-01 1.013052285985520662e+00 1.619629157827408572e-01 1.140343192748114777e-02 1.537598388931297327e-02
5.300000000000000266e-01 1.013414194208494434e+00 1.694603141983505590e-01 1.209852635489471959e-02 1.629902446263964064e-02
5.350000000000000311e-01 1.013780730362787486e+00 1.772528092255591381e-01 1.282955356090496012e-02 1.726976318671016516e-02
5.400000000000000355e-01 1.014151878038878962e+00 1.853495258333695550e-01 1.359806731665221674e-02 1.829038145662956194e-02
5.450000000000000400e-01 1.014527620945441466e+00 1.937597855673975356e-01 1.440567627316570280e-02 1.936315576346867365e-02
5.500000000000000444e-01 1.014907942907788518e+00 2.024930030754905075e-01 1.525404527070485516e-02 2.049046170445947140e-02
5.550000000000000488e-01 1.015292827866336012e+00 2.115587342455630682e-01 1.614489885841559683e-02 2.167478192213496968e-02
5.600000000000000533e-01 1.015682259875082316e+00 2.209666920352595099e-01 1.708002543508627818e-02 2.291871361965842208e-02
5.650000000000000577e-01 1.016076223100103704e+00 2.307266612027024100e-01 1.806127071251553695e-02 2.422496217619669184e-02
5.700000000000000622e-01 1.016474701818065096e+00 2.408485675753810618e-01 1.909054763367422705e-02 2.559635905250796928e-02
5.750000000000000666e-01 1.016877680414747243e+00 2.513424166054258890e-01 2.016983187430455848e-02 2.703585705756907098e-02
5.799999999999999600e-01 1.017285143383589441e+00 2.622182937047064510e-01 2.130117461436015561e-02 2.854655274727744066e-02
5.849999999999999645e-01 1.017697075324246692e+00 2.734863643634107278e-01 2.248669161653448975e-02 3.013167322516178970e-02
5.899999999999999689e-01 1.018113460941162618e+00 2.851568403202404678e-01 2.372856409124141433e-02 3.179458212121927946e-02
5.949999999999999734e-01 1.018534285042156151e+00 2.972399945930994103e-01 2.502906495253204300e-02 3.353881993019691699e-02
5.999999999999999778e-01 1.018959532537025314e+00 3.097460947786589425e-01 2.639052201968881961e-02 3.536805546795093735e-02
6.049999999999999822e-01 1.019389188436160998e+00 3.226854619842821070e-01 2.781535450835862650e-02 3.728614246263173282e-02
6.099999999999999867e-01 1.019823237849180497e+00 3.360683844428248301e-01 2.930605480855766332e-02 3.929709649801159388e-02
6.149999999999999911e-01 1.020261665983570154e+00 3.499051355668344465e-01 3.086520109822830926e-02 4.140511953815986801e-02
6.199999999999999956e-01 1.020704458143344873e+00 3.642059726958363219e-01 3.249545431925242311e-02 4.361459787856712678e-02
6.250000000000000000e-01 1.021151599727719406e+00 3.789810262480533543e-01 3.419955969643011240e-02 4.593011028770919296e-02
6.300000000000000044e-01 1.021603076229795626e+00 3.942404103878311972e-01 3.598034898724557923e-02 4.835643584395203642e-02
6.350000000000000089e-01 1.022058873235258902e+00 4.099941200221529081e-01 3.784074899243270590e-02 5.089857023732824448e-02
6.400000000000000133e-01 1.022518976421092685e+00 4.262520217678885115e-01 3.978377086515120370e-02 5.356171687727531716e-02
6.450000000000000178e-01 1.022983371554301524e+00 4.430238633567360473e-01 4.181252505616604026e-02 5.635131134599736386e-02
6.500000000000000222e-01 1.023452044490649859e+00 4.603191771102460028e-01 4.393022318989341091e-02 5.927303155059984036e-02
6.550000000000000266e-01 1.023924981173411908e+00 4.781473157287153275e-01 4.614016128564785851e-02 6.233277724319497698e-02
6.600000000000000311e-01 1.024402167632133542e+00 4.965174946976600445e-01 4.844575501249256955e-02 6.553672575410064705e-02
6.650000000000000355e-01 1.024883589981409493e+00 5.154385673614840790e-01 5.085049325498337131e-02 6.889127156195597179e-02
6.700000000000000400e-01 1.025369234419667430e+00 5.349192671951774614e-01 5.335800389055237597e-02 7.240312590227664102e-02
6.750000000000000444e-01 1.025859087227968924e+00 5.549679825172286751e-01 5.597199919511939431e-02 7.607924097769683258e-02
6.800000000000000488e-01 1.026353134768820174e+00 5.755928089216937327e-01 5.869630627556003677e-02 7.992686245375191234e-02
6.850000000000000533e-01 1.026851363484993174e+00 5.968014640907359780e-01 6.153485364643546812e-02 8.395351279348672868e-02
6.900000000000000577e-01 1.027353759898360641e+00 6.186014039632292683e-01 6.449169774649370079e-02 8.816703431641761957e-02
6.950000000000000622e-01 1.027860310608740946e+00 6.409996733866192287e-01 6.757099249621294212e-02 9.257554957251096228e-02
7.000000000000000666e-01 1.028371002292754355e+00 6.640029521522493594e-01 7.077703205591477642e-02 9.718752957120539715e-02
7.049999999999999600e-01 1.028885821702690384e+00 6.876175251975616964e-01 7.411419567433454036e-02 1.020117137673194896e-01
7.099999999999999645e-01 1.029404755665387139e+00 7.118491934050332759e-01 7.758700613784233480e-02 1.070572042868354057e-01
7.149999999999999689e-01 1.029927791081118427e+00 7.367034460781353156e-01 8.120010089114679253e-02 1.123334211043858361e-01
7.199999999999999734e-01 1.030454914922495746e+00 7.621851859523899320e-01 8.495823878233618731e-02 1.178501203097820083e-01
7.249999999999999778e-01 1.030986114233377604e+00 7.882989876994068723e-01 8.886631487980593824e-02 1.236174138883567031e-01
7.299999999999999822e-01 1.031521376127789047e+00 8.150488398006483504e-01 9.292931326704419182e-02 1.296457066082910559e-01
7.349999999999999867e-01 1.032060687788854958e+00 8.424382984197162916e-01 9.715238280261059844e-02 1.359458057796615327e-01
7.399999999999999911e-01 1.032604036467738684e+00 8.704704704444740093e-01 1.015408047782246498e-01 1.425288759376436010e-01
7.449999999999999956e-01 1.033151409482594651e+00 8.991479454990144449e-01 1.060999526460645465e-01 1.494063803733742535e-01
7.500000000000000000e-01 1.033702794217528753e+00 9.284728125503557417e-01 1.108353527798337651e-01 1.565901709517572016e-01
7.550000000000000044e-01 1.034258178121568061e+00 9.584467129798784901e-01 1.157526877339908888e-01 1.640924910194837827e-01
7.600000000000000089e-01 1.034817548707643198e+00 9.890708733317773449e-01 1.208577360986359817e-01 1.719258845115164691e-01
7.650000000000000133e-01 1.035380893551575587e+00 1.020345798321636632e+00 1.261564108358885217e-01 1.801032564589016283e-01
7.700000000000000178e-01 1.035948200291078702e+00 1.052271954743474236e+00 1.316548140139858769e-01 1.886379409071726188e-01
7.750000000000000222e-01 1.036519456624765523e+00 1.084848950565246106e+00 1.373590945184883783e-01 1.975434986473589283e-01
7.800000000000000266e-01 1.037094650311166655e+00 1.118076292393765714e+00 1.432756379644194999e-01 2.068339855244379355e-01
7.850000000000000311e-01 1.037673769167756666e+00 1.151952830972116981e+00 1.494108785904833814e-01 2.165236747926936878e-01
7.900000000000000355e-01 1.038256801069989743e+00 1.186477281580174514e+00 1.557714452968177732e-01 2.266272618624261270e-01
7.950000000000000400e-01 1.038843733950345127e+00 1.221647913601740409e+00 1.623641146142966452e-01 2.371597993736888621e-01
8.000000000000000444e-01 1.039434555797379867e+00 1.257462621148520476e+00 1.691957601035332659e-01 2.481366009058558197e-01
8.050000000000000488e-01 1.040029254654790458e+00 1.293919057413095430e+00 1.762734049234537803e-01 2.595733270069628951e-01
8.100000000000000533e-01 1.040627818620484257e+00 1.331014812960355842e+00 1.836042521654687176e-01 2.714860065122764454e-01
8.150000000000000577e-01 1.041230235845658436e+00 1.368746860494319151e+00 1.911955982455618985e-01 2.838909188762481217e-01
8.200000000000000622e-01 1.041836494533886492e+00 1.407112523026503803e+00 1.990549295005465957e-01 2.968047072869908765e-01
8.250000000000000666e-01 1.042446582940215416e+00 1.446108578533018996e+00 2.071898245728216736e-01 3.102442375153792176e-01
8.300000000000000711e-01 1.043060489370268407e+00 1.485731982730341905e+00 2.156080233190619810e-01 3.242266888635311761e-01
8.349999999999999645e-01 1.043678202179357140e+00 1.525979593753621355e+00 2.243174801461608192e-01 3.387696283152579202e-01
8.399999999999999689e-01 1.044299709771603135e+00 1.566848282261634306e+00 2.333261660120727332e-01 3.538906805927607979e-01
8.449999999999999734e-01 1.044925000599063569e+00 1.608335058184152455e+00 2.426422710918508252e-01 3.696078495116533746e-01
8.499999999999999778e-01 1.045554063160868408e+00 1.650436946424496787e+00 2.522741772781861846e-01 3.859394600783320195e-01
8.549999999999999822e-01 1.046186886002363758e+00 1.693151223621462309e+00 2.622302809190756867e-01 4.029038545961370343e-01
8.599999999999999867e-01 1.046823457714263217e+00 1.736475380544687974e+00 2.725192383102244542e-01 4.205197897027169729e-01
8.649999999999999911e-01 1.047463766931806317e+00 1.780407268471117410e+00 2.831498099439459515e-01 4.388061655903784941e-01
8.699999999999999956e-01 1.048107802333925420e+00 1.824944958921195237e+00 2.941309273406367275e-01 4.577821047430100654e-01
8.750000000000000000e-01 1.048755552642418598e+00 1.870087047872077468e+00 3.054715998574482616e-01 4.774668336025882920e-01
8.800000000000000044e-01 1.049407006621131844e+00 1.915832186437260942e+00 3.171810621374106520e-01 4.978798729188622096e-01
8.850000000000000089e-01 1.050062153075147497e+00 1.962180005475927524e+00 3.292686076949668528e-01 5.190407766180230587e-01
8.900000000000000133e-01 1.050720980849978670e+00 2.009130495935228744e+00 3.417438716738384619e-01 5.409695428365037806e-01
8.950000000000000178e-01 1.051383478830772988e+00 2.056683941290054385e+00 3.546163160186851515e-01 5.636858391701670135e-01
9.000000000000000222e-01 1.052049635941522787e+00 2.104841545713808326e+00 3.678958709362600832e-01 5.872099507741960212e-01
9.050000000000000266e-01 1.052719441144281065e+00 2.153605146032710582e+00 3.815923688966256222e-01 6.115619239173711863e-01
9.100000000000000311e-01 1.053392883438386107e+00 2.202977019597043729e+00 3.957160332364103028e-01 6.367622948571934893e-01
9.150000000000000355e-01 1.054069951859691656e+00 2.252960493593230584e+00 4.102769149773396462e-01 6.628311864647576934e-01
9.200000000000000400e-01 1.054750635479804632e+00 2.303559337574883514e+00 4.252854728314602317e-01 6.897892720936100730e-01
9.250000000000000444e-01 1.055434923405329073e+00 2.354778373548866099e+00 4.407522871754829819e-01 7.176572476460174599e-01
9.300000000000000488e-01 1.056122804777117841e+00 2.406622863784170896e+00 4.566879657275549342e-01 7.464557057257492634e-01
9.350000000000000533e-01 1.056814268769528553e+00 2.459099137501661758e+00 4.731032311041656890e-01 7.762052624566200265e-01
9.400000000000000577e-01 1.057509304589689725e+00 2.512214365640303537e+00 4.900091773626988889e-01 8.069269871367088509e-01
9.450000000000000622e-01 1.058207901476769797e+00 2.565976375106735929e+00 5.074168310074449462e-01 8.386416277420203347e-01
9.500000000000000666e-01 1.058910048701254603e+00 2.620394192819849533e+00 5.253375279576943946e-01 8.713702951760843307e-01
9.550000000000000711e-01 1.059615735564230832e+00 2.675477289406019032e+00 5.437824377245693563e-01 9.051336238284228841e-01
9.599999999999999645e-01 1.060324951396675930e+00 2.731236131175281301e+00 5.627631949363000041e-01 9.399528064119697657e-01
9.649999999999999689e-01 1.061037685558753330e+00 2.787682321697910748e+00 5.822914830664136510e-01 9.758489549848236022e-01
9.699999999999999734e-01 1.061753927439116119e+00 2.844827706704136094e+00 6.023790704931488715e-01 1.012843103847408832e+00
9.749999999999999778e-01 1.062473666454213594e+00 2.902685674977453889e+00 6.230377771727120262e-01 1.050956158115461170e+00
9.799999999999999822e-01 1.063196892047607145e+00 2.961270003607018975e+00 6.442797984749029094e-01 1.090209487769994379e+00
9.849999999999999867e-01 1.063923593689290348e+00 3.020595199025203126e+00 6.661171485465570141e-01 1.130623898767505686e+00
9.899999999999999911e-01 1.064653760875015509e+00 3.080676899169164873e+00 6.885622629302644571e-01 1.172220740700734565e+00
9.949999999999999956e-01 1.065387383125626419e+00 3.141531205203281107e+00 7.116274718264852250e-01 1.215020971061780974e+00
1.000000000000000000e+00 1.066124449986396217e+00 3.203175494137065371e+00 7.353254390178385336e-01 1.259045842555684747e+00
1.005000000000000115e+00 1.066864951026373021e+00 3.265629129418960552e+00 7.596706136447498592e-01 1.304319578615531272e+00
1.010000000000000009e+00 1.067608875837728233e+00 3.328908973142854943e+00 7.846740167807795263e-01 1.350860224098356044e+00
1.015000000000000124e+00 1.068356214035114826e+00 3.393034060714768874e+00 8.103486087721817333e-01 1.398688962058687313e+00
1.020000000000000018e+00 1.069106955255026969e+00 3.458024159837466360e+00 8.367072464734084392e-01 1.447826596487685524e+00
1.024999999999999911e+00 1.069861089155168976e+00 3.523899519472713404e+00 8.637631905246813124e-01 1.498294379884094196e+00
1.030000000000000027e+00 1.070618605413826918e+00 3.590681112884937409e+00 8.915294830295762418e-01 1.550113069534901244e+00
1.034999999999999920e+00 1.071379493729249344e+00 3.658390378423225897e+00 9.200194611204532968e-01 1.603303657367357804e+00
1.040000000000000036e+00 1.072143743819029771e+00 3.727049219633239652e+00 9.492465466593291712e-01 1.657887050407766516e+00
1.044999999999999929e+00 1.072911345419497398e+00 3.796680146440901460e+00 9.792239006312500882e-01 1.713883572060163063e+00
1.050000000000000044e+00 1.073682288285112474e+00 3.867305725298603392e+00 1.009965321478014877e+00 1.771314463981896070e+00
1.054999999999999938e+00 1.074456562187866782e+00 3.938949263472158346e+00 1.041484222612577115e+00 1.830200083646791320e+00
1.060000000000000053e+00 1.075234156916690775e+00 4.011634398202987839e+00 1.073794314158146523e+00 1.890561051347368071e+00
1.064999999999999947e+00 1.076015062276864054e+00 4.085384693247141819e+00 1.106909218194552791e+00 1.952417737526981778e+00
1.070000000000000062e+00 1.076799268089433603e+00 4.160224176155637998e+00 1.140842620532932061e+00 2.015790400343726585e+00
1.074999999999999956e+00 1.077586764190635593e+00 4.236177359149061239e+00 1.175608516457673058e+00 2.080699678699298616e+00
1.080000000000000071e+00 1.078377540431322945e+00 4.313268801468222335e+00 1.211220410925900826e+00 2.147165069357452438e+00
1.084999999999999964e+00 1.079171586676399119e+00 4.391522582699096233e+00 1.247692327532358814e+00 2.215207041878683114e+00
1.090000000000000080e+00 1.079968892804255898e+00 4.470963670784094290e+00 1.285038080930582360e+00 2.284845296392179037e+00
1.094999999999999973e+00 1.080769448706216718e+00 4.551616673074287966e+00 1.323271477189149836e+00 2.356099423062026688e+00
1.100000000000000089e+00 1.081573244285985780e+00 4.633506548205773790e+00 1.362406487695460244e+00 2.428989212807872278e+00
1.104999999999999982e+00 1.082380269459101152e+00 4.716657893556874370e+00 1.402457037192333278e+00 2.503534055621996046e+00
1.110000000000000098e+00 1.083190514152395201e+00 4.801095380763224618e+00 1.443436786506991698e+00 2.579752883161216204e+00
1.114999999999999991e+00 1.084003968303457022e+00 4.886843337924096531e+00 1.485359615150170454e+00 2.657664792949728128e+00
1.120000000000000107e+00 1.084820621860102863e+00 4.973926406923977694e+00 1.528239545790169629e+00 2.737288952015493049e+00
1.125000000000000000e+00 1.085640464779849657e+00 5.062368498868573319e+00 1.572090383980087269e+00 2.818644062256783211e+00
1.130000000000000115e+00 1.086463487029394992e+00 5.152194252776804539e+00 1.616925789861804796e+00 2.901748324968970394e+00
1.135000000000000009e+00 1.087289678584100638e+00 5.243427014037009393e+00 1.662759425021977266e+00 2.986619912936819166e+00
1.140000000000000124e+00 1.088119029427482509e+00 5.336090728315245890e+00 1.709604785188394649e+00 3.073276485332386621e+00
1.145000000000000018e+00 1.088951529550704622e+00 5.430207757681439595e+00 1.757475940031202333e+00 3.161736693101889539e+00
1.150000000000000133e+00 1.089787168952079055e+00 5.525802170498787191e+00 1.806385946024334554e+00 3.252017108041759474e+00
1.155000000000000027e+00 1.090625937636568565e+00 5.622895911632703303e+00 1.856348684484890432e+00 3.344135734852556663e+00
1.159999999999999920e+00 1.091467825615297427e+00 5.721511237152001605e+00 1.907377196632408234e+00 3.438108937093918627e+00
1.165000000000000036e+00 1.092312822905064262e+00 5.821669801318468451e+00 1.959484820252145987e+00 3.533953450842386435e+00
1.169999999999999929e+00 1.093160919527861763e+00 5.923393288278518298e+00 2.012684975634754903e+00 3.631686128921730816e+00
1.175000000000000044e+00 1.094012105510399513e+00 6.026702351351306497e+00 2.066990711256503133e+00 3.731322980100042042e+00
1.179999999999999938e+00 1.094866370883633921e+00 6.131617966094531802e+00 2.122415109569258718e+00 3.832879805655677874e+00
1.185000000000000053e+00 1.095723705682299487e+00 6.238159511798635926e+00 2.178970485465505202e+00 3.936371203944715624e+00
1.189999999999999947e+00 1.096584099944449830e+00 6.346346432310681074e+00 2.236670220961612277e+00 4.041813619601614782e+00
1.195000000000000062e+00 1.097447543710998508e+00 6.456198185944383106e+00 2.295526955875927921e+00 4.149221533864689171e+00
1.199999999999999956e+00 1.098314027025267592e+00 6.567732664756250394e+00 2.355552923972962454e+00 4.258609239970810201e+00
1.205000000000000071e+00 1.099183539932540254e+00 6.680968313979890993e+00 2.416760248603136763e+00 4.369990211947464509e+00
1.209999999999999964e+00 1.100056072479618674e+00 6.795921736064951091e+00 2.479161864324669118e+00 4.483379721098706305e+00
1.215000000000000080e+00 1.100931614714385054e+00 6.912610367785219090e+00 2.542769417215390071e+00 4.598790222983114795e+00
1.219999999999999973e+00 1.101810156685369746e+00 7.031049755271415513e+00 2.607594795583858982e+00 4.716234794940126207e+00
1.225000000000000089e+00 1.102691688441321372e+00 7.151256030781256712e+00 2.673649921818908481e+00 4.835726443690159471e+00
1.229999999999999982e+00 1.103576200030784493e+00 7.273243704223766315e+00 2.740946830961941139e+00 4.957278008308516171e+00
1.235000000000000098e+00 1.104463681501680172e+00 7.397027052715595019e+00 2.809496065202437443e+00 5.080900192933473392e+00
1.239999999999999991e+00 1.105354122900890967e+00 7.522620089043874358e+00 2.879309837528729599e+00 5.206605691473837005e+00
1.245000000000000107e+00 1.106247514273852595e+00 7.650036278869070117e+00 2.950398864464555349e+00 5.334405257994145444e+00
1.250000000000000000e+00 1.107143845664148030e+00 7.779287759446996908e+00 3.022773887728404496e+00 5.464309147339159622e+00
1.255000000000000115e+00 1.108043107113107384e+00 7.910386947817753978e+00 3.096446064603296300e+00 5.596328412615348746e+00
1.260000000000000009e+00 1.108945288659413109e+00 8.043344326386669962e+00 3.171425810718706551e+00 5.730472758749860063e+00
1.265000000000000124e+00 1.109850380338708309e+00 8.178170978901327715e+00 3.247723530226555244e+00 5.866751671892879827e+00
1.270000000000000018e+00 1.110758372183210829e+00 8.314877139564442743e+00 3.325349386490744408e+00 6.005174034002475736e+00
1.275000000000000133e+00 1.111669254221331116e+00 8.453471660678770760e+00 3.404313750575143516e+00 6.145749482144116094e+00
1.280000000000000027e+00 1.112583016477296738e+00 8.593964790006696219e+00 3.484625721087133421e+00 6.288484649457832809e+00
1.284999999999999920e+00 1.113499648970778022e+00 8.736363458663957360e+00 3.566295567038146430e+00 6.433388677793778321e+00
1.290000000000000036e+00 1.114419141716522343e+00 8.880676520960212983e+00 3.649332810761956480e+00 6.580468910785656433e+00
1.294999999999999929e+00 1.115341484723989307e+00 9.026910063340682910e+00 3.733746094524356351e+00 6.729731572634244152e+00
1.300000000000000044e+00 1.116266667996994588e+00 9.175070453263263204e+00 3.819544715064895790e+00 6.881183574953786852e+00
1.304999999999999938e+00 1.117194681533353773e+00 9.325164314347386352e+00 3.906737088050284523e+00 7.034830237493353344e+00
1.310000000000000053e+00 1.118125515324534858e+00 9.477196582554563875e+00 3.995332472936631074e+00 7.190678327837806805e+00
1.314999999999999947e+00 1.119059159355313193e+00 9.631171916885781670e+00 4.085339114956460627e+00 7.348732821952430605e+00
1.320000000000000062e+00 1.119995603603431533e+00 9.787094943618289022e+00 4.176764602419536843e+00 7.508997506149991175e+00
1.324999999999999956e+00 1.120934838039265857e+00 9.944969188258180992e+00 4.269617058319352232e+00 7.671476684120317024e+00
1.330000000000000071e+00 1.121876852625492305e+00 1.010479701704772104e+01 4.363904773993006359e+00 7.836175468699098090e+00
1.334999999999999964e+00 1.122821637316764765e+00 1.026658081820237634e+01 4.459633966233678137e+00 8.003095074331799452e+00
1.340000000000000080e+00 1.123769182059389804e+00 1.043032399576560643e+01 4.556812677879855222e+00 8.172239235659557011e+00
1.344999999999999973e+00 1.124719476791012696e+00 1.059602692637408161e+01 4.655447826646540221e+00 8.343610421501185925e+00
1.350000000000000089e+00 1.125672511440304557e+00 1.076369052113980551e+01 4.755546274372963289e+00 8.517210774783135818e+00
1.354999999999999982e+00 1.126628275926654377e+00 1.093331535461342341e+01 4.857114028527471206e+00 8.693040768580614142e+00
1.360000000000000098e+00 1.127586760159866808e+00 1.110490116305636832e+01 4.960157273859727489e+00 8.871100934883296318e+00
1.364999999999999991e+00 1.128547954039863965e+00 1.127844735630849016e+01 5.064681938833628827e+00 9.051391667802379359e+00
1.370000000000000107e+00 1.129511847456391438e+00 1.145395221662630725e+01 5.170693997763088134e+00 9.233913180563490641e+00
1.375000000000000000e+00 1.130478430288730518e+00 1.163141510173908344e+01 5.278198456501964841e+00 9.418664101050103099e+00
1.380000000000000115e+00 1.131447692405412875e+00 1.181083340148975225e+01 5.387201090039174467e+00 9.605643913603966411e+00
1.385000000000000009e+00 1.132419623663941444e+00 1.199220365152762113e+01 5.497705991685391425e+00 9.794850083367032667e+00
1.390000000000000124e+00 1.133394213910515980e+00 1.217552372855967668e+01 5.609718045953581367e+00 9.986280089875325672e+00
1.395000000000000018e+00 1.134371452979762385e+00 1.236078979902118569e+01 5.723241743397966097e+00 1.017993184445678700e+01
1.400000000000000133e+00 1.135351330694467364e+00 1.254799775241415993e+01 5.838280623185878149e+00 1.037580086137217528e+01
1.405000000000000027e+00 1.136333836865317526e+00 1.273714207402401399e+01 5.954838251324362730e+00 1.057388305043272503e+01
1.409999999999999920e+00 1.137318961290643582e+00 1.292821881931972960e+01 6.072918308307222013e+00 1.077417427923576021e+01
1.415000000000000036e+00 1.138306693756168331e+00 1.312122242493595614e+01 6.192523739220876955e+00 1.097666891626368191e+01
1.419999999999999929e+00 1.139297024034760630e+00 1.331614585337279699e+01 6.313657039773528545e+00 1.118136123008864580e+01
1.425000000000000044e+00 1.140289941886192482e+00 1.351298348041804864e+01 6.436320595010550427e+00 1.138824442424277095e+01
1.429999999999999938e+00 1.141285437056903218e+00 1.371172877908082555e+01 6.560517029924262111e+00 1.159731266867437682e+01
1.435000000000000053e+00 1.142283499279765024e+00 1.391237190751208530e+01 6.686246620987945199e+00 1.180855660972018129e+01
1.439999999999999947e+00 1.143284118273856675e+00 1.411490797116253226e+01 6.813511725993111945e+00 1.202196823323040675e+01
1.445000000000000062e+00 1.144287283744239936e+00 1.431932814703456103e+01 6.942312944267690966e+00 1.223753878113791771e+01
1.449999999999999956e+00 1.145292985381740625e+00 1.452562224342298336e+01 7.072651747107171261e+00 1.245525997886880987e+01
1.455000000000000071e+00 1.146301212862736563e+00 1.473378120621639553e+01 7.204526383801100664e+00 1.267511855631761719e+01
1.459999999999999964e+00 1.147311955848947074e+00 1.494379639604933629e+01 7.337939330539571259e+00 1.289710811033690874e+01
1.465000000000000080e+00 1.148325203987230259e+00 1.515565621634423366e+01 7.472887315705717626e+00 1.312121200307912616e+01
1.469999999999999973e+00 1.149340946909383598e+00 1.536935124449388823e+01 7.609370983786685194e+00 1.334742118713399073e+01
1.475000000000000089e+00 1.150359174231948334e+00 1.558487033361750917e+01 7.747388769679311338e+00 1.357572184509522195e+01
1.479999999999999982e+00 1.151379875556021837e+00 1.580220043173105182e+01 7.886938429768169279e+00 1.380610032123209763e+01
1.485000000000000098e+00 1.152403040467071982e+00 1.602133183533500116e+01 8.028018307297172029e+00 1.403854246781620674e+01
1.489999999999999991e+00 1.153428658534756623e+00 1.624225008209051424e+01 8.170625863145451362e+00 1.427303347274507672e+01
1.495000000000000107e+00 1.154456719312749513e+00 1.646494289289621094e+01 8.314758199855074139e+00 1.450955856962324297e+01
1.500000000000000000e+00 1.155487212338569769e+00 1.668939723837553402e+01 8.460410188310468982e+00 1.474809757249760445e+01
1.505000000000000115e+00 1.156520127133416675e+00 1.691559805496290991e+01 8.607580538886612231e+00 1.498863806959851530e+01
1.510000000000000009e+00 1.157555453202008700e+00 1.714353282364159270e+01 8.756262681479785925e+00 1.523115841574846208e+01
1.515000000000000124e+00 1.158593180032429393e+00 1.737318407421035360e+01 8.906452552835897762e+00 1.547564176270540415e+01
1.520000000000000018e+00 1.159633297095975069e+00 1.760454006954460127e+01 9.058146428293984087e+00 1.572207036865636809e+01
1.525000000000000133e+00 1.160675793847010029e+00 1.783758112595412015e+01 9.211336494261699315e+00 1.597042173133394272e+01
1.530000000000000027e+00 1.161720659722826676e+00 1.807229444024442699e+01 9.366017780130983184e+00 1.622067595326885936e+01
1.535000000000000142e+00 1.162767884143507846e+00 1.830866172659939650e+01 9.522182036226197965e+00 1.647280907349333035e+01
1.540000000000000036e+00 1.163817456511797577e+00 1.854666548884121369e+01 9.679824389815639307e+00 1.672680310455026387e+01
1.544999999999999929e+00 1.164869366212974766e+00 1.878628881835083320e+01 9.838936092790280696e+00 1.698263255204090072e+01
1.550000000000000044e+00 1.165923602614732379e+00 1.902751348294095024e+01 9.999508772616461982e+00 1.724027325769263541e+01
1.554999999999999938e+00 1.166980155067061542e+00 1.927032033854472104e+01 1.016153447736703974e+01 1.749970197542959127e+01
1.560000000000000053e+00 1.168039012902141183e+00 1.951469253471880805e+01 1.032500565216781574e+01 1.776089534934829572e+01
1.564999999999999947e+00 1.169100165434231231e+00 1.976060743283720456e+01 1.048990947624148440e+01 1.802382223825355467e+01
1.570000000000000062e+00 1.170163601959574473e+00 2.000804708735998005e+01 1.065623838189028660e+01 1.828845995756847387e+01
1.574999999999999956e+00 1.171229311756297298e+00 2.025699217051668199e+01 1.082398116821374323e+01 1.855477923008979957e+01
1.580000000000000071e+00 1.172297284084322211e+00 2.050742013694105736e+01 1.099312743500526146e+01 1.882275317920101543e+01
1.584999999999999964e+00 1.173367508185281460e+00 2.075930946807557476e+01 1.116366409009560101e+01 1.909235027947467600e+01
1.590000000000000080e+00 1.174439973282435989e+00 2.101264071697398350e+01 1.133558253437244723e+01 1.936354637239869803e+01
1.594999999999999973e+00 1.175514668580601496e+00 2.126738908594621336e+01 1.150886712228104436e+01 1.963630582094192434e+01
1.600000000000000089e+00 1.176591583266077601e+00 2.152353429207698809e+01 1.168350643840912539e+01 1.991059952929974131e+01
1.604999999999999982e+00 1.177670706506583453e+00 2.178105356667843040e+01 1.185948748123283814e+01 2.018639634928293347e+01
1.610000000000000098e+00 1.178752027451198003e+00 2.203992196828572858e+01 1.203679580132870441e+01 2.046366353566132190e+01
1.614999999999999991e+00 1.179835535230304933e+00 2.230011711333551716e+01 1.221541879745048576e+01 2.074237059925199134e+01
1.620000000000000107e+00 1.180921218955544472e+00 2.256161351284983851e+01 1.239533924036807200e+01 2.102247907786791004e+01
1.625000000000000000e+00 1.182009067719768769e+00 2.282438909166139140e+01 1.257654363799148456e+01 2.130395748330152372e+01
1.630000000000000115e+00 1.183099070597002811e+00 2.308841675107297320e+01 1.275901416806164868e+01 2.158676732703584733e+01
1.635000000000000009e+00 1.184191216642411337e+00 2.335367341971545940e+01 1.294273870907041690e+01 2.187087965728915862e+01
1.640000000000000124e+00 1.185285494892271307e+00 2.362013206758377493e+01 1.312769846013300601e+01 2.215625487691409035e+01
1.645000000000000018e+00 1.186381894363947032e+00 2.388776709821719990e+01 1.331387725187906312e+01 2.244285709771730453e+01
1.650000000000000133e+00 1.187480404055874628e+00 2.415655237921321685e+01 1.350125544887079165e+01 2.273064439402675418e+01
1.655000000000000027e+00 1.188581012947548476e+00 2.442646294238531013e+01 1.368981918469046377e+01 2.301958629633310949e+01
1.660000000000000142e+00 1.189683709999514560e+00 2.469746848845583997e+01 1.387954699203009135e+01 2.330963932703798136e+01
1.665000000000000036e+00 1.190788484153369131e+00 2.496954767232622174e+01 1.407042389866635368e+01 2.360076823513723454e+01
1.669999999999999929e+00 1.191895324331762041e+00 2.524266786848630417e+01 1.426242768016649443e+01 2.389293057309239643e+01
1.675000000000000044e+00 1.193004219438406732e+00 2.551680326507465679e+01 1.445553995874326247e+01 2.418608659640334935e+01
1.679999999999999938e+00 1.194115158358093565e+00 2.579192790759146447e+01 1.464974192412778464e+01 2.448019678165684354e+01
1.685000000000000053e+00 1.195228129956711127e+00 2.606801360970984760e+01 1.484501462408504757e+01 2.477522301072401589e+01
1.689999999999999947e+00 1.196343123081270665e+00 2.634502809398993151e+01 1.504133582920385237e+01 2.507112160030596115e+01
1.695000000000000062e+00 1.197460126559938276e+00 2.662294778387423122e+01 1.523868619413286929e+01 2.536785123656618168e+01
1.699999999999999956e+00 1.198579129202069993e+00 2.690174277576119977e+01 1.543704529353985855e+01 2.566537209364268790e+01
1.705000000000000071e+00 1.199700119798254416e+00 2.718138233892755196e+01 1.563638851855385248e+01 2.596363557749117135e+01
1.709999999999999964e+00 1.200823087120360011e+00 2.746184086185084894e+01 1.583669981570085916e+01 2.626260897215182055e+01
1.715000000000000080e+00 1.201948019921588173e+00 2.774308854026337556e+01 1.603795492488569607e+01 2.656224380964791010e+01
1.719999999999999973e+00 1.203074906936531852e+00 2.802509516687633706e+01 1.624013102913688300e+01 2.686249684946475469e+01
1.725000000000000089e+00 1.204203736881238829e+00 2.830783260858142825e+01 1.644320840991301935e+01 2.716332843375041861e+01
1.729999999999999982e+00 1.205334498453282777e+00 2.859127354372060736e+01 1.664716267126097904e+01 2.746469087238876838e+01
1.735000000000000098e+00 1.206467180331836975e+00 2.887538530653647584e+01 1.685197202787131943e+01 2.776654279792348134e+01
1.739999999999999991e+00 1.207601771177756689e+00 2.916014017496328847e+01 1.705761383445187107e+01 2.806884105546021146e+01
1.745000000000000107e+00 1.208738259633664436e+00 2.944551047578763203e+01 1.726406624248994603e+01 2.837154232970855006e+01
1.750000000000000000e+00 1.209876634324042799e+00 2.973146436210549837e+01 1.747130411216783230e+01 2.867459956493371109e+01
1.755000000000000115e+00 1.211016883855332349e+00 3.001797565582839766e+01 1.767930588296240302e+01 2.897797117642078746e+01
1.760000000000000009e+00 1.212158996816034451e+00 3.030501327685447777e+01 1.788804828799973023e+01 2.928161264818056964e+01
1.765000000000000124e+00 1.213302961776821398e+00 3.059254836623707163e+01 1.809750711673437351e+01 2.958547957407508022e+01
1.770000000000000018e+00 1.214448767290650766e+00 3.088055433097770930e+01 1.830766090559419013e+01 2.988953009606899514e+01
1.775000000000000133e+00 1.215596401892885980e+00 3.116900119491431553e+01 1.851848571397786003e+01 3.019371895846668252e+01
1.780000000000000027e+00 1.216745854101423552e+00 3.145786130818963144e+01 1.872995758092515217e+01 3.049800166182196648e+01
1.785000000000000142e+00 1.217897112416823635e+00 3.174710192887634719e+01 1.894205153279053633e+01 3.080233397264532158e+01
1.790000000000000036e+00 1.219050165322449919e+00 3.203670155201798053e+01 1.915474672912085197e+01 3.110667279356153259e+01
1.794999999999999929e+00 1.220205001284612623e+00 3.232662253545041864e+01 1.936801698905410873e+01 3.141097174092663735e+01
1.800000000000000044e+00 1.221361608752716377e+00 3.261684901511192436e+01 1.958184382746816610e+01 3.171519712204501928e+01
1.804999999999999938e+00 1.222519976159418986e+00 3.290734651351758799e+01 1.979619840212553328e+01 3.201929504943857552e+01
1.810000000000000053e+00 1.223680091920789526e+00 3.319809073035890634e+01 2.001106109672173261e+01 3.232322866552249252e+01
1.814999999999999947e+00 1.224841944436477315e+00 3.348905341034798511e+01 2.022640815351926236e+01 3.262695441992613610e+01
1.820000000000000062e+00 1.226005522089884225e+00 3.378020749430576330e+01 2.044221410971086428e+01 3.293042615540038298e+01
1.824999999999999956e+00 1.227170813248343206e+00 3.407152653867742487e+01 2.065845934291332853e+01 3.323360738004116399e+01
1.830000000000000071e+00 1.228337806263303689e+00 3.436298397756775103e+01 2.087511827864892666e+01 3.353645139544717324e+01
1.834999999999999964e+00 1.229506489470522324e+00 3.465455773167751374e+01 2.109217222545920123e+01 3.383892325315004967e+01
1.840000000000000080e+00 1.230676851190258825e+00 3.494621634291056012e+01 2.130959326773125184e+01 3.414097376665576178e+01
1.844999999999999973e+00 1.231848879727479362e+00 3.523794151756018067e+01 2.152736440933614404e+01 3.444256829194030445e+01
1.850000000000000089e+00 1.233022563372064173e+00 3.552970300389004876e+01 2.174545871634386529e+01 3.474366171365505807e+01
1.854999999999999982e+00 1.234197890399023168e+00 3.582148081981625154e+01 2.196385989079074008e+01 3.504422233933502895e+01
1.860000000000000098e+00 1.235374849068715752e+00 3.611324964891316114e+01 2.218254150654044210e+01 3.534420165361030541e+01
1.864999999999999991e+00 1.236553427627077095e+00 3.640498518798730032e+01 2.240148498728486359e+01 3.564356723413944650e+01
1.870000000000000107e+00 1.237733614305851271e+00 3.669666643206231527e+01 2.262066775306565702e+01 3.594227620092514286e+01
1.875000000000000000e+00 1.238915397322829737e+00 3.698826840139312822e+01 2.284006855996526397e+01 3.624029132246256069e+01
1.880000000000000115e+00 1.240098764882095139e+00 3.727977307169065568e+01 2.305966945284968972e+01 3.653757881095318538e+01
1.885000000000000009e+00 1.241283705174272667e+00 3.757115543644882649e+01 2.327944823951908049e+01 3.683409986324837604e+01
1.890000000000000124e+00 1.242470206376787178e+00 3.786239723890700759e+01 2.349938565160783099e+01 3.712981605785337536e+01
1.895000000000000018e+00 1.243658256654124994e+00 3.815347649806935237e+01 2.371946107914284951e+01 3.742469265832703229e+01
1.900000000000000133e+00 1.244847844158103012e+00 3.844437366394201661e+01 2.393965781423084493e+01 3.771869866825122841e+01
1.905000000000000027e+00 1.246038957028144711e+00 3.873506890142034820e+01 2.415995412040063783e+01 3.801179418771062757e+01
1.910000000000000142e+00 1.247231583391559262e+00 3.902554441353481707e+01 2.438033124368064364e+01 3.830394352332277919e+01
1.915000000000000036e+00 1.248425711363831514e+00 3.931578193255057130e+01 2.460077483270396570e+01 3.859512032033062923e+01
1.919999999999999929e+00 1.249621329048912655e+00 3.960576265960796150e+01 2.482126255895430944e+01 3.888528439251248159e+01
1.925000000000000044e+00 1.250818424539521745e+00 3.989546920139729025e+01 2.504177992894029003e+01 3.917440996529754216e+01
1.929999999999999938e+00 1.252016985917450365e+00 4.018488670344662239e+01 2.526231002814218130e+01 3.946246388841034758e+01
1.935000000000000053e+00 1.253217001253874363e+00 4.047399554014176459e+01 2.548283403560230198e+01 3.974941239923549574e+01
1.939999999999999947e+00 1.254418458609672937e+00 4.076278474320432110e+01 2.570333748693340681e+01 4.003522613976426214e+01
1.945000000000000062e+00 1.255621346035752151e+00 4.105123686541256234e+01 2.592380304057055440e+01 4.031987562687745452e+01
1.949999999999999956e+00 1.256825651573374891e+00 4.133933733432120761e+01 2.614421739760071972e+01 4.060333274049872898e+01
1.955000000000000071e+00 1.258031363254499713e+00 4.162707119809814316e+01 2.636456220191562139e+01 4.088556714756722243e+01
1.959999999999999964e+00 1.259238469102119673e+00 4.191442757233848937e+01 2.658482745641433809e+01 4.116655556321809684e+01
1.965000000000000080e+00 1.260446957130616275e+00 4.220139321188201365e+01 2.680499566576434134e+01 4.144626534466389955e+01
1.969999999999999973e+00 1.261656815346111182e+00 4.248795540387070702e+01 2.702505347796311241e+01 4.172467145210310235e+01
1.975000000000000089e+00 1.262868031746829489e+00 4.277410312466560072e+01 2.724498977301403357e+01 4.200175265571800054e+01
1.979999999999999982e+00 1.264080594323466533e+00 4.305982511337210639e+01 2.746478928256394525e+01 4.227747810061692491e+01
1.985000000000000098e+00 1.265294491059563597e+00 4.334511170915106959e+01 2.768444225919055057e+01 4.255182765915417065e+01
1.989999999999999991e+00 1.266509709931886274e+00 4.362995099984874514e+01 2.790393375648584495e+01 4.282477533343460152e+01
1.995000000000000107e+00 1.267726238910813485e+00 4.391433468383709027e+01 2.812325126638029715e+01 4.309629194847777711e+01
2.000000000000000000e+00 1.268944065960727619e+00 4.419825625846798545e+01 2.834238902328319298e+01 4.336636666417176400e+01
2.004999999999999893e+00 1.270163179040415979e+00 4.448169822578814347e+01 2.856133063935514116e+01 4.363497665143381710e+01
2.010000000000000231e+00 1.271383566103475360e+00 4.476466716200284424e+01 2.878007191701041378e+01 4.390209206941611342e+01
2.015000000000000124e+00 1.272605215098723486e+00 4.504715080149479434e+01 2.899859975175895954e+01 4.416769558514317850e+01
2.020000000000000018e+00 1.273828113970618237e+00 4.532913821862133119e+01 2.921690251377579628e+01 4.443176415867186790e+01
2.024999999999999911e+00 1.275052250659680864e+00 4.561062776071176472e+01 2.943497434716850236e+01 4.469428230307706684e+01
2.030000000000000249e+00 1.276277613102927866e+00 4.589161341600313904e+01 2.965280682519508559e+01 4.495523088566992698e+01
2.035000000000000142e+00 1.277504189234306420e+00 4.617208934304733248e+01 2.987039296264706323e+01 4.521459516525971623e+01
2.040000000000000036e+00 1.278731966985139357e+00 4.645205094164888493e+01 3.008772107020694975e+01 4.547234886401849252e+01
2.044999999999999929e+00 1.279960934284574359e+00 4.673149495292374667e+01 3.030478681917759332e+01 4.572848133783107727e+01
2.049999999999999822e+00 1.281191079060038929e+00 4.701041858904086013e+01 3.052158469901574378e+01 4.598297598803181785e+01
2.055000000000000160e+00 1.282422389237703575e+00 4.728881985619217687e+01 3.073810750488030763e+01 4.623581568890600835e+01
2.060000000000000053e+00 1.283654852742951435e+00 4.756669233667407326e+01 3.095434568918993179e+01 4.648698075386159445e+01
2.064999999999999947e+00 1.284888457500850345e+00 4.784403886019206453e+01 3.117029836684095301e+01 4.673646183572174095e+01
2.069999999999999840e+00 1.286123191436637780e+00 4.812085549169756860e+01 3.138595872214303739e+01 4.698424442295156211e+01
2.075000000000000178e+00 1.287359042476205584e+00 4.839714208702873321e+01 3.160132233253912659e+01 4.723031313957270783e+01
2.080000000000000071e+00 1.288595998546594679e+00 4.867289819089535996e+01 3.181638537247351906e+01 4.747465561191791750e+01
2.084999999999999964e+00 1.289834047576496001e+00 4.894812502917178421e+01 3.203114274428469344e+01 4.771725604268801391e+01
2.089999999999999858e+00 1.291073177496757207e+00 4.922281917265623719e+01 3.224559129371393595e+01 4.795810704381617029e+01
2.095000000000000195e+00 1.292313376240894485e+00 4.949698728384247914e+01 3.245972891566488272e+01 4.819719265494145333e+01
2.100000000000000089e+00 1.293554631745612582e+00 4.977062583160511622e+01 3.267355102689055713e+01 4.843450265594937321e+01
2.104999999999999982e+00 1.294796931951329721e+00 5.004373894895577024e+01 3.288705704661219897e+01 4.867002901317172814e+01
2.109999999999999876e+00 1.296040264802710951e+00 5.031632555406169871e+01 3.310024108448556746e+01 4.890375492015207470e+01
2.115000000000000213e+00 1.297284618249205046e+00 5.058839564538394740e+01 3.331311064900305752e+01 4.913568296219687426e+01
2.120000000000000107e+00 1.298529980245588522e+00 5.085994456131862052e+01 3.352565489700364765e+01 4.936579080675041808e+01
2.125000000000000000e+00 1.299776338752518745e+00 5.113097636119452716e+01 3.373787155558357398e+01 4.959406627310372073e+01
2.129999999999999893e+00 1.301023681737088600e+00 5.140149800506855371e+01 3.394976764006035808e+01 4.982051398604319559e+01
2.135000000000000231e+00 1.302271997173391371e+00 5.167151336134553929e+01 3.416134099494748710e+01 5.004512161901377709e+01
2.140000000000000124e+00 1.303521273043090511e+00 5.194102658341532219e+01 3.437259065981462669e+01 5.026787999029247089e+01
2.145000000000000018e+00 1.304771497335994956e+00 5.221004073358227515e+01 3.458351406303468423e+01 5.048877702269024326e+01
2.149999999999999911e+00 1.306022658050641327e+00 5.247856371546623677e+01 3.479411796162121107e+01 5.070781561848856711e+01
2.155000000000000249e+00 1.307274743194883682e+00 5.274659519686191800e+01 3.500439437467397141e+01 5.092497583700499320e+01
2.160000000000000142e+00 1.308527740786487481e+00 5.301414733322668127e+01 3.521435183260773982e+01 5.114026177818458052e+01
2.165000000000000036e+00 1.309781638853730668e+00 5.328121900811009226e+01 3.542398526035246675e+01 5.135365792229845283e+01
2.169999999999999929e+00 1.311036425436011399e+00 5.354782711772850234e+01 3.563330707022481647e+01 5.156517381438477088e+01
2.175000000000000266e+00 1.312292088584462002e+00 5.381396693915782237e+01 3.584230634816908179e+01 5.177478507424266496e+01
2.180000000000000160e+00 1.313548616362568033e+00 5.407965177157317527e+01 3.605099540027178762e+01 5.198250050391377641e+01
2.185000000000000053e+00 1.314805996846795111e+00 5.434488648664677157e+01 3.625937010141563377e+01 5.218830765058487486e+01
2.189999999999999947e+00 1.316064218127219965e+00 5.460967636624831556e+01 3.646743138371987669e+01 5.239219742069836627e+01
2.194999999999999840e+00 1.317323268308171258e+00 5.487403789505401619e+01 3.667519414841539316e+01 5.259418333606894436e+01
2.200000000000000178e+00 1.318583135508872406e+00 5.513797048170679460e+01 3.688265125148792833e+01 5.279424700842051976e+01
2.205000000000000071e+00 1.319843807864092611e+00 5.540148209040104632e+01 3.708980500995033935e+01 5.299238171508375217e+01
2.209999999999999964e+00 1.321105273524805224e+00 5.566458477746170530e+01 3.729666508041157158e+01 5.318859438099727299e+01
2.214999999999999858e+00 1.322367520658849438e+00 5.592728710464473352e+01 3.750323371092576252e+01 5.338287632602683885e+01
2.220000000000000195e+00 1.323630537451601530e+00 5.618959181316629525e+01 3.770950900601856404e+01 5.357521844066129546e+01
2.225000000000000089e+00 1.324894312106648098e+00 5.645151597492324669e+01 3.791550462009016087e+01 5.376563082064155452e+01
2.229999999999999982e+00 1.326158832846469293e+00 5.671306320794020905e+01 3.812121755790868605e+01 5.395409834984945263e+01
2.234999999999999876e+00 1.327424087913126938e+00 5.697424587668074736e+01 3.832665876038642239e+01 5.414063129680182840e+01
2.240000000000000213e+00 1.328690065568957523e+00 5.723506774240414074e+01 3.853182312070706672e+01 5.432520943181143736e+01
2.245000000000000107e+00 1.329956754097271210e+00 5.749554481498307013e+01 3.873672430258353927e+01 5.450784458683521905e+01
2.250000000000000000e+00 1.331224141803060590e+00 5.775568563784037224e+01 3.894136705408200783e+01 5.468853452537310744e+01
2.254999999999999893e+00 1.332492217013710345e+00 5.801549838074152632e+01 3.914575320017723925e+01 5.486727209598743826e+01
2.260000000000000231e+00 1.333760968079716003e+00 5.827498999526375201e+01 3.934988704633089895e+01 5.504405697576465428e+01
2.265000000000000124e+00 1.335030383375409135e+00 5.853417773802064517e+01 3.955377860929760914e+01 5.521888815025148034e+01
2.270000000000000018e+00 1.336300451299685221e+00 5.879306565556287723e+01 3.975742807224906983e+01 5.539176028681669806e+01
2.274999999999999911e+00 1.337571160276742388e+00 5.905166577334944833e+01 3.996084492849474401e+01 5.556267810423099007e+01
2.280000000000000249e+00 1.338842498756821042e+00 5.930999061403169037e+01 4.016403505655704009e+01 5.573163828158202904e+01
2.285000000000000142e+00 1.340114455216953049e+00 5.956805227419381765e+01 4.036700710884627341e+01 5.589864331908582784e+01
2.290000000000000036e+00 1.341387018161716460e+00 5.982585401561980376e+01 4.056975908086916149e+01 5.606368445567926528e+01
2.294999999999999929e+00 1.342660176123993576e+00 6.008340923162000990e+01 4.077229861866866401e+01 5.622675894626847537e+01
2.300000000000000266e+00 1.343933917665737443e+00 6.034073442174626933e+01 4.097464016279704424e+01 5.638787941847073171e+01
2.305000000000000160e+00 1.345208231378743458e+00 6.059783706214195576e+01 4.117678708739690308e+01 5.654704090059524901e+01
2.310000000000000053e+00 1.346483105885426967e+00 6.085472595968438725e+01 4.137874050693314842e+01 5.670423492875276850e+01
2.314999999999999947e+00 1.347758529839606201e+00 6.111141253095694736e+01 4.158051063982544093e+01 5.685946802023471491e+01
2.319999999999999840e+00 1.349034491927291413e+00 6.136790996240929275e+01 4.178210515722399521e+01 5.701273954364896213e+01
2.325000000000000178e+00 1.350310980867478472e+00 6.162423057260466663e+01 4.198353115222429466e+01 5.716404964072797412e+01
2.330000000000000071e+00 1.351587985412951776e+00 6.188038310914409834e+01 4.218479360663598499e+01 5.731339497475336486e+01
2.334999999999999964e+00 1.352865494351088493e+00 6.213637863068358058e+01 4.238590047276282036e+01 5.746078139816555108e+01
2.339999999999999858e+00 1.354143496504671029e+00 6.239222606592335296e+01 4.258685289697400123e+01 5.760619639945592496e+01
2.345000000000000195e+00 1.355421980732705700e+00 6.264794704252177837e+01 4.278767351753611337e+01 5.774966354066503982e+01
2.350000000000000089e+00 1.356700935931243857e+00 6.290354047652050440e+01 4.298835187870779606e+01 5.789115929454245446e+01
2.354999999999999982e+00 1.357980351034212774e+00 6.315902291044310601e+01 4.318890341526701349e+01 5.803069583128179687e+01
2.359999999999999876e+00 1.359260215014249207e+00 6.341440820202447526e+01 4.338933542970085000e+01 5.816827056100508742e+01
2.365000000000000213e+00 1.360540516883539608e+00 6.366970684419278825e+01 4.358965857079978434e+01 5.830389385934832092e+01
2.370000000000000107e+00 1.361821245694665894e+00 6.392492938912329947e+01 4.378987383094251129e+01 5.843755251180504473e+01
2.375000000000000000e+00 1.363102390541456321e+00 6.418008165232662066e+01 4.398998620116213942e+01 5.856924871646138797e+01
2.379999999999999893e+00 1.364383940559842134e+00 6.443518703140510695e+01 4.419001465737111545e+01 5.869899568962802050e+01
2.385000000000000231e+00 1.365665884928720875e+00 6.469024866225016979e+01 4.438995875251018219e+01 5.882678791750523573e+01
2.390000000000000124e+00 1.366948212870820356e+00 6.494527849744942216e+01 4.458982288370001612e+01 5.895261576211970578e+01
2.395000000000000018e+00 1.368230913653576408e+00 6.520029390227593069e+01 4.478962670121694600e+01 5.907650217243609347e+01
2.399999999999999911e+00 1.369513976590007287e+00 6.545529958772866053e+01 4.498936572815878066e+01 5.919842940528729258e+01
2.405000000000000249e+00 1.370797391039600077e+00 6.571030704921632548e+01 4.518904912190014045e+01 5.931840443321861756e+01
2.410000000000000142e+00 1.372081146409197538e+00 6.596533479672757494e+01 4.538869091670873246e+01 5.943642914024844970e+01
2.415000000000000036e+00 1.373365232153893167e+00 6.622038946494430434e+01 4.558829525306028785e+01 5.955250958827787855e+01
2.419999999999999929e+00 1.374649637777930256e+00 6.647548543489334349e+01 4.578787239734665349e+01 5.966664354911839752e+01
2.425000000000000266e+00 1.375934352835608943e+00 6.673062998711891680e+01 4.598742373705321995e+01 5.977882920951341816e+01
2.430000000000000160e+00 1.377219366932191491e+00 6.698583549857248443e+01 4.618696089094846258e+01 5.988907263537380743e+01
2.435000000000000053e+00 1.378504669724822440e+00 6.724111588108785043e+01 4.638649118014668460e+01 5.999737131107666954e+01
2.439999999999999947e+00 1.379790250923445205e+00 6.749648365819939499e+01 4.658602582982086915e+01 6.010373494464235478e+01
2.444999999999999840e+00 1.381076100291728892e+00 6.775194195459755520e+01 4.678557016016894465e+01 6.020816148403652335e+01
2.450000000000000178e+00 1.382362207647998886e+00 6.800751255260583150e+01 4.698512786624740301e+01 6.031064856410456798e+01
2.455000000000000071e+00 1.383648562866170106e+00 6.826320509929441016e+01 4.718471390110883590e+01 6.041120534122162411e+01
2.459999999999999964e+00 1.384935155876690471e+00 6.851902604568344657e+01 4.738433069098470440e+01 6.050983186462353558e+01
2.464999999999999858e+00 1.386221976667483702e+00 6.877499056912638764e+01 4.758398748240669818e+01 6.060652804138104699e+01
2.470000000000000195e+00 1.387509015284901448e+00 6.903110553990156006e+01 4.778368832142167122e+01 6.070129228072976701e+01
2.475000000000000089e+00 1.388796261834676082e+00 6.928738848756358948e+01 4.798344833855087188e+01 6.079413780973447956e+01
2.479999999999999982e+00 1.390083706482882597e+00 6.954384823336818044e+01 4.818327308114768215e+01 6.088505912753790739e+01
2.484999999999999876e+00 1.391371339456903167e+00 6.980049772401979169e+01 4.838317178574246213e+01 6.097406823533316356e+01
2.490000000000000213e+00 1.392659151046396371e+00 7.005734101698945437e+01 4.858314366504607307e+01 6.106115263598992016e+01
2.495000000000000107e+00 1.393947131604270639e+00 7.031439930317792175e+01 4.878321067641576292e+01 6.114633510329977639e+01
2.500000000000000000e+00 1.395235271547664579e+00 7.057167332895076584e+01 4.898336350406063389e+01 6.122959494586255147e+01
2.504999999999999893e+00 1.396523561358930632e+00 7.082918297376710370e+01 4.918362479443219115e+01 6.131095621401165374e+01
2.510000000000000231e+00 1.397811991586621838e+00 7.108693478016462564e+01 4.938399472055445472e+01 6.139041065307576162e+01
2.515000000000000124e+00 1.399100552846486600e+00 7.134494430841536428e+01 4.958448727226119956e+01 6.146797101624316184e+01
2.520000000000000018e+00 1.400389235822465217e+00 7.160321095459713092e+01 4.978509701937721843e+01 6.154362577550304536e+01
2.524999999999999911e+00 1.401678031267691527e+00 7.186175926002123049e+01 4.998584534242671396e+01 6.161739056599215303e+01
2.530000000000000249e+00 1.402966930005501656e+00 7.212059464503005302e+01 5.018673727096928872e+01 6.168927066315417562e+01
2.535000000000000142e+00 1.404255922930439437e+00 7.237972738031702136e+01 5.038777656905632085e+01 6.175926090347421393e+01
2.540000000000000036e+00 1.405545001009279815e+00 7.263917113228261258e+01 5.058897641930760614e+01 6.182737404409000703e+01
2.544999999999999929e+00 1.406834155282040921e+00 7.289892729778411251e+01 5.079033280844137721e+01 6.189360240514874079e+01
2.550000000000000266e+00 1.408123376863012810e+00 7.315902043731466620e+01 5.099186994304182008e+01 6.195796798182599474e+01
2.555000000000000160e+00 1.409412656941783526e+00 7.341944999259034432e+01 5.119358004683043362e+01 6.202045175961255552e+01
2.560000000000000053e+00 1.410701986784272943e+00 7.368023151532128168e+01 5.139548083039352377e+01 6.208108039093501418e+01
2.564999999999999947e+00 1.411991357733769048e+00 7.394137633415245148e+01 5.159757625194328057e+01 6.213984487165303250e+01
2.569999999999999840e+00 1.413280761211968217e+00 7.420289027268241000e+01 5.179987318141969155e+01 6.219675604381099987e+01
2.575000000000000178e+00 1.414570188720020605e+00 7.446478785336965700e+01 5.200238082302817588e+01 6.225181949360025868e+01
2.580000000000000071e+00 1.415859631839580635e+00 7.472707722915502870e+01 5.220510441940918867e+01 6.230503334605877797e+01
2.584999999999999964e+00 1.417149082233858159e+00 7.498977237100216087e+01 5.240805586693159057e+01 6.235641112065580671e+01
2.589999999999999858e+00 1.418438531648677170e+00 7.525288036785067902e+01 5.261124011553230417e+01 6.240595610834195384e+01
2.595000000000000195e+00 1.419727971913536280e+00 7.551641122854532284e+01 5.281466418549678821e+01 6.245367142826805917e+01
2.600000000000000089e+00 1.421017394942674095e+00 7.578037683509383271e+01 5.301833630524324548e+01 6.249956685473578943e+01
2.604999999999999982e+00 1.422306792736138581e+00 7.604478147404788047e+01 5.322225773440612784e+01 6.254363753826510219e+01
2.609999999999999876e+00 1.423596157380858207e+00 7.630964492575932923e+01 5.342644624191241576e+01 6.258590270271506739e+01
2.615000000000000213e+00 1.424885481051721747e+00 7.657497207287789820e+01 5.363090533679405070e+01 6.262636636498403675e+01
2.620000000000000107e+00 1.426174756012655642e+00 7.684077213205453916e+01 5.383564222305222557e+01 6.266503730283353235e+01
2.625000000000000000e+00 1.427463974617710019e+00 7.710705179936825004e+01 5.404065541948265405e+01 6.270190226479493845e+01
2.629999999999999893e+00 1.428753129312145598e+00 7.737382578845736703e+01 5.424596363360015516e+01 6.273699368149810596e+01
2.635000000000000231e+00 1.430042212633526821e+00 7.764110405354546174e+01 5.445157184920945781e+01 6.277030758975873681e+01
2.640000000000000124e+00 1.431331217212814755e+00 7.790889481555988993e+01 5.465748722723343889e+01 6.280185518768670505e+01
2.645000000000000018e+00 1.432620135775467096e+00 7.817720558631371830e+01 5.486371267039504573e+01 6.283163988707812564e+01
2.649999999999999911e+00 1.433908961142540850e+00 7.844605064253715909e+01 5.507026204947435843e+01 6.285967401647352659e+01
2.655000000000000249e+00 1.435197686231796554e+00 7.871543474362809434e+01 5.527713459121327588e+01 6.288595711085468309e+01
2.660000000000000142e+00 1.436486304058808727e+00 7.898536909157621722e+01 5.548434157460321359e+01 6.291050569220547573e+01
2.665000000000000036e+00 1.437774807738079197e+00 7.925586097001932728e+01 5.569188760361618051e+01 6.293332386458176586e+01
2.669999999999999929e+00 1.439063190484150212e+00 7.952692064537907868e+01 5.589978244732051138e+01 6.295442348986018288e+01
2.675000000000000266e+00 1.440351445612727099e+00 7.979856175269721064e+01 5.610803559995778755e+01 6.297381699829072232e+01
2.680000000000000160e+00 1.441639566541798700e+00 8.007078616158898399e+01 5.631664528715685947e+01 6.299150166974356324e+01
2.685000000000000053e+00 1.442927546792763360e+00 8.034360332371899460e+01 5.652562085683020854e+01 6.300749421071907364e+01
2.689999999999999947e+00 1.444215379991559578e+00 8.061703064009697073e+01 5.673497866802864564e+01 6.302180951735712000e+01
2.694999999999999840e+00 1.445503059869796658e+00 8.089106643007669106e+01 5.694471336194239797e+01 6.303444983843302651e+01
2.700000000000000178e+00 1.446790580265890691e+00 8.116572833434105405e+01 5.715483976130136057e+01 6.304543156009305704e+01
2.705000000000000071e+00 1.448077935126202975e+00 8.144101670055677289e+01 5.736535820928202156e+01 6.305475749765447802e+01
2.709999999999999964e+00 1.449365118506182437e+00 8.171694712425872353e+01 5.757628011866992779e+01 6.306244656192151155e+01
2.714999999999999858e+00 1.450652124571508272e+00 8.199352344249862767e+01 5.778761018630353874e+01 6.306850816811244442e+01
2.720000000000000195e+00 1.451938947599239915e+00 8.227076046611330185e+01 5.799936345170318219e+01 6.307296892783141828e+01
2.725000000000000089e+00 1.453225581978965009e+00 8.254865368413710769e+01 5.821152498825591692e+01 6.307580220063539400e+01
2.729999999999999982e+00 1.454512022213955591e+00 8.282722750884273921e+01 5.842412339679783884e+01 6.307705249787958479e+01
2.734999999999999876e+00 1.455798262922322506e+00 8.310647346661505708e+01 5.863714423215141380e+01 6.307670746114597904e+01
2.740000000000000213e+00 1.457084298838174696e+00 8.338641146206627752e+01 5.885061049658874310e+01 6.307480489847535665e+01
2.745000000000000107e+00 1.458370124812782276e+00 8.366704785578821202e+01 5.906452550560260306e+01 6.307134507334502160e+01
2.750000000000000000e+00 1.459655735815740485e+00 8.394838708646895498e+01 5.927888987920827901e+01 6.306634081605633213e+01
2.754999999999999893e+00 1.460941126936137202e+00 8.423043673348031746e+01 5.949370980167938683e+01 6.305980490613295331e+01
2.760000000000000231e+00 1.462226293383724007e+00 8.451320829184729178e+01 5.970899814692906205e+01 6.305175972059790013e+01
2.765000000000000124e+00 1.463511230490086357e+00 8.479670993579809135e+01 5.992476004266067946e+01 6.304221771908957805e+01
2.770000000000000018e+00 1.464795933709824194e+00 8.508094538869708856e+01 6.014099650842500466e+01 6.303119032711073544e+01
2.774999999999999911e+00 1.466080398621724123e+00 8.536592227132047128e+01 6.035771344708015818e+01 6.301868606633482273e+01
2.780000000000000249e+00 1.467364620929943797e+00 8.565164683490451125e+01 6.057491743744332524e+01 6.300473061566348321e+01
2.785000000000000142e+00 1.468648596465194744e+00 8.593813252783610324e+01 6.079261876144560972e+01 6.298933806743090713e+01
2.790000000000000036e+00 1.469932321185927426e+00 8.622537759293751947e+01 6.101081306395482073e+01 6.297251443568460871e+01
2.794999999999999929e+00 1.471215791179520282e+00 8.651339772637814463e+01 6.122951895260334254e+01 6.295429251258705250e+01
2.800000000000000266e+00 1.472499002663467449e+00 8.680219716297294497e+01 6.144873545872356146e+01 6.293467805902474765e+01
2.805000000000000160e+00 1.473781951986576466e+00 8.709178151360524112e+01 6.166847102629706967e+01 6.291369943557737088e+01
2.810000000000000053e+00 1.475064635630160437e+00 8.738215534076576319e+01 6.188872275537433154e+01 6.289135528384433371e+01
2.814999999999999947e+00 1.476347050209237288e+00 8.767332884765487222e+01 6.210950266251644081e+01 6.286767620192506456e+01
2.819999999999999840e+00 1.477629192473728592e+00 8.796530998737681273e+01 6.233082119737082394e+01 6.284268661887416130e+01
2.825000000000000178e+00 1.478911059309663267e+00 8.825809670303070220e+01 6.255266863322050597e+01 6.281639054537444622e+01
2.830000000000000071e+00 1.480192647740382617e+00 8.855171082521511039e+01 6.277507029893696711e+01 6.278881925632791905e+01
2.834999999999999964e+00 1.481473954927746250e+00 8.884614236113050367e+01 6.299801382057943044e+01 6.275998898239394208e+01
2.839999999999999858e+00 1.482754978173340454e+00 8.914140660637322355e+01 6.322151065877140752e+01 6.272991034629659879e+01
2.845000000000000195e+00 1.484035714919693882e+00 8.943750298654587993e+01 6.344556351187361543e+01 6.269861639266503772e+01
2.850000000000000089e+00 1.485316162751484814e+00 8.973444973912856426e+01 6.367018609978855181e+01 6.266612178435489966e+01
2.854999999999999982e+00 1.486596319396762178e+00 9.003223742648438588e+01 6.389537072111711780e+01 6.263244893047567530e+01
2.859999999999999876e+00 1.487876182728162133e+00 9.033088398515522499e+01 6.412113267356741630e+01 6.259761912121519600e+01
2.865000000000000213e+00 1.489155750764126207e+00 9.063039061018032783e+01 6.434747485598151684e+01 6.256166281528614803e+01
2.870000000000000107e+00 1.490435021670126092e+00 9.093075926354042338e+01 6.457439364034840423e+01 6.252458499306523265e+01
2.875000000000000000e+00 1.491713993759884893e+00 9.123200556816779283e+01 6.480190910031623730e+01 6.248642953332962691e+01
2.879999999999999893e+00 1.492992665496607696e+00 9.153412013596067709e+01 6.503000688970281828e+01 6.244720207996739703e+01
2.885000000000000231e+00 1.494271035494205480e+00 9.183711716079254472e+01 6.525870181215022114e+01 6.240692901171384932e+01
2.890000000000000124e+00 1.495549102518527240e+00 9.214100503321037650e+01 6.548800426761525273e+01 6.236565009479429023e+01
2.895000000000000018e+00 1.496826865488593894e+00 9.244578255002602418e+01 6.571790813432210143e+01 6.232337630306469833e+01
2.899999999999999911e+00 1.498104323477830180e+00 9.275145384500390833e+01 6.594841851039396374e+01 6.228012858129245899e+01
2.905000000000000249e+00 1.499381475715303225e+00 9.305802677203330120e+01 6.617954217475016776e+01 6.223594411454447339e+01
2.910000000000000142e+00 1.500658321586958444e+00 9.336551016161926952e+01 6.641129055671363801e+01 6.219084779731267787e+01
2.915000000000000036e+00 1.501934860636862323e+00 9.367389667371654127e+01 6.664365050489321618e+01 6.214485388324470705e+01
2.919999999999999929e+00 1.503211092568443430e+00 9.398320063699314630e+01 6.687663865161634646e+01 6.209799868257845645e+01
2.925000000000000266e+00 1.504487017245737190e+00 9.429342451304623296e+01 6.711025919884176005e+01 6.205031685393946361e+01
2.930000000000000160e+00 1.505762634694630231e+00 9.460457295158718694e+01 6.734451337727824694e+01 6.200182908824892536e+01
2.935000000000000053e+00 1.507037945104112264e+00 9.491664709503490371e+01 6.757940233645851436e+01 6.195255742435814739e+01
2.939999999999999947e+00 1.508312948827522426e+00 9.522965527251329831e+01 6.781493811456940080e+01 6.190254795839024382e+01
2.944999999999999840e+00 1.509587646383803383e+00 9.554359604757551949e+01 6.805111025646945677e+01 6.185180660265829289e+01
2.950000000000000178e+00 1.510862038458753664e+00 9.585847349543195151e+01 6.828792834406658585e+01 6.180037403002781105e+01
2.955000000000000071e+00 1.512136125906285322e+00 9.617429715155182635e+01 6.852540309476266600e+01 6.174828468994264341e+01
2.959999999999999964e+00 1.513409909749681370e+00 9.649106694857364630e+01 6.876353229973130965e+01 6.169557486023330739e+01
2.964999999999999858e+00 1.514683391182853445e+00 9.680878493026618514e+01 6.900231693640773756e+01 6.164225666869716491e+01
2.970000000000000195e+00 1.515956571571605682e+00 9.712745289646520064e+01 6.924175999373704826e+01 6.158837759239416698e+01
2.975000000000000089e+00 1.517229452454897709e+00 9.744708335531031196e+01 6.948187352111048654e+01 6.153396463101071845e+01
2.979999999999999982e+00 1.518502035546109630e+00 9.776766694431029237e+01 6.972264772049024373e+01 6.147904989503356177e+01
2.984999999999999876e+00 1.519774322734309235e+00 9.808921537320593131e+01 6.996409516565279318e+01 6.142366258817132518e+01
2.990000000000000213e+00 1.521046316085523209e+00 9.841172885643175050e+01 7.020621685319173366e+01 6.136785307971518932e+01
2.995000000000000107e+00 1.522318017844006111e+00 9.873520822146865328e+01 7.044900845573722847e+01 6.131162602055074728e+01
3.000000000000000000e+00 1.523589430433515579e+00 9.905965726685012385e+01 7.069248148898597606e+01 6.125504052488455642e+01
3.004999999999999893e+00 1.524860556458587313e+00 9.938508011419368415e+01 7.093663410294252003e+01 6.119812154729814324e+01
3.010000000000000231e+00 1.526131398705811604e+00 9.971147496633481921e+01 7.118146742795175896e+01 6.114090521589105975e+01
3.015000000000000124e+00 1.527401960145112314e+00 1.000388493262935299e+02 7.142699024126216045e+01 6.108343185098926398e+01
3.020000000000000018e+00 1.528672243931031183e+00 1.003671987392568496e+02 7.167319662200002028e+01 6.102573175474840639e+01
3.024999999999999911e+00 1.529942253404009023e+00 1.006965336385877094e+02 7.192009745753711059e+01 6.096784931515725248e+01
3.030000000000000249e+00 1.531211992091669805e+00 1.010268512544724899e+02 7.216769280819221422e+01 6.090981551497566926e+01
3.035000000000000142e+00 1.532481463710112957e+00 1.013581536673118677e+02 7.241598160762072212e+01 6.085166905637664314e+01
3.040000000000000036e+00 1.533750672165198337e+00 1.016904405062328323e+02 7.266496396812917169e+01 6.079344872369379260e+01
3.044999999999999929e+00 1.535019621553841640e+00 1.020237140187584117e+02 7.291464281176288864e+01 6.073518463315308225e+01
3.050000000000000266e+00 1.536288316165307810e+00 1.023579802602173601e+02 7.316502683741606461e+01 6.067693320151129655e+01
3.055000000000000160e+00 1.537556760482504448e+00 1.026932332652594084e+02 7.341611075804138409e+01 6.061872459398173874e+01
3.060000000000000053e+00 1.538824959183287211e+00 1.030294804665892627e+02 7.366789983979487033e+01 6.056059723577155296e+01
3.064999999999999947e+00 1.540092917141751672e+00 1.033667217682271939e+02 7.392039733875452612e+01 6.050259589252718939e+01
3.070000000000000284e+00 1.541360639429545376e+00 1.037049543765802184e+02 7.417359855046112216e+01 6.044475737795255554e+01
3.075000000000000178e+00 1.542628131317168361e+00 1.040441800721218044e+02 7.442750564268166613e+01 6.038712203144879709e+01
3.080000000000000071e+00 1.543895398275281439e+00 1.043844034570719970e+02 7.468212676186352894e+01 6.032973394946129275e+01
3.084999999999999964e+00 1.545162445976019150e+00 1.047256215583135059e+02 7.493745594578743408e+01 6.027263534529328837e+01
3.089999999999999858e+00 1.546429280294300046e+00 1.050678354831807582e+02 7.519350120598173248e+01 6.021587716748379648e+01
3.095000000000000195e+00 1.547695907309144969e+00 1.054110448652701564e+02 7.545025824808526238e+01 6.015948820913362738e+01
3.100000000000000089e+00 1.548962333304992001e+00 1.057552525068342248e+02 7.570772900433512120e+01 6.010351638331420077e+01
3.104999999999999982e+00 1.550228564773019402e+00 1.061004559210051212e+02 7.596591438491063286e+01 6.004800733620538722e+01
3.109999999999999876e+00 1.551494608412467890e+00 1.064466599517627401e+02 7.622482186958228567e+01 5.999300765396081658e+01
3.115000000000000213e+00 1.552760471131968911e+00 1.067938578007488672e+02 7.648444319263030877e+01 5.993855554420912313e+01
3.120000000000000107e+00 1.554026160050869576e+00 1.071420529115794409e+02 7.674478257327081110e+01 5.988470492640162490e+01
3.125000000000000000e+00 1.555291682500568706e+00 1.074913983880035175e+02 7.700592443129750109e+01 5.983120596147626458e+01
3.129999999999999893e+00 1.556557046025848434e+00 1.078415892726694665e+02 7.726770089071399639e+01 5.977866904836574946e+01
3.135000000000000231e+00 1.557822258386214909e+00 1.081927829881614116e+02 7.753020671876228676e+01 5.972686551848338610e+01
3.140000000000000124e+00 1.559087327557234559e+00 1.085449679325694916e+02 7.779342917608991570e+01 5.967585147197655004e+01
3.145000000000000018e+00 1.560352261731882795e+00 1.088981461101337942e+02 7.805736852530586134e+01 5.962564868071498125e+01
3.149999999999999911e+00 1.561617069321888263e+00 1.092523222992410012e+02 7.832203377029496494e+01 5.957632841320219796e+01
3.155000000000000249e+00 1.562881758959084433e+00 1.096074893201258647e+02 7.858742052486303464e+01 5.952793092938325969e+01
3.160000000000000142e+00 1.564146339496760740e+00 1.099636473354306077e+02 7.885352845544443312e+01 5.948050294259503090e+01
3.165000000000000036e+00 1.565410820011023496e+00 1.103207966822926380e+02 7.912035641073008208e+01 5.943409280546099893e+01
3.169999999999999929e+00 1.566675209802153468e+00 1.106789326654462400e+02 7.938790494311675161e+01 5.938875477456114282e+01
3.175000000000000266e+00 1.567939518395971676e+00 1.110380627653020014e+02 7.965618425958507487e+01 5.934453539089140151e+01
3.180000000000000160e+00 1.569203755545205192e+00 1.113981727789055043e+02 7.992517255007051347e+01 5.930147245158903502e+01
3.185000000000000053e+00 1.570467931230861369e+00 1.117592705231128605e+02 8.019488726903153974e+01 5.925962778951407017e+01
3.189999999999999947e+00 1.571732055663601191e+00 1.121213517054153357e+02 8.046532202169480286e+01 5.921905196002182237e+01
3.195000000000000284e+00 1.572996139285118833e+00 1.124844143205246070e+02 8.073647631186192086e+01 5.917978734662477081e+01
3.200000000000000178e+00 1.574260192769525224e+00 1.128484603277416056e+02 8.100835551811393032e+01 5.914189279274888378e+01
3.205000000000000071e+00 1.575524227024737378e+00 1.132134781289818335e+02 8.128094753066001488e+01 5.910541941471454663e+01
3.209999999999999964e+00 1.576788253193867284e+00 1.135794728506409115e+02 8.155425744896206197e+01 5.907040959061698260e+01
3.214999999999999858e+00 1.578052282656617233e+00 1.139464453062045095e+02 8.182829383611195340e+01 5.903692288277675715e+01
3.220000000000000195e+00 1.579316327030685141e+00 1.143143896277811109e+02 8.210304479421847645e+01 5.900501138690368208e+01
3.225000000000000089e+00 1.580580398173165202e+00 1.146832974576826274e+02 8.237850721317573743e+01 5.897471988514057273e+01
3.229999999999999982e+00 1.581844508181959430e+00 1.150531764653770637e+02 8.265468916607792949e+01 5.894610410480664342e+01
3.234999999999999876e+00 1.583108669397191415e+00 1.154240251254891092e+02 8.293159282523910747e+01 5.891923037781783279e+01
3.240000000000000213e+00 1.584372894402625409e+00 1.157958284232634583e+02 8.320919991165419560e+01 5.889412644056069723e+01
3.245000000000000107e+00 1.585637196027092743e+00 1.161685940847604428e+02 8.348752670152666155e+01 5.887086507863723739e+01
3.250000000000000000e+00 1.586901587345919129e+00 1.165423182971732246e+02 8.376656566460837894e+01 5.884949344201690735e+01
3.254999999999999893e+00 1.588166081682362174e+00 1.169169946782538432e+02 8.404631084434517163e+01 5.883006025669732963e+01
3.260000000000000231e+00 1.589430692609048013e+00 1.172926245326186319e+02 8.432677025112155889e+01 5.881262491785569324e+01
3.265000000000000124e+00 1.590695433949419924e+00 1.176691981013270407e+02 8.460793333727960430e+01 5.879724026033246531e+01
3.270000000000000018e+00 1.591960319779189614e+00 1.180467260692122267e+02 8.488981224589915087e+01 5.878396406352619152e+01
3.274999999999999911e+00 1.593225364427793389e+00 1.184251919022100452e+02 8.517239066207187648e+01 5.877284153013538770e+01
3.280000000000000249e+00 1.594490582479856755e+00 1.188045940671689351e+02 8.545567010631262406e+01 5.876392855384739278e+01
3.285000000000000142e+00 1.595755988776664358e+00 1.191849396388350328e+02 8.573966144927494781e+01 5.875729449155046780e+01
3.290000000000000036e+00 1.597021598417631694e+00 1.195662129924804447e+02 8.602434752525851991e+01 5.875297640733878524e+01
3.294999999999999929e+00 1.598287426761794583e+00 1.199484181634756936e+02 8.630973640379215794e+01 5.875104320913379041e+01
3.300000000000000266e+00 1.599553489429289543e+00 1.203315485247475323e+02 8.659582150861368177e+01 5.875153807784768389e+01
3.305000000000000160e+00 1.600819802302856587e+00 1.207156025804240613e+02 8.688260018019316533e+01 5.875451800326587204e+01
3.310000000000000053e+00 1.602086381529337800e+00 1.211005770921595825e+02 8.717008170565196679e+01 5.876005550325188409e+01
3.314999999999999947e+00 1.603353243521186133e+00 1.214864719924638905e+02 8.745825678894517807e+01 5.876818460988285864e+01
3.320000000000000284e+00 1.604620404957985969e+00 1.218732726023045529e+02 8.774711627334332320e+01 5.877896840579367677e+01
3.325000000000000178e+00 1.605887882787973897e+00 1.222609824686457500e+02 8.803666232239646661e+01 5.879245912351554182e+01
3.330000000000000071e+00 1.607155694229572163e+00 1.226496015171430116e+02 8.832690058918700515e+01 5.880871972602728448e+01
3.334999999999999964e+00 1.608423856772927873e+00 1.230391229495719614e+02 8.861783367604596151e+01 5.882781576094315312e+01
3.339999999999999858e+00 1.609692388181460876e+00 1.234295402122587149e+02 8.890944006918658715e+01 5.884977896835295752e+01
3.345000000000000195e+00 1.610961306493419842e+00 1.238208514997950118e+02 8.920173150681907259e+01 5.887468590929538692e+01
3.350000000000000089e+00 1.612230630023444355e+00 1.242130490197601773e+02 8.949469566322153469e+01 5.890257573719104300e+01
3.354999999999999982e+00 1.613500377364142535e+00 1.246061407825392422e+02 8.978834965737524954e+01 5.893352444502319543e+01
3.359999999999999876e+00 1.614770567387667999e+00 1.250001079735304046e+02 9.008267008063911874e+01 5.896757201553706551e+01
3.365000000000000213e+00 1.616041219247312144e+00 1.253949570715629704e+02 9.037766560350124223e+01 5.900477831487329894e+01
3.370000000000000107e+00 1.617312352379102647e+00 1.257906824654258884e+02 9.067333562819570147e+01 5.904520363278131612e+01
3.375000000000000000e+00 1.618583986503417060e+00 1.261872741077701647e+02 9.096967192982006623e+01 5.908890391009276755e+01
3.379999999999999893e+00 1.619856141626595081e+00 1.265847370188199363e+02 9.126667861694089368e+01 5.913593242449551468e+01
3.385000000000000231e+00 1.621128838042573905e+00 1.269830586335680920e+02 9.156434624078711693e+01 5.918635341635008729e+01
3.390000000000000124e+00 1.622402096334521149e+00 1.273822826226660538e+02 9.186268120862385445e+01 5.924019404424863922e+01
3.395000000000000018e+00 1.623675937376488410e+00 1.277823202998607286e+02 9.216167292456904647e+01 5.929755451142057865e+01
3.399999999999999911e+00 1.624950382335069499e+00 1.281832053747330065e+02 9.246132183742116695e+01 5.935847594192668453e+01
3.405000000000000249e+00 1.626225452671069327e+00 1.285849398838058164e+02 9.276162598526380521e+01 5.942299646491199638e+01
3.410000000000000142e+00 1.627501170141188780e+00 1.289875120715704213e+02 9.306258424217355696e+01 5.949120124167449575e+01
3.415000000000000036e+00 1.628777556799715365e+00 1.293909278223641479e+02 9.336419577463226460e+01 5.956312263546981001e+01
3.419999999999999929e+00 1.630054635000228513e+00 1.297951674568719795e+02 9.366644440358294332e+01 5.963881896398635973e+01
3.425000000000000266e+00 1.631332427397314877e+00 1.302002393387549830e+02 9.396934590264814346e+01 5.971836263429329961e+01
3.430000000000000160e+00 1.632610956948298497e+00 1.306061402566440677e+02 9.427289530279546170e+01 5.980180556310691742e+01
3.435000000000000053e+00 1.633890246914980304e+00 1.310128608002385988e+02 9.457708275930924913e+01 5.988918817521336280e+01
3.439999999999999947e+00 1.635170320865392934e+00 1.314203960086445875e+02 9.488190777212098226e+01 5.998057870920735013e+01
3.445000000000000284e+00 1.636451202675564431e+00 1.318287381802950051e+02 9.518736132231607883e+01 6.007602923872731537e+01
3.450000000000000178e+00 1.637732916531301264e+00 1.322378955689996189e+02 9.549346011396959000e+01 6.017559992162117055e+01
3.455000000000000071e+00 1.639015486929979559e+00 1.326478542789083690e+02 9.580018502923452672e+01 6.027934427790255256e+01
3.459999999999999964e+00 1.640298938682350771e+00 1.330586100197199357e+02 9.610753798504255485e+01 6.038732019948800911e+01
3.464999999999999858e+00 1.641583296914366441e+00 1.334701632996513752e+02 9.641551727583043885e+01 6.049957323146202981e+01
3.470000000000000195e+00 1.642868587069010289e+00 1.338825062935690937e+02 9.672412294387342513e+01 6.061617402235252428e+01
3.475000000000000089e+00 1.644154834908149621e+00 1.342956358745728664e+02 9.703334503493155694e+01 6.073716351710467620e+01
3.479999999999999982e+00 1.645442066514400281e+00 1.347095495938297347e+02 9.734319419891716052e+01 6.086261293508078296e+01
3.484999999999999876e+00 1.646730308293007594e+00 1.351242355250868741e+02 9.765364709847085578e+01 6.099255843995050697e+01
3.490000000000000213e+00 1.648019586973742623e+00 1.355397014592820142e+02 9.796472127025936061e+01 6.112706903217961241e+01
3.495000000000000107e+00 1.649309929612814640e+00 1.359559552772490179e+02 9.827641680001802627e+01 6.126620928198997262e+01
3.500000000000000000e+00 1.650601363594798476e+00 1.363729539778647677e+02 9.858870895197870254e+01 6.141000198722313286e+01
3.504999999999999893e+00 1.651893916634581849e+00 1.367900623578463808e+02 9.890084827362142050e+01 6.155222890003431502e+01
3.510000000000000231e+00 1.653187616779326907e+00 1.372079302214265510e+02 9.921359428893262589e+01 6.169917951061004402e+01
3.515000000000000124e+00 1.654482492410449757e+00 1.376265486636288244e+02 9.952693730408688566e+01 6.185092226438315066e+01
3.520000000000000018e+00 1.655778572245619973e+00 1.380459215470830827e+02 9.984088687413485275e+01 6.200750503030479877e+01
3.524999999999999911e+00 1.657075885340773880e+00 1.384660345554235619e+02 1.001554254092451686e+02 6.216897708932092570e+01
3.530000000000000249e+00 1.658374461092151142e+00 1.388868918445349152e+02 1.004705623904758198e+02 6.233539352592791261e+01
3.535000000000000142e+00 1.659674329238346902e+00 1.393084837978671828e+02 1.007862844947545113e+02 6.250680641828547124e+01
3.540000000000000036e+00 1.660975519862385452e+00 1.397308102114756423e+02 1.011026017024898636e+02 6.268327215878800729e+01
3.544999999999999929e+00 1.662278063393811456e+00 1.401538665344887420e+02 1.014195008893885017e+02 6.286483426060952695e+01
3.550000000000000266e+00 1.663581990610803807e+00 1.405776507152705221e+02 1.017369901761844915e+02 6.305156005544619546e+01
3.555000000000000160e+00 1.664887332642308815e+00 1.410021504025359604e+02 1.020550537539239286e+02 6.324348548686013771e+01
3.560000000000000053e+00 1.666194120970192039e+00 1.414273749477918898e+02 1.023737035382931424e+02 6.344067708937296146e+01
3.564999999999999947e+00 1.667502387431416100e+00 1.418533116391766953e+02 1.026929295729064222e+02 6.364317454344660518e+01
3.570000000000000284e+00 1.668812164220237593e+00 1.422799577407540994e+02 1.030127318507341982e+02 6.385103514893160082e+01
3.575000000000000178e+00 1.670123483890425531e+00 1.427073105457544671e+02 1.033331024228821917e+02 6.406430170392418688e+01
3.580000000000000071e+00 1.671436379357503110e+00 1.431353695883283592e+02 1.036540473247647185e+02 6.428304424589093458e+01
3.584999999999999964e+00 1.672750883901015451e+00 1.435641249387516893e+02 1.039755572646399457e+02 6.450728732346006211e+01
3.589999999999999858e+00 1.674067031166816655e+00 1.439935787083742866e+02 1.042976387386101464e+02 6.473710526814761579e+01
3.595000000000000195e+00 1.675384855169382847e+00 1.444237290476132216e+02 1.046202842832420572e+02 6.497252736316116284e+01
3.600000000000000089e+00 1.676704390294149860e+00 1.448545623002226250e+02 1.049434871248208765e+02 6.521361371260336171e+01
3.604999999999999982e+00 1.678025671299876453e+00 1.452860833973076353e+02 1.052672520262584328e+02 6.546041571622214406e+01
3.609999999999999876e+00 1.679348733321033071e+00 1.457182922226251947e+02 1.055915799926544452e+02 6.571298446273576133e+01
3.615000000000000213e+00 1.680673611870211692e+00 1.461511751671025934e+02 1.059164608508557279e+02 6.597136436340672105e+01
3.620000000000000107e+00 1.682000342840573426e+00 1.465847398877074284e+02 1.062418971900341518e+02 6.623559001576398941e+01
3.625000000000000000e+00 1.683328962508309878e+00 1.470189783534617618e+02 1.065678861650409033e+02 6.650573328837808162e+01
3.629999999999999893e+00 1.684659507535143819e+00 1.474538836703055154e+02 1.068944257970675267e+02 6.678183945542215838e+01
3.635000000000000231e+00 1.685992014970846498e+00 1.478894601924392589e+02 1.072215132256801269e+02 6.706393208436534792e+01
3.640000000000000124e+00 1.687326522255794936e+00 1.483256981793161344e+02 1.075491465612167019e+02 6.735208289767315648e+01
3.645000000000000018e+00 1.688663067223552527e+00 1.487626055233619979e+02 1.078773313284502251e+02 6.764633645436686038e+01
3.649999999999999911e+00 1.690001688103477839e+00 1.492001687052381556e+02 1.082060579924739159e+02 6.794672759146332908e+01
3.655000000000000249e+00 1.691342423523365834e+00 1.496383928572921889e+02 1.085353304854860710e+02 6.825331473237598345e+01
3.660000000000000142e+00 1.692685312512123508e+00 1.500772694970824261e+02 1.088651404480958576e+02 6.856613765472552302e+01
3.665000000000000036e+00 1.694030394502469727e+00 1.505167974121433758e+02 1.091954889433392566e+02 6.888524381447381018e+01
3.669999999999999929e+00 1.695377709333675487e+00 1.509569767819488959e+02 1.095263771099832297e+02 6.921067423726461243e+01
3.675000000000000266e+00 1.696727297254325917e+00 1.513978042516820892e+02 1.098577982586132862e+02 6.954248074486015696e+01
3.680000000000000160e+00 1.698079198925130706e+00 1.518392771060021005e+02 1.101897578206528294e+02 6.988070399768508878e+01
3.685000000000000053e+00 1.699433455421752726e+00 1.522813926073143307e+02 1.105222543309736523e+02 7.022539639480027063e+01
3.689999999999999947e+00 1.700790108237682396e+00 1.527241525107773441e+02 1.108552798489521081e+02 7.057659410904376784e+01
3.695000000000000284e+00 1.702149199287140036e+00 1.531675514214675786e+02 1.111888369297135881e+02 7.093434031096860792e+01
3.700000000000000178e+00 1.703510770908022831e+00 1.536115903161620508e+02 1.115229276173236457e+02 7.129868384173279594e+01
3.705000000000000071e+00 1.704874865864877798e+00 1.540562630895900043e+02 1.118575469957806519e+02 7.166967263379754627e+01
3.709999999999999964e+00 1.706241527351919807e+00 1.545015785793316070e+02 1.121926904304870618e+02 7.204738911126656831e+01
3.714999999999999858e+00 1.707610798996081591e+00 1.549475219602580296e+02 1.125283636288963152e+02 7.243177174566908150e+01
3.720000000000000195e+00 1.708982724860113711e+00 1.553940984799672833e+02 1.128645705823921617e+02 7.282294555867810004e+01
3.725000000000000089e+00 1.710357349445704500e+00 1.558413062176418578e+02 1.132013007001575033e+02 7.322091813187417131e+01
3.729999999999999982e+00 1.711734717696661745e+00 1.562891396354984010e+02 1.135385546936205401e+02 7.362574824579949961e+01
3.734999999999999876e+00 1.713114875002117454e+00 1.567376081855101120e+02 1.138763360518694299e+02 7.403746907104161323e+01
3.740000000000000213e+00 1.714497867199787251e+00 1.571867042311555167e+02 1.142146436475449462e+02 7.445612487137576352e+01
3.745000000000000107e+00 1.715883740579261962e+00 1.576364225024297241e+02 1.145534717338422581e+02 7.488176847150212723e+01
3.750000000000000000e+00 1.717272541885350057e+00 1.580867731277227506e+02 1.148928265166022982e+02 7.531441043082979547e+01
3.754999999999999893e+00 1.718664318321458495e+00 1.585377423614223460e+02 1.152327002472221977e+02 7.575412423314425325e+01
3.760000000000000231e+00 1.720059117553022654e+00 1.589893442756697652e+02 1.155731039590492060e+02 7.620093774108740092e+01
3.765000000000000124e+00 1.721456987710977105e+00 1.594415659974091000e+02 1.159140238553556372e+02 7.665488754668801619e+01
3.770000000000000018e+00 1.722857977395276574e+00 1.598944152974792132e+02 1.162554696746877596e+02 7.711600961174922020e+01
3.774999999999999911e+00 1.724262135678464647e+00 1.603478892019583668e+02 1.165974427759388163e+02 7.758436312661953593e+01
3.780000000000000249e+00 1.725669512109285098e+00 1.608019876035614573e+02 1.169399356240375880e+02 7.805996544820662564e+01
3.785000000000000142e+00 1.727080156716347847e+00 1.612567052186601586e+02 1.172829444781610277e+02 7.854286219641636535e+01
3.790000000000000036e+00 1.728494120011841551e+00 1.617120516908834702e+02 1.176264825529631395e+02 7.903310379126635610e+01
3.794999999999999929e+00 1.729911452995299248e+00 1.621680233342522115e+02 1.179705457523349139e+02 7.953071508684155333e+01
3.800000000000000266e+00 1.731332207157411762e+00 1.626246217718627918e+02 1.183151311868553108e+02 8.003573860875160051e+01
3.805000000000000160e+00 1.732756434483898600e+00 1.630818449167038295e+02 1.186602428358789183e+02 8.054820427017885720e+01
3.810000000000000053e+00 1.734184187459427706e+00 1.635396938855949429e+02 1.190058745029668046e+02 8.106816350358819534e+01
3.814999999999999947e+00 1.735615519071593615e+00 1.639981718792997754e+02 1.193520349255705923e+02 8.159564856762511909e+01
3.820000000000000284e+00 1.737050482814948671e+00 1.644572742577780673e+02 1.196987191990435093e+02 8.213070251846728809e+01
3.825000000000000178e+00 1.738489132695088868e+00 1.649170082831916488e+02 1.200459273468484866e+02 8.267334373639550904e+01
3.830000000000000071e+00 1.739931523232801869e+00 1.653773712202612955e+02 1.203936670761491001e+02 8.322363236052295576e+01
3.834999999999999964e+00 1.741377709468272084e+00 1.658383755375920430e+02 1.207419338208217567e+02 8.378156478624332237e+01
3.839999999999999858e+00 1.742827746965340152e+00 1.663000072316560818e+02 1.210907312872047186e+02 8.434722180443566231e+01
3.845000000000000195e+00 1.744281691815829705e+00 1.667622740145552029e+02 1.214400632546334009e+02 8.492063885958663150e+01
3.850000000000000089e+00 1.745739600643932299e+00 1.672251752959874977e+02 1.217899213427247957e+02 8.550182911390767515e+01
3.854999999999999982e+00 1.747201530610656750e+00 1.676887171582348799e+02 1.221403214343819030e+02 8.609084994331865914e+01
3.859999999999999876e+00 1.748667539418339745e+00 1.681528973371204643e+02 1.224912479415079503e+02 8.668771394247448825e+01
3.865000000000000213e+00 1.750137685315223512e+00 1.686177201715353533e+02 1.228427105543622417e+02 8.729246089436183809e+01
3.870000000000000107e+00 1.751612027100100555e+00 1.690831905592297062e+02 1.231947211836199756e+02 8.790514331723201735e+01
3.875000000000000000e+00 1.753090624127023878e+00 1.695493009098460675e+02 1.235472592997148809e+02 8.852578301656082260e+01
3.879999999999999893e+00 1.754573536310083837e+00 1.700160657635916266e+02 1.239003423214774671e+02 8.915441532191817942e+01
3.885000000000000231e+00 1.756060824128258258e+00 1.704834804637270622e+02 1.242539677699665219e+02 8.979107767013169905e+01
3.890000000000000124e+00 1.757552548630337386e+00 1.709515519431764403e+02 1.246081417437821983e+02 9.043580209398685099e+01
3.895000000000000018e+00 1.759048771439909009e+00 1.714202790445579296e+02 1.249628614587710018e+02 9.108863273328188370e+01
3.899999999999999911e+00 1.760549554760425739e+00 1.718896715996410194e+02 1.253181305465795674e+02 9.174958655890439729e+01
3.905000000000000249e+00 1.762054961380348228e+00 1.723597225310891758e+02 1.256739503805469269e+02 9.241871410256698027e+01
3.910000000000000142e+00 1.763565054678360111e+00 1.728304411957972491e+02 1.260303234788438260e+02 9.309604422543301894e+01
3.915000000000000036e+00 1.765079898628665322e+00 1.733018351963152952e+02 1.263872558619611084e+02 9.378160509129543243e+01
3.919999999999999929e+00 1.766599557806353804e+00 1.737738978753130539e+02 1.267447424841557648e+02 9.447542827379311348e+01
3.925000000000000266e+00 1.768124097392861804e+00 1.742466409420126467e+02 1.271027922066318752e+02 9.517756487027027390e+01
3.930000000000000160e+00 1.769653583181507006e+00 1.747200679012534579e+02 1.274614072575238453e+02 9.588803279485111375e+01
3.935000000000000053e+00 1.771188081583099816e+00 1.751941760649950481e+02 1.278205915851193879e+02 9.660689270491799618e+01
3.939999999999999947e+00 1.772727659631656794e+00 1.756689759147497227e+02 1.281803381713667136e+02 9.733413521423537418e+01
3.945000000000000284e+00 1.774272384990179141e+00 1.761444685334015503e+02 1.285406609257189530e+02 9.806982505310902809e+01
3.950000000000000178e+00 1.775822325956536885e+00 1.766206581952988017e+02 1.289015603741493123e+02 9.881399047861124529e+01
3.955000000000000071e+00 1.777377551469432548e+00 1.770975585076760410e+02 1.292630447579495865e+02 9.956665299901567323e+01
3.959999999999999964e+00 1.778938131114458976e+00 1.775751624821650978e+02 1.296251063785159090e+02 1.003278561641677982e+02
3.965000000000000302e+00 1.780504135130244192e+00 1.780534794957204952e+02 1.299877546466015019e+02 1.010976407074638956e+02
3.970000000000000195e+00 1.782075634414699072e+00 1.785325128587617769e+02 1.303509918116513404e+02 1.018760218413925713e+02
3.975000000000000089e+00 1.783652700531359159e+00 1.790122696458711289e+02 1.307148206427697801e+02 1.026630532392776587e+02
3.979999999999999982e+00 1.785235405715812629e+00 1.794927587524346677e+02 1.310792552857566307e+02 1.034587535329101371e+02
3.984999999999999876e+00 1.786823822882243729e+00 1.799739788323955452e+02 1.314442847568902266e+02 1.042631641094427835e+02
3.990000000000000213e+00 1.788418025630066133e+00 1.804559388464749645e+02 1.318099192336905787e+02 1.050763116210656563e+02
3.995000000000000107e+00 1.790018088250662442e+00 1.809386411028769146e+02 1.321761609395664436e+02 1.058982304180575369e+02
4.000000000000000000e+00 1.791624085734228267e+00 1.814220954329709627e+02 1.325430184363873423e+02 1.067289668863717509e+02
