% raindrop T-matrix calculations using the code of Leinonen, J., "Python code for T-matrix scattering calculations". Available at https://github.com/jleinonen/pytmatrix/. 
% 
% refractive index calculations after Ray, P., 1972:  Broadband Complex Refractive Indices of Ice and Water, Appl. Opt. 11, 1836-1844 
% 
% raindrop aspect ratio estimated with the methodology of Brandes, Edward & Zhang, Guifu & Vivekanandan, Jothiram. (2005). Corrigendum. Journal of Applied Meteorology. 44. 186-. 10.1175/1520-0450(2005)44<186:C>2.0.CO;2. 
% 
% wave length: 22.043563 mm 
% temperature: 303.15 K 
% refractive index: 7.810580730438232422e+00 + 2.041305065155029297e+00 i 
% 
%r_eqv[mm]               axial ratio              ext[mm2]                 sca[mm2]                 back[mm2]
5.000000000000000104e-03 9.999900000999989436e-01 9.564121070975776851e-09 7.976605305556842039e-16 1.196480915744259401e-15
1.000000000000000021e-02 9.999900000999989436e-01 7.653687243045869406e-08 5.105062890157069584e-14 7.657340239067441628e-14
1.499999999999999944e-02 9.999900000999989436e-01 2.584465676319605111e-07 5.815052858783487789e-13 8.721927491537789000e-13
2.000000000000000042e-02 9.999900000999989436e-01 6.130615325044009307e-07 3.267330744930447519e-12 4.900344827889049516e-12
2.500000000000000139e-02 9.999900000999989436e-01 1.198511052897564294e-06 1.246413659822555369e-11 1.869232210617216492e-11
2.999999999999999889e-02 9.999900000999989436e-01 2.073407492631703610e-06 3.721865556065428290e-11 5.581128537809788382e-11
3.500000000000000333e-02 9.999900000999989436e-01 3.296969012963543366e-06 9.385436011143412812e-11 1.407242208169582236e-10
4.000000000000000083e-02 9.999900000999989436e-01 4.929144418234106285e-06 2.091323515331671472e-10 3.135316872748196433e-10
4.499999999999999833e-02 9.999900000999989436e-01 7.030736657782626011e-06 4.239878467914747523e-10 6.355536293521912094e-10
5.000000000000000278e-02 9.999900000999989436e-01 9.663531734247431896e-06 7.978430081666445163e-10 1.195769755025363779e-09
5.500000000000000028e-02 9.999900000999989436e-01 1.289042546629379858e-05 1.413496144153587666e-09 2.118111494026044852e-09
5.999999999999999778e-02 9.999900000999989436e-01 1.677555311315878100e-05 2.382589078877029709e-09 3.569604796716274987e-09
6.500000000000000222e-02 9.999900000999989436e-01 2.138442122249748859e-05 3.851650745394997707e-09 5.769357008444173913e-09
7.000000000000000666e-02 9.999900000999989436e-01 2.678403987577788079e-05 6.008722421490356057e-09 8.998391679521558757e-09
7.499999999999999722e-02 9.999900000999989436e-01 3.304305950731772229e-05 9.090561036070759915e-09 1.361032128151083972e-08
8.000000000000000167e-02 9.999900000999989436e-01 4.023190243484018838e-05 1.339042276356813545e-08 2.004285603865552973e-08
8.500000000000000611e-02 9.999900000999989436e-01 4.842291357401083235e-05 1.926642651592625153e-08 2.883014276795973794e-08
8.999999999999999667e-02 9.999900000999989436e-01 5.769048576836629876e-05 2.715050788036878030e-08 4.061594361151300392e-08
9.500000000000000111e-02 9.999900000999989436e-01 6.811121867970005227e-05 3.755794832517735914e-08 5.616762545267965918e-08
1.000000000000000056e-01 9.999900000999989436e-01 7.976406181001624292e-05 5.109749692522667814e-08 7.639097910976533421e-08
1.049999999999999961e-01 9.999900000999989436e-01 9.273044169859183394e-05 6.848207114523435712e-08 1.023458409024918048e-07
1.100000000000000006e-01 9.999900000999989436e-01 1.070944620166099895e-04 9.054003846374400817e-08 1.352625114417798386e-07
1.150000000000000050e-01 9.999900000999989436e-01 1.229429889808513312e-04 1.182271232970077222e-07 1.765590300249665766e-07
1.199999999999999956e-01 9.999900000999989436e-01 1.403658993591181726e-04 1.526389003394495677e-07 2.278592381524233593e-07
1.250000000000000000e-01 9.999900000999989436e-01 1.594561305489385615e-04 1.950237705502741594e-07 2.910114672367778805e-07
1.300000000000000044e-01 9.999900000999989436e-01 1.803099480576143181e-04 2.467966809256516207e-07 3.681082318639476334e-07
1.350000000000000089e-01 9.999900000999989436e-01 2.030270664138771302e-04 3.095535062491839923e-07 4.615067973050204647e-07
1.400000000000000133e-01 9.999900000999989436e-01 2.277108013557335069e-04 3.850855718229313033e-07 5.738498282433968545e-07
1.449999999999999900e-01 9.999900000999989436e-01 2.544682642988237023e-04 4.753955721796613658e-07 7.080879900189575479e-07
1.499999999999999944e-01 9.999900000999989436e-01 2.834105664711670646e-04 5.827131966769364042e-07 8.675019585003185007e-07
1.549999999999999989e-01 9.999900000999989436e-01 3.146529853381806858e-04 7.095120410987037938e-07 1.055726193906710176e-06
1.600000000000000033e-01 9.999900000999989436e-01 3.483151059066955514e-04 8.585269089647795325e-07 1.276773120809610932e-06
1.650000000000000078e-01 9.999900000999989436e-01 3.845210630782599820e-04 1.032771515122620294e-06 1.535057727435318391e-06
1.700000000000000122e-01 9.999900000999989436e-01 4.233997781791968922e-04 1.235556907637570101e-06 1.835423028204629534e-06
1.750000000000000167e-01 9.999900000999989436e-01 4.650850020962604041e-04 1.470511441669806804e-06 2.183167641086761531e-06
1.799999999999999933e-01 9.999900000999989436e-01 5.097157058313159152e-04 1.741598931636568571e-06 2.584070413678847455e-06
1.849999999999999978e-01 9.999900000999989436e-01 5.574362646117452967e-04 2.053140611162752636e-06 3.044420483232814098e-06
1.900000000000000022e-01 1.000338260324268314e+00 6.085237464242769078e-04 2.410455278872966790e-06 3.571975668504937194e-06
1.950000000000000067e-01 1.000344839311130496e+00 6.628917035985952728e-04 2.817518840067788332e-06 4.172443552551172464e-06
2.000000000000000111e-01 1.000357515291503407e+00 7.208201750084468080e-04 3.280386283875928918e-06 4.854617587537458100e-06
2.050000000000000155e-01 1.000376259251188893e+00 7.824775752368917127e-04 3.805030690936087173e-06 5.627127254114440777e-06
2.099999999999999922e-01 1.000401042453005207e+00 8.480389754364223501e-04 4.397896289243065685e-06 6.499264323811729504e-06
2.149999999999999967e-01 1.000431836433301802e+00 9.176861634878083832e-04 5.065919368064225446e-06 7.481009552207034289e-06
2.200000000000000011e-01 1.000468612998516083e+00 9.916080712765293261e-04 5.816558870020340242e-06 8.583073450590447261e-06
2.250000000000000056e-01 1.000511344221778787e+00 1.070000805699186609e-03 6.657817057622713591e-06 9.816921885574902924e-06
2.300000000000000100e-01 1.000560002439564444e+00 1.153068107997172551e-03 7.598268925945833824e-06 1.119481430653935158e-05
2.350000000000000144e-01 1.000614560248383578e+00 1.241021511690461408e-03 8.647088273155106023e-06 1.272983650009371183e-05
2.399999999999999911e-01 1.000674990501522643e+00 1.334080717903196817e-03 9.814075509622754477e-06 1.443593564279682300e-05
2.449999999999999956e-01 1.000741266305821942e+00 1.432473655951158704e-03 1.110969049365610308e-05 1.632796215535010776e-05
2.500000000000000000e-01 1.000813361018499714e+00 1.536437237909614841e-03 1.254507373141143277e-05 1.842169397083727269e-05
2.550000000000000044e-01 1.000891248244015541e+00 1.646217046284803413e-03 1.413208304725345237e-05 2.073388314667521515e-05
2.600000000000000089e-01 1.000974901830975039e+00 1.762068303338190818e-03 1.588331992725935387e-05 2.328228665828750197e-05
2.650000000000000133e-01 1.001064295869075416e+00 1.884255616159953833e-03 1.781216762105472984e-05 2.608571393613619751e-05
2.700000000000000178e-01 1.001159404686088994e+00 2.013053736847982261e-03 1.993282081753739116e-05 2.916406163493779884e-05
2.750000000000000222e-01 1.001260202844886926e+00 2.148747435591096943e-03 2.226031078547766197e-05 3.253834072925992357e-05
2.800000000000000266e-01 1.001366665140501100e+00 2.291632684121699872e-03 2.481055009530097369e-05 3.623073217377220347e-05
2.850000000000000311e-01 1.001478766597222014e+00 2.442015742089320620e-03 2.760036403378738777e-05 4.026462214280403663e-05
2.899999999999999800e-01 1.001596482465736404e+00 2.600214858357059039e-03 3.064752152420247201e-05 4.466463568430246989e-05
2.949999999999999845e-01 1.001719788220298835e+00 2.766559858640227094e-03 3.397078018584863266e-05 4.945669093431978358e-05
2.999999999999999889e-01 1.001848659555939935e+00 2.941392580620335803e-03 3.758990882070622060e-05 5.466801878935692376e-05
3.049999999999999933e-01 1.001983072385710605e+00 3.125067589257763713e-03 4.152575079985503962e-05 6.032724248695804425e-05
3.099999999999999978e-01 1.002123002837959964e+00 3.317952346660021316e-03 4.580022587573826778e-05 6.646436526678287712e-05
3.150000000000000022e-01 1.002268427253648841e+00 3.520427651869554447e-03 5.043640702577762114e-05 7.311086807648974235e-05
3.200000000000000067e-01 1.002419322183694117e+00 3.732888508172030242e-03 5.545854626517506539e-05 8.029973103957055132e-05
3.250000000000000111e-01 1.002575664386349930e+00 3.955743622593183018e-03 6.089208821680686470e-05 8.806543564974924439e-05
3.300000000000000155e-01 1.002737430824617970e+00 4.189416921032697652e-03 6.676377789184620426e-05 9.644410629782194455e-05
3.350000000000000200e-01 1.002904598663692415e+00 4.434347461283540820e-03 7.310163039754975734e-05 1.054734437019820819e-04
3.400000000000000244e-01 1.003077145268434833e+00 4.690989936615016023e-03 7.993503014759562823e-05 1.151928540611083386e-04
3.450000000000000289e-01 1.003255048200880628e+00 4.959815443291905150e-03 8.729474711433343368e-05 1.256434482731873313e-04
3.500000000000000333e-01 1.003438285217776782e+00 5.241311676389866225e-03 9.521298114965217447e-05 1.368680864670918736e-04
3.549999999999999822e-01 1.003626834268148693e+00 5.535983775864939532e-03 1.037234423463052923e-04 1.489114720239948398e-04
3.599999999999999867e-01 1.003820673490896542e+00 5.844355073939437768e-03 1.128613301898448559e-04 1.618200962611370474e-04
3.649999999999999911e-01 1.004019781212422524e+00 6.166966465439674937e-03 1.226634874939229838e-04 1.756424375025728490e-04
3.699999999999999956e-01 1.004224135944284502e+00 6.504378513795478281e-03 1.331683242886062184e-04 1.904288240638371879e-04
3.750000000000000000e-01 1.004433716380879638e+00 6.857171649948794016e-03 1.444159992796424912e-04 2.062316708205540238e-04
3.800000000000000044e-01 1.004648501397155336e+00 7.225946409519980011e-03 1.564483335763432550e-04 2.231053207993628762e-04
3.850000000000000089e-01 1.004868470046347273e+00 7.611324069868970893e-03 1.693090075196066022e-04 2.411063078897883092e-04
3.900000000000000133e-01 1.005093601557745631e+00 8.013946850923393470e-03 1.830435110740166326e-04 2.602932456369381272e-04
3.950000000000000178e-01 1.005323875334485528e+00 8.434481054414872531e-03 1.976992159891289452e-04 2.807269011171933644e-04
4.000000000000000222e-01 1.005559270951367434e+00 8.873614596933787277e-03 2.133254546247909057e-04 3.024702771666109473e-04
4.050000000000000266e-01 1.005799768152698448e+00 9.332058453448715055e-03 2.299736057883107249e-04 3.255886969804488063e-04
4.100000000000000311e-01 1.006045346850164002e+00 9.810551272616622673e-03 2.476971035622596356e-04 3.501497799686645904e-04
4.150000000000000355e-01 1.006295987120720881e+00 1.030985331314162277e-02 2.665514965534479530e-04 3.762234868847180009e-04
4.199999999999999845e-01 1.006551669204517108e+00 1.083075275713121961e-02 2.865944718269009960e-04 4.038821148893736155e-04
4.249999999999999889e-01 1.006812373502834479e+00 1.137406444955968952e-02 3.078860649985319469e-04 4.332005570726395497e-04
4.299999999999999933e-01 1.007078080576055967e+00 1.194063154877680541e-02 3.304885484050822889e-04 4.642561005451707355e-04
4.349999999999999978e-01 1.007348771141657329e+00 1.253132434828699640e-02 3.544667468006183113e-04 4.971288269386845218e-04
4.400000000000000022e-01 1.007624426072219359e+00 1.314704481580179080e-02 3.798876506499212330e-04 5.319010086272618707e-04
4.450000000000000067e-01 1.007905026393466796e+00 1.378872374294056943e-02 4.068210064943576505e-04 5.686579170866432531e-04
4.500000000000000111e-01 1.008190553282325652e+00 1.445732364355498123e-02 4.353389821207692169e-04 6.074872824294289984e-04
4.550000000000000155e-01 1.008480988065006079e+00 1.515384085186888968e-02 4.655165143119019519e-04 6.484797397341954305e-04
4.600000000000000200e-01 1.008776312215104998e+00 1.587930391494388888e-02 4.974312438280860870e-04 6.917286681146522136e-04
4.650000000000000244e-01 1.009076507351731156e+00 1.663477603216656844e-02 5.311636627830293835e-04 7.373303739617087299e-04
4.700000000000000289e-01 1.009381555237651273e+00 1.742135598262935584e-02 5.667968700440889109e-04 7.853836429850141482e-04
4.750000000000000333e-01 1.009691437777457068e+00 1.824018144844871681e-02 6.044172823015035679e-04 8.359907207988605910e-04
4.799999999999999822e-01 1.010006137015752481e+00 1.909242649599130620e-02 6.441141565716292441e-04 8.892565522917301969e-04
4.849999999999999867e-01 1.010325635135361333e+00 1.997930416574489332e-02 6.859798206772540997e-04 9.452890680923205008e-04
4.899999999999999911e-01 1.010649914455556075e+00 2.090206726069139889e-02 7.301099375438236620e-04 1.004199433189121400e-03
4.949999999999999956e-01 1.010978957430304748e+00 2.186201257254558050e-02 7.766032184925518011e-04 1.066101646278469397e-03
5.000000000000000000e-01 1.011312746646537475e+00 2.286048004521309268e-02 8.255620798909488450e-04 1.131113332527207589e-03
5.050000000000000044e-01 1.011651264822433394e+00 2.389885032689334152e-02 8.770920517509149658e-04 1.199354851333301946e-03
5.100000000000000089e-01 1.011994494805724676e+00 2.497855476502522723e-02 9.313023533536148773e-04 1.270950062310835819e-03
5.150000000000000133e-01 1.012342419572020980e+00 2.610107040624832370e-02 9.883057865773575874e-04 1.346026034648215236e-03
5.200000000000000178e-01 1.012695022223150554e+00 2.726792174243716088e-02 1.048218928525917028e-03 1.424713274678691228e-03
5.250000000000000222e-01 1.013052285985520662e+00 2.848068573162382613e-02 1.111162131316305443e-03 1.507145627313020639e-03
5.300000000000000266e-01 1.013414194208494434e+00 2.974098928827244304e-02 1.177259600199574013e-03 1.593460300026172628e-03
5.350000000000000311e-01 1.013780730362787486e+00 3.105051591103284367e-02 1.246639727471072221e-03 1.683798243701116601e-03
5.400000000000000355e-01 1.014151878038878962e+00 3.241100092287646506e-02 1.319434725368212732e-03 1.778303523953615696e-03
5.450000000000000400e-01 1.014527620945441466e+00 3.382424289191178490e-02 1.395781201910038186e-03 1.877124053196507509e-03
5.500000000000000444e-01 1.014907942907788518e+00 3.529209387870800574e-02 1.475820288393291536e-03 1.980411656300686603e-03
5.550000000000000488e-01 1.015292827866336012e+00 3.681646690487564572e-02 1.559697237034237587e-03 2.088321369186461104e-03
5.600000000000000533e-01 1.015682259875082316e+00 3.839934169810076819e-02 1.647561742553976501e-03 2.201011912178712452e-03
5.650000000000000577e-01 1.016076223100103704e+00 4.004276071092186667e-02 1.739568667425531439e-03 2.318646396092394722e-03
5.700000000000000622e-01 1.016474701818065096e+00 4.174883576838123861e-02 1.835876985369100291e-03 2.441390907407313664e-03
5.750000000000000666e-01 1.016877680414747243e+00 4.351974302962712676e-02 1.936651385582246207e-03 2.569416512375215754e-03
5.799999999999999600e-01 1.017285143383589441e+00 4.535773321729746205e-02 2.042060584801196673e-03 2.702896905974637963e-03
5.849999999999999645e-01 1.017697075324246692e+00 4.726513136065253751e-02 2.152278949888664344e-03 2.842010418976614102e-03
5.899999999999999689e-01 1.018113460941162618e+00 4.924433879500798861e-02 2.267486366243177259e-03 2.986939784370148347e-03
5.949999999999999734e-01 1.018534285042156151e+00 5.129783289308710581e-02 2.387867361723747424e-03 3.137870801700920996e-03
5.999999999999999778e-01 1.018959532537025314e+00 5.342817412566962937e-02 2.513613265756880957e-03 3.294995217000740075e-03
6.049999999999999822e-01 1.019389188436160998e+00 5.563800413659045901e-02 2.644919615342303503e-03 3.458506874692685550e-03
6.099999999999999867e-01 1.019823237849180497e+00 5.793005590167293190e-02 2.781988331816598933e-03 3.628604758726101161e-03
6.149999999999999911e-01 1.020261665983570154e+00 6.030714541443999571e-02 2.925027928575840968e-03 3.805493047800348385e-03
6.199999999999999956e-01 1.020704458143344873e+00 6.277218516989750696e-02 3.074252193437831699e-03 3.989379181558346844e-03
6.250000000000000000e-01 1.021151599727719406e+00 6.532817897209523827e-02 3.229881442630005116e-03 4.180475441641035711e-03
6.300000000000000044e-01 1.021603076229795626e+00 6.797822886567150835e-02 3.392142272911362680e-03 4.378998444815750471e-03
6.350000000000000089e-01 1.022058873235258902e+00 7.072554015445674247e-02 3.561268138909840040e-03 4.585169945385358589e-03
6.400000000000000133e-01 1.022518976421092685e+00 7.357342297229010897e-02 3.737498713264664468e-03 4.799215524866527749e-03
6.450000000000000178e-01 1.022983371554301524e+00 7.652528742494596470e-02 3.921082149429074362e-03 5.021367725901654429e-03
6.500000000000000222e-01 1.023452044490649859e+00 7.958466379758900866e-02 4.112270975490500344e-03 5.251860361953474693e-03
6.550000000000000266e-01 1.023924981173411908e+00 8.275519216904513031e-02 4.311326996396172909e-03 5.490934886262433499e-03
6.600000000000000311e-01 1.024402167632133542e+00 8.604062809890367092e-02 4.518519383979860415e-03 5.738837686748376153e-03
6.650000000000000355e-01 1.024883589981409493e+00 8.944485528810790231e-02 4.734123854211770566e-03 5.995818883536840893e-03
6.700000000000000400e-01 1.025369234419667430e+00 9.297188302081869915e-02 4.958424741843637205e-03 6.262135024643214823e-03
6.750000000000000444e-01 1.025859087227968924e+00 9.662583736156148129e-02 5.191714238985279534e-03 6.538047783143665324e-03
6.800000000000000488e-01 1.026353134768820174e+00 1.004109830094256084e-01 5.434293657853052177e-03 6.823825416234934049e-03
6.850000000000000533e-01 1.026851363484993174e+00 1.043317337238379300e-01 5.686470567586671132e-03 7.119738992445625268e-03
6.900000000000000577e-01 1.027353759898360641e+00 1.083926415886761752e-01 5.948563053386596820e-03 7.426068133822015180e-03
6.950000000000000622e-01 1.027860310608740946e+00 1.125983847793335380e-01 6.220897938998088891e-03 7.743097872355658197e-03
7.000000000000000666e-01 1.028371002292754355e+00 1.169538166873608231e-01 6.503809914029844153e-03 8.071117859005876027e-03
7.049999999999999600e-01 1.028885821702690384e+00 1.214639297634802773e-01 6.797645031342324298e-03 8.410426904615759397e-03
7.099999999999999645e-01 1.029404755665387139e+00 1.261338858876017155e-01 7.102757706597723382e-03 8.761328378229692876e-03
7.149999999999999689e-01 1.029927791081118427e+00 1.309690156277977524e-01 7.419510768970038507e-03 9.124130810430867641e-03
7.199999999999999734e-01 1.030454914922495746e+00 1.359747957599095058e-01 7.748280501877569636e-03 9.499153801301767758e-03
7.249999999999999778e-01 1.030986114233377604e+00 1.411569021530884316e-01 8.089449739872748429e-03 9.886719368372539479e-03
7.299999999999999822e-01 1.031521376127789047e+00 1.465211835952356101e-01 8.443416744237375315e-03 1.028716323037895397e-02
7.349999999999999867e-01 1.032060687788854958e+00 1.520736681820803182e-01 8.810585425849679422e-03 1.070082176179350600e-02
7.399999999999999911e-01 1.032604036467738684e+00 1.578205835403586887e-01 9.191375853534860738e-03 1.112804605312598706e-02
7.449999999999999956e-01 1.033151409482594651e+00 1.637683369731892380e-01 9.586215505727026590e-03 1.156919006293705317e-02
7.500000000000000000e-01 1.033702794217528753e+00 1.699235487816141976e-01 9.995544703463889874e-03 1.202461738014722406e-02
7.550000000000000044e-01 1.034258178121568061e+00 1.762930690156805646e-01 1.041981985219068117e-02 1.249470694467984429e-02
7.600000000000000089e-01 1.034817548707643198e+00 1.828838976910131253e-01 1.085950406810538837e-02 1.297983852648548070e-02
7.650000000000000133e-01 1.035380893551575587e+00 1.897033378017027594e-01 1.131507584599520180e-02 1.348040548858079300e-02
7.700000000000000178e-01 1.035948200291078702e+00 1.967588393254477430e-01 1.178702948465057930e-02 1.399681562870458071e-02
7.750000000000000222e-01 1.036519456624765523e+00 2.040581389253246780e-01 1.227586821879730547e-02 1.452948126779199205e-02
7.800000000000000266e-01 1.037094650311166655e+00 2.116091702348590065e-01 1.278211191817988160e-02 1.507882917953732096e-02
7.850000000000000311e-01 1.037673769167756666e+00 2.194201436803241978e-01 1.330629606778155685e-02 1.564530089372122290e-02
7.900000000000000355e-01 1.038256801069989743e+00 2.274994998484093645e-01 1.384896586260764458e-02 1.622934356649518781e-02
7.950000000000000400e-01 1.038843733950345127e+00 2.358559402611729860e-01 1.441068762919569916e-02 1.683142615541394910e-02
8.000000000000000444e-01 1.039434555797379867e+00 2.444984266359232494e-01 1.499203990642911793e-02 1.745202652674599300e-02
8.050000000000000488e-01 1.040029254654790458e+00 2.534362049479637613e-01 1.559361679479655087e-02 1.809163780272414479e-02
8.100000000000000533e-01 1.040627818620484257e+00 2.626787581390438442e-01 1.621602834724623562e-02 1.875076802198192075e-02
8.150000000000000577e-01 1.041230235845658436e+00 2.722358935499605281e-01 1.685991016713536683e-02 1.942995290982665185e-02
8.200000000000000622e-01 1.041836494533886492e+00 2.821176895062682544e-01 1.752590087995959181e-02 2.012972728468739869e-02
8.250000000000000666e-01 1.042446582940215416e+00 2.923345017395752032e-01 1.821467073864843286e-02 2.085066334258294657e-02
8.300000000000000711e-01 1.043060489370268407e+00 3.028970168935142815e-01 1.892689748638065259e-02 2.159333732333790917e-02
8.349999999999999645e-01 1.043678202179357140e+00 3.138161932076960481e-01 1.966328449486828139e-02 2.235835751510032582e-02
8.399999999999999689e-01 1.044299709771603135e+00 3.251033595950919008e-01 2.042455467171219036e-02 2.314635265261345831e-02
8.449999999999999734e-01 1.044925000599063569e+00 3.367701099305129286e-01 2.121144656645773327e-02 2.395797098545932383e-02
8.499999999999999778e-01 1.045554063160868408e+00 3.488283554665483899e-01 2.202472294503422107e-02 2.479388974138683338e-02
8.549999999999999822e-01 1.046186886002363758e+00 3.612903664583007601e-01 2.286516736537299449e-02 2.565481319161760573e-02
8.599999999999999867e-01 1.046823457714263217e+00 3.741687637117684928e-01 2.373358498253890295e-02 2.654147419632216925e-02
8.649999999999999911e-01 1.047463766931806317e+00 3.874764394325673211e-01 2.463080305992198724e-02 2.745463317485338783e-02
8.699999999999999956e-01 1.048107802333925420e+00 4.012267447517766650e-01 2.555767603884255210e-02 2.839509131122030725e-02
8.750000000000000000e-01 1.048755552642418598e+00 4.154332153368403002e-01 2.651507258731277891e-02 2.936367073438047454e-02
8.800000000000000044e-01 1.049407006621131844e+00 4.301098980052120435e-01 2.750389927587854402e-02 3.036124659808988810e-02
8.850000000000000089e-01 1.050062153075147497e+00 4.452711244922500922e-01 2.852507830131933986e-02 3.138872224363165736e-02
8.900000000000000133e-01 1.050720980849978670e+00 4.609315383347145079e-01 2.957955725896166746e-02 3.244703980409603672e-02
8.950000000000000178e-01 1.051383478830772988e+00 4.771062147042292589e-01 3.066831930929242792e-02 3.353720069624773620e-02
9.000000000000000222e-01 1.052049635941522787e+00 4.938105797091641991e-01 3.179236549349751667e-02 3.466023645098990219e-02
9.050000000000000266e-01 1.052719441144281065e+00 5.110603839932837955e-01 3.295273398826874256e-02 3.581724340403143192e-02
9.100000000000000311e-01 1.053392883438386107e+00 5.288717375949456567e-01 3.415048667787150272e-02 3.700936329108120426e-02
9.150000000000000355e-01 1.054069951859691656e+00 5.472611428483976637e-01 3.538670994263642261e-02 3.823778828720152123e-02
9.200000000000000400e-01 1.054750635479804632e+00 5.662454451551849344e-01 3.666254063779220834e-02 3.950379640355597410e-02
9.250000000000000444e-01 1.055434923405329073e+00 5.858418298705062588e-01 3.797912109707200085e-02 4.080869393423634112e-02
9.300000000000000488e-01 1.056122804777117841e+00 6.060678030018086249e-01 3.933764615264005032e-02 4.215388384422628920e-02
9.350000000000000533e-01 1.056814268769528553e+00 6.269412684469916064e-01 4.073933847151063603e-02 4.354083404103819416e-02
9.400000000000000577e-01 1.057509304589689725e+00 6.484804063774718408e-01 4.218544877794172532e-02 4.497108000310345854e-02
9.450000000000000622e-01 1.058207901476769797e+00 6.707038270722244233e-01 4.367727954658970346e-02 4.644626253377417968e-02
9.500000000000000666e-01 1.058910048701254603e+00 6.936302233625711855e-01 4.521614540424166023e-02 4.796807546745575357e-02
9.550000000000000711e-01 1.059615735564230832e+00 7.172788132748664225e-01 4.680341485512750505e-02 4.953833013757277803e-02
9.599999999999999645e-01 1.060324951396675930e+00 7.416690528533560478e-01 4.844050049915943346e-02 5.115893742932760280e-02
9.649999999999999689e-01 1.061037685558753330e+00 7.668205112387139755e-01 5.012882768453297277e-02 5.283188705925512957e-02
9.699999999999999734e-01 1.061753927439116119e+00 7.927531293410458035e-01 5.186989238358153537e-02 5.455930872154512307e-02
9.749999999999999778e-01 1.062473666454213594e+00 8.194871155345914149e-01 5.366521234010643987e-02 5.634342802615233819e-02
9.799999999999999822e-01 1.063196892047607145e+00 8.470427471865733526e-01 5.551635233396787217e-02 5.818659713535598993e-02
9.849999999999999867e-01 1.063923593689290348e+00 8.754404988481330196e-01 5.742491820880683828e-02 6.009130173978279033e-02
9.899999999999999911e-01 1.064653760875015509e+00 9.047010862329473158e-01 5.939256677363535797e-02 6.206016444770819790e-02
9.949999999999999956e-01 1.065387383125626419e+00 9.348451397303707555e-01 6.142098405870346362e-02 6.409593616667266791e-02
1.000000000000000000e+00 1.066124449986396217e+00 9.658934781099339784e-01 6.351192035400163305e-02 6.620154987535514790e-02
1.005000000000000115e+00 1.066864951026373021e+00 9.978660452876108033e-01 6.566730125996499134e-02 6.838028885716544714e-02
1.010000000000000009e+00 1.067608875837728233e+00 1.030784439813188236e+00 6.788882462425617492e-02 7.063518892767783885e-02
1.015000000000000124e+00 1.068356214035114826e+00 1.064669351382038887e+00 7.017837269513838017e-02 7.296967413837558702e-02
1.020000000000000018e+00 1.069106955255026969e+00 1.099541409460619956e+00 7.253789112857227106e-02 7.538736517079216992e-02
1.024999999999999911e+00 1.069861089155168976e+00 1.135421073107030221e+00 7.496935945190036366e-02 7.789206608928431197e-02
1.030000000000000027e+00 1.070618605413826918e+00 1.172328512461088934e+00 7.747479074495038087e-02 8.048775585697497126e-02
1.034999999999999920e+00 1.071379493729249344e+00 1.210283448858288091e+00 8.005629089351051775e-02 8.317868281160062383e-02
1.040000000000000036e+00 1.072143743819029771e+00 1.249305667889647031e+00 8.271597383443327067e-02 8.596927085967187576e-02
1.044999999999999929e+00 1.072911345419497398e+00 1.289413929221658206e+00 8.545602965033803622e-02 8.886419373140749811e-02
1.050000000000000044e+00 1.073682288285112474e+00 1.330626992104956496e+00 8.827868755187681660e-02 9.186836212373510058e-02
1.054999999999999938e+00 1.074456562187866782e+00 1.372962513856971878e+00 9.118623829222366473e-02 9.498694530814728865e-02
1.060000000000000053e+00 1.075234156916690775e+00 1.416437977767211365e+00 9.418101195169105433e-02 9.822536064038389636e-02
1.064999999999999947e+00 1.076015062276864054e+00 1.461069601959171127e+00 9.726540172267188200e-02 1.015893046296296870e-01
1.070000000000000062e+00 1.076799268089433603e+00 1.506873022961818132e+00 1.004418525147532243e-01 1.050847612077869114e-01
1.074999999999999956e+00 1.077586764190635593e+00 1.553862841002003226e+00 1.037128594591843478e-01 1.087179986285720656e-01
1.080000000000000071e+00 1.078377540431322945e+00 1.602052387717609383e+00 1.070809483772278414e-01 1.124955572077282195e-01
1.084999999999999964e+00 1.079171586676399119e+00 1.651454004456464952e+00 1.105487118335443109e-01 1.164243042630594416e-01
1.090000000000000080e+00 1.079968892804255898e+00 1.702078657760894398e+00 1.141188077119271727e-01 1.205114434666035295e-01
1.094999999999999973e+00 1.080769448706216718e+00 1.753935837830266076e+00 1.177939046111374094e-01 1.247644524516578757e-01
1.100000000000000089e+00 1.081573244285985780e+00 1.807033401412156071e+00 1.215767318201165653e-01 1.291911526667634535e-01
1.104999999999999982e+00 1.082380269459101152e+00 1.861377914290476721e+00 1.254701057614423521e-01 1.337997551175756639e-01
1.110000000000000098e+00 1.083190514152395201e+00 1.916973766727676276e+00 1.294768047858195215e-01 1.385987066147604252e-01
1.114999999999999991e+00 1.084003968303457022e+00 1.973823550585799946e+00 1.335997236921326325e-01 1.435968955476056297e-01
1.120000000000000107e+00 1.084820621860102863e+00 2.031927863896560549e+00 1.378417395741547979e-01 1.488034793230810782e-01
1.125000000000000000e+00 1.085640464779849657e+00 2.091285343120124818e+00 1.422058063296473829e-01 1.542280124181382439e-01
1.130000000000000115e+00 1.086463487029394992e+00 2.151891826048755174e+00 1.466949034479836378e-01 1.598803958650525381e-01
1.135000000000000009e+00 1.087289678584100638e+00 2.213741368002035692e+00 1.513120309748887948e-01 1.657708621314122333e-01
1.140000000000000124e+00 1.088119029427482509e+00 2.276825257477716580e+00 1.560602313725616419e-01 1.719100031868444067e-01
1.145000000000000018e+00 1.088951529550704622e+00 2.341131925369218880e+00 1.609425698256598813e-01 1.783087521045579049e-01
1.150000000000000133e+00 1.089787168952079055e+00 2.406647375720157189e+00 1.659620936541197633e-01 1.849783254096473151e-01
1.155000000000000027e+00 1.090625937636568565e+00 2.473355033103536993e+00 1.711219345766371580e-01 1.919303572706813066e-01
1.159999999999999920e+00 1.091467825615297427e+00 2.541234734380352300e+00 1.764252055952221787e-01 1.991767599321076498e-01
1.165000000000000036e+00 1.092312822905064262e+00 2.610264026284749850e+00 1.818750204429153416e-01 2.067297308160748193e-01
1.169999999999999929e+00 1.093160919527861763e+00 2.680417070216750464e+00 1.874745354845906431e-01 2.146018242894739414e-01
1.175000000000000044e+00 1.094012105510399513e+00 2.751664604875724507e+00 1.932268592121561823e-01 2.228057907623956502e-01
1.179999999999999938e+00 1.094866370883633921e+00 2.823975157262439417e+00 1.991351366983138416e-01 2.313547034175907902e-01
1.185000000000000053e+00 1.095723705682299487e+00 2.897312987202567136e+00 2.052025072705349340e-01 2.402618702423646446e-01
1.189999999999999947e+00 1.096584099944449830e+00 2.971640244912424400e+00 2.114320759127916449e-01 2.495407966281367462e-01
1.195000000000000062e+00 1.097447543710998508e+00 3.046914897989529525e+00 2.178269561888933337e-01 2.592052092872075275e-01
1.199999999999999956e+00 1.098314027025267592e+00 3.123092412808743390e+00 2.243902086272736851e-01 2.692689479329128388e-01
1.205000000000000071e+00 1.099183539932540254e+00 3.200125139623215098e+00 2.311249166364288121e-01 2.797460703565011753e-01
1.209999999999999964e+00 1.100056072479618674e+00 3.277962022519967711e+00 2.380341036184759063e-01 2.906506910806828659e-01
1.215000000000000080e+00 1.100931614714385054e+00 3.356549362150634597e+00 2.451207419735704218e-01 3.019969724461604721e-01
1.219999999999999973e+00 1.101810156685369746e+00 3.435830503259633240e+00 2.523878418418200043e-01 3.137992328710981771e-01
1.225000000000000089e+00 1.102691688441321372e+00 3.515746177524317950e+00 2.598383254354580951e-01 3.260717170031846579e-01
1.229999999999999982e+00 1.103576200030784493e+00 3.596234712592709659e+00 2.674750263848593157e-01 3.388285876178102063e-01
1.235000000000000098e+00 1.104463681501680172e+00 3.677231616680650461e+00 2.753008471667909851e-01 3.520840942794577488e-01
1.239999999999999991e+00 1.105354122900890967e+00 3.758670666775883795e+00 2.833185579922575248e-01 3.658522706368527722e-01
1.245000000000000107e+00 1.106247514273852595e+00 3.840483653211632209e+00 2.915308441890037683e-01 3.801469483625439238e-01
1.250000000000000000e+00 1.107143845664148030e+00 3.922600234647831030e+00 2.999404971474317616e-01 3.949820158137922754e-01
1.255000000000000115e+00 1.108043107113107384e+00 4.004949043602367809e+00 3.085501026979715622e-01 4.103709074875032670e-01
1.260000000000000009e+00 1.108945288659413109e+00 4.087457653444251271e+00 3.173622559842602109e-01 4.263268989946484844e-01
1.265000000000000124e+00 1.109850380338708309e+00 4.170052421202715465e+00 3.263795474730777357e-01 4.428630375894010429e-01
1.270000000000000018e+00 1.110758372183210829e+00 4.252658809702748677e+00 3.356043397581224830e-01 4.599917963287537548e-01
1.275000000000000133e+00 1.111669254221331116e+00 4.335203319547178857e+00 3.450392135979354902e-01 4.777256558851626922e-01
1.280000000000000027e+00 1.112583016477296738e+00 4.417610977635096248e+00 3.546864856109650521e-01 4.960764063790902845e-01
1.284999999999999920e+00 1.113499648970778022e+00 4.499808074538980129e+00 3.645485153877620066e-01 5.150555337190267924e-01
1.290000000000000036e+00 1.114419141716522343e+00 4.581721628295467141e+00 3.746276199018362396e-01 5.346740692202556211e-01
1.294999999999999929e+00 1.115341484723989307e+00 4.663279503997055819e+00 3.849260800173155417e-01 5.549425832960370730e-01
1.300000000000000044e+00 1.116266667996994588e+00 4.744411310818571259e+00 3.954460883559465234e-01 5.758710497973433817e-01
1.304999999999999938e+00 1.117194681533353773e+00 4.825047883757496159e+00 4.061899279091885084e-01 5.974691279140100786e-01
1.310000000000000053e+00 1.118125515324534858e+00 4.905122621531996963e+00 4.171596819147658231e-01 6.197456677947070780e-01
1.314999999999999947e+00 1.119059159355313193e+00 4.984571488972184383e+00 4.283576304561544923e-01 6.427093077032587365e-01
1.320000000000000062e+00 1.119995603603431533e+00 5.063332203657391339e+00 4.397859395580174247e-01 6.663679925564501838e-01
1.324999999999999956e+00 1.120934838039265857e+00 5.141346710088705585e+00 4.514466339108192394e-01 6.907288890680088889e-01
1.330000000000000071e+00 1.121876852625492305e+00 5.218559596191417960e+00 4.633420507995679172e-01 7.157991087715431799e-01
1.334999999999999964e+00 1.122821637316764765e+00 5.294918461557399425e+00 4.754742641555073646e-01 7.415847932291064204e-01
1.340000000000000080e+00 1.123769182059389804e+00 5.370375492862908828e+00 4.878454693151005883e-01 7.680917002220443157e-01
1.344999999999999973e+00 1.124719476791012696e+00 5.444886535883540546e+00 5.004579575518943724e-01 7.953251889000175767e-01
1.350000000000000089e+00 1.125672511440304557e+00 5.518411886013931067e+00 5.133139378110381790e-01 8.232899168144579560e-01
1.354999999999999982e+00 1.126628275926654377e+00 5.590914741708104430e+00 5.264157543021719121e-01 8.519902170792613694e-01
1.360000000000000098e+00 1.127586760159866808e+00 5.662364853983723911e+00 5.397657586123267848e-01 8.814298747464295314e-01
1.364999999999999991e+00 1.128547954039863965e+00 5.732734390616013975e+00 5.533663554865966283e-01 9.116122248961409102e-01
1.370000000000000107e+00 1.129511847456391438e+00 5.802000858127499328e+00 5.672199875921659640e-01 9.425401993568920389e-01
1.375000000000000000e+00 1.130478430288730518e+00 5.870147681831955566e+00 5.813293050711426657e-01 9.742164609888315230e-01
1.380000000000000115e+00 1.131447692405412875e+00 5.937160380932598791e+00 5.956968805358511254e-01 1.006643192336081905e+00
1.385000000000000009e+00 1.132419623663941444e+00 6.003030909685017846e+00 6.103253771525543048e-01 1.039822182506958459e+00
1.390000000000000124e+00 1.133394213910515980e+00 6.067755244014208849e+00 6.252176949032087760e-01 1.073755201695829609e+00
1.395000000000000018e+00 1.134371452979762385e+00 6.131333440197406226e+00 6.403767559047717217e-01 1.108443650549578496e+00
1.400000000000000133e+00 1.135351330694467364e+00 6.193770827514052613e+00 6.558054790536855805e-01 1.143888553825948229e+00
1.405000000000000027e+00 1.136333836865317526e+00 6.255076419935884147e+00 6.715071187177598100e-01 1.180091127474024670e+00
1.409999999999999920e+00 1.137318961290643582e+00 6.315263297452310631e+00 6.874847252866953529e-01 1.217051906211521040e+00
1.415000000000000036e+00 1.138306693756168331e+00 6.374349523623599190e+00 7.037418620895697918e-01 1.254772063902046320e+00
1.419999999999999929e+00 1.139297024034760630e+00 6.432354960103903174e+00 7.202817894789818043e-01 1.293251875652759120e+00
1.425000000000000044e+00 1.140289941886192482e+00 6.489305625920043674e+00 7.371082103938187968e-01 1.332492279460540274e+00
1.429999999999999938e+00 1.141285437056903218e+00 6.545230583956136883e+00 7.542248125948238791e-01 1.372493775134256078e+00
1.435000000000000053e+00 1.142283499279765024e+00 6.600159881893888247e+00 7.716354251231476447e-01 1.413257219519795660e+00
1.439999999999999947e+00 1.143284118273856675e+00 6.654128482187233296e+00 7.893440094662278472e-01 1.454783295772947183e+00
1.445000000000000062e+00 1.144287283744239936e+00 6.707174973177359334e+00 8.073545799362096265e-01 1.497072755518764620e+00
1.449999999999999956e+00 1.145292985381740625e+00 6.759338942033074282e+00 8.256712907064509555e-01 1.540126493069905456e+00
1.455000000000000071e+00 1.146301212862736563e+00 6.810664263054601264e+00 8.442986303265778147e-01 1.583945891606774570e+00
1.459999999999999964e+00 1.147311955848947074e+00 6.861195263313215165e+00 8.632408773320544570e-01 1.628531911858530856e+00
1.465000000000000080e+00 1.148325203987230259e+00 6.910979601053778509e+00 8.825027089527118784e-01 1.673886242247535794e+00
1.469999999999999973e+00 1.149340946909383598e+00 6.960065926780518275e+00 9.020886198556488100e-01 1.720010185059897445e+00
1.475000000000000089e+00 1.150359174231948334e+00 7.008505494341537023e+00 9.220035945244228204e-01 1.766905977437726705e+00
1.479999999999999982e+00 1.151379875556021837e+00 7.056349875643812553e+00 9.422524213934152515e-01 1.814575570765944112e+00
1.485000000000000098e+00 1.152403040467071982e+00 7.103653061569302096e+00 9.628401787605175288e-01 1.863021350774423768e+00
1.489999999999999991e+00 1.153428658534756623e+00 7.150468514957192490e+00 9.837718253428722193e-01 1.912245723297077982e+00
1.495000000000000107e+00 1.154456719312749513e+00 7.196852544442450927e+00 1.005052745509591006e+00 1.962251861874459768e+00
1.500000000000000000e+00 1.155487212338569769e+00 7.242860718278720356e+00 1.026688099051534131e+00 2.013042631302111474e+00
1.505000000000000115e+00 1.156520127133416675e+00 7.288549121764457794e+00 1.048683265226228567e+00 2.064621416505898921e+00
1.510000000000000009e+00 1.157555453202008700e+00 7.333975031359792673e+00 1.071043808990145507e+00 2.116992062291972676e+00
1.515000000000000124e+00 1.158593180032429393e+00 7.379195708234118634e+00 1.093775310470600282e+00 2.170158568692862833e+00
1.520000000000000018e+00 1.159633297095975069e+00 7.424267810769396903e+00 1.116883230153465911e+00 2.224124909481858481e+00
1.525000000000000133e+00 1.160675793847010029e+00 7.469248922754851527e+00 1.140373397191627003e+00 2.278895783429175648e+00
1.530000000000000027e+00 1.161720659722826676e+00 7.514195666218412839e+00 1.164251714913437707e+00 2.334476136511434152e+00
1.535000000000000142e+00 1.162767884143507846e+00 7.559164939486632484e+00 1.188523733162652807e+00 2.390870673234243071e+00
1.540000000000000036e+00 1.163817456511797577e+00 7.604212762903076239e+00 1.213195456418397322e+00 2.448084779152788659e+00
1.544999999999999929e+00 1.164869366212974766e+00 7.649395265952410483e+00 1.238272626504293594e+00 2.506123666633092828e+00
1.550000000000000044e+00 1.165923602614732379e+00 7.694767202949440943e+00 1.263761712807643489e+00 2.564994171490503128e+00
1.554999999999999938e+00 1.166980155067061542e+00 7.740383851413473515e+00 1.289668198364019025e+00 2.624701221376350979e+00
1.560000000000000053e+00 1.168039012902141183e+00 7.786298046486978208e+00 1.315998518208114643e+00 2.685251949216904688e+00
1.564999999999999947e+00 1.169100165434231231e+00 7.832563631453132835e+00 1.342758529567861236e+00 2.746652247948955683e+00
1.570000000000000062e+00 1.170163601959574473e+00 7.879232657349180435e+00 1.369954180042789016e+00 2.808908608438913213e+00
1.574999999999999956e+00 1.171229311756297298e+00 7.926356035367883912e+00 1.397591959886244517e+00 2.872028714736264199e+00
1.580000000000000071e+00 1.172297284084322211e+00 7.973984620652811550e+00 1.425677963079059030e+00 2.936019419322565494e+00
1.584999999999999964e+00 1.173367508185281460e+00 8.022167747578667019e+00 1.454218121613473746e+00 3.000887656838558293e+00
1.590000000000000080e+00 1.174439973282435989e+00 8.070953628317095507e+00 1.483218652675593940e+00 3.066640979630329777e+00
1.594999999999999973e+00 1.175514668580601496e+00 8.120389179916660538e+00 1.512685855632421861e+00 3.133287351648848862e+00
1.600000000000000089e+00 1.176591583266077601e+00 8.170521276301656144e+00 1.542625571338669621e+00 3.200833712335974024e+00
1.604999999999999982e+00 1.177670706506583453e+00 8.221394464914771660e+00 1.573044197041763015e+00 3.269288568235767301e+00
1.610000000000000098e+00 1.178752027451198003e+00 8.273053479430428681e+00 1.603947702827669186e+00 3.338659477536031428e+00
1.614999999999999991e+00 1.179835535230304933e+00 8.325540256984597320e+00 1.635342303081665838e+00 3.408954941517589265e+00
1.620000000000000107e+00 1.180921218955544472e+00 8.378897082578554034e+00 1.667234038427129583e+00 3.480182864395081399e+00
1.625000000000000000e+00 1.182009067719768769e+00 8.433164669595027974e+00 1.699628954004914094e+00 3.552351510827133296e+00
1.630000000000000115e+00 1.183099070597002811e+00 8.488381825801111447e+00 1.732533108823782309e+00 3.625469310433237613e+00
1.635000000000000009e+00 1.184191216642411337e+00 8.544587420103903597e+00 1.765952624197398846e+00 3.699544823063699361e+00
1.640000000000000124e+00 1.185285494892271307e+00 8.601817833670562408e+00 1.799893044021469324e+00 3.774585781376289084e+00
1.645000000000000018e+00 1.186381894363947032e+00 8.660109246061749033e+00 1.834361031708748646e+00 3.850601954485006306e+00
1.650000000000000133e+00 1.187480404055874628e+00 8.719496612259927559e+00 1.869361963919292213e+00 3.927601128056702251e+00
1.655000000000000027e+00 1.188581012947548476e+00 8.780013700150762546e+00 1.904901916590488575e+00 4.005591998725883229e+00
1.660000000000000142e+00 1.189683709999514560e+00 8.841692763190177828e+00 1.940986765280786841e+00 4.084583397555478612e+00
1.665000000000000036e+00 1.190788484153369131e+00 8.904564265351881502e+00 1.977622022242061295e+00 4.164583459750170746e+00
1.669999999999999929e+00 1.191895324331762041e+00 8.968659581117998769e+00 2.014813860290602943e+00 4.245601595311974563e+00
1.675000000000000044e+00 1.193004219438406732e+00 9.034007117784314644e+00 2.052568055642622902e+00 4.327646606554618636e+00
1.679999999999999938e+00 1.194115158358093565e+00 9.100634943295004220e+00 2.090889803147062853e+00 4.410726163344101280e+00
1.685000000000000053e+00 1.195228129956711127e+00 9.168569469205399614e+00 2.129785128095071478e+00 4.494849743666638808e+00
1.689999999999999947e+00 1.196343123081270665e+00 9.237837608269549250e+00 2.169259799642272224e+00 4.580026238307537412e+00
1.695000000000000062e+00 1.197460126559938276e+00 9.308462874071214088e+00 2.209319140713685403e+00 4.666263911031036216e+00
1.699999999999999956e+00 1.198579129202069993e+00 9.380468639756161409e+00 2.249969099924186366e+00 4.753572317479867415e+00
1.705000000000000071e+00 1.199700119798254416e+00 9.453878490933103507e+00 2.291214626884844119e+00 4.841958694712749534e+00
1.709999999999999964e+00 1.200823087120360011e+00 9.528713287396380238e+00 2.333061883471624576e+00 4.931433243892387353e+00
1.715000000000000080e+00 1.201948019921588173e+00 9.604994552367362104e+00 2.375516062163794295e+00 5.022003984301798063e+00
1.719999999999999973e+00 1.203074906936531852e+00 9.682740617898486946e+00 2.418582803906765832e+00 5.113679907151906789e+00
1.725000000000000089e+00 1.204203736881238829e+00 9.761970808691597057e+00 2.462267505722433469e+00 5.206469624101048410e+00
1.729999999999999982e+00 1.205334498453282777e+00 9.842702572902144453e+00 2.506575422345411308e+00 5.300381484449290248e+00
1.735000000000000098e+00 1.206467180331836975e+00 9.924952636908797032e+00 2.551512713592495540e+00 5.395425493138745310e+00
1.739999999999999991e+00 1.207601771177756689e+00 1.000873707035411009e+01 2.597084157493860790e+00 5.491608975291830674e+00
1.745000000000000107e+00 1.208738259633664436e+00 1.009407118272761572e+01 2.643295460095276272e+00 5.588941062882681443e+00
1.750000000000000000e+00 1.209876634324042799e+00 1.018096824690174351e+01 2.690152593736581998e+00 5.687431777982628667e+00
1.755000000000000115e+00 1.211016883855332349e+00 1.026944255883772605e+01 2.737660415814066273e+00 5.787088356164469261e+00
1.760000000000000009e+00 1.212158996816034451e+00 1.035950670226575099e+01 2.785825093260211993e+00 5.887920900227671339e+00
1.765000000000000124e+00 1.213302961776821398e+00 1.045117162566324964e+01 2.834651951893530253e+00 5.989937842748862096e+00
1.770000000000000018e+00 1.214448767290650766e+00 1.054445002415986643e+01 2.884146747228271579e+00 6.093148363404635504e+00
1.775000000000000133e+00 1.215596401892885980e+00 1.063935069340815787e+01 2.934314916810551122e+00 6.197560917983437889e+00
1.780000000000000027e+00 1.216745854101423552e+00 1.073588462712751124e+01 2.985162371397620973e+00 6.303184866219865512e+00
1.785000000000000142e+00 1.217897112416823635e+00 1.083406013045999572e+01 3.036694829218947511e+00 6.410029283605387818e+00
1.790000000000000036e+00 1.219050165322449919e+00 1.093388584951126141e+01 3.088918339574299843e+00 6.518103700029906911e+00
1.794999999999999929e+00 1.220205001284612623e+00 1.103537039966276723e+01 3.141838893259690568e+00 6.627417370686181641e+00
1.800000000000000044e+00 1.221361608752716377e+00 1.113852043303628214e+01 3.195462408622554928e+00 6.737979798893320549e+00
1.804999999999999938e+00 1.222519976159418986e+00 1.124334340444687719e+01 3.249795027539415848e+00 6.849800053590024085e+00
1.810000000000000053e+00 1.223680091920789526e+00 1.134984568975104935e+01 3.304842870465780180e+00 6.962887494153100931e+00
1.814999999999999947e+00 1.224841944436477315e+00 1.145803295507131381e+01 3.360612480380389400e+00 7.077252756952442603e+00
1.820000000000000062e+00 1.226005522089884225e+00 1.156791114898584105e+01 3.417109841666980952e+00 7.192904511349937913e+00
1.824999999999999956e+00 1.227170813248343206e+00 1.167948499169040133e+01 3.474341995653213999e+00 7.309853490479281568e+00
1.830000000000000071e+00 1.228337806263303689e+00 1.179275990566736354e+01 3.532315354197071766e+00 7.428109607347111343e+00
1.834999999999999964e+00 1.229506489470522324e+00 1.190773996892840181e+01 3.591036131128686026e+00 7.547681846346575796e+00
1.840000000000000080e+00 1.230676851190258825e+00 1.202442950941784261e+01 3.650512108444367243e+00 7.668582141594931123e+00
1.844999999999999973e+00 1.231848879727479362e+00 1.214283238496083506e+01 3.710749923577365994e+00 7.790820419744331815e+00
1.850000000000000089e+00 1.233022563372064173e+00 1.226295166586586483e+01 3.771756865944608350e+00 7.914407305302536777e+00
1.854999999999999982e+00 1.234197890399023168e+00 1.238479173259463550e+01 3.833539654919141171e+00 8.039352935403835332e+00
1.860000000000000098e+00 1.235374849068715752e+00 1.250835614514347682e+01 3.896106380143833814e+00 8.165668980663566501e+00
1.864999999999999991e+00 1.236553427627077095e+00 1.263364628950228941e+01 3.959464345847639510e+00 8.293366244471437554e+00
1.870000000000000107e+00 1.237733614305851271e+00 1.276066651803984797e+01 4.023621033383429690e+00 8.422455505433525502e+00
1.875000000000000000e+00 1.238915397322829737e+00 1.288941899738968466e+01 4.088584696609159685e+00 8.552949154978842117e+00
1.880000000000000115e+00 1.240098764882095139e+00 1.301990547233499207e+01 4.154363094413418445e+00 8.684858328608433098e+00
1.885000000000000009e+00 1.241283705174272667e+00 1.315213014278991821e+01 4.220964287812011051e+00 8.818194662519575289e+00
1.890000000000000124e+00 1.242470206376787178e+00 1.328609544873899040e+01 4.288396554000441618e+00 8.952969750533579685e+00
1.895000000000000018e+00 1.243658256654124994e+00 1.342180206526091091e+01 4.356668704139375237e+00 9.089196904419397427e+00
1.900000000000000133e+00 1.244847844158103012e+00 1.355925399120889452e+01 4.425789326235891608e+00 9.226888282191337609e+00
1.905000000000000027e+00 1.246038957028144711e+00 1.369845298511379106e+01 4.495766048778408575e+00 9.366054072338977576e+00
1.910000000000000142e+00 1.247231583391559262e+00 1.383940123588949866e+01 4.566609398491483063e+00 9.506710826871115572e+00
1.915000000000000036e+00 1.248425711363831514e+00 1.398210039924399162e+01 4.638327950088259044e+00 9.648870122387590342e+00
1.919999999999999929e+00 1.249621329048912655e+00 1.412655373016247218e+01 4.710929827719607665e+00 9.792543418050708937e+00
1.925000000000000044e+00 1.250818424539521745e+00 1.427276444452915172e+01 4.784425714057124246e+00 9.937746012503527737e+00
1.929999999999999938e+00 1.252016985917450365e+00 1.442073228826737541e+01 4.858824665260352837e+00 1.008449173981584224e+01
1.935000000000000053e+00 1.253217001253874363e+00 1.457046247479034840e+01 4.934136867232726154e+00 1.023279467275484578e+01
1.939999999999999947e+00 1.254418458609672937e+00 1.472195463636834134e+01 5.010370575531132964e+00 1.038266642397820760e+01
1.945000000000000062e+00 1.255621346035752151e+00 1.487521358370526769e+01 5.087538144420991948e+00 1.053412555309251530e+01
1.949999999999999956e+00 1.256825651573374891e+00 1.503024008482155160e+01 5.165647288537137172e+00 1.068718275634024906e+01
1.955000000000000071e+00 1.258031363254499713e+00 1.518703760134972214e+01 5.244709632032271251e+00 1.084185501713008648e+01
1.959999999999999964e+00 1.259238469102119673e+00 1.534560915068383302e+01 5.324735114604663977e+00 1.099815665223990457e+01
1.965000000000000080e+00 1.260446957130616275e+00 1.550595692380531609e+01 5.405734709121357895e+00 1.115610388233037753e+01
1.969999999999999973e+00 1.261656815346111182e+00 1.566808353506302254e+01 5.487719604156312769e+00 1.131571317151218281e+01
1.975000000000000089e+00 1.262868031746829489e+00 1.583199125925808204e+01 5.570699314456969198e+00 1.147699856640515748e+01
1.979999999999999982e+00 1.264080594323466533e+00 1.599768495355318976e+01 5.654685479714877339e+00 1.163997689776369704e+01
1.985000000000000098e+00 1.265294491059563597e+00 1.616516671936584260e+01 5.739688798442677431e+00 1.180466388992588023e+01
1.989999999999999991e+00 1.266509709931886274e+00 1.633443859049309665e+01 5.825722166632819388e+00 1.197107974892495186e+01
1.995000000000000107e+00 1.267726238910813485e+00 1.650550536319722639e+01 5.912794948108446746e+00 1.213923748517426304e+01
2.000000000000000000e+00 1.268944065960727619e+00 1.667836950089539272e+01 6.000920447691983739e+00 1.230915815326914675e+01
2.004999999999999893e+00 1.270163179040415979e+00 1.685303484586184553e+01 6.090109279185307756e+00 1.248085727414808410e+01
2.010000000000000231e+00 1.271383566103475360e+00 1.702950534344346778e+01 6.180374265652479160e+00 1.265435427494395348e+01
2.015000000000000124e+00 1.272605215098723486e+00 1.720778361024488134e+01 6.271726308727860300e+00 1.282966589156661819e+01
2.020000000000000018e+00 1.273828113970618237e+00 1.738787324450334992e+01 6.364177815663667026e+00 1.300681204293052673e+01
2.024999999999999911e+00 1.275052250659680864e+00 1.756978251702145144e+01 6.457740983422683101e+00 1.318580986034815261e+01
2.030000000000000249e+00 1.276277613102927866e+00 1.775350892908938150e+01 6.552429910943363467e+00 1.336668380077625073e+01
2.035000000000000142e+00 1.277504189234306420e+00 1.793905953768319606e+01 6.648255354176712650e+00 1.354944974232218691e+01
2.040000000000000036e+00 1.278731966985139357e+00 1.812643864070538413e+01 6.745230349402458359e+00 1.373412799692504827e+01
2.044999999999999929e+00 1.279960934284574359e+00 1.831565038395633849e+01 6.843368327000855622e+00 1.392074046703784340e+01
2.049999999999999822e+00 1.281191079060038929e+00 1.850669811258799768e+01 6.942681756976604390e+00 1.410930707482862623e+01
2.055000000000000160e+00 1.282422389237703575e+00 1.869958959330412540e+01 7.043184828636682049e+00 1.429985091382163809e+01
2.060000000000000053e+00 1.283654852742951435e+00 1.889432721513555791e+01 7.144889223775651388e+00 1.449239047086192400e+01
2.064999999999999947e+00 1.284888457500850345e+00 1.909091609032251569e+01 7.247808338828256147e+00 1.468694836130819503e+01
2.069999999999999840e+00 1.286123191436637780e+00 1.928936198257368773e+01 7.351957930329867885e+00 1.488355085987559967e+01
2.075000000000000178e+00 1.287359042476205584e+00 1.948966962687807580e+01 7.457349513814096831e+00 1.508221670773656342e+01
2.080000000000000071e+00 1.288595998546594679e+00 1.969184385702432749e+01 7.563998050552195096e+00 1.528297067697704215e+01
2.084999999999999964e+00 1.289834047576496001e+00 1.989589198247404056e+01 7.671917079288724572e+00 1.548583641634846231e+01
2.089999999999999858e+00 1.291073177496757207e+00 2.010181811956776343e+01 7.781120762073443942e+00 1.569083726881301288e+01
2.095000000000000195e+00 1.292313376240894485e+00 2.030962839473945891e+01 7.891624039326060824e+00 1.589799952029667551e+01
2.100000000000000089e+00 1.293554631745612582e+00 2.051932913902620470e+01 8.003439619856807852e+00 1.610734436645605783e+01
2.104999999999999982e+00 1.294796931951329721e+00 2.073092622396074702e+01 8.116583941633837895e+00 1.631890112956849137e+01
2.109999999999999876e+00 1.296040264802710951e+00 2.094442607832320391e+01 8.231070136331855025e+00 1.653269174769731720e+01
2.115000000000000213e+00 1.297284618249205046e+00 2.115983484259785641e+01 8.346913984408272924e+00 1.674874472814389392e+01
2.120000000000000107e+00 1.298529980245588522e+00 2.137715869090642329e+01 8.464130396892494801e+00 1.696708643864061727e+01
2.125000000000000000e+00 1.299776338752518745e+00 2.159640612359278933e+01 8.582733374054337006e+00 1.718774131121622872e+01
2.129999999999999893e+00 1.301023681737088600e+00 2.181758271564820006e+01 8.702738225317974141e+00 1.741073735212103557e+01
2.135000000000000231e+00 1.302271997173391371e+00 2.204069503132696539e+01 8.824161491439017624e+00 1.763610350957160477e+01
2.140000000000000124e+00 1.303521273043090511e+00 2.226575111487212055e+01 8.947016991599630487e+00 1.786386592906246307e+01
2.145000000000000018e+00 1.304771497335994956e+00 2.249275651068638027e+01 9.071321567116168438e+00 1.809405451895254657e+01
2.149999999999999911e+00 1.306022658050641327e+00 2.272172206860138388e+01 9.197089677886356895e+00 1.832669591251704944e+01
2.155000000000000249e+00 1.307274743194883682e+00 2.295265326584053867e+01 9.324337474647890645e+00 1.856181967827485124e+01
2.160000000000000142e+00 1.308527740786487481e+00 2.318555739648095582e+01 9.453080670100575844e+00 1.879945531700256467e+01
2.165000000000000036e+00 1.309781638853730668e+00 2.342044497903161115e+01 9.583335396406607032e+00 1.903963259089725213e+01
2.169999999999999929e+00 1.311036425436011399e+00 2.365732026100373631e+01 9.715117130141269541e+00 1.928238074289712500e+01
2.175000000000000266e+00 1.312292088584462002e+00 2.389619485690227663e+01 9.848442690945699241e+00 1.952773087354009363e+01
2.180000000000000160e+00 1.313548616362568033e+00 2.413707548977788164e+01 9.983327120339698268e+00 1.977571174489297334e+01
2.185000000000000053e+00 1.314805996846795111e+00 2.437996949714054651e+01 1.011978699643159629e+01 2.002635481838149545e+01
2.189999999999999947e+00 1.316064218127219965e+00 2.462488772183569807e+01 1.025783954421834565e+01 2.027969225939925479e+01
2.194999999999999840e+00 1.317323268308171258e+00 2.487183743510581024e+01 1.039750065095711840e+01 2.053575493672707353e+01
2.200000000000000178e+00 1.318583135508872406e+00 2.512082739795478759e+01 1.053878631772492191e+01 2.079457340894729356e+01
2.205000000000000071e+00 1.319843807864092611e+00 2.537186676351594983e+01 1.068171302174209281e+01 2.105617952490769440e+01
2.209999999999999964e+00 1.321105273524805224e+00 2.562496473523610163e+01 1.082629723053197424e+01 2.132060525433701059e+01
2.214999999999999858e+00 1.322367520658849438e+00 2.588013002903367621e+01 1.097255582436608812e+01 2.158788278286710138e+01
2.220000000000000195e+00 1.323630537451601530e+00 2.613737113941412815e+01 1.112050426378648282e+01 2.185804234594709783e+01
2.225000000000000089e+00 1.324894312106648098e+00 2.639669644469239529e+01 1.127016080528712472e+01 2.213111930404068772e+01
2.229999999999999982e+00 1.326158832846469293e+00 2.665811734891387630e+01 1.142154067748636237e+01 2.240714399194278172e+01
2.234999999999999876e+00 1.327424087913126938e+00 2.692164254616366748e+01 1.157466115741588375e+01 2.268614978407376626e+01
2.240000000000000213e+00 1.328690065568957523e+00 2.718728173314134366e+01 1.172953869689862039e+01 2.296816905637836825e+01
2.245000000000000107e+00 1.329956754097271210e+00 2.745504295349747181e+01 1.188618972506501592e+01 2.325323423620456609e+01
2.250000000000000000e+00 1.331224141803060590e+00 2.772493676885391878e+01 1.204463106099322900e+01 2.354137863830247568e+01
2.254999999999999893e+00 1.332492217013710345e+00 2.799697116276491826e+01 1.220487931575306639e+01 2.383263454679295990e+01
2.260000000000000231e+00 1.333760968079716003e+00 2.827115612930852961e+01 1.236694888359264155e+01 2.412703114363039703e+01
2.265000000000000124e+00 1.335030383375409135e+00 2.854750390429096285e+01 1.253086023798904058e+01 2.442460798949314338e+01
2.270000000000000018e+00 1.336300451299685221e+00 2.882601877224547948e+01 1.269662560372458948e+01 2.472539034542625913e+01
2.274999999999999911e+00 1.337571160276742388e+00 2.910671549990188467e+01 1.286426331330720352e+01 2.502941375189211470e+01
2.280000000000000249e+00 1.338842498756821042e+00 2.938960206615393389e+01 1.303379083373292602e+01 2.533671286107507115e+01
2.285000000000000142e+00 1.340114455216953049e+00 2.967468550064780075e+01 1.320522121167543261e+01 2.564731475619107925e+01
2.290000000000000036e+00 1.341387018161716460e+00 2.996197758646314568e+01 1.337857272722352597e+01 2.596125449413453623e+01
2.294999999999999929e+00 1.342660176123993576e+00 3.025148645942132219e+01 1.355386168054700313e+01 2.627856514396487242e+01
2.300000000000000266e+00 1.343933917665737443e+00 3.054322332969469045e+01 1.373110222732361763e+01 2.659927423020410941e+01
2.305000000000000160e+00 1.345208231378743458e+00 3.083719808811593666e+01 1.391030964742169651e+01 2.692341209607563357e+01
2.310000000000000053e+00 1.346483105885426967e+00 3.113341707120883584e+01 1.409150198192472025e+01 2.725101538195611539e+01
2.314999999999999947e+00 1.347758529839606201e+00 3.143189217011288505e+01 1.427469350468597753e+01 2.758211131318856957e+01
2.319999999999999840e+00 1.349034491927291413e+00 3.173263273256560169e+01 1.445989831860540420e+01 2.791672828188441358e+01
2.325000000000000178e+00 1.350310980867478472e+00 3.203564749608233342e+01 1.464713355455345223e+01 2.825489971623040475e+01
2.330000000000000071e+00 1.351587985412951776e+00 3.234094529019341024e+01 1.483641329723327296e+01 2.859665406489003914e+01
2.334999999999999964e+00 1.352865494351088493e+00 3.264853434589001324e+01 1.502775011930242499e+01 2.894201611390192141e+01
2.339999999999999858e+00 1.354143496504671029e+00 3.295842637797652941e+01 1.522116322289450885e+01 2.929102219525897510e+01
2.345000000000000195e+00 1.355421980732705700e+00 3.327063078798176576e+01 1.541666248827132613e+01 2.964369241421106338e+01
2.350000000000000089e+00 1.356700935931243857e+00 3.358515370468315808e+01 1.561426485777544926e+01 3.000006027446348256e+01
2.354999999999999982e+00 1.357980351034212774e+00 3.390200493758044331e+01 1.581398322262457690e+01 3.036015067274607659e+01
2.359999999999999876e+00 1.359260215014249207e+00 3.422119507361772150e+01 1.601583059589673042e+01 3.072398789325832524e+01
2.365000000000000213e+00 1.360540516883539608e+00 3.454273087976421408e+01 1.621982278757002760e+01 3.109160353249235698e+01
2.370000000000000107e+00 1.361821245694665894e+00 3.486662168907626835e+01 1.642596934429485600e+01 3.146301529276125208e+01
2.375000000000000000e+00 1.363102390541456321e+00 3.519287796896318099e+01 1.663428653252218581e+01 3.183825363238152306e+01
2.379999999999999893e+00 1.364383940559842134e+00 3.552150516551341752e+01 1.684478666395423474e+01 3.221734305866159787e+01
2.385000000000000231e+00 1.365665884928720875e+00 3.585251492288104203e+01 1.705748132440738729e+01 3.260030515854337096e+01
2.390000000000000124e+00 1.366948212870820356e+00 3.618591238292087553e+01 1.727238087124780108e+01 3.298715898185018602e+01
2.395000000000000018e+00 1.368230913653576408e+00 3.652170774255684904e+01 1.748949984397487967e+01 3.337793132274259733e+01
2.399999999999999911e+00 1.369513976590007287e+00 3.685990975530970815e+01 1.770884944875565026e+01 3.377264372375862678e+01
2.405000000000000249e+00 1.370797391039600077e+00 3.720052488499975141e+01 1.793043813478024262e+01 3.417131004104765424e+01
2.410000000000000142e+00 1.372081146409197538e+00 3.754356153551114517e+01 1.815428033775799221e+01 3.457395854670591007e+01
2.415000000000000036e+00 1.373365232153893167e+00 3.788902732013797703e+01 1.838038487912720242e+01 3.498060351573653293e+01
2.419999999999999929e+00 1.374649637777930256e+00 3.823693104462501680e+01 1.860876249743623845e+01 3.539126491285824727e+01
2.425000000000000266e+00 1.375934352835608943e+00 3.858727810225595078e+01 1.883942274940227435e+01 3.580595827248114915e+01
2.430000000000000160e+00 1.377219366932191491e+00 3.894007857656807658e+01 1.907237532485208575e+01 3.622470195817295036e+01
2.435000000000000053e+00 1.378504669724822440e+00 3.929533758071799099e+01 1.930762923150666310e+01 3.664750943793521998e+01
2.439999999999999947e+00 1.379790250923445205e+00 3.965306366622988321e+01 1.954519350799315447e+01 3.707439776959220268e+01
2.444999999999999840e+00 1.381076100291728892e+00 4.001326338436327745e+01 1.978507584335371661e+01 3.750537766081229307e+01
2.450000000000000178e+00 1.382362207647998886e+00 4.037594330628240158e+01 2.002728593381128519e+01 3.794046692895318529e+01
2.455000000000000071e+00 1.383648562866170106e+00 4.074110921488465920e+01 2.027182780770597503e+01 3.837967033567813502e+01
2.459999999999999964e+00 1.384935155876690471e+00 4.110876907370899147e+01 2.051871219287632186e+01 3.882300339357498586e+01
2.464999999999999858e+00 1.386221976667483702e+00 4.147892674453762396e+01 2.076794473921815154e+01 3.927047763237808908e+01
2.470000000000000195e+00 1.387509015284901448e+00 4.185158975281867555e+01 2.101953430533642120e+01 3.972210451647507767e+01
2.475000000000000089e+00 1.388796261834676082e+00 4.222676658447877429e+01 2.127348141743256349e+01 4.017788261844958697e+01
2.479999999999999982e+00 1.390083706482882597e+00 4.260445904942853446e+01 2.152979667606533809e+01 4.063782845418567291e+01
2.484999999999999876e+00 1.391371339456903167e+00 4.298467466134130888e+01 2.178848178140668068e+01 4.110194145720776504e+01
2.490000000000000213e+00 1.392659151046396371e+00 4.336741658417594891e+01 2.204954390188459357e+01 4.157023295050144895e+01
2.495000000000000107e+00 1.393947131604270639e+00 4.375269185033377539e+01 2.231298747119095438e+01 4.204270668869641270e+01
2.500000000000000000e+00 1.395235271547664579e+00 4.414050495438021215e+01 2.257881268644884187e+01 4.251935947996250320e+01
2.504999999999999893e+00 1.396523561358930632e+00 4.453085818777591953e+01 2.284702938021891327e+01 4.300020694520107156e+01
2.510000000000000231e+00 1.397811991586621838e+00 4.492376090221482343e+01 2.311763441954046172e+01 4.348523577482163915e+01
2.515000000000000124e+00 1.399100552846486600e+00 4.531921163880053172e+01 2.339063295478908344e+01 4.397445474684363376e+01
2.520000000000000018e+00 1.400389235822465217e+00 4.571721504588092699e+01 2.366602758636048520e+01 4.446786452254089994e+01
2.524999999999999911e+00 1.401678031267691527e+00 4.611777264478450178e+01 2.394381578022286305e+01 4.496545488761179854e+01
2.530000000000000249e+00 1.402966930005501656e+00 4.652089476093414788e+01 2.422400484064153048e+01 4.546723315068165761e+01
2.535000000000000142e+00 1.404255922930439437e+00 4.692657658718491831e+01 2.450659397124397643e+01 4.597319611110396664e+01
2.540000000000000036e+00 1.405545001009279815e+00 4.733482549910053905e+01 2.479157794873184173e+01 4.648332835232000093e+01
2.544999999999999929e+00 1.406834155282040921e+00 4.774564066233546100e+01 2.507896365429687080e+01 4.699763736977507733e+01
2.550000000000000266e+00 1.408123376863012810e+00 4.815902711579084894e+01 2.536874829043437884e+01 4.751611316312293098e+01
2.555000000000000160e+00 1.409412656941783526e+00 4.857498222950120947e+01 2.566092652536673313e+01 4.803874181752482997e+01
2.560000000000000053e+00 1.410701986784272943e+00 4.899350713032944071e+01 2.595550092555319210e+01 4.856552170217672426e+01
2.564999999999999947e+00 1.411991357733769048e+00 4.941460477673292218e+01 2.625246738154985238e+01 4.909644197931682896e+01
2.569999999999999840e+00 1.413280761211968217e+00 4.983827245540145867e+01 2.655182666836001815e+01 4.963149699105607482e+01
2.575000000000000178e+00 1.414570188720020605e+00 5.026451529058457623e+01 2.685357007836891441e+01 5.017066508823900506e+01
2.580000000000000071e+00 1.415859631839580635e+00 5.069333129340243005e+01 2.715769887493795665e+01 5.071394463912950101e+01
2.584999999999999964e+00 1.417149082233858159e+00 5.112471386015890573e+01 2.746420747520754801e+01 5.126132032235659608e+01
2.589999999999999858e+00 1.418438531648677170e+00 5.155866749279137196e+01 2.777308979029900016e+01 5.181277296885366468e+01
2.595000000000000195e+00 1.419727971913536280e+00 5.199518937371324512e+01 2.808434561237684690e+01 5.236830011760486769e+01
2.600000000000000089e+00 1.421017394942674095e+00 5.243427423723633751e+01 2.839796427539603840e+01 5.292787364608538070e+01
2.604999999999999982e+00 1.422306792736138581e+00 5.287592317622171834e+01 2.871394239368866863e+01 5.349148471363743340e+01
2.609999999999999876e+00 1.423596157380858207e+00 5.332013222966437382e+01 2.903227671900346607e+01 5.405911911123467206e+01
2.615000000000000213e+00 1.424885481051721747e+00 5.376689851098758766e+01 2.935295380231736928e+01 5.463074834235293054e+01
2.620000000000000107e+00 1.426174756012655642e+00 5.421621694815699755e+01 2.967597320979863795e+01 5.520636523875617030e+01
2.625000000000000000e+00 1.427463974617710019e+00 5.466808058815544769e+01 3.000132295921705605e+01 5.578594317051940266e+01
2.629999999999999893e+00 1.428753129312145598e+00 5.512248815162574545e+01 3.032899528542482059e+01 5.636946117553387126e+01
2.635000000000000231e+00 1.430042212633526821e+00 5.557943577446872041e+01 3.065898650330861130e+01 5.695690842865440118e+01
2.640000000000000124e+00 1.431331217212814755e+00 5.603891324733771029e+01 3.099128057666078462e+01 5.754824771211191603e+01
2.645000000000000018e+00 1.432620135775467096e+00 5.650091866251678141e+01 3.132587341669372094e+01 5.814346796660689165e+01
2.649999999999999911e+00 1.433908961142540850e+00 5.696544108171975296e+01 3.166275712374676488e+01 5.874255107245069496e+01
2.655000000000000249e+00 1.435197686231796554e+00 5.743247307965469162e+01 3.200191508861615830e+01 5.934545732525483430e+01
2.660000000000000142e+00 1.436486304058808727e+00 5.790201201568525136e+01 3.234334154848679788e+01 5.995217197448195634e+01
2.665000000000000036e+00 1.437774807738079197e+00 5.837404893424335484e+01 3.268702797099636115e+01 6.056267551954336170e+01
2.669999999999999929e+00 1.439063190484150212e+00 5.884856922433981197e+01 3.303295409486020873e+01 6.117692492434538565e+01
2.675000000000000266e+00 1.440351445612727099e+00 5.932557121482150819e+01 3.338112097915598753e+01 6.179491574491228789e+01
2.680000000000000160e+00 1.441639566541798700e+00 5.980504068234404969e+01 3.373150381396965969e+01 6.241659849129194981e+01
2.685000000000000053e+00 1.442927546792763360e+00 6.028696848206411119e+01 3.408410463582795558e+01 6.304197264937178602e+01
2.689999999999999947e+00 1.444215379991559578e+00 6.077134466881216213e+01 3.443889863583694932e+01 6.367098552121770894e+01
2.694999999999999840e+00 1.445503059869796658e+00 6.125815803846030860e+01 3.479587738257607299e+01 6.430361849126377649e+01
2.700000000000000178e+00 1.446790580265890691e+00 6.174739788000324126e+01 3.515503245399901289e+01 6.493985141455740973e+01
2.705000000000000071e+00 1.448077935126202975e+00 6.223905306164470375e+01 3.551634128499317455e+01 6.557963558337188203e+01
2.709999999999999964e+00 1.449365118506182437e+00 6.273309063313173795e+01 3.587977556172871374e+01 6.622291377326270378e+01
2.714999999999999858e+00 1.450652124571508272e+00 6.322953849648407498e+01 3.624536415820245594e+01 6.686973833883945417e+01
2.720000000000000195e+00 1.451938947599239915e+00 6.372835952563870165e+01 3.661306780894319957e+01 6.752003176929423489e+01
2.725000000000000089e+00 1.453225581978965009e+00 6.422954100030619884e+01 3.698287409024457872e+01 6.817376435672011326e+01
2.729999999999999982e+00 1.454512022213955591e+00 6.473307470132708374e+01 3.735476875485005621e+01 6.883090668122753186e+01
2.734999999999999876e+00 1.455798262922322506e+00 6.523894192225573363e+01 3.772873581824251232e+01 6.949142527233797750e+01
2.740000000000000213e+00 1.457084298838174696e+00 6.574713070179291208e+01 3.810476699462353878e+01 7.015529899987335227e+01
2.745000000000000107e+00 1.458370124812782276e+00 6.625762420482905668e+01 3.848283781303778284e+01 7.082247971082942684e+01
2.750000000000000000e+00 1.459655735815740485e+00 6.677040625129492923e+01 3.886293640792854376e+01 7.149294189586693449e+01
2.754999999999999893e+00 1.460941126936137202e+00 6.728545818586459859e+01 3.924504137207315324e+01 7.216664223434874259e+01
2.760000000000000231e+00 1.462226293383724007e+00 6.780277076892734556e+01 3.962915190350695838e+01 7.284357306737796023e+01
2.765000000000000124e+00 1.463511230490086357e+00 6.832232676710110297e+01 4.001523705836824973e+01 7.352367360347092529e+01
2.770000000000000018e+00 1.464795933709824194e+00 6.884410071010017873e+01 4.040328798770901386e+01 7.420692555517274513e+01
2.774999999999999911e+00 1.466080398621724123e+00 6.936808659111913755e+01 4.079329133457286360e+01 7.489330085254682956e+01
2.780000000000000249e+00 1.467364620929943797e+00 6.989426011836265218e+01 4.118521949945003513e+01 7.558273940676387781e+01
2.785000000000000142e+00 1.468648596465194744e+00 7.042260312171133307e+01 4.157906626260687233e+01 7.627522975883441347e+01
2.790000000000000036e+00 1.469932321185927426e+00 7.095310077139571092e+01 4.197481296713563381e+01 7.697073435316579548e+01
2.794999999999999929e+00 1.471215791179520282e+00 7.148573218373283567e+01 4.237244108366769524e+01 7.766921286277511172e+01
2.800000000000000266e+00 1.472499002663467449e+00 7.202048304290045166e+01 4.277193572961351720e+01 7.837063524208178933e+01
2.805000000000000160e+00 1.473781951986576466e+00 7.255733138517337011e+01 4.317327732816271890e+01 7.907496003414978247e+01
2.810000000000000053e+00 1.475064635630160437e+00 7.309625481158892057e+01 4.357645564014210748e+01 7.978216847449587590e+01
2.814999999999999947e+00 1.476347050209237288e+00 7.363723963094159330e+01 4.398144451146360012e+01 8.049220405517375809e+01
2.819999999999999840e+00 1.477629192473728592e+00 7.418026148396950248e+01 4.438823170730508139e+01 8.120504160975642094e+01
2.825000000000000178e+00 1.478911059309663267e+00 7.472530563311147489e+01 4.479680482912608142e+01 8.192065664298876015e+01
2.830000000000000071e+00 1.480192647740382617e+00 7.527235056968018512e+01 4.520714150968409228e+01 8.263899994165274165e+01
2.834999999999999964e+00 1.481473954927746250e+00 7.582137173687355869e+01 4.561921881891456820e+01 8.336002831043295203e+01
2.839999999999999858e+00 1.482754978173340454e+00 7.637235604835244374e+01 4.603303380053806393e+01 8.408373212021903953e+01
2.845000000000000195e+00 1.484035714919693882e+00 7.692527816703686483e+01 4.644856572134222716e+01 8.481007008164091587e+01
2.850000000000000089e+00 1.485316162751484814e+00 7.748011279361448089e+01 4.686578494278399631e+01 8.553898306866378221e+01
2.854999999999999982e+00 1.486596319396762178e+00 7.803685325071535317e+01 4.728469042967236646e+01 8.627046177127837723e+01
2.859999999999999876e+00 1.487876182728162133e+00 7.859546625582078150e+01 4.770526117891927242e+01 8.700446751176184534e+01
2.865000000000000213e+00 1.489155750764126207e+00 7.915593566037070161e+01 4.812747169149591997e+01 8.774094928498227830e+01
2.870000000000000107e+00 1.490435021670126092e+00 7.971824095222896744e+01 4.855131625110738014e+01 8.847989017115756383e+01
2.875000000000000000e+00 1.491713993759884893e+00 8.028235336344971529e+01 4.897677148656617163e+01 8.922124596539723029e+01
2.879999999999999893e+00 1.492992665496607696e+00 8.084826419537360209e+01 4.940382351488187851e+01 8.996498284421252833e+01
2.885000000000000231e+00 1.494271035494205480e+00 8.141594454051477214e+01 4.983245199831582539e+01 9.071105921071223577e+01
2.890000000000000124e+00 1.495549102518527240e+00 8.198537089791253152e+01 5.026264543563016218e+01 9.145945703959496598e+01
2.895000000000000018e+00 1.496826865488593894e+00 8.255652707387872624e+01 5.069437911078071579e+01 9.221011737226336891e+01
2.899999999999999911e+00 1.498104323477830180e+00 8.312938299821108501e+01 5.112764694805801469e+01 9.296303344970425542e+01
2.905000000000000249e+00 1.499381475715303225e+00 8.370392819085796532e+01 5.156242251847252334e+01 9.371814363947761706e+01
2.910000000000000142e+00 1.500658321586958444e+00 8.428013157473208139e+01 5.199869804856915323e+01 9.447543474274218056e+01
2.915000000000000036e+00 1.501934860636862323e+00 8.485798187172110829e+01 5.243645134025798171e+01 9.523485691603256953e+01
2.919999999999999929e+00 1.503211092568443430e+00 8.543744172331894049e+01 5.287566518274810790e+01 9.599638027954519259e+01
2.925000000000000266e+00 1.504487017245737190e+00 8.601850436158348145e+01 5.331632558513837239e+01 9.675997035798101820e+01
2.930000000000000160e+00 1.505762634694630231e+00 8.660113860265116159e+01 5.375841722189933591e+01 9.752559570311255754e+01
2.935000000000000053e+00 1.507037945104112264e+00 8.718532474094007512e+01 5.420192250149980140e+01 9.829321849360850649e+01
2.939999999999999947e+00 1.508312948827522426e+00 8.777104366121901080e+01 5.464682385975884671e+01 9.906280168130908237e+01
2.944999999999999840e+00 1.509587646383803383e+00 8.835826739193826995e+01 5.509310859452511266e+01 9.983431971744650468e+01
2.950000000000000178e+00 1.510862038458753664e+00 8.894698297893931738e+01 5.554075681205165438e+01 1.006077269398189600e+02
2.955000000000000071e+00 1.512136125906285322e+00 8.953715632957295156e+01 5.598975607952657185e+01 1.013830000616243296e+02
2.959999999999999964e+00 1.513409909749681370e+00 9.012877926948080187e+01 5.644008489006034068e+01 1.021600901796445271e+02
2.964999999999999858e+00 1.514683391182853445e+00 9.072181045024227330e+01 5.689173072917925822e+01 1.029389777655830329e+02
2.970000000000000195e+00 1.515956571571605682e+00 9.131624716553805854e+01 5.734467534336341288e+01 1.037196153994791814e+02
2.975000000000000089e+00 1.517229452454897709e+00 9.191206259913015231e+01 5.779890895728652822e+01 1.045019814136077798e+02
2.979999999999999982e+00 1.518502035546109630e+00 9.250922482257438162e+01 5.825441078561969022e+01 1.052860397901530263e+02
2.984999999999999876e+00 1.519774322734309235e+00 9.310771938775459944e+01 5.871116383920614368e+01 1.060717509236107929e+02
2.990000000000000213e+00 1.521046316085523209e+00 9.370752142903450022e+01 5.916914994864109190e+01 1.068590745004742786e+02
2.995000000000000107e+00 1.522318017844006111e+00 9.430860890847422695e+01 5.962835745458129111e+01 1.076479872358337246e+02
3.000000000000000000e+00 1.523589430433515579e+00 9.491097033526482107e+01 6.008877719913681403e+01 1.084384629324337368e+02
3.004999999999999893e+00 1.524860556458587313e+00 9.551456696578586048e+01 6.055038141606834046e+01 1.092304515914578928e+02
3.010000000000000231e+00 1.526131398705811604e+00 9.611938241624552859e+01 6.101315701463195751e+01 1.100239236723438410e+02
3.015000000000000124e+00 1.527401960145112314e+00 9.672539772066623698e+01 6.147708871592246282e+01 1.108188430118750176e+02
3.020000000000000018e+00 1.528672243931031183e+00 9.733258668896836241e+01 6.194216207779594185e+01 1.116151809964902100e+02
3.024999999999999911e+00 1.529942253404009023e+00 9.794093206769842652e+01 6.240836286686629819e+01 1.124129070261479058e+02
3.030000000000000249e+00 1.531211992091669805e+00 9.855041274288255693e+01 6.287568002356596963e+01 1.132119935115076004e+02
3.035000000000000142e+00 1.532481463710112957e+00 9.916099616448529730e+01 6.334408349957833906e+01 1.140123852141402381e+02
3.040000000000000036e+00 1.533750672165198337e+00 9.977266964152718742e+01 6.381356676029469810e+01 1.148140625812883968e+02
3.044999999999999929e+00 1.535019621553841640e+00 1.003854056340918959e+02 6.428410947966528965e+01 1.156169866106531572e+02
3.050000000000000266e+00 1.536288316165307810e+00 1.009991900930262432e+02 6.475570940207758497e+01 1.164211462601297740e+02
3.055000000000000160e+00 1.537556760482504448e+00 1.016139897278215187e+02 6.522833009591457198e+01 1.172264711649225006e+02
3.060000000000000053e+00 1.538824959183287211e+00 1.022297890036416703e+02 6.570196905737607551e+01 1.180329542097684623e+02
3.064999999999999947e+00 1.540092917141751672e+00 1.028465679729316378e+02 6.617660934973297060e+01 1.188405591737900409e+02
3.070000000000000284e+00 1.541360639429545376e+00 1.034642972513344290e+02 6.665222802886194131e+01 1.196492421369322159e+02
3.075000000000000178e+00 1.542628131317168361e+00 1.040829613078018099e+02 6.712881674842455482e+01 1.204589813224578734e+02
3.080000000000000071e+00 1.543895398275281439e+00 1.047025313667423916e+02 6.760635775770786893e+01 1.212697428100398298e+02
3.084999999999999964e+00 1.545162445976019150e+00 1.053229933749675382e+02 6.808483284497287968e+01 1.220814886096255805e+02
3.089999999999999858e+00 1.546429280294300046e+00 1.059443180343038620e+02 6.856422742510076773e+01 1.228941873665030045e+02
3.095000000000000195e+00 1.547695907309144969e+00 1.065664865874187228e+02 6.904452841804142338e+01 1.237078149751592662e+02
3.100000000000000089e+00 1.548962333304992001e+00 1.071894768615909754e+02 6.952571591940721873e+01 1.245223324551055413e+02
3.104999999999999982e+00 1.550228564773019402e+00 1.078132748735683464e+02 7.000778064506152987e+01 1.253377120500151278e+02
3.109999999999999876e+00 1.551494608412467890e+00 1.084378409504721361e+02 7.049069365088189443e+01 1.261539092922005807e+02
3.115000000000000213e+00 1.552760471131968911e+00 1.090631655956402568e+02 7.097444915224724582e+01 1.269709034488753900e+02
3.120000000000000107e+00 1.554026160050869576e+00 1.096892263183985108e+02 7.145902712160446413e+01 1.277886560758597909e+02
3.125000000000000000e+00 1.555291682500568706e+00 1.103159975063072835e+02 7.194441837720545152e+01 1.286071536718153254e+02
3.129999999999999893e+00 1.556557046025848434e+00 1.109434614399732624e+02 7.243060163663383832e+01 1.294263472144417904e+02
3.135000000000000231e+00 1.557822258386214909e+00 1.115715967932255950e+02 7.291756114812747569e+01 1.302462064273769897e+02
3.140000000000000124e+00 1.559087327557234559e+00 1.122003695281660214e+02 7.340527631489510441e+01 1.310667024113806747e+02
3.145000000000000018e+00 1.560352261731882795e+00 1.128297756172817827e+02 7.389374094998389353e+01 1.318878104130375277e+02
3.149999999999999911e+00 1.561617069321888263e+00 1.134597847700391640e+02 7.438292918793773367e+01 1.327094843510810733e+02
3.155000000000000249e+00 1.562881758959084433e+00 1.140903705823202330e+02 7.487282990599059929e+01 1.335317105908752353e+02
3.160000000000000142e+00 1.564146339496760740e+00 1.147215169021093288e+02 7.536342612391680973e+01 1.343544501583502608e+02
3.165000000000000036e+00 1.565410820011023496e+00 1.153532115794478585e+02 7.585471233294670412e+01 1.351776883759321493e+02
3.169999999999999929e+00 1.566675209802153468e+00 1.159854126154762071e+02 7.634665416681504269e+01 1.360013711265800964e+02
3.175000000000000266e+00 1.567939518395971676e+00 1.166181144806009513e+02 7.683924253245865543e+01 1.368254745851814675e+02
3.180000000000000160e+00 1.569203755545205192e+00 1.172512931691631906e+02 7.733246866580833512e+01 1.376499844358579594e+02
3.185000000000000053e+00 1.570467931230861369e+00 1.178849246230443555e+02 7.782631115348097239e+01 1.384748639782264377e+02
3.189999999999999947e+00 1.571732055663601191e+00 1.185189860133836106e+02 7.832074703307455366e+01 1.393000668112024130e+02
3.195000000000000284e+00 1.572996139285118833e+00 1.191534615852453953e+02 7.881577395724427504e+01 1.401255928325441573e+02
3.200000000000000178e+00 1.574260192769525224e+00 1.197883282755373244e+02 7.931136418154613921e+01 1.409513861319787225e+02
3.205000000000000071e+00 1.575524227024737378e+00 1.204235665225728269e+02 7.980751134936754454e+01 1.417774433060237129e+02
3.209999999999999964e+00 1.576788253193867284e+00 1.210591502332254805e+02 8.030419111670727261e+01 1.426037167898131202e+02
3.214999999999999858e+00 1.578052282656617233e+00 1.216950615944449225e+02 8.080139036889836746e+01 1.434301854202233244e+02
3.220000000000000195e+00 1.579316327030685141e+00 1.223312871255543683e+02 8.129910350833445420e+01 1.442568389859470983e+02
3.225000000000000089e+00 1.580580398173165202e+00 1.229678008084920577e+02 8.179729914915543532e+01 1.450836192474508266e+02
3.229999999999999982e+00 1.581844508181959430e+00 1.236045764239894709e+02 8.229597073819692810e+01 1.459105245792414394e+02
3.234999999999999876e+00 1.583108669397191415e+00 1.242416041803866875e+02 8.279509462767816785e+01 1.467375022092265056e+02
3.240000000000000213e+00 1.584372894402625409e+00 1.248788649366027670e+02 8.329467348526132753e+01 1.475645621683248976e+02
3.245000000000000107e+00 1.585637196027092743e+00 1.255163231645514230e+02 8.379466625409961011e+01 1.483916410977922453e+02
3.250000000000000000e+00 1.586901587345919129e+00 1.261539747481799481e+02 8.429507133005952824e+01 1.492187298323037794e+02
3.254999999999999893e+00 1.588166081682362174e+00 1.267918020422138738e+02 8.479588075921380153e+01 1.500458120047072725e+02
3.260000000000000231e+00 1.589430692609048013e+00 1.274297699340673518e+02 8.529706931653716140e+01 1.508728621211954248e+02
3.265000000000000124e+00 1.590695433949419924e+00 1.280678700880960719e+02 8.579861751708691031e+01 1.516998287929558842e+02
3.270000000000000018e+00 1.591960319779189614e+00 1.287060855525902525e+02 8.630051791304096298e+01 1.525267093113626231e+02
3.274999999999999911e+00 1.593225364427793389e+00 1.293443882638237312e+02 8.680275025636349540e+01 1.533534716355409273e+02
3.280000000000000249e+00 1.594490582479856755e+00 1.299827699552987212e+02 8.730530639849693841e+01 1.541800980430082006e+02
3.285000000000000142e+00 1.595755988776664358e+00 1.306212067757482203e+02 8.780816347184584458e+01 1.550065590683595929e+02
3.290000000000000036e+00 1.597021598417631694e+00 1.312596807166839596e+02 8.831131523843207276e+01 1.558328399889130367e+02
3.294999999999999929e+00 1.598287426761794583e+00 1.318981688665282661e+02 8.881473203053721477e+01 1.566588979463908231e+02
3.300000000000000266e+00 1.599553489429289543e+00 1.325366639640498931e+02 8.931841665827448651e+01 1.574847310088751442e+02
3.305000000000000160e+00 1.600819802302856587e+00 1.331751397822332308e+02 8.982234406421019912e+01 1.583103087445884682e+02
3.310000000000000053e+00 1.602086381529337800e+00 1.338135825159690171e+02 9.032650407992382213e+01 1.591356119843018746e+02
3.314999999999999947e+00 1.603353243521186133e+00 1.344519760465726108e+02 9.083087826012757660e+01 1.599606078321959046e+02
3.320000000000000284e+00 1.604620404957985969e+00 1.350903002711382328e+02 9.133545663619629806e+01 1.607852878627176665e+02
3.325000000000000178e+00 1.605887882787973897e+00 1.357285390329374479e+02 9.184022011216316628e+01 1.616096227294668779e+02
3.330000000000000071e+00 1.607155694229572163e+00 1.363666799835225163e+02 9.234516458840376174e+01 1.624336052132404973e+02
3.334999999999999964e+00 1.608423856772927873e+00 1.370047030511413197e+02 9.285026486320757044e+01 1.632571979989679960e+02
3.339999999999999858e+00 1.609692388181460876e+00 1.376425878488815897e+02 9.335550614729029917e+01 1.640803797040061625e+02
3.345000000000000195e+00 1.610961306493419842e+00 1.382803250331020308e+02 9.386088408815729167e+01 1.649031454670143262e+02
3.350000000000000089e+00 1.612230630023444355e+00 1.389178935742617682e+02 9.436637840183009018e+01 1.657254619188016989e+02
3.354999999999999982e+00 1.613500377364142535e+00 1.395552899213359694e+02 9.487198184707793303e+01 1.665473211965537530e+02
3.359999999999999876e+00 1.614770567387667999e+00 1.401924866937858383e+02 9.537767777923517087e+01 1.673687008663683855e+02
3.365000000000000213e+00 1.616041219247312144e+00 1.408294677840763427e+02 9.588344508187262250e+01 1.681895698411213402e+02
3.370000000000000107e+00 1.617312352379102647e+00 1.414662314542922275e+02 9.638928391557091402e+01 1.690099268022597983e+02
3.375000000000000000e+00 1.618583986503417060e+00 1.421027510728346783e+02 9.689517431933477098e+01 1.698297440652144701e+02
3.379999999999999893e+00 1.619856141626595081e+00 1.427388907881099556e+02 9.740101096186188556e+01 1.706488623460955125e+02
3.385000000000000231e+00 1.621128838042573905e+00 1.433748825662419790e+02 9.790696061988249710e+01 1.714675396801907823e+02
3.390000000000000124e+00 1.622402096334521149e+00 1.440105952348992275e+02 9.841292740794104077e+01 1.722856375178475616e+02
3.395000000000000018e+00 1.623675937376488410e+00 1.446460178892112367e+02 9.891889800403311028e+01 1.731031234774069389e+02
3.399999999999999911e+00 1.624950382335069499e+00 1.452811255154551588e+02 9.942485889507615582e+01 1.739199970113465668e+02
3.405000000000000249e+00 1.626225452671069327e+00 1.459159181688960416e+02 9.993079568487691233e+01 1.747362206711228509e+02
3.410000000000000142e+00 1.627501170141188780e+00 1.465503837993515504e+02 1.004367046951323914e+02 1.755517970400467505e+02
3.415000000000000036e+00 1.628777556799715365e+00 1.471845003573948816e+02 1.009425645309059547e+02 1.763667017691379044e+02
3.419999999999999929e+00 1.630054635000228513e+00 1.478182584129394570e+02 1.014483658564640365e+02 1.771809201369533184e+02
3.425000000000000266e+00 1.631332427397314877e+00 1.484516517719630428e+02 1.019540993503760831e+02 1.779944326917782007e+02
3.430000000000000160e+00 1.632610956948298497e+00 1.490846661613665844e+02 1.024597552595160295e+02 1.788072346772989079e+02
3.435000000000000053e+00 1.633890246914980304e+00 1.497172902122024425e+02 1.029653202841398496e+02 1.796193084067263044e+02
3.439999999999999947e+00 1.635170320865392934e+00 1.503495140803027539e+02 1.034707824481886576e+02 1.804306317205128494e+02
3.445000000000000284e+00 1.636451202675564431e+00 1.509813290524418221e+02 1.039761351712251951e+02 1.812412030897240243e+02
3.450000000000000178e+00 1.637732916531301264e+00 1.516127260157163903e+02 1.044813676157494058e+02 1.820510060170689144e+02
3.455000000000000071e+00 1.639015486929979559e+00 1.522436936438110990e+02 1.049864660929673903e+02 1.828600216010212023e+02
3.459999999999999964e+00 1.640298938682350771e+00 1.528742190638671730e+02 1.054914255487254735e+02 1.836682495961969721e+02
3.464999999999999858e+00 1.641583296914366441e+00 1.535042973237195838e+02 1.059962309578572643e+02 1.844756632058060859e+02
3.470000000000000195e+00 1.642868587069010289e+00 1.541339192381434771e+02 1.065008794616484664e+02 1.852822641692786192e+02
3.475000000000000089e+00 1.644154834908149621e+00 1.547630795756600719e+02 1.070053576593509774e+02 1.860880338291802616e+02
3.479999999999999982e+00 1.645442066514400281e+00 1.553917678867964867e+02 1.075096541848262461e+02 1.868929528995707017e+02
3.484999999999999876e+00 1.646730308293007594e+00 1.560199735527422433e+02 1.080137622731486999e+02 1.876970228323190497e+02
3.490000000000000213e+00 1.648019586973742623e+00 1.566476867758771050e+02 1.085176689161312282e+02 1.885002169336125348e+02
3.495000000000000107e+00 1.649309929612814640e+00 1.572749139135521546e+02 1.090213814042818825e+02 1.893025570881937654e+02
3.500000000000000000e+00 1.650601363594798476e+00 1.579016360601315512e+02 1.095248755354335088e+02 1.901040028959548636e+02
3.504999999999999893e+00 1.651893916634581849e+00 1.585262216398724604e+02 1.100267606394236140e+02 1.908997915662140201e+02
3.510000000000000231e+00 1.653187616779326907e+00 1.591502798103484793e+02 1.105284055279557691e+02 1.916946104120151233e+02
3.515000000000000124e+00 1.654482492410449757e+00 1.597737999604285335e+02 1.110298038612054796e+02 1.924884660451909042e+02
3.520000000000000018e+00 1.655778572245619973e+00 1.603967822100698868e+02 1.115309361478264236e+02 1.932813102243484877e+02
3.524999999999999911e+00 1.657075885340773880e+00 1.610192146868930081e+02 1.120318079303171146e+02 1.940731701037792902e+02
3.530000000000000249e+00 1.658374461092151142e+00 1.616410951204761659e+02 1.125323989440346963e+02 1.948640038663286873e+02
3.535000000000000142e+00 1.659674329238346902e+00 1.622624240539470861e+02 1.130327102770354628e+02 1.956538208109759012e+02
3.540000000000000036e+00 1.660975519862385452e+00 1.628831882885052096e+02 1.135327351221695409e+02 1.964426155438016224e+02
3.544999999999999929e+00 1.662278063393811456e+00 1.635033892440727925e+02 1.140324676434873226e+02 1.972303794448998815e+02
3.550000000000000266e+00 1.663581990610803807e+00 1.641230281771020998e+02 1.145319044767285561e+02 1.980171071923591057e+02
3.555000000000000160e+00 1.664887332642308815e+00 1.647420965406295466e+02 1.150310312805559789e+02 1.988027713189403016e+02
3.560000000000000053e+00 1.666194120970192039e+00 1.653605926210867665e+02 1.155298518265659169e+02 1.995873931349298687e+02
3.564999999999999947e+00 1.667502387431416100e+00 1.659785051133855234e+02 1.160283500150702736e+02 2.003709442020778511e+02
3.570000000000000284e+00 1.668812164220237593e+00 1.665958526229775600e+02 1.165265341384406526e+02 2.011534318021235208e+02
3.575000000000000178e+00 1.670123483890425531e+00 1.672126226002517910e+02 1.170243942733261946e+02 2.019348481960429922e+02
3.580000000000000071e+00 1.671436379357503110e+00 1.678288014973366558e+02 1.175219189984105981e+02 2.027151855123369444e+02
3.584999999999999964e+00 1.672750883901015451e+00 1.684444087353694783e+02 1.180191108249766359e+02 2.034944299188612149e+02
3.589999999999999858e+00 1.674067031166816655e+00 1.690594310444640485e+02 1.185159716059583275e+02 2.042726040686931697e+02
3.595000000000000195e+00 1.675384855169382847e+00 1.696738866830995960e+02 1.190124984467219065e+02 2.050496873207445390e+02
3.600000000000000089e+00 1.676704390294149860e+00 1.702877507746405286e+02 1.195086712370337665e+02 2.058256638721890113e+02
3.604999999999999982e+00 1.678025671299876453e+00 1.709010275892296136e+02 1.200044893282179856e+02 2.066005278405066008e+02
3.609999999999999876e+00 1.679348733321033071e+00 1.715137341677093161e+02 1.204999728399905479e+02 2.073743083272644867e+02
3.615000000000000213e+00 1.680673611870211692e+00 1.721258578544034492e+02 1.209950963109273374e+02 2.081469792105346812e+02
3.620000000000000107e+00 1.682000342840573426e+00 1.727374040488259936e+02 1.214898617094314375e+02 2.089185284381909753e+02
3.625000000000000000e+00 1.683328962508309878e+00 1.733483892777706217e+02 1.219842912407796263e+02 2.096889974449128147e+02
3.629999999999999893e+00 1.684659507535143819e+00 1.739587778048210396e+02 1.224783334405235706e+02 2.104583114334897687e+02
3.635000000000000231e+00 1.685992014970846498e+00 1.745686141466497645e+02 1.229720390813175896e+02 2.112265431613227520e+02
3.640000000000000124e+00 1.687326522255794936e+00 1.751778751398124996e+02 1.234653776645976961e+02 2.119936507724329147e+02
3.645000000000000018e+00 1.688663067223552527e+00 1.757865643557607314e+02 1.239583434556951573e+02 2.127596264712609013e+02
3.649999999999999911e+00 1.690001688103477839e+00 1.763946997757372799e+02 1.244509607195994221e+02 2.135245009242851779e+02
3.655000000000000249e+00 1.691342423523365834e+00 1.770022721189648678e+02 1.249432064318938842e+02 2.142882484515590136e+02
3.660000000000000142e+00 1.692685312512123508e+00 1.776093004082884192e+02 1.254351053054118239e+02 2.150508982730567880e+02
3.665000000000000036e+00 1.694030394502469727e+00 1.782157762232133678e+02 1.259266367660618755e+02 2.158124224477136295e+02
3.669999999999999929e+00 1.695377709333675487e+00 1.788217014146213444e+02 1.264178007959534114e+02 2.165728215405146102e+02
3.675000000000000266e+00 1.696727297254325917e+00 1.794270845690784313e+02 1.269086026018929232e+02 2.173321028024677446e+02
3.680000000000000160e+00 1.698079198925130706e+00 1.800319275997168518e+02 1.273990393381804154e+02 2.180902677842650803e+02
3.685000000000000053e+00 1.699433455421752726e+00 1.806362505807096568e+02 1.278891253681833149e+02 2.188473221501383250e+02
3.689999999999999947e+00 1.700790108237682396e+00 1.812400325910334402e+02 1.283788425221510465e+02 2.196032619901426983e+02
3.695000000000000284e+00 1.702149199287140036e+00 1.818433170826460810e+02 1.288682262709595250e+02 2.203581179897448692e+02
3.700000000000000178e+00 1.703510770908022831e+00 1.824460690056195062e+02 1.293572310210068679e+02 2.211118354968778021e+02
3.705000000000000071e+00 1.704874865864877798e+00 1.830483374880011525e+02 1.298459108073041364e+02 2.218644834335850078e+02
3.709999999999999964e+00 1.706241527351919807e+00 1.836500835266402589e+02 1.303342166202182852e+02 2.226160002543416283e+02
3.714999999999999858e+00 1.707610798996081591e+00 1.842513558220459515e+02 1.308222009708584324e+02 2.233664584684150611e+02
3.720000000000000195e+00 1.708982724860113711e+00 1.848521309758712334e+02 1.313098256248337350e+02 2.241158022266979515e+02
3.725000000000000089e+00 1.710357349445704500e+00 1.854524445482206545e+02 1.317971244833489664e+02 2.248640733681297945e+02
3.729999999999999982e+00 1.711734717696661745e+00 1.860522723214398013e+02 1.322840772491468044e+02 2.256112550817363740e+02
3.734999999999999876e+00 1.713114875002117454e+00 1.866516209132821871e+02 1.327706946560325889e+02 2.263573535806635277e+02
3.740000000000000213e+00 1.714497867199787251e+00 1.872505376760398406e+02 1.332569861532761024e+02 2.271023764571619665e+02
3.745000000000000107e+00 1.715883740579261962e+00 1.878490157654352402e+02 1.337429643215517387e+02 2.278463573425461846e+02
3.750000000000000000e+00 1.717272541885350057e+00 1.884470588561191562e+02 1.342286249226453378e+02 2.285892785646571781e+02
3.754999999999999893e+00 1.718664318321458495e+00 1.890446601683418066e+02 1.347139522247614138e+02 2.293311246378967496e+02
3.760000000000000231e+00 1.720059117553022654e+00 1.896418678404530453e+02 1.351989988992991130e+02 2.300719599335974692e+02
3.765000000000000124e+00 1.721456987710977105e+00 1.902386482725886765e+02 1.356837182380197078e+02 2.308117247196078097e+02
3.770000000000000018e+00 1.722857977395276574e+00 1.908350465423188496e+02 1.361681601666523136e+02 2.315504879213273739e+02
3.774999999999999911e+00 1.724262135678464647e+00 1.914310548932199936e+02 1.366523070801220285e+02 2.322882240393925031e+02
3.780000000000000249e+00 1.725669512109285098e+00 1.920266804662457218e+02 1.371361584138707599e+02 2.330249303374480405e+02
3.785000000000000142e+00 1.727080156716347847e+00 1.926219297489921587e+02 1.376197262063488722e+02 2.337606346975063332e+02
3.790000000000000036e+00 1.728494120011841551e+00 1.932168364286205531e+02 1.381030321794397082e+02 2.344953478116595704e+02
3.794999999999999929e+00 1.729911452995299248e+00 1.938113937703615761e+02 1.385860692462704264e+02 2.352290734970487165e+02
3.800000000000000266e+00 1.731332207157411762e+00 1.944056207404308623e+02 1.390688567966734865e+02 2.359618362698180363e+02
3.805000000000000160e+00 1.732756434483898600e+00 1.949995247061245038e+02 1.395513869793457786e+02 2.366936195319025842e+02
3.810000000000000053e+00 1.734184187459427706e+00 1.955931130133150759e+02 1.400336689919761284e+02 2.374244405957903723e+02
3.814999999999999947e+00 1.735615519071593615e+00 1.961863904548663413e+02 1.405156986590160386e+02 2.381542919462168868e+02
3.820000000000000284e+00 1.737050482814948671e+00 1.967793917930354723e+02 1.409975212352609617e+02 2.388832459024679338e+02
3.825000000000000178e+00 1.738489132695088868e+00 1.973721101774082172e+02 1.414791096267825594e+02 2.396112500277599509e+02
3.830000000000000071e+00 1.739931523232801869e+00 1.979645782391057764e+02 1.419605035187474300e+02 2.403383687715086978e+02
3.834999999999999964e+00 1.741377709468272084e+00 1.985567782687205067e+02 1.424416720373924932e+02 2.410645510619355889e+02
3.839999999999999858e+00 1.742827746965340152e+00 1.991487407697983372e+02 1.429226499844184559e+02 2.417898587630181169e+02
3.845000000000000195e+00 1.744281691815829705e+00 1.997404752143471569e+02 1.434034360180355918e+02 2.425142798271095614e+02
3.850000000000000089e+00 1.745739600643932299e+00 2.003319987326314902e+02 1.438840524433761914e+02 2.432378486916936708e+02
3.854999999999999982e+00 1.747201530610656750e+00 2.009233089793741840e+02 1.443644817833356910e+02 2.439605419102745714e+02
3.859999999999999876e+00 1.748667539418339745e+00 2.015144494118682132e+02 1.448447766931745377e+02 2.446824349489469625e+02
3.865000000000000213e+00 1.750137685315223512e+00 2.021054039262816957e+02 1.453249040263307563e+02 2.454034744420733034e+02
3.870000000000000107e+00 1.751612027100100555e+00 2.026961869511681869e+02 1.458048813857334949e+02 2.461236988759631856e+02
3.875000000000000000e+00 1.753090624127023878e+00 2.032868248114319840e+02 1.462847248495614281e+02 2.468431140334020313e+02
3.879999999999999893e+00 1.754573536310083837e+00 2.038773363584796527e+02 1.467644646473422938e+02 2.475617818315765533e+02
3.885000000000000231e+00 1.756060824128258258e+00 2.044677113656026108e+02 1.472440724304855166e+02 2.482796541117066624e+02
3.890000000000000124e+00 1.757552548630337386e+00 2.050579900753910465e+02 1.477235935855171647e+02 2.489967930488405443e+02
3.895000000000000018e+00 1.759048771439909009e+00 2.056481596644735532e+02 1.482030001832070525e+02 2.497131616580209652e+02
3.899999999999999911e+00 1.760549554760425739e+00 2.062382567148991370e+02 1.486823399448524015e+02 2.504288357333084889e+02
3.905000000000000249e+00 1.762054961380348228e+00 2.068282895392238458e+02 1.491616127340116691e+02 2.511438084761399807e+02
3.910000000000000142e+00 1.763565054678360111e+00 2.074182626104657459e+02 1.496408097631668568e+02 2.518580706324461005e+02
3.915000000000000036e+00 1.765079898628665322e+00 2.080082008971157848e+02 1.501199618919818874e+02 2.525716654088181770e+02
3.919999999999999929e+00 1.766599557806353804e+00 2.085981189170076107e+02 1.505990846308802134e+02 2.532846272747308660e+02
3.925000000000000266e+00 1.768124097392861804e+00 2.091880142351322149e+02 1.510781568528915102e+02 2.539969065130221111e+02
3.930000000000000160e+00 1.769653583181507006e+00 2.097779210959498357e+02 1.515572261264427141e+02 2.547086006877361797e+02
3.935000000000000053e+00 1.771188081583099816e+00 2.103678566100051341e+02 1.520363005227295901e+02 2.554196993429158624e+02
3.939999999999999947e+00 1.772727659631656794e+00 2.109578177319483814e+02 1.525153631971537038e+02 2.561301883179145875e+02
3.945000000000000284e+00 1.774272384990179141e+00 2.115478233087677609e+02 1.529944412950812023e+02 2.568401180343607280e+02
3.950000000000000178e+00 1.775822325956536885e+00 2.121378922919640786e+02 1.534735470741463814e+02 2.575494993614566397e+02
3.955000000000000071e+00 1.777377551469432548e+00 2.127280378505896863e+02 1.539526885748066434e+02 2.582583437939723581e+02
3.959999999999999964e+00 1.778938131114458976e+00 2.133182902569072894e+02 1.544319027475719963e+02 2.589667202288522390e+02
3.965000000000000302e+00 1.780504135130244192e+00 2.139086268322984097e+02 1.549111473339258396e+02 2.596745557982032437e+02
3.970000000000000195e+00 1.782075634414699072e+00 2.144991127812904779e+02 1.553904983941536386e+02 2.603819701137441029e+02
3.975000000000000089e+00 1.783652700531359159e+00 2.150897148354789863e+02 1.558699092515790312e+02 2.610889023027114604e+02
3.979999999999999982e+00 1.785235405715812629e+00 2.156804532961218115e+02 1.563494186783592852e+02 2.617954630786429675e+02
3.984999999999999876e+00 1.786823822882243729e+00 2.162713880546420739e+02 1.568290535292491086e+02 2.625015829771625704e+02
3.990000000000000213e+00 1.788418025630066133e+00 2.168625118502136502e+02 1.573088149399770543e+02 2.632073272369659662e+02
3.995000000000000107e+00 1.790018088250662442e+00 2.174538204646292741e+02 1.577886971106056819e+02 2.639127000737940989e+02
4.000000000000000000e+00 1.791624085734228267e+00 2.180453487448146461e+02 1.582687268795529576e+02 2.646177222042652488e+02
