% raindrop T-matrix calculations using the code of Leinonen, J., "Python code for T-matrix scattering calculations". Available at https://github.com/jleinonen/pytmatrix/. 
% 
% refractive index calculations after Ray, P., 1972:  Broadband Complex Refractive Indices of Ice and Water, Appl. Opt. 11, 1836-1844 
% 
% raindrop aspect ratio estimated with the methodology of Brandes, Edward & Zhang, Guifu & Vivekanandan, Jothiram. (2005). Corrigendum. Journal of Applied Meteorology. 44. 186-. 10.1175/1520-0450(2005)44<186:C>2.0.CO;2. 
% 
% wave length: 327.642031 mm 
% temperature: 303.15 K 
% refractive index: 8.751801490783691406e+00 + 1.847114711999893188e-01 i 
% 
%r_eqv[mm]               axial ratio              ext[mm2]                 sca[mm2]                 back[mm2]
5.000000000000000104e-03 9.999900000999989436e-01 4.726099578141520313e-11 1.637935561585354346e-20 2.456903344340484167e-20
1.000000000000000021e-02 9.999900000999989436e-01 3.780886839130037343e-10 1.048278762181139828e-18 1.572417910108039408e-18
1.499999999999999944e-02 9.999900000999989436e-01 1.276053470897562002e-09 1.194055193100134702e-17 1.791082079031011793e-17
2.000000000000000042e-02 9.999900000999989436e-01 3.024733107271217761e-09 6.708985346993445820e-17 1.006347052709459616e-16
2.500000000000000139e-02 9.999900000999989436e-01 5.907716404199279610e-09 2.559274870353173503e-16 3.838907730081596133e-16
2.999999999999999889e-02 9.999900000999989436e-01 1.020860617300561831e-08 7.641954996850927365e-16 1.146291256700119207e-15
3.500000000000000333e-02 9.999900000999989436e-01 1.621102454614301472e-08 1.927015813929842209e-15 2.890516828374409774e-15
4.000000000000000083e-02 9.999900000999989436e-01 2.419861581064417050e-08 4.293753092624156295e-15 6.440609480161722444e-15
4.499999999999999833e-02 9.999900000999989436e-01 3.445505081791895169e-08 8.704668522658673228e-15 1.305695088573632033e-14
5.000000000000000278e-02 9.999900000999989436e-01 4.726402766636175688e-08 1.637937203775702684e-14 2.456893720287742235e-14
5.500000000000000028e-02 9.999900000999989436e-01 6.290927822864639327e-08 2.901706321560566060e-14 4.352533530073679196e-14
5.999999999999999778e-02 9.999900000999989436e-01 8.167457552321402696e-08 4.890856756764408339e-14 7.336233007095854277e-14
6.500000000000000222e-02 9.999900000999989436e-01 1.038437322423701603e-07 7.906016192336336413e-14 1.185892529075056469e-13
7.000000000000000666e-02 9.999900000999989436e-01 1.297005929905443434e-07 1.233292062892778886e-13 1.849920169085154969e-13
7.499999999999999722e-02 9.999900000999989436e-01 1.595290820302775947e-07 1.865715570652534864e-13 2.798542205584104632e-13
8.000000000000000167e-02 9.999900000999989436e-01 1.936131355331584181e-07 2.748007249881843680e-13 4.121958643294028059e-13
8.500000000000000611e-02 9.999900000999989436e-01 2.322367650850305785e-07 3.953590482457892301e-13 5.930300852012502330e-13
8.999999999999999667e-02 9.999900000999989436e-01 2.756840624895721879e-07 5.571002112975514548e-13 8.356369041926948778e-13
9.500000000000000111e-02 9.999900000999989436e-01 3.242391680159543385e-07 7.705841004743738219e-13 1.155855472747485508e-12
1.000000000000000056e-01 9.999900000999989436e-01 3.781862441954785357e-07 1.048283104575234342e-12 1.572393479486370476e-12
1.049999999999999961e-01 9.999900000999989436e-01 4.378096090537644488e-07 1.404800301100735061e-12 2.107154377433941051e-12
1.100000000000000006e-01 9.999900000999989436e-01 5.033936304669430014e-07 1.857099170697016714e-12 2.785581894654181125e-12
1.150000000000000050e-01 9.999900000999989436e-01 5.752226410637834701e-07 2.424745779946827362e-12 3.637023237560611212e-12
1.199999999999999956e-01 9.999900000999989436e-01 6.535812728665750712e-07 3.130162555286233334e-12 4.695109670018875051e-12
1.250000000000000000e-01 9.999900000999989436e-01 7.387540656042169204e-07 3.998892625413522087e-12 5.998152933306639311e-12
1.300000000000000044e-01 9.999900000999989436e-01 8.310257309976179546e-07 5.059877503409219457e-12 7.589561662530608889e-12
1.350000000000000089e-01 9.999900000999989436e-01 9.306810277602079801e-07 6.345746389302071965e-12 9.518275219655369755e-12
1.400000000000000133e-01 9.999900000999989436e-01 1.038004851801786325e-06 7.893117789500205248e-12 1.183921598618979743e-11
1.449999999999999900e-01 9.999900000999989436e-01 1.153282283549564119e-06 9.742908955111340384e-12 1.461375336784822342e-11
1.499999999999999944e-01 9.999900000999989436e-01 1.276798241997670210e-06 1.194066303884699564e-11 1.791019435899461025e-11
1.549999999999999989e-01 9.999900000999989436e-01 1.408838098670238209e-06 1.453688590571872076e-11 2.180428856814091473e-11
1.600000000000000033e-01 9.999900000999989436e-01 1.549687159592903654e-06 1.758738808118449617e-11 2.637974092962923407e-11
1.650000000000000078e-01 9.999900000999989436e-01 1.699630752077649583e-06 2.115365317493133336e-11 3.172876410603684544e-11
1.700000000000000122e-01 9.999900000999989436e-01 1.858954409452145564e-06 2.530320573562521649e-11 3.795263001323783180e-11
1.750000000000000167e-01 9.999900000999989436e-01 2.027944134616421346e-06 3.010999453326810563e-11 4.516224446167120560e-11
1.799999999999999933e-01 9.999900000999989436e-01 2.206885342955472198e-06 3.565477856695911060e-11 5.347872586058321886e-11
1.849999999999999978e-01 9.999900000999989436e-01 2.396064290070280098e-06 4.202555030164300300e-11 6.303403973380465192e-11
1.900000000000000022e-01 1.000338260324268314e+00 2.596433008899707937e-06 4.933062037212092628e-11 7.399062536919690582e-11
1.950000000000000067e-01 1.000344839311130496e+00 2.807013283754555569e-06 5.765076436912177215e-11 8.646961575427502372e-11
2.000000000000000111e-01 1.000357515291503407e+00 3.028708352623520564e-06 6.710915437408519838e-11 1.006557342138125633e-10
2.050000000000000155e-01 1.000376259251188893e+00 3.261808410739836758e-06 7.782718699123007846e-11 1.167310361400632853e-10
2.099999999999999922e-01 1.000401042453005207e+00 3.506603441128492471e-06 8.993573123818778132e-11 1.348917802876480568e-10
2.149999999999999967e-01 1.000431836433301802e+00 3.763384441187011359e-06 1.035756094062258633e-10 1.553491495159864823e-10
2.200000000000000011e-01 1.000468612998516083e+00 4.032442548411067102e-06 1.188981255611277343e-10 1.783300429492784725e-10
2.250000000000000056e-01 1.000511344221778787e+00 4.314069393942671601e-06 1.360655442444238461e-10 2.040777934042668372e-10
2.300000000000000100e-01 1.000560002439564444e+00 4.608557464802501124e-06 1.552515892620807645e-10 2.328529148905892712e-10
2.350000000000000144e-01 1.000614560248383578e+00 4.916199737811439605e-06 1.766420516831494928e-10 2.649340138818497996e-10
2.399999999999999911e-01 1.000674990501522643e+00 5.237289010131998620e-06 2.004353063710126054e-10 3.006185633414861313e-10
2.449999999999999956e-01 1.000741266305821942e+00 5.572119273677767295e-06 2.268427549856472881e-10 3.402235664041350561e-10
2.500000000000000000e-01 1.000813361018499714e+00 5.920985388798538274e-06 2.560896427249830469e-10 3.840867805862337998e-10
2.550000000000000044e-01 1.000891248244015541e+00 6.284182034096924876e-06 2.884154212489126412e-10 4.325672612450556437e-10
2.600000000000000089e-01 1.000974901830975039e+00 6.662005100335345627e-06 3.240744022300661672e-10 4.860463409178570026e-10
2.650000000000000133e-01 1.001064295869075416e+00 7.054750650054232251e-06 3.633364851707235281e-10 5.449287199584209232e-10
2.700000000000000178e-01 1.001159404686088994e+00 7.462716314944436893e-06 4.064876115013226401e-10 6.096431465677007441e-10
2.750000000000000222e-01 1.001260202844886926e+00 7.886197829605756931e-06 4.538304494167795712e-10 6.806434428770063000e-10
2.800000000000000266e-01 1.001366665140501100e+00 8.325495282874196225e-06 5.056852439543359160e-10 7.584097787517369158e-10
2.850000000000000311e-01 1.001478766597222014e+00 8.780906160690426268e-06 5.623900837698136067e-10 8.434490706761804578e-10
2.899999999999999800e-01 1.001596482465736404e+00 9.252730928835192176e-06 6.243019803624147463e-10 9.362965991341938938e-10
2.949999999999999845e-01 1.001719788220298835e+00 9.741269560368935287e-06 6.917972773682689544e-10 1.037516621099115607e-09
2.999999999999999889e-01 1.001848659555939935e+00 1.024682219928347444e-05 7.652725828890274482e-10 1.147703766872597111e-09
3.049999999999999933e-01 1.001983072385710605e+00 1.076969201980542875e-05 8.451450647524956296e-10 1.267483481454898039e-09
3.099999999999999978e-01 1.002123002837959964e+00 1.131017955954558388e-05 9.318536754916881252e-10 1.397513860181357794e-09
3.150000000000000022e-01 1.002268427253648841e+00 1.186858979211585758e-05 1.025859852071310883e-09 1.538486696418047708e-09
3.200000000000000067e-01 1.002419322183694117e+00 1.244522507009426753e-05 1.127647884749728975e-09 1.691128033063949826e-09
3.250000000000000111e-01 1.002575664386349930e+00 1.304039151116734145e-05 1.237725846582198220e-09 1.856199554672644145e-09
3.300000000000000155e-01 1.002737430824617970e+00 1.365439255443380535e-05 1.356626595792796915e-09 2.034500089007629499e-09
3.350000000000000200e-01 1.002904598663692415e+00 1.428753685210461816e-05 1.484908376303658248e-09 2.226866505446813422e-09
3.400000000000000244e-01 1.003077145268434833e+00 1.494012901944628623e-05 1.623155598653220148e-09 2.434174884186526419e-09
3.450000000000000289e-01 1.003255048200880628e+00 1.561247953737481442e-05 1.771980196422437831e-09 2.657342548192501829e-09
3.500000000000000333e-01 1.003438285217776782e+00 1.630489484986139418e-05 1.932021160602743259e-09 2.897327362629323226e-09
3.549999999999999822e-01 1.003626834268148693e+00 1.701768588571059634e-05 2.103946664579629594e-09 3.155130919176679018e-09
3.599999999999999867e-01 1.003820673490896542e+00 1.775116381880455701e-05 2.288454725424511312e-09 3.431799525535001738e-09
3.649999999999999911e-01 1.004019781212422524e+00 1.850563860338162123e-05 2.486273484766174292e-09 3.728424623533594538e-09
3.699999999999999956e-01 1.004224135944284502e+00 1.928142186664711207e-05 2.698163030662684758e-09 4.046145519075101265e-09
3.750000000000000000e-01 1.004433716380879638e+00 2.007882830681302110e-05 2.924914692358600868e-09 4.386148321207340578e-09
3.800000000000000044e-01 1.004648501397155336e+00 2.089817140471647225e-05 3.167353870900533645e-09 4.749670184300103971e-09
3.850000000000000089e-01 1.004868470046347273e+00 2.173976635380254002e-05 3.426340829682315242e-09 5.138000490733621265e-09
3.900000000000000133e-01 1.005093601557745631e+00 2.260392995916876756e-05 3.702768619941730584e-09 5.552477735685478971e-09
3.950000000000000178e-01 1.005323875334485528e+00 2.349097789571379045e-05 3.997568460877602281e-09 5.994497593252218308e-09
4.000000000000000222e-01 1.005559270951367434e+00 2.440122612220040369e-05 4.311708622133609248e-09 6.465511236114931685e-09
4.050000000000000266e-01 1.005799768152698448e+00 2.533499921884032108e-05 4.646193636021525685e-09 6.967024150659668140e-09
4.100000000000000311e-01 1.006045346850164002e+00 2.629261081140000622e-05 5.002068622599963423e-09 7.500602619442419901e-09
4.150000000000000355e-01 1.006295987120720881e+00 2.727438473147405205e-05 5.380417760131382613e-09 8.067871423113772414e-09
4.199999999999999845e-01 1.006551669204517108e+00 2.828064492785781900e-05 5.782368022387986499e-09 8.670519441158432064e-09
4.249999999999999889e-01 1.006812373502834479e+00 2.931171005321434340e-05 6.209087627619893356e-09 9.310297321133499293e-09
4.299999999999999933e-01 1.007078080576055967e+00 3.036790754218602692e-05 6.661786805321057895e-09 9.989018624661553139e-09
4.349999999999999978e-01 1.007348771141657329e+00 3.144955942226291136e-05 7.141721965765362914e-09 1.070856607469441504e-08
4.400000000000000022e-01 1.007624426072219359e+00 3.255699639002062609e-05 7.650194842885304493e-09 1.147089026608961537e-08
4.450000000000000067e-01 1.007905026393466796e+00 3.369053826846456781e-05 8.188551390183864885e-09 1.227800800466616229e-08
4.500000000000000111e-01 1.008190553282325652e+00 3.485052200103220925e-05 8.758187105371651168e-09 1.313201028624141194e-08
4.550000000000000155e-01 1.008480988065006079e+00 3.603727080786085757e-05 9.360548652578587791e-09 1.403506472494093846e-08
4.600000000000000200e-01 1.008776312215104998e+00 3.725111655539767758e-05 9.997126438139753576e-09 1.498940441379518815e-08
4.650000000000000244e-01 1.009076507351731156e+00 3.849239429909228835e-05 1.066946919275410806e-08 1.599734978523463407e-08
4.700000000000000289e-01 1.009381555237651273e+00 3.976143089578467788e-05 1.137917145671523394e-08 1.706128984098317244e-08
4.750000000000000333e-01 1.009691437777457068e+00 4.105856759865327140e-05 1.212788765627948791e-08 1.818370324986651433e-08
4.799999999999999822e-01 1.010006137015752481e+00 4.238413192650674640e-05 1.291731999514884401e-08 1.936714018934121433e-08
4.849999999999999867e-01 1.010325635135361333e+00 4.373846575689340762e-05 1.374923338046684073e-08 2.061424471695253601e-08
4.899999999999999911e-01 1.010649914455556075e+00 4.512190565667761292e-05 1.462544549408798135e-08 2.192773987661140302e-08
4.949999999999999956e-01 1.010978957430304748e+00 4.653478844259802621e-05 1.554783530343581389e-08 2.331044045356318031e-08
5.000000000000000000e-01 1.011312746646537475e+00 4.797745421725844881e-05 1.651833817240557044e-08 2.476524563719341452e-08
5.050000000000000044e-01 1.011651264822433394e+00 4.945024889026785442e-05 1.753895675825060155e-08 2.629515535193140446e-08
5.100000000000000089e-01 1.011994494805724676e+00 5.095350745926713066e-05 1.861174938242077849e-08 2.790325280998464535e-08
5.150000000000000133e-01 1.012342419572020980e+00 5.248757941406312984e-05 1.973884110298280625e-08 2.959272111074890547e-08
5.200000000000000178e-01 1.012695022223150554e+00 5.405280607827884289e-05 2.092242548458156380e-08 3.136684588191817037e-08
5.250000000000000222e-01 1.013052285985520662e+00 5.564953466547944733e-05 2.216475501261301701e-08 3.322900090230115153e-08
5.300000000000000266e-01 1.013414194208494434e+00 5.727811852535132710e-05 2.346815716265011123e-08 3.518267218385497252e-08
5.350000000000000311e-01 1.013780730362787486e+00 5.893889991627306230e-05 2.483502053147417793e-08 3.723143717096370203e-08
5.400000000000000355e-01 1.014151878038878962e+00 6.063222712412159160e-05 2.626781585929050790e-08 3.937899624882456749e-08
5.450000000000000400e-01 1.014527620945441466e+00 6.235846010169852286e-05 2.776908208975716151e-08 4.162915183125241266e-08
5.500000000000000444e-01 1.014907942907788518e+00 6.411794227993984868e-05 2.934142303216967308e-08 4.398580335504749277e-08
5.550000000000000488e-01 1.015292827866336012e+00 6.591103974749228447e-05 3.098752516907590587e-08 4.645297395774995434e-08
5.600000000000000533e-01 1.015682259875082316e+00 6.773809672888353700e-05 3.271015131808418320e-08 4.903480097581309474e-08
5.650000000000000577e-01 1.016076223100103704e+00 6.959947453679025627e-05 3.451214687226731457e-08 5.173554528193586086e-08
5.700000000000000622e-01 1.016474701818065096e+00 7.149552915259135182e-05 3.639642698735714413e-08 5.455957206586574792e-08
5.750000000000000666e-01 1.016877680414747243e+00 7.342662837368323081e-05 3.836599208367332086e-08 5.751137406515415618e-08
5.799999999999999600e-01 1.017285143383589441e+00 7.539312329282946558e-05 4.042392474642296352e-08 6.059556691259030238e-08
5.849999999999999645e-01 1.017697075324246692e+00 7.739538795726271024e-05 4.257340163857566954e-08 6.381690697827909913e-08
5.899999999999999689e-01 1.018113460941162618e+00 7.943377433981413523e-05 4.481766419658435969e-08 6.718024741840279612e-08
5.949999999999999734e-01 1.018534285042156151e+00 8.150865161035517092e-05 4.716006162542526213e-08 7.069060263752438332e-08
5.999999999999999778e-01 1.018959532537025314e+00 8.362039495106005874e-05 4.960403245540413631e-08 7.435312060913955122e-08
6.049999999999999822e-01 1.019389188436160998e+00 8.576936303145076489e-05 5.215308278960032515e-08 7.817305025671325714e-08
6.099999999999999867e-01 1.019823237849180497e+00 8.795593171407897033e-05 5.481082732279106898e-08 8.215580294906912451e-08
6.149999999999999911e-01 1.020261665983570154e+00 9.018046632998393984e-05 5.758098607745586253e-08 8.630694756770877109e-08
6.199999999999999956e-01 1.020704458143344873e+00 9.244334900343114455e-05 6.046736335684498965e-08 9.063217895972005098e-08
6.250000000000000000e-01 1.021151599727719406e+00 9.474494579669969277e-05 6.347384724688992489e-08 9.513731717042609813e-08
6.300000000000000044e-01 1.021603076229795626e+00 9.708563409698209843e-05 6.660444970698915815e-08 9.982836752845310259e-08
6.350000000000000089e-01 1.022058873235258902e+00 9.946579761630305362e-05 6.986325697721597922e-08 1.047114462875040459e-07
6.400000000000000133e-01 1.022518976421092685e+00 1.018858200983811227e-04 7.325449734081500062e-08 1.097928821881599564e-07
6.450000000000000178e-01 1.022983371554301524e+00 1.043460581487597535e-04 7.678246307470910429e-08 1.150790994547692459e-07
6.500000000000000222e-01 1.023452044490649859e+00 1.068469243059661975e-04 8.045157911192353840e-08 1.205767206769859464e-07
6.550000000000000266e-01 1.023924981173411908e+00 1.093887758240866590e-04 8.426636424453637886e-08 1.262925086695598447e-07
6.600000000000000311e-01 1.024402167632133542e+00 1.119720152324938056e-04 8.823146098975411323e-08 1.322334112179752723e-07
6.650000000000000355e-01 1.024883589981409493e+00 1.145970341959150755e-04 9.235160861706620149e-08 1.384065205956055989e-07
6.700000000000000400e-01 1.025369234419667430e+00 1.172642020610426287e-04 9.663167416221724838e-08 1.448191200684494007e-07
6.750000000000000444e-01 1.025859087227968924e+00 1.199739227679298958e-04 1.010766247630728826e-07 1.514786424397653724e-07
6.800000000000000488e-01 1.026353134768820174e+00 1.227265892513044923e-04 1.056915592216407351e-07 1.583927172253481261e-07
6.850000000000000533e-01 1.026851363484993174e+00 1.255225836497858994e-04 1.104816796385208813e-07 1.655691282773705798e-07
6.900000000000000577e-01 1.027353759898360641e+00 1.283623109468338757e-04 1.154523586800787916e-07 1.730159144206426741e-07
6.950000000000000622e-01 1.027860310608740946e+00 1.312461767135705447e-04 1.206090252422315999e-07 1.807411982301838708e-07
7.000000000000000666e-01 1.028371002292754355e+00 1.341745643611534113e-04 1.259572659943829602e-07 1.887533380703085303e-07
7.049999999999999600e-01 1.028885821702690384e+00 1.371478802126094851e-04 1.315027940137652683e-07 1.970608811017911375e-07
7.099999999999999645e-01 1.029404755665387139e+00 1.401665309353031003e-04 1.372514710192800090e-07 2.056725966510844299e-07
7.149999999999999689e-01 1.029927791081118427e+00 1.432309130328536908e-04 1.432092514627122410e-07 2.145973922997629666e-07
7.199999999999999734e-01 1.030454914922495746e+00 1.463414337361041893e-04 1.493822609709490473e-07 2.238444314675070281e-07
7.249999999999999778e-01 1.030986114233377604e+00 1.494985123830300450e-04 1.557767217904626868e-07 2.334230216858150044e-07
7.299999999999999822e-01 1.031521376127789047e+00 1.527025356823837347e-04 1.623990516282300402e-07 2.433427626090854783e-07
7.349999999999999867e-01 1.032060687788854958e+00 1.559539345867139702e-04 1.692557487910523307e-07 2.536133739922529996e-07
7.399999999999999911e-01 1.032604036467738684e+00 1.592531193058497468e-04 1.763534923038398261e-07 2.642448455713417108e-07
7.449999999999999956e-01 1.033151409482594651e+00 1.626004991009405572e-04 1.836990852169852771e-07 2.752473521854154155e-07
7.500000000000000000e-01 1.033702794217528753e+00 1.659964963016488540e-04 1.912994966653164517e-07 2.866313166680171684e-07
7.550000000000000044e-01 1.034258178121568061e+00 1.694415215560084436e-04 1.991618228885071046e-07 2.984073515422676433e-07
7.600000000000000089e-01 1.034817548707643198e+00 1.729359976165244749e-04 2.072933087633094125e-07 3.105862911625229870e-07
7.650000000000000133e-01 1.035380893551575587e+00 1.764803588262821277e-04 2.157014451712800740e-07 3.231793375963632773e-07
7.700000000000000178e-01 1.035948200291078702e+00 1.800750065275594442e-04 2.243936918301053726e-07 3.361976454017814890e-07
7.750000000000000222e-01 1.036519456624765523e+00 1.837203870452724691e-04 2.333779003696371793e-07 3.496529552676084492e-07
7.800000000000000266e-01 1.037094650311166655e+00 1.874169249071527474e-04 2.426618428181937405e-07 3.635568877312976390e-07
7.850000000000000311e-01 1.037673769167756666e+00 1.911650343317021711e-04 2.522536483335096380e-07 3.779215975652883036e-07
7.900000000000000355e-01 1.038256801069989743e+00 1.949651519877251273e-04 2.621615108642624820e-07 3.927593354575604227e-07
7.950000000000000400e-01 1.038843733950345127e+00 1.988177489454018212e-04 2.723937888934452663e-07 4.080825975821374048e-07
8.000000000000000444e-01 1.039434555797379867e+00 2.027232066563423786e-04 2.829590624232498959e-07 4.239042110320345806e-07
8.050000000000000488e-01 1.040029254654790458e+00 2.066819746498977988e-04 2.938661389710256437e-07 4.402373425965691923e-07
8.100000000000000533e-01 1.040627818620484257e+00 2.106945254262843081e-04 3.051237820083498686e-07 4.570950920143762343e-07
8.150000000000000577e-01 1.041230235845658436e+00 2.147612646667934177e-04 3.167412054788444470e-07 4.744912327711799074e-07
8.200000000000000622e-01 1.041836494533886492e+00 2.188826659645463359e-04 3.287276373165617928e-07 4.924395580968003735e-07
8.250000000000000666e-01 1.042446582940215416e+00 2.230591357517708881e-04 3.410924846641094623e-07 5.109541284786170240e-07
8.300000000000000711e-01 1.043060489370268407e+00 2.272911709445041739e-04 3.538453950908673982e-07 5.300493634807390851e-07
8.349999999999999645e-01 1.043678202179357140e+00 2.315791797597425050e-04 3.669962028698295993e-07 5.497399608752681669e-07
8.399999999999999689e-01 1.044299709771603135e+00 2.359236373828306759e-04 3.805549347189012749e-07 5.700409057109879035e-07
8.449999999999999734e-01 1.044925000599063569e+00 2.403249745436661009e-04 3.945318082868491572e-07 5.909674675346778752e-07
8.499999999999999778e-01 1.045554063160868408e+00 2.447836688663126417e-04 4.089372345288435179e-07 6.125352041666333747e-07
8.549999999999999822e-01 1.046186886002363758e+00 2.493001518409501205e-04 4.237817592056886917e-07 6.347598739225681328e-07
8.599999999999999867e-01 1.046823457714263217e+00 2.538749232487471632e-04 4.390761891253377725e-07 6.576576249513318044e-07
8.649999999999999911e-01 1.047463766931806317e+00 2.585084172997800843e-04 4.548316004095810190e-07 6.812450070352064303e-07
8.699999999999999956e-01 1.048107802333925420e+00 2.632011124752229453e-04 4.710592130438444781e-07 7.055387841486285929e-07
8.750000000000000000e-01 1.048755552642418598e+00 2.679534644826711033e-04 4.877703812374340672e-07 7.305559196867525203e-07
8.800000000000000044e-01 1.049407006621131844e+00 2.727659320698187415e-04 5.049768100347271680e-07 7.563139011787374946e-07
8.850000000000000089e-01 1.050062153075147497e+00 2.776389951679340351e-04 5.226903481223700250e-07 7.828304295474755074e-07
8.900000000000000133e-01 1.050720980849978670e+00 2.825731344156063511e-04 5.409230618833869549e-07 8.101235300890779001e-07
8.950000000000000178e-01 1.051383478830772988e+00 2.875688307767179088e-04 5.596872342254434067e-07 8.382115509294151044e-07
9.000000000000000222e-01 1.052049635941522787e+00 2.926265224354603848e-04 5.789954474797165648e-07 8.671132867028795290e-07
9.050000000000000266e-01 1.052719441144281065e+00 2.977467359807026430e-04 5.988603537601581384e-07 8.968476349920125167e-07
9.100000000000000311e-01 1.053392883438386107e+00 3.029299321477998247e-04 6.192949905301222184e-07 9.274340686485291086e-07
9.150000000000000355e-01 1.054069951859691656e+00 3.081765722307731404e-04 6.403126258216994497e-07 9.588924041284057653e-07
9.200000000000000400e-01 1.054750635479804632e+00 3.134871854268044336e-04 6.619266019691146450e-07 9.912425670263226822e-07
9.250000000000000444e-01 1.055434923405329073e+00 3.188622341414126360e-04 6.841507418868697370e-07 1.024505201036458219e-06
9.300000000000000488e-01 1.056122804777117841e+00 3.243022030191652807e-04 7.069988620844882203e-07 1.058700938181130517e-06
9.350000000000000533e-01 1.056814268769528553e+00 3.298076014984947248e-04 7.304852735921593343e-07 1.093851148862370649e-06
9.400000000000000577e-01 1.057509304589689725e+00 3.353789149380449232e-04 7.546242773965014368e-07 1.129977186795140765e-06
9.450000000000000622e-01 1.058207901476769797e+00 3.410166304343679880e-04 7.794305957586485794e-07 1.167101034350894788e-06
9.500000000000000666e-01 1.058910048701254603e+00 3.467212810052778876e-04 8.049192036487406331e-07 1.205245049741900656e-06
9.550000000000000711e-01 1.059615735564230832e+00 3.524933320218751639e-04 8.311052449998466260e-07 1.244431842787834653e-06
9.599999999999999645e-01 1.060324951396675930e+00 3.583332951653708364e-04 8.580043024101701146e-07 1.284684677096155563e-06
9.649999999999999689e-01 1.061037685558753330e+00 3.642417038957465516e-04 8.856318521171834793e-07 1.326026655776023752e-06
9.699999999999999734e-01 1.061753927439116119e+00 3.702190261080295030e-04 9.140041949780493818e-07 1.368482113437874871e-06
9.749999999999999778e-01 1.062473666454213594e+00 3.762657973137625150e-04 9.431373357007313331e-07 1.412074939342280972e-06
9.799999999999999822e-01 1.063196892047607145e+00 3.823825307255344420e-04 9.730479272836198161e-07 1.456829990585905944e-06
9.849999999999999867e-01 1.063923593689290348e+00 3.885697177550564659e-04 1.003752910445309036e-06 1.502772553448075664e-06
9.899999999999999911e-01 1.064653760875015509e+00 3.948278964492444730e-04 1.035269305165405628e-06 1.549928029509165381e-06
9.949999999999999956e-01 1.065387383125626419e+00 4.011576032138845175e-04 1.067614405297732300e-06 1.598322228347876395e-06
1.000000000000000000e+00 1.066124449986396217e+00 4.075593329358275538e-04 1.100806000202034157e-06 1.647981698657395647e-06
1.005000000000000115e+00 1.066864951026373021e+00 4.140345216767185609e-04 1.134864441221701347e-06 1.698936953602042488e-06
1.010000000000000009e+00 1.067608875837728233e+00 4.205828108815071425e-04 1.169805820042947054e-06 1.751211877216587015e-06
1.015000000000000124e+00 1.068356214035114826e+00 4.272048084623653432e-04 1.205648595101049057e-06 1.804834011667348129e-06
1.020000000000000018e+00 1.069106955255026969e+00 4.339009447771312333e-04 1.242411752629939695e-06 1.859831687934845095e-06
1.024999999999999911e+00 1.069861089155168976e+00 4.406718295252428307e-04 1.280114576794565366e-06 1.916233679410333523e-06
1.030000000000000027e+00 1.070618605413826918e+00 4.475179846705673375e-04 1.318776442891103295e-06 1.974068893192732185e-06
1.034999999999999920e+00 1.071379493729249344e+00 4.544399744659363325e-04 1.358417026004334395e-06 2.033366682468379081e-06
1.040000000000000036e+00 1.072143743819029771e+00 4.614383226401392647e-04 1.399056778814498618e-06 2.094157560587633338e-06
1.044999999999999929e+00 1.072911345419497398e+00 4.685135514347067535e-04 1.440715768305952377e-06 2.156471461359825253e-06
1.050000000000000044e+00 1.073682288285112474e+00 4.756662289629867224e-04 1.483415105830886073e-06 2.220339879101369594e-06
1.054999999999999938e+00 1.074456562187866782e+00 4.828969240446142285e-04 1.527175983708857079e-06 2.285794424845169359e-06
1.060000000000000053e+00 1.075234156916690775e+00 4.902061614585084305e-04 1.572019427733524818e-06 2.352866458085941274e-06
1.064999999999999947e+00 1.076015062276864054e+00 4.975945122363622337e-04 1.617967544468597698e-06 2.421588951853784303e-06
1.070000000000000062e+00 1.076799268089433603e+00 5.050625460095718895e-04 1.665042537227277764e-06 2.491995021634110535e-06
1.074999999999999956e+00 1.077586764190635593e+00 5.126107891588017147e-04 1.713266415234774246e-06 2.564117488759133857e-06
1.080000000000000071e+00 1.078377540431322945e+00 5.202398597530460229e-04 1.762662588764890763e-06 2.637991266847299193e-06
1.084999999999999964e+00 1.079171586676399119e+00 5.279502862432142564e-04 1.813253762233692422e-06 2.713650211679374079e-06
1.090000000000000080e+00 1.079968892804255898e+00 5.357426398578309665e-04 1.865063784463981423e-06 2.791129886022965647e-06
1.094999999999999973e+00 1.080769448706216718e+00 5.436174962573776760e-04 1.918116326191285490e-06 2.870465583552202873e-06
1.100000000000000089e+00 1.081573244285985780e+00 5.515754301402305123e-04 1.972435973402015709e-06 2.951693963756768734e-06
1.104999999999999982e+00 1.082380269459101152e+00 5.596170172390668284e-04 2.028046826130576196e-06 3.034850955303899769e-06
1.110000000000000098e+00 1.083190514152395201e+00 5.677428772724066146e-04 2.084974497641189616e-06 3.119974747119594877e-06
1.114999999999999991e+00 1.084003968303457022e+00 5.759535425336572475e-04 2.143243813532126090e-06 3.207102344518104429e-06
1.120000000000000107e+00 1.084820621860102863e+00 5.842495914981770538e-04 2.202881163572079356e-06 3.296273092478169483e-06
1.125000000000000000e+00 1.085640464779849657e+00 5.926316455832160478e-04 2.263912114075837976e-06 3.387525095850940993e-06
1.130000000000000115e+00 1.086463487029394992e+00 6.011002833719656779e-04 2.326363529836259136e-06 3.480898402264377957e-06
1.135000000000000009e+00 1.087289678584100638e+00 6.096561319512423371e-04 2.390262038545280794e-06 3.576432696121255933e-06
1.140000000000000124e+00 1.088119029427482509e+00 6.182997236498789491e-04 2.455635612518823193e-06 3.674169672414204623e-06
1.145000000000000018e+00 1.088951529550704622e+00 6.270316864655078176e-04 2.522511356553112193e-06 3.774149722789323482e-06
1.150000000000000133e+00 1.089787168952079055e+00 6.358526434484255193e-04 2.590917733018830281e-06 3.876415267236537619e-06
1.155000000000000027e+00 1.090625937636568565e+00 6.447631795882488061e-04 2.660883288093216139e-06 3.981008842900895110e-06
1.159999999999999920e+00 1.091467825615297427e+00 6.537639215778614631e-04 2.732436982054217294e-06 4.087973604680786679e-06
1.165000000000000036e+00 1.092312822905064262e+00 6.628554089834992570e-04 2.805607848716416619e-06 4.197352813089475976e-06
1.169999999999999929e+00 1.093160919527861763e+00 6.720383598581069822e-04 2.880426357958411624e-06 4.309191870951631897e-06
1.175000000000000044e+00 1.094012105510399513e+00 6.813133124414021916e-04 2.956922734503877562e-06 4.423535809969296927e-06
1.179999999999999938e+00 1.094866370883633921e+00 6.906809004491131073e-04 3.035127283853764674e-06 4.540429778352067546e-06
1.185000000000000053e+00 1.095723705682299487e+00 7.001417535970652205e-04 3.115071074557987122e-06 4.659920059994864842e-06
1.189999999999999947e+00 1.096584099944449830e+00 7.096965487115382320e-04 3.196785978023099219e-06 4.782054134749816630e-06
1.195000000000000062e+00 1.097447543710998508e+00 7.193458282877162246e-04 3.280304687780122341e-06 4.906880706824773427e-06
1.199999999999999956e+00 1.098314027025267592e+00 7.290902251013650116e-04 3.365658148258530160e-06 5.034445862203251648e-06
1.205000000000000071e+00 1.099183539932540254e+00 7.389304185707368288e-04 3.452880686502163522e-06 5.164800734975211473e-06
1.209999999999999964e+00 1.100056072479618674e+00 7.488670437050218721e-04 3.542004879058171837e-06 5.297993841266950830e-06
1.215000000000000080e+00 1.100931614714385054e+00 7.589007351603216855e-04 3.633065253474377042e-06 5.434076606840785486e-06
1.219999999999999973e+00 1.101810156685369746e+00 7.690320858485565677e-04 3.726095275305779853e-06 5.573098863591532083e-06
1.225000000000000089e+00 1.102691688441321372e+00 7.792618204470685246e-04 3.821131217634122520e-06 5.715114638448862747e-06
1.229999999999999982e+00 1.103576200030784493e+00 7.895905296758721267e-04 3.918206690288148269e-06 5.860173967930532114e-06
1.235000000000000098e+00 1.104463681501680172e+00 8.000188556828683080e-04 4.017358945432624943e-06 6.008332330502021073e-06
1.239999999999999991e+00 1.105354122900890967e+00 8.105474804393813159e-04 4.118623336290950519e-06 6.159642360313534959e-06
1.245000000000000107e+00 1.106247514273852595e+00 8.211770425987348441e-04 4.222038138251495565e-06 6.314161051950120135e-06
1.250000000000000000e+00 1.107143845664148030e+00 8.319081844341856069e-04 4.327638002706483364e-06 6.471939977480034210e-06
1.255000000000000115e+00 1.108043107113107384e+00 8.427416351499069942e-04 4.435463909340162905e-06 6.633040167052481711e-06
1.260000000000000009e+00 1.108945288659413109e+00 8.536780376641906355e-04 4.545551447895965085e-06 6.797514578549254150e-06
1.265000000000000124e+00 1.109850380338708309e+00 8.647180336716961792e-04 4.657940985134343480e-06 6.965423314621498483e-06
1.270000000000000018e+00 1.110758372183210829e+00 8.758622689127746816e-04 4.772671670355905454e-06 7.136824646368371078e-06
1.275000000000000133e+00 1.111669254221331116e+00 8.871114717273087969e-04 4.889784104919166385e-06 7.311779011424042709e-06
1.280000000000000027e+00 1.112583016477296738e+00 8.984662885341204242e-04 5.009316664534525158e-06 7.490343507748593795e-06
1.284999999999999920e+00 1.113499648970778022e+00 9.099273696819245487e-04 5.131312819921089379e-06 7.672582854250671654e-06
1.290000000000000036e+00 1.114419141716522343e+00 9.214954447352239481e-04 5.255811991248053301e-06 7.858555695856968149e-06
1.294999999999999929e+00 1.115341484723989307e+00 9.331712512777802677e-04 5.382857859975133422e-06 8.048327053161820002e-06
1.300000000000000044e+00 1.116266667996994588e+00 9.449553516238909552e-04 5.512491810868586434e-06 8.241958493598465331e-06
1.304999999999999938e+00 1.117194681533353773e+00 9.568485698655951940e-04 5.644758667691979998e-06 8.439516727506254283e-06
1.310000000000000053e+00 1.118125515324534858e+00 9.688514650480779117e-04 5.779700954447987870e-06 8.641065021977538922e-06
1.314999999999999947e+00 1.119059159355313193e+00 9.809648654175192987e-04 5.917362644392223581e-06 8.846668786766314515e-06
1.320000000000000062e+00 1.119995603603431533e+00 9.931894271850841890e-04 6.057790324657569353e-06 9.056397355895811092e-06
1.324999999999999956e+00 1.120934838039265857e+00 1.005525793269391099e-03 6.201028148868956323e-06 9.270316399122233503e-06
1.330000000000000071e+00 1.121876852625492305e+00 1.017974713363180208e-03 6.347122873406563149e-06 9.488495477745634085e-06
1.334999999999999964e+00 1.122821637316764765e+00 1.030536923106288756e-03 6.496120822622830826e-06 9.711003500107930905e-06
1.340000000000000080e+00 1.123769182059389804e+00 1.043213172867429005e-03 6.648068871694129292e-06 9.937910179845973246e-06
1.344999999999999973e+00 1.124719476791012696e+00 1.056004019714886118e-03 6.803016622271529403e-06 1.016928930704540568e-05
1.350000000000000089e+00 1.125672511440304557e+00 1.068910301767693038e-03 6.961011147471957254e-06 1.040521088878229891e-05
1.354999999999999982e+00 1.126628275926654377e+00 1.081932762724294823e-03 7.122101111909839880e-06 1.064574729017247519e-05
1.360000000000000098e+00 1.127586760159866808e+00 1.095072153173503281e-03 7.286339108457269045e-06 1.089097674911890208e-05
1.364999999999999991e+00 1.128547954039863965e+00 1.108329037111834784e-03 7.453771785366547721e-06 1.114096860512891426e-05
1.370000000000000107e+00 1.129511847456391438e+00 1.121704341067690210e-03 7.624454116134991230e-06 1.139580463019494154e-05
1.375000000000000000e+00 1.130478430288730518e+00 1.135198633127421390e-03 7.798433952111228211e-06 1.165555594772895340e-05
1.380000000000000115e+00 1.131447692405412875e+00 1.148812845472627813e-03 7.975766483094829160e-06 1.192030464235615759e-05
1.385000000000000009e+00 1.132419623663941444e+00 1.162547546314148320e-03 8.156504185013203551e-06 1.219012872232015154e-05
1.390000000000000124e+00 1.133394213910515980e+00 1.176403488235457616e-03 8.340699010118286501e-06 1.246510541976422844e-05
1.395000000000000018e+00 1.134371452979762385e+00 1.190381600646377375e-03 8.528408209142449741e-06 1.274531985698424276e-05
1.400000000000000133e+00 1.135351330694467364e+00 1.204482364954677582e-03 8.719683854041606903e-06 1.303084942706870758e-05
1.405000000000000027e+00 1.136333836865317526e+00 1.218706806243385378e-03 8.914583391677095853e-06 1.332177952968397894e-05
1.409999999999999920e+00 1.137318961290643582e+00 1.233055497474001058e-03 9.113163794457115733e-06 1.361819485591000475e-05
1.415000000000000036e+00 1.138306693756168331e+00 1.247529278043847754e-03 9.315480283457728717e-06 1.392017746838132337e-05
1.419999999999999929e+00 1.139297024034760630e+00 1.262128916447754438e-03 9.521592415092851476e-06 1.422781589158616259e-05
1.425000000000000044e+00 1.140289941886192482e+00 1.276855154262684141e-03 9.731556735235661929e-06 1.454119414957489615e-05
1.429999999999999938e+00 1.141285437056903218e+00 1.291708752515317556e-03 9.945434272938777115e-06 1.486040295418368203e-05
1.435000000000000053e+00 1.142283499279765024e+00 1.306690564025539056e-03 1.016328420623970296e-05 1.518553023386022760e-05
1.439999999999999947e+00 1.143284118273856675e+00 1.321801253135527999e-03 1.038516773554355000e-05 1.551666693276940569e-05
1.445000000000000062e+00 1.144287283744239936e+00 1.337041668469410001e-03 1.061114546453539142e-05 1.585390309698228310e-05
1.449999999999999956e+00 1.145292985381740625e+00 1.352412659882821664e-03 1.084128006012070723e-05 1.619733183739935665e-05
1.455000000000000071e+00 1.146301212862736563e+00 1.367914811997771995e-03 1.107563490297763619e-05 1.654704732608514129e-05
1.459999999999999964e+00 1.147311955848947074e+00 1.383549147760114017e-03 1.131427143916718448e-05 1.690314083212357183e-05
1.465000000000000080e+00 1.148325203987230259e+00 1.399316348519283586e-03 1.155725726365080840e-05 1.726571279267495942e-05
1.469999999999999973e+00 1.149340946909383598e+00 1.415217167799714309e-03 1.180465530888674515e-05 1.763485667966682203e-05
1.475000000000000089e+00 1.150359174231948334e+00 1.431252555671067364e-03 1.205653337084735929e-05 1.801067321262331123e-05
1.479999999999999982e+00 1.151379875556021837e+00 1.447423093524205506e-03 1.231295584878585560e-05 1.839325802522953431e-05
1.485000000000000098e+00 1.152403040467071982e+00 1.463729819390304941e-03 1.257398923144707735e-05 1.878270986430629724e-05
1.489999999999999991e+00 1.153428658534756623e+00 1.480173404784234769e-03 1.283970804723682548e-05 1.917913946610010374e-05
1.495000000000000107e+00 1.154456719312749513e+00 1.496754806793734564e-03 1.311017608852582359e-05 1.958264153210822521e-05
1.500000000000000000e+00 1.155487212338569769e+00 1.513474686979952638e-03 1.338546368016690399e-05 1.999332049275237943e-05
1.505000000000000115e+00 1.156520127133416675e+00 1.530333913669221918e-03 1.366564193568009403e-05 2.041128195429017496e-05
1.510000000000000009e+00 1.157555453202008700e+00 1.547333253142596640e-03 1.395078588636118772e-05 2.083663736802485251e-05
1.515000000000000124e+00 1.158593180032429393e+00 1.564473750270153332e-03 1.424096226508278849e-05 2.126948575547407198e-05
1.520000000000000018e+00 1.159633297095975069e+00 1.581755984862687507e-03 1.453624771421352422e-05 2.170994095169084375e-05
1.525000000000000133e+00 1.160675793847010029e+00 1.599180921071394678e-03 1.483671674291402450e-05 2.215811358139212512e-05
1.530000000000000027e+00 1.161720659722826676e+00 1.616749503942881789e-03 1.514244464962320760e-05 2.261411542715436687e-05
1.535000000000000142e+00 1.162767884143507846e+00 1.634462324688608185e-03 1.545350447100246673e-05 2.307805489180588505e-05
1.540000000000000036e+00 1.163817456511797577e+00 1.652320429676599946e-03 1.576997315247375973e-05 2.355004619742466973e-05
1.544999999999999929e+00 1.164869366212974766e+00 1.670324499980299724e-03 1.609193181558608575e-05 2.403020979152585538e-05
1.550000000000000044e+00 1.165923602614732379e+00 1.688475590089395144e-03 1.641945597259889130e-05 2.451865772211574211e-05
1.554999999999999938e+00 1.166980155067061542e+00 1.706774375568106007e-03 1.675262524427787594e-05 2.501550818637534262e-05
1.560000000000000053e+00 1.168039012902141183e+00 1.725221907756617360e-03 1.709151675916451506e-05 2.552087560106812495e-05
1.564999999999999947e+00 1.169100165434231231e+00 1.743818881220522178e-03 1.743621865825257310e-05 2.603489084934272786e-05
1.570000000000000062e+00 1.170163601959574473e+00 1.762566150574061598e-03 1.778680987976246142e-05 2.655767105314808400e-05
1.574999999999999956e+00 1.171229311756297298e+00 1.781464770554553288e-03 1.814337366577522094e-05 2.708933972273545486e-05
1.580000000000000071e+00 1.172297284084322211e+00 1.800515432933438593e-03 1.850599071030560177e-05 2.763001657926303576e-05
1.584999999999999964e+00 1.173367508185281460e+00 1.819719190196738591e-03 1.887474947652847593e-05 2.817983290431012999e-05
1.590000000000000080e+00 1.174439973282435989e+00 1.839076732802948783e-03 1.924973245621908476e-05 2.873891107449099829e-05
1.594999999999999973e+00 1.175514668580601496e+00 1.858588930496227155e-03 1.963103013462858993e-05 2.930738536172386728e-05
1.600000000000000089e+00 1.176591583266077601e+00 1.878257013438811842e-03 2.001873036942117254e-05 2.988538610741977501e-05
1.604999999999999982e+00 1.177670706506583453e+00 1.898081504909186973e-03 2.041291840269634779e-05 3.047303973013382972e-05
1.610000000000000098e+00 1.178752027451198003e+00 1.918063449016693418e-03 2.081368394626335893e-05 3.107047931021023420e-05
1.614999999999999991e+00 1.179835535230304933e+00 1.938203733227998821e-03 2.122112151491245682e-05 3.167784509713895128e-05
1.620000000000000107e+00 1.180921218955544472e+00 1.958503232924283920e-03 2.163532284581456782e-05 3.229527313055746576e-05
1.625000000000000000e+00 1.182009067719768769e+00 1.978962811155635625e-03 2.205637311821858316e-05 3.292288969520918232e-05
1.630000000000000115e+00 1.183099070597002811e+00 1.999583531329914617e-03 2.248437746946111091e-05 3.356085083507251920e-05
1.635000000000000009e+00 1.184191216642411337e+00 2.020366277838834407e-03 2.291941910041674332e-05 3.420927981394099001e-05
1.640000000000000124e+00 1.185285494892271307e+00 2.041311757643688753e-03 2.336160148184780698e-05 3.486833015219864920e-05
1.645000000000000018e+00 1.186381894363947032e+00 2.062421192744204324e-03 2.381101746618403316e-05 3.553813951881451522e-05
1.650000000000000133e+00 1.187480404055874628e+00 2.083695300183667411e-03 2.426776475888993626e-05 3.621885277812387117e-05
1.655000000000000027e+00 1.188581012947548476e+00 2.105135121160191854e-03 2.473194615322108950e-05 3.691062237456063790e-05
1.660000000000000142e+00 1.189683709999514560e+00 2.126741564118803888e-03 2.520365752825495339e-05 3.761359043406373582e-05
1.665000000000000036e+00 1.190788484153369131e+00 2.148515491453897690e-03 2.568299975214674628e-05 3.832790650344881716e-05
1.669999999999999929e+00 1.191895324331762041e+00 2.170457801618223825e-03 2.617007884056556460e-05 3.905372779692855878e-05
1.675000000000000044e+00 1.193004219438406732e+00 2.192569558326329729e-03 2.666499372823082388e-05 3.979120091502153021e-05
1.679999999999999938e+00 1.194115158358093565e+00 2.214851826686978740e-03 2.716785272714876577e-05 4.054048650218197274e-05
1.685000000000000053e+00 1.195228129956711127e+00 2.237305303986765210e-03 2.767875672434985695e-05 4.130173399737031267e-05
1.689999999999999947e+00 1.196343123081270665e+00 2.259931063308731700e-03 2.819781203070594971e-05 4.207510102196720567e-05
1.695000000000000062e+00 1.197460126559938276e+00 2.282729994148805647e-03 2.872513025923763110e-05 4.286075303167525050e-05
1.699999999999999956e+00 1.198579129202069993e+00 2.305703171007838191e-03 2.926082000116944163e-05 4.365885097566683966e-05
1.705000000000000071e+00 1.199700119798254416e+00 2.328851480261467585e-03 2.980498638155420235e-05 4.446955056878454360e-05
1.709999999999999964e+00 1.200823087120360011e+00 2.352175988411928445e-03 3.035774459620824590e-05 4.529302258468758031e-05
1.715000000000000080e+00 1.201948019921588173e+00 2.375677411318825438e-03 3.091920651370569254e-05 4.612943280632472005e-05
1.719999999999999973e+00 1.203074906936531852e+00 2.399356997518514896e-03 3.148948522547786961e-05 4.697894881337418531e-05
1.725000000000000089e+00 1.204203736881238829e+00 2.423215834157267830e-03 3.206869021888743472e-05 4.784173275234549958e-05
1.729999999999999982e+00 1.205334498453282777e+00 2.447254435623834583e-03 3.265694608005416958e-05 4.871796932282475301e-05
1.735000000000000098e+00 1.206467180331836975e+00 2.471474251356470773e-03 3.325435999121481334e-05 4.960781724539511061e-05
1.739999999999999991e+00 1.207601771177756689e+00 2.495875989011467604e-03 3.386105899497142418e-05 5.051146477474597035e-05
1.745000000000000107e+00 1.208738259633664436e+00 2.520460723837678139e-03 3.447715723964850241e-05 5.142908099011395318e-05
1.750000000000000000e+00 1.209876634324042799e+00 2.545229546312524280e-03 3.510277481027519454e-05 5.236084381460660782e-05
1.755000000000000115e+00 1.211016883855332349e+00 2.570183342369124560e-03 3.573803285137854127e-05 5.330693260041331820e-05
1.760000000000000009e+00 1.212158996816034451e+00 2.595323189335942832e-03 3.638305881172749503e-05 5.426753623848709352e-05
1.765000000000000124e+00 1.213302961776821398e+00 2.620649998052280646e-03 3.703797136922508452e-05 5.524283045198307015e-05
1.770000000000000018e+00 1.214448767290650766e+00 2.646164845650094983e-03 3.770290550293397934e-05 5.623301521160521134e-05
1.775000000000000133e+00 1.215596401892885980e+00 2.671868990013081917e-03 3.837797742166690730e-05 5.723826254509696711e-05
1.780000000000000027e+00 1.216745854101423552e+00 2.697762979954023560e-03 3.906331951075397692e-05 5.825876854351417887e-05
1.785000000000000142e+00 1.217897112416823635e+00 2.723848243440346942e-03 3.975906048313071424e-05 5.929472378082243793e-05
1.790000000000000036e+00 1.219050165322449919e+00 2.750125532439192527e-03 4.046533035371322948e-05 6.034632082777507375e-05
1.794999999999999929e+00 1.220205001284612623e+00 2.776596082153517161e-03 4.118226021058208513e-05 6.141375370663233312e-05
1.800000000000000044e+00 1.221361608752716377e+00 2.803260814681337709e-03 4.190998793341619427e-05 6.249722666729877615e-05
1.804999999999999938e+00 1.222519976159418986e+00 2.830120817234462599e-03 4.264864206742117152e-05 6.359692995151599974e-05
1.810000000000000053e+00 1.223680091920789526e+00 2.857176991737046118e-03 4.339836306025367501e-05 6.471307156048411642e-05
1.814999999999999947e+00 1.224841944436477315e+00 2.884430785881310442e-03 4.415928737391139206e-05 6.584585344169257822e-05
1.820000000000000062e+00 1.226005522089884225e+00 2.911882750755659215e-03 4.493155287589356605e-05 6.699547977705260480e-05
1.824999999999999956e+00 1.227170813248343206e+00 2.939534333583300463e-03 4.571529860265155536e-05 6.816215628535237834e-05
1.830000000000000071e+00 1.228337806263303689e+00 2.967386448369280314e-03 4.651066501396911761e-05 6.934609088766674674e-05
1.834999999999999964e+00 1.229506489470522324e+00 2.995440015518039366e-03 4.731779956797363320e-05 7.054750190831215345e-05
1.840000000000000080e+00 1.230676851190258825e+00 3.023696291001535998e-03 4.813683978466007325e-05 7.176659279135402564e-05
1.844999999999999973e+00 1.231848879727479362e+00 3.052156380519837741e-03 4.896794162643166752e-05 7.300359450133683662e-05
1.850000000000000089e+00 1.233022563372064173e+00 3.080821191387405136e-03 4.981123395825793319e-05 7.425869755322925551e-05
1.854999999999999982e+00 1.234197890399023168e+00 3.109692018132011789e-03 5.066688117994900111e-05 7.553214535694016967e-05
1.860000000000000098e+00 1.235374849068715752e+00 3.138769736658333746e-03 5.153503809909505299e-05 7.682416714200486203e-05
1.864999999999999991e+00 1.236553427627077095e+00 3.168055461514678820e-03 5.241582560894708556e-05 7.813494134712325155e-05
1.870000000000000107e+00 1.237733614305851271e+00 3.197550325720020792e-03 5.330943640682289083e-05 7.946475362664491852e-05
1.875000000000000000e+00 1.238915397322829737e+00 3.227255558480349260e-03 5.421599409769344713e-05 8.081378652218975777e-05
1.880000000000000115e+00 1.240098764882095139e+00 3.257171910002943337e-03 5.513567096935692498e-05 8.218229503759612710e-05
1.885000000000000009e+00 1.241283705174272667e+00 3.287301215780566010e-03 5.606861700402679497e-05 8.357050104549915907e-05
1.890000000000000124e+00 1.242470206376787178e+00 3.317643507561161397e-03 5.701498341642916831e-05 8.497862816124646015e-05
1.895000000000000018e+00 1.243658256654124994e+00 3.348200754198642302e-03 5.797494746670772182e-05 8.640693877572866173e-05
1.900000000000000133e+00 1.244847844158103012e+00 3.378973889917889339e-03 5.894866353227346342e-05 8.785566115166313955e-05
1.905000000000000027e+00 1.246038957028144711e+00 3.409963849957774098e-03 5.993628714001934566e-05 8.932502529812302850e-05
1.910000000000000142e+00 1.247231583391559262e+00 3.441171542800812357e-03 6.093800056956643279e-05 9.081530097418080314e-05
1.915000000000000036e+00 1.248425711363831514e+00 3.472598623360505926e-03 6.195394977707657466e-05 9.232670385934230758e-05
1.919999999999999929e+00 1.249621329048912655e+00 3.504246025482427723e-03 6.298432033859137900e-05 9.385950860121604420e-05
1.925000000000000044e+00 1.250818424539521745e+00 3.536115019204577863e-03 6.402927390088406282e-05 9.541395413729527133e-05
1.929999999999999938e+00 1.252016985917450365e+00 3.568206542206613791e-03 6.508897335420055479e-05 9.699028124071617238e-05
1.935000000000000053e+00 1.253217001253874363e+00 3.600521525900367281e-03 6.616359628999236853e-05 9.858875263906229189e-05
1.939999999999999947e+00 1.254418458609672937e+00 3.633061602900192807e-03 6.725332193662216461e-05 1.002096333827665389e-04
1.945000000000000062e+00 1.255621346035752151e+00 3.665827369520731262e-03 6.835833128425934148e-05 1.018531911156563430e-04
1.949999999999999956e+00 1.256825651573374891e+00 3.698820458673751557e-03 6.947879354324375787e-05 1.035196759413274426e-04
1.955000000000000071e+00 1.258031363254499713e+00 3.732042184950779169e-03 7.061487932630043857e-05 1.052093400091720643e-04
1.959999999999999964e+00 1.259238469102119673e+00 3.765493080438967952e-03 7.176678814832404703e-05 1.069224785415302586e-04
1.965000000000000080e+00 1.260446957130616275e+00 3.799174482275237321e-03 7.293469382701544353e-05 1.086593482883615346e-04
1.969999999999999973e+00 1.261656815346111182e+00 3.833088001550198458e-03 7.411877184466261694e-05 1.104202086182684561e-04
1.975000000000000089e+00 1.262868031746829489e+00 3.867234618990513136e-03 7.531922705251412097e-05 1.122053625993619814e-04
1.979999999999999982e+00 1.264080594323466533e+00 3.901615245810734819e-03 7.653622391498223225e-05 1.140150529413147556e-04
1.985000000000000098e+00 1.265294491059563597e+00 3.936231198792420997e-03 7.776997110052726926e-05 1.158495884020334854e-04
1.989999999999999991e+00 1.266509709931886274e+00 3.971083751717350077e-03 7.902065044861212564e-05 1.177092375929137346e-04
1.995000000000000107e+00 1.267726238910813485e+00 4.006174221399635103e-03 8.028844527300531731e-05 1.195942713639631678e-04
2.000000000000000000e+00 1.268944065960727619e+00 4.041503519520146630e-03 8.157356975047864815e-05 1.215050063585128065e-04
2.004999999999999893e+00 1.270163179040415979e+00 4.077072626925404113e-03 8.287622567811120573e-05 1.234417409500664520e-04
2.010000000000000231e+00 1.271383566103475360e+00 4.112883560573253952e-03 8.419657168937269922e-05 1.254047090413776884e-04
2.015000000000000124e+00 1.272605215098723486e+00 4.148936872661010931e-03 8.553484238122592911e-05 1.273942576857432340e-04
2.020000000000000018e+00 1.273828113970618237e+00 4.185233902253069141e-03 8.689122987441432247e-05 1.294106706827922310e-04
2.024999999999999911e+00 1.275052250659680864e+00 4.221776281708130782e-03 8.826594273191253634e-05 1.314542562433347432e-04
2.030000000000000249e+00 1.276277613102927866e+00 4.258564612434051662e-03 8.965917626056612319e-05 1.335253027033815999e-04
2.035000000000000142e+00 1.277504189234306420e+00 4.295600211113673531e-03 9.107112725708294617e-05 1.356241008523080191e-04
2.040000000000000036e+00 1.278731966985139357e+00 4.332884730796707391e-03 9.250202517952251901e-05 1.377509896733618852e-04
2.044999999999999929e+00 1.279960934284574359e+00 4.370419111255570248e-03 9.395208639006222935e-05 1.399062891535234434e-04
2.049999999999999822e+00 1.281191079060038929e+00 4.408204691303214094e-03 9.542149722352741357e-05 1.420902739501199029e-04
2.055000000000000160e+00 1.282422389237703575e+00 4.446242385858392536e-03 9.691049341420275760e-05 1.443032925870874831e-04
2.060000000000000053e+00 1.283654852742951435e+00 4.484533895538590081e-03 9.841928068690859212e-05 1.465456489230315348e-04
2.064999999999999947e+00 1.284888457500850345e+00 4.523080175554799499e-03 9.994806644264168450e-05 1.488176490634906255e-04
2.069999999999999840e+00 1.286123191436637780e+00 4.561882865377849851e-03 1.014971087453464619e-04 1.511196745893151683e-04
2.075000000000000178e+00 1.287359042476205584e+00 4.600942583822717827e-03 1.030665862120832486e-04 1.534519887595879638e-04
2.080000000000000071e+00 1.288595998546594679e+00 4.640261346085374460e-03 1.046567444726106022e-04 1.558149545290450481e-04
2.084999999999999964e+00 1.289834047576496001e+00 4.679839774003840928e-03 1.062678151835377149e-04 1.582089142026133649e-04
2.089999999999999858e+00 1.291073177496757207e+00 4.719679164538948500e-03 1.078999980381942892e-04 1.606341620207859145e-04
2.095000000000000195e+00 1.292313376240894485e+00 4.759781558412522207e-03 1.095535623480556130e-04 1.630910964555371619e-04
2.100000000000000089e+00 1.293554631745612582e+00 4.800147216197947833e-03 1.112287115410069411e-04 1.655800173304314662e-04
2.104999999999999982e+00 1.294796931951329721e+00 4.840778131273921862e-03 1.129256848706452696e-04 1.681012778474432227e-04
2.109999999999999876e+00 1.296040264802710951e+00 4.881675669327811308e-03 1.146447238809280547e-04 1.706552349467269753e-04
2.115000000000000213e+00 1.297284618249205046e+00 4.922840405307216984e-03 1.163860545264151552e-04 1.732422218199359469e-04
2.120000000000000107e+00 1.298529980245588522e+00 4.964274020819906853e-03 1.181499223107891129e-04 1.758626011212576878e-04
2.125000000000000000e+00 1.299776338752518745e+00 5.005978218458734079e-03 1.199365925496283675e-04 1.785167645566357580e-04
2.129999999999999893e+00 1.301023681737088600e+00 5.047953573834284766e-03 1.217462796390824075e-04 1.812050285027302162e-04
2.135000000000000231e+00 1.302271997173391371e+00 5.090201789166221881e-03 1.235792350276852380e-04 1.839277640027622753e-04
2.140000000000000124e+00 1.303521273043090511e+00 5.132724229446770578e-03 1.254356945208149037e-04 1.866853189540414746e-04
2.145000000000000018e+00 1.304771497335994956e+00 5.175522125878240232e-03 1.273159503718497630e-04 1.894781251632897032e-04
2.149999999999999911e+00 1.306022658050641327e+00 5.218596889877810154e-03 1.292202060265174740e-04 1.923064823813991733e-04
2.155000000000000249e+00 1.307274743194883682e+00 5.261949477303846760e-03 1.311487584083816538e-04 1.951708291769021510e-04
2.160000000000000142e+00 1.308527740786487481e+00 5.305581885799489500e-03 1.331018329995274543e-04 1.980714980898178393e-04
2.165000000000000036e+00 1.309781638853730668e+00 5.349494759627536865e-03 1.350796940237929426e-04 2.010088788204118934e-04
2.169999999999999929e+00 1.311036425436011399e+00 5.393689826742069024e-03 1.370826084498668923e-04 2.039833655495815190e-04
2.175000000000000266e+00 1.312292088584462002e+00 5.438168358896020710e-03 1.391108452886223969e-04 2.069953553135606031e-04
2.180000000000000160e+00 1.313548616362568033e+00 5.482931724128300641e-03 1.411646563259462742e-04 2.100452192265508792e-04
2.185000000000000053e+00 1.314805996846795111e+00 5.527981198951729611e-03 1.432443151357589318e-04 2.131333611767010489e-04
2.189999999999999947e+00 1.316064218127219965e+00 5.573318235996046338e-03 1.453500973640554938e-04 2.162601878296377411e-04
2.194999999999999840e+00 1.317323268308171258e+00 5.618944067269070371e-03 1.474822610430091168e-04 2.194260795764683763e-04
2.200000000000000178e+00 1.318583135508872406e+00 5.664860060939220544e-03 1.496410866135353265e-04 2.226314502599490255e-04
2.205000000000000071e+00 1.319843807864092611e+00 5.711067940504428904e-03 1.518268561757030676e-04 2.258767160682033121e-04
2.209999999999999964e+00 1.321105273524805224e+00 5.757568666886488974e-03 1.540398546989822366e-04 2.291622974510967793e-04
2.214999999999999858e+00 1.322367520658849438e+00 5.804363562206933669e-03 1.562803491660820217e-04 2.324885878608374970e-04
2.220000000000000195e+00 1.323630537451601530e+00 5.851454306999203693e-03 1.585486082656351536e-04 2.358559835282824551e-04
2.225000000000000089e+00 1.324894312106648098e+00 5.898842314704534628e-03 1.608449440118930364e-04 2.392649449631817512e-04
2.229999999999999982e+00 1.326158832846469293e+00 5.946528903887786204e-03 1.631696507715064623e-04 2.427159062761008056e-04
2.234999999999999876e+00 1.327424087913126938e+00 5.994515396986007175e-03 1.655229831906173592e-04 2.462092424985638187e-04
2.240000000000000213e+00 1.328690065568957523e+00 6.042802754996727359e-03 1.679052609123495455e-04 2.497454255531404710e-04
2.245000000000000107e+00 1.329956754097271210e+00 6.091393472052765434e-03 1.703167638867224591e-04 2.533248677055728961e-04
2.250000000000000000e+00 1.331224141803060590e+00 6.140287784947732162e-03 1.727578169551919176e-04 2.569480486799677788e-04
2.254999999999999893e+00 1.332492217013710345e+00 6.189488056886578715e-03 1.752286833658199961e-04 2.606153557006116628e-04
2.260000000000000231e+00 1.333760968079716003e+00 6.238995019868224037e-03 1.777296927579581545e-04 2.643272754492807537e-04
2.265000000000000124e+00 1.335030383375409135e+00 6.288810717654875343e-03 1.802611127623122381e-04 2.680842018744073038e-04
2.270000000000000018e+00 1.336300451299685221e+00 6.338936067752842275e-03 1.828232999696013310e-04 2.718866613670064538e-04
2.274999999999999911e+00 1.337571160276742388e+00 6.389372527481183665e-03 1.854165486864755013e-04 2.757350875623943895e-04
2.280000000000000249e+00 1.338842498756821042e+00 6.440121731380925481e-03 1.880411323161752259e-04 2.796298828521968818e-04
2.285000000000000142e+00 1.340114455216953049e+00 6.491185049042642354e-03 1.906973936793864878e-04 2.835715532302343959e-04
2.290000000000000036e+00 1.341387018161716460e+00 6.542564208951858265e-03 1.933857016127061852e-04 2.875606427039345786e-04
2.294999999999999929e+00 1.342660176123993576e+00 6.594260216444288066e-03 1.961062683102244436e-04 2.915974627128786398e-04
2.300000000000000266e+00 1.343933917665737443e+00 6.646274753649900925e-03 1.988594673145972444e-04 2.956825645275824692e-04
2.305000000000000160e+00 1.345208231378743458e+00 6.698608832884426351e-03 2.016456756504115123e-04 2.998165045428732509e-04
2.310000000000000053e+00 1.346483105885426967e+00 6.751264941612969764e-03 2.044651344072020039e-04 3.039996367249530370e-04
2.314999999999999947e+00 1.347758529839606201e+00 6.804243279644145263e-03 2.073182260427639705e-04 3.082325256324513823e-04
2.319999999999999840e+00 1.349034491927291413e+00 6.857546337235531989e-03 2.102052420744841127e-04 3.125155998841736655e-04
2.325000000000000178e+00 1.350310980867478472e+00 6.911175083129443737e-03 2.131265709311764461e-04 3.168494329801802619e-04
2.330000000000000071e+00 1.351587985412951776e+00 6.965131285683216940e-03 2.160825089877320979e-04 3.212344609497070009e-04
2.334999999999999964e+00 1.352865494351088493e+00 7.019416631238529873e-03 2.190734026466648922e-04 3.256711938130360745e-04
2.339999999999999858e+00 1.354143496504671029e+00 7.074032128289488471e-03 2.220996011076943979e-04 3.301601468299491561e-04
2.345000000000000195e+00 1.355421980732705700e+00 7.128978825811188753e-03 2.251614560357615162e-04 3.347018378112497582e-04
2.350000000000000089e+00 1.356700935931243857e+00 7.184259084687226113e-03 2.282592730355763777e-04 3.392967162142555447e-04
2.354999999999999982e+00 1.357980351034212774e+00 7.239874679770331480e-03 2.313934581697707710e-04 3.439453810428580341e-04
2.359999999999999876e+00 1.359260215014249207e+00 7.295825942513979763e-03 2.345643721492695027e-04 3.486483642867311650e-04
2.365000000000000213e+00 1.360540516883539608e+00 7.352115232931489414e-03 2.377723274302549739e-04 3.534061249875994912e-04
2.370000000000000107e+00 1.361821245694665894e+00 7.408743650777058730e-03 2.410176388667625792e-04 3.582191262197624050e-04
2.375000000000000000e+00 1.363102390541456321e+00 7.465713601225302740e-03 2.443007754839609299e-04 3.630880608217040275e-04
2.379999999999999893e+00 1.364383940559842134e+00 7.523025365432072648e-03 2.476220577633076142e-04 3.680133997845306095e-04
2.385000000000000231e+00 1.365665884928720875e+00 7.580681447803172719e-03 2.509818079171969034e-04 3.729956167586365016e-04
2.390000000000000124e+00 1.366948212870820356e+00 7.638682759754151022e-03 2.543804540295818489e-04 3.780353435873551088e-04
2.395000000000000018e+00 1.368230913653576408e+00 7.697030448786614312e-03 2.578183231639783152e-04 3.831330610783675351e-04
2.399999999999999911e+00 1.369513976590007287e+00 7.755727593083294735e-03 2.612958502300137108e-04 3.882894103359155777e-04
2.405000000000000249e+00 1.370797391039600077e+00 7.814774574821232306e-03 2.648133675548335476e-04 3.935048798652563697e-04
2.410000000000000142e+00 1.372081146409197538e+00 7.874173750723688012e-03 2.683712631832188122e-04 3.987800414189561558e-04
2.415000000000000036e+00 1.373365232153893167e+00 7.933925500417318352e-03 2.719699276371784951e-04 4.041154700664781221e-04
2.419999999999999929e+00 1.374649637777930256e+00 7.994032277138159517e-03 2.756097003606231303e-04 4.095116644994072031e-04
2.425000000000000266e+00 1.375934352835608943e+00 8.054495039413992960e-03 2.792910867608423592e-04 4.149693710714376870e-04
2.430000000000000160e+00 1.377219366932191491e+00 8.115316330974392880e-03 2.830143227231567897e-04 4.204889341280471614e-04
2.435000000000000053e+00 1.378504669724822440e+00 8.176497118286834773e-03 2.867799750212464394e-04 4.260711909187877037e-04
2.439999999999999947e+00 1.379790250923445205e+00 8.238039175130716305e-03 2.905882839077131925e-04 4.317164926866203542e-04
2.444999999999999840e+00 1.381076100291728892e+00 8.299943553699848722e-03 2.944397686367863443e-04 4.374256052501591485e-04
2.450000000000000178e+00 1.382362207647998886e+00 8.362212663599205911e-03 2.983347287265717958e-04 4.431989681888850834e-04
2.455000000000000071e+00 1.383648562866170106e+00 8.424847556258061379e-03 3.022736341277133224e-04 4.490372739577220716e-04
2.459999999999999964e+00 1.384935155876690471e+00 8.487849966616370714e-03 3.062569598164931878e-04 4.549412225992944050e-04
2.464999999999999858e+00 1.386221976667483702e+00 8.551221666710448477e-03 3.102849547774664250e-04 4.609111778036859377e-04
2.470000000000000195e+00 1.387509015284901448e+00 8.614963711911451452e-03 3.143582150689749324e-04 4.669480199454522067e-04
2.475000000000000089e+00 1.388796261834676082e+00 8.679078508992535412e-03 3.184769936437467554e-04 4.730521183175926043e-04
2.479999999999999982e+00 1.390083706482882597e+00 8.743567161729606102e-03 3.226418363223840431e-04 4.792242782102124001e-04
2.484999999999999876e+00 1.391371339456903167e+00 8.808431394882377044e-03 3.268531176015723565e-04 4.854650498912879610e-04
2.490000000000000213e+00 1.392659151046396371e+00 8.873673664060045124e-03 3.311112732346985200e-04 4.917750744526268574e-04
2.495000000000000107e+00 1.393947131604270639e+00 8.939294258794874826e-03 3.354167426554986232e-04 4.981549986365885717e-04
2.500000000000000000e+00 1.395235271547664579e+00 9.005295721650140653e-03 3.397699076983872303e-04 5.046053829415097581e-04
2.504999999999999893e+00 1.396523561358930632e+00 9.071679059274365825e-03 3.441712735468587707e-04 5.111269723062488455e-04
2.510000000000000231e+00 1.397811991586621838e+00 9.138446817809705094e-03 3.486212895778052247e-04 5.177204276727081708e-04
2.515000000000000124e+00 1.399100552846486600e+00 9.205599916412510186e-03 3.531203466549889553e-04 5.243863232373458015e-04
2.520000000000000018e+00 1.400389235822465217e+00 9.273140267310768167e-03 3.576688992959173069e-04 5.311253275662955074e-04
2.524999999999999911e+00 1.401678031267691527e+00 9.341069424627826412e-03 3.622674054067020165e-04 5.379381137710433254e-04
2.530000000000000249e+00 1.402966930005501656e+00 9.409389382916012040e-03 3.669163264842309350e-04 5.448253618457186195e-04
2.535000000000000142e+00 1.404255922930439437e+00 9.478101791791542982e-03 3.716161274456595632e-04 5.517877549876756566e-04
2.540000000000000036e+00 1.405545001009279815e+00 9.547207659874696814e-03 3.763672762335776886e-04 5.588259815749677811e-04
2.544999999999999929e+00 1.406834155282040921e+00 9.616709527544755470e-03 3.811702448452542716e-04 5.659407364237079496e-04
2.550000000000000266e+00 1.408123376863012810e+00 9.686609221305136214e-03 3.860254438666844740e-04 5.731326212675963558e-04
2.555000000000000160e+00 1.409412656941783526e+00 9.756907656298439632e-03 3.909333508198681024e-04 5.804023395841432934e-04
2.560000000000000053e+00 1.410701986784272943e+00 9.827606660708750747e-03 3.958944467426792958e-04 5.877505981159180694e-04
2.564999999999999947e+00 1.411991357733769048e+00 9.898708056089626853e-03 4.009092812810757626e-04 5.951782064561700033e-04
2.569999999999999840e+00 1.413280761211968217e+00 9.970214291131746995e-03 4.059782780268835064e-04 6.026857869429462933e-04
2.575000000000000178e+00 1.414570188720020605e+00 1.004212647506003663e-02 4.111019282036659263e-04 6.102740609040714507e-04
2.580000000000000071e+00 1.415859631839580635e+00 1.011444633601987601e-02 4.162806604553049130e-04 6.179436584203732655e-04
2.584999999999999964e+00 1.417149082233858159e+00 1.018717560609147359e-02 4.215150390868830548e-04 6.256954101675326479e-04
2.589999999999999858e+00 1.418438531648677170e+00 1.026031610790949060e-02 4.268055662774544430e-04 6.335300540686848465e-04
2.595000000000000195e+00 1.419727971913536280e+00 1.033386957809705881e-02 4.321526804420708985e-04 6.414482342035381568e-04
2.600000000000000089e+00 1.421017394942674095e+00 1.040783783807758267e-02 4.375569577920053444e-04 6.494507986073892953e-04
2.604999999999999982e+00 1.422306792736138581e+00 1.048222270833883141e-02 4.430187741027241883e-04 6.575382970390602783e-04
2.609999999999999876e+00 1.423596157380858207e+00 1.055702592370331809e-02 4.485387817876012977e-04 6.657116911339884015e-04
2.615000000000000213e+00 1.424885481051721747e+00 1.063224859008605160e-02 4.541174324352310453e-04 6.739716440051256915e-04
2.620000000000000107e+00 1.426174756012655642e+00 1.070789378507744187e-02 4.597552481076981287e-04 6.823189223889825853e-04
2.625000000000000000e+00 1.427463974617710019e+00 1.078396207733367182e-02 4.654526856842567577e-04 6.907541966676313113e-04
2.629999999999999893e+00 1.428753129312145598e+00 1.086045645859484883e-02 4.712103452776457316e-04 6.992783510305165123e-04
2.635000000000000231e+00 1.430042212633526821e+00 1.093737749258254753e-02 4.770287610241504906e-04 7.078921696292456590e-04
2.640000000000000124e+00 1.431331217212814755e+00 1.101472826627201973e-02 4.829083989444056058e-04 7.165963360167490470e-04
2.645000000000000018e+00 1.432620135775467096e+00 1.109250915800745300e-02 4.888497994219052683e-04 7.253916447052953693e-04
2.649999999999999911e+00 1.433908961142540850e+00 1.117072271351572318e-02 4.948535794836968812e-04 7.342790037796240827e-04
2.655000000000000249e+00 1.435197686231796554e+00 1.124937138975774277e-02 5.009201428853463176e-04 7.432590049707531047e-04
2.660000000000000142e+00 1.436486304058808727e+00 1.132845565385290527e-02 5.070501867194725579e-04 7.523326724500853943e-04
2.665000000000000036e+00 1.437774807738079197e+00 1.140797859959215114e-02 5.132441202187105773e-04 7.615006072775894587e-04
2.669999999999999929e+00 1.439063190484150212e+00 1.148794132570569136e-02 5.195026513595111693e-04 7.707638523835934428e-04
2.675000000000000266e+00 1.440351445612727099e+00 1.156834565441045015e-02 5.258261944959869870e-04 7.801230120814106042e-04
2.680000000000000160e+00 1.441639566541798700e+00 1.164919413826901416e-02 5.322153162218619003e-04 7.895789205256411539e-04
2.685000000000000053e+00 1.442927546792763360e+00 1.173048787280336035e-02 5.386707385367459642e-04 7.991326398779733395e-04
2.689999999999999947e+00 1.444215379991559578e+00 1.181222922688519514e-02 5.451928089372770885e-04 8.087846777353366020e-04
2.694999999999999840e+00 1.445503059869796658e+00 1.189442021132634635e-02 5.517822578331846089e-04 8.185361086141681401e-04
2.700000000000000178e+00 1.446790580265890691e+00 1.197706173996774398e-02 5.584395143613715131e-04 8.283875608309090388e-04
2.705000000000000071e+00 1.448077935126202975e+00 1.206015708574523573e-02 5.651653187958302973e-04 8.383401242367989354e-04
2.709999999999999964e+00 1.449365118506182437e+00 1.214370671896415968e-02 5.719601843045659046e-04 8.483945516303102600e-04
2.714999999999999858e+00 1.450652124571508272e+00 1.222771372910511946e-02 5.788247050018607365e-04 8.585517152030151247e-04
2.720000000000000195e+00 1.451938947599239915e+00 1.231217930708263658e-02 5.857593998468697393e-04 8.688123761542059301e-04
2.725000000000000089e+00 1.453225581978965009e+00 1.239710528199032546e-02 5.927650295795539558e-04 8.791776538145480496e-04
2.729999999999999982e+00 1.454512022213955591e+00 1.248249410668652963e-02 5.998419614734492970e-04 8.896480834257419453e-04
2.734999999999999876e+00 1.455798262922322506e+00 1.256834761197587851e-02 6.069910451876172957e-04 9.002249170332798575e-04
2.740000000000000213e+00 1.457084298838174696e+00 1.265466752727377291e-02 6.142126538813304226e-04 9.109086997638796406e-04
2.745000000000000107e+00 1.458370124812782276e+00 1.274145586061091462e-02 6.215075658447418144e-04 9.217005745239049194e-04
2.750000000000000000e+00 1.459655735815740485e+00 1.282871498143339957e-02 6.288763234298492015e-04 9.326013378164321873e-04
2.754999999999999893e+00 1.460941126936137202e+00 1.291644599036169752e-02 6.363195514882040525e-04 9.436119078773021066e-04
2.760000000000000231e+00 1.462226293383724007e+00 1.300465152592152930e-02 6.438378810125446787e-04 9.547332095306589181e-04
2.765000000000000124e+00 1.463511230490086357e+00 1.309333260383304873e-02 6.514319453212209917e-04 9.659661724553600653e-04
2.770000000000000018e+00 1.464795933709824194e+00 1.318249249396395532e-02 6.591023839039633668e-04 9.773117368401201908e-04
2.774999999999999911e+00 1.466080398621724123e+00 1.327213301973260116e-02 6.668498396074253173e-04 9.887708460197582993e-04
2.780000000000000249e+00 1.467364620929943797e+00 1.336225528688187413e-02 6.746748745105012306e-04 1.000344322094404983e-03
2.785000000000000142e+00 1.468648596465194744e+00 1.345286184218508554e-02 6.825782241252649875e-04 1.012033248066999741e-03
2.790000000000000036e+00 1.469932321185927426e+00 1.354395378996885516e-02 6.905604582206651895e-04 1.023838457144856696e-03
2.794999999999999929e+00 1.471215791179520282e+00 1.363553503420333185e-02 6.986223224849975617e-04 1.035761047652768076e-03
2.800000000000000266e+00 1.472499002663467449e+00 1.372760604881484263e-02 7.067643944402885077e-04 1.047801863153069966e-03
2.805000000000000160e+00 1.473781951986576466e+00 1.382017001120657007e-02 7.149873410391883620e-04 1.059961882741366872e-03
2.810000000000000053e+00 1.475064635630160437e+00 1.391322739546034873e-02 7.232919231879406281e-04 1.072242226364991582e-03
2.814999999999999947e+00 1.476347050209237288e+00 1.400678147087784826e-02 7.316786410939713501e-04 1.084643623907675675e-03
2.819999999999999840e+00 1.477629192473728592e+00 1.410083397518906850e-02 7.401483521737970035e-04 1.097167335717795164e-03
2.825000000000000178e+00 1.478911059309663267e+00 1.419538682852514166e-02 7.487015644959788777e-04 1.109814105964707261e-03
2.830000000000000071e+00 1.480192647740382617e+00 1.429044329528053603e-02 7.573390564086984527e-04 1.122585076154141099e-03
2.834999999999999964e+00 1.481473954927746250e+00 1.438600222982154044e-02 7.660615226672757346e-04 1.135481268932876002e-03
2.839999999999999858e+00 1.482754978173340454e+00 1.448206988044317342e-02 7.748696611106527373e-04 1.148503705005185895e-03
2.845000000000000195e+00 1.484035714919693882e+00 1.457864509322437385e-02 7.837640849561469886e-04 1.161653283136227692e-03
2.850000000000000089e+00 1.485316162751484814e+00 1.467573132299314180e-02 7.927455917940053748e-04 1.174931176372843783e-03
2.854999999999999982e+00 1.486596319396762178e+00 1.477333021314640622e-02 8.018148014779186237e-04 1.188338290784463937e-03
2.859999999999999876e+00 1.487876182728162133e+00 1.487144522133837868e-02 8.109725243942214872e-04 1.201875818165637272e-03
2.865000000000000213e+00 1.489155750764126207e+00 1.497007654678723758e-02 8.202193871143590841e-04 1.215544674106514142e-03
2.870000000000000107e+00 1.490435021670126092e+00 1.506922764108679924e-02 8.295560212400946007e-04 1.229345784897343261e-03
2.875000000000000000e+00 1.491713993759884893e+00 1.516890015539596424e-02 8.389834393532692204e-04 1.243280641342855162e-03
2.879999999999999893e+00 1.492992665496607696e+00 1.526909609568188192e-02 8.485020922834250441e-04 1.257349898114102455e-03
2.885000000000000231e+00 1.494271035494205480e+00 1.536981728732707796e-02 8.581130063198315686e-04 1.271555065966350822e-03
2.890000000000000124e+00 1.495549102518527240e+00 1.547106700362756333e-02 8.678166385269212111e-04 1.285896810823735541e-03
2.895000000000000018e+00 1.496826865488593894e+00 1.557284707924870906e-02 8.776138333846867420e-04 1.300376371125150799e-03
2.899999999999999911e+00 1.498104323477830180e+00 1.567515915313524508e-02 8.875052461616067447e-04 1.314994707415927805e-03
2.905000000000000249e+00 1.499381475715303225e+00 1.577800541815285035e-02 8.974917320120246074e-04 1.329753074778673846e-03
2.910000000000000142e+00 1.500658321586958444e+00 1.588138752091098477e-02 9.075741526016089427e-04 1.344652739809251620e-03
2.915000000000000036e+00 1.501934860636862323e+00 1.598531018102808746e-02 9.177529803002630344e-04 1.359694388070842872e-03
2.919999999999999929e+00 1.503211092568443430e+00 1.608977251723338678e-02 9.280292833003270193e-04 1.374879592448742050e-03
2.925000000000000266e+00 1.504487017245737190e+00 1.619477906656520069e-02 9.384037411102432499e-04 1.390209346449687187e-03
2.930000000000000160e+00 1.505762634694630231e+00 1.630033039590296842e-02 9.488770348417893815e-04 1.405684646942586885e-03
2.935000000000000053e+00 1.507037945104112264e+00 1.640643103805291755e-02 9.594500528425748635e-04 1.421306799271697440e-03
2.939999999999999947e+00 1.508312948827522426e+00 1.651308029390012935e-02 9.701234849825436353e-04 1.437076812134509187e-03
2.944999999999999840e+00 1.509587646383803383e+00 1.662028107885285197e-02 9.808980244716055275e-04 1.452995698070452032e-03
2.950000000000000178e+00 1.510862038458753664e+00 1.672803829345146168e-02 9.917747803093448708e-04 1.469065090834139990e-03
2.955000000000000071e+00 1.512136125906285322e+00 1.683635105209883506e-02 1.002754457405640289e-03 1.485286022218438619e-03
2.959999999999999964e+00 1.513409909749681370e+00 1.694522389864762738e-02 1.013837765124682867e-03 1.501659528194443935e-03
2.964999999999999858e+00 1.514683391182853445e+00 1.705465739502436823e-02 1.025025623634386257e-03 1.518186960238995234e-03
2.970000000000000195e+00 1.515956571571605682e+00 1.716465463461093119e-02 1.036318539336206820e-03 1.534869052659999311e-03
2.975000000000000089e+00 1.517229452454897709e+00 1.727521762719513507e-02 1.047717864952542625e-03 1.551707801519167269e-03
2.979999999999999982e+00 1.518502035546109630e+00 1.738634964825359897e-02 1.059223904996440830e-03 1.568703641460585021e-03
2.984999999999999876e+00 1.519774322734309235e+00 1.749805126305503666e-02 1.070837812848152767e-03 1.585858268571065663e-03
2.990000000000000213e+00 1.521046316085523209e+00 1.761032682925718976e-02 1.082560540122948093e-03 1.603173078747041711e-03
2.995000000000000107e+00 1.522318017844006111e+00 1.772317853760258660e-02 1.094392395275088723e-03 1.620648515045727562e-03
3.000000000000000000e+00 1.523589430433515579e+00 1.783660677528176378e-02 1.106334770350054847e-03 1.638286626605981160e-03
3.004999999999999893e+00 1.524860556458587313e+00 1.795061481085207661e-02 1.118388416606248088e-03 1.656088513311698490e-03
3.010000000000000231e+00 1.526131398705811604e+00 1.806520592469426298e-02 1.130553867274875467e-03 1.674054948705846211e-03
3.015000000000000124e+00 1.527401960145112314e+00 1.818038194624934864e-02 1.142832319442808019e-03 1.692187694356261886e-03
3.020000000000000018e+00 1.528672243931031183e+00 1.829614614717046603e-02 1.155224759323248210e-03 1.710488196341440961e-03
3.024999999999999911e+00 1.529942253404009023e+00 1.841249910136581042e-02 1.167731509283145798e-03 1.728956915959103079e-03
3.030000000000000249e+00 1.531211992091669805e+00 1.852944407772069355e-02 1.180354011016773209e-03 1.747595978068209547e-03
3.035000000000000142e+00 1.532481463710112957e+00 1.864698434780717035e-02 1.193092817923386336e-03 1.766406184763931681e-03
3.040000000000000036e+00 1.533750672165198337e+00 1.876512030516871987e-02 1.205949163512863619e-03 1.785389351121002789e-03
3.044999999999999929e+00 1.535019621553841640e+00 1.888385684759681660e-02 1.218923608949194033e-03 1.804546290902748042e-03
3.050000000000000266e+00 1.536288316165307810e+00 1.900319563263024730e-02 1.232017172894232099e-03 1.823878498849283410e-03
3.055000000000000160e+00 1.537556760482504448e+00 1.912313865649166791e-02 1.245230882524121004e-03 1.843387482470777673e-03
3.060000000000000053e+00 1.538824959183287211e+00 1.924368776045724469e-02 1.258565306933226999e-03 1.863074068625473079e-03
3.064999999999999947e+00 1.540092917141751672e+00 1.936484784543469201e-02 1.272021714997047161e-03 1.882940120636296139e-03
3.070000000000000284e+00 1.541360639429545376e+00 1.948661911544560463e-02 1.285601154168093804e-03 1.902987179875554203e-03
3.075000000000000178e+00 1.542628131317168361e+00 1.960900520437136932e-02 1.299304207073614806e-03 1.923216085125082492e-03
3.080000000000000071e+00 1.543895398275281439e+00 1.973200758616705172e-02 1.313131929319151514e-03 1.943628391807255022e-03
3.084999999999999964e+00 1.545162445976019150e+00 1.985562972054718753e-02 1.327085385195722741e-03 1.964225657554650051e-03
3.089999999999999858e+00 1.546429280294300046e+00 1.997987506544444958e-02 1.341165405496257514e-03 1.985009096760314423e-03
3.095000000000000195e+00 1.547695907309144969e+00 2.010474400056808456e-02 1.355372826451592145e-03 2.005979931103994002e-03
3.100000000000000089e+00 1.548962333304992001e+00 2.023024124654210568e-02 1.369708971320154813e-03 2.027140104685833111e-03
3.104999999999999982e+00 1.550228564773019402e+00 2.035636719401237929e-02 1.384174445314136428e-03 2.048490500259538688e-03
3.109999999999999876e+00 1.551494608412467890e+00 2.048312675318218756e-02 1.398770586451352025e-03 2.070033080032254030e-03
3.115000000000000213e+00 1.552760471131968911e+00 2.061052174557202049e-02 1.413498008793377496e-03 2.091768737883350267e-03
3.120000000000000107e+00 1.554026160050869576e+00 2.073855382411786408e-02 1.428358065763135187e-03 2.113699461353850222e-03
3.125000000000000000e+00 1.555291682500568706e+00 2.086722681210019179e-02 1.443351626991614929e-03 2.135826522616848626e-03
3.129999999999999893e+00 1.556557046025848434e+00 2.099654199521770737e-02 1.458479315680868971e-03 2.158150827963259324e-03
3.135000000000000231e+00 1.557822258386214909e+00 2.112650464813298906e-02 1.473742758217397612e-03 2.180674767335656020e-03
3.140000000000000124e+00 1.559087327557234559e+00 2.125711496398044811e-02 1.489142589585442039e-03 2.203399264036227326e-03
3.145000000000000018e+00 1.560352261731882795e+00 2.138837622164024149e-02 1.504679950679772837e-03 2.226325989687226187e-03
3.149999999999999911e+00 1.561617069321888263e+00 2.152029045210510777e-02 1.520355990886136091e-03 2.249456634301111140e-03
3.155000000000000249e+00 1.562881758959084433e+00 2.165286379702152306e-02 1.536171354593550507e-03 2.272792128241415358e-03
3.160000000000000142e+00 1.564146339496760740e+00 2.178609540259814417e-02 1.552127459378752636e-03 2.296334554270852008e-03
3.165000000000000036e+00 1.565410820011023496e+00 2.191998835273525903e-02 1.568225476084968021e-03 2.320085633208645616e-03
3.169999999999999929e+00 1.566675209802153468e+00 2.205454756186825058e-02 1.584465802790430014e-03 2.344045929325507070e-03
3.175000000000000266e+00 1.567939518395971676e+00 2.218977340898338133e-02 1.600850140289873701e-03 2.368217950647500975e-03
3.180000000000000160e+00 1.569203755545205192e+00 2.232566917395440928e-02 1.617379419357590706e-03 2.392603052697114992e-03
3.185000000000000053e+00 1.570467931230861369e+00 2.246223993988556364e-02 1.634054573579903210e-03 2.417202597655886825e-03
3.189999999999999947e+00 1.571732055663601191e+00 2.259948574768180091e-02 1.650876806288663129e-03 2.442018354215735963e-03
3.195000000000000284e+00 1.572996139285118833e+00 2.273741166461719365e-02 1.667847062059373778e-03 2.467051697271170976e-03
3.200000000000000178e+00 1.574260192769525224e+00 2.287601936046351758e-02 1.684966558017508050e-03 2.492304415872754510e-03
3.205000000000000071e+00 1.575524227024737378e+00 2.301531101395012935e-02 1.702236520838077295e-03 2.517778304241276733e-03
3.209999999999999964e+00 1.576788253193867284e+00 2.315529118355372576e-02 1.719657641371351298e-03 2.543474365392215178e-03
3.214999999999999858e+00 1.578052282656617233e+00 2.329596024408432317e-02 1.737231702585158126e-03 2.569395222928299877e-03
3.220000000000000195e+00 1.579316327030685141e+00 2.343732456336469067e-02 1.754959133275517955e-03 2.595541489971170228e-03
3.225000000000000089e+00 1.580580398173165202e+00 2.357938469435435710e-02 1.772841460610382778e-03 2.621915410239596903e-03
3.229999999999999982e+00 1.581844508181959430e+00 2.372214374749637492e-02 1.790879946652973887e-03 2.648518830926406119e-03
3.234999999999999876e+00 1.583108669397191415e+00 2.386560499483696141e-02 1.809075306821146881e-03 2.675352791853300143e-03
3.240000000000000213e+00 1.584372894402625409e+00 2.400977207993103268e-02 1.827429094610553105e-03 2.702419577290337237e-03
3.245000000000000107e+00 1.585637196027092743e+00 2.415464810805055193e-02 1.845942315853706410e-03 2.729720651506166006e-03
3.250000000000000000e+00 1.586901587345919129e+00 2.430023364593820318e-02 1.864616261729020764e-03 2.757257911469786302e-03
3.254999999999999893e+00 1.588166081682362174e+00 2.444653504288717832e-02 1.883451949040820502e-03 2.785032833522486928e-03
3.260000000000000231e+00 1.589430692609048013e+00 2.459355377297613165e-02 1.902450684155131827e-03 2.813047340587612310e-03
3.265000000000000124e+00 1.590695433949419924e+00 2.474129203442200151e-02 1.921613496086354688e-03 2.841302930571207742e-03
3.270000000000000018e+00 1.591960319779189614e+00 2.488975455057079039e-02 1.940941705840461880e-03 2.869801541254521620e-03
3.274999999999999911e+00 1.593225364427793389e+00 2.503894316226196182e-02 1.960436643200551277e-03 2.898545119211771732e-03
3.280000000000000249e+00 1.594490582479856755e+00 2.518886277590894063e-02 1.980099357209546152e-03 2.927535198232190418e-03
3.285000000000000142e+00 1.595755988776664358e+00 2.533951377867189880e-02 1.999930899956820461e-03 2.956773309295213353e-03
3.290000000000000036e+00 1.597021598417631694e+00 2.549090089923735508e-02 2.019932916553990581e-03 2.986261874161213071e-03
3.294999999999999929e+00 1.598287426761794583e+00 2.564302904036073333e-02 2.040106475552771505e-03 3.016002451088407345e-03
3.300000000000000266e+00 1.599553489429289543e+00 2.579589715534463465e-02 2.060452946904342206e-03 3.045997045836651689e-03
3.305000000000000160e+00 1.600819802302856587e+00 2.594951267177348156e-02 2.080973411134421497e-03 3.076247234032857165e-03
3.310000000000000053e+00 1.602086381529337800e+00 2.610387635674305679e-02 2.101668952825384677e-03 3.106754600573429295e-03
3.314999999999999947e+00 1.603353243521186133e+00 2.625899165815427302e-02 2.122541264324518361e-03 3.137521633265890567e-03
3.320000000000000284e+00 1.604620404957985969e+00 2.641486276427487331e-02 2.143591750543335193e-03 3.168550385260932543e-03
3.325000000000000178e+00 1.605887882787973897e+00 2.657149368732636061e-02 2.164820911600056751e-03 3.199841577120942325e-03
3.330000000000000071e+00 1.607155694229572163e+00 2.672888409068556459e-02 2.186231077718677699e-03 3.231398635278102168e-03
3.334999999999999964e+00 1.608423856772927873e+00 2.688704123541016400e-02 2.207822760064933210e-03 3.263222296401821574e-03
3.339999999999999858e+00 1.609692388181460876e+00 2.704596622890219695e-02 2.229597389177483038e-03 3.295314650417125683e-03
3.345000000000000195e+00 1.610961306493419842e+00 2.720566416495437054e-02 2.251556718038055706e-03 3.327678270830539131e-03
3.350000000000000089e+00 1.612230630023444355e+00 2.736613652648983014e-02 2.273701889282407629e-03 3.360314829805805328e-03
3.354999999999999982e+00 1.613500377364142535e+00 2.752738875341023336e-02 2.296034050345300160e-03 3.393226000908815179e-03
3.359999999999999876e+00 1.614770567387667999e+00 2.768942088484499173e-02 2.318554669653432980e-03 3.426413934569261504e-03
3.365000000000000213e+00 1.616041219247312144e+00 2.785224198127970660e-02 2.341265540598149938e-03 3.459881261851638183e-03
3.370000000000000107e+00 1.617312352379102647e+00 2.801584991070353928e-02 2.364167199073991584e-03 3.493628753491529512e-03
3.375000000000000000e+00 1.618583986503417060e+00 2.818025084906385438e-02 2.387261776032066629e-03 3.527659536794000572e-03
3.379999999999999893e+00 1.619856141626595081e+00 2.834544770774089298e-02 2.410550134580968784e-03 3.561974870702966627e-03
3.385000000000000231e+00 1.621128838042573905e+00 2.851144124498200538e-02 2.434034107925231102e-03 3.596577442294170146e-03
3.390000000000000124e+00 1.622402096334521149e+00 2.867824053180827865e-02 2.457714895640426139e-03 3.631469003790372980e-03
3.395000000000000018e+00 1.623675937376488410e+00 2.884584886275147128e-02 2.481594029714691806e-03 3.666651798977373349e-03
3.399999999999999911e+00 1.624950382335069499e+00 2.901426407429024898e-02 2.505672722904249503e-03 3.702127595851043788e-03
3.405000000000000249e+00 1.626225452671069327e+00 2.918349489574047217e-02 2.529952849405635480e-03 3.737899149471847916e-03
3.410000000000000142e+00 1.627501170141188780e+00 2.935354171503233925e-02 2.554435311428547746e-03 3.773967765168281634e-03
3.415000000000000036e+00 1.628777556799715365e+00 2.952441106108170954e-02 2.579122005631231257e-03 3.810336230085332836e-03
3.419999999999999929e+00 1.630054635000228513e+00 2.969610333705244992e-02 2.604014173742328665e-03 3.847006351252408706e-03
3.425000000000000266e+00 1.631332427397314877e+00 2.986862471646951900e-02 2.629113404875688727e-03 3.883980466588300533e-03
3.430000000000000160e+00 1.632610956948298497e+00 3.004198101683483099e-02 2.654420953080541355e-03 3.921260392233623382e-03
3.435000000000000053e+00 1.633890246914980304e+00 3.021617045988093594e-02 2.679938762414567441e-03 3.958848995248839993e-03
3.439999999999999947e+00 1.635170320865392934e+00 3.039120175225756143e-02 2.705668108250923899e-03 3.996748129323744909e-03
3.445000000000000284e+00 1.636451202675564431e+00 3.056707566331957893e-02 2.731610271727837047e-03 4.034959662483691457e-03
3.450000000000000178e+00 1.637732916531301264e+00 3.074379510251455672e-02 2.757767228592514219e-03 4.073486502530031771e-03
3.455000000000000071e+00 1.639015486929979559e+00 3.092136914119397034e-02 2.784140275916081268e-03 4.112330533736326815e-03
3.459999999999999964e+00 1.640298938682350771e+00 3.109979564787175924e-02 2.810731068763971420e-03 4.151494189084883532e-03
3.464999999999999858e+00 1.641583296914366441e+00 3.127908369330665433e-02 2.837541270441015350e-03 4.190979902779815372e-03
3.470000000000000195e+00 1.642868587069010289e+00 3.145923330527447548e-02 2.864572201783011432e-03 4.230789593428486463e-03
3.475000000000000089e+00 1.644154834908149621e+00 3.164024849869976480e-02 2.891825546431113243e-03 4.270925735864364303e-03
3.479999999999999982e+00 1.645442066514400281e+00 3.182213762308797739e-02 2.919302995072687364e-03 4.311390806901918560e-03
3.484999999999999876e+00 1.646730308293007594e+00 3.200489854580056137e-02 2.947006251426294993e-03 4.352187295768010326e-03
3.490000000000000213e+00 1.648019586973742623e+00 3.218854069134390039e-02 2.974936672589910489e-03 4.393317189322798640e-03
3.495000000000000107e+00 1.649309929612814640e+00 3.237306699578483549e-02 3.003095980056754832e-03 4.434783002221204425e-03
3.500000000000000000e+00 1.650601363594798476e+00 3.255847784264370021e-02 3.031485906608382547e-03 4.476587278581270653e-03
3.504999999999999893e+00 1.651893916634581849e+00 3.274459679260309508e-02 3.060083964649602719e-03 4.518686349851651178e-03
3.510000000000000231e+00 1.653187616779326907e+00 3.293161069677736502e-02 3.088915668201555522e-03 4.561128073028644127e-03
3.515000000000000124e+00 1.654482492410449757e+00 3.311952355538409776e-02 3.117982411489298410e-03 4.603914475055271779e-03
3.520000000000000018e+00 1.655778572245619973e+00 3.330833465493513584e-02 3.147286333702453264e-03 4.647048694010765500e-03
3.524999999999999911e+00 1.657075885340773880e+00 3.349805379794826982e-02 3.176828847426938114e-03 4.690532790747785688e-03
3.530000000000000249e+00 1.658374461092151142e+00 3.368868425411893075e-02 3.206611376166274181e-03 4.734368835358178547e-03
3.535000000000000142e+00 1.659674329238346902e+00 3.388022893359203536e-02 3.236635340733505072e-03 4.778558894955868552e-03
3.540000000000000036e+00 1.660975519862385452e+00 3.407269148951657528e-02 3.266903675207817864e-03 4.823107291975859377e-03
3.544999999999999929e+00 1.662278063393811456e+00 3.426607771495968763e-02 3.297417079738670931e-03 4.868015020002858587e-03
3.550000000000000266e+00 1.663581990610803807e+00 3.446038836855016413e-02 3.328177762945670488e-03 4.913285325755136282e-03
3.555000000000000160e+00 1.664887332642308815e+00 3.465563539854074615e-02 3.359187949806555912e-03 4.958921458558292715e-03
3.560000000000000053e+00 1.666194120970192039e+00 3.485181593690611646e-02 3.390448358200010351e-03 5.004924458463903131e-03
3.564999999999999947e+00 1.667502387431416100e+00 3.504893941877366970e-02 3.421962000536430022e-03 5.051298741884330951e-03
3.570000000000000284e+00 1.668812164220237593e+00 3.524700621754725538e-02 3.453729606983874621e-03 5.098045364967833566e-03
3.575000000000000178e+00 1.670123483890425531e+00 3.544602503957207384e-02 3.485753449047102742e-03 5.145167647147108440e-03
3.580000000000000071e+00 1.671436379357503110e+00 3.564599663587064704e-02 3.518035041164760922e-03 5.192667802904000866e-03
3.584999999999999964e+00 1.672750883901015451e+00 3.584692680948489696e-02 3.550577461573917615e-03 5.240550362252684516e-03
3.589999999999999858e+00 1.674067031166816655e+00 3.604882209644469371e-02 3.583381471539591728e-03 5.288816403272547303e-03
3.595000000000000195e+00 1.675384855169382847e+00 3.625168542304611774e-02 3.616448611803426035e-03 5.337468169328992394e-03
3.600000000000000089e+00 1.676704390294149860e+00 3.645552041286830719e-02 3.649782008944750609e-03 5.386510271415800161e-03
3.604999999999999982e+00 1.678025671299876453e+00 3.666033578828582079e-02 3.683382440048945435e-03 5.435943818601173330e-03
3.609999999999999876e+00 1.679348733321033071e+00 3.686613227942157206e-02 3.717253069329175871e-03 5.485773451406297969e-03
3.615000000000000213e+00 1.680673611870211692e+00 3.707291570990430690e-02 3.751394688228831906e-03 5.536000318258358158e-03
3.620000000000000107e+00 1.682000342840573426e+00 3.728068935263593314e-02 3.785809690205179691e-03 5.586627914752393884e-03
3.625000000000000000e+00 1.683328962508309878e+00 3.748946227601395592e-02 3.820499681439720827e-03 5.637658588957245205e-03
3.629999999999999893e+00 1.684659507535143819e+00 3.769923775846955455e-02 3.855467898995059827e-03 5.689097106763648000e-03
3.635000000000000231e+00 1.685992014970846498e+00 3.791001908737763604e-02 3.890714345610550573e-03 5.740943416993977630e-03
3.640000000000000124e+00 1.687326522255794936e+00 3.812181206149509866e-02 3.926243105094521027e-03 5.793203549607913241e-03
3.645000000000000018e+00 1.688663067223552527e+00 3.833462322894342494e-02 3.962055013208961619e-03 5.845878689240189760e-03
3.649999999999999911e+00 1.690001688103477839e+00 3.854845297412823335e-02 3.998152553859718114e-03 5.898972484298235786e-03
3.655000000000000249e+00 1.691342423523365834e+00 3.876331288755600901e-02 4.034537398606261212e-03 5.952487377350348247e-03
3.660000000000000142e+00 1.692685312512123508e+00 3.897920372684872403e-02 4.071212059824062639e-03 6.006427036902690052e-03
3.665000000000000036e+00 1.694030394502469727e+00 3.919613383257612715e-02 4.108178233359661979e-03 6.060793942838578127e-03
3.669999999999999929e+00 1.695377709333675487e+00 3.941410395629213470e-02 4.145438462347435064e-03 6.115591828573994221e-03
3.675000000000000266e+00 1.696727297254325917e+00 3.963312316275627994e-02 4.182994465313216552e-03 6.170823197649331557e-03
3.680000000000000160e+00 1.698079198925130706e+00 3.985319473530239687e-02 4.220848814746730286e-03 6.226491813820525523e-03
3.685000000000000053e+00 1.699433455421752726e+00 4.007432448981444045e-02 4.259003254060073247e-03 6.282600229356218209e-03
3.689999999999999947e+00 1.700790108237682396e+00 4.029651860217272480e-02 4.297460386413408558e-03 6.339152263105065320e-03
3.695000000000000284e+00 1.702149199287140036e+00 4.051978324412836702e-02 4.336221979347461113e-03 6.396150482111023598e-03
3.700000000000000178e+00 1.703510770908022831e+00 4.074412133369819528e-02 4.375290665369287874e-03 6.453598756978707641e-03
3.705000000000000071e+00 1.704874865864877798e+00 4.096953940844694914e-02 4.414668235533227535e-03 6.511499688449480169e-03
3.709999999999999964e+00 1.706241527351919807e+00 4.119604329519715308e-02 4.454357359425039145e-03 6.569857197817591428e-03
3.714999999999999858e+00 1.707610798996081591e+00 4.142363915098232208e-02 4.494359846742088625e-03 6.628673927434752117e-03
3.720000000000000195e+00 1.708982724860113711e+00 4.165233027813459998e-02 4.534679280641122114e-03 6.687955150469491669e-03
3.725000000000000089e+00 1.710357349445704500e+00 4.188212536797130542e-02 4.575316624835921997e-03 6.747702240117206020e-03
3.729999999999999982e+00 1.711734717696661745e+00 4.211303060584552921e-02 4.616273718290008800e-03 6.807917879423731021e-03
3.734999999999999876e+00 1.713114875002117454e+00 4.234504602392139688e-02 4.657554201477251930e-03 6.868607430522383900e-03
3.740000000000000213e+00 1.714497867199787251e+00 4.257818393627054582e-02 4.699160850890662586e-03 6.929774958810987727e-03
3.745000000000000107e+00 1.715883740579261962e+00 4.281245017001367170e-02 4.741094660200154479e-03 6.991421896482930692e-03
3.750000000000000000e+00 1.717272541885350057e+00 4.304784511101594768e-02 4.783358428475529937e-03 7.053552344032234384e-03
3.754999999999999893e+00 1.718664318321458495e+00 4.328437746478136505e-02 4.825954976950370783e-03 7.116170444831656540e-03
3.760000000000000231e+00 1.720059117553022654e+00 4.352205666806756995e-02 4.868886234519495190e-03 7.179279019103331112e-03
3.765000000000000124e+00 1.721456987710977105e+00 4.376088202864962529e-02 4.912155054225223784e-03 7.242882232409952360e-03
3.770000000000000018e+00 1.722857977395276574e+00 4.400086624077703679e-02 4.955763391827643430e-03 7.306982967735811685e-03
3.774999999999999911e+00 1.724262135678464647e+00 4.424201221574481507e-02 4.999715061508510153e-03 7.371586806319067355e-03
3.780000000000000249e+00 1.725669512109285098e+00 4.448432541155563497e-02 5.044011122259979205e-03 7.436695284195164908e-03
3.785000000000000142e+00 1.727080156716347847e+00 4.472781563030645696e-02 5.088655435600355353e-03 7.502314080869237900e-03
3.790000000000000036e+00 1.728494120011841551e+00 4.497248542796201953e-02 5.133649076148310425e-03 7.568444753384325971e-03
3.794999999999999929e+00 1.729911452995299248e+00 4.521834099086428915e-02 5.178995944886648564e-03 7.635093022491813881e-03
3.800000000000000266e+00 1.731332207157411762e+00 4.546539391985498363e-02 5.224698086145227946e-03 7.702261878210923431e-03
3.805000000000000160e+00 1.732756434483898600e+00 4.571364496899481267e-02 5.270758505591699970e-03 7.769955736163987672e-03
3.810000000000000053e+00 1.734184187459427706e+00 4.596310212985614541e-02 5.317178314129375818e-03 7.838176196662596448e-03
3.814999999999999947e+00 1.735615519071593615e+00 4.621377519421371316e-02 5.363962461365107473e-03 7.906930547771875983e-03
3.820000000000000284e+00 1.737050482814948671e+00 4.646566637419318607e-02 5.411113053992953718e-03 7.976221865928523683e-03
3.825000000000000178e+00 1.738489132695088868e+00 4.671878508813881448e-02 5.458631244577382031e-03 8.046051809458703435e-03
3.830000000000000071e+00 1.739931523232801869e+00 4.697314043642977777e-02 5.506522063652996742e-03 8.116427804086808265e-03
3.834999999999999964e+00 1.741377709468272084e+00 4.722873206733871343e-02 5.554786689513559889e-03 8.187351538523386305e-03
3.839999999999999858e+00 1.742827746965340152e+00 4.748557449005524206e-02 5.603428258720300967e-03 8.258827611516682612e-03
3.845000000000000195e+00 1.744281691815829705e+00 4.774366846999723857e-02 5.652449927945550623e-03 8.330860680472134197e-03
3.850000000000000089e+00 1.745739600643932299e+00 4.800302524085080930e-02 5.701853890715585273e-03 8.403453918249495502e-03
3.854999999999999982e+00 1.747201530610656750e+00 4.826365098809724113e-02 5.751644335309260593e-03 8.476613500738068227e-03
3.859999999999999876e+00 1.748667539418339745e+00 4.852555152187217058e-02 5.801822498171295764e-03 8.550341231070438322e-03
3.865000000000000213e+00 1.750137685315223512e+00 4.878873631224274476e-02 5.852392613853511956e-03 8.624643304238132496e-03
3.870000000000000107e+00 1.751612027100100555e+00 4.905321259012497548e-02 5.903356944744873706e-03 8.699523054024341229e-03
3.875000000000000000e+00 1.753090624127023878e+00 4.931898186579276866e-02 5.954718771399601651e-03 8.774985298194331110e-03
3.879999999999999893e+00 1.754573536310083837e+00 4.958605862409562470e-02 6.006481404168514775e-03 8.851034877305598639e-03
3.885000000000000231e+00 1.756060824128258258e+00 4.985444798078490086e-02 6.058647153621721584e-03 8.927675181202677362e-03
3.890000000000000124e+00 1.757552548630337386e+00 5.012415646526593299e-02 6.111219365830261249e-03 9.004911125758300466e-03
3.895000000000000018e+00 1.759048771439909009e+00 5.039519497544726889e-02 6.164201410324946125e-03 9.082747659422622799e-03
3.899999999999999911e+00 1.760549554760425739e+00 5.066756499236953204e-02 6.217595652466536768e-03 9.161188232518539809e-03
3.905000000000000249e+00 1.762054961380348228e+00 5.094127955859426016e-02 6.271406537800430260e-03 9.240239386156732376e-03
3.910000000000000142e+00 1.763565054678360111e+00 5.121634596322235250e-02 6.325636474444748178e-03 9.319904658236155201e-03
3.915000000000000036e+00 1.765079898628665322e+00 5.149277147261131088e-02 6.380287877229958923e-03 9.400187571252847929e-03
3.919999999999999929e+00 1.766599557806353804e+00 5.177056047338211148e-02 6.435365270787514122e-03 9.481094781832779747e-03
3.925000000000000266e+00 1.768124097392861804e+00 5.204972600761271356e-02 6.490871117081639143e-03 9.562629898069555795e-03
3.930000000000000160e+00 1.769653583181507006e+00 5.233027463102492977e-02 6.546810003047452177e-03 9.644799681779335151e-03
3.935000000000000053e+00 1.771188081583099816e+00 5.261221579200205806e-02 6.603183365679659612e-03 9.727606190353768958e-03
3.939999999999999947e+00 1.772727659631656794e+00 5.289555385532386522e-02 6.659995844360023891e-03 9.811056269256030957e-03
3.945000000000000284e+00 1.774272384990179141e+00 5.318030116427701487e-02 6.717249971897351450e-03 9.895153634403157025e-03
3.950000000000000178e+00 1.775822325956536885e+00 5.346646356040100218e-02 6.774949372832014989e-03 9.979903602207584185e-03
3.955000000000000071e+00 1.777377551469432548e+00 5.375404976019466236e-02 6.833098780451764102e-03 1.006531314176404776e-02
3.959999999999999964e+00 1.778938131114458976e+00 5.404307134047329347e-02 6.891699706739629755e-03 1.015138444237195792e-02
3.965000000000000302e+00 1.780504135130244192e+00 5.433353346498134839e-02 6.950756936593122277e-03 1.023812456330428639e-02
3.970000000000000195e+00 1.782075634414699072e+00 5.462544552912031171e-02 7.010274203804948111e-03 1.032553898014359518e-02
3.975000000000000089e+00 1.783652700531359159e+00 5.491881846211599943e-02 7.070254166724789999e-03 1.041363158464236535e-02
3.979999999999999982e+00 1.785235405715812629e+00 5.521365805755943518e-02 7.130700598711538912e-03 1.050240794657946591e-02
3.984999999999999876e+00 1.786823822882243729e+00 5.550997596495505643e-02 7.191617301583559316e-03 1.059187362434560985e-02
3.990000000000000213e+00 1.788418025630066133e+00 5.580778161501319390e-02 7.253008109324523417e-03 1.068203427016785508e-02
3.995000000000000107e+00 1.790018088250662442e+00 5.610708226828307887e-02 7.314876882479053044e-03 1.077289557155873372e-02
4.000000000000000000e+00 1.791624085734228267e+00 5.640788451323250352e-02 7.377227506730785894e-03 1.086446322152044737e-02
