% raindrop T-matrix calculations using the code of Leinonen, J., "Python code for T-matrix scattering calculations". Available at https://github.com/jleinonen/pytmatrix/. 
% 
% refractive index calculations after Ray, P., 1972:  Broadband Complex Refractive Indices of Ice and Water, Appl. Opt. 11, 1836-1844 
% 
% raindrop aspect ratio estimated with the methodology of Brandes, Edward & Zhang, Guifu & Vivekanandan, Jothiram. (2005). Corrigendum. Journal of Applied Meteorology. 44. 186-. 10.1175/1520-0450(2005)44<186:C>2.0.CO;2. 
% 
% wave length: 22.043563 mm 
% temperature: 278.15 K 
% refractive index: 6.649312496185302734e+00 + 2.936671495437622070e+00 i 
% 
%r_eqv[mm]               axial ratio              ext[mm2]                 sca[mm2]                 back[mm2]
5.000000000000000104e-03 9.999900000999989436e-01 1.785478198869353958e-08 8.003523692996689567e-16 1.200522094953819342e-15
1.000000000000000021e-02 9.999900000999989436e-01 1.428679420119036259e-07 5.122290800514417645e-14 7.683269686809872025e-14
1.499999999999999944e-02 9.999900000999989436e-01 4.823464680691236328e-07 5.834676670193769068e-13 8.751587696682063005e-13
2.000000000000000042e-02 9.999900000999989436e-01 1.143895010696948314e-06 3.278357359601629684e-12 4.917109020765535701e-12
2.500000000000000139e-02 9.999900000999989436e-01 2.235566248742251367e-06 1.250620084769186544e-11 1.875675551816572269e-11
2.999999999999999889e-02 9.999900000999989436e-01 3.866010618985494987e-06 3.734426254674552625e-11 5.600544634973747894e-11
3.500000000000000333e-02 9.999900000999989436e-01 6.144629196127334496e-06 9.417110530270714031e-11 1.412190815112038586e-10
4.000000000000000083e-02 9.999900000999989436e-01 9.181725099218170487e-06 2.098381482328241615e-10 3.146478599431599992e-10
4.499999999999999833e-02 9.999900000999989436e-01 1.308865928552006653e-05 4.254187992900852625e-10 6.378475918465658860e-10
5.000000000000000278e-02 9.999900000999989436e-01 1.797800031545297548e-05 8.005356656008729222e-10 1.200151622679108153e-09
5.500000000000000028e-02 9.999900000999989436e-01 2.396368894200042067e-05 1.418266805969234241e-09 2.126002844384602085e-09
5.999999999999999778e-02 9.999900000999989436e-01 3.116118774786631442e-05 2.390630216630683874e-09 3.583142347541943908e-09
6.500000000000000222e-02 9.999900000999989436e-01 3.968764035857903023e-05 3.864650059619205902e-09 5.791657481766139980e-09
7.000000000000000666e-02 9.999900000999989436e-01 4.966203707835921557e-05 6.029001717965101753e-09 9.033882194422905648e-09
7.499999999999999722e-02 9.999900000999989436e-01 6.120537494846156894e-05 9.121240620521070537e-09 1.366515403768315387e-08
8.000000000000000167e-02 9.999900000999989436e-01 7.444082231035144281e-05 1.343561174952235927e-08 2.012541993620431210e-08
8.500000000000000611e-02 9.999900000999989436e-01 8.949387287914794111e-05 1.933144493950306305e-08 2.895169483162181657e-08
8.999999999999999667e-02 9.999900000999989436e-01 1.064925242336006039e-04 2.724212666717585769e-08 4.079135545349639924e-08
9.500000000000000111e-02 9.999900000999989436e-01 1.255674626815270016e-04 3.768468400420712147e-08 5.641631861506065547e-08
1.000000000000000056e-01 9.999900000999989436e-01 1.468521807948690078e-04 5.126990759007417560e-08 7.673799011796666117e-08
1.049999999999999961e-01 9.999900000999989436e-01 1.704832100870962662e-04 6.871311402952049238e-08 1.028231300530081841e-07
1.100000000000000006e-01 9.999900000999989436e-01 1.966002800977271385e-04 9.084548140696742348e-08 1.359105305124894705e-07
1.150000000000000050e-01 9.999900000999989436e-01 2.253464702969797389e-04 1.186259390444512270e-07 1.774284718588487196e-07
1.199999999999999956e-01 9.999900000999989436e-01 2.568684233681034815e-04 1.531537158801619887e-07 2.290131093867044340e-07
1.250000000000000000e-01 9.999900000999989436e-01 2.913164564781434932e-04 1.956814332159328117e-07 2.925276123925462552e-07
1.300000000000000044e-01 9.999900000999989436e-01 3.288449242248208727e-04 2.476288600457669852e-07 3.700822283928938748e-07
1.350000000000000089e-01 9.999900000999989436e-01 3.696121291985599564e-04 3.105970554512112212e-07 4.640548518925789121e-07
1.400000000000000133e-01 9.999900000999989436e-01 4.137808158756578719e-04 3.863834989564458139e-07 5.771129932390244014e-07
1.449999999999999900e-01 9.999900000999989436e-01 4.615180990682547476e-04 4.769974440442930358e-07 7.122359933729793649e-07
1.499999999999999944e-01 9.999900000999989436e-01 5.129958164334203581e-04 5.846761536427020112e-07 8.727384663759901026e-07
1.549999999999999989e-01 9.999900000999989436e-01 5.683907686885273248e-04 7.119014776953932707e-07 1.062294152722970511e-06
1.600000000000000033e-01 9.999900000999989436e-01 6.278846774120818265e-04 8.614172228603383805e-07 1.284960849111449362e-06
1.650000000000000078e-01 9.999900000999989436e-01 6.916646828601531174e-04 1.036247088282343666e-06 1.545206071739481514e-06
1.700000000000000122e-01 9.999900000999989436e-01 7.599233965461676694e-04 1.239713312258497063e-06 1.847933660455366017e-06
1.750000000000000167e-01 9.999900000999989436e-01 8.328590895940110594e-04 1.475455874619047591e-06 2.198511076429006249e-06
1.799999999999999933e-01 9.999900000999989436e-01 9.106760903791177300e-04 1.747452031785477107e-06 2.602797068666120942e-06
1.849999999999999978e-01 9.999900000999989436e-01 9.935846464085270127e-04 2.060036784024801333e-06 3.067170575256262330e-06
1.900000000000000022e-01 1.000338260324268314e+00 1.082044974330778923e-03 2.418547648812499685e-06 3.599497385889072623e-06
1.950000000000000067e-01 1.000344839311130496e+00 1.175817922684007331e-03 2.826971763320342306e-06 4.205593226508423702e-06
2.000000000000000111e-01 1.000357515291503407e+00 1.275359458617204107e-03 3.291384419664606897e-06 4.894386997271169386e-06
2.050000000000000155e-01 1.000376259251188893e+00 1.380907922115462991e-03 3.817778245232900038e-06 5.674657145189825946e-06
2.099999999999999922e-01 1.000401042453005207e+00 1.492709294406006568e-03 4.412618047957724734e-06 6.555862421024647960e-06
2.149999999999999967e-01 1.000431836433301802e+00 1.611016989542530435e-03 5.082862164221953591e-06 7.548171030570069422e-06
2.200000000000000011e-01 1.000468612998516083e+00 1.736092207520194665e-03 5.835993554953828367e-06 8.662504116188417152e-06
2.250000000000000056e-01 1.000511344221778787e+00 1.868204691079990588e-03 6.680040229639429960e-06 9.910563122784630635e-06
2.300000000000000100e-01 1.000560002439564444e+00 2.007632095050410764e-03 7.623603440369412176e-06 1.130486846856014917e-05
2.350000000000000144e-01 1.000614560248383578e+00 2.154661290061825243e-03 8.675886025595004052e-06 1.285879826717246797e-05
2.399999999999999911e-01 1.000674990501522643e+00 2.309587637968630713e-03 9.846719338207530429e-06 1.458662459383142211e-05
2.449999999999999956e-01 1.000741266305821942e+00 2.472715883131017863e-03 1.114659309572647663e-05 1.650355393453963688e-05
2.500000000000000000e-01 1.000813361018499714e+00 2.644360286056434296e-03 1.258668359822270712e-05 1.862576491048594917e-05
2.550000000000000044e-01 1.000891248244015541e+00 2.824844942229076412e-03 1.417888189921099885e-05 2.097044553239662445e-05
2.600000000000000089e-01 1.000974901830975039e+00 3.014503910936325044e-03 1.593583266343371599e-05 2.355584627018866153e-05
2.650000000000000133e-01 1.001064295869075416e+00 3.213681879269686490e-03 1.787095648077214187e-05 2.640130796404873282e-05
2.700000000000000178e-01 1.001159404686088994e+00 3.422733541848921920e-03 1.999848452110738949e-05 2.952730795538791942e-05
2.750000000000000222e-01 1.001260202844886926e+00 3.642025153889216164e-03 2.233349782767899387e-05 3.295551277964843306e-05
2.800000000000000266e-01 1.001366665140501100e+00 3.871934192604062092e-03 2.489194926274237847e-05 3.670880453041655903e-05
2.850000000000000311e-01 1.001478766597222014e+00 4.112849503268253479e-03 2.769070965559966273e-05 4.081134306125895183e-05
2.899999999999999800e-01 1.001596482465736404e+00 4.365172040444367969e-03 3.074760471131296089e-05 4.528861392801812065e-05
2.949999999999999845e-01 1.001719788220298835e+00 4.629314662757793783e-03 3.408143217304507999e-05 5.016744684509711374e-05
2.999999999999999889e-01 1.001848659555939935e+00 4.905703399434086474e-03 3.771202181349796916e-05 5.547609702019977147e-05
3.049999999999999933e-01 1.001983072385710605e+00 5.194776481837019844e-03 4.166025934064341999e-05 6.124427278326223122e-05
3.099999999999999978e-01 1.002123002837959964e+00 5.496986131770082405e-03 4.594813521026525364e-05 6.750319974640883313e-05
3.150000000000000022e-01 1.002268427253648841e+00 5.812798079985398610e-03 5.059877332719832458e-05 7.428565434128278828e-05
3.200000000000000067e-01 1.002419322183694117e+00 6.142690689247052790e-03 5.563647017476084695e-05 8.162601299554118775e-05
3.250000000000000111e-01 1.002575664386349930e+00 6.487158781529774737e-03 6.108676132739921272e-05 8.956034109820568687e-05
3.300000000000000155e-01 1.002737430824617970e+00 6.846710747245338298e-03 6.697640373800169350e-05 9.812635630610463153e-05
3.350000000000000200e-01 1.002904598663692415e+00 7.221869897740092886e-03 7.333351416733968349e-05 1.073636237093735722e-04
3.400000000000000244e-01 1.003077145268434833e+00 7.613175515055981175e-03 8.018752379696836069e-05 1.173134771281625881e-04
3.450000000000000289e-01 1.003255048200880628e+00 8.021182228788037091e-03 8.756926388683194300e-05 1.280191345048037473e-04
3.500000000000000333e-01 1.003438285217776782e+00 8.446462211564769243e-03 9.551099548561586795e-05 1.395257304688513576e-04
3.549999999999999822e-01 1.003626834268148693e+00 8.889603010237809994e-03 1.040464715244588821e-04 1.518803952055618688e-04
3.599999999999999867e-01 1.003820673490896542e+00 9.351209727524661258e-03 1.132109868813254479e-04 1.651323154610892345e-04
3.649999999999999911e-01 1.004019781212422524e+00 9.831904828109283220e-03 1.230414266571990217e-04 1.793327926446041244e-04
3.699999999999999956e-01 1.004224135944284502e+00 1.033232938215607015e-02 1.335762585675920029e-04 1.945352188101233881e-04
3.750000000000000000e-01 1.004433716380879638e+00 1.085314206478957440e-02 1.448556556610878360e-04 2.107952401307916924e-04
3.800000000000000044e-01 1.004648501397155336e+00 1.139502098738880143e-02 1.569215751179687624e-04 2.281708622538653733e-04
3.850000000000000089e-01 1.004868470046347273e+00 1.195866397357246702e-02 1.698176616711921519e-04 2.467222886252333600e-04
3.900000000000000133e-01 1.005093601557745631e+00 1.254478745906675505e-02 1.835894950169527555e-04 2.665122721823111936e-04
3.950000000000000178e-01 1.005323875334485528e+00 1.315412948639378340e-02 1.982844648575060999e-04 2.876059111968010855e-04
4.000000000000000222e-01 1.005559270951367434e+00 1.378744675644487210e-02 2.139519636590603302e-04 3.100709191462489847e-04
4.050000000000000266e-01 1.005799768152698448e+00 1.444552085246935715e-02 2.306433493522757803e-04 3.339775490007370739e-04
4.100000000000000311e-01 1.006045346850164002e+00 1.512915126513090028e-02 2.484121040332479377e-04 3.593988132814315969e-04
4.150000000000000355e-01 1.006295987120720881e+00 1.583916113991252345e-02 2.673137308959099641e-04 3.864103056696072559e-04
4.199999999999999845e-01 1.006551669204517108e+00 1.657639900600027180e-02 2.874059768591364044e-04 4.150905144708510238e-04
4.249999999999999889e-01 1.006812373502834479e+00 1.734173207354371138e-02 3.087488715725231572e-04 4.455208609007574511e-04
4.299999999999999933e-01 1.007078080576055967e+00 1.813605505332734416e-02 3.314046719455431391e-04 4.777855898966892694e-04
4.349999999999999978e-01 1.007348771141657329e+00 1.896028594337037868e-02 3.554380402002410523e-04 5.119720163957520217e-04
4.400000000000000022e-01 1.007624426072219359e+00 1.981536691451313281e-02 3.809159789918641461e-04 5.481704056902113016e-04
4.450000000000000067e-01 1.007905026393466796e+00 2.070226760756031792e-02 4.079081662771337296e-04 5.864744427120422874e-04
4.500000000000000111e-01 1.008190553282325652e+00 2.162198063156085120e-02 4.364866845275794036e-04 6.269808101646800981e-04
4.550000000000000155e-01 1.008480988065006079e+00 2.257552813463131747e-02 4.667263663991750959e-04 6.697896732687806318e-04
4.600000000000000200e-01 1.008776312215104998e+00 2.356396025230609800e-02 4.987045684079994753e-04 7.150043236354310496e-04
4.650000000000000244e-01 1.009076507351731156e+00 2.458835174496184356e-02 5.325016959468484388e-04 7.627319199068573934e-04
4.700000000000000289e-01 1.009381555237651273e+00 2.564980782099633705e-02 5.682006596047093272e-04 8.130826715652346480e-04
4.750000000000000333e-01 1.009691437777457068e+00 2.674946333843798360e-02 6.058876592015456121e-04 8.661709521897955266e-04
4.799999999999999822e-01 1.010006137015752481e+00 2.788848194003647890e-02 6.456515255960584452e-04 9.221143184291071123e-04
4.849999999999999867e-01 1.010325635135361333e+00 2.906805948672228426e-02 6.875843736735513930e-04 9.810344371335441918e-04
4.899999999999999911e-01 1.010649914455556075e+00 3.028941985831295688e-02 7.317815330720569070e-04 1.043056946162331314e-03
4.949999999999999956e-01 1.010978957430304748e+00 3.155382154832943320e-02 7.783412397136255708e-04 1.108310985320098020e-03
5.000000000000000000e-01 1.011312746646537475e+00 3.286255529090784805e-02 8.273653747509204445e-04 1.176930238016532342e-03
5.050000000000000044e-01 1.011651264822433394e+00 3.421694156567144096e-02 8.789590783104221780e-04 1.249052350648438949e-03
5.100000000000000089e-01 1.011994494805724676e+00 3.561834054199557870e-02 9.332308130372964040e-04 1.324818982412637094e-03
5.150000000000000133e-01 1.012342419572020980e+00 3.706814209370109386e-02 9.902930909297562919e-04 1.404376842417402694e-03
5.200000000000000178e-01 1.012695022223150554e+00 3.856777506683082418e-02 1.050261146900756783e-03 1.487875716132845997e-03
5.250000000000000222e-01 1.013052285985520662e+00 4.011869886897845294e-02 1.113255010411234218e-03 1.575471476972395337e-03
5.300000000000000266e-01 1.013414194208494434e+00 4.172241686198013833e-02 1.179397811377784835e-03 1.667323553406605116e-03
5.350000000000000311e-01 1.013780730362787486e+00 4.338046467486639246e-02 1.248817009591621056e-03 1.763596710130589185e-03
5.400000000000000355e-01 1.014151878038878962e+00 4.509441859647229933e-02 1.321643535660897532e-03 1.864459760302213066e-03
5.450000000000000400e-01 1.014527620945441466e+00 4.686589220024530572e-02 1.398013104929773671e-03 1.970087444809839276e-03
5.500000000000000444e-01 1.014907942907788518e+00 4.869654138643788460e-02 1.478065348613511083e-03 2.080659115440737159e-03
5.550000000000000488e-01 1.015292827866336012e+00 5.058806108594818274e-02 1.561943579332424363e-03 2.196358431709170833e-03
5.600000000000000533e-01 1.015682259875082316e+00 5.254218688634403750e-02 1.649796804265426424e-03 2.317376138160763110e-03
5.650000000000000577e-01 1.016076223100103704e+00 5.456069840493665835e-02 1.741777099431296005e-03 2.443906330414742905e-03
5.700000000000000622e-01 1.016474701818065096e+00 5.664541768701417124e-02 1.838042480222882094e-03 2.576150534612922215e-03
5.750000000000000666e-01 1.016877680414747243e+00 5.879821408272042915e-02 1.938754765870023865e-03 2.714314542961727018e-03
5.799999999999999600e-01 1.017285143383589441e+00 6.102098779043647198e-02 2.044080802203726826e-03 2.858610278436397346e-03
5.849999999999999645e-01 1.017697075324246692e+00 6.331570962885109399e-02 2.154192597620345657e-03 3.009255777543791682e-03
5.899999999999999689e-01 1.018113460941162618e+00 6.568436967977939189e-02 2.269266828656296177e-03 3.166474620226658512e-03
5.949999999999999734e-01 1.018534285042156151e+00 6.812902037011868417e-02 2.389485548907394584e-03 3.330496800474468892e-03
5.999999999999999778e-01 1.018959532537025314e+00 7.065176492095498473e-02 2.515036368400897036e-03 3.501559024300736778e-03
6.049999999999999822e-01 1.019389188436160998e+00 7.325475065862969981e-02 2.646111863680598430e-03 3.679903813948344048e-03
6.099999999999999867e-01 1.019823237849180497e+00 7.594016591323250742e-02 2.782910387415551880e-03 3.865780594329220037e-03
6.149999999999999911e-01 1.020261665983570154e+00 7.871026630087275822e-02 2.925635491972682425e-03 4.059444925847362044e-03
6.199999999999999956e-01 1.020704458143344873e+00 8.156734181840093190e-02 3.074497107434016364e-03 4.261160104447856561e-03
6.250000000000000000e-01 1.021151599727719406e+00 8.451375312216566349e-02 3.229710624522895857e-03 4.471195819214002914e-03
6.300000000000000044e-01 1.021603076229795626e+00 8.755190196771117650e-02 3.391497313280456092e-03 4.689828772917049859e-03
6.350000000000000089e-01 1.022058873235258902e+00 9.068425410669540832e-02 3.560085729608096754e-03 4.917344691346136297e-03
6.400000000000000133e-01 1.022518976421092685e+00 9.391330645468805305e-02 3.735708981878100871e-03 5.154034302508027354e-03
6.450000000000000178e-01 1.022983371554301524e+00 9.724164994733425216e-02 3.918608594062785583e-03 5.400198888444537708e-03
6.500000000000000222e-01 1.023452044490649859e+00 1.006718999809167320e-01 4.109030425885152292e-03 5.656144436970144199e-03
6.550000000000000266e-01 1.023924981173411908e+00 1.042067461194149947e-01 4.307229083816128609e-03 5.922187964550793167e-03
6.600000000000000311e-01 1.024402167632133542e+00 1.078489289962310804e-01 4.513464139074341470e-03 6.198652036686256271e-03
6.650000000000000355e-01 1.024883589981409493e+00 1.116012566841078912e-01 4.728004814638363772e-03 6.485871526879730641e-03
6.700000000000000400e-01 1.025369234419667430e+00 1.154665885897846189e-01 4.951124596842736147e-03 6.784185862824227732e-03
6.750000000000000444e-01 1.025859087227968924e+00 1.194478546804287333e-01 5.183106018250996025e-03 7.093945810947925069e-03
6.800000000000000488e-01 1.026353134768820174e+00 1.235480363045275559e-01 5.424237954656807754e-03 7.415509676514333952e-03
6.850000000000000533e-01 1.026851363484993174e+00 1.277701957340427463e-01 5.674819883356131515e-03 7.749249545001917448e-03
6.900000000000000577e-01 1.027353759898360641e+00 1.321174396925691441e-01 5.935154840647622471e-03 8.095540768362535083e-03
6.950000000000000622e-01 1.027860310608740946e+00 1.365929423084960292e-01 6.205555670502699989e-03 8.454771424155070256e-03
7.000000000000000666e-01 1.028371002292754355e+00 1.411999557905105618e-01 6.486344320971684785e-03 8.827341011841202331e-03
7.049999999999999600e-01 1.028885821702690384e+00 1.459417932398369977e-01 6.777850973715859005e-03 9.213659291586576844e-03
7.099999999999999645e-01 1.029404755665387139e+00 1.508218290783909232e-01 7.080413022971196804e-03 9.614144900416997722e-03
7.149999999999999689e-01 1.029927791081118427e+00 1.558435118270452557e-01 7.394376278866084118e-03 1.002922707326623329e-02
7.199999999999999734e-01 1.030454914922495746e+00 1.610103580131164169e-01 7.720097657383693905e-03 1.045934942031296992e-02
7.249999999999999778e-01 1.030986114233377604e+00 1.663259451394956123e-01 8.057941752573519884e-03 1.090496522093109023e-02
7.299999999999999822e-01 1.031521376127789047e+00 1.717939319812582244e-01 8.408280968725506677e-03 1.136653763628530517e-02
7.349999999999999867e-01 1.032060687788854958e+00 1.774180382824573632e-01 8.771499408956266730e-03 1.184454531779386734e-02
7.399999999999999911e-01 1.032604036467738684e+00 1.832020784651235412e-01 9.147990710708264750e-03 1.233947903276144328e-02
7.449999999999999956e-01 1.033151409482594651e+00 1.891499012389633305e-01 9.538156839224343556e-03 1.285184062285479184e-02
7.500000000000000000e-01 1.033702794217528753e+00 1.952654632571518833e-01 9.942410871507071854e-03 1.338214651354313958e-02
7.550000000000000044e-01 1.034258178121568061e+00 2.015527620773941153e-01 1.036117596547950909e-02 1.393092666342815762e-02
7.600000000000000089e-01 1.034817548707643198e+00 2.080159035919867117e-01 1.079488556973303044e-02 1.449872481289782300e-02
7.650000000000000133e-01 1.035380893551575587e+00 2.146590411206653615e-01 1.124398498764618733e-02 1.508610084614979939e-02
7.700000000000000178e-01 1.035948200291078702e+00 2.214864025730804431e-01 1.170892731386285156e-02 1.569362487944327145e-02
7.750000000000000222e-01 1.036519456624765523e+00 2.285023169618226324e-01 1.219017944565000712e-02 1.632188646831501597e-02
7.800000000000000266e-01 1.037094650311166655e+00 2.357111610134604851e-01 1.268822098630257265e-02 1.697149269440578756e-02
7.850000000000000311e-01 1.037673769167756666e+00 2.431173998839125105e-01 1.320353984597224910e-02 1.764306201452589887e-02
7.900000000000000355e-01 1.038256801069989743e+00 2.507255725829826698e-01 1.373663706216302939e-02 1.833723190860331309e-02
7.950000000000000400e-01 1.038843733950345127e+00 2.585402995350008504e-01 1.428802714704142419e-02 1.905465845122547922e-02
8.000000000000000444e-01 1.039434555797379867e+00 2.665662488858675516e-01 1.485823333156363266e-02 1.979601094057123131e-02
8.050000000000000488e-01 1.040029254654790458e+00 2.748082032458187829e-01 1.544779793015831765e-02 2.056198603407811618e-02
8.100000000000000533e-01 1.040627818620484257e+00 2.832710134066288576e-01 1.605726730965899643e-02 2.135328674580857025e-02
8.150000000000000577e-01 1.041230235845658436e+00 2.919595706424903403e-01 1.668720745432279370e-02 2.217064476848722154e-02
8.200000000000000622e-01 1.041836494533886492e+00 3.008788812962785997e-01 1.733819762987436411e-02 2.301481167284702423e-02
8.250000000000000666e-01 1.042446582940215416e+00 3.100340054990878835e-01 1.801083040076841696e-02 2.388655970387187563e-02
8.300000000000000711e-01 1.043060489370268407e+00 3.194300982228960306e-01 1.870570463298874136e-02 2.478667111894912456e-02
8.349999999999999645e-01 1.043678202179357140e+00 3.290723755730446953e-01 1.942344806436759747e-02 2.571597122395066423e-02
8.399999999999999689e-01 1.044299709771603135e+00 3.389661141864071525e-01 2.016468718573831767e-02 2.667528588536932296e-02
8.449999999999999734e-01 1.044925000599063569e+00 3.491166992126462643e-01 2.093007484165946078e-02 2.766548088484982806e-02
8.499999999999999778e-01 1.045554063160868408e+00 3.595295357232156652e-01 2.172027445413050525e-02 2.868743952562965299e-02
8.549999999999999822e-01 1.046186886002363758e+00 3.702101642264117309e-01 2.253596882680094712e-02 2.974207589891641676e-02
8.599999999999999867e-01 1.046823457714263217e+00 3.811641249299545509e-01 2.337784348791005148e-02 3.083031209522165902e-02
8.649999999999999911e-01 1.047463766931806317e+00 3.923970936434653112e-01 2.424662065792545715e-02 3.195312489473133705e-02
8.699999999999999956e-01 1.048107802333925420e+00 4.039147727041762503e-01 2.514301719805533269e-02 3.311148963919093025e-02
8.750000000000000000e-01 1.048755552642418598e+00 4.157229583486821145e-01 2.606778789108278246e-02 3.430643849554258079e-02
8.800000000000000044e-01 1.049407006621131844e+00 4.278274890005704378e-01 2.702168663271138291e-02 3.553900848051336908e-02
8.850000000000000089e-01 1.050062153075147497e+00 4.402342559620596174e-01 2.800549287181297933e-02 3.681027871411816227e-02
8.900000000000000133e-01 1.050720980849978670e+00 4.529492578552707926e-01 2.902000360926994607e-02 3.812135922038471098e-02
8.950000000000000178e-01 1.051383478830772988e+00 4.659784815799579150e-01 3.006603319704900801e-02 3.947339093973187274e-02
9.000000000000000222e-01 1.052049635941522787e+00 4.793280733879977107e-01 3.114441419398891395e-02 4.086754914159906188e-02
9.050000000000000266e-01 1.052719441144281065e+00 4.930041410984165040e-01 3.225599214460427716e-02 4.230503384888893020e-02
9.100000000000000311e-01 1.053392883438386107e+00 5.070128597307428375e-01 3.340165112759331534e-02 4.378710934523352694e-02
9.150000000000000355e-01 1.054069951859691656e+00 5.213605363873511367e-01 3.458226443006184869e-02 4.531503319095182142e-02
9.200000000000000400e-01 1.054750635479804632e+00 5.360534136281281947e-01 3.579875470022633732e-02 4.689014271534473061e-02
9.250000000000000444e-01 1.055434923405329073e+00 5.510978269852947475e-01 3.705204381159794835e-02 4.851378491009827876e-02
9.300000000000000488e-01 1.056122804777117841e+00 5.665002321218376435e-01 3.834308434171350422e-02 5.018736134047149106e-02
9.350000000000000533e-01 1.056814268769528553e+00 5.822669384389704827e-01 3.967284341674099518e-02 5.191230582177521619e-02
9.400000000000000577e-01 1.057509304589689725e+00 5.984044680965016072e-01 4.104232018696556822e-02 5.369010994437001250e-02
9.450000000000000622e-01 1.058207901476769797e+00 6.149193078369307175e-01 4.245252987287298496e-02 5.552230287448613882e-02
9.500000000000000666e-01 1.058910048701254603e+00 6.318179315013759956e-01 4.390449724265069881e-02 5.741044023832090476e-02
9.550000000000000711e-01 1.059615735564230832e+00 6.491068923226923637e-01 4.539929213679318176e-02 5.935615719564597825e-02
9.599999999999999645e-01 1.060324951396675930e+00 6.667927515278951889e-01 4.693799560862377263e-02 6.136112035109935609e-02
9.649999999999999689e-01 1.061037685558753330e+00 6.848820308018860326e-01 4.852170466817307820e-02 6.342703645683883673e-02
9.699999999999999734e-01 1.061753927439116119e+00 7.033814103790153593e-01 5.015155229980184509e-02 6.555568060504689265e-02
9.749999999999999778e-01 1.062473666454213594e+00 7.222973698916200780e-01 5.182869427769292575e-02 6.774887968117679349e-02
9.799999999999999822e-01 1.063196892047607145e+00 7.416365358388236073e-01 5.355429843047727206e-02 7.000849643128585764e-02
9.849999999999999867e-01 1.063923593689290348e+00 7.614054923251785123e-01 5.532958199160862428e-02 7.233648541843851199e-02
9.899999999999999911e-01 1.064653760875015509e+00 7.816108363971117079e-01 5.715575513580700706e-02 7.473481283604352376e-02
9.949999999999999956e-01 1.065387383125626419e+00 8.022590452921425364e-01 5.903409190977945004e-02 7.720555709984432136e-02
1.000000000000000000e+00 1.066124449986396217e+00 8.233567126629804944e-01 6.096585272827487190e-02 7.975080399811880494e-02
1.005000000000000115e+00 1.066864951026373021e+00 8.449100762478150006e-01 6.295249351432509466e-02 8.237296059013088367e-02
1.010000000000000009e+00 1.067608875837728233e+00 8.669258178320237151e-01 6.499521579146552708e-02 8.507405913246769702e-02
1.015000000000000124e+00 1.068356214035114826e+00 8.894104193578706852e-01 6.709539419444024433e-02 8.785642575129022636e-02
1.020000000000000018e+00 1.069106955255026969e+00 9.123702004700279256e-01 6.925438756508857374e-02 9.072239121575276233e-02
1.024999999999999911e+00 1.069861089155168976e+00 9.358115319595695647e-01 7.147365425878446366e-02 9.367445865230167312e-02
1.030000000000000027e+00 1.070618605413826918e+00 9.597406509138776132e-01 7.375460868138723758e-02 9.671509867739012944e-02
1.034999999999999920e+00 1.071379493729249344e+00 9.841637629386349451e-01 7.609873741916312051e-02 9.984691817804501601e-02
1.040000000000000036e+00 1.072143743819029771e+00 1.009086965869324448e+00 7.850755634132312866e-02 1.030725987489586465e-01
1.044999999999999929e+00 1.072911345419497398e+00 1.034516407731478127e+00 8.098258111910100476e-02 1.063948550992407233e-01
1.050000000000000044e+00 1.073682288285112474e+00 1.060457966603341573e+00 8.352540225058111001e-02 1.098165482989238856e-01
1.054999999999999938e+00 1.074456562187866782e+00 1.086917519065803361e+00 8.613759492696035358e-02 1.133405499624305646e-01
1.060000000000000053e+00 1.075234156916690775e+00 1.113900830291101540e+00 8.882081206686677499e-02 1.169698859948491709e-01
1.064999999999999947e+00 1.076015062276864054e+00 1.141413529365113311e+00 9.157668968307948465e-02 1.207075956646099096e-01
1.070000000000000062e+00 1.076799268089433603e+00 1.169461187957360870e+00 9.440694431322144142e-02 1.245568742537224716e-01
1.074999999999999956e+00 1.077586764190635593e+00 1.198049109648746446e+00 9.731327454492226525e-02 1.285209354286102335e-01
1.080000000000000071e+00 1.078377540431322945e+00 1.227182696317583588e+00 1.002974625337601788e-01 1.326031555452393818e-01
1.084999999999999964e+00 1.079171586676399119e+00 1.256866977326667634e+00 1.033613061710970255e-01 1.368069797872392968e-01
1.090000000000000080e+00 1.079968892804255898e+00 1.287107002145408075e+00 1.065066198560005173e-01 1.411359205713679510e-01
1.094999999999999973e+00 1.080769448706216718e+00 1.317907468991821540e+00 1.097352675543498968e-01 1.455936127849460637e-01
1.100000000000000089e+00 1.081573244285985780e+00 1.349273100248872481e+00 1.130491310323236132e-01 1.501837643814920298e-01
1.104999999999999982e+00 1.082380269459101152e+00 1.381208395558414237e+00 1.164501625558844594e-01 1.549102333070433712e-01
1.110000000000000098e+00 1.083190514152395201e+00 1.413717616958682033e+00 1.199403309345261348e-01 1.597769553447120072e-01
1.114999999999999991e+00 1.084003968303457022e+00 1.446804908261113409e+00 1.235216409786733111e-01 1.647879691994527385e-01
1.120000000000000107e+00 1.084820621860102863e+00 1.480474037260373299e+00 1.271961127827088422e-01 1.699473906816535984e-01
1.125000000000000000e+00 1.085640464779849657e+00 1.514728794007230706e+00 1.309658424136612709e-01 1.752594993413039148e-01
1.130000000000000115e+00 1.086463487029394992e+00 1.549572695961715096e+00 1.348329228743883890e-01 1.807286253012897470e-01
1.135000000000000009e+00 1.087289678584100638e+00 1.585008933138112086e+00 1.387995234254973675e-01 1.863592680809158242e-01
1.140000000000000124e+00 1.088119029427482509e+00 1.621040694230784895e+00 1.428678525354237505e-01 1.921560392742468204e-01
1.145000000000000018e+00 1.088951529550704622e+00 1.657670650393104461e+00 1.470400928048274380e-01 1.981235768202843084e-01
1.150000000000000133e+00 1.089787168952079055e+00 1.694901470880092464e+00 1.513185490117745224e-01 2.042667491047576722e-01
1.155000000000000027e+00 1.090625937636568565e+00 1.732735414617091019e+00 1.557055004246716001e-01 2.105904547295671114e-01
1.159999999999999920e+00 1.091467825615297427e+00 1.771174658204074381e+00 1.602033086128888395e-01 2.170997691286057074e-01
1.165000000000000036e+00 1.092312822905064262e+00 1.810220866205155987e+00 1.648143507396862273e-01 2.237998548587955827e-01
1.169999999999999929e+00 1.093160919527861763e+00 1.849875797733094407e+00 1.695410692938932318e-01 2.306960296718312542e-01
1.175000000000000044e+00 1.094012105510399513e+00 1.890140678244901506e+00 1.743858986392821664e-01 2.377936666399898813e-01
1.179999999999999938e+00 1.094866370883633921e+00 1.931016565325362810e+00 1.793513816863396837e-01 2.450983586048384455e-01
1.185000000000000053e+00 1.095723705682299487e+00 1.972504135637598299e+00 1.844400332609416604e-01 2.526157233299928806e-01
1.189999999999999947e+00 1.096584099944449830e+00 2.014604005327429892e+00 1.896544562689224112e-01 2.603515694177588324e-01
1.195000000000000062e+00 1.097447543710998508e+00 2.057316356971149673e+00 1.949972940455356740e-01 2.683118332932407091e-01
1.199999999999999956e+00 1.098314027025267592e+00 2.100641213353304337e+00 2.004711844414027166e-01 2.765025027768945876e-01
1.205000000000000071e+00 1.099183539932540254e+00 2.144578101380788304e+00 2.060788770859733054e-01 2.849298003888178221e-01
1.209999999999999964e+00 1.100056072479618674e+00 2.189126495010042639e+00 2.118230931349734114e-01 2.935999697143749643e-01
1.215000000000000080e+00 1.100931614714385054e+00 2.234285485148459038e+00 2.177066682786386320e-01 3.025194851481119995e-01
1.219999999999999973e+00 1.101810156685369746e+00 2.280053785935942656e+00 2.237324312553450045e-01 3.116948797695356932e-01
1.225000000000000089e+00 1.102691688441321372e+00 2.326430152360981829e+00 2.299032564131272827e-01 3.211328137738541089e-01
1.229999999999999982e+00 1.103576200030784493e+00 2.373412756450839378e+00 2.362220565167592046e-01 3.308400686132831336e-01
1.235000000000000098e+00 1.104463681501680172e+00 2.420999595586823094e+00 2.426918691141899675e-01 3.408236745517492783e-01
1.239999999999999991e+00 1.105354122900890967e+00 2.469188560436233359e+00 2.493156462201834567e-01 3.510905954158671793e-01
1.245000000000000107e+00 1.106247514273852595e+00 2.517976786930313793e+00 2.560964808953395400e-01 3.616480674840166776e-01
1.250000000000000000e+00 1.107143845664148030e+00 2.567361881780511279e+00 2.630374152765811435e-01 3.725033092056179163e-01
1.255000000000000115e+00 1.108043107113107384e+00 2.617340603682942746e+00 2.701416906836650034e-01 3.836638967977647474e-01
1.260000000000000009e+00 1.108945288659413109e+00 2.667909533804483591e+00 2.774124850364902417e-01 3.951373689898251551e-01
1.265000000000000124e+00 1.109850380338708309e+00 2.719065521853976097e+00 2.848529727018394575e-01 4.069313138345032610e-01
1.270000000000000018e+00 1.110758372183210829e+00 2.770804560096202351e+00 2.924664757880517940e-01 4.190535997862200324e-01
1.275000000000000133e+00 1.111669254221331116e+00 2.823122740331058367e+00 3.002563101089064657e-01 4.315121336647784744e-01
1.280000000000000027e+00 1.112583016477296738e+00 2.876015727018782275e+00 3.082258947183699194e-01 4.443150363225564781e-01
1.284999999999999920e+00 1.113499648970778022e+00 2.929479284044860687e+00 3.163786405195289086e-01 4.574704596451008576e-01
1.290000000000000036e+00 1.114419141716522343e+00 2.983508746686684088e+00 3.247179390592703774e-01 4.709865776053063224e-01
1.294999999999999929e+00 1.115341484723989307e+00 3.038099502124083973e+00 3.332474174124472333e-01 4.848719642337314117e-01
1.300000000000000044e+00 1.116266667996994588e+00 3.093246398028437483e+00 3.419705583268256022e-01 4.991350235640246158e-01
1.304999999999999938e+00 1.117194681533353773e+00 3.148944602475094001e+00 3.508909627063876990e-01 5.137843730292753763e-01
1.310000000000000053e+00 1.118125515324534858e+00 3.205188746116214293e+00 3.600123352224125495e-01 5.288288326093095737e-01
1.314999999999999947e+00 1.119059159355313193e+00 3.261973246773145263e+00 3.693383661454445188e-01 5.442772408755206515e-01
1.320000000000000062e+00 1.119995603603431533e+00 3.319292947886246736e+00 3.788727359097877057e-01 5.601384467871688422e-01
1.324999999999999956e+00 1.120934838039265857e+00 3.377142314083258157e+00 3.886193678175741684e-01 5.764217032747420699e-01
1.330000000000000071e+00 1.121876852625492305e+00 3.435515392127930223e+00 3.985819639271262482e-01 5.931359663514018665e-01
1.334999999999999964e+00 1.122821637316764765e+00 3.494406807020700612e+00 4.087645564548585408e-01 6.102907121366187848e-01
1.340000000000000080e+00 1.123769182059389804e+00 3.553810492287200251e+00 4.191709417690726025e-01 6.278950825758464749e-01
1.344999999999999973e+00 1.124719476791012696e+00 3.613720710599553687e+00 4.298052543448603324e-01 6.459587673370349448e-01
1.350000000000000089e+00 1.125672511440304557e+00 3.674131714744644839e+00 4.406714656827830368e-01 6.644912115655360330e-01
1.354999999999999982e+00 1.126628275926654377e+00 3.735037768491748178e+00 4.517736033122262684e-01 6.835019692446173689e-01
1.360000000000000098e+00 1.127586760159866808e+00 3.796433238533211352e+00 4.631158872459775200e-01 7.030008994946206347e-01
1.364999999999999991e+00 1.128547954039863965e+00 3.858311859025425505e+00 4.747025113334737423e-01 7.229978490443464967e-01
1.370000000000000107e+00 1.129511847456391438e+00 3.920668220677999471e+00 4.865376592275391099e-01 7.435026304934948538e-01
1.375000000000000000e+00 1.130478430288730518e+00 3.983496918779566798e+00 4.986256442213286566e-01 7.645252775673594403e-01
1.380000000000000115e+00 1.131447692405412875e+00 4.046792118202585442e+00 5.109708231410071688e-01 7.860758884849872175e-01
1.385000000000000009e+00 1.132419623663941444e+00 4.110548427532295435e+00 5.235776150260081918e-01 8.081646642552402504e-01
1.390000000000000124e+00 1.133394213910515980e+00 4.174760668736581692e+00 5.364504210846677834e-01 8.308017604079147578e-01
1.395000000000000018e+00 1.134371452979762385e+00 4.239423672794882414e+00 5.495936921121092888e-01 8.539974099641129968e-01
1.400000000000000133e+00 1.135351330694467364e+00 4.304532590359602118e+00 5.630120982402700980e-01 8.777621769259408291e-01
1.405000000000000027e+00 1.136333836865317526e+00 4.370082591018660700e+00 5.767101288201246234e-01 9.021063272797399391e-01
1.409999999999999920e+00 1.137318961290643582e+00 4.436068844024977587e+00 5.906924788922209846e-01 9.270404429037930605e-01
1.415000000000000036e+00 1.138306693756168331e+00 4.502487273625413344e+00 6.049639227944729747e-01 9.525752114409336002e-01
1.419999999999999929e+00 1.139297024034760630e+00 4.569333814199283417e+00 6.195291238771266640e-01 9.787210947442439579e-01
1.425000000000000044e+00 1.140289941886192482e+00 4.636604200332480552e+00 6.343929558470023933e-01 1.005488919852357332e+00
1.429999999999999938e+00 1.141285437056903218e+00 4.704295135272515971e+00 6.495602949473279208e-01 1.032889433778914068e+00
1.435000000000000053e+00 1.142283499279765024e+00 4.772403435527559523e+00 6.650360687360895584e-01 1.060933468186480155e+00
1.439999999999999947e+00 1.143284118273856675e+00 4.840925723579444728e+00 6.808252562843166711e-01 1.089631901250166734e+00
1.445000000000000062e+00 1.144287283744239936e+00 4.909859472886195064e+00 6.969328291143784826e-01 1.118995568483145187e+00
1.449999999999999956e+00 1.145292985381740625e+00 4.979202297483960038e+00 7.133640801345605409e-01 1.149035760080192148e+00
1.455000000000000071e+00 1.146301212862736563e+00 5.048952224790960841e+00 7.301239251180472456e-01 1.179763163433999340e+00
1.459999999999999964e+00 1.147311955848947074e+00 5.119107993411912361e+00 7.472177752266129236e-01 1.211189136365780739e+00
1.465000000000000080e+00 1.148325203987230259e+00 5.189667201632397919e+00 7.646507917603920790e-01 1.243324756304859280e+00
1.469999999999999973e+00 1.149340946909383598e+00 5.260629753801002728e+00 7.824283543965022680e-01 1.276181246637830391e+00
1.475000000000000089e+00 1.150359174231948334e+00 5.331994822101207454e+00 8.005559074320063306e-01 1.309769943317706575e+00
1.479999999999999982e+00 1.151379875556021837e+00 5.403762338323901737e+00 8.190388842112580337e-01 1.344102140217976027e+00
1.485000000000000098e+00 1.152403040467071982e+00 5.475932344628881232e+00 8.378826826921089710e-01 1.379189025047302453e+00
1.489999999999999991e+00 1.153428658534756623e+00 5.548505769086874650e+00 8.570930742708733341e-01 1.415042312845977035e+00
1.495000000000000107e+00 1.154456719312749513e+00 5.621483447562016345e+00 8.766754961021152592e-01 1.451673128134121971e+00
1.500000000000000000e+00 1.155487212338569769e+00 5.694867189733410662e+00 8.966357724796522044e-01 1.489093178876125689e+00
1.505000000000000115e+00 1.156520127133416675e+00 5.768659046947106184e+00 9.169795955323386538e-01 1.527313925690481078e+00
1.510000000000000009e+00 1.157555453202008700e+00 5.842861388435457215e+00 9.377129319614129210e-01 1.566347173746857724e+00
1.515000000000000124e+00 1.158593180032429393e+00 5.917476424915279587e+00 9.588414963526425971e-01 1.606204323884552920e+00
1.520000000000000018e+00 1.159633297095975069e+00 5.992508375244828045e+00 9.803713351351476257e-01 1.646897207173343425e+00
1.525000000000000133e+00 1.160675793847010029e+00 6.067960243976786572e+00 1.002308526903236130e+00 1.688437703121141498e+00
1.530000000000000027e+00 1.161720659722826676e+00 6.143836502826444779e+00 1.024658931631778236e+00 1.730837215720627764e+00
1.535000000000000142e+00 1.162767884143507846e+00 6.220142329050088570e+00 1.047429040607672279e+00 1.774108159619737002e+00
1.540000000000000036e+00 1.163817456511797577e+00 6.296881614762305901e+00 1.070624719154346094e+00 1.818261907591438575e+00
1.544999999999999929e+00 1.164869366212974766e+00 6.374061281713691685e+00 1.094252430220862493e+00 1.863310658071759995e+00
1.550000000000000044e+00 1.165923602614732379e+00 6.451686339254353086e+00 1.118318421468301738e+00 1.909266309982315724e+00
1.554999999999999938e+00 1.166980155067061542e+00 6.529764176227101480e+00 1.142829311867635589e+00 1.956141188746437054e+00
1.560000000000000053e+00 1.168039012902141183e+00 6.608300941262711170e+00 1.167791295947813168e+00 2.003946959503760006e+00
1.564999999999999947e+00 1.169100165434231231e+00 6.687304080165268338e+00 1.193211141771404193e+00 2.052696222735056253e+00
1.570000000000000062e+00 1.170163601959574473e+00 6.766781691141914301e+00 1.219095465370167775e+00 2.102401112385427151e+00
1.574999999999999956e+00 1.171229311756297298e+00 6.846741917794072485e+00 1.245450739884097491e+00 2.153073555153973917e+00
1.580000000000000071e+00 1.172297284084322211e+00 6.927193578219304371e+00 1.272283990784656371e+00 2.204726390825140214e+00
1.584999999999999964e+00 1.173367508185281460e+00 7.008145510950930301e+00 1.299601851543776165e+00 2.257371665822291096e+00
1.590000000000000080e+00 1.174439973282435989e+00 7.089607860304677267e+00 1.327411308858275518e+00 2.311022031633230611e+00
1.594999999999999973e+00 1.175514668580601496e+00 7.171589957648810909e+00 1.355719140870710770e+00 2.365689596332184674e+00
1.600000000000000089e+00 1.176591583266077601e+00 7.254102659344523474e+00 1.384532521711500985e+00 2.421387270897549016e+00
1.604999999999999982e+00 1.177670706506583453e+00 7.337156427616318588e+00 1.413858672616842727e+00 2.478127861697756451e+00
1.610000000000000098e+00 1.178752027451198003e+00 7.420762611508245676e+00 1.443704426514588190e+00 2.535923520712190182e+00
1.614999999999999991e+00 1.179835535230304933e+00 7.504932385443592757e+00 1.474077190655292746e+00 2.594787290723413520e+00
1.620000000000000107e+00 1.180921218955544472e+00 7.589678224133324491e+00 1.504984498778558999e+00 2.654732369765966826e+00
1.625000000000000000e+00 1.182009067719768769e+00 7.675012450236980754e+00 1.536433186509971405e+00 2.715770709489026213e+00
1.630000000000000115e+00 1.183099070597002811e+00 7.760947400790336737e+00 1.568431207267417582e+00 2.777916202293336134e+00
1.635000000000000009e+00 1.184191216642411337e+00 7.847496323732361390e+00 1.600985846983917105e+00 2.841181468818652078e+00
1.640000000000000124e+00 1.185285494892271307e+00 7.934672489263113526e+00 1.634104724618378413e+00 2.905579625719007630e+00
1.645000000000000018e+00 1.186381894363947032e+00 8.022489652705706575e+00 1.667795308357332917e+00 2.971123605587930427e+00
1.650000000000000133e+00 1.187480404055874628e+00 8.110961795681737030e+00 1.702065678649223646e+00 3.037827208514352506e+00
1.655000000000000027e+00 1.188581012947548476e+00 8.200103404902392867e+00 1.736923206503293349e+00 3.105702986282216305e+00
1.660000000000000142e+00 1.189683709999514560e+00 8.289929394267666396e+00 1.772376209372000133e+00 3.174765192099168409e+00
1.665000000000000036e+00 1.190788484153369131e+00 8.380453700386755855e+00 1.808432183395589421e+00 3.245026544505681620e+00
1.669999999999999929e+00 1.191895324331762041e+00 8.471692825505583002e+00 1.845099104406405788e+00 3.316500469049977085e+00
1.675000000000000044e+00 1.193004219438406732e+00 8.563661849508527268e+00 1.882385550480983216e+00 3.389201489341445495e+00
1.679999999999999938e+00 1.194115158358093565e+00 8.656375880803025780e+00 1.920299021818837826e+00 3.463142216686783126e+00
1.685000000000000053e+00 1.195228129956711127e+00 8.749851790949911390e+00 1.958848067205498422e+00 3.538337014787465762e+00
1.689999999999999947e+00 1.196343123081270665e+00 8.844105706049370852e+00 1.998040982835971313e+00 3.614799816396119692e+00
1.695000000000000062e+00 1.197460126559938276e+00 8.939153186419986241e+00 2.037885844707983285e+00 3.692544012227584105e+00
1.699999999999999956e+00 1.198579129202069993e+00 9.035011942642904970e+00 2.078391181487766026e+00 3.771583845608962982e+00
1.705000000000000071e+00 1.199700119798254416e+00 9.131699249358149473e+00 2.119565300526530915e+00 3.851933034140396117e+00
1.709999999999999964e+00 1.200823087120360011e+00 9.229230323781791867e+00 2.161417143721964695e+00 3.933606676288995629e+00
1.715000000000000080e+00 1.201948019921588173e+00 9.327624647865402352e+00 2.203954960335139379e+00 4.016618168682244416e+00
1.719999999999999973e+00 1.203074906936531852e+00 9.426898393431123679e+00 2.247187277379324666e+00 4.100981694651386178e+00
1.725000000000000089e+00 1.204203736881238829e+00 9.527069456809750037e+00 2.291123073538191779e+00 4.186711925518539879e+00
1.729999999999999982e+00 1.205334498453282777e+00 9.628155809492003669e+00 2.335771156750652722e+00 4.273823634628806545e+00
1.735000000000000098e+00 1.206467180331836975e+00 9.730175046655746840e+00 2.381140048009238175e+00 4.362330688832511072e+00
1.739999999999999991e+00 1.207601771177756689e+00 9.833145649436879410e+00 2.427239025730437927e+00 4.452248287274001903e+00
1.745000000000000107e+00 1.208738259633664436e+00 9.937085340129689470e+00 2.474076800703300272e+00 4.543590694172145561e+00
1.750000000000000000e+00 1.209876634324042799e+00 1.004201270492390563e+01 2.521662524415673623e+00 4.636372864657271720e+00
1.755000000000000115e+00 1.211016883855332349e+00 1.014794643070625568e+01 2.570005466737805389e+00 4.730609960635208111e+00
1.760000000000000009e+00 1.212158996816034451e+00 1.025490478372237213e+01 2.619114279504143550e+00 4.826316170212922252e+00
1.765000000000000124e+00 1.213302961776821398e+00 1.036290570499653541e+01 2.668998705994251264e+00 4.923507434100135249e+00
1.770000000000000018e+00 1.214448767290650766e+00 1.047196932009603820e+01 2.719667622359906112e+00 5.022197896663984196e+00
1.775000000000000133e+00 1.215596401892885980e+00 1.058211280054417358e+01 2.771130614408931159e+00 5.122403524575138256e+00
1.780000000000000027e+00 1.216745854101423552e+00 1.069335636267112299e+01 2.823397075752273278e+00 5.224139225125343344e+00
1.785000000000000142e+00 1.217897112416823635e+00 1.080571774215010628e+01 2.876476082434818782e+00 5.327419998715511085e+00
1.790000000000000036e+00 1.219050165322449919e+00 1.091921599438488322e+01 2.930377523969270648e+00 5.432261724215634580e+00
1.794999999999999929e+00 1.220205001284612623e+00 1.103387111237412910e+01 2.985111096575129963e+00 5.538680151710648758e+00
1.800000000000000044e+00 1.221361608752716377e+00 1.114970140236465745e+01 3.040685746413557489e+00 5.646689571691327458e+00
1.804999999999999938e+00 1.222519976159418986e+00 1.126672523988375829e+01 3.097111655713780554e+00 5.756306838795551606e+00
1.810000000000000053e+00 1.223680091920789526e+00 1.138496237171418990e+01 3.154398731498490704e+00 5.867547665708475080e+00
1.814999999999999947e+00 1.224841944436477315e+00 1.150443125480586737e+01 3.212556578878384972e+00 5.980427627626857756e+00
1.820000000000000062e+00 1.226005522089884225e+00 1.162515174978746657e+01 3.271594579984968831e+00 6.094961873722252399e+00
1.824999999999999956e+00 1.227170813248343206e+00 1.174714201960693494e+01 3.331523218123364938e+00 6.211167295994090232e+00
1.830000000000000071e+00 1.228337806263303689e+00 1.187042159665443641e+01 3.392351994120970105e+00 6.329058994152266138e+00
1.834999999999999964e+00 1.229506489470522324e+00 1.199500959687012447e+01 3.454091302152189957e+00 6.448654057387875227e+00
1.840000000000000080e+00 1.230676851190258825e+00 1.212092439850073688e+01 3.516751095167253371e+00 6.569968201434009281e+00
1.844999999999999973e+00 1.231848879727479362e+00 1.224818525066359776e+01 3.580341550961859021e+00 6.693017975691711641e+00
1.850000000000000089e+00 1.233022563372064173e+00 1.237681101101610182e+01 3.644872456027700380e+00 6.817818920732917398e+00
1.854999999999999982e+00 1.234197890399023168e+00 1.250682021296243640e+01 3.710354076069029006e+00 6.944387615129576474e+00
1.860000000000000098e+00 1.235374849068715752e+00 1.263823223908696747e+01 3.776797210114006820e+00 7.072741387615692155e+00
1.864999999999999991e+00 1.236553427627077095e+00 1.277106571679794378e+01 3.844211499989869552e+00 7.202895744156315061e+00
1.870000000000000107e+00 1.237733614305851271e+00 1.290533888682374908e+01 3.912607810589752599e+00 7.334867901366512122e+00
1.875000000000000000e+00 1.238915397322829737e+00 1.304107041799786693e+01 3.981995945433198791e+00 7.468673679507507046e+00
1.880000000000000115e+00 1.240098764882095139e+00 1.317827954224068954e+01 4.052387031528269290e+00 7.604330846933494037e+00
1.885000000000000009e+00 1.241283705174272667e+00 1.331698416823142317e+01 4.123790946715651273e+00 7.741855114363684010e+00
1.890000000000000124e+00 1.242470206376787178e+00 1.345720229363084108e+01 4.196218525480885475e+00 7.881264151750188240e+00
1.895000000000000018e+00 1.243658256654124994e+00 1.359895368979245411e+01 4.269680723010896628e+00 8.022575013650545372e+00
1.900000000000000133e+00 1.244847844158103012e+00 1.374225599605361303e+01 4.344187651020072316e+00 8.165803957752469699e+00
1.905000000000000027e+00 1.246038957028144711e+00 1.388712731339568762e+01 4.419749933153595656e+00 8.310967951951266031e+00
1.910000000000000142e+00 1.247231583391559262e+00 1.403358540422588341e+01 4.496377770923904116e+00 8.458083072094169097e+00
1.915000000000000036e+00 1.248425711363831514e+00 1.418164800855365115e+01 4.574083243558043854e+00 8.607168829757553041e+00
1.919999999999999929e+00 1.249621329048912655e+00 1.433133426915451736e+01 4.652876874992383449e+00 8.758242083999240535e+00
1.925000000000000044e+00 1.250818424539521745e+00 1.448265984356005553e+01 4.732768917827903543e+00 8.911318809988745926e+00
1.929999999999999938e+00 1.252016985917450365e+00 1.463564521322385303e+01 4.813771039129680851e+00 9.066417841510554965e+00
1.935000000000000053e+00 1.253217001253874363e+00 1.479030698754443662e+01 4.895892799721958788e+00 9.223553789549198356e+00
1.939999999999999947e+00 1.254418458609672937e+00 1.494666181712728559e+01 4.979146649871554864e+00 9.382747042380088942e+00
1.945000000000000062e+00 1.255621346035752151e+00 1.510472812364685602e+01 5.063542441510613834e+00 9.544012864403432772e+00
1.949999999999999956e+00 1.256825651573374891e+00 1.526452305559279665e+01 5.149091850962792094e+00 9.707369757490004858e+00
1.955000000000000071e+00 1.258031363254499713e+00 1.542606248066467600e+01 5.235806594312338191e+00 9.872836649141817134e+00
1.959999999999999964e+00 1.259238469102119673e+00 1.558936571903897672e+01 5.323696751069648236e+00 1.004042897364765352e+01
1.965000000000000080e+00 1.260446957130616275e+00 1.575444873034259707e+01 5.412773234553968749e+00 1.021016405876543587e+01
1.969999999999999973e+00 1.261656815346111182e+00 1.592132743461132094e+01 5.503047912174910294e+00 1.038206080588803815e+01
1.975000000000000089e+00 1.262868031746829489e+00 1.609002085433399287e+01 5.594533026104217655e+00 1.055613849368859647e+01
1.979999999999999982e+00 1.264080594323466533e+00 1.626054361682039939e+01 5.687237602783958401e+00 1.073241120178891173e+01
1.985000000000000098e+00 1.265294491059563597e+00 1.643291305960688931e+01 5.781174867227083070e+00 1.091089989232619928e+01
1.989999999999999991e+00 1.266509709931886274e+00 1.660714517610577090e+01 5.876355025391108988e+00 1.109162050763272411e+01
1.995000000000000107e+00 1.267726238910813485e+00 1.678325680980164591e+01 5.972789467871491453e+00 1.127459096378020220e+01
2.000000000000000000e+00 1.268944065960727619e+00 1.696126405099393963e+01 6.070490515055038117e+00 1.145983070763847600e+01
2.004999999999999893e+00 1.270163179040415979e+00 1.714118292999411608e+01 6.169469639755845947e+00 1.164735775656894745e+01
2.010000000000000231e+00 1.271383566103475360e+00 1.732302945849042430e+01 6.269737245889274391e+00 1.183718796973631626e+01
2.015000000000000124e+00 1.272605215098723486e+00 1.750681884774720487e+01 6.371304817480972105e+00 1.202933956866859333e+01
2.020000000000000018e+00 1.273828113970618237e+00 1.769256800456730971e+01 6.474185121639180807e+00 1.222383258875946055e+01
2.024999999999999911e+00 1.275052250659680864e+00 1.788029082245727963e+01 6.578388553818967921e+00 1.242068313529175683e+01
2.030000000000000249e+00 1.276277613102927866e+00 1.807000463027405246e+01 6.683927056292599644e+00 1.261991000697221565e+01
2.035000000000000142e+00 1.277504189234306420e+00 1.826172376303419753e+01 6.790813258008953746e+00 1.282153270985875615e+01
2.040000000000000036e+00 1.278731966985139357e+00 1.845546258107359705e+01 6.899056724797945073e+00 1.302556560807675545e+01
2.044999999999999929e+00 1.279960934284574359e+00 1.865123790618311972e+01 7.008670648188439323e+00 1.323203000976551102e+01
2.049999999999999822e+00 1.281191079060038929e+00 1.884906321662137429e+01 7.119666757299300208e+00 1.344094415122042996e+01
2.055000000000000160e+00 1.282422389237703575e+00 1.904895453680363104e+01 7.232054896570630831e+00 1.365232237333757226e+01
2.060000000000000053e+00 1.283654852742951435e+00 1.925092656050775730e+01 7.345849236565592300e+00 1.386618718282515061e+01
2.064999999999999947e+00 1.284888457500850345e+00 1.945499228869280373e+01 7.461060624016461418e+00 1.408255532923986308e+01
2.069999999999999840e+00 1.286123191436637780e+00 1.966116768607849252e+01 7.577700163046350745e+00 1.430144350356894911e+01
2.075000000000000178e+00 1.287359042476205584e+00 1.986946609996773461e+01 7.695779954403676903e+00 1.452287101805076475e+01
2.080000000000000071e+00 1.288595998546594679e+00 2.007990222608012232e+01 7.815312169450802315e+00 1.474685589944771813e+01
2.084999999999999964e+00 1.289834047576496001e+00 2.029249026245127752e+01 7.936309166802143267e+00 1.497341790918683202e+01
2.089999999999999858e+00 1.291073177496757207e+00 2.050724477427678849e+01 8.058780941641860096e+00 1.520257145397252430e+01
2.095000000000000195e+00 1.292313376240894485e+00 2.072417740464738856e+01 8.182740765075218192e+00 1.543433765186325957e+01
2.100000000000000089e+00 1.293554631745612582e+00 2.094330354545456885e+01 8.308198875377781789e+00 1.566873106327733112e+01
2.104999999999999982e+00 1.294796931951329721e+00 2.116463560160642032e+01 8.435168769041579750e+00 1.590577356565354172e+01
2.109999999999999876e+00 1.296040264802710951e+00 2.138818805088029507e+01 8.563661782404865974e+00 1.614548121643054657e+01
2.115000000000000213e+00 1.297284618249205046e+00 2.161397417422893952e+01 8.693689376818774406e+00 1.638787231934152899e+01
2.120000000000000107e+00 1.298529980245588522e+00 2.184200537251767926e+01 8.825263826822446589e+00 1.663296547156816274e+01
2.125000000000000000e+00 1.299776338752518745e+00 2.207229606584837001e+01 8.958396684371205509e+00 1.688077744266689351e+01
2.129999999999999893e+00 1.301023681737088600e+00 2.230485902258540065e+01 9.093100678422588956e+00 1.713132839313480460e+01
2.135000000000000231e+00 1.302271997173391371e+00 2.253970766234252920e+01 9.229386039968792588e+00 1.738463270729651811e+01
2.140000000000000124e+00 1.303521273043090511e+00 2.277685214794171387e+01 9.367263990927218842e+00 1.764070782508659363e+01
2.145000000000000018e+00 1.304771497335994956e+00 2.301630585587370703e+01 9.506748658212387681e+00 1.789957528163119349e+01
2.149999999999999911e+00 1.306022658050641327e+00 2.325808223151050314e+01 9.647850435944981484e+00 1.816124995056811997e+01
2.155000000000000249e+00 1.307274743194883682e+00 2.350219257356561187e+01 9.790582230549475184e+00 1.842575219885639015e+01
2.160000000000000142e+00 1.308527740786487481e+00 2.374864801439186124e+01 9.934954097662016537e+00 1.869309616202545143e+01
2.165000000000000036e+00 1.309781638853730668e+00 2.399746238214881799e+01 1.008097931868939945e+01 1.896330187685766333e+01
2.169999999999999929e+00 1.311036425436011399e+00 2.424864511177087678e+01 1.022866781862492402e+01 1.923638378174669938e+01
2.175000000000000266e+00 1.312292088584462002e+00 2.450220897860410219e+01 1.037803290622444230e+01 1.951236201215307275e+01
2.180000000000000160e+00 1.313548616362568033e+00 2.475816342407685511e+01 1.052908459222331494e+01 1.979125116645348825e+01
2.185000000000000053e+00 1.314805996846795111e+00 2.501652286054437013e+01 1.068183652238045411e+01 2.007307209119388247e+01
2.189999999999999947e+00 1.316064218127219965e+00 2.527729669455608885e+01 1.083629742274236385e+01 2.035783630706563230e+01
2.194999999999999840e+00 1.317323268308171258e+00 2.554049405478677670e+01 1.099248150387965772e+01 2.064556599000537673e+01
2.200000000000000178e+00 1.318583135508872406e+00 2.580612944560053279e+01 1.115039970856349605e+01 2.093627641071887879e+01
2.205000000000000071e+00 1.319843807864092611e+00 2.607420945036831483e+01 1.131006207066550928e+01 2.122998282386077662e+01
2.209999999999999964e+00 1.321105273524805224e+00 2.634474666305832713e+01 1.147148190166901749e+01 2.152670403249793907e+01
2.214999999999999858e+00 1.322367520658849438e+00 2.661775028900348872e+01 1.163466824170124347e+01 2.182645340590164551e+01
2.220000000000000195e+00 1.323630537451601530e+00 2.689323019184861607e+01 1.179963425507153651e+01 2.212925031391010577e+01
2.225000000000000089e+00 1.324894312106648098e+00 2.717119716870818991e+01 1.196639058768441188e+01 2.243511030264053119e+01
2.229999999999999982e+00 1.326158832846469293e+00 2.745166036030812862e+01 1.213494764360705069e+01 2.274404774480638025e+01
2.234999999999999876e+00 1.327424087913126938e+00 2.773462952657168756e+01 1.230531847082464481e+01 2.305608185553619904e+01
2.240000000000000213e+00 1.328690065568957523e+00 2.802011456008250434e+01 1.247751107065428933e+01 2.337122324142788088e+01
2.245000000000000107e+00 1.329956754097271210e+00 2.830812266411789935e+01 1.265153971179242909e+01 2.368949354783381978e+01
2.250000000000000000e+00 1.331224141803060590e+00 2.859866360877965263e+01 1.282741205849966803e+01 2.401090291894114870e+01
2.254999999999999893e+00 1.332492217013710345e+00 2.889174717641333956e+01 1.300514167691293643e+01 2.433547112580494698e+01
2.260000000000000231e+00 1.333760968079716003e+00 2.918738051001065514e+01 1.318473714825761434e+01 2.466320914215561189e+01
2.265000000000000124e+00 1.335030383375409135e+00 2.948557242078835827e+01 1.336621061173553393e+01 2.499413582498446829e+01
2.270000000000000018e+00 1.336300451299685221e+00 2.978633083820191629e+01 1.354957223662197130e+01 2.532826461522185824e+01
2.274999999999999911e+00 1.337571160276742388e+00 3.008966285503392868e+01 1.373483064650466723e+01 2.566560698197197965e+01
2.280000000000000249e+00 1.338842498756821042e+00 3.039557803797444535e+01 1.392199960438159501e+01 2.600618306883544761e+01
2.285000000000000142e+00 1.340114455216953049e+00 3.070408343607349977e+01 1.411108630940034381e+01 2.635000203334911006e+01
2.290000000000000036e+00 1.341387018161716460e+00 3.101518691181733800e+01 1.430210254035976369e+01 2.669708080649188631e+01
2.294999999999999929e+00 1.342660176123993576e+00 3.132889197834542117e+01 1.449505795935217911e+01 2.704743287036381005e+01
2.300000000000000266e+00 1.343933917665737443e+00 3.164520983082551098e+01 1.468996190329799134e+01 2.740106984015676517e+01
2.305000000000000160e+00 1.345208231378743458e+00 3.196414483815022578e+01 1.488682424991524833e+01 2.775800583760696938e+01
2.310000000000000053e+00 1.346483105885426967e+00 3.228570476952911150e+01 1.508565510822031186e+01 2.811825450657851277e+01
2.314999999999999947e+00 1.347758529839606201e+00 3.260989308819321053e+01 1.528646417201175112e+01 2.848182922839095355e+01
2.319999999999999840e+00 1.349034491927291413e+00 3.293671832357168228e+01 1.548926044766888310e+01 2.884874205044281226e+01
2.325000000000000178e+00 1.350310980867478472e+00 3.326618564583713322e+01 1.569405360834472596e+01 2.921900568213751015e+01
2.330000000000000071e+00 1.351587985412951776e+00 3.359830100221074645e+01 1.590085213749389759e+01 2.959263068315331680e+01
2.334999999999999964e+00 1.352865494351088493e+00 3.393306693100967664e+01 1.610966544278513624e+01 2.996963128103067575e+01
2.339999999999999858e+00 1.354143496504671029e+00 3.427049102209948472e+01 1.632050191102351633e+01 3.035001618348904984e+01
2.345000000000000195e+00 1.355421980732705700e+00 3.461057756924450501e+01 1.653336983172325958e+01 3.073379700440529305e+01
2.350000000000000089e+00 1.356700935931243857e+00 3.495333158177260913e+01 1.674828023563776114e+01 3.112098853646763885e+01
2.354999999999999982e+00 1.357980351034212774e+00 3.529875557350568016e+01 1.696523936213025507e+01 3.151159826297093147e+01
2.359999999999999876e+00 1.359260215014249207e+00 3.564685451297152952e+01 1.718425515494418221e+01 3.190563632567686980e+01
2.365000000000000213e+00 1.360540516883539608e+00 3.599763173156901530e+01 1.740533678408298712e+01 3.230311420902172159e+01
2.370000000000000107e+00 1.361821245694665894e+00 3.635109226363355361e+01 1.762849228210531649e+01 3.270404186050023299e+01
2.375000000000000000e+00 1.363102390541456321e+00 3.670723766347316541e+01 1.785372724316011173e+01 3.310842551828114466e+01
2.379999999999999893e+00 1.364383940559842134e+00 3.706607118590936523e+01 1.808105246769371988e+01 3.351627987850486079e+01
2.385000000000000231e+00 1.365665884928720875e+00 3.742759448189726612e+01 1.831047331416893442e+01 3.392761067739593983e+01
2.390000000000000124e+00 1.366948212870820356e+00 3.779181156256271379e+01 1.854199570833018385e+01 3.434242353224539812e+01
2.395000000000000018e+00 1.368230913653576408e+00 3.815872240467097498e+01 1.877562957741974969e+01 3.476073242298842558e+01
2.399999999999999911e+00 1.369513976590007287e+00 3.852833191101321830e+01 1.901137919220341743e+01 3.518253957158532330e+01
2.405000000000000249e+00 1.370797391039600077e+00 3.890063822318065689e+01 1.924925241243942509e+01 3.560785681403709191e+01
2.410000000000000142e+00 1.372081146409197538e+00 3.927564631716520438e+01 1.948925495098672656e+01 3.603668807977872035e+01
2.415000000000000036e+00 1.373365232153893167e+00 3.965335089265549584e+01 1.973139169787092229e+01 3.646903880811639453e+01
2.419999999999999929e+00 1.374649637777930256e+00 4.003376208441409290e+01 1.997567320349964248e+01 3.690492254221931745e+01
2.425000000000000266e+00 1.375934352835608943e+00 4.041687029738869086e+01 2.022209991433408760e+01 3.734433727052176266e+01
2.430000000000000160e+00 1.377219366932191491e+00 4.080268139222228996e+01 2.047068098456746910e+01 3.778729394533435482e+01
2.435000000000000053e+00 1.378504669724822440e+00 4.119119263377118756e+01 2.072141966033739280e+01 3.823379437185882779e+01
2.439999999999999947e+00 1.379790250923445205e+00 4.158240726790721453e+01 2.097432146449602186e+01 3.868384434553563977e+01
2.444999999999999840e+00 1.381076100291728892e+00 4.197631845822990471e+01 2.122938996121050437e+01 3.913744638006166809e+01
2.450000000000000178e+00 1.382362207647998886e+00 4.237292846278600678e+01 2.148663137666731870e+01 3.959460602584566402e+01
2.455000000000000071e+00 1.383648562866170106e+00 4.277223467501993781e+01 2.174605118056694408e+01 4.005533079239430094e+01
2.459999999999999964e+00 1.384935155876690471e+00 4.317423781310056086e+01 2.200765068887850617e+01 4.051961662821123866e+01
2.464999999999999858e+00 1.386221976667483702e+00 4.357893179270765671e+01 2.227143402698409247e+01 4.098746747165978377e+01
2.470000000000000195e+00 1.387509015284901448e+00 4.398631572654595345e+01 2.253740621001712086e+01 4.145888952768898861e+01
2.475000000000000089e+00 1.388796261834676082e+00 4.439638766214881116e+01 2.280557198777419003e+01 4.193388546931778649e+01
2.479999999999999982e+00 1.390083706482882597e+00 4.480914340292642351e+01 2.307593129763000306e+01 4.241245119828611365e+01
2.484999999999999876e+00 1.391371339456903167e+00 4.522458191007037698e+01 2.334848512117288166e+01 4.289458410257388010e+01
2.490000000000000213e+00 1.392659151046396371e+00 4.564269478771182520e+01 2.362324320494944629e+01 4.338029867628668512e+01
2.495000000000000107e+00 1.393947131604270639e+00 4.606348094027897844e+01 2.390020259953730530e+01 4.386958483284877985e+01
2.500000000000000000e+00 1.395235271547664579e+00 4.648693858177560401e+01 2.417936352236026210e+01 4.436243720029814597e+01
2.504999999999999893e+00 1.396523561358930632e+00 4.691305597836699803e+01 2.446073451345503713e+01 4.485887040082862143e+01
2.510000000000000231e+00 1.397811991586621838e+00 4.734183217105336894e+01 2.474430815567169262e+01 4.535886474735391971e+01
2.515000000000000124e+00 1.399100552846486600e+00 4.777325944161810867e+01 2.503009371875754852e+01 4.586243426139484569e+01
2.520000000000000018e+00 1.400389235822465217e+00 4.820733532271746213e+01 2.531809091374863740e+01 4.636957303518356355e+01
2.524999999999999911e+00 1.401678031267691527e+00 4.864404964730182002e+01 2.560829230435368231e+01 4.688026418213770086e+01
2.530000000000000249e+00 1.402966930005501656e+00 4.908339984331033179e+01 2.590070886951782825e+01 4.739452313316341758e+01
2.535000000000000142e+00 1.404255922930439437e+00 4.952537836125856074e+01 2.619533391445712311e+01 4.791233387656117770e+01
2.540000000000000036e+00 1.405545001009279815e+00 4.996997420606596307e+01 2.649216745047258215e+01 4.843369525224236583e+01
2.544999999999999929e+00 1.406834155282040921e+00 5.041718569709894382e+01 2.679121178542671800e+01 4.895860336743947272e+01
2.550000000000000266e+00 1.408123376863012810e+00 5.086699701888588265e+01 2.709246512789839656e+01 4.948705420248478504e+01
2.555000000000000160e+00 1.409412656941783526e+00 5.131940539131112189e+01 2.739592513250574513e+01 5.001903776335616669e+01
2.560000000000000053e+00 1.410701986784272943e+00 5.177440451490088691e+01 2.770159299518949325e+01 5.055455387040233717e+01
2.564999999999999947e+00 1.411991357733769048e+00 5.223197994955146584e+01 2.800946207125365106e+01 5.109358604089857891e+01
2.569999999999999840e+00 1.413280761211968217e+00 5.269212412647893018e+01 2.831953612293260747e+01 5.163613836075860064e+01
2.575000000000000178e+00 1.414570188720020605e+00 5.315482550715397281e+01 2.863180548128071123e+01 5.218218976647873575e+01
2.580000000000000071e+00 1.415859631839580635e+00 5.362007914787638896e+01 2.894627831986135647e+01 5.273174953109322161e+01
2.584999999999999964e+00 1.417149082233858159e+00 5.408787085717276000e+01 2.926293927149470164e+01 5.328478765985355636e+01
2.589999999999999858e+00 1.418438531648677170e+00 5.455819241526678098e+01 2.958179130904100873e+01 5.384130579049632814e+01
2.595000000000000195e+00 1.419727971913536280e+00 5.503102862794811045e+01 2.990283452859792135e+01 5.440130216774991112e+01
2.600000000000000089e+00 1.421017394942674095e+00 5.550637149782629365e+01 3.022605494406918325e+01 5.496474650047948529e+01
2.604999999999999982e+00 1.422306792736138581e+00 5.598420778304043210e+01 3.055145641129065481e+01 5.553164168807390411e+01
2.609999999999999876e+00 1.423596157380858207e+00 5.646452837051261753e+01 3.087903304852291342e+01 5.610197586700636663e+01
2.615000000000000213e+00 1.424885481051721747e+00 5.694731488123773033e+01 3.120877810544604714e+01 5.667573249864967266e+01
2.620000000000000107e+00 1.426174756012655642e+00 5.743256013184323194e+01 3.154068951677005828e+01 5.725290471530110636e+01
2.625000000000000000e+00 1.427463974617710019e+00 5.791971850776503317e+01 3.187452473845319645e+01 5.783310584470027749e+01
2.629999999999999893e+00 1.428753129312145598e+00 5.840981223011090151e+01 3.221073400783637908e+01 5.841704157060404867e+01
2.635000000000000231e+00 1.430042212633526821e+00 5.890232293219128934e+01 3.254908876104759941e+01 5.900434339123599869e+01
2.640000000000000124e+00 1.431331217212814755e+00 5.939723766856950249e+01 3.288958371046665974e+01 5.959500173127516831e+01
2.645000000000000018e+00 1.432620135775467096e+00 5.989453394147216159e+01 3.323221338911326939e+01 6.018900461257850054e+01
2.649999999999999911e+00 1.433908961142540850e+00 6.039420523507225624e+01 3.357696534116686138e+01 6.078632413541613033e+01
2.655000000000000249e+00 1.435197686231796554e+00 6.089623290713416992e+01 3.392383992637150669e+01 6.138696027000351307e+01
2.660000000000000142e+00 1.436486304058808727e+00 6.140059928452666327e+01 3.427281968309659987e+01 6.199087843376051410e+01
2.665000000000000036e+00 1.437774807738079197e+00 6.190729049257956973e+01 3.462390575173532170e+01 6.259807832588504084e+01
2.669999999999999929e+00 1.439063190484150212e+00 6.241629457009892690e+01 3.497708246536059562e+01 6.320852508805104719e+01
2.675000000000000266e+00 1.440351445612727099e+00 6.292758728938862589e+01 3.533234659013972134e+01 6.382221583685290511e+01
2.680000000000000160e+00 1.441639566541798700e+00 6.344115719948984378e+01 3.568968223537476803e+01 6.443911644785598014e+01
2.685000000000000053e+00 1.442927546792763360e+00 6.395698493001727059e+01 3.604909048463768784e+01 6.505922586015444153e+01
2.689999999999999947e+00 1.444215379991559578e+00 6.447505467102070043e+01 3.641055388255816183e+01 6.568251210085615810e+01
2.694999999999999840e+00 1.445503059869796658e+00 6.499534495289003644e+01 3.677405978445617052e+01 6.630894937048124405e+01
2.700000000000000178e+00 1.446790580265890691e+00 6.551784288120211386e+01 3.713960746272081792e+01 6.693853310042575799e+01
2.705000000000000071e+00 1.448077935126202975e+00 6.604252722953751231e+01 3.750717961661619171e+01 6.757123103834938149e+01
2.709999999999999964e+00 1.449365118506182437e+00 6.656937981519774894e+01 3.787676829788850341e+01 6.820702579980174107e+01
2.714999999999999858e+00 1.450652124571508272e+00 6.709838269900303942e+01 3.824836144335186816e+01 6.884589168337762999e+01
2.720000000000000195e+00 1.451938947599239915e+00 6.762951632064179819e+01 3.862194993789511699e+01 6.948781463504379019e+01
2.725000000000000089e+00 1.453225581978965009e+00 6.816275899914381853e+01 3.899751450336575687e+01 7.013275436716770628e+01
2.729999999999999982e+00 1.454512022213955591e+00 6.869809233885058575e+01 3.937505082757585484e+01 7.078070301353760385e+01
2.734999999999999876e+00 1.455798262922322506e+00 6.923549731364178683e+01 3.975454376718322180e+01 7.143162922764761902e+01
2.740000000000000213e+00 1.457084298838174696e+00 6.977495187418666944e+01 4.013597833796662684e+01 7.208550663694461491e+01
2.745000000000000107e+00 1.458370124812782276e+00 7.031643797720089140e+01 4.051934878245018012e+01 7.274232239923932752e+01
2.750000000000000000e+00 1.459655735815740485e+00 7.085993270105181807e+01 4.090463754520393991e+01 7.340204171023816571e+01
2.754999999999999893e+00 1.460941126936137202e+00 7.140541483950386237e+01 4.129182793458909373e+01 7.406463367603457471e+01
2.760000000000000231e+00 1.462226293383724007e+00 7.195286391144357196e+01 4.168091240629168226e+01 7.473008362504697288e+01
2.765000000000000124e+00 1.463511230490086357e+00 7.250225852052476228e+01 4.207187361176880103e+01 7.539835993528991764e+01
2.770000000000000018e+00 1.464795933709824194e+00 7.305357850164197941e+01 4.246469825763949757e+01 7.606943355586241751e+01
2.774999999999999911e+00 1.466080398621724123e+00 7.360679985701894168e+01 4.285937143297560681e+01 7.674327859138877272e+01
2.780000000000000249e+00 1.467364620929943797e+00 7.416189796255021349e+01 4.325587744707028293e+01 7.741986572484343299e+01
2.785000000000000142e+00 1.468648596465194744e+00 7.471883974325091060e+01 4.365420186365086863e+01 7.809917073632290396e+01
2.790000000000000036e+00 1.469932321185927426e+00 7.527762974358660131e+01 4.405433547230200730e+01 7.878116903962262541e+01
2.794999999999999929e+00 1.471215791179520282e+00 7.583823029887858524e+01 4.445625185978263261e+01 7.946581480341252757e+01
2.800000000000000266e+00 1.472499002663467449e+00 7.640061492180700498e+01 4.485994186014534080e+01 8.015309247864857412e+01
2.805000000000000160e+00 1.473781951986576466e+00 7.696477437831386226e+01 4.526539527477916636e+01 8.084297839348715797e+01
2.810000000000000053e+00 1.475064635630160437e+00 7.753066865750255943e+01 4.567258217546560672e+01 8.153542197234270361e+01
2.814999999999999947e+00 1.476347050209237288e+00 7.809828274251010782e+01 4.608149749544108431e+01 8.223041083921532390e+01
2.819999999999999840e+00 1.477629192473728592e+00 7.866759163102790353e+01 4.649212291837512367e+01 8.292791324095061611e+01
2.825000000000000178e+00 1.478911059309663267e+00 7.923856500133260283e+01 4.690443076910329978e+01 8.362787654460657905e+01
2.830000000000000071e+00 1.480192647740382617e+00 7.981119189531030145e+01 4.731842352421161735e+01 8.433030502071581225e+01
2.834999999999999964e+00 1.481473954927746250e+00 8.038544220385578853e+01 4.773407260009911823e+01 8.503514386292799543e+01
2.839999999999999858e+00 1.482754978173340454e+00 8.096128485060484081e+01 4.815135931239325373e+01 8.574236364060988080e+01
2.845000000000000195e+00 1.484035714919693882e+00 8.153870258660899140e+01 4.857026688954911720e+01 8.645193176746090558e+01
2.850000000000000089e+00 1.485316162751484814e+00 8.211766503287027774e+01 4.899078034937840442e+01 8.716382271044709285e+01
2.854999999999999982e+00 1.486596319396762178e+00 8.269815499944483861e+01 4.941288176778641628e+01 8.787799877086132483e+01
2.859999999999999876e+00 1.487876182728162133e+00 8.328014095594281230e+01 4.983655054003853735e+01 8.859442755075203024e+01
2.865000000000000213e+00 1.489155750764126207e+00 8.386360679034876853e+01 5.026177791781281456e+01 8.931308768979056367e+01
2.870000000000000107e+00 1.490435021670126092e+00 8.444851544286164824e+01 5.068852940299484544e+01 9.003392244098978381e+01
2.875000000000000000e+00 1.491713993759884893e+00 8.503484836934822511e+01 5.111680007196168418e+01 9.075692134978659453e+01
2.879999999999999893e+00 1.492992665496607696e+00 8.562258314536134662e+01 5.154656642530832045e+01 9.148203660306863583e+01
2.885000000000000231e+00 1.494271035494205480e+00 8.621168786453874588e+01 5.197780629541313857e+01 9.220923627959888336e+01
2.890000000000000124e+00 1.495549102518527240e+00 8.680214540586803196e+01 5.241050882127981936e+01 9.293849517160550988e+01
2.895000000000000018e+00 1.496826865488593894e+00 8.739391963882921743e+01 5.284465120202690969e+01 9.366977522924372579e+01
2.899999999999999911e+00 1.498104323477830180e+00 8.798699198256157672e+01 5.328020811877022567e+01 9.440303001799124161e+01
2.905000000000000249e+00 1.499381475715303225e+00 8.858133874563876020e+01 5.371717353698220165e+01 9.513824755441083880e+01
2.910000000000000142e+00 1.500658321586958444e+00 8.917692990352416871e+01 5.415551776272333484e+01 9.587537573199398366e+01
2.915000000000000036e+00 1.501934860636862323e+00 8.977374090426319242e+01 5.459521961820809111e+01 9.661437543931864980e+01
2.919999999999999929e+00 1.503211092568443430e+00 9.037174774031529978e+01 5.503627251182150815e+01 9.735523923210985231e+01
2.925000000000000266e+00 1.504487017245737190e+00 9.097092011926328325e+01 5.547863986814250126e+01 9.809789573876435043e+01
2.930000000000000160e+00 1.505762634694630231e+00 9.157124122191935101e+01 5.592231944105981256e+01 9.884234494761760459e+01
2.935000000000000053e+00 1.507037945104112264e+00 9.217267912047334733e+01 5.636728336568782538e+01 9.958853696853103088e+01
2.939999999999999947e+00 1.508312948827522426e+00 9.277520368068222467e+01 5.681350453569999814e+01 1.003364229405413823e+02
2.944999999999999840e+00 1.509587646383803383e+00 9.337879689958822382e+01 5.726097370613164372e+01 1.010859875635788825e+02
2.950000000000000178e+00 1.510862038458753664e+00 9.398343670765180491e+01 5.770966733091525214e+01 1.018371854194601269e+02
2.955000000000000071e+00 1.512136125906285322e+00 9.458908996002764979e+01 5.815956634938412151e+01 1.025899860903915766e+02
2.959999999999999964e+00 1.513409909749681370e+00 9.519572748336926793e+01 5.861064696334219803e+01 1.033443494371132374e+02
2.964999999999999858e+00 1.514683391182853445e+00 9.580333873856291405e+01 5.906289800445065197e+01 1.041002482994661307e+02
2.970000000000000195e+00 1.515956571571605682e+00 9.641188420407820558e+01 5.951629491774942693e+01 1.048576484888845357e+02
2.975000000000000089e+00 1.517229452454897709e+00 9.702134233842740230e+01 5.997080759478881617e+01 1.056164908074797779e+02
2.979999999999999982e+00 1.518502035546109630e+00 9.763169372961242232e+01 6.042643400007831644e+01 1.063767739134151213e+02
2.984999999999999876e+00 1.519774322734309235e+00 9.824290121247452134e+01 6.088313817652962001e+01 1.071384343023752592e+02
2.990000000000000213e+00 1.521046316085523209e+00 9.885495447857849172e+01 6.134091353832688043e+01 1.079014605193691096e+02
2.995000000000000107e+00 1.522318017844006111e+00 9.946781610771175508e+01 6.179973281602325130e+01 1.086658050185525894e+02
3.000000000000000000e+00 1.523589430433515579e+00 1.000814686486333187e+02 6.225957347052442969e+01 1.094314258921663452e+02
3.004999999999999893e+00 1.524860556458587313e+00 1.006958868056694172e+02 6.272042235218505368e+01 1.101983013568590479e+02
3.010000000000000231e+00 1.526131398705811604e+00 1.013110467628203963e+02 6.318225663080423971e+01 1.109663906487586900e+02
3.015000000000000124e+00 1.527401960145112314e+00 1.019269180609014711e+02 6.364505308870144518e+01 1.117356562692967543e+02
3.020000000000000018e+00 1.528672243931031183e+00 1.025434757510162598e+02 6.410879203904366364e+01 1.125060625924399318e+02
3.024999999999999911e+00 1.529942253404009023e+00 1.031607016042918019e+02 6.457345999417626103e+01 1.132775867215120655e+02
3.030000000000000249e+00 1.531211992091669805e+00 1.037785731039971182e+02 6.503903663588909012e+01 1.140501887230293505e+02
3.035000000000000142e+00 1.532481463710112957e+00 1.043970517163821228e+02 6.550549174021794840e+01 1.148238253922404510e+02
3.040000000000000036e+00 1.533750672165198337e+00 1.050161321331891173e+02 6.597281616256408654e+01 1.155984672706291718e+02
3.044999999999999929e+00 1.535019621553841640e+00 1.056357764117960159e+02 6.644098393066839492e+01 1.163740814759270847e+02
3.050000000000000266e+00 1.536288316165307810e+00 1.062559750682019910e+02 6.690998410013290254e+01 1.171506392926837492e+02
3.055000000000000160e+00 1.537556760482504448e+00 1.068766956744303656e+02 6.737979525075407139e+01 1.179281097616513421e+02
3.060000000000000053e+00 1.538824959183287211e+00 1.074979133229147834e+02 6.785038528640437505e+01 1.187064342592892530e+02
3.064999999999999947e+00 1.540092917141751672e+00 1.081196109078576626e+02 6.832174794523758976e+01 1.194856012305938293e+02
3.070000000000000284e+00 1.541360639429545376e+00 1.087417578002346517e+02 6.879386116372135973e+01 1.202655772149253863e+02
3.075000000000000178e+00 1.542628131317168361e+00 1.093643412663181778e+02 6.926670732755599147e+01 1.210463270153305189e+02
3.080000000000000071e+00 1.543895398275281439e+00 1.099873240867818680e+02 6.974025266690262015e+01 1.218277934502916651e+02
3.084999999999999964e+00 1.545162445976019150e+00 1.106107018101881749e+02 7.021450069463169541e+01 1.226099817324619892e+02
3.089999999999999858e+00 1.546429280294300046e+00 1.112344418129587353e+02 7.068942210036065887e+01 1.233928428885723889e+02
3.095000000000000195e+00 1.547695907309144969e+00 1.118585276129511215e+02 7.116500367566072782e+01 1.241763532823024292e+02
3.100000000000000089e+00 1.548962333304992001e+00 1.124829268875932087e+02 7.164121077823612893e+01 1.249604522931559956e+02
3.104999999999999982e+00 1.550228564773019402e+00 1.131076288113460606e+02 7.211803969900887523e+01 1.257451338310138738e+02
3.109999999999999876e+00 1.551494608412467890e+00 1.137326142359488443e+02 7.259547602839427327e+01 1.265303713791076916e+02
3.115000000000000213e+00 1.552760471131968911e+00 1.143578450675965428e+02 7.307347942414716613e+01 1.273160998630729352e+02
3.120000000000000107e+00 1.554026160050869576e+00 1.149833234351670654e+02 7.355206057764209504e+01 1.281023312981754714e+02
3.125000000000000000e+00 1.555291682500568706e+00 1.156090114592927307e+02 7.403118454156518169e+01 1.288890123681838986e+02
3.129999999999999893e+00 1.556557046025848434e+00 1.162348973288961105e+02 7.451083480718769181e+01 1.296761086117734578e+02
3.135000000000000231e+00 1.557822258386214909e+00 1.168609563023112514e+02 7.499099067629299498e+01 1.304635859171469860e+02
3.140000000000000124e+00 1.559087327557234559e+00 1.174871680133003338e+02 7.547164224599913496e+01 1.312514306307530774e+02
3.145000000000000018e+00 1.560352261731882795e+00 1.181135169275924568e+02 7.595277253997610956e+01 1.320396113588701894e+02
3.149999999999999911e+00 1.561617069321888263e+00 1.187399836012707226e+02 7.643436052496116417e+01 1.328280875242988373e+02
3.155000000000000249e+00 1.562881758959084433e+00 1.193665479836017767e+02 7.691638914041905650e+01 1.336168342271010374e+02
3.160000000000000142e+00 1.564146339496760740e+00 1.199931951618766988e+02 7.739884714114806741e+01 1.344058286030981435e+02
3.165000000000000036e+00 1.565410820011023496e+00 1.206198954638407059e+02 7.788170684145460143e+01 1.351950309234930785e+02
3.169999999999999929e+00 1.566675209802153468e+00 1.212466404696177733e+02 7.836496125500335097e+01 1.359844182423823042e+02
3.175000000000000266e+00 1.567939518395971676e+00 1.218734096109106559e+02 7.884859373589253551e+01 1.367739717484285791e+02
3.180000000000000160e+00 1.569203755545205192e+00 1.225001791989157169e+02 7.933258490045857059e+01 1.375636515218243972e+02
3.185000000000000053e+00 1.570467931230861369e+00 1.231269433222456797e+02 7.981691939079901488e+01 1.383534326154665166e+02
3.189999999999999947e+00 1.571732055663601191e+00 1.237536769516960646e+02 8.030158208747828041e+01 1.391432880519839443e+02
3.195000000000000284e+00 1.572996139285118833e+00 1.243803606749698218e+02 8.078655041272189408e+01 1.399331814514333701e+02
3.200000000000000178e+00 1.574260192769525224e+00 1.250069820151263826e+02 8.127182158233306097e+01 1.407231102846694171e+02
3.205000000000000071e+00 1.575524227024737378e+00 1.256335292093228020e+02 8.175737774766852795e+01 1.415130376717089860e+02
3.209999999999999964e+00 1.576788253193867284e+00 1.262599714262401278e+02 8.224319224499332392e+01 1.423029212440190463e+02
3.214999999999999858e+00 1.578052282656617233e+00 1.268863091279238375e+02 8.272926561014487845e+01 1.430927625045573564e+02
3.220000000000000195e+00 1.579316327030685141e+00 1.275125236807074032e+02 8.321557684759673634e+01 1.438825180579346750e+02
3.225000000000000089e+00 1.580580398173165202e+00 1.281385892625865495e+02 8.370210657833933965e+01 1.446721648296483238e+02
3.229999999999999982e+00 1.581844508181959430e+00 1.287644935799781649e+02 8.418884551256795135e+01 1.454616853278169515e+02
3.234999999999999876e+00 1.583108669397191415e+00 1.293902302555246706e+02 8.467578043979874280e+01 1.462510502568314621e+02
3.240000000000000213e+00 1.584372894402625409e+00 1.300157825667751297e+02 8.516289702797902805e+01 1.470402386327024260e+02
3.245000000000000107e+00 1.585637196027092743e+00 1.306411305336673365e+02 8.565017970938380643e+01 1.478292233179129482e+02
3.250000000000000000e+00 1.586901587345919129e+00 1.312662691602868108e+02 8.613762078091117758e+01 1.486179897285296931e+02
3.254999999999999893e+00 1.588166081682362174e+00 1.318911700109634921e+02 8.662519777798623011e+01 1.494065058172934073e+02
3.260000000000000231e+00 1.589430692609048013e+00 1.325158375145042271e+02 8.711290873563940806e+01 1.501947589174654354e+02
3.265000000000000124e+00 1.590695433949419924e+00 1.331402446726506810e+02 8.760072721100364390e+01 1.509827074904149242e+02
3.270000000000000018e+00 1.591960319779189614e+00 1.337643846319822103e+02 8.808865344666423880e+01 1.517703559087145493e+02
3.274999999999999911e+00 1.593225364427793389e+00 1.343882399828625580e+02 8.857666186745584014e+01 1.525576559740447635e+02
3.280000000000000249e+00 1.594490582479856755e+00 1.350118103043992619e+02 8.906475426411329011e+01 1.533446080251408716e+02
3.285000000000000142e+00 1.595755988776664358e+00 1.356350724208417944e+02 8.955291460083078903e+01 1.541311901145987520e+02
3.290000000000000036e+00 1.597021598417631694e+00 1.362580173081597934e+02 9.004112158912531072e+01 1.549173619318485464e+02
3.294999999999999929e+00 1.598287426761794583e+00 1.368806356357757750e+02 9.052937632924967204e+01 1.557031264846885961e+02
3.300000000000000266e+00 1.599553489429289543e+00 1.375029193595956940e+02 9.101766912940480836e+01 1.564884655599629468e+02
3.305000000000000160e+00 1.600819802302856587e+00 1.381248495389783670e+02 9.150597251792706288e+01 1.572733335605094283e+02
3.310000000000000053e+00 1.602086381529337800e+00 1.387464127872737265e+02 9.199428116872476835e+01 1.580577267102015355e+02
3.314999999999999947e+00 1.603353243521186133e+00 1.393676140481870505e+02 9.248259713967232187e+01 1.588416372620857260e+02
3.320000000000000284e+00 1.604620404957985969e+00 1.399884370350135327e+02 9.297090484665064025e+01 1.596250460408363665e+02
3.325000000000000178e+00 1.605887882787973897e+00 1.406088634637225141e+02 9.345918045041319999e+01 1.604079093961463229e+02
3.330000000000000071e+00 1.607155694229572163e+00 1.412288925400186770e+02 9.394743169814302064e+01 1.611902467109163126e+02
3.334999999999999964e+00 1.608423856772927873e+00 1.418485154632812737e+02 9.443563746611116017e+01 1.619720097049122955e+02
3.339999999999999858e+00 1.609692388181460876e+00 1.424677253523071556e+02 9.492379736761994025e+01 1.627531998792611603e+02
3.345000000000000195e+00 1.610961306493419842e+00 1.430865073884151855e+02 9.541190929504129770e+01 1.635338297865752963e+02
3.350000000000000089e+00 1.612230630023444355e+00 1.437048499668748036e+02 9.589992885441060366e+01 1.643138044242935791e+02
3.354999999999999982e+00 1.613500377364142535e+00 1.443227545964823832e+02 9.638787799573245252e+01 1.650931711051145214e+02
3.359999999999999876e+00 1.614770567387667999e+00 1.449402092447217569e+02 9.687573752456138720e+01 1.658718872227635472e+02
3.365000000000000213e+00 1.616041219247312144e+00 1.455572046990758679e+02 9.736350359291827772e+01 1.666499596944567543e+02
3.370000000000000107e+00 1.617312352379102647e+00 1.461737326091001989e+02 9.785115534570134344e+01 1.674273444167342291e+02
3.375000000000000000e+00 1.618583986503417060e+00 1.467897930527041979e+02 9.833870277202191801e+01 1.682040573392543479e+02
3.379999999999999893e+00 1.619856141626595081e+00 1.474053761574655255e+02 9.882612571225861586e+01 1.689800657540275211e+02
3.385000000000000231e+00 1.621128838042573905e+00 1.480204746070531883e+02 9.931342455854640150e+01 1.697553727874166611e+02
3.390000000000000124e+00 1.622402096334521149e+00 1.486350861528203779e+02 9.980058837947763095e+01 1.705299564861488193e+02
3.395000000000000018e+00 1.623675937376488410e+00 1.492491922559417787e+02 1.002876042976062934e+02 1.713038001384218774e+02
3.399999999999999911e+00 1.624950382335069499e+00 1.498628061157666025e+02 1.007744771675839957e+02 1.720769021475861109e+02
3.405000000000000249e+00 1.626225452671069327e+00 1.504759045602151843e+02 1.012611814574451188e+02 1.728492279486827670e+02
3.410000000000000142e+00 1.627501170141188780e+00 1.510885005010142947e+02 1.017477328728130885e+02 1.736207944437475987e+02
3.415000000000000036e+00 1.628777556799715365e+00 1.517005731328554816e+02 1.022341118577624286e+02 1.743915797502411067e+02
3.419999999999999929e+00 1.630054635000228513e+00 1.523121260733149427e+02 1.027203099003901201e+02 1.751615614742130447e+02
3.425000000000000266e+00 1.631332427397314877e+00 1.529231498408460936e+02 1.032063313373964206e+02 1.759307548466073854e+02
3.430000000000000160e+00 1.632610956948298497e+00 1.535336497057165843e+02 1.036921637630313882e+02 1.766991277501919342e+02
3.435000000000000053e+00 1.633890246914980304e+00 1.541436100024977520e+02 1.041777929299300212e+02 1.774666617712408652e+02
3.439999999999999947e+00 1.635170320865392934e+00 1.547530393023551767e+02 1.046632359263062142e+02 1.782333885353957328e+02
3.445000000000000284e+00 1.636451202675564431e+00 1.553619250693702725e+02 1.051484667590139850e+02 1.789992577074224300e+02
3.450000000000000178e+00 1.637732916531301264e+00 1.559702677213712150e+02 1.056334885569330311e+02 1.797642789031436905e+02
3.455000000000000071e+00 1.639015486929979559e+00 1.565780694209352077e+02 1.061183036535654196e+02 1.805284518884948568e+02
3.459999999999999964e+00 1.640298938682350771e+00 1.571853168700563117e+02 1.066028934421051844e+02 1.812917511842956628e+02
3.464999999999999858e+00 1.641583296914366441e+00 1.577920119106123309e+02 1.070872555934484609e+02 1.820541708059454891e+02
3.470000000000000195e+00 1.642868587069010289e+00 1.583981683077504385e+02 1.075714064072123364e+02 1.828157305692734553e+02
3.475000000000000089e+00 1.644154834908149621e+00 1.590037608369451050e+02 1.080553126851175278e+02 1.835763799006982424e+02
3.479999999999999982e+00 1.645442066514400281e+00 1.596087899167062858e+02 1.085389781086807091e+02 1.843361359158789412e+02
3.484999999999999876e+00 1.646730308293007594e+00 1.602132695029646641e+02 1.090224122225848049e+02 1.850949986527037368e+02
3.490000000000000213e+00 1.648019586973742623e+00 1.608171895475635154e+02 1.095055989413924493e+02 1.858529460023303272e+02
3.495000000000000107e+00 1.649309929612814640e+00 1.614205488559742321e+02 1.099885397676055163e+02 1.866099817934077691e+02
3.500000000000000000e+00 1.650601363594798476e+00 1.620233509301689026e+02 1.104712374997456976e+02 1.873661119636601313e+02
3.504999999999999893e+00 1.651893916634581849e+00 1.626239324700096347e+02 1.109523098438900774e+02 1.881166619448702022e+02
3.510000000000000231e+00 1.653187616779326907e+00 1.632239392992116507e+02 1.114331165199674558e+02 1.888662264288227277e+02
3.515000000000000124e+00 1.654482492410449757e+00 1.638233643355559366e+02 1.119136422751277991e+02 1.896147782417781684e+02
3.520000000000000018e+00 1.655778572245619973e+00 1.644222179756199012e+02 1.123938983239556961e+02 1.903623375164800677e+02
3.524999999999999911e+00 1.657075885340773880e+00 1.650204909430846669e+02 1.128738724861809146e+02 1.911088831019312977e+02
3.530000000000000249e+00 1.658374461092151142e+00 1.656181818616636576e+02 1.133535607754197514e+02 1.918544088747104581e+02
3.535000000000000142e+00 1.659674329238346902e+00 1.662153086257526127e+02 1.138329833946289682e+02 1.925989472893256789e+02
3.540000000000000036e+00 1.660975519862385452e+00 1.668118579645291675e+02 1.143121152920336243e+02 1.933424569898465677e+02
3.544999999999999929e+00 1.662278063393811456e+00 1.674078445058338787e+02 1.147909715923926797e+02 1.940849598451249278e+02
3.550000000000000266e+00 1.663581990610803807e+00 1.680032554311484319e+02 1.152695364324743110e+02 1.948264284230528176e+02
3.555000000000000160e+00 1.664887332642308815e+00 1.685981080448879368e+02 1.157478306617908430e+02 1.955669014856948706e+02
3.560000000000000053e+00 1.666194120970192039e+00 1.691923888423558537e+02 1.162258263775629530e+02 1.963063325125217489e+02
3.564999999999999947e+00 1.667502387431416100e+00 1.697860996416649471e+02 1.167035301127128832e+02 1.970447321181431164e+02
3.570000000000000284e+00 1.668812164220237593e+00 1.703792555974591494e+02 1.171809512732750704e+02 1.977821137706098966e+02
3.575000000000000178e+00 1.670123483890425531e+00 1.709718438346521339e+02 1.176580776580176888e+02 1.985184636598557688e+02
3.580000000000000071e+00 1.671436379357503110e+00 1.715638833359273292e+02 1.181349180492883306e+02 1.992537874384205736e+02
3.584999999999999964e+00 1.672750883901015451e+00 1.721553678546179924e+02 1.186114790618819512e+02 1.999880955687954440e+02
3.589999999999999858e+00 1.674067031166816655e+00 1.727463094686642933e+02 1.190877456238281553e+02 2.007213654301036456e+02
3.595000000000000195e+00 1.675384855169382847e+00 1.733366911975202811e+02 1.195637143763605650e+02 2.014536012693922657e+02
3.600000000000000089e+00 1.676704390294149860e+00 1.739265428013411281e+02 1.200394058264236179e+02 2.021848263050230798e+02
3.604999999999999982e+00 1.678025671299876453e+00 1.745158516006596585e+02 1.205148066165232450e+02 2.029150216807771301e+02
3.609999999999999876e+00 1.679348733321033071e+00 1.751046223948453928e+02 1.209899181143492228e+02 2.036441926836315020e+02
3.615000000000000213e+00 1.680673611870211692e+00 1.756928684123330981e+02 1.214647519775505202e+02 2.043723527456205318e+02
3.620000000000000107e+00 1.682000342840573426e+00 1.762805912468737404e+02 1.219393030716100412e+02 2.050994963963604505e+02
3.625000000000000000e+00 1.683328962508309878e+00 1.768677812882636999e+02 1.224135541232273567e+02 2.058255965081758063e+02
3.629999999999999893e+00 1.684659507535143819e+00 1.774544680549094551e+02 1.228875462177327478e+02 2.065507167682183365e+02
3.635000000000000231e+00 1.685992014970846498e+00 1.780406387103144255e+02 1.233612477963280298e+02 2.072748106768401328e+02
3.640000000000000124e+00 1.687326522255794936e+00 1.786262970949666453e+02 1.238346622698369970e+02 2.079978821403284712e+02
3.645000000000000018e+00 1.688663067223552527e+00 1.792114581947639067e+02 1.243078113118639294e+02 2.087199684037208556e+02
3.649999999999999911e+00 1.690001688103477839e+00 1.797961113766299377e+02 1.247806658496741932e+02 2.094410210050499472e+02
3.655000000000000249e+00 1.691342423523365834e+00 1.803802855442245345e+02 1.252532657894149395e+02 2.101611099740932502e+02
3.660000000000000142e+00 1.692685312512123508e+00 1.809639704794429917e+02 1.257255868901924742e+02 2.108801878111577253e+02
3.665000000000000036e+00 1.694030394502469727e+00 1.815471807863933122e+02 1.261976507893116519e+02 2.115982994063554656e+02
3.669999999999999929e+00 1.695377709333675487e+00 1.821299208958714928e+02 1.266694478475021697e+02 2.123154235210996319e+02
3.675000000000000266e+00 1.696727297254325917e+00 1.827121937140436501e+02 1.271409825382319099e+02 2.130315657842445205e+02
3.680000000000000160e+00 1.698079198925130706e+00 1.832940009742297320e+02 1.276122493585777846e+02 2.137467260572390444e+02
3.685000000000000053e+00 1.699433455421752726e+00 1.838753458271136765e+02 1.280832484408018672e+02 2.144609045952281008e+02
3.689999999999999947e+00 1.700790108237682396e+00 1.844562574844279084e+02 1.285540147519678840e+02 2.151741567387560963e+02
3.695000000000000284e+00 1.702149199287140036e+00 1.850367277880500581e+02 1.290245261478769692e+02 2.158864449793705944e+02
3.700000000000000178e+00 1.703510770908022831e+00 1.856167713740265413e+02 1.294947981411707474e+02 2.165977938713272408e+02
3.705000000000000071e+00 1.704874865864877798e+00 1.861963768668335888e+02 1.299648112902432047e+02 2.173081796060961608e+02
3.709999999999999964e+00 1.706241527351919807e+00 1.867755765534476780e+02 1.304345988829894623e+02 2.180176546656977621e+02
3.714999999999999858e+00 1.707610798996081591e+00 1.873543598174071860e+02 1.309041486599332131e+02 2.187261975124598905e+02
3.720000000000000195e+00 1.708982724860113711e+00 1.879327415168531275e+02 1.313734660172141560e+02 2.194338248878166553e+02
3.725000000000000089e+00 1.710357349445704500e+00 1.885107282300691907e+02 1.318425548101685081e+02 2.201405310049954949e+02
3.729999999999999982e+00 1.711734717696661745e+00 1.890883202476364318e+02 1.323114123618767621e+02 2.208463338246884291e+02
3.734999999999999876e+00 1.713114875002117454e+00 1.896655515433492667e+02 1.327800687315407231e+02 2.215512563037723339e+02
3.740000000000000213e+00 1.714497867199787251e+00 1.902423949806451731e+02 1.332484950959488401e+02 2.222552766007739820e+02
3.745000000000000107e+00 1.715883740579261962e+00 1.908188822648856444e+02 1.337167222122950534e+02 2.229584449972813900e+02
3.750000000000000000e+00 1.717272541885350057e+00 1.913950203709988500e+02 1.341847435103540818e+02 2.236607327905661009e+02
3.754999999999999893e+00 1.718664318321458495e+00 1.919708080610844547e+02 1.346525622957070993e+02 2.243621656841959862e+02
3.760000000000000231e+00 1.720059117553022654e+00 1.925462661994215523e+02 1.351201906413587039e+02 2.250627520386315155e+02
3.765000000000000124e+00 1.721456987710977105e+00 1.931213979397946048e+02 1.355876337143112096e+02 2.257625093004142514e+02
3.770000000000000018e+00 1.722857977395276574e+00 1.936962198303616560e+02 1.360549014647117758e+02 2.264614528782761056e+02
3.774999999999999911e+00 1.724262135678464647e+00 1.942707224030242514e+02 1.365219777668671099e+02 2.271595632914681744e+02
3.780000000000000249e+00 1.725669512109285098e+00 1.948449249409129891e+02 1.369888781405450118e+02 2.278568623262897290e+02
3.785000000000000142e+00 1.727080156716347847e+00 1.954188454385281943e+02 1.374556230289586267e+02 2.285533858225898314e+02
3.790000000000000036e+00 1.728494120011841551e+00 1.959924858947754558e+02 1.379222039725724187e+02 2.292491227771581350e+02
3.794999999999999929e+00 1.729911452995299248e+00 1.965658509851892006e+02 1.383886240440079405e+02 2.299440840522111671e+02
3.800000000000000266e+00 1.731332207157411762e+00 1.971389589029012086e+02 1.388548963673039509e+02 2.306382811640727653e+02
3.805000000000000160e+00 1.732756434483898600e+00 1.977118167574058702e+02 1.393210277783433355e+02 2.313317436787177144e+02
3.810000000000000053e+00 1.734184187459427706e+00 1.982844389772687634e+02 1.397870252727322509e+02 2.320244714434668083e+02
3.814999999999999947e+00 1.735615519071593615e+00 1.988568323397815334e+02 1.402528946030448651e+02 2.327164835052803937e+02
3.820000000000000284e+00 1.737050482814948671e+00 1.994290021818133880e+02 1.407186274306461371e+02 2.334077629398660747e+02
3.825000000000000178e+00 1.738489132695088868e+00 2.000009787624186686e+02 1.411842698257846109e+02 2.340983944605226270e+02
3.830000000000000071e+00 1.739931523232801869e+00 2.005727404264031577e+02 1.416497759265209027e+02 2.347883006475640570e+02
3.834999999999999964e+00 1.741377709468272084e+00 2.011443315616166387e+02 1.421152009464297805e+02 2.354775742294439453e+02
3.839999999999999858e+00 1.742827746965340152e+00 2.017157328354726928e+02 1.425805080141830103e+02 2.361661648089728942e+02
3.845000000000000195e+00 1.744281691815829705e+00 2.022869887992696931e+02 1.430457516486968643e+02 2.368541491102943439e+02
3.850000000000000089e+00 1.745739600643932299e+00 2.028580756196703874e+02 1.435108926851050910e+02 2.375414813074257836e+02
3.854999999999999982e+00 1.747201530610656750e+00 2.034290289491744659e+02 1.439759724369437777e+02 2.382282259635260004e+02
3.859999999999999876e+00 1.748667539418339745e+00 2.039998518616355625e+02 1.444409823113900586e+02 2.389143670447222974e+02
3.865000000000000213e+00 1.750137685315223512e+00 2.045705516315107957e+02 1.449059292067796605e+02 2.395999292118604842e+02
3.870000000000000107e+00 1.751612027100100555e+00 2.051411452400185738e+02 1.453708226362877269e+02 2.402849251223949238e+02
3.875000000000000000e+00 1.753090624127023878e+00 2.057116523851510408e+02 1.458356832103438876e+02 2.409693825283374338e+02
3.879999999999999893e+00 1.754573536310083837e+00 2.062820799424055735e+02 1.463005171460239353e+02 2.416533295914764778e+02
3.885000000000000231e+00 1.756060824128258258e+00 2.068524196316882637e+02 1.467652950112218377e+02 2.423367121378969102e+02
3.890000000000000124e+00 1.757552548630337386e+00 2.074227183699033503e+02 1.472300799171224241e+02 2.430196422182220317e+02
3.895000000000000018e+00 1.759048771439909009e+00 2.079929533101202992e+02 1.476948287724270870e+02 2.437020517854445529e+02
3.899999999999999911e+00 1.760549554760425739e+00 2.085631728547238879e+02 1.481596012393896160e+02 2.443840392022914330e+02
3.905000000000000249e+00 1.762054961380348228e+00 2.091333557383761388e+02 1.486243541183949333e+02 2.450655423879700834e+02
3.910000000000000142e+00 1.763565054678360111e+00 2.097035348997662823e+02 1.490891342765173988e+02 2.457466329312462108e+02
3.915000000000000036e+00 1.765079898628665322e+00 2.102737308599931509e+02 1.495539477662039474e+02 2.464273274978078803e+02
3.919999999999999929e+00 1.766599557806353804e+00 2.108439221014103566e+02 1.500187691346995962e+02 2.471076009298769520e+02
3.925000000000000266e+00 1.768124097392861804e+00 2.114141572741270636e+02 1.504836481783435147e+02 2.477875219357351284e+02
3.930000000000000160e+00 1.769653583181507006e+00 2.119844409382787944e+02 1.509485814284511491e+02 2.484670913122151319e+02
3.935000000000000053e+00 1.771188081583099816e+00 2.125547657948796427e+02 1.514135568684365580e+02 2.491463053819039430e+02
3.939999999999999947e+00 1.772727659631656794e+00 2.131251677366525996e+02 1.518786144781900020e+02 2.498252255354467763e+02
3.945000000000000284e+00 1.774272384990179141e+00 2.136956541320566885e+02 1.523437436208430711e+02 2.505038298389687839e+02
3.950000000000000178e+00 1.775822325956536885e+00 2.142662290661294548e+02 1.528089527569323138e+02 2.511821583817796295e+02
3.955000000000000071e+00 1.777377551469432548e+00 2.148369164070637112e+02 1.532742582414588242e+02 2.518602249483105595e+02
3.959999999999999964e+00 1.778938131114458976e+00 2.154077322210026182e+02 1.537396792091268196e+02 2.525380698543362996e+02
3.965000000000000302e+00 1.780504135130244192e+00 2.159786740946001373e+02 1.542051991302581371e+02 2.532156731630811350e+02
3.970000000000000195e+00 1.782075634414699072e+00 2.165497756681010060e+02 1.546708549722731050e+02 2.538930984877262347e+02
3.975000000000000089e+00 1.783652700531359159e+00 2.171210456097156509e+02 1.551366527565932358e+02 2.545703646650948428e+02
3.979999999999999982e+00 1.785235405715812629e+00 2.176924879378180435e+02 1.556025803388306485e+02 2.552474473994827235e+02
3.984999999999999876e+00 1.786823822882243729e+00 2.182641251717635384e+02 1.560686699446361558e+02 2.559244139278279420e+02
3.990000000000000213e+00 1.788418025630066133e+00 2.188359679351029570e+02 1.565349211727450154e+02 2.566012698439752171e+02
3.995000000000000107e+00 1.790018088250662442e+00 2.194080329890227858e+02 1.570013412771706953e+02 2.572780229221457944e+02
4.000000000000000000e+00 1.791624085734228267e+00 2.199803458049269977e+02 1.574679670037838548e+02 2.579547394570486745e+02
