% raindrop T-matrix calculations using the code of Leinonen, J., "Python code for T-matrix scattering calculations". Available at https://github.com/jleinonen/pytmatrix/. 
% 
% refractive index calculations after Ray, P., 1972:  Broadband Complex Refractive Indices of Ice and Water, Appl. Opt. 11, 1836-1844 
% 
% raindrop aspect ratio estimated with the methodology of Brandes, Edward & Zhang, Guifu & Vivekanandan, Jothiram. (2005). Corrigendum. Journal of Applied Meteorology. 44. 186-. 10.1175/1520-0450(2005)44<186:C>2.0.CO;2. 
% 
% wave length: 8.444858 mm 
% temperature: 268.15 K 
% refractive index: 3.741915941238403320e+00 + 2.298864364624023438e+00 i 
% 
%r_eqv[mm]               axial ratio              ext[mm2]                 sca[mm2]                 back[mm2]
5.000000000000000104e-03 9.999900000999989436e-01 1.468316248631418332e-07 3.471403862056301929e-14 5.207042406125168424e-14
1.000000000000000021e-02 9.999900000999989436e-01 1.174943223835855450e-06 2.221797928765453071e-12 3.332534125099664860e-12
1.499999999999999944e-02 9.999900000999989436e-01 3.967072329131899538e-06 2.530954391650711558e-11 3.796014222631097577e-11
2.000000000000000042e-02 9.999900000999989436e-01 9.408893091779988870e-06 1.422203778332720277e-10 2.132888733484505663e-10
2.500000000000000139e-02 9.999900000999989436e-01 1.839052100518110433e-05 5.426000712452819167e-10 8.136516052470431690e-10
2.999999999999999889e-02 9.999900000999989436e-01 3.180804966321184088e-05 1.620458905371613153e-09 2.429619968360605990e-09
3.500000000000000333e-02 9.999900000999989436e-01 5.056510540785051297e-05 4.086978032301469992e-09 6.126800706617785899e-09
4.000000000000000083e-02 9.999900000999989436e-01 7.557444416638869206e-05 9.108572721911574514e-09 1.365219115604544551e-08
4.499999999999999833e-02 9.999900000999989436e-01 1.077595741415883534e-04 1.847032541642397261e-08 2.767812307858637773e-08
5.000000000000000278e-02 9.999900000999989436e-01 1.480564257979441922e-04 3.476493300330395369e-08 5.208384627496316261e-08
5.500000000000000028e-02 9.999900000999989436e-01 1.974149917610725760e-04 6.160727969571921644e-08 9.227472908911237292e-08
5.999999999999999778e-02 9.999900000999989436e-01 2.568011156269855489e-04 1.038749311204020640e-07 1.555393045747387662e-07
6.500000000000000222e-02 9.999900000999989436e-01 3.271982299626455043e-04 1.679745349853240699e-07 2.514439017326120274e-07
7.000000000000000666e-02 9.999900000999989436e-01 4.096091169796274426e-04 2.621345298290982917e-07 3.922652011049275433e-07
7.499999999999999722e-02 9.999900000999989436e-01 5.050578376834443653e-04 3.967245316258059342e-07 5.934609831355672401e-07
8.000000000000000167e-02 9.999900000999989436e-01 6.145914530059750150e-04 5.846009227375784397e-07 8.741780473915979622e-07
8.500000000000000611e-02 9.999900000999989436e-01 7.392822202920796767e-04 8.414801855851884060e-07 1.257799282314374574e-06
8.999999999999999667e-02 9.999900000999989436e-01 8.802291453046902142e-04 1.186339252944233003e-06 1.772528440898086597e-06
9.500000000000000111e-02 9.999900000999989436e-01 1.038560435781575760e-03 1.641842867613900748e-06 2.452012236885505510e-06
1.000000000000000056e-01 9.999900000999989436e-01 1.215435163939386758e-03 2.234800020410954810e-06 3.336002463514531489e-06
1.049999999999999961e-01 9.999900000999989436e-01 1.412045855555686420e-03 2.996649141074233217e-06 4.471057231112260482e-06
1.100000000000000006e-01 9.999900000999989436e-01 1.629619976121929933e-03 3.963969332508170433e-06 5.911276831648640860e-06
1.150000000000000050e-01 9.999900000999989436e-01 1.869422645294062900e-03 5.179023829525581220e-06 7.719083036063466703e-06
1.199999999999999956e-01 9.999900000999989436e-01 2.132758922672509799e-03 6.690332284764417517e-06 9.966036251302441858e-06
1.250000000000000000e-01 9.999900000999989436e-01 2.420975404449871721e-03 8.553271284880140432e-06 1.273368917117373021e-05
1.300000000000000044e-01 9.999900000999989436e-01 2.735463912600017301e-03 1.083070673131536252e-05 1.611448185360006585e-05
1.350000000000000089e-01 9.999900000999989436e-01 3.077662426077277299e-03 1.359366424221190696e-05 2.021268690925047388e-05
1.400000000000000133e-01 9.999900000999989436e-01 3.449058309187378463e-03 1.692200927369682606e-05 2.514536194631280638e-05
1.449999999999999900e-01 9.999900000999989436e-01 3.851191403108670044e-03 2.090519177707061068e-05 3.104339070034353845e-05
1.499999999999999944e-01 9.999900000999989436e-01 4.285654920667673028e-03 2.564299636701680514e-05 3.805252400950881995e-05
1.549999999999999989e-01 9.999900000999989436e-01 4.754100408044752320e-03 3.124633339948790694e-05 4.633447311326954976e-05
1.600000000000000033e-01 9.999900000999989436e-01 5.258237565326676771e-03 3.783807423070203552e-05 5.606805944028845842e-05
1.650000000000000078e-01 9.999900000999989436e-01 5.799840817913085901e-03 4.555391475523154623e-05 6.745039650604994395e-05
1.700000000000000122e-01 9.999900000999989436e-01 6.380748259531915378e-03 5.454326267706576371e-05 8.069809704680744474e-05
1.750000000000000167e-01 9.999900000999989436e-01 7.002867204452633935e-03 6.497016658422346256e-05 9.604853092439113386e-05
1.799999999999999933e-01 9.999900000999989436e-01 7.668176129150872794e-03 7.701431445092010079e-05 1.137611751135542154e-04
1.849999999999999978e-01 9.999900000999989436e-01 8.378727304359947711e-03 9.087202414222385783e-05 1.341189400969084334e-04
1.900000000000000022e-01 1.000338260324268314e+00 9.138665017089570020e-03 1.067841901086502977e-04 1.574704352477777555e-04
1.950000000000000067e-01 1.000344839311130496e+00 9.946379595294011985e-03 1.249349303867134384e-04 1.840758073156299713e-04
2.000000000000000111e-01 1.000357515291503407e+00 1.080602979058364194e-02 1.456000775109111706e-04 2.143320398526772771e-04
2.050000000000000155e-01 1.000376259251188893e+00 1.172000771736784325e-02 1.690537254920499897e-04 2.486308030486468501e-04
2.099999999999999922e-01 1.000401042453005207e+00 1.269079864771521272e-02 1.955923231296454845e-04 2.873947847704746311e-04
2.149999999999999967e-01 1.000431836433301802e+00 1.372097925598219671e-02 2.255360293013697109e-04 3.310794742529954014e-04
2.200000000000000011e-01 1.000468612998516083e+00 1.481322983475938035e-02 2.592297626067906853e-04 3.801744783998348793e-04
2.250000000000000056e-01 1.000511344221778787e+00 1.597033047435238856e-02 2.970448965892011546e-04 4.352057828924952220e-04
2.300000000000000100e-01 1.000560002439564444e+00 1.719516741125105136e-02 3.393804335497976454e-04 4.967372180838694560e-04
2.350000000000000144e-01 1.000614560248383578e+00 1.849073796362067645e-02 3.866644781090968516e-04 5.653723599979987172e-04
2.399999999999999911e-01 1.000674990501522643e+00 1.986015142779799444e-02 4.393558912218555349e-04 6.417566754379757862e-04
2.449999999999999956e-01 1.000741266305821942e+00 2.130663792948729249e-02 4.979457593174882978e-04 7.265793803900061527e-04
2.500000000000000000e-01 1.000813361018499714e+00 2.283354681123643537e-02 5.629588065167762286e-04 8.205751954749406331e-04
2.550000000000000044e-01 1.000891248244015541e+00 2.444435483179090499e-02 6.349555367867914298e-04 9.245271728669807870e-04
2.600000000000000089e-01 1.000974901830975039e+00 2.614267047200555943e-02 7.145334005582192408e-04 1.039268039476979287e-03
2.650000000000000133e-01 1.001064295869075416e+00 2.793223208187272516e-02 8.023290028608502916e-04 1.165683099136379268e-03
2.700000000000000178e-01 1.001159404686088994e+00 2.981692360320175109e-02 8.990198398122604571e-04 1.304712390969768035e-03
2.750000000000000222e-01 1.001260202844886926e+00 3.180076747672971188e-02 1.005325695359502239e-03 1.457352338739272826e-03
2.800000000000000266e-01 1.001366665140501100e+00 3.388793626310840357e-02 1.122011712618526487e-03 1.624659866368299453e-03
2.850000000000000311e-01 1.001478766597222014e+00 3.608275408487170155e-02 1.249889113893105355e-03 1.807753012891290733e-03
2.899999999999999800e-01 1.001596482465736404e+00 3.838969861559969610e-02 1.389818276847065151e-03 2.007815020954515500e-03
2.949999999999999845e-01 1.001719788220298835e+00 4.081341837032791131e-02 1.542710601102423133e-03 2.226096619607469823e-03
2.999999999999999889e-01 1.001848659555939935e+00 4.335872108543925574e-02 1.709530052900601772e-03 2.463917816396111668e-03
3.049999999999999933e-01 1.001983072385710605e+00 4.603058554593698892e-02 1.891296926865205239e-03 2.722672969687168001e-03
3.099999999999999978e-01 1.002123002837959964e+00 4.883417212652786665e-02 2.089088506528633937e-03 3.003831223715216266e-03
3.150000000000000022e-01 1.002268427253648841e+00 5.177481650208252267e-02 2.304042792585101352e-03 3.308941534690922320e-03
3.200000000000000067e-01 1.002419322183694117e+00 5.485804392203896124e-02 2.537360886022554159e-03 3.639635636196750235e-03
3.250000000000000111e-01 1.002575664386349930e+00 5.808957232400360077e-02 2.790308258277512683e-03 3.997629373124388097e-03
3.300000000000000155e-01 1.002737430824617970e+00 6.147531057067161242e-02 3.064218915356755300e-03 4.384728356074642057e-03
3.350000000000000200e-01 1.002904598663692415e+00 6.502137029682827918e-02 3.360497987975462775e-03 4.802831186718457129e-03
3.400000000000000244e-01 1.003077145268434833e+00 6.873407486312479997e-02 3.680624683070045366e-03 5.253933293137062928e-03
3.450000000000000289e-01 1.003255048200880628e+00 7.261994876957954259e-02 4.026152559965052481e-03 5.740126842023842053e-03
3.500000000000000333e-01 1.003438285217776782e+00 7.668574722721993586e-02 4.398717029316464092e-03 6.263611170889073383e-03
3.549999999999999822e-01 1.003626834268148693e+00 8.093843455520732810e-02 4.800035227845189136e-03 6.826692196234667061e-03
3.599999999999999867e-01 1.003820673490896542e+00 8.538520524740991768e-02 5.231909895336159244e-03 7.431787517807850012e-03
3.649999999999999911e-01 1.004019781212422524e+00 9.003348967463227492e-02 5.696233322123324741e-03 8.081431779649962677e-03
3.699999999999999956e-01 1.004224135944284502e+00 9.489094950425731867e-02 6.194989226453977670e-03 8.778278969276943899e-03
3.750000000000000000e-01 1.004433716380879638e+00 9.996549174360847001e-02 6.730259467839579297e-03 9.525111838472080997e-03
3.800000000000000044e-01 1.004648501397155336e+00 1.052652702395580619e-01 7.304223657482866207e-03 1.032484085719263291e-02
3.850000000000000089e-01 1.004868470046347273e+00 1.107986868238099859e-01 7.919164238877054660e-03 1.118051141820759417e-02
3.900000000000000133e-01 1.005093601557745631e+00 1.165744079721967030e-01 8.577471348772128940e-03 1.209531051097087820e-02
3.950000000000000178e-01 1.005323875334485528e+00 1.226013526016816596e-01 9.281646817228436999e-03 1.307257225770948675e-02
4.000000000000000222e-01 1.005559270951367434e+00 1.288887199867848610e-01 1.003430518231697086e-02 1.411577927637040417e-02
4.050000000000000266e-01 1.005799768152698448e+00 1.354459542186386145e-01 1.083818068957508214e-02 1.522857267936885729e-02
4.100000000000000311e-01 1.006045346850164002e+00 1.422827984082874198e-01 1.169613188640591071e-02 1.641475863993076267e-02
4.150000000000000355e-01 1.006295987120720881e+00 1.494092713401877770e-01 1.261114364166181570e-02 1.767831126242693646e-02
4.199999999999999845e-01 1.006551669204517108e+00 1.568356545763539833e-01 1.358633153593112250e-02 1.902337913090343044e-02
4.249999999999999889e-01 1.006812373502834479e+00 1.645725619938023243e-01 1.462494902938460926e-02 2.045429548196596795e-02
4.299999999999999933e-01 1.007078080576055967e+00 1.726308356851433967e-01 1.573039188772792918e-02 2.197558558821240821e-02
4.349999999999999978e-01 1.007348771141657329e+00 1.810216738894034894e-01 1.690619315699207897e-02 2.359195883353622583e-02
4.400000000000000022e-01 1.007624426072219359e+00 1.897565304281717546e-01 1.815605153252124876e-02 2.530835095776169663e-02
4.450000000000000067e-01 1.007905026393466796e+00 1.988471925202973944e-01 1.948380429906113737e-02 2.712988493977599655e-02
4.500000000000000111e-01 1.008190553282325652e+00 2.083057151608849189e-01 2.089346265806437536e-02 2.906192321624461589e-02
4.550000000000000155e-01 1.008480988065006079e+00 2.181444942414287880e-01 2.238919484764401516e-02 3.111004345243563105e-02
4.600000000000000200e-01 1.008776312215104998e+00 2.283762061063978888e-01 2.397534562300342870e-02 3.328006822269051479e-02
4.650000000000000244e-01 1.009076507351731156e+00 2.390138606560427981e-01 2.565643026753280584e-02 3.557805667878501804e-02
4.700000000000000289e-01 1.009381555237651273e+00 2.500707672115830005e-01 2.743715237977232754e-02 3.801033211175693788e-02
4.750000000000000333e-01 1.009691437777457068e+00 2.615605503100469909e-01 2.932240067821077767e-02 4.058347808308538501e-02
4.799999999999999822e-01 1.010006137015752481e+00 2.734971654550575892e-01 3.131725832762660700e-02 4.330435362072790340e-02
4.849999999999999867e-01 1.010325635135361333e+00 2.858948442866682815e-01 3.342700085375709118e-02 4.618009218205397504e-02
4.899999999999999911e-01 1.010649914455556075e+00 2.987681806868657253e-01 3.565711413582548645e-02 4.921812829434793479e-02
4.949999999999999956e-01 1.010978957430304748e+00 3.121320299844385637e-01 3.801329665685782705e-02 5.242620452564617645e-02
5.000000000000000000e-01 1.011312746646537475e+00 3.260016180181711798e-01 4.050146769849820305e-02 5.581238392667158682e-02
5.050000000000000044e-01 1.011651264822433394e+00 3.403924390555614909e-01 4.312775089379408677e-02 5.938502873743004007e-02
5.100000000000000089e-01 1.011994494805724676e+00 3.553203126790737132e-01 4.589852878293876337e-02 6.315288336189375795e-02
5.150000000000000133e-01 1.012342419572020980e+00 3.708013809144480311e-01 4.882038931923495667e-02 6.712499669700601468e-02
5.200000000000000178e-01 1.012695022223150554e+00 3.868520802999505515e-01 5.190018483698480983e-02 7.131081378684664407e-02
5.250000000000000222e-01 1.013052285985520662e+00 4.034891390221682639e-01 5.514500305245190886e-02 7.572013385474038460e-02
5.300000000000000266e-01 1.013414194208494434e+00 4.207295802932082829e-01 5.856219332775365605e-02 8.036315394218276897e-02
5.350000000000000311e-01 1.013780730362787486e+00 4.385907658358801919e-01 6.215937488631278346e-02 8.525048208108976233e-02
5.400000000000000355e-01 1.014151878038878962e+00 4.570902659638903520e-01 6.594442206816009122e-02 9.039312143029154534e-02
5.450000000000000400e-01 1.014527620945441466e+00 4.762460381496479989e-01 6.992547319645218973e-02 9.580248457397762263e-02
5.500000000000000444e-01 1.014907942907788518e+00 4.960762708671046517e-01 7.411099015877237184e-02 1.014904866354940371e-01
5.550000000000000488e-01 1.015292827866336012e+00 5.165993382594327166e-01 7.850966731331371351e-02 1.074694161004590698e-01
5.600000000000000533e-01 1.015682259875082316e+00 5.378340312437591697e-01 8.313054185012397346e-02 1.137520968238832642e-01
5.650000000000000577e-01 1.016076223100103704e+00 5.597993280400922478e-01 8.798291927762362519e-02 1.203517868564605436e-01
5.700000000000000622e-01 1.016474701818065096e+00 5.825144059773640359e-01 9.307642723034253995e-02 1.272822619026790503e-01
5.750000000000000666e-01 1.016877680414747243e+00 6.059987836054575583e-01 9.842101444635310836e-02 1.345578146229090277e-01
5.799999999999999600e-01 1.017285143383589441e+00 6.302721182955534074e-01 1.040269301165274995e-01 1.421932330579996906e-01
5.849999999999999645e-01 1.017697075324246692e+00 6.553543613349183117e-01 1.099047715840984346e-01 1.502038715206408248e-01
5.899999999999999689e-01 1.018113460941162618e+00 6.812656510420737055e-01 1.160654389734209618e-01 1.586055915854853726e-01
5.949999999999999734e-01 1.018534285042156151e+00 7.080263093026472054e-01 1.225201799294416000e-01 1.674148306135725683e-01
5.999999999999999778e-01 1.018959532537025314e+00 7.356569079880895812e-01 1.292806164816618364e-01 1.766486453941988333e-01
6.049999999999999822e-01 1.019389188436160998e+00 7.641781568042991246e-01 1.363586930765578464e-01 1.863246412062286306e-01
6.099999999999999867e-01 1.019823237849180497e+00 7.936108910918915349e-01 1.437667116047690041e-01 1.964610318046472459e-01
6.149999999999999911e-01 1.020261665983570154e+00 8.239762072509465574e-01 1.515172939447880229e-01 2.070765779578506438e-01
6.199999999999999956e-01 1.020704458143344873e+00 8.552953133152839671e-01 1.596235123945310141e-01 2.181907931399781342e-01
6.250000000000000000e-01 1.021151599727719406e+00 8.875894928695376995e-01 1.680987217177789261e-01 2.298236978942455877e-01
6.300000000000000044e-01 1.021603076229795626e+00 9.208802657442058948e-01 1.769567331338657568e-01 2.419960770957935159e-01
6.350000000000000089e-01 1.022058873235258902e+00 9.551891313805437322e-01 1.862116092781347931e-01 2.547291852480987884e-01
6.400000000000000133e-01 1.022518976421092685e+00 9.905378917016384177e-01 1.958779230443260799e-01 2.680451221033974818e-01
6.450000000000000178e-01 1.022983371554301524e+00 1.026948143049553064e+00 2.059705371370114946e-01 2.819665288500611267e-01
6.500000000000000222e-01 1.023452044490649859e+00 1.064441779359126761e+00 2.165047689123003327e-01 2.965168098597366075e-01
6.550000000000000266e-01 1.023924981173411908e+00 1.103040742879898728e+00 2.274962426936937565e-01 3.117199330407333657e-01
6.600000000000000311e-01 1.024402167632133542e+00 1.142766963300864802e+00 2.389609991674005729e-01 3.276005856584559561e-01
6.650000000000000355e-01 1.024883589981409493e+00 1.183642447846484647e+00 2.509155097385184496e-01 3.441841987879760145e-01
6.700000000000000400e-01 1.025369234419667430e+00 1.225689162270060750e+00 2.633765141385329689e-01 3.614967067144126966e-01
6.750000000000000444e-01 1.025859087227968924e+00 1.268929213778604348e+00 2.763613158713527640e-01 3.795649813329950439e-01
6.800000000000000488e-01 1.026353134768820174e+00 1.313384606249971664e+00 2.898874039808421732e-01 3.984162703564038677e-01
6.850000000000000533e-01 1.026851363484993174e+00 1.359077361098633308e+00 3.039727507608937507e-01 4.180786416914505921e-01
6.900000000000000577e-01 1.027353759898360641e+00 1.406029521437117902e+00 3.186356879436190725e-01 4.385807901931203512e-01
6.950000000000000622e-01 1.027860310608740946e+00 1.454263025998994374e+00 3.338949492414142184e-01 4.599520984014093816e-01
7.000000000000000666e-01 1.028371002292754355e+00 1.503799963363028791e+00 3.497695396277853974e-01 4.822224325380077281e-01
7.049999999999999600e-01 1.028885821702690384e+00 1.554662065338118460e+00 3.662789492086545029e-01 5.054224796663729924e-01
7.099999999999999645e-01 1.029404755665387139e+00 1.606871248531113849e+00 3.834428869980825993e-01 5.295833004470914540e-01
7.149999999999999689e-01 1.029927791081118427e+00 1.660449230838363599e+00 4.012814552510619581e-01 5.547366259774936248e-01
7.199999999999999734e-01 1.030454914922495746e+00 1.715417759514170415e+00 4.198151600867786604e-01 5.809148321828279116e-01
7.249999999999999778e-01 1.030986114233377604e+00 1.771798483225096144e+00 4.390646973530591413e-01 6.081506200861331868e-01
7.299999999999999822e-01 1.031521376127789047e+00 1.829612825216154093e+00 4.590511978510578572e-01 6.364773929640483718e-01
7.349999999999999867e-01 1.032060687788854958e+00 1.888882113720856459e+00 4.797959605477048473e-01 6.659288131239409214e-01
7.399999999999999911e-01 1.032604036467738684e+00 1.949627525389896476e+00 5.013206077211372902e-01 6.965390447428410070e-01
7.449999999999999956e-01 1.033151409482594651e+00 2.011870509065208257e+00 5.236471563466472690e-01 7.283428058910103031e-01
7.500000000000000000e-01 1.033702794217528753e+00 2.075631676765990807e+00 5.467976019300186952e-01 7.613748148722774278e-01
7.550000000000000044e-01 1.034258178121568061e+00 2.140932110337413263e+00 5.707944434483411822e-01 7.956704519093084071e-01
7.600000000000000089e-01 1.034817548707643198e+00 2.207792116141136685e+00 5.956601301890166456e-01 8.312650320907830626e-01
7.650000000000000133e-01 1.035380893551575587e+00 2.276232537529019329e+00 6.214174168838820789e-01 8.681941848915362137e-01
7.700000000000000178e-01 1.035948200291078702e+00 2.346273315383056612e+00 6.480893327284132921e-01 9.064939345711157115e-01
7.750000000000000222e-01 1.036519456624765523e+00 2.417934622756634955e+00 6.756988566690362852e-01 9.462000631944126328e-01
7.800000000000000266e-01 1.037094650311166655e+00 2.491236296479788948e+00 7.042691177344102549e-01 9.873484942836647793e-01
7.850000000000000311e-01 1.037673769167756666e+00 2.566197777736435093e+00 7.338233596615055809e-01 1.029975146501900696e+00
7.900000000000000355e-01 1.038256801069989743e+00 2.642838310223175391e+00 7.643848023031332151e-01 1.074115744929348137e+00
7.950000000000000400e-01 1.038843733950345127e+00 2.721177048247398922e+00 7.959767755723651250e-01 1.119805983998976462e+00
8.000000000000000444e-01 1.039434555797379867e+00 2.801232579937588785e+00 8.286223638934251401e-01 1.167080995156127843e+00
8.050000000000000488e-01 1.040029254654790458e+00 2.883023099565148684e+00 8.623450922754601899e-01 1.215976324915492235e+00
8.100000000000000533e-01 1.040627818620484257e+00 2.966566793787721590e+00 8.971676628705607115e-01 1.266526000347091063e+00
8.150000000000000577e-01 1.041230235845658436e+00 3.051880966096264469e+00 9.331134299566979928e-01 1.318764829089931645e+00
8.200000000000000622e-01 1.041836494533886492e+00 3.138982915791198813e+00 9.702048217400873753e-01 1.372725854103821863e+00
8.250000000000000666e-01 1.042446582940215416e+00 3.227889368500371781e+00 1.008464751836911866e+00 1.428442535205101560e+00
8.300000000000000711e-01 1.043060489370268407e+00 3.318616183182548696e+00 1.047915345263222830e+00 1.485946869293532480e+00
8.349999999999999645e-01 1.043678202179357140e+00 3.411179451997323309e+00 1.088578610944501035e+00 1.545270210942739864e+00
8.399999999999999689e-01 1.044299709771603135e+00 3.505594095035112101e+00 1.130476260727492299e+00 1.606443165601765921e+00
8.449999999999999734e-01 1.044925000599063569e+00 3.601874341398571655e+00 1.173629568788425281e+00 1.669495280760296740e+00
8.499999999999999778e-01 1.045554063160868408e+00 3.700034368865007472e+00 1.218059381403910457e+00 1.734454961889201563e+00
8.549999999999999822e-01 1.046186886002363758e+00 3.800086789838065027e+00 1.263786079599915180e+00 1.801349603141076505e+00
8.599999999999999867e-01 1.046823457714263217e+00 3.902044416077797617e+00 1.310829210288031232e+00 1.870204719149784367e+00
8.649999999999999911e-01 1.047463766931806317e+00 4.005918391557423242e+00 1.359208233068863292e+00 1.941045402248709806e+00
8.699999999999999956e-01 1.048107802333925420e+00 4.111719668214157686e+00 1.408941289224800553e+00 2.013894071832763366e+00
8.750000000000000000e-01 1.048755552642418598e+00 4.219457919187148853e+00 1.460046597712041594e+00 2.088773034894118918e+00
8.800000000000000044e-01 1.049407006621131844e+00 4.329142119377726416e+00 1.512541126330931407e+00 2.165701877720192847e+00
8.850000000000000089e-01 1.050062153075147497e+00 4.440779506581789882e+00 1.566440947679502038e+00 2.244698636594261387e+00
8.900000000000000133e-01 1.050720980849978670e+00 4.554377453902679562e+00 1.621761621647365814e+00 2.325779816531287292e+00
8.950000000000000178e-01 1.051383478830772988e+00 4.669940697322800816e+00 1.678517412187999325e+00 2.408959618273128989e+00
9.000000000000000222e-01 1.052049635941522787e+00 4.787474173533663446e+00 1.736721897383474156e+00 2.494250493919045741e+00
9.050000000000000266e-01 1.052719441144281065e+00 4.906980672107954078e+00 1.796387676459276772e+00 2.581663039751243893e+00
9.100000000000000311e-01 1.053392883438386107e+00 5.028461927232698692e+00 1.857525682362168640e+00 2.671204653118069317e+00
9.150000000000000355e-01 1.054069951859691656e+00 5.151918514686445683e+00 1.920146554933876315e+00 2.762881787932388811e+00
9.200000000000000400e-01 1.054750635479804632e+00 5.277348975845026935e+00 1.984259382628274171e+00 2.856698188967071061e+00
9.250000000000000444e-01 1.055434923405329073e+00 5.404751056658434472e+00 2.049871603465452718e+00 2.952654320370678320e+00
9.300000000000000488e-01 1.056122804777117841e+00 5.534120244594211258e+00 2.116989957754355611e+00 3.050749248943366521e+00
9.350000000000000533e-01 1.056814268769528553e+00 5.665450828222029500e+00 2.185619560629902924e+00 3.150978999278564618e+00
9.400000000000000577e-01 1.057509304589689725e+00 5.798735719446733938e+00 2.255764243437231809e+00 3.253337168514326194e+00
9.450000000000000622e-01 1.058207901476769797e+00 5.933965267084451156e+00 2.327426586950335441e+00 3.357815000647661030e+00
9.500000000000000666e-01 1.058910048701254603e+00 6.071128807729674115e+00 2.400607471195550069e+00 3.464400743365192881e+00
9.550000000000000711e-01 1.059615735564230832e+00 6.210213508445525221e+00 2.475306173882295901e+00 3.573079544213253467e+00
9.599999999999999645e-01 1.060324951396675930e+00 6.351204613669661825e+00 2.551521020728708233e+00 3.683834991724897368e+00
9.649999999999999689e-01 1.061037685558753330e+00 6.494085733365578150e+00 2.629248186804921339e+00 3.796646885868793397e+00
9.699999999999999734e-01 1.061753927439116119e+00 6.638838288694534739e+00 2.708482287752184359e+00 3.911492054043931521e+00
9.749999999999999778e-01 1.062473666454213594e+00 6.785442924134972742e+00 2.789217345598786757e+00 4.028346253921971432e+00
9.799999999999999822e-01 1.063196892047607145e+00 6.933876122621678739e+00 2.871444280545699446e+00 4.147180464433986025e+00
9.849999999999999867e-01 1.063923593689290348e+00 7.084114045485468303e+00 2.955153527932018243e+00 4.267964077423514802e+00
9.899999999999999911e-01 1.064653760875015509e+00 7.236131108612741336e+00 3.040333514109374580e+00 4.390663483192034811e+00
9.949999999999999956e-01 1.065387383125626419e+00 7.389898139167246249e+00 3.126970656114675506e+00 4.515241796503269178e+00
1.000000000000000000e+00 1.066124449986396217e+00 7.545385311652825777e+00 3.215050486411132447e+00 4.641660506703776612e+00
1.005000000000000115e+00 1.066864951026373021e+00 7.702574435236174466e+00 3.304566121157532788e+00 4.769895125735184926e+00
1.010000000000000009e+00 1.067608875837728233e+00 7.861418440448747269e+00 3.395489838277399031e+00 4.899884053948633245e+00
1.015000000000000124e+00 1.068356214035114826e+00 8.021881626340578109e+00 3.487803528973088873e+00 5.031583055577099728e+00
1.020000000000000018e+00 1.069106955255026969e+00 8.183926347760156261e+00 3.581484681456652996e+00 5.164940405458597006e+00
1.024999999999999911e+00 1.069861089155168976e+00 8.347512653156659468e+00 3.676510970789629074e+00 5.299905258691504528e+00
1.030000000000000027e+00 1.070618605413826918e+00 8.512599991024192292e+00 3.772859191572594639e+00 5.436425008646422086e+00
1.034999999999999920e+00 1.071379493729249344e+00 8.679144167204718485e+00 3.870502028474491762e+00 5.574440976355828248e+00
1.040000000000000036e+00 1.072143743819029771e+00 8.847100977097618113e+00 3.969413100467054534e+00 5.713895922174573982e+00
1.044999999999999929e+00 1.072911345419497398e+00 9.016424188752782953e+00 4.069563969708955398e+00 5.854729363986878710e+00
1.050000000000000044e+00 1.073682288285112474e+00 9.187065562286496956e+00 4.170925203495557732e+00 5.996879786259991185e+00
1.054999999999999938e+00 1.074456562187866782e+00 9.358976574669599202e+00 4.273464951231814801e+00 6.140281477164971413e+00
1.060000000000000053e+00 1.075234156916690775e+00 9.532105912528463065e+00 4.377151592678182546e+00 6.284869847296510770e+00
1.064999999999999947e+00 1.076015062276864054e+00 9.706401601933162482e+00 4.481950880128015235e+00 6.430576215430692244e+00
1.070000000000000062e+00 1.076799268089433603e+00 9.881811771234929154e+00 4.587829417397495391e+00 6.577333273544818226e+00
1.074999999999999956e+00 1.077586764190635593e+00 1.005828136044284093e+01 4.694751738744833425e+00 6.725070983514784828e+00
1.080000000000000071e+00 1.078377540431322945e+00 1.023575563894107887e+01 4.802680037203368890e+00 6.873715742420727359e+00
1.084999999999999964e+00 1.079171586676399119e+00 1.041417916580079961e+01 4.911578940429727425e+00 7.023198421517159673e+00
1.090000000000000080e+00 1.079968892804255898e+00 1.059349525252484092e+01 5.021409252806551926e+00 7.173443682474716532e+00
1.094999999999999973e+00 1.080769448706216718e+00 1.077364694411822654e+01 5.132132773490445388e+00 7.324378465599393095e+00
1.100000000000000089e+00 1.081573244285985780e+00 1.095457653001603404e+01 5.243710141377300182e+00 7.475928040087167936e+00
1.104999999999999982e+00 1.082380269459101152e+00 1.113622677331752442e+01 5.356101579865602424e+00 7.628017163652989652e+00
1.110000000000000098e+00 1.083190514152395201e+00 1.131853895151669320e+01 5.469267671623999405e+00 7.780572229078524416e+00
1.114999999999999991e+00 1.084003968303457022e+00 1.150145574893559974e+01 5.583167335860338198e+00 7.933516679621774870e+00
1.120000000000000107e+00 1.084820621860102863e+00 1.168491816733115130e+01 5.697759456098544284e+00 8.086774328917035959e+00
1.125000000000000000e+00 1.085640464779849657e+00 1.186886932751178314e+01 5.813005005777122314e+00 8.240273071211341005e+00
1.130000000000000115e+00 1.086463487029394992e+00 1.205324987495870381e+01 5.928860430977184848e+00 8.393933682058289492e+00
1.135000000000000009e+00 1.087289678584100638e+00 1.223800438364255783e+01 6.045287414564707973e+00 8.547685329774267871e+00
1.140000000000000124e+00 1.088119029427482509e+00 1.242307516474897255e+01 6.162244262111354232e+00 8.701453009947812234e+00
1.145000000000000018e+00 1.088951529550704622e+00 1.260840693210955621e+01 6.279690590422129404e+00 8.855163190067168344e+00
1.150000000000000133e+00 1.089787168952079055e+00 1.279394410705725882e+01 6.397586688980874570e+00 9.008743998155852140e+00
1.155000000000000027e+00 1.090625937636568565e+00 1.297963106877356232e+01 6.515891347254743948e+00 9.162122041786471272e+00
1.159999999999999920e+00 1.091467825615297427e+00 1.316541615247422747e+01 6.634567184864374134e+00 9.315229631541470212e+00
1.165000000000000036e+00 1.092312822905064262e+00 1.335124484804185130e+01 6.753573493694393193e+00 9.467994512423910436e+00
1.169999999999999929e+00 1.093160919527861763e+00 1.353706757484487788e+01 6.872873041775212855e+00 9.620349723323592173e+00
1.175000000000000044e+00 1.094012105510399513e+00 1.372283422610517434e+01 6.992428891392609813e+00 9.772229362435043143e+00
1.179999999999999938e+00 1.094866370883633921e+00 1.390849385027832419e+01 7.112202233238547500e+00 9.923565631299197776e+00
1.185000000000000053e+00 1.095723705682299487e+00 1.409400216888908908e+01 7.232159797914983201e+00 1.007429741856511818e+01
1.189999999999999947e+00 1.096584099944449830e+00 1.427931133653639684e+01 7.352263840384724247e+00 1.022435919165107698e+01
1.195000000000000062e+00 1.097447543710998508e+00 1.446437696439873832e+01 7.472481165384031954e+00 1.037369165013577366e+01
1.199999999999999956e+00 1.098314027025267592e+00 1.464915727263349510e+01 7.592778555950606467e+00 1.052223534274964400e+01
1.205000000000000071e+00 1.099183539932540254e+00 1.483361050655308233e+01 7.713123870169645180e+00 1.066993327940854996e+01
1.209999999999999964e+00 1.100056072479618674e+00 1.501769773290031651e+01 7.833485009886341999e+00 1.081672802366534469e+01
1.215000000000000080e+00 1.100931614714385054e+00 1.520137956885466046e+01 7.953831530351141765e+00 1.096256626154577241e+01
1.219999999999999973e+00 1.101810156685369746e+00 1.538462267832150943e+01 8.074135577948696962e+00 1.110739657589588703e+01
1.225000000000000089e+00 1.102691688441321372e+00 1.556739127402647149e+01 8.194368159039418842e+00 1.125116744418938453e+01
1.229999999999999982e+00 1.103576200030784493e+00 1.574965212265713710e+01 8.314502224560877508e+00 1.139383070992295011e+01
1.235000000000000098e+00 1.104463681501680172e+00 1.593137787601316724e+01 8.434513666555970346e+00 1.153534091360021385e+01
1.239999999999999991e+00 1.105354122900890967e+00 1.611253586369966939e+01 8.554375211229633180e+00 1.167565035224406422e+01
1.245000000000000107e+00 1.106247514273852595e+00 1.629310258597272920e+01 8.674066150888490867e+00 1.181471864917056358e+01
1.250000000000000000e+00 1.107143845664148030e+00 1.647305007622852102e+01 8.793561635060445525e+00 1.195250162859092669e+01
1.255000000000000115e+00 1.108043107113107384e+00 1.665235850550596197e+01 8.912842600174933239e+00 1.208896194402056068e+01
1.260000000000000009e+00 1.108945288659413109e+00 1.683100442507755901e+01 9.031890482293839284e+00 1.222406433490361088e+01
1.265000000000000124e+00 1.109850380338708309e+00 1.700896786248656056e+01 9.150684041523845735e+00 1.235776883371187118e+01
1.270000000000000018e+00 1.110758372183210829e+00 1.718623172088378581e+01 9.269206794605331368e+00 1.249004229242913944e+01
1.275000000000000133e+00 1.111669254221331116e+00 1.736277956053107019e+01 9.387442644695711991e+00 1.262085341172949171e+01
1.280000000000000027e+00 1.112583016477296738e+00 1.753859798450776353e+01 9.505377617753021369e+00 1.275017258565614497e+01
1.284999999999999920e+00 1.113499648970778022e+00 1.771367399181257341e+01 9.622996271129981238e+00 1.287796824852158473e+01
1.290000000000000036e+00 1.114419141716522343e+00 1.788799633961824398e+01 9.740286480866506835e+00 1.300421451056803868e+01
1.294999999999999929e+00 1.115341484723989307e+00 1.806155603732157999e+01 9.857236928861507153e+00 1.312888559910948949e+01
1.300000000000000044e+00 1.116266667996994588e+00 1.823434471342475760e+01 9.973835877320059495e+00 1.325195589606033941e+01
1.304999999999999938e+00 1.117194681533353773e+00 1.840635738414447431e+01 1.009007518836728678e+01 1.337340381920895993e+01
1.310000000000000053e+00 1.118125515324534858e+00 1.857758969018068385e+01 1.020594631899469995e+01 1.349320783942861190e+01
1.314999999999999947e+00 1.119059159355313193e+00 1.874803579549196897e+01 1.032144034085542472e+01 1.361134667871381509e+01
1.320000000000000062e+00 1.119995603603431533e+00 1.891769665799921896e+01 1.043655190579416114e+01 1.372780193721547448e+01
1.324999999999999956e+00 1.120934838039265857e+00 1.908657062603640142e+01 1.055127565408246504e+01 1.384255702758660966e+01
1.330000000000000071e+00 1.121876852625492305e+00 1.925465916516785825e+01 1.066560722843258446e+01 1.395559596011794667e+01
1.334999999999999964e+00 1.122821637316764765e+00 1.942196343012427917e+01 1.077954160183726628e+01 1.406690134399680048e+01
1.340000000000000080e+00 1.123769182059389804e+00 1.958848792947099327e+01 1.089307747010026617e+01 1.417646169235552556e+01
1.344999999999999973e+00 1.124719476791012696e+00 1.975423553998797033e+01 1.100621130738635145e+01 1.428426216681991257e+01
1.350000000000000089e+00 1.125672511440304557e+00 1.991921408847933961e+01 1.111894298334621389e+01 1.439029109495228553e+01
1.354999999999999982e+00 1.126628275926654377e+00 2.008342959833966646e+01 1.123127233367505795e+01 1.449453838619888479e+01
1.360000000000000098e+00 1.127586760159866808e+00 2.024688899232077333e+01 1.134319904974963755e+01 1.459699347149997095e+01
1.364999999999999991e+00 1.128547954039863965e+00 2.040960078761818153e+01 1.145472346108697259e+01 1.469764581155508409e+01
1.370000000000000107e+00 1.129511847456391438e+00 2.057157576158471812e+01 1.156584900111159087e+01 1.479648965437807639e+01
1.375000000000000000e+00 1.130478430288730518e+00 2.073282432783539520e+01 1.167657729444936443e+01 1.489351575951251050e+01
1.380000000000000115e+00 1.131447692405412875e+00 2.089335654225287087e+01 1.178691036424365990e+01 1.498871612599048575e+01
1.385000000000000009e+00 1.132419623663941444e+00 2.105318434296942698e+01 1.189685115450450859e+01 1.508208379538750776e+01
1.390000000000000124e+00 1.133394213910515980e+00 2.121232219516584649e+01 1.200640624210251062e+01 1.517361645671332759e+01
1.395000000000000018e+00 1.134371452979762385e+00 2.137078277188290087e+01 1.211557922314519509e+01 1.526330799559815077e+01
1.400000000000000133e+00 1.135351330694467364e+00 2.152857972743225545e+01 1.222437397734359799e+01 1.535115144962887079e+01
1.405000000000000027e+00 1.136333836865317526e+00 2.168572770980442144e+01 1.233279683094731460e+01 1.543714456486375042e+01
1.409999999999999920e+00 1.137318961290643582e+00 2.184224220898414259e+01 1.244085383903259867e+01 1.552128327939926855e+01
1.415000000000000036e+00 1.138306693756168331e+00 2.199813890468832156e+01 1.254855095785198316e+01 1.560356467682579229e+01
1.419999999999999929e+00 1.139297024034760630e+00 2.215343471756983718e+01 1.265589559978375256e+01 1.568398568399027049e+01
1.425000000000000044e+00 1.140289941886192482e+00 2.230814540312421101e+01 1.276289430303520867e+01 1.576254402773022179e+01
1.429999999999999938e+00 1.141285437056903218e+00 2.246228808226106821e+01 1.286955473789186577e+01 1.583923790020803324e+01
1.435000000000000053e+00 1.142283499279765024e+00 2.261588046293453047e+01 1.297588496113039191e+01 1.591406640176267651e+01
1.439999999999999947e+00 1.143284118273856675e+00 2.276894040536227592e+01 1.308189191147484287e+01 1.598702498523553395e+01
1.445000000000000062e+00 1.144287283744239936e+00 2.292148674906855987e+01 1.318758589235922329e+01 1.605811663871536155e+01
1.449999999999999956e+00 1.145292985381740625e+00 2.307353421467190202e+01 1.329297164360555250e+01 1.612733544711030120e+01
1.455000000000000071e+00 1.146301212862736563e+00 2.322510793402345186e+01 1.339806460396447108e+01 1.619468867374029131e+01
1.459999999999999964e+00 1.147311955848947074e+00 2.337621971105193097e+01 1.350286575318896709e+01 1.626016521112135038e+01
1.465000000000000080e+00 1.148325203987230259e+00 2.352689269277457740e+01 1.360738956067313055e+01 1.632377260302328992e+01
1.469999999999999973e+00 1.149340946909383598e+00 2.367714675228652865e+01 1.371164557953646579e+01 1.638550982876318685e+01
1.475000000000000089e+00 1.150359174231948334e+00 2.382699695243934457e+01 1.381563895067656134e+01 1.644537186472540924e+01
1.479999999999999982e+00 1.151379875556021837e+00 2.397646781726250609e+01 1.391938475876862213e+01 1.650336551682570629e+01
1.485000000000000098e+00 1.152403040467071982e+00 2.412557616034123242e+01 1.402288928927565159e+01 1.655948602571543304e+01
1.489999999999999991e+00 1.153428658534756623e+00 2.427434053043689133e+01 1.412616273240159082e+01 1.661373593427179429e+01
1.495000000000000107e+00 1.154456719312749513e+00 2.442278360651926405e+01 1.422921675396045593e+01 1.666611585455952849e+01
1.500000000000000000e+00 1.155487212338569769e+00 2.457092272629654417e+01 1.433205957239042050e+01 1.671662482042902553e+01
1.505000000000000115e+00 1.156520127133416675e+00 2.471878042637744954e+01 1.443470432940595671e+01 1.676526685504825309e+01
1.510000000000000009e+00 1.157555453202008700e+00 2.486637366323320819e+01 1.453715807790727510e+01 1.681203929731773172e+01
1.515000000000000124e+00 1.158593180032429393e+00 2.501372355359151811e+01 1.463943260663498336e+01 1.685694411238662127e+01
1.520000000000000018e+00 1.159633297095975069e+00 2.516084927550787143e+01 1.474153706292493737e+01 1.689998033443079706e+01
1.525000000000000133e+00 1.160675793847010029e+00 2.530777178959630547e+01 1.484348432670897111e+01 1.694115349047041974e+01
1.530000000000000027e+00 1.161720659722826676e+00 2.545450841093965622e+01 1.494528151488750822e+01 1.698045902397256057e+01
1.535000000000000142e+00 1.162767884143507846e+00 2.560108215124182607e+01 1.504694234547933362e+01 1.701790270276096351e+01
1.540000000000000036e+00 1.163817456511797577e+00 2.574751240331831781e+01 1.514847776050419448e+01 1.705348594846222099e+01
1.544999999999999929e+00 1.164869366212974766e+00 2.589381675748850853e+01 1.524989503490939136e+01 1.708720586148506371e+01
1.550000000000000044e+00 1.165923602614732379e+00 2.604001446362505590e+01 1.535120586814810650e+01 1.711906581545055417e+01
1.554999999999999938e+00 1.166980155067061542e+00 2.618612864841266941e+01 1.545242380523469983e+01 1.714907051070197852e+01
1.560000000000000053e+00 1.168039012902141183e+00 2.633217570201103896e+01 1.555355601974166824e+01 1.717721648447458449e+01
1.564999999999999947e+00 1.169100165434231231e+00 2.647817441462179744e+01 1.565461304376698592e+01 1.720350620761841398e+01
1.570000000000000062e+00 1.170163601959574473e+00 2.662414463979214219e+01 1.575560541110259827e+01 1.722794090215887053e+01
1.574999999999999956e+00 1.171229311756297298e+00 2.677010800449845007e+01 1.585654758288912092e+01 1.725052770589736539e+01
1.580000000000000071e+00 1.172297284084322211e+00 2.691607983703950779e+01 1.595744568102794148e+01 1.727126331304717510e+01
1.584999999999999964e+00 1.173367508185281460e+00 2.706208267957030955e+01 1.605831382714610811e+01 1.729015270751219191e+01
1.590000000000000080e+00 1.174439973282435989e+00 2.720813205942609514e+01 1.615915875615926112e+01 1.730719425446133997e+01
1.594999999999999973e+00 1.175514668580601496e+00 2.735424777229969706e+01 1.625999227344674836e+01 1.732239092217642451e+01
1.600000000000000089e+00 1.176591583266077601e+00 2.750044926601401940e+01 1.636082708300279975e+01 1.733574986797957251e+01
1.604999999999999982e+00 1.177670706506583453e+00 2.764675356475015278e+01 1.646167005463049193e+01 1.734726625502499076e+01
1.610000000000000098e+00 1.178752027451198003e+00 2.779317963411151027e+01 1.656253376761480567e+01 1.735694752525091644e+01
1.614999999999999991e+00 1.179835535230304933e+00 2.793974605740267947e+01 1.666342839749815496e+01 1.736479505060435358e+01
1.620000000000000107e+00 1.180921218955544472e+00 2.808647059077449626e+01 1.676436459938179269e+01 1.737081270638051222e+01
1.625000000000000000e+00 1.182009067719768769e+00 2.823337176303281026e+01 1.686535314320790846e+01 1.737500394634646028e+01
1.630000000000000115e+00 1.183099070597002811e+00 2.838045333548810234e+01 1.696640061615801187e+01 1.737740390907389809e+01
1.635000000000000009e+00 1.184191216642411337e+00 2.852775635745824445e+01 1.706751930473696532e+01 1.737794799909101684e+01
1.640000000000000124e+00 1.185285494892271307e+00 2.867528996302738520e+01 1.716872310050765194e+01 1.737667846452036002e+01
1.645000000000000018e+00 1.186381894363947032e+00 2.882306921181669068e+01 1.727001794730290740e+01 1.737359338481673632e+01
1.650000000000000133e+00 1.187480404055874628e+00 2.897111293585733094e+01 1.737141787353608535e+01 1.736870384693849090e+01
1.655000000000000027e+00 1.188581012947548476e+00 2.911943544986737820e+01 1.747292797128659458e+01 1.736200337279445449e+01
1.660000000000000142e+00 1.189683709999514560e+00 2.926805477654365006e+01 1.757455960872437828e+01 1.735350329571908290e+01
1.665000000000000036e+00 1.190788484153369131e+00 2.941699037271361306e+01 1.767632612845370943e+01 1.734320895004860574e+01
1.669999999999999929e+00 1.191895324331762041e+00 2.956625588004682115e+01 1.777823528932986008e+01 1.733112582117254519e+01
1.675000000000000044e+00 1.193004219438406732e+00 2.971586826404376680e+01 1.788029569034040023e+01 1.731725417971872716e+01
1.679999999999999938e+00 1.194115158358093565e+00 2.986584400219040702e+01 1.798251847099513867e+01 1.730160348094623401e+01
1.685000000000000053e+00 1.195228129956711127e+00 3.001620089507939682e+01 1.808491533433736365e+01 1.728418091820662639e+01
1.689999999999999947e+00 1.196343123081270665e+00 3.016695101171489668e+01 1.818749104036984221e+01 1.726498721420548321e+01
1.695000000000000062e+00 1.197460126559938276e+00 3.031811560210853074e+01 1.829026223132198581e+01 1.724403651928462011e+01
1.699999999999999956e+00 1.198579129202069993e+00 3.046970660641039075e+01 1.839323304523941260e+01 1.722132798262265041e+01
1.705000000000000071e+00 1.199700119798254416e+00 3.062173952035394819e+01 1.849641472353946980e+01 1.719687452840787500e+01
1.709999999999999964e+00 1.200823087120360011e+00 3.077423219359387829e+01 1.859981817407956584e+01 1.717068072184150296e+01
1.715000000000000080e+00 1.201948019921588173e+00 3.092719764171529206e+01 1.870345116306076960e+01 1.714275510635746258e+01
1.719999999999999973e+00 1.203074906936531852e+00 3.108065274028758651e+01 1.880732484880583399e+01 1.711310717095483369e+01
1.725000000000000089e+00 1.204203736881238829e+00 3.123461120372017064e+01 1.891144779680435306e+01 1.708174474151614675e+01
1.729999999999999982e+00 1.205334498453282777e+00 3.138909004002088565e+01 1.901583112790937591e+01 1.704867859106958150e+01
1.735000000000000098e+00 1.206467180331836975e+00 3.154410054830099952e+01 1.912048149107682704e+01 1.701391562132510060e+01
1.739999999999999991e+00 1.207601771177756689e+00 3.169965918124385951e+01 1.922540998276781110e+01 1.697746844158203672e+01
1.745000000000000107e+00 1.208738259633664436e+00 3.185577827803480844e+01 1.933062282624793227e+01 1.693934309279258343e+01
1.750000000000000000e+00 1.209876634324042799e+00 3.201247606940747659e+01 1.943613479382274178e+01 1.689955642019798177e+01
1.755000000000000115e+00 1.211016883855332349e+00 3.216976200175926692e+01 1.954194928989994651e+01 1.685811407723089417e+01
1.760000000000000009e+00 1.212158996816034451e+00 3.232765413115409814e+01 1.964808126916440756e+01 1.681503516109933827e+01
1.765000000000000124e+00 1.213302961776821398e+00 3.248616280990128757e+01 1.975453478324733325e+01 1.677032523932016517e+01
1.770000000000000018e+00 1.214448767290650766e+00 3.264530119255225316e+01 1.986131881759705209e+01 1.672399821112509599e+01
1.775000000000000133e+00 1.215596401892885980e+00 3.280508556236129181e+01 1.996844654694848842e+01 1.667607148048452714e+01
1.780000000000000027e+00 1.216745854101423552e+00 3.296552973522883434e+01 2.007592667799463015e+01 1.662656040705449811e+01
1.785000000000000142e+00 1.217897112416823635e+00 3.312664094883972155e+01 2.018376139964294680e+01 1.657546972383887862e+01
1.790000000000000036e+00 1.219050165322449919e+00 3.328843893327145054e+01 2.029196811179907911e+01 1.652282644111696541e+01
1.794999999999999929e+00 1.220205001284612623e+00 3.345093135547159591e+01 2.040054886214201701e+01 1.646863716603068895e+01
1.800000000000000044e+00 1.221361608752716377e+00 3.361413092089464527e+01 2.050951378254654855e+01 1.641292216034371165e+01
1.804999999999999938e+00 1.222519976159418986e+00 3.377805376116262437e+01 2.061887489806002449e+01 1.635570027740670085e+01
1.810000000000000053e+00 1.223680091920789526e+00 3.394270853059543214e+01 2.072863760219363627e+01 1.629698693223557981e+01
1.814999999999999947e+00 1.224841944436477315e+00 3.410810637948610236e+01 2.083880863842120235e+01 1.623679735328878948e+01
1.820000000000000062e+00 1.226005522089884225e+00 3.427426203677948990e+01 2.094940088860844085e+01 1.617515689790465316e+01
1.824999999999999956e+00 1.227170813248343206e+00 3.444118511915978331e+01 2.106041930993999500e+01 1.611207966887799259e+01
1.830000000000000071e+00 1.228337806263303689e+00 3.460888758747535121e+01 2.117187377875673704e+01 1.604758962885508211e+01
1.834999999999999964e+00 1.229506489470522324e+00 3.477737880926456171e+01 2.128376950662008227e+01 1.598170268075134004e+01
1.840000000000000080e+00 1.230676851190258825e+00 3.494667219325143037e+01 2.139611886585539580e+01 1.591444728719863200e+01
1.844999999999999973e+00 1.231848879727479362e+00 3.511677713846835758e+01 2.150892679997812706e+01 1.584583929185284035e+01
1.850000000000000089e+00 1.233022563372064173e+00 3.528770352506236918e+01 2.162220136524628344e+01 1.577590514277850176e+01
1.854999999999999982e+00 1.234197890399023168e+00 3.545946319296604088e+01 2.173595214711537338e+01 1.570466943700850315e+01
1.860000000000000098e+00 1.235374849068715752e+00 3.563206455029604314e+01 2.185018436274975429e+01 1.563215238889091374e+01
1.864999999999999991e+00 1.236553427627077095e+00 3.580551811045401678e+01 2.196490792533234426e+01 1.555838548854149828e+01
1.870000000000000107e+00 1.237733614305851271e+00 3.597983354159928382e+01 2.208012792872811048e+01 1.548338825880606784e+01
1.875000000000000000e+00 1.238915397322829737e+00 3.615501877116100360e+01 2.219585195133213773e+01 1.540718954684307640e+01
1.880000000000000115e+00 1.240098764882095139e+00 3.633108503951348922e+01 2.231208970073602771e+01 1.532981896726245452e+01
1.885000000000000009e+00 1.241283705174272667e+00 3.650804037604777363e+01 2.242884638786126317e+01 1.525130229188722275e+01
1.890000000000000124e+00 1.242470206376787178e+00 3.668589278237806184e+01 2.254612867032721724e+01 1.517166986587793254e+01
1.895000000000000018e+00 1.243658256654124994e+00 3.686464977175619140e+01 2.266394293074538879e+01 1.509094850400121857e+01
1.900000000000000133e+00 1.244847844158103012e+00 3.704432339077022363e+01 2.278230012638455548e+01 1.500917615948407402e+01
1.905000000000000027e+00 1.246038957028144711e+00 3.722491834581229142e+01 2.290120281451390127e+01 1.492637670220142176e+01
1.910000000000000142e+00 1.247231583391559262e+00 3.740644025559321761e+01 2.302065619873195956e+01 1.484258388803687723e+01
1.915000000000000036e+00 1.248425711363831514e+00 3.758890149872339492e+01 2.314067178324685869e+01 1.475783333939001452e+01
1.919999999999999929e+00 1.249621329048912655e+00 3.777230533700719661e+01 2.326125144120604560e+01 1.467215602287285137e+01
1.925000000000000044e+00 1.250818424539521745e+00 3.795666208249556206e+01 2.338240517967765086e+01 1.458558983239353601e+01
1.929999999999999938e+00 1.252016985917450365e+00 3.814197406865292095e+01 2.350413544298546498e+01 1.449816740680442706e+01
1.935000000000000053e+00 1.253217001253874363e+00 3.832825101695964776e+01 2.362645028828054095e+01 1.440992616232686174e+01
1.939999999999999947e+00 1.254418458609672937e+00 3.851549278599399884e+01 2.374935507010958347e+01 1.432090758241188944e+01
1.945000000000000062e+00 1.255621346035752151e+00 3.870371303279559072e+01 2.387285285328703210e+01 1.423114024534762834e+01
1.949999999999999956e+00 1.256825651573374891e+00 3.889291648335943563e+01 2.399695378256354417e+01 1.414066793919617382e+01
1.955000000000000071e+00 1.258031363254499713e+00 3.908310460601939695e+01 2.412165894395883825e+01 1.404952990162725079e+01
1.959999999999999964e+00 1.259238469102119673e+00 3.927428529463486484e+01 2.424697700986571647e+01 1.395776710473958104e+01
1.965000000000000080e+00 1.260446957130616275e+00 3.946646020996793425e+01 2.437290990998821982e+01 1.386542076095477150e+01
1.969999999999999973e+00 1.261656815346111182e+00 3.965963708595152326e+01 2.449946597959813488e+01 1.377253237507929917e+01
1.975000000000000089e+00 1.262868031746829489e+00 3.985381624527627054e+01 2.462664487337860564e+01 1.367914448718239484e+01
1.979999999999999982e+00 1.264080594323466533e+00 4.004900350417365473e+01 2.475445483261648150e+01 1.358530165274713220e+01
1.985000000000000098e+00 1.265294491059563597e+00 4.024520314655089948e+01 2.488290019874930792e+01 1.349104779431832313e+01
1.989999999999999991e+00 1.266509709931886274e+00 4.044241724632090751e+01 2.501198479654072315e+01 1.339642906976141212e+01
1.995000000000000107e+00 1.267726238910813485e+00 4.064064745692800074e+01 2.514171144458068596e+01 1.330148996084816382e+01
2.000000000000000000e+00 1.268944065960727619e+00 4.083989929788862838e+01 2.527208568304373415e+01 1.320627950319678057e+01
2.004999999999999893e+00 1.270163179040415979e+00 4.104017255104766093e+01 2.540310938711453304e+01 1.311084359855733794e+01
2.010000000000000231e+00 1.271383566103475360e+00 4.124146898015425222e+01 2.553478701080053526e+01 1.301523131801288358e+01
2.015000000000000124e+00 1.272605215098723486e+00 4.144379185318432235e+01 2.566712127846779623e+01 1.291948984889589802e+01
2.020000000000000018e+00 1.273828113970618237e+00 4.164714186697330689e+01 2.580011664175884789e+01 1.282367202867447809e+01
2.024999999999999911e+00 1.275052250659680864e+00 4.185152092828048609e+01 2.593377714943288481e+01 1.272783001767120581e+01
2.030000000000000249e+00 1.276277613102927866e+00 4.205692770280985116e+01 2.606810153479262482e+01 1.263200889752497780e+01
2.035000000000000142e+00 1.277504189234306420e+00 4.226336390117317876e+01 2.620309475135662325e+01 1.253626586897064499e+01
2.040000000000000036e+00 1.278731966985139357e+00 4.247082894744040260e+01 2.633875900203569387e+01 1.244065205542801067e+01
2.044999999999999929e+00 1.279960934284574359e+00 4.267932200605994097e+01 2.647509545250081331e+01 1.234521856652455618e+01
2.049999999999999822e+00 1.281191079060038929e+00 4.288884377328581365e+01 2.661210738404331977e+01 1.225002418024402573e+01
2.055000000000000160e+00 1.282422389237703575e+00 4.309939427085144814e+01 2.674979711314660946e+01 1.215512056116789630e+01
2.060000000000000053e+00 1.283654852742951435e+00 4.331097165200885257e+01 2.688816703767573202e+01 1.206056528751906676e+01
2.064999999999999947e+00 1.284888457500850345e+00 4.352357250257139754e+01 2.702721493514743401e+01 1.196641182314959551e+01
2.069999999999999840e+00 1.286123191436637780e+00 4.373719742793842613e+01 2.716694455097222516e+01 1.187271684981624809e+01
2.075000000000000178e+00 1.287359042476205584e+00 4.395184313513363605e+01 2.730735829957465555e+01 1.177954172145315859e+01
2.080000000000000071e+00 1.288595998546594679e+00 4.416750867744944742e+01 2.744845491037227703e+01 1.168693842135747829e+01
2.084999999999999964e+00 1.289834047576496001e+00 4.438418694019653543e+01 2.759023289771893772e+01 1.159496767553558705e+01
2.089999999999999858e+00 1.291073177496757207e+00 4.460188079410300332e+01 2.773269652386267126e+01 1.150368717470357360e+01
2.095000000000000195e+00 1.292313376240894485e+00 4.482058384847169918e+01 2.787584494501259513e+01 1.141315853505700417e+01
2.100000000000000089e+00 1.293554631745612582e+00 4.504029300801998659e+01 2.801967893177200608e+01 1.132343983024860279e+01
2.104999999999999982e+00 1.294796931951329721e+00 4.526100556003557784e+01 2.816419849063172620e+01 1.123459186063785609e+01
2.109999999999999876e+00 1.296040264802710951e+00 4.548271393989681854e+01 2.830939959793399652e+01 1.114667427895617635e+01
2.115000000000000213e+00 1.297284618249205046e+00 4.570541720505480043e+01 2.845528633413390907e+01 1.105974738240147914e+01
2.120000000000000107e+00 1.298529980245588522e+00 4.592910779950839384e+01 2.860185387494256659e+01 1.097387247002632016e+01
2.125000000000000000e+00 1.299776338752518745e+00 4.615378478709775578e+01 2.874910718134346865e+01 1.088911437242831859e+01
2.129999999999999893e+00 1.301023681737088600e+00 4.637943813022391026e+01 2.889703788571946674e+01 1.080552954141954203e+01
2.135000000000000231e+00 1.302271997173391371e+00 4.660606063386731535e+01 2.904564948668441104e+01 1.072318378313438281e+01
2.140000000000000124e+00 1.303521273043090511e+00 4.683365538911598946e+01 2.919494167055619016e+01 1.064214088058090546e+01
2.145000000000000018e+00 1.304771497335994956e+00 4.706221066815602683e+01 2.934490866859451330e+01 1.056246046277495765e+01
2.149999999999999911e+00 1.306022658050641327e+00 4.729171797987503822e+01 2.949554827207769492e+01 1.048420614453236688e+01
2.155000000000000249e+00 1.307274743194883682e+00 4.752217437780416276e+01 2.964686135014981261e+01 1.040743984669045297e+01
2.160000000000000142e+00 1.308527740786487481e+00 4.775357322227284840e+01 2.979884651000490692e+01 1.033222677412669555e+01
2.165000000000000036e+00 1.309781638853730668e+00 4.798590498470701959e+01 2.995149842104145677e+01 1.025862967489242372e+01
2.169999999999999929e+00 1.311036425436011399e+00 4.821916400823051418e+01 3.010481704834397121e+01 1.018671225276984238e+01
2.175000000000000266e+00 1.312292088584462002e+00 4.845333974910815300e+01 3.025879579744738379e+01 1.011653510629407648e+01
2.180000000000000160e+00 1.313548616362568033e+00 4.868843008700508790e+01 3.041343732972045188e+01 1.004816508810121078e+01
2.185000000000000053e+00 1.314805996846795111e+00 4.892441915969642707e+01 3.056873085489467456e+01 9.981661951354473317e+00
2.189999999999999947e+00 1.316064218127219965e+00 4.916130680271389508e+01 3.072468159579620561e+01 9.917092474500867283e+00
2.194999999999999840e+00 1.317323268308171258e+00 4.939907812854799829e+01 3.088127869582689655e+01 9.854516114901386459e+00
2.200000000000000178e+00 1.318583135508872406e+00 4.963772876797092692e+01 3.103852371040246538e+01 9.793998843352351713e+00
2.205000000000000071e+00 1.319843807864092611e+00 4.987724867696043418e+01 3.119641072711969088e+01 9.735602820745604902e+00
2.209999999999999964e+00 1.321105273524805224e+00 5.011762907833320213e+01 3.135493792950214242e+01 9.679392134773946665e+00
2.214999999999999858e+00 1.322367520658849438e+00 5.035885750913758585e+01 3.151409612171615393e+01 9.625425912066317480e+00
2.220000000000000195e+00 1.323630537451601530e+00 5.060092941445891768e+01 3.167388668556747078e+01 9.573770371687691849e+00
2.225000000000000089e+00 1.324894312106648098e+00 5.084383263498147443e+01 3.183430226110935735e+01 9.524486128847435396e+00
2.229999999999999982e+00 1.326158832846469293e+00 5.108755942117431204e+01 3.199534050209410907e+01 9.477632518473180667e+00
2.234999999999999876e+00 1.327424087913126938e+00 5.133209753468802461e+01 3.215699394387228693e+01 9.433274265373441381e+00
2.240000000000000213e+00 1.328690065568957523e+00 5.157743813277951261e+01 3.231925895482581268e+01 9.391470119644061754e+00
2.245000000000000107e+00 1.329956754097271210e+00 5.182357182343184832e+01 3.248213037107579737e+01 9.352280334970327402e+00
2.250000000000000000e+00 1.331224141803060590e+00 5.207048598958092356e+01 3.264560336527215867e+01 9.315768411583492892e+00
2.254999999999999893e+00 1.332492217013710345e+00 5.231817392878001272e+01 3.280967502600436347e+01 9.281991489630510017e+00
2.260000000000000231e+00 1.333760968079716003e+00 5.256662311210320837e+01 3.297433718333287800e+01 9.251009628140730356e+00
2.265000000000000124e+00 1.335030383375409135e+00 5.281582304671634631e+01 3.313958443873865178e+01 9.222879893487778702e+00
2.270000000000000018e+00 1.336300451299685221e+00 5.306576407518236493e+01 3.330541301007859545e+01 9.197664035645633618e+00
2.274999999999999911e+00 1.337571160276742388e+00 5.331643550918330021e+01 3.347181775481494981e+01 9.175417385883539723e+00
2.280000000000000249e+00 1.338842498756821042e+00 5.356782240902687420e+01 3.363878764009878353e+01 9.156197003704658499e+00
2.285000000000000142e+00 1.340114455216953049e+00 5.381992117554627697e+01 3.380632491010389629e+01 9.140059976743316383e+00
2.290000000000000036e+00 1.341387018161716460e+00 5.407271695456731919e+01 3.397441945003772190e+01 9.127062763960950065e+00
2.294999999999999929e+00 1.342660176123993576e+00 5.432619952612389369e+01 3.414306468119871596e+01 9.117257974189785230e+00
2.300000000000000266e+00 1.343933917665737443e+00 5.458035787574738862e+01 3.431225632089824273e+01 9.110704388075326676e+00
2.305000000000000160e+00 1.345208231378743458e+00 5.483517917125809049e+01 3.448198675615653030e+01 9.107451442394614460e+00
2.310000000000000053e+00 1.346483105885426967e+00 5.509065614698585733e+01 3.465225007425240733e+01 9.107553553448569872e+00
2.314999999999999947e+00 1.347758529839606201e+00 5.534677619115411318e+01 3.482304258366890082e+01 9.111065108171299443e+00
2.319999999999999840e+00 1.349034491927291413e+00 5.560352682820316517e+01 3.499435314333425140e+01 9.118032613303634903e+00
2.325000000000000178e+00 1.350310980867478472e+00 5.586090095335917027e+01 3.516618283790378996e+01 9.128514194182169916e+00
2.330000000000000071e+00 1.351587985412951776e+00 5.611888380184512215e+01 3.533851804999962098e+01 9.142551318812719430e+00
2.334999999999999964e+00 1.352865494351088493e+00 5.637746365111178903e+01 3.551135339844127969e+01 9.160199135110469015e+00
2.339999999999999858e+00 1.354143496504671029e+00 5.663663477708112026e+01 3.568468718662050065e+01 9.181501767230853872e+00
2.345000000000000195e+00 1.355421980732705700e+00 5.689638252852427769e+01 3.585850852496614749e+01 9.206508458886885293e+00
2.350000000000000089e+00 1.356700935931243857e+00 5.715669907480462086e+01 3.603281551767817348e+01 9.235267389791381731e+00
2.354999999999999982e+00 1.357980351034212774e+00 5.741757069148500392e+01 3.620759705660675110e+01 9.267820993476030722e+00
2.359999999999999876e+00 1.359260215014249207e+00 5.767898634680992842e+01 3.638284600243319034e+01 9.304210915252067338e+00
2.365000000000000213e+00 1.360540516883539608e+00 5.794093847856831303e+01 3.655856058017400301e+01 9.344487970524442133e+00
2.370000000000000107e+00 1.361821245694665894e+00 5.820341513671572642e+01 3.673473078877668740e+01 9.388688894280909025e+00
2.375000000000000000e+00 1.363102390541456321e+00 5.846640731534090918e+01 3.691135386236233273e+01 9.436857947977069117e+00
2.379999999999999893e+00 1.364383940559842134e+00 5.872990165661848039e+01 3.708841770342289124e+01 9.489033364451701758e+00
2.385000000000000231e+00 1.365665884928720875e+00 5.899388904146433532e+01 3.726591848880930513e+01 9.545256664342277375e+00
2.390000000000000124e+00 1.366948212870820356e+00 5.925836250525665605e+01 3.744385222907623501e+01 9.605565825555109072e+00
2.395000000000000018e+00 1.368230913653576408e+00 5.952330869457029650e+01 3.762220888531322771e+01 9.669997286640747092e+00
2.399999999999999911e+00 1.369513976590007287e+00 5.978871760106061117e+01 3.780098373746781704e+01 9.738589288290704360e+00
2.405000000000000249e+00 1.370797391039600077e+00 6.005458405681755352e+01 3.798017194884553760e+01 9.811373834968614815e+00
2.410000000000000142e+00 1.372081146409197538e+00 6.032089285693792391e+01 3.815976320728715621e+01 9.888388655783177938e+00
2.415000000000000036e+00 1.373365232153893167e+00 6.058764013710825225e+01 3.833975720051844860e+01 9.969655316227358455e+00
2.419999999999999929e+00 1.374649637777930256e+00 6.085481085671935375e+01 3.852014129056210834e+01 1.005522672463781220e+01
2.425000000000000266e+00 1.375934352835608943e+00 6.112239950290381074e+01 3.870091121379847010e+01 1.014512193135701068e+01
2.430000000000000160e+00 1.377219366932191491e+00 6.139039625294042679e+01 3.888206161518128567e+01 1.023937270487699891e+01
2.435000000000000053e+00 1.378504669724822440e+00 6.165879167142033879e+01 3.906358714336489868e+01 1.033800714235150586e+01
2.439999999999999947e+00 1.379790250923445205e+00 6.192757881485502480e+01 3.924548006409971634e+01 1.044105317766351249e+01
2.444999999999999840e+00 1.381076100291728892e+00 6.219674659522600280e+01 3.942773432092286612e+01 1.054853778881745718e+01
2.450000000000000178e+00 1.382362207647998886e+00 6.246629032916315083e+01 3.961034594959816957e+01 1.066048534453192254e+01
2.455000000000000071e+00 1.383648562866170106e+00 6.273619943442708546e+01 3.979330700098426377e+01 1.077692079693999894e+01
2.459999999999999964e+00 1.384935155876690471e+00 6.300646701406996897e+01 3.997661349682239518e+01 1.089786624653023495e+01
2.464999999999999858e+00 1.386221976667483702e+00 6.327708733509611960e+01 4.016026054663635136e+01 1.102334623792964052e+01
2.470000000000000195e+00 1.387509015284901448e+00 6.354804849592755289e+01 4.034424011637458563e+01 1.115338230011313492e+01
2.475000000000000089e+00 1.388796261834676082e+00 6.381934656771883141e+01 4.052854727485439668e+01 1.128799118111084532e+01
2.479999999999999982e+00 1.390083706482882597e+00 6.409097353544974851e+01 4.071317725786977348e+01 1.142719252724541867e+01
2.484999999999999876e+00 1.391371339456903167e+00 6.436292460976187613e+01 4.089812570539911718e+01 1.157100545105368283e+01
2.490000000000000213e+00 1.392659151046396371e+00 6.463518876067261942e+01 4.108338464739814810e+01 1.171944742265196204e+01
2.495000000000000107e+00 1.393947131604270639e+00 6.490776375625252115e+01 4.126895309015939262e+01 1.187253051458210074e+01
2.500000000000000000e+00 1.395235271547664579e+00 6.518063983833823727e+01 4.145482070757498150e+01 1.203027368308959666e+01
2.504999999999999893e+00 1.396523561358930632e+00 6.545381395115882128e+01 4.164098612760712115e+01 1.219268344805056437e+01
2.510000000000000231e+00 1.397811991586621838e+00 6.572728024281455816e+01 4.182744543251461522e+01 1.235978033873138671e+01
2.515000000000000124e+00 1.399100552846486600e+00 6.600103295492634459e+01 4.201419316416762229e+01 1.253156940489475346e+01
2.520000000000000018e+00 1.400389235822465217e+00 6.627506503283065342e+01 4.220122205818099559e+01 1.270806258201130134e+01
2.524999999999999911e+00 1.401678031267691527e+00 6.654937201886058062e+01 4.238852996399333506e+01 1.288926998174476779e+01
2.530000000000000249e+00 1.402966930005501656e+00 6.682395040807979569e+01 4.257611206740996579e+01 1.307519909942135250e+01
2.535000000000000142e+00 1.404255922930439437e+00 6.709879540134531339e+01 4.276396414304630866e+01 1.326585173966319076e+01
2.540000000000000036e+00 1.405545001009279815e+00 6.737390412318919175e+01 4.295208516692373024e+01 1.346124123103354187e+01
2.544999999999999929e+00 1.406834155282040921e+00 6.764926789812777486e+01 4.314046643796537239e+01 1.366136893063722368e+01
2.550000000000000266e+00 1.408123376863012810e+00 6.792488650938325634e+01 4.332910478485163708e+01 1.386623832213904350e+01
2.555000000000000160e+00 1.409412656941783526e+00 6.820075621144812317e+01 4.351799872132409064e+01 1.407585132948079121e+01
2.560000000000000053e+00 1.410701986784272943e+00 6.847687153118066306e+01 4.370714434148006688e+01 1.429021099499418668e+01
2.564999999999999947e+00 1.411991357733769048e+00 6.875323146894524484e+01 4.389653607452804351e+01 1.450931733786788769e+01
2.569999999999999840e+00 1.413280761211968217e+00 6.902983240005907817e+01 4.408617358129097852e+01 1.473317000003787847e+01
2.575000000000000178e+00 1.414570188720020605e+00 6.930667020427043212e+01 4.427605044250058342e+01 1.496176856833665347e+01
2.580000000000000071e+00 1.415859631839580635e+00 6.958374578508546904e+01 4.446616739768353455e+01 1.519510726414219093e+01
2.584999999999999964e+00 1.417149082233858159e+00 6.986105192392521701e+01 4.465651607195043482e+01 1.543318570521717525e+01
2.589999999999999858e+00 1.418438531648677170e+00 7.013859176652253780e+01 4.484710097762817327e+01 1.567599947680382932e+01
2.595000000000000195e+00 1.419727971913536280e+00 7.041636045697674717e+01 4.503791278485329030e+01 1.592353953563650748e+01
2.600000000000000089e+00 1.421017394942674095e+00 7.069435839237256403e+01 4.522895213812833504e+01 1.617580444285224672e+01
2.604999999999999982e+00 1.422306792736138581e+00 7.097258306878306655e+01 4.542021745264113974e+01 1.643278612955865725e+01
2.609999999999999876e+00 1.423596157380858207e+00 7.125103398393230236e+01 4.561170461878829485e+01 1.669447264486544569e+01
2.615000000000000213e+00 1.424885481051721747e+00 7.152970790447866989e+01 4.580341033747491508e+01 1.696085902668095002e+01
2.620000000000000107e+00 1.426174756012655642e+00 7.180860796469622187e+01 4.599533495674494787e+01 1.723193001439315708e+01
2.625000000000000000e+00 1.427463974617710019e+00 7.208773192371631922e+01 4.618747709066630591e+01 1.750767774223476536e+01
2.629999999999999893e+00 1.428753129312145598e+00 7.236708016861116732e+01 4.637983249192866708e+01 1.778809162027844337e+01
2.635000000000000231e+00 1.430042212633526821e+00 7.264665516562602932e+01 4.657240518800989548e+01 1.807315663783578330e+01
2.640000000000000124e+00 1.431331217212814755e+00 7.292645050961490938e+01 4.676518467560086378e+01 1.836286108012037843e+01
2.645000000000000018e+00 1.432620135775467096e+00 7.320647271900554642e+01 4.695817562050126526e+01 1.865718728154649142e+01
2.649999999999999911e+00 1.433908961142540850e+00 7.348672186244998272e+01 4.715137788309412770e+01 1.895612024824769648e+01
2.655000000000000249e+00 1.435197686231796554e+00 7.376719646764530580e+01 4.734478660408784378e+01 1.925964478675278713e+01
2.660000000000000142e+00 1.436486304058808727e+00 7.404790869551121091e+01 4.753840977816073377e+01 1.956778055967302521e+01
2.665000000000000036e+00 1.437774807738079197e+00 7.432884034223073400e+01 4.773223192021814043e+01 1.988043749499304269e+01
2.669999999999999929e+00 1.439063190484150212e+00 7.461000621862551441e+01 4.792626396883777318e+01 2.019763391445328438e+01
2.675000000000000266e+00 1.440351445612727099e+00 7.489140110941316664e+01 4.812049619062240424e+01 2.051934345448992403e+01
2.680000000000000160e+00 1.441639566541798700e+00 7.517303527061854140e+01 4.831493901650355127e+01 2.084555607561160429e+01
2.685000000000000053e+00 1.442927546792763360e+00 7.545490257469508322e+01 4.850958202077768533e+01 2.117623714218677833e+01
2.689999999999999947e+00 1.444215379991559578e+00 7.573701032079267748e+01 4.870443076383142511e+01 2.151137730289833172e+01
2.694999999999999840e+00 1.445503059869796658e+00 7.601935913129804590e+01 4.889948271985593209e+01 2.185094349635507527e+01
2.700000000000000178e+00 1.446790580265890691e+00 7.630195592210472455e+01 4.909474388946030388e+01 2.219491795422626623e+01
2.705000000000000071e+00 1.448077935126202975e+00 7.658479664085503202e+01 4.929020584987111420e+01 2.254327398158735463e+01
2.709999999999999964e+00 1.449365118506182437e+00 7.686789302589868100e+01 4.948587678699983883e+01 2.289598555544856495e+01
2.714999999999999858e+00 1.450652124571508272e+00 7.715124200265366028e+01 4.968175213165476123e+01 2.325302651715876934e+01
2.720000000000000195e+00 1.451938947599239915e+00 7.743484934303873501e+01 4.987783656481688865e+01 2.361437443130050440e+01
2.725000000000000089e+00 1.453225581978965009e+00 7.771871571614371987e+01 5.007412479853159937e+01 2.397999658081346652e+01
2.729999999999999982e+00 1.454512022213955591e+00 7.800285044609569240e+01 5.027062385689468726e+01 2.434986467753267192e+01
2.734999999999999876e+00 1.455798262922322506e+00 7.828725456707164199e+01 5.046733166743817378e+01 2.472395394592458118e+01
2.740000000000000213e+00 1.457084298838174696e+00 7.857193262570096692e+01 5.066425150043954773e+01 2.510223017931979683e+01
2.745000000000000107e+00 1.458370124812782276e+00 7.885688735301634722e+01 5.086138020595817721e+01 2.548466135007515021e+01
2.750000000000000000e+00 1.459655735815740485e+00 7.914212652926950398e+01 5.105872351883179761e+01 2.587122076098781420e+01
2.754999999999999893e+00 1.460941126936137202e+00 7.942765352821930946e+01 5.125628344787615731e+01 2.626187425486082816e+01
2.760000000000000231e+00 1.462226293383724007e+00 7.971347327104915337e+01 5.145405960742623108e+01 2.665659226189352182e+01
2.765000000000000124e+00 1.463511230490086357e+00 7.999958888541095803e+01 5.165205177137509907e+01 2.705533386354519720e+01
2.770000000000000018e+00 1.464795933709824194e+00 8.028600604551580489e+01 5.185026255398135220e+01 2.745807505881175459e+01
2.774999999999999911e+00 1.466080398621724123e+00 8.057273495016904974e+01 5.204869939715086957e+01 2.786477027008767493e+01
2.780000000000000249e+00 1.467364620929943797e+00 8.085977355679563061e+01 5.224735656995201794e+01 2.827539036772810377e+01
2.785000000000000142e+00 1.468648596465194744e+00 8.114713437857919587e+01 5.244624352721984906e+01 2.868989918552730245e+01
2.790000000000000036e+00 1.469932321185927426e+00 8.143482368109489755e+01 5.264535957806884880e+01 2.910825429656322072e+01
2.794999999999999929e+00 1.471215791179520282e+00 8.172283692539456013e+01 5.284470229979889666e+01 2.953042586793575452e+01
2.800000000000000266e+00 1.472499002663467449e+00 8.201118954726595689e+01 5.304428051749594175e+01 2.995636882902376996e+01
2.805000000000000160e+00 1.473781951986576466e+00 8.229988411377073021e+01 5.324409338856893470e+01 3.038605198104988503e+01
2.810000000000000053e+00 1.475064635630160437e+00 8.258892812696542762e+01 5.344414590805256182e+01 3.081943268154538629e+01
2.814999999999999947e+00 1.476347050209237288e+00 8.287832496563316909e+01 5.364443817986664698e+01 3.125646627879363137e+01
2.819999999999999840e+00 1.477629192473728592e+00 8.316808670864296005e+01 5.384497545335898394e+01 3.169711317592089728e+01
2.825000000000000178e+00 1.478911059309663267e+00 8.345821425110207770e+01 5.404575953249690201e+01 3.214133887470502771e+01
2.830000000000000071e+00 1.480192647740382617e+00 8.374871483491280344e+01 5.424679100673539267e+01 3.258908979346374224e+01
2.834999999999999964e+00 1.481473954927746250e+00 8.403959957909791001e+01 5.444807775526818716e+01 3.304033010539557580e+01
2.839999999999999858e+00 1.482754978173340454e+00 8.433087271868149060e+01 5.464962234222646487e+01 3.349502068109499930e+01
2.845000000000000195e+00 1.484035714919693882e+00 8.462254165373342119e+01 5.485142505081986997e+01 3.395310837486814393e+01
2.850000000000000089e+00 1.485316162751484814e+00 8.491461179735159703e+01 5.505349107876213566e+01 3.441455352746226737e+01
2.854999999999999982e+00 1.486596319396762178e+00 8.520708967797639843e+01 5.525582140515670204e+01 3.487930860992081250e+01
2.859999999999999876e+00 1.487876182728162133e+00 8.549998655264887759e+01 5.545842295024005608e+01 3.534732869734378369e+01
2.865000000000000213e+00 1.489155750764126207e+00 8.579330715471809299e+01 5.566130003697446682e+01 3.581856750443278514e+01
2.870000000000000107e+00 1.490435021670126092e+00 8.608705926660690011e+01 5.586445229102869803e+01 3.629297563320508857e+01
2.875000000000000000e+00 1.491713993759884893e+00 8.638124815826118663e+01 5.606788441748840057e+01 3.677050399872618414e+01
2.879999999999999893e+00 1.492992665496607696e+00 8.667588564183257915e+01 5.627160523784336021e+01 3.725111215095572703e+01
2.885000000000000231e+00 1.494271035494205480e+00 8.697097585637584416e+01 5.647561221056676573e+01 3.773474636836485274e+01
2.890000000000000124e+00 1.495549102518527240e+00 8.726652525061473398e+01 5.667991097152534508e+01 3.822135249562514758e+01
2.895000000000000018e+00 1.496826865488593894e+00 8.756254734251825766e+01 5.688451004619840035e+01 3.871088974225270363e+01
2.899999999999999911e+00 1.498104323477830180e+00 8.785904414935508555e+01 5.708940751941618430e+01 3.920329461875169130e+01
2.905000000000000249e+00 1.499381475715303225e+00 8.815602478286500343e+01 5.729460922221792885e+01 3.969852349527744906e+01
2.910000000000000142e+00 1.500658321586958444e+00 8.845349957739340141e+01 5.750012237527511161e+01 4.019652809725135256e+01
2.915000000000000036e+00 1.501934860636862323e+00 8.875147289928560213e+01 5.770594966336248888e+01 4.069725372962886922e+01
2.919999999999999929e+00 1.503211092568443430e+00 8.904995438112345596e+01 5.791209118799228150e+01 4.120063486415060794e+01
2.925000000000000266e+00 1.504487017245737190e+00 8.934895376404831779e+01 5.811856003033840068e+01 4.170663827226417197e+01
2.930000000000000160e+00 1.505762634694630231e+00 8.964847620648559712e+01 5.832535378369582446e+01 4.221519194575571987e+01
2.935000000000000053e+00 1.507037945104112264e+00 8.994852835398971536e+01 5.853247581269067723e+01 4.272624865670242400e+01
2.939999999999999947e+00 1.508312948827522426e+00 9.024912102377479073e+01 5.873993558368192680e+01 4.323975523865635751e+01
2.944999999999999840e+00 1.509587646383803383e+00 9.055026424484915992e+01 5.894773734066029647e+01 4.375564516530884163e+01
2.950000000000000178e+00 1.510862038458753664e+00 9.085196214547126203e+01 5.915588351879890183e+01 4.427387356634624638e+01
2.955000000000000071e+00 1.512136125906285322e+00 9.115422477351440023e+01 5.936437960991067087e+01 4.479437825742537882e+01
2.959999999999999964e+00 1.513409909749681370e+00 9.145705927768007371e+01 5.957322974555994222e+01 4.531710066241536339e+01
2.964999999999999858e+00 1.514683391182853445e+00 9.176047384074556135e+01 5.978243940236673382e+01 4.584198579081190417e+01
2.970000000000000195e+00 1.515956571571605682e+00 9.206447585467759609e+01 5.999201211318029436e+01 4.636897077535515166e+01
2.975000000000000089e+00 1.517229452454897709e+00 9.236907551225641555e+01 6.020195355180159424e+01 4.689799622113432065e+01
2.979999999999999982e+00 1.518502035546109630e+00 9.267428097219479355e+01 6.041227162193455058e+01 4.742900822161446683e+01
2.984999999999999876e+00 1.519774322734309235e+00 9.298009509305909148e+01 6.062296342301415564e+01 4.796193411514947513e+01
2.990000000000000213e+00 1.521046316085523209e+00 9.328653374161369527e+01 6.083404278600647785e+01 4.849672773453739438e+01
2.995000000000000107e+00 1.522318017844006111e+00 9.359360141540280154e+01 6.104551133105999128e+01 4.903332046901750374e+01
3.000000000000000000e+00 1.523589430433515579e+00 9.390130581309205127e+01 6.125737261485949858e+01 4.957164909348532689e+01
3.004999999999999893e+00 1.524860556458587313e+00 9.420965471806962910e+01 6.146963254782808406e+01 5.011165607045029446e+01
3.010000000000000231e+00 1.526131398705811604e+00 9.451865573293568445e+01 6.168229351092155355e+01 5.065326326691532444e+01
3.015000000000000124e+00 1.527401960145112314e+00 9.482831992251375652e+01 6.189536690003926367e+01 5.119642688288983834e+01
3.020000000000000018e+00 1.528672243931031183e+00 9.513865134404436219e+01 6.210885147784406968e+01 5.174107867433311014e+01
3.024999999999999911e+00 1.529942253404009023e+00 9.544966114936372037e+01 6.232275540632305422e+01 5.228714220023290693e+01
3.030000000000000249e+00 1.531211992091669805e+00 9.576135379186916907e+01 6.253708204910800816e+01 5.283456097773093063e+01
3.035000000000000142e+00 1.532481463710112957e+00 9.607373995959180490e+01 6.275183904886144148e+01 5.338327491238830191e+01
3.040000000000000036e+00 1.533750672165198337e+00 9.638685229532165977e+01 6.296703380478643197e+01 5.393317206718049306e+01
3.044999999999999929e+00 1.535019621553841640e+00 9.670065031189668048e+01 6.318266440252207872e+01 5.448426216013385215e+01
3.050000000000000266e+00 1.536288316165307810e+00 9.701516341187139858e+01 6.339873933641747072e+01 5.503644453162766581e+01
3.055000000000000160e+00 1.537556760482504448e+00 9.733040061495400153e+01 6.361526306499993666e+01 5.558964458776159034e+01
3.060000000000000053e+00 1.538824959183287211e+00 9.764636854554268552e+01 6.383224100065314133e+01 5.614380445086448645e+01
3.064999999999999947e+00 1.540092917141751672e+00 9.796307759037860308e+01 6.404968024323315490e+01 5.669885358988282320e+01
3.070000000000000284e+00 1.541360639429545376e+00 9.828053404414379202e+01 6.426758505077580708e+01 5.725472546233019955e+01
3.075000000000000178e+00 1.542628131317168361e+00 9.859874285294176843e+01 6.448595813088226691e+01 5.781134261341813385e+01
3.080000000000000071e+00 1.543895398275281439e+00 9.891771696136650860e+01 6.470481076770312256e+01 5.836865212370754108e+01
3.084999999999999964e+00 1.545162445976019150e+00 9.923745677514530428e+01 6.492413739349269974e+01 5.892655908161692935e+01
3.089999999999999858e+00 1.546429280294300046e+00 9.955797204171668113e+01 6.514394975978395053e+01 5.948501441679814405e+01
3.095000000000000195e+00 1.547695907309144969e+00 9.987927542856724017e+01 6.536425810666747793e+01 6.004395040409372797e+01
3.100000000000000089e+00 1.548962333304992001e+00 1.002013660991918016e+02 6.558505878562239388e+01 6.060328494898693208e+01
3.104999999999999982e+00 1.550228564773019402e+00 1.005242541521249677e+02 6.580635801381983185e+01 6.116294961590188706e+01
3.109999999999999876e+00 1.551494608412467890e+00 1.008479514510965487e+02 6.602816716473270731e+01 6.172287955116348712e+01
3.115000000000000213e+00 1.552760471131968911e+00 1.011724579685734398e+02 6.625048409852681175e+01 6.228299592819174535e+01
3.120000000000000107e+00 1.554026160050869576e+00 1.014977818113839305e+02 6.647331826765028495e+01 6.284323944196021472e+01
3.125000000000000000e+00 1.555291682500568706e+00 1.018239322440284553e+02 6.669667146056025331e+01 6.340351752327799773e+01
3.129999999999999893e+00 1.556557046025848434e+00 1.021509134783106134e+02 6.692054917821261029e+01 6.396377459785642117e+01
3.135000000000000231e+00 1.557822258386214909e+00 1.024787341734917305e+02 6.714495979507881884e+01 6.452394148809075602e+01
3.140000000000000124e+00 1.559087327557234559e+00 1.028074015870991502e+02 6.736990779982835420e+01 6.508393829464768032e+01
3.145000000000000018e+00 1.560352261731882795e+00 1.031369218826261829e+02 6.759539599211153416e+01 6.564369388749746292e+01
3.149999999999999911e+00 1.561617069321888263e+00 1.034672964611471855e+02 6.782142647715471639e+01 6.620313225613088548e+01
3.155000000000000249e+00 1.562881758959084433e+00 1.037985353610069552e+02 6.804800650039186394e+01 6.676218267732799916e+01
3.160000000000000142e+00 1.564146339496760740e+00 1.041306464308706268e+02 6.827514500480478432e+01 6.732078176907270972e+01
3.165000000000000036e+00 1.565410820011023496e+00 1.044636326565645135e+02 6.850284152286903350e+01 6.787884602832816938e+01
3.169999999999999929e+00 1.566675209802153468e+00 1.047974991483973071e+02 6.873109838161363427e+01 6.843629694853062517e+01
3.175000000000000266e+00 1.567939518395971676e+00 1.051322550894479662e+02 6.895992721925162527e+01 6.899307268927175585e+01
3.180000000000000160e+00 1.569203755545205192e+00 1.054679051550173483e+02 6.918933229257596906e+01 6.954910459496761632e+01
3.185000000000000053e+00 1.570467931230861369e+00 1.058044534152768819e+02 6.941931358044311651e+01 7.010430837509275648e+01
3.189999999999999947e+00 1.571732055663601191e+00 1.061419081790201204e+02 6.964987965949012505e+01 7.065861700203579687e+01
3.195000000000000284e+00 1.572996139285118833e+00 1.064802685670248366e+02 6.988102737622467941e+01 7.121195155749877870e+01
3.200000000000000178e+00 1.574260192769525224e+00 1.068195471333599187e+02 7.011277060997727517e+01 7.176424351090757625e+01
3.205000000000000071e+00 1.575524227024737378e+00 1.071597455389258897e+02 7.034511188545843652e+01 7.231542701067954226e+01
3.209999999999999964e+00 1.576788253193867284e+00 1.075008676606544213e+02 7.057804916175632570e+01 7.286541542188400911e+01
3.214999999999999858e+00 1.578052282656617233e+00 1.078429189246738673e+02 7.081159151467608126e+01 7.341414025396983334e+01
3.220000000000000195e+00 1.579316327030685141e+00 1.081859191519826453e+02 7.104574899296153490e+01 7.396156148536103103e+01
3.225000000000000089e+00 1.580580398173165202e+00 1.085298454473965535e+02 7.128051320001722502e+01 7.450754948774566344e+01
3.229999999999999982e+00 1.581844508181959430e+00 1.088747169503847800e+02 7.151589725130823183e+01 7.505205903759940611e+01
3.234999999999999876e+00 1.583108669397191415e+00 1.092205352581786855e+02 7.175190066006035750e+01 7.559502087953292460e+01
3.240000000000000213e+00 1.584372894402625409e+00 1.095673044924806021e+02 7.198852906865397472e+01 7.613636255969210254e+01
3.245000000000000107e+00 1.585637196027092743e+00 1.099150318306262335e+02 7.222578596703240805e+01 7.667600762263892022e+01
3.250000000000000000e+00 1.586901587345919129e+00 1.102637187324436070e+02 7.246367757216469840e+01 7.721389019005917476e+01
3.254999999999999893e+00 1.588166081682362174e+00 1.106133709001935586e+02 7.270220759523385823e+01 7.774994473156048969e+01
3.260000000000000231e+00 1.589430692609048013e+00 1.109639867798822195e+02 7.294137326033107627e+01 7.828408253724822430e+01
3.265000000000000124e+00 1.590695433949419924e+00 1.113155788374481290e+02 7.318118875993735628e+01 7.881625978052727532e+01
3.270000000000000018e+00 1.591960319779189614e+00 1.116681418928287002e+02 7.342164644276408580e+01 7.934637244330335193e+01
3.274999999999999911e+00 1.593225364427793389e+00 1.120216854273950560e+02 7.366276046108805531e+01 7.987439131817981774e+01
3.280000000000000249e+00 1.594490582479856755e+00 1.123762086800152957e+02 7.390452663922673082e+01 8.040021792213195795e+01
3.285000000000000142e+00 1.595755988776664358e+00 1.127317161728379489e+02 7.414695265195148011e+01 8.092379776273786263e+01
3.290000000000000036e+00 1.597021598417631694e+00 1.130882076493569741e+02 7.439003525722382903e+01 8.144505842892858993e+01
3.294999999999999929e+00 1.598287426761794583e+00 1.134456933856493777e+02 7.463378923856714664e+01 8.196393325698937815e+01
3.300000000000000266e+00 1.599553489429289543e+00 1.138041690880366730e+02 7.487820700914205929e+01 8.248035333570213368e+01
3.305000000000000160e+00 1.600819802302856587e+00 1.141636405182320431e+02 7.512329824854316485e+01 8.299425358843411971e+01
3.310000000000000053e+00 1.602086381529337800e+00 1.145241075976876033e+02 7.536906401150892520e+01 8.350557549746655184e+01
3.314999999999999947e+00 1.603353243521186133e+00 1.148855758419478548e+02 7.561550699695111177e+01 8.401425042499813856e+01
3.320000000000000284e+00 1.604620404957985969e+00 1.152480423553728741e+02 7.586262698010649785e+01 8.452021147664945033e+01
3.325000000000000178e+00 1.605887882787973897e+00 1.156115126284826573e+02 7.611043118464004920e+01 8.502338833301772070e+01
3.330000000000000071e+00 1.607155694229572163e+00 1.159759875171030927e+02 7.635892032464821000e+01 8.552373759524138563e+01
3.334999999999999964e+00 1.608423856772927873e+00 1.163414689918450051e+02 7.660809809096554091e+01 8.602118239631211338e+01
3.339999999999999858e+00 1.609692388181460876e+00 1.167079582679860010e+02 7.685796780001950879e+01 8.651568016425150631e+01
3.345000000000000195e+00 1.610961306493419842e+00 1.170754590110150701e+02 7.710853132226216644e+01 8.700714891936075901e+01
3.350000000000000089e+00 1.612230630023444355e+00 1.174439654852410939e+02 7.735978639871564155e+01 8.749553649958990320e+01
3.354999999999999982e+00 1.613500377364142535e+00 1.178134833258399397e+02 7.761173925991903388e+01 8.798077695572102641e+01
3.359999999999999876e+00 1.614770567387667999e+00 1.181840169020584881e+02 7.786439637016584925e+01 8.846282799568332678e+01
3.365000000000000213e+00 1.616041219247312144e+00 1.185555622958745374e+02 7.811775477349620189e+01 8.894163511501579933e+01
3.370000000000000107e+00 1.617312352379102647e+00 1.189281214483620914e+02 7.837181644195925401e+01 8.941712433227297652e+01
3.375000000000000000e+00 1.618583986503417060e+00 1.193016932418314155e+02 7.862658508228427934e+01 8.988925797945181273e+01
3.379999999999999893e+00 1.619856141626595081e+00 1.196762797658859370e+02 7.888205876511048587e+01 9.035797120558206075e+01
3.385000000000000231e+00 1.621128838042573905e+00 1.200518807878709140e+02 7.913824680568707493e+01 9.082322080450488500e+01
3.390000000000000124e+00 1.622402096334521149e+00 1.204284982568851916e+02 7.939514694296464370e+01 9.128495740086704302e+01
3.395000000000000018e+00 1.623675937376488410e+00 1.208061291585897123e+02 7.965275732362547956e+01 9.174311044708827012e+01
3.399999999999999911e+00 1.624950382335069499e+00 1.211847761233331227e+02 7.991108580077411716e+01 9.219765018181406901e+01
3.405000000000000249e+00 1.626225452671069327e+00 1.215644366113119332e+02 8.017012921378355372e+01 9.264852306319393449e+01
3.410000000000000142e+00 1.627501170141188780e+00 1.219451100927365275e+02 8.042988963712110717e+01 9.309568334137358647e+01
3.415000000000000036e+00 1.628777556799715365e+00 1.223267970687706310e+02 8.069037016044192967e+01 9.353908110425165034e+01
3.419999999999999929e+00 1.630054635000228513e+00 1.227094965394606589e+02 8.095157154888843820e+01 9.397868250863824358e+01
3.425000000000000266e+00 1.631332427397314877e+00 1.230932109946136848e+02 8.121349729062507095e+01 9.441444075831864780e+01
3.430000000000000160e+00 1.632610956948298497e+00 1.234779326630638110e+02 8.147614160443340836e+01 9.484629370964235306e+01
3.435000000000000053e+00 1.633890246914980304e+00 1.238636669882044146e+02 8.173951339063782484e+01 9.527423573781514676e+01
3.439999999999999947e+00 1.635170320865392934e+00 1.242504086478285075e+02 8.200360610510143999e+01 9.569820672077858603e+01
3.445000000000000284e+00 1.636451202675564431e+00 1.246381594024635291e+02 8.226842941104712281e+01 9.611817095329114125e+01
3.450000000000000178e+00 1.637732916531301264e+00 1.250269131099955899e+02 8.253396576808604834e+01 9.653401927953481731e+01
3.455000000000000071e+00 1.639015486929979559e+00 1.254166738746581586e+02 8.280023923667664576e+01 9.694586780823837557e+01
3.459999999999999964e+00 1.640298938682350771e+00 1.258074382637402948e+02 8.306724146935812314e+01 9.735361070989273458e+01
3.464999999999999858e+00 1.641583296914366441e+00 1.261992032715809842e+02 8.333496923138235957e+01 9.775720306903595258e+01
3.470000000000000195e+00 1.642868587069010289e+00 1.265919704680290039e+02 8.360342830559520166e+01 9.815662267599867619e+01
3.475000000000000089e+00 1.644154834908149621e+00 1.269857327567838468e+02 8.387261388424263941e+01 9.855184839601839997e+01
3.479999999999999982e+00 1.645442066514400281e+00 1.273804922552791794e+02 8.414253192689733396e+01 9.894284755323323566e+01
3.484999999999999876e+00 1.646730308293007594e+00 1.277762450296639827e+02 8.441317692459358568e+01 9.932958282924187188e+01
3.490000000000000213e+00 1.648019586973742623e+00 1.281729929838778901e+02 8.468455569715465003e+01 9.971205547916868284e+01
3.495000000000000107e+00 1.649309929612814640e+00 1.285707257061615678e+02 8.495666005963573753e+01 1.000902204932365578e+02
3.500000000000000000e+00 1.650601363594798476e+00 1.289694500066347587e+02 8.522950074491096473e+01 1.004640719161221938e+02
3.504999999999999893e+00 1.651893916634581849e+00 1.293687229394879523e+02 8.550268287965440095e+01 1.008251209735227292e+02
3.510000000000000231e+00 1.653187616779326907e+00 1.297689704462636939e+02 8.577659241784604660e+01 1.011816521714202821e+02
3.515000000000000124e+00 1.654482492410449757e+00 1.301701929257329482e+02 8.605122635464827852e+01 1.015336279529598471e+02
3.520000000000000018e+00 1.655778572245619973e+00 1.305723892058887827e+02 8.632658993357685517e+01 1.018810499818428497e+02
3.524999999999999911e+00 1.657075885340773880e+00 1.309755532160756388e+02 8.660267590573717200e+01 1.022238928983852873e+02
3.530000000000000249e+00 1.658374461092151142e+00 1.313796851983281613e+02 8.687949069781495837e+01 1.025621564534991137e+02
3.535000000000000142e+00 1.659674329238346902e+00 1.317847790902176541e+02 8.715702834044128622e+01 1.028958264213395779e+02
3.540000000000000036e+00 1.660975519862385452e+00 1.321908329120487053e+02 8.743528656705773017e+01 1.032248857425743154e+02
3.544999999999999929e+00 1.662278063393811456e+00 1.325978478499109485e+02 8.771427561751764301e+01 1.035493533868455529e+02
3.550000000000000266e+00 1.663581990610803807e+00 1.330058161582722391e+02 8.799398525831793449e+01 1.038691836734075622e+02
3.555000000000000160e+00 1.664887332642308815e+00 1.334147324698130603e+02 8.827441264507032770e+01 1.041844198362715304e+02
3.560000000000000053e+00 1.666194120970192039e+00 1.338245980987648238e+02 8.855556600598561090e+01 1.044950375270821041e+02
3.564999999999999947e+00 1.667502387431416100e+00 1.342354106687020874e+02 8.883744009190525048e+01 1.048010338437472768e+02
3.570000000000000284e+00 1.668812164220237593e+00 1.346471651390382647e+02 8.912003544274591604e+01 1.051024212194186873e+02
3.575000000000000178e+00 1.670123483890425531e+00 1.350598561170762650e+02 8.940334646772498672e+01 1.053992004578103376e+02
3.580000000000000071e+00 1.671436379357503110e+00 1.354734836336405976e+02 8.968737733397014722e+01 1.056913851217639717e+02
3.584999999999999964e+00 1.672750883901015451e+00 1.358880414704836994e+02 8.997212399134608063e+01 1.059789714491983688e+02
3.589999999999999858e+00 1.674067031166816655e+00 1.363035299944195344e+02 9.025758857032670335e+01 1.062619744867512281e+02
3.595000000000000195e+00 1.675384855169382847e+00 1.367199452567880655e+02 9.054376391446596983e+01 1.065404908635728702e+02
3.600000000000000089e+00 1.676704390294149860e+00 1.371372816541339432e+02 9.083065794681601801e+01 1.068143736935046633e+02
3.604999999999999982e+00 1.678025671299876453e+00 1.375555335539521025e+02 9.111826290902382652e+01 1.070837242515568732e+02
3.609999999999999876e+00 1.679348733321033071e+00 1.379747033185450107e+02 9.140658197787979589e+01 1.073485595157489172e+02
3.615000000000000213e+00 1.680673611870211692e+00 1.383947864105113297e+02 9.169561550168982933e+01 1.076088931593837117e+02
3.620000000000000107e+00 1.682000342840573426e+00 1.388157747027422033e+02 9.198535389064564072e+01 1.078647397629443958e+02
3.625000000000000000e+00 1.683328962508309878e+00 1.392376680409242908e+02 9.227579982968592276e+01 1.081161367950353025e+02
3.629999999999999893e+00 1.684659507535143819e+00 1.396604662654969218e+02 9.256695614241800740e+01 1.083631023593149791e+02
3.635000000000000231e+00 1.685992014970846498e+00 1.400841603627049778e+02 9.285881607399417703e+01 1.086056707462795146e+02
3.640000000000000124e+00 1.687326522255794936e+00 1.405087532921676257e+02 9.315138362554120022e+01 1.088438629704486971e+02
3.645000000000000018e+00 1.688663067223552527e+00 1.409342363073842535e+02 9.344465099757439930e+01 1.090777120289337319e+02
3.649999999999999911e+00 1.690001688103477839e+00 1.413606075562060198e+02 9.373862224695039913e+01 1.093072512761750374e+02
3.655000000000000249e+00 1.691342423523365834e+00 1.417878629322985091e+02 9.403329333706128068e+01 1.095325144846006680e+02
3.660000000000000142e+00 1.692685312512123508e+00 1.422160020915471250e+02 9.432866475591870881e+01 1.097535464334669371e+02
3.665000000000000036e+00 1.694030394502469727e+00 1.426450230197132498e+02 9.462473835917550957e+01 1.099703851733157904e+02
3.669999999999999929e+00 1.695377709333675487e+00 1.430749184229758271e+02 9.492150505945966188e+01 1.101830556789466158e+02
3.675000000000000266e+00 1.696727297254325917e+00 1.435056841768484901e+02 9.521896556894932928e+01 1.103916166745823091e+02
3.680000000000000160e+00 1.698079198925130706e+00 1.439373231269279927e+02 9.551712313730342885e+01 1.105961050606658489e+02
3.685000000000000053e+00 1.699433455421752726e+00 1.443698292180865792e+02 9.581597492200211263e+01 1.107965720822744942e+02
3.689999999999999947e+00 1.700790108237682396e+00 1.448032005441518493e+02 9.611551882325943552e+01 1.109930566000557235e+02
3.695000000000000284e+00 1.702149199287140036e+00 1.452374311690197999e+02 9.641575060442852418e+01 1.111856216569960480e+02
3.700000000000000178e+00 1.703510770908022831e+00 1.456725222680301783e+02 9.671667365577333442e+01 1.113743024449384365e+02
3.705000000000000071e+00 1.704874865864877798e+00 1.461084684309971635e+02 9.701828335127720493e+01 1.115591572233183655e+02
3.709999999999999964e+00 1.706241527351919807e+00 1.465452712879266244e+02 9.732058381577095929e+01 1.117402507265902329e+02
3.714999999999999858e+00 1.707610798996081591e+00 1.469829237136967492e+02 9.762356807169416584e+01 1.119176399601273744e+02
3.720000000000000195e+00 1.708982724860113711e+00 1.474214260671863315e+02 9.792723859384361162e+01 1.120913635656947207e+02
3.725000000000000089e+00 1.710357349445704500e+00 1.478607721656084948e+02 9.823158873362912402e+01 1.122615046484449266e+02
3.729999999999999982e+00 1.711734717696661745e+00 1.483009665359680014e+02 9.853662624197835385e+01 1.124281081953050432e+02
3.734999999999999876e+00 1.713114875002117454e+00 1.487419997095249755e+02 9.884234040147921974e+01 1.125912487719297843e+02
3.740000000000000213e+00 1.714497867199787251e+00 1.491838741814035245e+02 9.914873786596021432e+01 1.127509915643776139e+02
3.745000000000000107e+00 1.715883740579261962e+00 1.496265900150659434e+02 9.945581836614411486e+01 1.129074096896817849e+02
3.750000000000000000e+00 1.717272541885350057e+00 1.500701368073218589e+02 9.976356815497948105e+01 1.130605417200057730e+02
3.754999999999999893e+00 1.718664318321458495e+00 1.505145208517343747e+02 1.000720017791796579e+02 1.132105010427541600e+02
3.760000000000000231e+00 1.720059117553022654e+00 1.509597398140880955e+02 1.003811125294091653e+02 1.133573245518634423e+02
3.765000000000000124e+00 1.721456987710977105e+00 1.514057888771216369e+02 1.006908980808972274e+02 1.135011047609484649e+02
3.770000000000000018e+00 1.722857977395276574e+00 1.518526709305386646e+02 1.010013615943408070e+02 1.136419161791014432e+02
3.774999999999999911e+00 1.724262135678464647e+00 1.523003769976539843e+02 1.013124923300825344e+02 1.137798255563095609e+02
3.780000000000000249e+00 1.725669512109285098e+00 1.527489124182152693e+02 1.016242998005153311e+02 1.139149219494316441e+02
3.785000000000000142e+00 1.727080156716347847e+00 1.531982720110559626e+02 1.019367794951254638e+02 1.140472865609944790e+02
3.790000000000000036e+00 1.728494120011841551e+00 1.536484633256892778e+02 1.022499364683193335e+02 1.141769974833109700e+02
3.794999999999999929e+00 1.729911452995299248e+00 1.540994798130319907e+02 1.025637644558904924e+02 1.143041254550498564e+02
3.800000000000000266e+00 1.731332207157411762e+00 1.545513162439372081e+02 1.028782577023708029e+02 1.144287616313430931e+02
3.805000000000000160e+00 1.732756434483898600e+00 1.550039819503649881e+02 1.031934300660833230e+02 1.145510083617895276e+02
3.810000000000000053e+00 1.734184187459427706e+00 1.554574686041417806e+02 1.035092685992694612e+02 1.146709260276893048e+02
3.814999999999999947e+00 1.735615519071593615e+00 1.559117815802242148e+02 1.038257809930656350e+02 1.147886273886430786e+02
3.820000000000000284e+00 1.737050482814948671e+00 1.563669167830621802e+02 1.041429630477672248e+02 1.149042044175315453e+02
3.825000000000000178e+00 1.738489132695088868e+00 1.568228772375661038e+02 1.044608173287717250e+02 1.150177310511546551e+02
3.830000000000000071e+00 1.739931523232801869e+00 1.572796602296330377e+02 1.047793384276193365e+02 1.151293050171943833e+02
3.834999999999999964e+00 1.741377709468272084e+00 1.577372684936188989e+02 1.050985334716582287e+02 1.152390201390278719e+02
3.839999999999999858e+00 1.742827746965340152e+00 1.581957027636677253e+02 1.054183976269975460e+02 1.153469853088171391e+02
3.845000000000000195e+00 1.744281691815829705e+00 1.586549624132888141e+02 1.057389339627309255e+02 1.154532828579120434e+02
3.850000000000000089e+00 1.745739600643932299e+00 1.591150462335282612e+02 1.060601379284488530e+02 1.155580206809297579e+02
3.854999999999999982e+00 1.747201530610656750e+00 1.595759623486451915e+02 1.063820190088232494e+02 1.156612871567568845e+02
3.859999999999999876e+00 1.748667539418339745e+00 1.600377080876153286e+02 1.067045722429266306e+02 1.157631978667660206e+02
3.865000000000000213e+00 1.750137685315223512e+00 1.605002820578099545e+02 1.070277959790854254e+02 1.158638539385112693e+02
3.870000000000000107e+00 1.751612027100100555e+00 1.609636893333564558e+02 1.073516938734769610e+02 1.159633301464163679e+02
3.875000000000000000e+00 1.753090624127023878e+00 1.614279295002552885e+02 1.076762637846775590e+02 1.160617634051304634e+02
3.879999999999999893e+00 1.754573536310083837e+00 1.618930055072702601e+02 1.080015103724425671e+02 1.161592396931114450e+02
3.885000000000000231e+00 1.756060824128258258e+00 1.623589210826510794e+02 1.083274368968556445e+02 1.162559035058482664e+02
3.890000000000000124e+00 1.757552548630337386e+00 1.628256763924613324e+02 1.086540373015944567e+02 1.163517998709271097e+02
3.895000000000000018e+00 1.759048771439909009e+00 1.632932738048743317e+02 1.089813149071773068e+02 1.164470896463359395e+02
3.899999999999999911e+00 1.760549554760425739e+00 1.637617141218902930e+02 1.093092699198469688e+02 1.165418620854954241e+02
3.905000000000000249e+00 1.762054961380348228e+00 1.642310083290851708e+02 1.096379139823423543e+02 1.166362325510010294e+02
3.910000000000000142e+00 1.763565054678360111e+00 1.647011508297511284e+02 1.099672366149735865e+02 1.167303152958349273e+02
3.915000000000000036e+00 1.765079898628665322e+00 1.651721464641952366e+02 1.102972411750989465e+02 1.168242174104948674e+02
3.919999999999999929e+00 1.766599557806353804e+00 1.656439997183702246e+02 1.106279322104123679e+02 1.169180496162080516e+02
3.925000000000000266e+00 1.768124097392861804e+00 1.661167161830714747e+02 1.109593142824948586e+02 1.170119474195778935e+02
3.930000000000000160e+00 1.769653583181507006e+00 1.665902981741276676e+02 1.112913838042172330e+02 1.171059869304592240e+02
3.935000000000000053e+00 1.771188081583099816e+00 1.670647443581930816e+02 1.116241411587864150e+02 1.172003313715311492e+02
3.939999999999999947e+00 1.772727659631656794e+00 1.675400683528885111e+02 1.119575994345075713e+02 1.172950819715214124e+02
3.945000000000000284e+00 1.774272384990179141e+00 1.680162690126732628e+02 1.122917495168031081e+02 1.173903380869686686e+02
3.950000000000000178e+00 1.775822325956536885e+00 1.684933006822397488e+02 1.126265702134464277e+02 1.174862547880379964e+02
3.955000000000000071e+00 1.777377551469432548e+00 1.689712705400431503e+02 1.129621228434359921e+02 1.175829136310291716e+02
3.959999999999999964e+00 1.778938131114458976e+00 1.694501251489171523e+02 1.132983735812974544e+02 1.176804623897543820e+02
3.965000000000000302e+00 1.780504135130244192e+00 1.699298778660804032e+02 1.136353292338178846e+02 1.177789991465906922e+02
3.970000000000000195e+00 1.782075634414699072e+00 1.704105309909901678e+02 1.139729971706835130e+02 1.178786803742760156e+02
3.975000000000000089e+00 1.783652700531359159e+00 1.708920933186116713e+02 1.143113757271100894e+02 1.179796037293953646e+02
3.979999999999999982e+00 1.785235405715812629e+00 1.713745646625461632e+02 1.146504677420769269e+02 1.180818974544953051e+02
3.984999999999999876e+00 1.786823822882243729e+00 1.718579531409641845e+02 1.149902751573769706e+02 1.181856996672593425e+02
3.990000000000000213e+00 1.788418025630066133e+00 1.723422709242981909e+02 1.153308108057213985e+02 1.182911276657966511e+02
3.995000000000000107e+00 1.790018088250662442e+00 1.728275139435814651e+02 1.156720632154521837e+02 1.183982857457776419e+02
4.000000000000000000e+00 1.791624085734228267e+00 1.733136954925927853e+02 1.160140494451598698e+02 1.185073402844607955e+02
