% raindrop T-matrix calculations using the code of Leinonen, J., "Python code for T-matrix scattering calculations". Available at https://github.com/jleinonen/pytmatrix/. 
% 
% refractive index calculations after Ray, P., 1972:  Broadband Complex Refractive Indices of Ice and Water, Appl. Opt. 11, 1836-1844 
% 
% raindrop aspect ratio estimated with the methodology of Brandes, Edward & Zhang, Guifu & Vivekanandan, Jothiram. (2005). Corrigendum. Journal of Applied Meteorology. 44. 186-. 10.1175/1520-0450(2005)44<186:C>2.0.CO;2. 
% 
% wave length: 22.043563 mm 
% temperature: 273.15 K 
% refractive index: 6.272294521331787109e+00 + 3.030887603759765625e+00 i 
% 
%r_eqv[mm]               axial ratio              ext[mm2]                 sca[mm2]                 back[mm2]
5.000000000000000104e-03 9.999900000999989436e-01 2.059723683781363373e-08 7.999371381853684294e-16 1.199900134504236428e-15
1.000000000000000021e-02 9.999900000999989436e-01 1.648070063537004943e-07 5.119633348603957861e-14 7.679306197543011097e-14
1.499999999999999944e-02 9.999900000999989436e-01 5.563876693347303041e-07 5.831649824695398409e-13 8.747105580201628089e-13
2.000000000000000042e-02 9.999900000999989436e-01 1.319389516770040090e-06 3.276656279483296873e-12 4.914615491167945558e-12
2.500000000000000139e-02 9.999900000999989436e-01 2.578302302922223676e-06 1.249971146749881551e-11 1.874736772815563731e-11
2.999999999999999889e-02 9.999900000999989436e-01 4.458202520832224879e-06 3.732488736457232351e-11 5.597787269110563060e-11
3.500000000000000333e-02 9.999900000999989436e-01 7.084901637304967048e-06 9.412225028091742523e-11 1.411509106401739659e-10
4.000000000000000083e-02 9.999900000999989436e-01 1.058509819809165248e-05 2.097292475860472477e-10 3.144993877429021667e-10
4.499999999999999833e-02 9.999900000999989436e-01 1.508652512188058081e-05 4.251980075444606536e-10 6.375545868071258601e-10
5.000000000000000278e-02 9.999900000999989436e-01 2.071810145062524146e-05 8.001201636999643145e-10 1.199617087960224207e-09
5.500000000000000028e-02 9.999900000999989436e-01 2.761008787224398804e-05 1.417530499479962839e-09 2.125088601998538379e-09
5.999999999999999778e-02 9.999900000999989436e-01 3.589423809345750554e-05 2.389388976323275817e-09 3.581662135949513919e-09
6.500000000000000222e-02 9.999900000999989436e-01 4.570396085307432376e-05 3.862642715298270998e-09 5.789370693854055133e-09
7.000000000000000666e-02 9.999900000999989436e-01 5.717445972115021139e-05 6.025870070857964240e-09 9.030495343355753162e-09
7.499999999999999722e-02 9.999900000999989436e-01 7.044290803932531854e-05 9.116502691870737086e-09 1.366032389201668494e-08
8.000000000000000167e-02 9.999900000999989436e-01 8.564860165613650980e-05 1.342863019880737290e-08 2.011876429761168374e-08
8.500000000000000611e-02 9.999900000999989436e-01 1.029331179812027682e-04 1.932139881047086198e-08 2.894282673584904078e-08
8.999999999999999667e-02 9.999900000999989436e-01 1.224404942472549123e-04 2.722796466295698707e-08 4.077991224095817263e-08
9.500000000000000111e-02 9.999900000999989436e-01 1.443173443956954547e-04 3.766508510525812819e-08 5.640202922214511437e-08
1.000000000000000056e-01 9.999900000999989436e-01 1.687131035530304310e-04 5.124324174721532737e-08 7.672077497993358465e-08
1.049999999999999961e-01 9.999900000999989436e-01 1.957801209873293122e-04 6.867736552154744865e-08 1.028031835527753288e-07
1.100000000000000006e-01 9.999900000999989436e-01 2.256738690888339047e-04 9.079819554057063944e-08 1.358884834122350907e-07
1.150000000000000050e-01 9.999900000999989436e-01 2.585530841706256723e-04 1.185641630211010444e-07 1.774055976124301932e-07
1.199999999999999956e-01 9.999900000999989436e-01 2.945800221518029226e-04 1.530739281063867972e-07 2.289915735818044350e-07
1.250000000000000000e-01 9.999900000999989436e-01 3.339204862932532527e-04 1.955794429338152008e-07 2.925107476077537365e-07
1.300000000000000044e-01 9.999900000999989436e-01 3.767441917711487486e-04 2.474996571508971586e-07 3.700748135870503389e-07
1.350000000000000089e-01 9.999900000999989436e-01 4.232247537231037721e-04 3.104349224992440465e-07 4.640638750668607198e-07
1.400000000000000133e-01 9.999900000999989436e-01 4.735400084214958102e-04 3.861816748752424452e-07 5.771478444017736317e-07
1.449999999999999900e-01 9.999900000999989436e-01 5.278721653834695911e-04 4.767481481656174763e-07 7.123093117192913187e-07
1.499999999999999944e-01 9.999900000999989436e-01 5.864079842149843040e-04 5.843703162756407925e-07 8.728666767475702815e-07
1.549999999999999989e-01 9.999900000999989436e-01 6.493389530806024587e-04 7.115287502114755244e-07 1.062498563609079548e-06
1.600000000000000033e-01 9.999900000999989436e-01 7.168613912800120324e-04 8.609657559900877789e-07 1.285268563610045406e-06
1.650000000000000078e-01 9.999900000999989436e-01 7.891769707695093150e-04 1.035703480325753639e-06 1.545651328610023944e-06
1.700000000000000122e-01 9.999900000999989436e-01 8.664924314894000478e-04 1.239062345292657310e-06 1.848559051086019772e-06
1.750000000000000167e-01 9.999900000999989436e-01 9.490202139885906994e-04 1.474680072935270027e-06 2.199368715961956026e-06
1.799999999999999933e-01 9.999900000999989436e-01 1.036978533759852104e-03 1.746531934095906719e-06 2.603951064096060645e-06
1.849999999999999978e-01 9.999900000999989436e-01 1.130591353520796856e-03 2.058950816992125449e-06 3.068699159852038028e-06
1.900000000000000022e-01 1.000338260324268314e+00 1.230371204093420835e-03 2.417270370185182589e-06 3.601492944918407308e-06
1.950000000000000067e-01 1.000344839311130496e+00 1.336018286371714117e-03 2.825476356871184486e-06 4.208168805946175640e-06
2.000000000000000111e-01 1.000357515291503407e+00 1.448037514344436292e-03 3.289640690655119663e-06 4.897676675167581143e-06
2.050000000000000155e-01 1.000376259251188893e+00 1.566680192670251047e-03 3.815751798831583718e-06 5.678818381890353840e-06
2.099999999999999922e-01 1.000401042453005207e+00 1.692204960790295084e-03 4.410271130970405871e-06 6.561081311038098936e-06
2.149999999999999967e-01 1.000431836433301802e+00 1.824877333099756034e-03 5.080153424010160694e-06 7.554666370773579565e-06
2.200000000000000011e-01 1.000468612998516083e+00 1.964971005952110151e-03 5.832876819933772898e-06 8.670530483193556316e-06
2.250000000000000056e-01 1.000511344221778787e+00 2.112767100803421803e-03 6.676464000250295068e-06 9.920415473250231782e-06
2.300000000000000100e-01 1.000560002439564444e+00 2.268555034954834390e-03 7.619512752784796511e-06 1.131689085766642370e-05
2.350000000000000144e-01 1.000614560248383578e+00 2.432632126623812240e-03 8.671217387310086643e-06 1.287338276130844609e-05
2.399999999999999911e-01 1.000674990501522643e+00 2.605305063499902419e-03 9.841406269977635366e-06 1.460422663960821163e-05
2.449999999999999956e-01 1.000741266305821942e+00 2.786888703162999567e-03 1.114056221167084241e-05 1.652469430309198495e-05
2.500000000000000000e-01 1.000813361018499714e+00 2.977707283284353884e-03 1.257985230873878790e-05 1.865103463887435770e-05
2.550000000000000044e-01 1.000891248244015541e+00 3.178093931831136015e-03 1.417116399034630177e-05 2.100052355517064150e-05
2.600000000000000089e-01 1.000974901830975039e+00 3.388392264938044646e-03 1.592712643699170376e-05 2.359149164361254845e-05
2.650000000000000133e-01 1.001064295869075416e+00 3.608954894333313290e-03 1.786115894362293939e-05 2.644339197406232622e-05
2.700000000000000178e-01 1.001159404686088994e+00 3.840144805439490907e-03 1.998748098145400627e-05 2.957681036809596355e-05
2.750000000000000222e-01 1.001260202844886926e+00 4.082335993564011750e-03 2.232115636663132516e-05 3.301352623890458846e-05
2.800000000000000266e-01 1.001366665140501100e+00 4.335912517872670888e-03 2.487813574276209771e-05 3.677657076561508410e-05
2.850000000000000311e-01 1.001478766597222014e+00 4.601269027884559090e-03 2.767528010855810515e-05 4.089025636785844362e-05
2.899999999999999800e-01 1.001596482465736404e+00 4.878813040510898529e-03 3.073038994421181382e-05 4.538021428675468433e-05
2.949999999999999845e-01 1.001719788220298835e+00 5.168961896981736845e-03 3.406225982219754345e-05 5.027346988150601005e-05
2.999999999999999889e-01 1.001848659555939935e+00 5.472145984056747854e-03 3.769070155864563622e-05 5.559847054549024563e-05
3.049999999999999933e-01 1.001983072385710605e+00 5.788807545910581477e-03 4.163658668049016482e-05 6.138514232734135537e-05
3.099999999999999978e-01 1.002123002837959964e+00 6.119400898650506973e-03 4.592187877592967930e-05 6.766493090626968005e-05
3.150000000000000022e-01 1.002268427253648841e+00 6.464393408296621908e-03 5.056969067236522338e-05 7.447087921788967931e-05
3.200000000000000067e-01 1.002419322183694117e+00 6.824266105482270327e-03 5.560430085885222025e-05 8.183764434074735250e-05
3.250000000000000111e-01 1.002575664386349930e+00 7.199513230100333151e-03 6.105122629447496177e-05 8.980159708057370693e-05
3.300000000000000155e-01 1.002737430824617970e+00 7.590641856899673148e-03 6.693719733257638574e-05 9.840077722027301037e-05
3.350000000000000200e-01 1.002904598663692415e+00 7.998174901894325103e-03 7.329030863326557591e-05 1.076751078555927311e-04
3.400000000000000244e-01 1.003077145268434833e+00 8.422648324124223582e-03 8.013993692958270481e-05 1.176662647672091418e-04
3.450000000000000289e-01 1.003255048200880628e+00 8.864613316794169376e-03 8.751691745556412316e-05 1.284179282792167868e-04
3.500000000000000333e-01 1.003438285217776782e+00 9.324636624206071242e-03 9.545348491007072452e-05 1.399756863867624508e-04
3.549999999999999822e-01 1.003626834268148693e+00 9.803299717302616303e-03 1.039833294564356675e-04 1.523871065355524642e-04
3.599999999999999867e-01 1.003820673490896542e+00 1.030120181108571190e-02 1.131417485610576964e-04 1.657019507079656991e-04
3.649999999999999911e-01 1.004019781212422524e+00 1.081895572552909676e-02 1.229655384872569270e-04 1.799720027176623623e-04
3.699999999999999956e-01 1.004224135944284502e+00 1.135719226914002483e-02 1.334931464774763790e-04 1.952512833494867415e-04
3.750000000000000000e-01 1.004433716380879638e+00 1.191656060332156077e-02 1.447647471220000614e-04 2.115961501554951729e-04
3.800000000000000044e-01 1.004648501397155336e+00 1.249772458307984307e-02 1.568221942337892465e-04 2.290652134599366059e-04
3.850000000000000089e-01 1.004868470046347273e+00 1.310136770535440080e-02 1.697091083926731848e-04 2.477194551815717198e-04
3.900000000000000133e-01 1.005093601557745631e+00 1.372819107929667583e-02 1.834709723665924671e-04 2.676223547045837050e-04
3.950000000000000178e-01 1.005323875334485528e+00 1.437891524503812080e-02 1.981551690495078069e-04 2.888399315911175519e-04
4.000000000000000222e-01 1.005559270951367434e+00 1.505427877147661256e-02 2.138110118496686833e-04 3.114407766167747544e-04
4.050000000000000266e-01 1.005799768152698448e+00 1.575504097101929415e-02 2.304897965584154279e-04 3.354961130343917571e-04
4.100000000000000311e-01 1.006045346850164002e+00 1.648197814862896807e-02 2.482448857647005227e-04 3.610799074245576307e-04
4.150000000000000355e-01 1.006295987120720881e+00 1.723588983997598537e-02 2.671317953206990429e-04 3.882689813352222202e-04
4.199999999999999845e-01 1.006551669204517108e+00 1.801759634052442494e-02 2.872081416765119989e-04 4.171429158774386803e-04
4.249999999999999889e-01 1.006812373502834479e+00 1.882793745010937977e-02 3.085338126299198391e-04 4.477842885868506045e-04
4.299999999999999933e-01 1.007078080576055967e+00 1.966777461308399574e-02 3.311709734983828059e-04 4.802786659541851875e-04
4.349999999999999978e-01 1.007348771141657329e+00 2.053799376469235896e-02 3.551842527491151278e-04 5.147148596780575739e-04
4.400000000000000022e-01 1.007624426072219359e+00 2.143950037080968526e-02 3.806405577675766607e-04 5.511846343897964726e-04
4.450000000000000067e-01 1.007905026393466796e+00 2.237322614707508775e-02 4.076093909719235848e-04 5.897831600295592395e-04
4.500000000000000111e-01 1.008190553282325652e+00 2.334012193675567143e-02 4.361627186061657591e-04 6.306087941458193673e-04
4.550000000000000155e-01 1.008480988065006079e+00 2.434116810215585305e-02 4.663751739617165524e-04 6.737633665628893834e-04
4.600000000000000200e-01 1.008776312215104998e+00 2.537736630560538664e-02 4.983240505075698821e-04 7.193521466724725954e-04
4.650000000000000244e-01 1.009076507351731156e+00 2.644974317961122298e-02 5.320896142938231869e-04 7.674842842887806939e-04
4.700000000000000289e-01 1.009381555237651273e+00 2.755934992425255678e-02 5.677545420509142035e-04 8.182719599696818436e-04
4.750000000000000333e-01 1.009691437777457068e+00 2.870726740845969821e-02 6.054048666494254343e-04 8.718317609237984664e-04
4.799999999999999822e-01 1.010006137015752481e+00 2.989460020702009932e-02 6.451292405165683953e-04 9.282835638975549686e-04
4.849999999999999867e-01 1.010325635135361333e+00 3.112248004409797278e-02 6.870195923433990246e-04 9.877514955535134089e-04
4.899999999999999911e-01 1.010649914455556075e+00 3.239206742063016620e-02 7.311709547740901467e-04 1.050363642855931369e-03
4.949999999999999956e-01 1.010978957430304748e+00 3.370455165483697557e-02 7.776814411438107274e-04 1.116252000280998184e-03
5.000000000000000000e-01 1.011312746646537475e+00 3.506114836116886596e-02 8.266526043302489151e-04 1.185552975299460857e-03
5.050000000000000044e-01 1.011651264822433394e+00 3.646310368583504519e-02 8.781892316859841226e-04 1.258407067543011997e-03
5.100000000000000089e-01 1.011994494805724676e+00 3.791169340299736096e-02 9.323998306470721639e-04 1.334959554239904551e-03
5.150000000000000133e-01 1.012342419572020980e+00 3.940822547470377440e-02 9.893958796721483932e-04 1.415359353665665695e-03
5.200000000000000178e-01 1.012695022223150554e+00 4.095403587722640931e-02 1.049293176211207271e-03 1.499760998842467876e-03
5.250000000000000222e-01 1.013052285985520662e+00 4.255049277190525725e-02 1.112210989906754419e-03 1.588323376906012252e-03
5.300000000000000266e-01 1.013414194208494434e+00 4.419899988612106811e-02 1.178271866782397643e-03 1.681209375158636493e-03
5.350000000000000311e-01 1.013780730362787486e+00 4.590098984803537424e-02 1.247603119897595014e-03 1.778588092391121664e-03
5.400000000000000355e-01 1.014151878038878962e+00 4.765793079276188504e-02 1.320335291973036632e-03 1.880632524806060942e-03
5.450000000000000400e-01 1.014527620945441466e+00 4.947131977302632322e-02 1.396603416958362752e-03 1.987521413530136255e-03
5.500000000000000444e-01 1.014907942907788518e+00 5.134269947444368432e-02 1.476546395805734997e-03 2.099438270018981478e-03
5.550000000000000488e-01 1.015292827866336012e+00 5.327363485270496246e-02 1.560308129473188948e-03 2.216573065297951835e-03
5.600000000000000533e-01 1.015682259875082316e+00 5.526573299478904772e-02 1.648035758883226827e-03 2.339119570392850754e-03
5.650000000000000577e-01 1.016076223100103704e+00 5.732064172240051297e-02 1.739881630090116781e-03 2.467278240506829562e-03
5.700000000000000622e-01 1.016474701818065096e+00 5.944003446171842314e-02 1.836002600520955435e-03 2.601255163596888874e-03
5.750000000000000666e-01 1.016877680414747243e+00 6.162563690866009608e-02 1.936559842048760386e-03 2.741261756160774665e-03
5.799999999999999600e-01 1.017285143383589441e+00 6.387919886834067529e-02 2.041719836079718912e-03 2.887516156503280515e-03
5.849999999999999645e-01 1.017697075324246692e+00 6.620251394744387785e-02 2.151653896750834946e-03 3.040242594478865298e-03
5.899999999999999689e-01 1.018113460941162618e+00 6.859742490025017014e-02 2.266537290960401498e-03 3.199669971248961502e-03
5.949999999999999734e-01 1.018534285042156151e+00 7.106579834306964161e-02 2.386551920191518680e-03 3.366035802279392086e-03
5.999999999999999778e-01 1.018959532537025314e+00 7.360955845434365152e-02 2.511883866029488918e-03 3.539582623027527457e-03
6.049999999999999822e-01 1.019389188436160998e+00 7.623065323774068369e-02 2.642725127620849934e-03 3.720560496341451372e-03
6.099999999999999867e-01 1.019823237849180497e+00 7.893108834399389928e-02 2.779272365950042137e-03 3.909225122664212668e-03
6.149999999999999911e-01 1.020261665983570154e+00 8.171290645338323555e-02 2.921728809077878217e-03 4.105840663511187323e-03
6.199999999999999956e-01 1.020704458143344873e+00 8.457818464124816638e-02 3.070302929662304184e-03 4.310677708666216593e-03
6.250000000000000000e-01 1.021151599727719406e+00 8.752906385316469584e-02 3.225208544000213607e-03 4.524013499157803105e-03
6.300000000000000044e-01 1.021603076229795626e+00 9.056771926981574405e-02 3.386666483167329478e-03 4.746134222696192159e-03
6.350000000000000089e-01 1.022058873235258902e+00 9.369636009875241534e-02 3.554902761571804726e-03 4.977332453901086098e-03
6.400000000000000133e-01 1.022518976421092685e+00 9.691725962756875257e-02 3.730149914223467641e-03 5.217909027759239961e-03
6.450000000000000178e-01 1.022983371554301524e+00 1.002327353093688811e-01 3.912646690201383552e-03 5.468172517393559730e-03
6.500000000000000222e-01 1.023452044490649859e+00 1.036451420603807100e-01 4.102639543145322927e-03 5.728441536785659240e-03
6.550000000000000266e-01 1.023924981173411908e+00 1.071568889684103715e-01 4.300377851839441191e-03 5.999037575472718556e-03
6.600000000000000311e-01 1.024402167632133542e+00 1.107704358782260617e-01 4.506123017618025861e-03 6.280298478544738688e-03
6.650000000000000355e-01 1.024883589981409493e+00 1.144882934767864624e-01 4.720139631403055640e-03 6.572565362644771682e-03
6.700000000000000400e-01 1.025369234419667430e+00 1.183130067848629230e-01 4.942700101640780386e-03 6.876189387202575123e-03
6.750000000000000444e-01 1.025859087227968924e+00 1.222471879388069421e-01 5.174083839011340766e-03 7.191530746991161432e-03
6.800000000000000488e-01 1.026353134768820174e+00 1.262935004392854443e-01 5.414579507084625251e-03 7.518961607931435448e-03
6.850000000000000533e-01 1.026851363484993174e+00 1.304546615313460223e-01 5.664481148661959335e-03 7.858860806698893947e-03
6.900000000000000577e-01 1.027353759898360641e+00 1.347334162762933718e-01 5.924090271579432465e-03 8.211616715905841260e-03
6.950000000000000622e-01 1.027860310608740946e+00 1.391325906383719668e-01 6.193719219996281916e-03 8.577632189249064301e-03
7.000000000000000666e-01 1.028371002292754355e+00 1.436550579999270882e-01 6.473683946489136240e-03 8.957313999471114979e-03
7.049999999999999600e-01 1.028885821702690384e+00 1.483037393588151620e-01 6.764311544749155788e-03 9.351083908850046922e-03
7.099999999999999645e-01 1.029404755665387139e+00 1.530816098617256982e-01 7.065937375111208153e-03 9.759374552210582296e-03
7.149999999999999689e-01 1.029927791081118427e+00 1.579917057649949386e-01 7.378904008925085863e-03 1.018262753941275196e-02
7.199999999999999734e-01 1.030454914922495746e+00 1.630371241449946607e-01 7.703562365611237202e-03 1.062129577736306910e-02
7.249999999999999778e-01 1.030986114233377604e+00 1.682209898085238464e-01 8.040275786168381636e-03 1.107584880459679642e-02
7.299999999999999822e-01 1.031521376127789047e+00 1.735465280456382764e-01 8.389411557139028752e-03 1.154676079564716934e-02
7.349999999999999867e-01 1.032060687788854958e+00 1.790169922292252358e-01 8.751349620284719702e-03 1.203452336926739107e-02
7.399999999999999911e-01 1.032604036467738684e+00 1.846356965465448252e-01 9.126476628935870083e-03 1.253963662754315443e-02
7.449999999999999956e-01 1.033151409482594651e+00 1.904060226609737561e-01 9.515193880274525062e-03 1.306262116921627289e-02
7.500000000000000000e-01 1.033702794217528753e+00 1.963314001147272170e-01 9.917906987298061652e-03 1.360400261195274241e-02
7.550000000000000044e-01 1.034258178121568061e+00 2.024153256903369613e-01 1.033503254796598950e-02 1.416432199369702452e-02
7.600000000000000089e-01 1.034817548707643198e+00 2.086613510332181176e-01 1.076699996572404172e-02 1.474413787307563700e-02
7.650000000000000133e-01 1.035380893551575587e+00 2.150730879372579341e-01 1.121424894233641854e-02 1.534402293444354741e-02
7.700000000000000178e-01 1.035948200291078702e+00 2.216542232102469145e-01 1.167722509642493862e-02 1.596455808914365448e-02
7.750000000000000222e-01 1.036519456624765523e+00 2.284084575949049956e-01 1.215639048609521919e-02 1.660634734123758033e-02
7.800000000000000266e-01 1.037094650311166655e+00 2.353396128487313110e-01 1.265221513705170643e-02 1.727000555267680162e-02
7.850000000000000311e-01 1.037673769167756666e+00 2.424515385135572465e-01 1.316518147006713602e-02 1.795616566993596050e-02
7.900000000000000355e-01 1.038256801069989743e+00 2.497481248967225731e-01 1.369578157293166454e-02 1.866547378254046485e-02
7.950000000000000400e-01 1.038843733950345127e+00 2.572333831253503234e-01 1.424452225923573782e-02 1.939859763304717030e-02
8.000000000000000444e-01 1.039434555797379867e+00 2.649113124375589989e-01 1.481192200391568195e-02 2.015622175010320025e-02
8.050000000000000488e-01 1.040029254654790458e+00 2.727860389663969709e-01 1.539850447477264343e-02 2.093903787370757219e-02
8.100000000000000533e-01 1.040627818620484257e+00 2.808617104496423100e-01 1.600481734396299455e-02 2.174777341753363416e-02
8.150000000000000577e-01 1.041230235845658436e+00 2.891425349657051891e-01 1.663141382928374698e-02 2.258316358867684670e-02
8.200000000000000622e-01 1.041836494533886492e+00 2.976328020011585473e-01 1.727885977924503366e-02 2.344596308840994278e-02
8.250000000000000666e-01 1.042446582940215416e+00 3.063368617869278721e-01 1.794773377051194288e-02 2.433694502176415170e-02
8.300000000000000711e-01 1.043060489370268407e+00 3.152590787120823634e-01 1.863863480195980180e-02 2.525691382276951114e-02
8.349999999999999645e-01 1.043678202179357140e+00 3.244039510731281939e-01 1.935216805108908728e-02 2.620668306749918824e-02
8.399999999999999689e-01 1.044299709771603135e+00 3.337759787280228374e-01 2.008895207508912609e-02 2.718708798669474194e-02
8.449999999999999734e-01 1.044925000599063569e+00 3.433797416915563838e-01 2.084962700315787579e-02 2.819899572834456969e-02
8.499999999999999778e-01 1.045554063160868408e+00 3.532198746915001242e-01 2.163483940155952120e-02 2.924328503882453120e-02
8.549999999999999822e-01 1.046186886002363758e+00 3.633010663439879551e-01 2.244525818567056491e-02 3.032086901065689927e-02
8.599999999999999867e-01 1.046823457714263217e+00 3.736280856467427136e-01 2.328156312544694961e-02 3.143267810635486104e-02
8.649999999999999911e-01 1.047463766931806317e+00 3.842057429445792649e-01 2.414444887735843828e-02 3.257966763059268883e-02
8.699999999999999956e-01 1.048107802333925420e+00 3.950389029730027590e-01 2.503462079735931448e-02 3.376281111436333499e-02
8.750000000000000000e-01 1.048755552642418598e+00 4.061324832613396607e-01 2.595281302686748559e-02 3.498312611940525979e-02
8.800000000000000044e-01 1.049407006621131844e+00 4.174914301085013157e-01 2.689977113169743014e-02 3.624165091708818343e-02
8.850000000000000089e-01 1.050062153075147497e+00 4.291208229385428119e-01 2.787624358082815140e-02 3.753943137320582546e-02
8.900000000000000133e-01 1.050720980849978670e+00 4.410257150228316658e-01 2.888301765051919101e-02 3.887757400378552552e-02
8.950000000000000178e-01 1.051383478830772988e+00 4.532112409050809698e-01 2.992088376907939967e-02 4.025719361070958374e-02
9.000000000000000222e-01 1.052049635941522787e+00 4.656825619100285474e-01 3.099065417793724769e-02 4.167944207016068686e-02
9.050000000000000266e-01 1.052719441144281065e+00 4.784449470258276826e-01 3.209315357189554407e-02 4.314549438200091652e-02
9.100000000000000311e-01 1.053392883438386107e+00 4.915036508686159711e-01 3.322923402862781178e-02 4.465657063653040437e-02
9.150000000000000355e-01 1.054069951859691656e+00 5.048640106549210360e-01 3.439976104597479434e-02 4.621391612845743291e-02
9.200000000000000400e-01 1.054750635479804632e+00 5.185313891216444260e-01 3.560561297516480483e-02 4.781880176674010996e-02
9.250000000000000444e-01 1.055434923405329073e+00 5.325111903277663927e-01 3.684770252573404958e-02 4.947255464728821800e-02
9.300000000000000488e-01 1.056122804777117841e+00 5.468088574009137837e-01 3.812695103034914601e-02 5.117652253498713305e-02
9.350000000000000533e-01 1.056814268769528553e+00 5.614299014548670419e-01 3.944429396411514716e-02 5.293208102249125774e-02
9.400000000000000577e-01 1.057509304589689725e+00 5.763798340680614807e-01 4.080070790847500906e-02 5.474067338170208324e-02
9.450000000000000622e-01 1.058207901476769797e+00 5.916642052819731656e-01 4.219716215137390286e-02 5.660374238276834336e-02
9.500000000000000666e-01 1.058910048701254603e+00 6.072886335207530184e-01 4.363466873337069202e-02 5.852280078418353043e-02
9.550000000000000711e-01 1.059615735564230832e+00 6.232586832349373829e-01 4.511426050627279083e-02 6.049940263447373817e-02
9.599999999999999645e-01 1.060324951396675930e+00 6.395800789145896781e-01 4.663697457736023372e-02 6.253511827540499113e-02
9.649999999999999689e-01 1.061037685558753330e+00 6.562584700231463009e-01 4.820388061497424270e-02 6.463157727368019911e-02
9.699999999999999734e-01 1.061753927439116119e+00 6.732994912883217831e-01 4.981608232773306055e-02 6.679046972592074527e-02
9.749999999999999778e-01 1.062473666454213594e+00 6.907089505153585218e-01 5.147468814504730511e-02 6.901350475829326481e-02
9.799999999999999822e-01 1.063196892047607145e+00 7.084924780582381176e-01 5.318083460124124751e-02 7.130244734228405323e-02
9.849999999999999867e-01 1.063923593689290348e+00 7.266559178673790420e-01 5.493568172462392346e-02 7.365910765253629033e-02
9.899999999999999911e-01 1.064653760875015509e+00 7.452050053788837891e-01 5.674042546024944678e-02 7.608536515500560760e-02
9.949999999999999956e-01 1.065387383125626419e+00 7.641454766504870433e-01 5.859627289375155673e-02 7.858312941768201554e-02
1.000000000000000000e+00 1.066124449986396217e+00 7.834830388759402853e-01 6.050444834258126431e-02 8.115435249664229578e-02
1.005000000000000115e+00 1.066864951026373021e+00 8.032235293274949672e-01 6.246637202409401762e-02 8.380130355246005747e-02
1.010000000000000009e+00 1.067608875837728233e+00 8.233726996438018864e-01 6.448319997678032822e-02 8.652585297341608417e-02
1.015000000000000124e+00 1.068356214035114826e+00 8.439362526422955479e-01 6.655623209052900779e-02 8.933011443427159304e-02
1.020000000000000018e+00 1.069106955255026969e+00 8.649200269962278309e-01 6.868680795520887283e-02 9.221627839033201546e-02
1.024999999999999911e+00 1.069861089155168976e+00 8.863296712550218226e-01 7.087630774577259596e-02 9.518661521603279108e-02
1.030000000000000027e+00 1.070618605413826918e+00 9.081709670594936279e-01 7.312612494310845312e-02 9.824343391303015649e-02
1.034999999999999920e+00 1.071379493729249344e+00 9.304495613849941282e-01 7.543766450872776974e-02 1.013890844097406208e-01
1.040000000000000036e+00 1.072143743819029771e+00 9.531711266453088971e-01 7.781238852361700709e-02 1.046260197504790684e-01
1.044999999999999929e+00 1.072911345419497398e+00 9.763413593050153105e-01 8.025178870776654427e-02 1.079567615778963541e-01
1.050000000000000044e+00 1.073682288285112474e+00 9.999657954204276278e-01 8.275735319780472277e-02 1.113838495843321591e-01
1.054999999999999938e+00 1.074456562187866782e+00 1.024049996601009926e+00 8.533061466262434336e-02 1.149099145464796690e-01
1.060000000000000053e+00 1.075234156916690775e+00 1.048599519929352519e+00 8.797316734402806093e-02 1.185377027255224841e-01
1.064999999999999947e+00 1.076015062276864054e+00 1.073619763957909035e+00 9.068658632016590726e-02 1.222699608048832404e-01
1.070000000000000062e+00 1.076799268089433603e+00 1.099116255251005203e+00 9.347251086891977812e-02 1.261095547676438500e-01
1.074999999999999956e+00 1.077586764190635593e+00 1.125094281548328023e+00 9.633260991799598438e-02 1.300594263776835569e-01
1.080000000000000071e+00 1.078377540431322945e+00 1.151559152538643049e+00 9.926855000345173596e-02 1.341225416997304520e-01
1.084999999999999964e+00 1.079171586676399119e+00 1.178516095111297401e+00 1.022820802540388152e-01 1.383020187312626326e-01
1.090000000000000080e+00 1.079968892804255898e+00 1.205970283456226921e+00 1.053749659150261114e-01 1.426010316038690828e-01
1.094999999999999973e+00 1.080769448706216718e+00 1.233926834075432133e+00 1.085489681234113879e-01 1.470227808948640913e-01
1.100000000000000089e+00 1.081573244285985780e+00 1.262390725455030394e+00 1.118059167459918429e-01 1.515706031935892262e-01
1.104999999999999982e+00 1.082380269459101152e+00 1.291366882615825773e+00 1.151476936165484743e-01 1.562479437192287324e-01
1.110000000000000098e+00 1.083190514152395201e+00 1.320860175954955418e+00 1.185761778716967890e-01 1.610582822334080122e-01
1.114999999999999991e+00 1.084003968303457022e+00 1.350875333856232707e+00 1.220932826118514281e-01 1.660051827710174177e-01
1.120000000000000107e+00 1.084820621860102863e+00 1.381416873214668328e+00 1.257009918746406218e-01 1.710923531875780390e-01
1.125000000000000000e+00 1.085640464779849657e+00 1.412489519118192982e+00 1.294013098778744042e-01 1.763235679568912750e-01
1.130000000000000115e+00 1.086463487029394992e+00 1.444097622152732630e+00 1.331962535050314755e-01 1.817026609397481562e-01
1.135000000000000009e+00 1.087289678584100638e+00 1.476245524680138255e+00 1.370879172574597515e-01 1.872336207971291022e-01
1.140000000000000124e+00 1.088119029427482509e+00 1.508937331064137410e+00 1.410783695494796097e-01 1.929204400092786320e-01
1.145000000000000018e+00 1.088951529550704622e+00 1.542177272028096180e+00 1.451698210440530989e-01 1.987673605503572083e-01
1.150000000000000133e+00 1.089787168952079055e+00 1.575969257133057022e+00 1.493643938693287043e-01 2.047785382616985062e-01
1.155000000000000027e+00 1.090625937636568565e+00 1.610316973907790938e+00 1.536643514113496811e-01 2.109583834911238909e-01
1.159999999999999920e+00 1.091467825615297427e+00 1.645224272821806721e+00 1.580719569393538304e-01 2.173113479747502130e-01
1.165000000000000036e+00 1.092312822905064262e+00 1.680694730023848171e+00 1.625895109671735561e-01 2.238419848025642311e-01
1.169999999999999929e+00 1.093160919527861763e+00 1.716731596614932576e+00 1.672193292356594918e-01 2.305549200086599859e-01
1.175000000000000044e+00 1.094012105510399513e+00 1.753338334252397157e+00 1.719638372643843005e-01 2.374549821194297250e-01
1.179999999999999938e+00 1.094866370883633921e+00 1.790517976769623765e+00 1.768254311691285496e-01 2.445470104621726704e-01
1.185000000000000053e+00 1.095723705682299487e+00 1.828273601971087903e+00 1.818065713518628168e-01 2.518359851431545837e-01
1.189999999999999947e+00 1.096584099944449830e+00 1.866607860010158104e+00 1.869098044158392924e-01 2.593270636434989451e-01
1.195000000000000062e+00 1.097447543710998508e+00 1.905523502743259323e+00 1.921376260405828207e-01 2.670253771640497265e-01
1.199999999999999956e+00 1.098314027025267592e+00 1.945023119987443261e+00 1.974926692876611822e-01 2.749363123012514842e-01
1.205000000000000071e+00 1.099183539932540254e+00 1.985108971108395570e+00 2.029775606745804761e-01 2.830652955946749705e-01
1.209999999999999964e+00 1.100056072479618674e+00 2.025783372396112281e+00 2.085949710873917784e-01 2.914178711294798108e-01
1.215000000000000080e+00 1.100931614714385054e+00 2.067048148927900009e+00 2.143476362629283261e-01 2.999997326208106441e-01
1.219999999999999973e+00 1.101810156685369746e+00 2.108905338966594822e+00 2.202382899791366921e-01 3.088166197195457152e-01
1.225000000000000089e+00 1.102691688441321372e+00 2.151356550299875714e+00 2.262697830521596121e-01 3.178745021057297615e-01
1.229999999999999982e+00 1.103576200030784493e+00 2.194403329778199740e+00 2.324449611463383081e-01 3.271793914001279724e-01
1.235000000000000098e+00 1.104463681501680172e+00 2.238047113708094837e+00 2.387666893868416740e-01 3.367373827261881392e-01
1.239999999999999991e+00 1.105354122900890967e+00 2.282289072785395945e+00 2.452379554157272934e-01 3.465548053986521326e-01
1.245000000000000107e+00 1.106247514273852595e+00 2.327130152943811314e+00 2.518617956320802209e-01 3.566381169664494255e-01
1.250000000000000000e+00 1.107143845664148030e+00 2.372571351739121148e+00 2.586411307655925307e-01 3.669936525523483373e-01
1.255000000000000115e+00 1.108043107113107384e+00 2.418613296903366017e+00 2.655791442554396031e-01 3.776281940985326546e-01
1.260000000000000009e+00 1.108945288659413109e+00 2.465256704072849026e+00 2.726789611461005181e-01 3.885484855681489158e-01
1.265000000000000124e+00 1.109850380338708309e+00 2.512501711190484155e+00 2.799436914244245456e-01 3.997613091137960928e-01
1.270000000000000018e+00 1.110758372183210829e+00 2.560348657280175910e+00 2.873766686351210686e-01 4.112738242891741391e-01
1.275000000000000133e+00 1.111669254221331116e+00 2.608797621313658777e+00 2.949811021400640110e-01 4.230930628424984796e-01
1.280000000000000027e+00 1.112583016477296738e+00 2.657848559491932772e+00 3.027603669814767362e-01 4.352263518740114856e-01
1.284999999999999920e+00 1.113499648970778022e+00 2.707501329437497883e+00 3.107177689786029262e-01 4.476809682027363957e-01
1.290000000000000036e+00 1.114419141716522343e+00 2.757755348027083109e+00 3.188568417501471686e-01 4.604645825737839204e-01
1.294999999999999929e+00 1.115341484723989307e+00 2.808610198947422365e+00 3.271809907062563361e-01 4.735847209968750415e-01
1.300000000000000044e+00 1.116266667996994588e+00 2.860065351816942325e+00 3.356937335053775118e-01 4.870491238348433338e-01
1.304999999999999938e+00 1.117194681533353773e+00 2.912119736047269036e+00 3.443986954876474549e-01 5.008657516919253760e-01
1.310000000000000053e+00 1.118125515324534858e+00 2.964772927288366056e+00 3.532994394903445357e-01 5.150425006938113004e-01
1.314999999999999947e+00 1.119059159355313193e+00 3.018023532076942850e+00 3.623997601878347075e-01 5.295876845338716166e-01
1.320000000000000062e+00 1.119995603603431533e+00 3.071870262996360790e+00 3.717032489906384463e-01 5.445093446932475212e-01
1.324999999999999956e+00 1.120934838039265857e+00 3.126312475566492388e+00 3.812138225863493379e-01 5.598160484073080312e-01
1.330000000000000071e+00 1.121876852625492305e+00 3.181348343251235278e+00 3.909352401032945012e-01 5.755161903302552506e-01
1.334999999999999964e+00 1.122821637316764765e+00 3.236976577317324910e+00 4.008714547386928451e-01 5.916184825171416639e-01
1.340000000000000080e+00 1.123769182059389804e+00 3.293195665341956957e+00 4.110263399689080277e-01 6.081315652158335583e-01
1.344999999999999973e+00 1.124719476791012696e+00 3.350004109529728158e+00 4.214039595082287870e-01 6.250644016836027772e-01
1.350000000000000089e+00 1.125672511440304557e+00 3.407400290280679922e+00 4.320082950746918504e-01 6.424258717344238923e-01
1.354999999999999982e+00 1.126628275926654377e+00 3.465382381775307774e+00 4.428435223211282801e-01 6.602251833592811536e-01
1.360000000000000098e+00 1.127586760159866808e+00 3.523948451314784513e+00 4.539137303277360758e-01 6.784714616074518645e-01
1.364999999999999991e+00 1.128547954039863965e+00 3.583096881973280023e+00 4.652232153377976465e-01 6.971741599105153453e-01
1.370000000000000107e+00 1.129511847456391438e+00 3.642825957920365010e+00 4.767762588629371745e-01 7.163427495237717491e-01
1.375000000000000000e+00 1.130478430288730518e+00 3.703133745016625955e+00 4.885771252151671629e-01 7.359867065990146617e-01
1.380000000000000115e+00 1.131447692405412875e+00 3.764018203184970268e+00 5.006302027919604658e-01 7.561157329596454035e-01
1.385000000000000009e+00 1.132419623663941444e+00 3.825477623752040479e+00 5.129399530588100165e-01 7.767396511604564013e-01
1.390000000000000124e+00 1.133394213910515980e+00 3.887510183306672751e+00 5.255108915590734897e-01 7.978684001196714171e-01
1.395000000000000018e+00 1.134371452979762385e+00 3.950114170317548634e+00 5.383475994314950164e-01 8.195120507163557999e-01
1.400000000000000133e+00 1.135351330694467364e+00 4.013287453288596929e+00 5.514546287898509647e-01 8.416806317001871429e-01
1.405000000000000027e+00 1.136333836865317526e+00 4.077028324801196035e+00 5.648366808638856096e-01 8.643844443101807995e-01
1.409999999999999920e+00 1.137318961290643582e+00 4.141335191747611333e+00 5.784985224833630868e-01 8.876338894696980120e-01
1.415000000000000036e+00 1.138306693756168331e+00 4.206206465388635074e+00 5.924448981596331931e-01 9.114393525396650153e-01
1.419999999999999929e+00 1.139297024034760630e+00 4.271640558793555087e+00 6.066807007319473533e-01 9.358114504494613461e-01
1.425000000000000044e+00 1.140289941886192482e+00 4.337635888124705019e+00 6.212107986712470664e-01 9.607608060592320864e-01
1.429999999999999938e+00 1.141285437056903218e+00 4.404191206271582892e+00 6.360401321563773358e-01 9.862981346817221162e-01
1.435000000000000053e+00 1.142283499279765024e+00 4.471304934739325887e+00 6.511738655362706574e-01 1.012434510582291392e+00
1.439999999999999947e+00 1.143284118273856675e+00 4.538976260575934063e+00 6.666169895226641273e-01 1.039180746678647127e+00
1.445000000000000062e+00 1.144287283744239936e+00 4.607203949998848636e+00 6.823747205100719748e-01 1.066548013366473535e+00
1.449999999999999956e+00 1.145292985381740625e+00 4.675987414927996966e+00 6.984521801617603609e-01 1.094547322310120530e+00
1.455000000000000071e+00 1.146301212862736563e+00 4.745325320029907701e+00 7.148547118268191447e-01 1.123190065170778462e+00
1.459999999999999964e+00 1.147311955848947074e+00 4.815217628936597549e+00 7.315877574844048548e-01 1.152487726411200342e+00
1.465000000000000080e+00 1.148325203987230259e+00 4.885663458407915272e+00 7.486565348875857673e-01 1.182451490519889070e+00
1.469999999999999973e+00 1.149340946909383598e+00 4.956663208972864609e+00 7.660666271518381532e-01 1.213093069177546335e+00
1.475000000000000089e+00 1.150359174231948334e+00 5.028216443869461649e+00 7.838235755868507848e-01 1.244424132041936693e+00
1.479999999999999982e+00 1.151379875556021837e+00 5.100323686284601976e+00 8.019327913235014815e-01 1.276456078540955774e+00
1.485000000000000098e+00 1.152403040467071982e+00 5.172984545020661962e+00 8.204002954145636073e-01 1.309201341013924935e+00
1.489999999999999991e+00 1.153428658534756623e+00 5.246200301682529599e+00 8.392315613459060408e-01 1.342671423131408082e+00
1.495000000000000107e+00 1.154456719312749513e+00 5.319971515817355723e+00 8.584324208140784451e-01 1.376878351370490972e+00
1.500000000000000000e+00 1.155487212338569769e+00 5.394299184196398755e+00 8.780087942816419133e-01 1.411834354402301095e+00
1.505000000000000115e+00 1.156520127133416675e+00 5.469184966742814069e+00 8.979665854282234960e-01 1.447551504633852959e+00
1.510000000000000009e+00 1.157555453202008700e+00 5.544630211763368344e+00 9.183117653636906352e-01 1.484042083068983997e+00
1.515000000000000124e+00 1.158593180032429393e+00 5.620636924680638913e+00 9.390503826400742327e-01 1.521318351159099080e+00
1.520000000000000018e+00 1.159633297095975069e+00 5.697206687533142855e+00 9.601886563667323404e-01 1.559392933988429153e+00
1.525000000000000133e+00 1.160675793847010029e+00 5.774342382084708625e+00 9.817328119671476783e-01 1.598278359170557161e+00
1.530000000000000027e+00 1.161720659722826676e+00 5.852046913869974887e+00 1.003688929138536245e+00 1.637986914567869379e+00
1.535000000000000142e+00 1.162767884143507846e+00 5.930322132685557968e+00 1.026063448076682150e+00 1.678531450377194867e+00
1.540000000000000036e+00 1.163817456511797577e+00 6.009172241646503210e+00 1.048862852484293784e+00 1.719924838627276520e+00
1.544999999999999929e+00 1.164869366212974766e+00 6.088600833963068837e+00 1.072093673390341895e+00 1.762179998475426057e+00
1.550000000000000044e+00 1.165923602614732379e+00 6.168611301346976994e+00 1.095762072330240811e+00 1.805309243622262638e+00
1.554999999999999938e+00 1.166980155067061542e+00 6.249207488533317090e+00 1.119875186473569428e+00 1.849326407107272363e+00
1.560000000000000053e+00 1.168039012902141183e+00 6.330394509650882462e+00 1.144439375826763250e+00 1.894244043656583720e+00
1.564999999999999947e+00 1.169100165434231231e+00 6.412177331450428674e+00 1.169461513103677630e+00 1.940075453231752789e+00
1.570000000000000062e+00 1.170163601959574473e+00 6.494560266171914620e+00 1.194948309637144712e+00 1.986833741261812891e+00
1.574999999999999956e+00 1.171229311756297298e+00 6.577549143634149331e+00 1.220906818569910346e+00 2.034532400824010434e+00
1.580000000000000071e+00 1.172297284084322211e+00 6.661149828675634765e+00 1.247343957628360700e+00 2.083184778642320545e+00
1.584999999999999964e+00 1.173367508185281460e+00 6.745368197347063166e+00 1.274266947506924152e+00 2.132804615680091054e+00
1.590000000000000080e+00 1.174439973282435989e+00 6.830210791855464869e+00 1.301682384811946314e+00 2.183404567568941523e+00
1.594999999999999973e+00 1.175514668580601496e+00 6.915683962885832869e+00 1.329598165255897024e+00 2.234999475435494709e+00
1.600000000000000089e+00 1.176591583266077601e+00 7.001795579794419133e+00 1.358021089434397588e+00 2.287602268753384127e+00
1.604999999999999982e+00 1.177670706506583453e+00 7.088552044326426049e+00 1.386958714725728514e+00 2.341227047801552885e+00
1.610000000000000098e+00 1.178752027451198003e+00 7.175961689509819941e+00 1.416418263017526158e+00 2.395887391922871146e+00
1.614999999999999991e+00 1.179835535230304933e+00 7.264032472781986272e+00 1.446407264110019852e+00 2.451597259499969095e+00
1.620000000000000107e+00 1.180921218955544472e+00 7.352772565526960236e+00 1.476933610832064980e+00 2.508371281046882117e+00
1.625000000000000000e+00 1.182009067719768769e+00 7.442191035250837139e+00 1.508004525892339576e+00 2.566222859624674335e+00
1.630000000000000115e+00 1.183099070597002811e+00 7.532296772407786278e+00 1.539627823124776196e+00 2.625166268329909958e+00
1.635000000000000009e+00 1.184191216642411337e+00 7.623098883429878292e+00 1.571811424762663556e+00 2.685216094384935470e+00
1.640000000000000124e+00 1.185285494892271307e+00 7.714606736608343951e+00 1.604563075949839934e+00 2.746386477503244716e+00
1.645000000000000018e+00 1.186381894363947032e+00 7.806831421174572405e+00 1.637890924657300351e+00 2.808692028738113411e+00
1.650000000000000133e+00 1.187480404055874628e+00 7.899782586581610033e+00 1.671802640369676629e+00 2.872146841703130615e+00
1.655000000000000027e+00 1.188581012947548476e+00 7.993470108089175241e+00 1.706306507658469807e+00 2.936765774697128961e+00
1.660000000000000142e+00 1.189683709999514560e+00 8.087906462293394938e+00 1.741410729845318972e+00 3.002563503373727016e+00
1.665000000000000036e+00 1.190788484153369131e+00 8.183101811901991596e+00 1.777123514920157188e+00 3.069554729784694569e+00
1.669999999999999929e+00 1.191895324331762041e+00 8.279068037510837641e+00 1.813452935345598149e+00 3.137753886741019294e+00
1.675000000000000044e+00 1.193004219438406732e+00 8.375816674180688537e+00 1.850407714195428710e+00 3.207176439403840451e+00
1.679999999999999938e+00 1.194115158358093565e+00 8.473359888054702083e+00 1.887995819232228811e+00 3.277836556400119949e+00
1.685000000000000053e+00 1.195228129956711127e+00 8.571710119877549161e+00 1.926226486108812530e+00 3.349750406071746678e+00
1.689999999999999947e+00 1.196343123081270665e+00 8.670880687607919413e+00 1.965107912408461388e+00 3.422932456811663471e+00
1.695000000000000062e+00 1.197460126559938276e+00 8.770883672757705085e+00 2.004648610553213750e+00 3.497397585520301444e+00
1.699999999999999956e+00 1.198579129202069993e+00 8.871732899064223687e+00 2.044857879493546360e+00 3.573162070278385283e+00
1.705000000000000071e+00 1.199700119798254416e+00 8.973440953095265016e+00 2.085743843805026643e+00 3.650240130183414866e+00
1.709999999999999964e+00 1.200823087120360011e+00 9.076023011497644788e+00 2.127316028826157002e+00 3.728648106273252605e+00
1.715000000000000080e+00 1.201948019921588173e+00 9.179491766449254797e+00 2.169583049253760443e+00 3.808401150490836606e+00
1.719999999999999973e+00 1.203074906936531852e+00 9.283862006875384765e+00 2.212554006154989317e+00 3.889514725593021360e+00
1.725000000000000089e+00 1.204203736881238829e+00 9.389148204782278739e+00 2.256237758601725929e+00 3.972004260894971495e+00
1.729999999999999982e+00 1.205334498453282777e+00 9.495365291448059963e+00 2.300644226010224447e+00 4.055886596224355323e+00
1.735000000000000098e+00 1.206467180331836975e+00 9.602527370072939661e+00 2.345782136993438183e+00 4.141176825223779723e+00
1.739999999999999991e+00 1.207601771177756689e+00 9.710650743925585360e+00 2.391660712869923877e+00 4.227890625564445060e+00
1.745000000000000107e+00 1.208738259633664436e+00 9.819750015859243675e+00 2.438289837522018111e+00 4.316044771203265462e+00
1.750000000000000000e+00 1.209876634324042799e+00 9.929841168785738859e+00 2.485678253016610384e+00 4.405654159960644911e+00
1.755000000000000115e+00 1.211016883855332349e+00 1.004093932821759338e+01 2.533836413138557564e+00 4.496736505377093351e+00
1.760000000000000009e+00 1.212158996816034451e+00 1.015306140108147126e+01 2.582772937108996913e+00 4.589306340638279025e+00
1.765000000000000124e+00 1.213302961776821398e+00 1.026622262625917159e+01 2.632498499707057071e+00 4.683381763873272874e+00
1.770000000000000018e+00 1.214448767290650766e+00 1.038043998903922116e+01 2.683021878189254750e+00 4.778977263357855776e+00
1.775000000000000133e+00 1.215596401892885980e+00 1.049573011919682131e+01 2.734353703789432988e+00 4.876111042604989620e+00
1.780000000000000027e+00 1.216745854101423552e+00 1.061210924908856690e+01 2.786503585854750220e+00 4.974798893101374908e+00
1.785000000000000142e+00 1.217897112416823635e+00 1.072959409553540056e+01 2.839480938226876638e+00 5.075056680927723995e+00
1.790000000000000036e+00 1.219050165322449919e+00 1.084820185523507696e+01 2.893296702627026207e+00 5.176902687517664248e+00
1.794999999999999929e+00 1.220205001284612623e+00 1.096795018585475034e+01 2.947960147875025694e+00 5.280352219312480777e+00
1.800000000000000044e+00 1.221361608752716377e+00 1.108885510570068078e+01 3.003481642146307085e+00 5.385422668525587042e+00
1.804999999999999938e+00 1.222519976159418986e+00 1.121093482649077266e+01 3.059871760531934992e+00 5.492131424710330556e+00
1.810000000000000053e+00 1.223680091920789526e+00 1.133420715931132250e+01 3.117140428523303974e+00 5.600494988021958775e+00
1.814999999999999947e+00 1.224841944436477315e+00 1.145868869477471641e+01 3.175297579077007271e+00 5.710529651904856507e+00
1.820000000000000062e+00 1.226005522089884225e+00 1.158439824462071854e+01 3.234354509102959963e+00 5.822254238577915686e+00
1.824999999999999956e+00 1.227170813248343206e+00 1.171135291299787085e+01 3.294320983826217297e+00 5.935684564863755064e+00
1.830000000000000071e+00 1.228337806263303689e+00 1.183957118421744958e+01 3.355207736558198928e+00 6.050838503132927038e+00
1.834999999999999964e+00 1.229506489470522324e+00 1.196907026502148241e+01 3.417025121696996237e+00 6.167733077345728177e+00
1.840000000000000080e+00 1.230676851190258825e+00 1.209986918498863773e+01 3.479784042006421885e+00 6.286385853088297893e+00
1.844999999999999973e+00 1.231848879727479362e+00 1.223198526786843132e+01 3.543494681351941455e+00 6.406813838326504751e+00
1.850000000000000089e+00 1.233022563372064173e+00 1.236543763729488354e+01 3.608168541796112461e+00 6.529035485894105761e+00
1.854999999999999982e+00 1.234197890399023168e+00 1.250024332557533668e+01 3.673815978216897538e+00 6.653068001914602903e+00
1.860000000000000098e+00 1.235374849068715752e+00 1.263642195114021227e+01 3.740447513738019314e+00 6.778928272777450914e+00
1.864999999999999991e+00 1.236553427627077095e+00 1.277399110008187577e+01 3.808074503084788454e+00 6.906634942200847505e+00
1.870000000000000107e+00 1.237733614305851271e+00 1.291296966728597262e+01 3.876708047387380507e+00 7.036205944820184577e+00
1.875000000000000000e+00 1.238915397322829737e+00 1.305337617215084300e+01 3.946358486025481671e+00 7.167657921042932756e+00
1.880000000000000115e+00 1.240098764882095139e+00 1.319522791624478941e+01 4.017037022405404834e+00 7.301009203737655717e+00
1.885000000000000009e+00 1.241283705174272667e+00 1.333854527072857188e+01 4.088755546103209682e+00 7.436278953376119993e+00
1.890000000000000124e+00 1.242470206376787178e+00 1.348334605067806358e+01 4.161523799422584879e+00 7.573482951126577767e+00
1.895000000000000018e+00 1.243658256654124994e+00 1.362964770646696522e+01 4.235354495739298564e+00 7.712641608038675933e+00
1.900000000000000133e+00 1.244847844158103012e+00 1.377747076589813346e+01 4.310257730282663680e+00 7.853771234127072454e+00
1.905000000000000027e+00 1.246038957028144711e+00 1.392683151063060976e+01 4.386245046575855788e+00 7.996890372598456587e+00
1.910000000000000142e+00 1.247231583391559262e+00 1.407775097843744483e+01 4.463327572310778812e+00 8.142016727730615244e+00
1.915000000000000036e+00 1.248425711363831514e+00 1.423024559800196265e+01 4.541517094238168184e+00 8.289169627708782073e+00
1.919999999999999929e+00 1.249621329048912655e+00 1.438433475649362592e+01 4.620824754741451379e+00 8.438366558881549295e+00
1.925000000000000044e+00 1.250818424539521745e+00 1.454003755121587638e+01 4.701261818438446483e+00 8.589625630206350948e+00
1.929999999999999938e+00 1.252016985917450365e+00 1.469737179083775480e+01 4.782840399137733733e+00 8.742966232302947560e+00
1.935000000000000053e+00 1.253217001253874363e+00 1.485635580029465785e+01 4.865571875615468223e+00 8.898406620137293999e+00
1.939999999999999947e+00 1.254418458609672937e+00 1.501700836922622528e+01 4.949467728174086645e+00 9.055965175478938534e+00
1.945000000000000062e+00 1.255621346035752151e+00 1.517934748855649119e+01 5.034538480406588690e+00 9.215658230086276603e+00
1.949999999999999956e+00 1.256825651573374891e+00 1.534339158891853927e+01 5.120796671729782368e+00 9.377506040338193571e+00
1.955000000000000071e+00 1.258031363254499713e+00 1.550915921501674255e+01 5.208253990256943133e+00 9.541526984028536162e+00
1.959999999999999964e+00 1.259238469102119673e+00 1.567666848008710012e+01 5.296922205320811372e+00 9.707740070503957597e+00
1.965000000000000080e+00 1.260446957130616275e+00 1.584593713141068250e+01 5.386813098692020851e+00 9.876163728708824863e+00
1.969999999999999973e+00 1.261656815346111182e+00 1.601698421918328918e+01 5.477937639068823472e+00 1.004681515541532200e+01
1.975000000000000089e+00 1.262868031746829489e+00 1.618982675661554893e+01 5.570307760768455019e+00 1.021971338706657129e+01
1.979999999999999982e+00 1.264080594323466533e+00 1.636448346438141499e+01 5.663935524048560488e+00 1.039487736697552833e+01
1.985000000000000098e+00 1.265294491059563597e+00 1.654097184002551657e+01 5.758833033421395520e+00 1.057232629767698562e+01
1.989999999999999991e+00 1.266509709931886274e+00 1.671930985949558490e+01 5.855012473152353181e+00 1.075207945144093813e+01
1.995000000000000107e+00 1.267726238910813485e+00 1.689951465165721345e+01 5.952484065852584827e+00 1.093415256267015501e+01
2.000000000000000000e+00 1.268944065960727619e+00 1.708160428241496831e+01 6.051261138218105629e+00 1.111856683877471319e+01
2.004999999999999893e+00 1.270163179040415979e+00 1.726559683618944518e+01 6.151354068401344577e+00 1.130533815421750887e+01
2.010000000000000231e+00 1.271383566103475360e+00 1.745150913818202199e+01 6.252777333657580705e+00 1.149448979885156064e+01
2.015000000000000124e+00 1.272605215098723486e+00 1.763935893499382601e+01 6.355540352184750219e+00 1.168603566678784489e+01
2.020000000000000018e+00 1.273828113970618237e+00 1.782916314191600549e+01 6.459655701135457839e+00 1.187999608638438964e+01
2.024999999999999911e+00 1.275052250659680864e+00 1.802093950710364822e+01 6.565137078142734062e+00 1.207639215250488363e+01
2.030000000000000249e+00 1.276277613102927866e+00 1.821470421354421276e+01 6.671993980506457866e+00 1.227523868851567634e+01
2.035000000000000142e+00 1.277504189234306420e+00 1.841047422805150902e+01 6.780239074167986324e+00 1.247655492512096842e+01
2.040000000000000036e+00 1.278731966985139357e+00 1.860826661613964461e+01 6.889885296039520490e+00 1.268036179637752170e+01
2.044999999999999929e+00 1.279960934284574359e+00 1.880809929316497886e+01 7.000943381718147229e+00 1.288667500315823489e+01
2.049999999999999822e+00 1.281191079060038929e+00 1.900998634767852380e+01 7.113426046689113491e+00 1.309551488313420720e+01
2.055000000000000160e+00 1.282422389237703575e+00 1.921394662556629029e+01 7.227345443888107290e+00 1.330690014394272325e+01
2.060000000000000053e+00 1.283654852742951435e+00 1.941999555157410384e+01 7.342713290288322980e+00 1.352084814168272509e+01
2.064999999999999947e+00 1.284888457500850345e+00 1.962814813070301767e+01 7.459541603063518878e+00 1.373737868622281688e+01
2.069999999999999840e+00 1.286123191436637780e+00 1.983842245348309419e+01 7.577841285304788066e+00 1.395650685811914826e+01
2.075000000000000178e+00 1.287359042476205584e+00 2.005083356782880699e+01 7.697626644944053353e+00 1.417825571975683907e+01
2.080000000000000071e+00 1.288595998546594679e+00 2.026539656618804486e+01 7.818907441078565945e+00 1.440264014573848428e+01
2.084999999999999964e+00 1.289834047576496001e+00 2.048212910994832114e+01 7.941695959281616979e+00 1.462967831035695632e+01
2.089999999999999858e+00 1.291073177496757207e+00 2.070104463713827769e+01 8.066005259979419861e+00 1.485939064121196118e+01
2.095000000000000195e+00 1.292313376240894485e+00 2.092215869010363605e+01 8.191847587770105577e+00 1.509179570883681976e+01
2.100000000000000089e+00 1.293554631745612582e+00 2.114548815914624669e+01 8.319233030909826354e+00 1.532690848903294700e+01
2.104999999999999982e+00 1.294796931951329721e+00 2.137104689973041616e+01 8.448173645924310193e+00 1.556474731043693183e+01
2.109999999999999876e+00 1.296040264802710951e+00 2.159884925775331510e+01 8.578682853209400605e+00 1.580533289935954677e+01
2.115000000000000213e+00 1.297284618249205046e+00 2.182891081549578871e+01 8.710771921528866812e+00 1.604868224796550535e+01
2.120000000000000107e+00 1.298529980245588522e+00 2.206124636867794919e+01 8.844453099444663735e+00 1.629481362417167034e+01
2.125000000000000000e+00 1.299776338752518745e+00 2.229587152724655752e+01 8.979736592692958652e+00 1.654374210312956706e+01
2.129999999999999893e+00 1.301023681737088600e+00 2.253279595105155764e+01 9.116635346846122090e+00 1.679548735692164385e+01
2.135000000000000231e+00 1.302271997173391371e+00 2.277204038851842327e+01 9.255161289799895385e+00 1.705006657175773555e+01
2.140000000000000124e+00 1.303521273043090511e+00 2.301361278795537402e+01 9.395324960361190136e+00 1.730749653711587754e+01
2.145000000000000018e+00 1.304771497335994956e+00 2.325752965659782845e+01 9.537139106960232482e+00 1.756779557749391074e+01
2.149999999999999911e+00 1.306022658050641327e+00 2.350380575812902251e+01 9.680616388851927212e+00 1.783098318770951352e+01
2.155000000000000249e+00 1.307274743194883682e+00 2.375245167351371478e+01 9.825766228955115977e+00 1.809707224501312695e+01
2.160000000000000142e+00 1.308527740786487481e+00 2.400348291046533333e+01 9.972600202295645033e+00 1.836608004397038840e+01
2.165000000000000036e+00 1.309781638853730668e+00 2.425691179062209457e+01 1.012113206160372947e+01 1.863802801345874727e+01
2.169999999999999929e+00 1.311036425436011399e+00 2.451275048598079209e+01 1.027137141192874026e+01 1.891292868930937487e+01
2.175000000000000266e+00 1.312292088584462002e+00 2.477101290090309860e+01 1.042333117827549316e+01 1.919080246043733595e+01
2.180000000000000160e+00 1.313548616362568033e+00 2.503171122907071933e+01 1.057702104433880308e+01 1.947166219116267172e+01
2.185000000000000053e+00 1.314805996846795111e+00 2.529485599209295899e+01 1.073245192379142843e+01 1.975552432039507167e+01
2.189999999999999947e+00 1.316064218127219965e+00 2.556046270954024990e+01 1.088963815433791638e+01 2.004240972181753477e+01
2.194999999999999840e+00 1.317323268308171258e+00 2.582854020516034055e+01 1.104858780899244231e+01 2.033232968086708681e+01
2.200000000000000178e+00 1.318583135508872406e+00 2.609910060909270157e+01 1.120931211348016809e+01 2.062530073228146321e+01
2.205000000000000071e+00 1.319843807864092611e+00 2.637215603571274869e+01 1.137182496091647366e+01 2.092134334878430835e+01
2.209999999999999964e+00 1.321105273524805224e+00 2.664771949839611409e+01 1.153613498020572337e+01 2.122046879228067695e+01
2.214999999999999858e+00 1.322367520658849438e+00 2.692579972506738173e+01 1.170225291267908929e+01 2.152269312225747910e+01
2.220000000000000195e+00 1.323630537451601530e+00 2.720640704400470611e+01 1.187019107749000391e+01 2.182803350803813913e+01
2.225000000000000089e+00 1.324894312106648098e+00 2.748955445124424912e+01 1.203995969548872225e+01 2.213650503754914567e+01
2.229999999999999982e+00 1.326158832846469293e+00 2.777525147153730245e+01 1.221156785145026014e+01 2.244811870547875898e+01
2.234999999999999876e+00 1.327424087913126938e+00 2.806350665505734199e+01 1.238502795835847436e+01 2.276289408479344800e+01
2.240000000000000213e+00 1.328690065568957523e+00 2.835433207291115210e+01 1.256034992235053238e+01 2.308084454304747268e+01
2.245000000000000107e+00 1.329956754097271210e+00 2.864773724182840553e+01 1.273754431523641450e+01 2.340198356693788284e+01
2.250000000000000000e+00 1.331224141803060590e+00 2.894373066348606827e+01 1.291662215399509250e+01 2.372632856998272999e+01
2.254999999999999893e+00 1.332492217013710345e+00 2.924232348417395144e+01 1.309759139793447780e+01 2.405388757760668383e+01
2.260000000000000231e+00 1.333760968079716003e+00 2.954352340098859742e+01 1.328046428685328095e+01 2.438468014151697716e+01
2.265000000000000124e+00 1.335030383375409135e+00 2.984733804482834785e+01 1.346525117920509729e+01 2.471871952250113580e+01
2.270000000000000018e+00 1.336300451299685221e+00 3.015377763106258513e+01 1.365195872588628134e+01 2.505601360915360942e+01
2.274999999999999911e+00 1.337571160276742388e+00 3.046285064543556942e+01 1.384060040913831457e+01 2.539658201312723662e+01
2.280000000000000249e+00 1.338842498756821042e+00 3.077456553883925139e+01 1.403118407727642314e+01 2.574043501176616644e+01
2.285000000000000142e+00 1.340114455216953049e+00 3.108892729876721361e+01 1.422371802848514832e+01 2.608758241599013772e+01
2.290000000000000036e+00 1.341387018161716460e+00 3.140594775734376398e+01 1.441821508060740697e+01 2.643804300613365754e+01
2.294999999999999929e+00 1.342660176123993576e+00 3.172563019667714812e+01 1.461468025167159723e+01 2.679182196521127324e+01
2.300000000000000266e+00 1.343933917665737443e+00 3.204798292897419287e+01 1.481312726881354891e+01 2.714893933812434668e+01
2.305000000000000160e+00 1.345208231378743458e+00 3.237301597636683681e+01 1.501356207556295352e+01 2.750939983469247707e+01
2.310000000000000053e+00 1.346483105885426967e+00 3.270073170608286972e+01 1.521599275214108360e+01 2.787321532497204402e+01
2.314999999999999947e+00 1.347758529839606201e+00 3.303113758135729938e+01 1.542043095901996885e+01 2.824040085279570889e+01
2.319999999999999840e+00 1.349034491927291413e+00 3.336424006512342544e+01 1.562688384816827281e+01 2.861096622086883201e+01
2.325000000000000178e+00 1.350310980867478472e+00 3.370004486558543277e+01 1.583535948812169281e+01 2.898491945197818964e+01
2.330000000000000071e+00 1.351587985412951776e+00 3.403855680979484788e+01 1.604586774296606322e+01 2.936227556607116895e+01
2.334999999999999964e+00 1.352865494351088493e+00 3.437978229474734349e+01 1.625841532240112386e+01 2.974304042317517371e+01
2.339999999999999858e+00 1.354143496504671029e+00 3.472372351528645851e+01 1.647300964849927496e+01 3.012722438122581181e+01
2.345000000000000195e+00 1.355421980732705700e+00 3.507038949430599217e+01 1.668965954522753847e+01 3.051483665138835022e+01
2.350000000000000089e+00 1.356700935931243857e+00 3.541977971136002878e+01 1.690837169355226166e+01 3.090588614959800751e+01
2.354999999999999982e+00 1.357980351034212774e+00 3.577190230449776465e+01 1.712915475794052611e+01 3.130038292259568067e+01
2.359999999999999876e+00 1.359260215014249207e+00 3.612675760901298361e+01 1.735201550687301975e+01 3.169833535784120571e+01
2.365000000000000213e+00 1.360540516883539608e+00 3.648435028149579296e+01 1.757696160471777347e+01 3.209975231297451614e+01
2.370000000000000107e+00 1.361821245694665894e+00 3.684468399519388271e+01 1.780399845433816708e+01 3.250463763262450811e+01
2.375000000000000000e+00 1.363102390541456321e+00 3.720776158739433725e+01 1.803313369248878217e+01 3.291300131019851705e+01
2.379999999999999893e+00 1.364383940559842134e+00 3.757358594472497515e+01 1.826437398570849169e+01 3.332485104895943806e+01
2.385000000000000231e+00 1.365665884928720875e+00 3.794215637490963644e+01 1.849772568746652368e+01 3.374019262614765324e+01
2.390000000000000124e+00 1.366948212870820356e+00 3.831347651349439332e+01 1.873319418870617881e+01 3.415903205969154754e+01
2.395000000000000018e+00 1.368230913653576408e+00 3.868754919207171383e+01 1.897078606085693764e+01 3.458137527384343457e+01
2.399999999999999911e+00 1.369513976590007287e+00 3.906437443188958980e+01 1.921050758638834211e+01 3.500722916272533780e+01
2.405000000000000249e+00 1.370797391039600077e+00 3.944395162991495596e+01 1.945236450550063623e+01 3.543659982149745247e+01
2.410000000000000142e+00 1.372081146409197538e+00 3.982628510133697830e+01 1.969636036356035191e+01 3.586948861495971386e+01
2.415000000000000036e+00 1.373365232153893167e+00 4.021137240489856879e+01 1.994250010475360924e+01 3.630589914691637432e+01
2.419999999999999929e+00 1.374649637777930256e+00 4.059921354649413416e+01 2.019079141987087667e+01 3.674584169599867067e+01
2.425000000000000266e+00 1.375934352835608943e+00 4.098980691233199281e+01 2.044123544133058346e+01 3.718931273509304702e+01
2.430000000000000160e+00 1.377219366932191491e+00 4.138315424025254430e+01 2.069383701537762832e+01 3.763631696394714510e+01
2.435000000000000053e+00 1.378504669724822440e+00 4.177925456983014385e+01 2.094860412134769589e+01 3.808686223380961167e+01
2.439999999999999947e+00 1.379790250923445205e+00 4.217802822227009329e+01 2.120551543913546411e+01 3.854091492892969484e+01
2.444999999999999840e+00 1.381076100291728892e+00 4.257962278787465493e+01 2.146461893234447516e+01 3.899854183749599201e+01
2.450000000000000178e+00 1.382362207647998886e+00 4.298396418540397690e+01 2.172589643500701229e+01 3.945971142495501738e+01
2.455000000000000071e+00 1.383648562866170106e+00 4.339104801013579049e+01 2.198934835817200550e+01 3.992442175955977746e+01
2.459999999999999964e+00 1.384935155876690471e+00 4.380087247562804009e+01 2.225498219196449767e+01 4.039267972328288181e+01
2.464999999999999858e+00 1.386221976667483702e+00 4.421343832312730626e+01 2.252280287725069385e+01 4.086449020056251413e+01
2.470000000000000195e+00 1.387509015284901448e+00 4.462873334023196747e+01 2.279280434390017263e+01 4.133983886206943481e+01
2.475000000000000089e+00 1.388796261834676082e+00 4.504676332691226293e+01 2.306499604641476253e+01 4.181873598878646447e+01
2.479999999999999982e+00 1.390083706482882597e+00 4.546751618855832078e+01 2.333937534407348480e+01 4.230117374575360145e+01
2.484999999999999876e+00 1.391371339456903167e+00 4.589099339570353209e+01 2.361594641801322325e+01 4.278715413809413093e+01
2.490000000000000213e+00 1.392659151046396371e+00 4.631718430564533406e+01 2.389471016170807260e+01 4.327667502180880632e+01
2.495000000000000107e+00 1.393947131604270639e+00 4.674608545660917258e+01 2.417566561623437238e+01 4.376972965634004709e+01
2.500000000000000000e+00 1.395235271547664579e+00 4.717769289055365789e+01 2.445881930884762667e+01 4.426632553560132521e+01
2.504999999999999893e+00 1.396523561358930632e+00 4.761200050465334499e+01 2.474416508923426505e+01 4.476644743310904317e+01
2.510000000000000231e+00 1.397811991586621838e+00 4.804900023768232131e+01 2.503170772780956455e+01 4.527009871189633117e+01
2.515000000000000124e+00 1.399100552846486600e+00 4.848868909498408897e+01 2.532144943959984573e+01 4.577727842995732743e+01
2.520000000000000018e+00 1.400389235822465217e+00 4.893105315650193887e+01 2.561338153452472000e+01 4.628796845638254354e+01
2.524999999999999911e+00 1.401678031267691527e+00 4.937608861109503522e+01 2.590750929449271212e+01 4.680217293797283418e+01
2.530000000000000249e+00 1.402966930005501656e+00 4.982378899005130535e+01 2.620383326763111853e+01 4.731988790932042122e+01
2.535000000000000142e+00 1.404255922930439437e+00 5.027414293860535111e+01 2.650234874964386123e+01 4.784110149085546482e+01
2.540000000000000036e+00 1.405545001009279815e+00 5.072714301002704218e+01 2.680305579541797556e+01 4.836580972018277436e+01
2.544999999999999929e+00 1.406834155282040921e+00 5.118278285298689667e+01 2.710595040253679144e+01 4.889399960207754958e+01
2.550000000000000266e+00 1.408123376863012810e+00 5.164104831912342064e+01 2.741103374969743811e+01 4.942567100898929766e+01
2.555000000000000160e+00 1.409412656941783526e+00 5.210193477151359076e+01 2.771830640028160175e+01 4.996081930404378824e+01
2.560000000000000053e+00 1.410701986784272943e+00 5.256542531330450174e+01 2.802775625800388326e+01 5.049942006449058596e+01
2.564999999999999947e+00 1.411991357733769048e+00 5.303151516171698177e+01 2.833939133531263010e+01 5.104148257404648348e+01
2.569999999999999840e+00 1.413280761211968217e+00 5.350019454815143405e+01 2.865320139559534596e+01 5.158698402525033089e+01
2.575000000000000178e+00 1.414570188720020605e+00 5.397144574562498320e+01 2.896918116330314064e+01 5.213591135878915850e+01
2.580000000000000071e+00 1.415859631839580635e+00 5.444526389384478904e+01 2.928733465644807055e+01 5.268826961180747759e+01
2.584999999999999964e+00 1.417149082233858159e+00 5.492163144402395147e+01 2.960765162879444645e+01 5.324403405334657435e+01
2.589999999999999858e+00 1.418438531648677170e+00 5.540054176569920230e+01 2.993013433665496237e+01 5.380320485132628505e+01
2.595000000000000195e+00 1.419727971913536280e+00 5.588197718020610694e+01 3.025476843676320371e+01 5.436575318040119242e+01
2.600000000000000089e+00 1.421017394942674095e+00 5.636592512793382781e+01 3.058155426833454271e+01 5.493167734804104896e+01
2.604999999999999982e+00 1.422306792736138581e+00 5.685237652441264800e+01 3.091048781854501470e+01 5.550096493247810514e+01
2.609999999999999876e+00 1.423596157380858207e+00 5.734131257954331318e+01 3.124156163364781946e+01 5.607359830146991442e+01
2.615000000000000213e+00 1.424885481051721747e+00 5.783272261157494398e+01 3.157477154076336490e+01 5.664956722940402045e+01
2.620000000000000107e+00 1.426174756012655642e+00 5.832659129929067632e+01 3.191010720210890028e+01 5.722885099637721140e+01
2.625000000000000000e+00 1.427463974617710019e+00 5.882290182614763552e+01 3.224756447593727415e+01 5.781143575745102936e+01
2.629999999999999893e+00 1.428753129312145598e+00 5.932164328188611790e+01 3.258713827131612817e+01 5.839730939974489132e+01
2.635000000000000231e+00 1.430042212633526821e+00 5.982279600432964628e+01 3.292882022272383580e+01 5.898645619528636530e+01
2.640000000000000124e+00 1.431331217212814755e+00 6.032634417709086705e+01 3.327260149954887680e+01 5.957885513020261214e+01
2.645000000000000018e+00 1.432620135775467096e+00 6.083227224131945121e+01 3.361847861157328765e+01 6.017449644671063425e+01
2.649999999999999911e+00 1.433908961142540850e+00 6.134056950507134331e+01 3.396643663153655268e+01 6.077334811000638837e+01
2.655000000000000249e+00 1.435197686231796554e+00 6.185121041044666867e+01 3.431647188158042638e+01 6.137540623507536708e+01
2.660000000000000142e+00 1.436486304058808727e+00 6.236418098021925971e+01 3.466857539666399646e+01 6.198064589785309408e+01
2.665000000000000036e+00 1.437774807738079197e+00 6.287946563544010559e+01 3.502273860653930626e+01 6.258905185656961834e+01
2.669999999999999929e+00 1.439063190484150212e+00 6.339704111082336624e+01 3.537894819000488411e+01 6.320059744371648947e+01
2.675000000000000266e+00 1.440351445612727099e+00 6.391689900556470860e+01 3.573720165935331750e+01 6.381527160333453708e+01
2.680000000000000160e+00 1.441639566541798700e+00 6.443901024972197433e+01 3.609747924708765510e+01 6.443303960604427516e+01
2.685000000000000053e+00 1.442927546792763360e+00 6.496336049503884169e+01 3.645977946152854088e+01 6.505389562602027809e+01
2.689999999999999947e+00 1.444215379991559578e+00 6.548993258044845334e+01 3.682409054003846194e+01 6.567781405447504994e+01
2.694999999999999840e+00 1.445503059869796658e+00 6.601870691292771198e+01 3.719040054955927843e+01 6.630477271667143668e+01
2.700000000000000178e+00 1.446790580265890691e+00 6.654965965924534999e+01 3.755869791190710316e+01 6.693474798154606731e+01
2.705000000000000071e+00 1.448077935126202975e+00 6.708277186413661752e+01 3.792897001908398380e+01 6.756771413214487154e+01
2.709999999999999964e+00 1.449365118506182437e+00 6.761802672616788357e+01 3.830120808389441578e+01 6.820365239853759931e+01
2.714999999999999858e+00 1.450652124571508272e+00 6.815540083678878602e+01 3.867539681427018650e+01 6.884253362555126898e+01
2.720000000000000195e+00 1.451938947599239915e+00 6.869487470566473064e+01 3.905152995792339965e+01 6.948434452997096855e+01
2.725000000000000089e+00 1.453225581978965009e+00 6.923642434971873172e+01 3.942959163104740838e+01 7.012905555269536251e+01
2.729999999999999982e+00 1.454512022213955591e+00 6.978003106812496981e+01 3.980956564570677614e+01 7.077663164255628203e+01
2.734999999999999876e+00 1.455798262922322506e+00 7.032567395545611078e+01 4.019144169427925561e+01 7.142705571960095767e+01
2.740000000000000213e+00 1.457084298838174696e+00 7.087332507935538217e+01 4.057520836309478796e+01 7.208030592585056695e+01
2.745000000000000107e+00 1.458370124812782276e+00 7.142297140479112727e+01 4.096085224356854582e+01 7.273635335908949173e+01
2.750000000000000000e+00 1.459655735815740485e+00 7.197458307736732763e+01 4.134835656926048841e+01 7.339516855595536526e+01
2.754999999999999893e+00 1.460941126936137202e+00 7.252814106286525941e+01 4.173770928449830819e+01 7.405672561992280123e+01
2.760000000000000231e+00 1.462226293383724007e+00 7.308362206388234483e+01 4.212889996175779572e+01 7.472100541188491718e+01
2.765000000000000124e+00 1.463511230490086357e+00 7.364100066837623615e+01 4.252190393457926376e+01 7.538796282562572060e+01
2.770000000000000018e+00 1.464795933709824194e+00 7.420025686408936849e+01 4.291671680289361035e+01 7.605758811609422310e+01
2.774999999999999911e+00 1.466080398621724123e+00 7.476136422863616815e+01 4.331331609855828901e+01 7.672983847930643719e+01
2.780000000000000249e+00 1.467364620929943797e+00 7.532430017747911677e+01 4.371169104221563373e+01 7.740469351729099401e+01
2.785000000000000142e+00 1.468648596465194744e+00 7.588903994434653555e+01 4.411182928344383924e+01 7.808213131623715242e+01
2.790000000000000036e+00 1.469932321185927426e+00 7.645555844156946534e+01 4.451370338151376416e+01 7.876209949137610522e+01
2.794999999999999929e+00 1.471215791179520282e+00 7.702383592100179044e+01 4.491730827124300873e+01 7.944458715776178792e+01
2.800000000000000266e+00 1.472499002663467449e+00 7.759384222293556377e+01 4.532262651642319895e+01 8.012956425067000055e+01
2.805000000000000160e+00 1.473781951986576466e+00 7.816555848098087722e+01 4.572963841060388290e+01 8.081699248579116102e+01
2.810000000000000053e+00 1.475064635630160437e+00 7.873895283157887093e+01 4.613832528902966601e+01 8.150683815958662137e+01
2.814999999999999947e+00 1.476347050209237288e+00 7.931399677993850617e+01 4.654868274914511517e+01 8.219909630347513030e+01
2.819999999999999840e+00 1.477629192473728592e+00 7.989067794461040251e+01 4.696067870832357727e+01 8.289370177337129064e+01
2.825000000000000178e+00 1.478911059309663267e+00 8.046896107896689898e+01 4.737429904716722007e+01 8.359063320619650028e+01
2.830000000000000071e+00 1.480192647740382617e+00 8.104882813737962977e+01 4.778953141002784122e+01 8.428986286937842465e+01
2.834999999999999964e+00 1.481473954927746250e+00 8.163025419780143466e+01 4.820636470589894884e+01 8.499137493577131863e+01
2.839999999999999858e+00 1.482754978173340454e+00 8.221320713033247785e+01 4.862476380376772056e+01 8.569510410605610673e+01
2.845000000000000195e+00 1.484035714919693882e+00 8.279766128798998182e+01 4.904472500301979210e+01 8.640104295306588256e+01
2.850000000000000089e+00 1.485316162751484814e+00 8.338359217925363964e+01 4.946622235741876494e+01 8.710914639553300276e+01
2.854999999999999982e+00 1.486596319396762178e+00 8.397096723884183689e+01 4.988923793865109246e+01 8.781938221871411088e+01
2.859999999999999876e+00 1.487876182728162133e+00 8.455977482191238437e+01 5.031376166214192125e+01 8.853172935988564518e+01
2.865000000000000213e+00 1.489155750764126207e+00 8.514997627928094914e+01 5.073976692965466384e+01 8.924614267525072364e+01
2.870000000000000107e+00 1.490435021670126092e+00 8.574155314277398077e+01 5.116724283399216233e+01 8.996259960183235194e+01
2.875000000000000000e+00 1.491713993759884893e+00 8.633447358991848830e+01 5.159616171944507812e+01 9.068105182661072661e+01
2.879999999999999893e+00 1.492992665496607696e+00 8.692871250251815241e+01 5.202650825168241511e+01 9.140147206131860003e+01
2.885000000000000231e+00 1.494271035494205480e+00 8.752424351973348848e+01 5.245826722141393361e+01 9.212383442333459982e+01
2.890000000000000124e+00 1.495549102518527240e+00 8.812104210469863119e+01 5.289141276820432580e+01 9.284808964145527455e+01
2.895000000000000018e+00 1.496826865488593894e+00 8.871907619459386751e+01 5.332592975713565409e+01 9.357421601295347102e+01
2.899999999999999911e+00 1.498104323477830180e+00 8.931832806742244202e+01 5.376180090589369343e+01 9.430217463337739048e+01
2.905000000000000249e+00 1.499381475715303225e+00 8.991876361993506350e+01 5.419900049456165902e+01 9.503192722953025395e+01
2.910000000000000142e+00 1.500658321586958444e+00 9.052035265724722990e+01 5.463751140809338125e+01 9.576344196063392644e+01
2.915000000000000036e+00 1.501934860636862323e+00 9.112308268347099727e+01 5.507732474862567784e+01 9.649670025228921588e+01
2.919999999999999929e+00 1.503211092568443430e+00 9.172690791879998073e+01 5.551840009872566384e+01 9.723163526928527745e+01
2.925000000000000266e+00 1.504487017245737190e+00 9.233182358376046750e+01 5.596073665188296076e+01 9.796823950962009064e+01
2.930000000000000160e+00 1.505762634694630231e+00 9.293778364888514432e+01 5.640430252708009817e+01 9.870646262755261091e+01
2.935000000000000053e+00 1.507037945104112264e+00 9.354477000946326370e+01 5.684908354950787412e+01 9.944627823383733300e+01
2.939999999999999947e+00 1.508312948827522426e+00 9.415275599894403058e+01 5.729505932470242868e+01 1.001876481962299579e+02
2.944999999999999840e+00 1.509587646383803383e+00 9.476171146025438929e+01 5.774220636992888700e+01 1.009305340407976956e+02
2.950000000000000178e+00 1.510862038458753664e+00 9.537161631661453498e+01 5.819050861469044378e+01 1.016749062805636470e+02
2.955000000000000071e+00 1.512136125906285322e+00 9.598243960570388822e+01 5.863994622764195697e+01 1.024207304686791957e+02
2.959999999999999964e+00 1.513409909749681370e+00 9.659415459530374903e+01 5.909049791611747793e+01 1.031679710370171676e+02
2.964999999999999858e+00 1.514683391182853445e+00 9.720673644491009213e+01 5.954214246886285622e+01 1.039165895429081985e+02
2.970000000000000195e+00 1.515956571571605682e+00 9.782015988178224575e+01 5.999486312275633537e+01 1.046665564116970017e+02
2.975000000000000089e+00 1.517229452454897709e+00 9.843439244869631466e+01 6.044863371398939478e+01 1.054178282941149405e+02
2.979999999999999982e+00 1.518502035546109630e+00 9.904941578154837600e+01 6.090344087140651652e+01 1.061703800045806219e+02
2.984999999999999876e+00 1.519774322734309235e+00 9.966519745627758198e+01 6.135925777390185232e+01 1.069241677440956266e+02
2.990000000000000213e+00 1.521046316085523209e+00 1.002817187051982160e+02 6.181606541870394977e+01 1.076791530292405241e+02
2.995000000000000107e+00 1.522318017844006111e+00 1.008989549180487302e+02 6.227385628893335934e+01 1.084353274473738367e+02
3.000000000000000000e+00 1.523589430433515579e+00 1.015168654421231764e+02 6.273259111040093927e+01 1.091926253250118606e+02
3.004999999999999893e+00 1.524860556458587313e+00 1.021354395478156647e+02 6.319226148221476791e+01 1.099510281244457843e+02
3.010000000000000231e+00 1.526131398705811604e+00 1.027546511220438958e+02 6.365284637756116837e+01 1.107104981803188792e+02
3.015000000000000124e+00 1.527401960145112314e+00 1.033744680297498491e+02 6.411432771200294667e+01 1.114710105937011804e+02
3.020000000000000018e+00 1.528672243931031183e+00 1.039948651278039478e+02 6.457667486097876974e+01 1.122325102373676629e+02
3.024999999999999911e+00 1.529942253404009023e+00 1.046158227716975233e+02 6.503987659378677222e+01 1.129949746251854350e+02
3.030000000000000249e+00 1.531211992091669805e+00 1.052373095353345462e+02 6.550391333660043358e+01 1.137583776974404515e+02
3.035000000000000142e+00 1.532481463710112957e+00 1.058593132925393547e+02 6.596876295048706140e+01 1.145226705860971634e+02
3.040000000000000036e+00 1.533750672165198337e+00 1.064817947831486435e+02 6.643440471568284522e+01 1.152878276853116120e+02
3.044999999999999929e+00 1.535019621553841640e+00 1.071047346814260095e+02 6.690082144181918977e+01 1.160538168958593133e+02
3.050000000000000266e+00 1.536288316165307810e+00 1.077281146519429740e+02 6.736799591148670174e+01 1.168206058106787424e+02
3.055000000000000160e+00 1.537556760482504448e+00 1.083519059420137864e+02 6.783590631817239114e+01 1.175881617489017543e+02
3.060000000000000053e+00 1.538824959183287211e+00 1.089760818993718914e+02 6.830452971871227419e+01 1.183564435830967057e+02
3.064999999999999947e+00 1.540092917141751672e+00 1.096006289939368656e+02 6.877384837127182493e+01 1.191254173255159259e+02
3.070000000000000284e+00 1.541360639429545376e+00 1.102255135161464352e+02 6.924384894323830508e+01 1.198950676278906116e+02
3.075000000000000178e+00 1.542628131317168361e+00 1.108507171734953971e+02 6.971450258742726191e+01 1.206653416312168048e+02
3.080000000000000071e+00 1.543895398275281439e+00 1.114762130041665102e+02 7.018579592637667020e+01 1.214362199639544428e+02
3.084999999999999964e+00 1.545162445976019150e+00 1.121019906784477200e+02 7.065771439760166572e+01 1.222076691950002925e+02
3.089999999999999858e+00 1.546429280294300046e+00 1.127280097422984966e+02 7.113023399223587262e+01 1.229796607140266644e+02
3.095000000000000195e+00 1.547695907309144969e+00 1.133542582569089490e+02 7.160332974261353911e+01 1.237521442737703694e+02
3.100000000000000089e+00 1.548962333304992001e+00 1.139807177477609486e+02 7.207699722405639875e+01 1.245251129986688170e+02
3.104999999999999982e+00 1.550228564773019402e+00 1.146073554225714304e+02 7.255121092902734858e+01 1.252985300399614914e+02
3.109999999999999876e+00 1.551494608412467890e+00 1.152341594630334072e+02 7.302595067559413167e+01 1.260723543197688912e+02
3.115000000000000213e+00 1.552760471131968911e+00 1.158611106629001455e+02 7.350120592019273147e+01 1.268465691779359616e+02
3.120000000000000107e+00 1.554026160050869576e+00 1.164881765541700673e+02 7.397694500494343117e+01 1.276211229108782135e+02
3.125000000000000000e+00 1.555291682500568706e+00 1.171153450321748011e+02 7.445316291086083993e+01 1.283960089076672659e+02
3.129999999999999893e+00 1.556557046025848434e+00 1.177425907867260690e+02 7.492983766116111610e+01 1.291711894927045421e+02
3.135000000000000231e+00 1.557822258386214909e+00 1.183698930930588205e+02 7.540694748022701788e+01 1.299466279846725172e+02
3.140000000000000124e+00 1.559087327557234559e+00 1.189972426534081080e+02 7.588448644450286906e+01 1.307223108391995936e+02
3.145000000000000018e+00 1.560352261731882795e+00 1.196246092838159427e+02 7.636242668501944308e+01 1.314981946960430719e+02
3.149999999999999911e+00 1.561617069321888263e+00 1.202519729599225542e+02 7.684075077108892060e+01 1.322742491691401767e+02
3.155000000000000249e+00 1.562881758959084433e+00 1.208793229636536495e+02 7.731945253284037278e+01 1.330504665424143127e+02
3.160000000000000142e+00 1.564146339496760740e+00 1.215066364244913615e+02 7.779850906271437339e+01 1.338268054861158021e+02
3.165000000000000036e+00 1.565410820011023496e+00 1.221338876719435405e+02 7.827790113463011323e+01 1.346032360338525962e+02
3.169999999999999929e+00 1.566675209802153468e+00 1.227610689186247441e+02 7.875761794108970548e+01 1.353797407160294313e+02
3.175000000000000266e+00 1.567939518395971676e+00 1.233881572737889343e+02 7.923763445964758034e+01 1.361562713176500665e+02
3.180000000000000160e+00 1.569203755545205192e+00 1.240151377498006013e+02 7.971794882975910923e+01 1.369328334420130489e+02
3.185000000000000053e+00 1.570467931230861369e+00 1.246419938613240816e+02 8.019853252243731845e+01 1.377093732976075557e+02
3.189999999999999947e+00 1.571732055663601191e+00 1.252686966121011238e+02 8.067937480165045372e+01 1.384858802258711705e+02
3.195000000000000284e+00 1.572996139285118833e+00 1.258952428340121941e+02 8.116045930372658290e+01 1.392623183453076763e+02
3.200000000000000178e+00 1.574260192769525224e+00 1.265216143597656639e+02 8.164177616661986292e+01 1.400386739455509257e+02
3.205000000000000071e+00 1.575524227024737378e+00 1.271477895922809580e+02 8.212330702081021627e+01 1.408149211654633746e+02
3.209999999999999964e+00 1.576788253193867284e+00 1.277737580262530344e+02 8.260503677991982840e+01 1.415910287047864244e+02
3.214999999999999858e+00 1.578052282656617233e+00 1.283994976885121559e+02 8.308694607004738941e+01 1.423669696863578622e+02
3.220000000000000195e+00 1.579316327030685141e+00 1.290250008555122463e+02 8.356902635482434505e+01 1.431427236919251698e+02
3.225000000000000089e+00 1.580580398173165202e+00 1.296502435281904297e+02 8.405126664551409021e+01 1.439182817222612414e+02
3.229999999999999982e+00 1.581844508181959430e+00 1.302752243496300366e+02 8.453364976608371251e+01 1.446936059193717767e+02
3.234999999999999876e+00 1.583108669397191415e+00 1.308999145805176738e+02 8.501615270565525861e+01 1.454686593717066501e+02
3.240000000000000213e+00 1.584372894402625409e+00 1.315243039427570295e+02 8.549877273912228759e+01 1.462434448608968864e+02
3.245000000000000107e+00 1.585637196027092743e+00 1.321483854391737793e+02 8.598149950066000713e+01 1.470179391151108632e+02
3.250000000000000000e+00 1.586901587345919129e+00 1.327721476349737202e+02 8.646431959153468938e+01 1.477921215685068432e+02
3.254999999999999893e+00 1.588166081682362174e+00 1.333955618995682073e+02 8.694720372741940650e+01 1.485659436629130994e+02
3.260000000000000231e+00 1.589430692609048013e+00 1.340186269776170036e+02 8.743016018829884217e+01 1.493394186716962793e+02
3.265000000000000124e+00 1.590695433949419924e+00 1.346413265168439466e+02 8.791316221357159577e+01 1.501125041931738622e+02
3.270000000000000018e+00 1.591960319779189614e+00 1.352636513861414755e+02 8.839619923750515795e+01 1.508851769862424987e+02
3.274999999999999911e+00 1.593225364427793389e+00 1.358855941267842411e+02 8.887927382223661255e+01 1.516574469010880932e+02
3.280000000000000249e+00 1.594490582479856755e+00 1.365071289871393958e+02 8.936235606493458761e+01 1.524292656735647427e+02
3.285000000000000142e+00 1.595755988776664358e+00 1.371282575979619764e+02 8.984544411815697629e+01 1.532006260488449811e+02
3.290000000000000036e+00 1.597021598417631694e+00 1.377489616671898318e+02 9.032852519660936252e+01 1.539715097697584554e+02
3.294999999999999929e+00 1.598287426761794583e+00 1.383692328388496833e+02 9.081158361259741696e+01 1.547418886196588801e+02
3.300000000000000266e+00 1.599553489429289543e+00 1.389890613029369035e+02 9.129461544430320430e+01 1.555117597194513905e+02
3.305000000000000160e+00 1.600819802302856587e+00 1.396084420517981073e+02 9.177761036551476082e+01 1.562810992023785275e+02
3.310000000000000053e+00 1.602086381529337800e+00 1.402273525011524669e+02 9.226054919788927577e+01 1.570498837966633516e+02
3.314999999999999947e+00 1.603353243521186133e+00 1.408457971934741408e+02 9.274343536895814566e+01 1.578181122687525431e+02
3.320000000000000284e+00 1.604620404957985969e+00 1.414637552699951186e+02 9.322624052338218803e+01 1.585857424453579370e+02
3.325000000000000178e+00 1.605887882787973897e+00 1.420812289593160358e+02 9.370897056779534751e+01 1.593527783178082018e+02
3.330000000000000071e+00 1.607155694229572163e+00 1.426982043813142411e+02 9.419161452396012635e+01 1.601192094126927827e+02
3.334999999999999964e+00 1.608423856772927873e+00 1.433146710181179060e+02 9.467416111042435034e+01 1.608850151046682413e+02
3.339999999999999858e+00 1.609692388181460876e+00 1.439306223157187219e+02 9.515659443546736895e+01 1.616501650827404433e+02
3.345000000000000195e+00 1.610961306493419842e+00 1.445460446508458858e+02 9.563890232682048520e+01 1.624146451369274473e+02
3.350000000000000089e+00 1.612230630023444355e+00 1.451609486617802531e+02 9.612109909777478833e+01 1.631784699879922300e+02
3.354999999999999982e+00 1.613500377364142535e+00 1.457753075277117603e+02 9.660315411645477468e+01 1.639415992329005576e+02
3.359999999999999876e+00 1.614770567387667999e+00 1.463891286661571485e+02 9.708507459223531555e+01 1.647040398127919900e+02
3.365000000000000213e+00 1.616041219247312144e+00 1.470024012417605093e+02 9.756684467165045760e+01 1.654657644968670809e+02
3.370000000000000107e+00 1.617312352379102647e+00 1.476151164749508098e+02 9.804845280146790287e+01 1.662267548784467692e+02
3.375000000000000000e+00 1.618583986503417060e+00 1.482272662710437316e+02 9.852989796456741090e+01 1.669870149249749431e+02
3.379999999999999893e+00 1.619856141626595081e+00 1.488388569864368094e+02 9.901117259716134811e+01 1.677465206971464227e+02
3.385000000000000231e+00 1.621128838042573905e+00 1.494498682632781765e+02 9.949226765324799260e+01 1.685052688946149431e+02
3.390000000000000124e+00 1.622402096334521149e+00 1.500603015224385501e+02 9.997317360758628979e+01 1.692632368204311319e+02
3.395000000000000018e+00 1.623675937376488410e+00 1.506701551586624532e+02 1.004538923158054615e+02 1.700204299014479545e+02
3.399999999999999911e+00 1.624950382335069499e+00 1.512794241839846165e+02 1.009344127590493372e+02 1.707768311818300333e+02
3.405000000000000249e+00 1.626225452671069327e+00 1.518881018998718275e+02 1.014147294350789821e+02 1.715324291564762120e+02
3.410000000000000142e+00 1.627501170141188780e+00 1.524961787559683728e+02 1.018948245562367845e+02 1.722871966447306136e+02
3.415000000000000036e+00 1.628777556799715365e+00 1.531036612968441091e+02 1.023747128736806502e+02 1.730411596684068627e+02
3.419999999999999929e+00 1.630054635000228513e+00 1.537105468392522027e+02 1.028543821539080341e+02 1.737942914315084977e+02
3.425000000000000266e+00 1.631332427397314877e+00 1.543168222926625788e+02 1.033338164370162389e+02 1.745465702905717080e+02
3.430000000000000160e+00 1.632610956948298497e+00 1.549224855264130554e+02 1.038130152205845320e+02 1.752979982616884342e+02
3.435000000000000053e+00 1.633890246914980304e+00 1.555275432639974440e+02 1.042919818826691767e+02 1.760485733694002590e+02
3.439999999999999947e+00 1.635170320865392934e+00 1.561320102089789543e+02 1.047707403825621242e+02 1.767983447495354312e+02
3.445000000000000284e+00 1.636451202675564431e+00 1.567358345481788149e+02 1.052492095988027927e+02 1.775471733906149723e+02
3.450000000000000178e+00 1.637732916531301264e+00 1.573390521736610026e+02 1.057274441412048418e+02 1.782951461649763303e+02
3.455000000000000071e+00 1.639015486929979559e+00 1.579416481313228644e+02 1.062054167312275297e+02 1.790422231971422491e+02
3.459999999999999964e+00 1.640298938682350771e+00 1.585436274148343898e+02 1.066831327940412422e+02 1.797884084246774137e+02
3.464999999999999858e+00 1.641583296914366441e+00 1.591449893466819958e+02 1.071605915014749399e+02 1.805337068938755465e+02
3.470000000000000195e+00 1.642868587069010289e+00 1.597457244710820135e+02 1.076377779129305168e+02 1.812780888740074374e+02
3.475000000000000089e+00 1.644154834908149621e+00 1.603458444055991379e+02 1.081147033796513171e+02 1.820215760493624941e+02
3.479999999999999982e+00 1.645442066514400281e+00 1.609453394961095967e+02 1.085913513376750927e+02 1.827641403439792498e+02
3.484999999999999876e+00 1.646730308293007594e+00 1.615442120473758223e+02 1.090677234526793882e+02 1.835057870668541966e+02
3.490000000000000213e+00 1.648019586973742623e+00 1.621424757702120019e+02 1.095438308613307328e+02 1.842465250915021215e+02
3.495000000000000107e+00 1.649309929612814640e+00 1.627401055485581196e+02 1.100196452696109759e+02 1.849863190447766783e+02
3.500000000000000000e+00 1.650601363594798476e+00 1.633371159069251064e+02 1.104951847391942152e+02 1.857251984663234623e+02
3.504999999999999893e+00 1.651893916634581849e+00 1.639318446668905835e+02 1.109690673469405624e+02 1.864585192400728033e+02
3.510000000000000231e+00 1.653187616779326907e+00 1.645259396992602774e+02 1.114426579879637558e+02 1.871908612503618485e+02
3.515000000000000124e+00 1.654482492410449757e+00 1.651193942105516044e+02 1.119159315121707436e+02 1.879221692758544577e+02
3.520000000000000018e+00 1.655778572245619973e+00 1.657122219520448141e+02 1.123889072741193900e+02 1.886524788882073267e+02
3.524999999999999911e+00 1.657075885340773880e+00 1.663044236082086513e+02 1.128615803936386754e+02 1.893817886294529842e+02
3.530000000000000249e+00 1.658374461092151142e+00 1.668960035173683423e+02 1.133339577575957264e+02 1.901101018605133675e+02
3.535000000000000142e+00 1.659674329238346902e+00 1.674869481850760451e+02 1.138060144938554146e+02 1.908373790985662595e+02
3.540000000000000036e+00 1.660975519862385452e+00 1.680772722650228275e+02 1.142777643326117527e+02 1.915636457500465610e+02
3.544999999999999929e+00 1.662278063393811456e+00 1.686669806764328428e+02 1.147492121986257274e+02 1.922889080040762906e+02
3.550000000000000266e+00 1.663581990610803807e+00 1.692560732985247682e+02 1.152203522374330902e+02 1.930131526224639344e+02
3.555000000000000160e+00 1.664887332642308815e+00 1.698445383320975282e+02 1.156911629657982701e+02 1.937363521417384504e+02
3.560000000000000053e+00 1.666194120970192039e+00 1.704324069432907720e+02 1.161616834525893864e+02 1.944585615223327579e+02
3.564999999999999947e+00 1.667502387431416100e+00 1.710196679322787077e+02 1.166318968072570499e+02 1.951797582169578789e+02
3.570000000000000284e+00 1.668812164220237593e+00 1.716063207224568146e+02 1.171017928227102232e+02 1.958999234148757012e+02
3.575000000000000178e+00 1.670123483890425531e+00 1.721923843128610372e+02 1.175713897939752144e+02 1.966190851094046366e+02
3.580000000000000071e+00 1.671436379357503110e+00 1.727778445564209733e+02 1.180406711668695010e+02 1.973372211363258657e+02
3.584999999999999964e+00 1.672750883901015451e+00 1.733627045329413647e+02 1.185096374822084471e+02 1.980543351791128828e+02
3.589999999999999858e+00 1.674067031166816655e+00 1.739469952357318903e+02 1.189783177845144166e+02 1.987704640394833575e+02
3.595000000000000195e+00 1.675384855169382847e+00 1.745306914436649492e+02 1.194466732263577740e+02 1.994855502175975914e+02
3.600000000000000089e+00 1.676704390294149860e+00 1.751138216732134936e+02 1.199147382400807658e+02 2.001996445622717431e+02
3.604999999999999982e+00 1.678025671299876453e+00 1.756963752715144267e+02 1.203824986234740209e+02 2.009127345626810950e+02
3.609999999999999876e+00 1.679348733321033071e+00 1.762783539395579453e+02 1.208499495490887767e+02 2.016248090820037930e+02
3.615000000000000213e+00 1.680673611870211692e+00 1.768597905416696392e+02 1.213171192596533103e+02 2.023359023073088849e+02
3.620000000000000107e+00 1.682000342840573426e+00 1.774406574084651709e+02 1.217839762510669175e+02 2.030459759823722550e+02
3.625000000000000000e+00 1.683328962508309878e+00 1.780209710242177721e+02 1.222505338134313035e+02 2.037550491361457432e+02
3.629999999999999893e+00 1.684659507535143819e+00 1.786007484193534083e+02 1.227168104504881541e+02 2.044631534533825175e+02
3.635000000000000231e+00 1.685992014970846498e+00 1.791799936617717890e+02 1.231828003997569567e+02 2.051702680477136767e+02
3.640000000000000124e+00 1.687326522255794936e+00 1.797586939308292244e+02 1.236484875219970974e+02 2.058763833271158887e+02
3.645000000000000018e+00 1.688663067223552527e+00 1.803368780313033426e+02 1.241139011869591258e+02 2.065815389702534901e+02
3.649999999999999911e+00 1.690001688103477839e+00 1.809145408856596760e+02 1.245790225453097833e+02 2.072857003221363641e+02
3.655000000000000249e+00 1.691342423523365834e+00 1.814916796211811061e+02 1.250438526910570545e+02 2.079888810592763946e+02
3.660000000000000142e+00 1.692685312512123508e+00 1.820683253925801068e+02 1.255084222885845691e+02 2.086911220083163983e+02
3.665000000000000036e+00 1.694030394502469727e+00 1.826444835040682051e+02 1.259727288446003826e+02 2.093924169564686792e+02
3.669999999999999929e+00 1.695377709333675487e+00 1.832201284142886379e+02 1.264367403571094002e+02 2.100927309083328680e+02
3.675000000000000266e+00 1.696727297254325917e+00 1.837953055547331189e+02 1.269005007658132342e+02 2.107921132711532550e+02
3.680000000000000160e+00 1.698079198925130706e+00 1.843700018529875990e+02 1.273639875195332394e+02 2.114905388740427838e+02
3.685000000000000053e+00 1.699433455421752726e+00 1.849442342467332594e+02 1.278272312518166700e+02 2.121880535842228142e+02
3.689999999999999947e+00 1.700790108237682396e+00 1.855179959789988686e+02 1.282901951920490831e+02 2.128846075691018598e+02
3.695000000000000284e+00 1.702149199287140036e+00 1.860913153284514294e+02 1.287529252069510903e+02 2.135802705411421982e+02
3.700000000000000178e+00 1.703510770908022831e+00 1.866641815432879810e+02 1.292153962369479245e+02 2.142750093549863379e+02
3.705000000000000071e+00 1.704874865864877798e+00 1.872366261647070189e+02 1.296776363283775027e+02 2.149688544132542063e+02
3.709999999999999964e+00 1.706241527351919807e+00 1.878086239560730917e+02 1.301396212751518817e+02 2.156617800874994657e+02
3.714999999999999858e+00 1.707610798996081591e+00 1.883802220753690904e+02 1.306013899499070021e+02 2.163538435761096821e+02
3.720000000000000195e+00 1.708982724860113711e+00 1.889513943168525714e+02 1.310629115271968317e+02 2.170450001150413186e+02
3.725000000000000089e+00 1.710357349445704500e+00 1.895221735230990703e+02 1.315242131508151999e+02 2.177352880979036911e+02
3.729999999999999982e+00 1.711734717696661745e+00 1.900925628043538040e+02 1.319853073306810245e+02 2.184247414528042270e+02
3.734999999999999876e+00 1.713114875002117454e+00 1.906625510744175074e+02 1.324461581877164917e+02 2.191132877293904073e+02
3.740000000000000213e+00 1.714497867199787251e+00 1.912321846857986429e+02 1.329068228354481960e+02 2.198010263237319748e+02
3.745000000000000107e+00 1.715883740579261962e+00 1.918014392707758304e+02 1.333672672525947576e+02 2.204879093402372519e+02
3.750000000000000000e+00 1.717272541885350057e+00 1.923703471601308479e+02 1.338275263504191628e+02 2.211739867621066651e+02
3.754999999999999893e+00 1.718664318321458495e+00 1.929388978312165932e+02 1.342875705984058925e+02 2.218592110828289208e+02
3.760000000000000231e+00 1.720059117553022654e+00 1.935071244750443782e+02 1.347474430403423753e+02 2.225436581861437446e+02
3.765000000000000124e+00 1.721456987710977105e+00 1.940750275743438351e+02 1.352071405119746430e+02 2.232273199197506131e+02
3.770000000000000018e+00 1.722857977395276574e+00 1.946426017838801670e+02 1.356666378309533911e+02 2.239101577929852738e+02
3.774999999999999911e+00 1.724262135678464647e+00 1.952098752538511235e+02 1.361259809329004895e+02 2.245922538571144003e+02
3.780000000000000249e+00 1.725669512109285098e+00 1.957768536476153827e+02 1.365851554250436379e+02 2.252735784549897460e+02
3.785000000000000142e+00 1.727080156716347847e+00 1.963435426708179250e+02 1.370441636993023735e+02 2.259541349568847863e+02
3.790000000000000036e+00 1.728494120011841551e+00 1.969099604784432529e+02 1.375030284108967180e+02 2.266339693548556511e+02
3.794999999999999929e+00 1.729911452995299248e+00 1.974761069397411859e+02 1.379617395028415103e+02 2.273130652492336310e+02
3.800000000000000266e+00 1.731332207157411762e+00 1.980420056292887523e+02 1.384203184176871559e+02 2.279914541743943062e+02
3.805000000000000160e+00 1.732756434483898600e+00 1.986076608566741584e+02 1.388787604535292246e+02 2.286691310953921459e+02
3.810000000000000053e+00 1.734184187459427706e+00 1.991730756257390738e+02 1.393370693244364418e+02 2.293461117194138978e+02
3.814999999999999947e+00 1.735615519071593615e+00 1.997382819043214681e+02 1.397952711450618608e+02 2.300224236569922596e+02
3.820000000000000284e+00 1.737050482814948671e+00 2.003032717678196946e+02 1.402533577949862433e+02 2.306980766351638295e+02
3.825000000000000178e+00 1.738489132695088868e+00 2.008680478677855490e+02 1.407113186358533881e+02 2.313730432167130573e+02
3.830000000000000071e+00 1.739931523232801869e+00 2.014326612994182426e+02 1.411692105794365659e+02 2.320474126009590066e+02
3.834999999999999964e+00 1.741377709468272084e+00 2.019970847392990549e+02 1.416269987865574080e+02 2.327211436645870322e+02
3.839999999999999858e+00 1.742827746965340152e+00 2.025613411731037559e+02 1.420846944092969864e+02 2.333942438702817412e+02
3.845000000000000195e+00 1.744281691815829705e+00 2.031254457701424769e+02 1.425423171469070382e+02 2.340667585211765811e+02
3.850000000000000089e+00 1.745739600643932299e+00 2.036894194811152659e+02 1.429998877299813671e+02 2.347387168234993737e+02
3.854999999999999982e+00 1.747201530610656750e+00 2.042532533386698788e+02 1.434573816111921190e+02 2.354100834099926374e+02
3.859999999999999876e+00 1.748667539418339745e+00 2.048169676609799694e+02 1.439148169121477565e+02 2.360808858389851537e+02
3.865000000000000213e+00 1.750137685315223512e+00 2.053805797550322154e+02 1.443722109880321511e+02 2.367511618285793418e+02
3.870000000000000107e+00 1.751612027100100555e+00 2.059440959715252291e+02 1.448295641164802419e+02 2.374209095505692630e+02
3.875000000000000000e+00 1.753090624127023878e+00 2.065075366992072361e+02 1.452868995870833544e+02 2.380901720976700915e+02
3.879999999999999893e+00 1.754573536310083837e+00 2.070709062764088628e+02 1.457442076629257031e+02 2.387589352880738716e+02
3.885000000000000231e+00 1.756060824128258258e+00 2.076342140979665771e+02 1.462014869872775762e+02 2.394271967156944925e+02
3.890000000000000124e+00 1.757552548630337386e+00 2.081974881531658923e+02 1.466587838648578099e+02 2.400950406379749040e+02
3.895000000000000018e+00 1.759048771439909009e+00 2.087607226899266379e+02 1.471160676106041763e+02 2.407624148018005599e+02
3.899999999999999911e+00 1.760549554760425739e+00 2.093239381625299131e+02 1.475733643047459225e+02 2.414293681384100694e+02
3.905000000000000249e+00 1.762054961380348228e+00 2.098871550457486990e+02 1.480306906994568124e+02 2.420959284268166698e+02
3.910000000000000142e+00 1.763565054678360111e+00 2.104503784636830801e+02 1.484880432379084425e+02 2.427620998026892210e+02
3.915000000000000036e+00 1.765079898628665322e+00 2.110136162214335798e+02 1.489454258493208840e+02 2.434278820404880150e+02
3.919999999999999929e+00 1.766599557806353804e+00 2.115768996886407933e+02 1.494028694946071312e+02 2.440933305070125812e+02
3.925000000000000266e+00 1.768124097392861804e+00 2.121402239896158051e+02 1.498603570716868205e+02 2.447584306955832005e+02
3.930000000000000160e+00 1.769653583181507006e+00 2.127035943265733522e+02 1.503178967993148092e+02 2.454231893798074680e+02
3.935000000000000053e+00 1.771188081583099816e+00 2.132670574458206545e+02 1.507755305319860497e+02 2.460876815510720803e+02
3.939999999999999947e+00 1.772727659631656794e+00 2.138305950845525274e+02 1.512332336788344378e+02 2.467518748721228121e+02
3.945000000000000284e+00 1.774272384990179141e+00 2.143942394545668151e+02 1.516910354440256015e+02 2.474158168984395445e+02
3.950000000000000178e+00 1.775822325956536885e+00 2.149579975588338527e+02 1.521489365694959304e+02 2.480795107336566616e+02
3.955000000000000071e+00 1.777377551469432548e+00 2.155218785006899225e+02 1.526069412713698057e+02 2.487429731468155865e+02
3.959999999999999964e+00 1.778938131114458976e+00 2.160859168136524033e+02 1.530650887681366612e+02 2.494062678062833527e+02
3.965000000000000302e+00 1.780504135130244192e+00 2.166501019506986836e+02 1.535233510554667191e+02 2.500693521859467126e+02
3.970000000000000195e+00 1.782075634414699072e+00 2.172144588003974945e+02 1.539817557374477417e+02 2.507322799709772880e+02
3.975000000000000089e+00 1.783652700531359159e+00 2.177789919446468616e+02 1.544403058113052793e+02 2.513950652397908812e+02
3.979999999999999982e+00 1.785235405715812629e+00 2.183437243188511729e+02 1.548990063569894744e+02 2.520577105723555746e+02
3.984999999999999876e+00 1.786823822882243729e+00 2.189086772459581312e+02 1.553578946931775704e+02 2.527202865090994521e+02
3.990000000000000213e+00 1.788418025630066133e+00 2.194738567905374111e+02 1.558169555317817583e+02 2.533827683258906802e+02
3.995000000000000107e+00 1.790018088250662442e+00 2.200392729853167282e+02 1.562762017549345046e+02 2.540451921193422038e+02
4.000000000000000000e+00 1.791624085734228267e+00 2.206049445570265846e+02 1.567356491509541172e+02 2.547075796544922355e+02
