% raindrop T-matrix calculations using the code of Leinonen, J., "Python code for T-matrix scattering calculations". Available at https://github.com/jleinonen/pytmatrix/. 
% 
% refractive index calculations after Ray, P., 1972:  Broadband Complex Refractive Indices of Ice and Water, Appl. Opt. 11, 1836-1844 
% 
% raindrop aspect ratio estimated with the methodology of Brandes, Edward & Zhang, Guifu & Vivekanandan, Jothiram. (2005). Corrigendum. Journal of Applied Meteorology. 44. 186-. 10.1175/1520-0450(2005)44<186:C>2.0.CO;2. 
% 
% wave length: 22.043563 mm 
% temperature: 288.15 K 
% refractive index: 7.268869400024414062e+00 + 2.630106687545776367e+00 i 
% 
%r_eqv[mm]               axial ratio              ext[mm2]                 sca[mm2]                 back[mm2]
5.000000000000000104e-03 9.999900000999989436e-01 1.366669706474922864e-08 7.999980464106080766e-16 1.199988934978803697e-15
1.000000000000000021e-02 9.999900000999989436e-01 1.093623832823926549e-07 5.120023078624563107e-14 7.679825205799575127e-14
1.499999999999999944e-02 9.999900000999989436e-01 3.692602558235739837e-07 5.832094121009628623e-13 8.747603920027095221e-13
2.000000000000000042e-02 9.999900000999989436e-01 8.758224517467670771e-07 3.276905880273817284e-12 4.914821959410548444e-12
2.500000000000000139e-02 9.999900000999989436e-01 1.711945738492976959e-06 1.250066440405631549e-11 1.874779603732062891e-11
2.999999999999999889e-02 9.999900000999989436e-01 2.961107619583530436e-06 3.732773063658379820e-11 5.597783234927362650e-11
3.500000000000000333e-02 9.999900000999989436e-01 4.707514709481498553e-06 9.412942042072147254e-11 1.411468863860601820e-10
4.000000000000000083e-02 9.999900000999989436e-01 7.036249665579040749e-06 2.097452671648822872e-10 3.144803948054970977e-10
4.499999999999999833e-02 9.999900000999989436e-01 1.003342227969153757e-05 4.252305010383327772e-10 6.374929125201110725e-10
5.000000000000000278e-02 9.999900000999989436e-01 1.378632008070582116e-05 8.001813199088698309e-10 1.199452248770058036e-09
5.500000000000000028e-02 9.999900000999989436e-01 1.838356070697575318e-05 1.417639019570379611e-09 2.124701218096821161e-09
5.999999999999999778e-02 9.999900000999989436e-01 2.391524703043056621e-05 2.389572315367996239e-09 3.580833186124232288e-09
6.500000000000000222e-02 9.999900000999989436e-01 3.047312183325598563e-05 3.862940049697022266e-09 5.787721546606548638e-09
7.000000000000000666e-02 9.999900000999989436e-01 3.815072067396644553e-05 6.026334252487990044e-09 9.027399595708385509e-09
7.499999999999999722e-02 9.999900000999989436e-01 4.704353784497100377e-05 9.117206189919452025e-09 1.365479092262617407e-08
8.000000000000000167e-02 9.999900000999989436e-01 5.724919320312444508e-05 1.342967078469267809e-08 2.010927924317162284e-08
8.500000000000000611e-02 9.999900000999989436e-01 6.886757574954048100e-05 1.932289692295006548e-08 2.892712443522964694e-08
8.999999999999999667e-02 9.999900000999989436e-01 8.200102140134429580e-05 2.723008911047103115e-08 4.075472813516206910e-08
9.500000000000000111e-02 9.999900000999989436e-01 9.675448950591425303e-05 3.766803627992484951e-08 5.636270740576971304e-08
1.000000000000000056e-01 9.999900000999989436e-01 1.132357176539356634e-04 5.124726605834167163e-08 7.666082845412743582e-08
1.049999999999999961e-01 9.999900000999989436e-01 1.315553921394690051e-04 6.868279060015153593e-08 1.027137736070513869e-07
1.100000000000000006e-01 9.999900000999989436e-01 1.518273460993096883e-04 9.080541430223169644e-08 1.357576908544399634e-07
1.150000000000000050e-01 9.999900000999989436e-01 1.741687138230988460e-04 1.185736395620394884e-07 1.772175738749986982e-07
1.199999999999999956e-01 9.999900000999989436e-01 1.987001271601819389e-04 1.530862570682487046e-07 2.287255945705386184e-07
1.250000000000000000e-01 9.999900000999989436e-01 2.255458816463317155e-04 1.955953110723917125e-07 2.921399178169482799e-07
1.300000000000000044e-01 9.999900000999989436e-01 2.548341310513592244e-04 2.475199552642423879e-07 3.695647629352469796e-07
1.350000000000000089e-01 9.999900000999989436e-01 2.866971336202469027e-04 3.104605893010340879e-07 4.633707898293826892e-07
1.400000000000000133e-01 9.999900000999989436e-01 3.212712896785127115e-04 3.862139322473093062e-07 5.762167859383277382e-07
1.449999999999999900e-01 9.999900000999989436e-01 3.586975413107229148e-04 4.767884269684541981e-07 7.110717348694075517e-07
1.499999999999999944e-01 9.999900000999989436e-01 3.991214566428366107e-04 5.844202876960121313e-07 8.712377288216881087e-07
1.549999999999999989e-01 9.999900000999989436e-01 4.426934162510910752e-04 7.115903512879265470e-07 1.060373953661465080e-06
1.600000000000000033e-01 9.999900000999989436e-01 4.895688591193607343e-04 8.610413279688981009e-07 1.282521131310467114e-06
1.650000000000000078e-01 9.999900000999989436e-01 5.399085955705585499e-04 1.035795838449657010e-06 1.542126989162244915e-06
1.700000000000000122e-01 9.999900000999989436e-01 5.938787291466387326e-04 1.239174508378371728e-06 1.844071656866894751e-06
1.750000000000000167e-01 9.999900000999989436e-01 6.516513013513470327e-04 1.474816015033175968e-06 2.193695813327927338e-06
1.799999999999999933e-01 9.999900000999989436e-01 7.134040960568276959e-04 1.746695964651752798e-06 2.596826894668334197e-06
1.849999999999999978e-01 9.999900000999989436e-01 7.793211528479264015e-04 2.059147564152555786e-06 3.059807808364822030e-06
1.900000000000000022e-01 1.000338260324268314e+00 8.497769838705250935e-04 2.417506899476251766e-06 3.590463692394131395e-06
1.950000000000000067e-01 1.000344839311130496e+00 9.246187050860571292e-04 2.825758624555943673e-06 4.194562627703041258e-06
2.000000000000000111e-01 1.000357515291503407e+00 1.004221276129346405e-03 3.289976455101655476e-06 4.880980646144315604e-06
2.050000000000000155e-01 1.000376259251188893e+00 1.088796561195162337e-03 3.816150739578205988e-06 5.658435313251236314e-06
2.099999999999999922e-01 1.000401042453005207e+00 1.178563941451411714e-03 4.410743388064096912e-06 6.536315710837110826e-06
2.149999999999999967e-01 1.000431836433301802e+00 1.273750769088550800e-03 5.080712456369173156e-06 7.524715605320246954e-06
2.200000000000000011e-01 1.000468612998516083e+00 1.374592006033013066e-03 5.833536447183900911e-06 8.634465853877726658e-06
2.250000000000000056e-01 1.000511344221778787e+00 1.481331178008830126e-03 6.677240401834711702e-06 9.877169256104514049e-06
2.300000000000000100e-01 1.000560002439564444e+00 1.594220298395877377e-03 7.620423670041454235e-06 1.126523747408273769e-05
2.350000000000000144e-01 1.000614560248383578e+00 1.713520268621074229e-03 8.672287332559301955e-06 1.281192728848832803e-05
2.399999999999999911e-01 1.000674990501522643e+00 1.839500836675648458e-03 9.842658357831612966e-06 1.453137144991819429e-05
2.449999999999999956e-01 1.000741266305821942e+00 1.972441598119177575e-03 1.114202467111464467e-05 1.643862558469323388e-05
2.500000000000000000e-01 1.000813361018499714e+00 2.112631671190743406e-03 1.258155773231442577e-05 1.854969609202617443e-05
2.550000000000000044e-01 1.000891248244015541e+00 2.260370214772373324e-03 1.417314998540794318e-05 2.088158967245894523e-05
2.600000000000000089e-01 1.000974901830975039e+00 2.415966797038409091e-03 1.592944149985592360e-05 2.345234654181929692e-05
2.650000000000000133e-01 1.001064295869075416e+00 2.579741801648016176e-03 1.786384596835482110e-05 2.628107224451544193e-05
2.700000000000000178e-01 1.001159404686088994e+00 2.752026447082688444e-03 1.999059473000137794e-05 2.938799552064443404e-05
2.750000000000000222e-01 1.001260202844886926e+00 2.933163450047657043e-03 2.232476553441173236e-05 3.279450370593429449e-05
2.800000000000000266e-01 1.001366665140501100e+00 3.123507158576888793e-03 2.488231230970011450e-05 3.652317826516050239e-05
2.850000000000000311e-01 1.001478766597222014e+00 3.323424446526758880e-03 2.768010355004977999e-05 4.059784345750466381e-05
2.899999999999999800e-01 1.001596482465736404e+00 3.533294193593088800e-03 3.073595778972336299e-05 4.504360967766377104e-05
2.949999999999999845e-01 1.001719788220298835e+00 3.753508288763801083e-03 3.406867484116058657e-05 4.988690998201971219e-05
2.999999999999999889e-01 1.001848659555939935e+00 3.984471620716603830e-03 3.769808816751326545e-05 5.515556795763689742e-05
3.049999999999999933e-01 1.001983072385710605e+00 4.226603202658258014e-03 4.164507675006525221e-05 6.087880398629940629e-05
3.099999999999999978e-01 1.002123002837959964e+00 4.480335528869395546e-03 4.593163591709815898e-05 6.708732918934107268e-05
3.150000000000000022e-01 1.002268427253648841e+00 4.746116104547712378e-03 5.058088350084504787e-05 7.381334277130554048e-05
3.200000000000000067e-01 1.002419322183694117e+00 5.024406835683473301e-03 5.561712851400758150e-05 8.109062077868245757e-05
3.250000000000000111e-01 1.002575664386349930e+00 5.315685053529881597e-03 6.106588826967347227e-05 8.895452899833146995e-05
3.300000000000000155e-01 1.002737430824617970e+00 5.620444064202327963e-03 6.695396294232668717e-05 9.744211821424453865e-05
3.350000000000000200e-01 1.002904598663692415e+00 5.939192946870189282e-03 7.330944612721768659e-05 1.065921271074118476e-04
3.400000000000000244e-01 1.003077145268434833e+00 6.272458004121058382e-03 8.016177322325890623e-05 1.164450370655214698e-04
3.450000000000000289e-01 1.003255048200880628e+00 6.620782576547796019e-03 8.754178046596851261e-05 1.270431443803453494e-04
3.500000000000000333e-01 1.003438285217776782e+00 6.984727242245629408e-03 9.548176944791047333e-05 1.384306390368716651e-04
3.549999999999999822e-01 1.003626834268148693e+00 7.364870586348072450e-03 1.040154879402283825e-04 1.506535587456009437e-04
3.599999999999999867e-01 1.003820673490896542e+00 7.761811462138923021e-03 1.131782614877831878e-04 1.637599651142955580e-04
3.649999999999999911e-01 1.004019781212422524e+00 8.176165484155142188e-03 1.230069334596726170e-04 1.777998363627139719e-04
3.699999999999999956e-01 1.004224135944284502e+00 8.608569402112797864e-03 1.335400637954842207e-04 1.928253407474709409e-04
3.750000000000000000e-01 1.004433716380879638e+00 9.059680896206978931e-03 1.448178492945454636e-04 2.088906993402091835e-04
3.800000000000000044e-01 1.004648501397155336e+00 9.530177158010967944e-03 1.568822085000103137e-04 2.260522881654772082e-04
3.850000000000000089e-01 1.004868470046347273e+00 1.002075692755700909e-02 1.697768765571987422e-04 2.443687569279507266e-04
3.900000000000000133e-01 1.005093601557745631e+00 1.053214222936474029e-02 1.835474428118597672e-04 2.639010612144457096e-04
3.950000000000000178e-01 1.005323875334485528e+00 1.106507605660185002e-02 1.982413811759612256e-04 2.847124814710314000e-04
4.000000000000000222e-01 1.005559270951367434e+00 1.162032592620183651e-02 2.139080527090562350e-04 3.068686048892552381e-04
4.050000000000000266e-01 1.005799768152698448e+00 1.219868349094557942e-02 2.305989354318421379e-04 3.304376337321848875e-04
4.100000000000000311e-01 1.006045346850164002e+00 1.280096283525341584e-02 2.483675385779512143e-04 3.554902382797496909e-04
4.150000000000000355e-01 1.006295987120720881e+00 1.342800557246679599e-02 2.672694819093841346e-04 3.820996359053847207e-04
4.199999999999999845e-01 1.006551669204517108e+00 1.408067908231082702e-02 2.873625227439613895e-04 4.103416133962982664e-04
4.249999999999999889e-01 1.006812373502834479e+00 1.475987496344687532e-02 3.087068243558066072e-04 4.402948809850266662e-04
4.299999999999999933e-01 1.007078080576055967e+00 1.546651521077544063e-02 3.313646638063786872e-04 4.720406207403291606e-04
4.349999999999999978e-01 1.007348771141657329e+00 1.620154767153163602e-02 3.554008580177245974e-04 5.056630729884584305e-04
4.400000000000000022e-01 1.007624426072219359e+00 1.696595109140899144e-02 3.808825811966711156e-04 5.412492388121480568e-04
4.450000000000000067e-01 1.007905026393466796e+00 1.776073133082545566e-02 4.078794893790428124e-04 5.788890309364747022e-04
4.500000000000000111e-01 1.008190553282325652e+00 1.858692595626690314e-02 4.364639291770040547e-04 6.186755380096076304e-04
4.550000000000000155e-01 1.008480988065006079e+00 1.944560433177879369e-02 4.667108767708940688e-04 6.607049026880873867e-04
4.600000000000000200e-01 1.008776312215104998e+00 2.033786710857993923e-02 4.986978460800816325e-04 7.050761562905965771e-04
4.650000000000000244e-01 1.009076507351731156e+00 2.126484881977690200e-02 5.325053322668186172e-04 7.518918130863034470e-04
4.700000000000000289e-01 1.009381555237651273e+00 2.222771452091940395e-02 5.682165916791382700e-04 8.012575201325700331e-04
4.750000000000000333e-01 1.009691437777457068e+00 2.322766897976630968e-02 6.059179481066811427e-04 8.532824704497703064e-04
4.799999999999999822e-01 1.010006137015752481e+00 2.426594752724016424e-02 6.456985430911684962e-04 9.080789836291977210e-04
4.849999999999999867e-01 1.010325635135361333e+00 2.534382610355480347e-02 6.876507419674729666e-04 9.657630507452465629e-04
4.899999999999999911e-01 1.010649914455556075e+00 2.646261451754453736e-02 7.318701433493841457e-04 1.026454322085760618e-03
4.949999999999999956e-01 1.010978957430304748e+00 2.762366322638477173e-02 7.784553747360366347e-04 1.090275764449319743e-03
5.000000000000000000e-01 1.011312746646537475e+00 2.882836247129206761e-02 8.275085425680208046e-04 1.157354242216302983e-03
5.050000000000000044e-01 1.011651264822433394e+00 3.007814314404476039e-02 8.791352370073412343e-04 1.227820506121571646e-03
5.100000000000000089e-01 1.011994494805724676e+00 3.137447263182219226e-02 9.334444130665111878e-04 1.301808969938317165e-03
5.150000000000000133e-01 1.012342419572020980e+00 3.271886730998369019e-02 9.905487770596416251e-04 1.379458193568938945e-03
5.200000000000000178e-01 1.012695022223150554e+00 3.411288258217805291e-02 1.050564465049160781e-03 1.460910401427890437e-03
5.250000000000000222e-01 1.013052285985520662e+00 3.555812458721518271e-02 1.113611548432337549e-03 1.546312162012815263e-03
5.300000000000000266e-01 1.013414194208494434e+00 3.705623684524680245e-02 1.179814150800500942e-03 1.635814462464933510e-03
5.350000000000000311e-01 1.013780730362787486e+00 3.860891692789456681e-02 1.249300079771257588e-03 1.729572182137166427e-03
5.400000000000000355e-01 1.014151878038878962e+00 4.021790659344981478e-02 1.322201138595991516e-03 1.827744422757141430e-03
5.450000000000000400e-01 1.014527620945441466e+00 4.188499831146604707e-02 1.398653469078195910e-03 1.930495038968843948e-03
5.500000000000000444e-01 1.014907942907788518e+00 4.361203703440072466e-02 1.478797685231978808e-03 2.037992674825630894e-03
5.550000000000000488e-01 1.015292827866336012e+00 4.540091858895858867e-02 1.562778458623243025e-03 2.150410170453509549e-03
5.600000000000000533e-01 1.015682259875082316e+00 4.725358628420624901e-02 1.650744557812707262e-03 2.267924557373150827e-03
5.650000000000000577e-01 1.016076223100103704e+00 4.917204759343953013e-02 1.742850093827790154e-03 2.390718789753003889e-03
5.700000000000000622e-01 1.016474701818065096e+00 5.115835927141165057e-02 1.839253820300771215e-03 2.518980664048376707e-03
5.750000000000000666e-01 1.016877680414747243e+00 5.321463895298220170e-02 1.940118336243967139e-03 2.652901620493287437e-03
5.799999999999999600e-01 1.017285143383589441e+00 5.534305522784354475e-02 2.045612250800588668e-03 2.792679791503322687e-03
5.849999999999999645e-01 1.017697075324246692e+00 5.754584929236546131e-02 2.155908528079513060e-03 2.938517613064008712e-03
5.899999999999999689e-01 1.018113460941162618e+00 5.982531499336186942e-02 2.271185507769480760e-03 3.090623144821655344e-03
5.949999999999999734e-01 1.018534285042156151e+00 6.218381049884909306e-02 2.391626706458472446e-03 3.249209835583620389e-03
5.999999999999999778e-01 1.018959532537025314e+00 6.462375501840547654e-02 2.517421634108411767e-03 3.414497435452891472e-03
6.049999999999999822e-01 1.019389188436160998e+00 6.714764219316228522e-02 2.648764210784258603e-03 3.586709981584705869e-03
6.099999999999999867e-01 1.019823237849180497e+00 6.975802827153111674e-02 2.785854582228673194e-03 3.766078013888638897e-03
6.149999999999999911e-01 1.020261665983570154e+00 7.245753400665119748e-02 2.928898944713403951e-03 3.952838474334712318e-03
6.199999999999999956e-01 1.020704458143344873e+00 7.524885798347369370e-02 3.078108961778471073e-03 4.147233751333058438e-03
6.250000000000000000e-01 1.021151599727719406e+00 7.813476659096531274e-02 3.233703012169191100e-03 4.349513383159363776e-03
6.300000000000000044e-01 1.021603076229795626e+00 8.111810392701811201e-02 3.395904381825397625e-03 4.559931528576867746e-03
6.350000000000000089e-01 1.022058873235258902e+00 8.420178539406328322e-02 3.564943759805147289e-03 4.778750233853225858e-03
6.400000000000000133e-01 1.022518976421092685e+00 8.738880767334390731e-02 3.741058227819819663e-03 5.006238225113097094e-03
6.450000000000000178e-01 1.022983371554301524e+00 9.068223526282249980e-02 3.924491389810070077e-03 5.242670920315984501e-03
6.500000000000000222e-01 1.023452044490649859e+00 9.408522727983170686e-02 4.115493540820029834e-03 5.488330513637855804e-03
6.550000000000000266e-01 1.023924981173411908e+00 9.760102090621032567e-02 4.314321772300610917e-03 5.743506229519876848e-03
6.600000000000000311e-01 1.024402167632133542e+00 1.012329310247913755e-01 4.521241075064001518e-03 6.008495788650894572e-03
6.650000000000000355e-01 1.024883589981409493e+00 1.049843676390342234e-01 4.736521712529364117e-03 6.283601700650939814e-03
6.700000000000000400e-01 1.025369234419667430e+00 1.088588251601791679e-01 4.960444046952633239e-03 6.569137965983119949e-03
6.750000000000000444e-01 1.025859087227968924e+00 1.128598727756455200e-01 5.193294041124381887e-03 6.865423601473167117e-03
6.800000000000000488e-01 1.026353134768820174e+00 1.169911945514796048e-01 5.435367250512533437e-03 7.172788673830867226e-03
6.850000000000000533e-01 1.026851363484993174e+00 1.212565458921494865e-01 5.686965034173431868e-03 7.491568418910880475e-03
6.900000000000000577e-01 1.027353759898360641e+00 1.256598037914207766e-01 5.948397762885720974e-03 7.822107812962754425e-03
6.950000000000000622e-01 1.027860310608740946e+00 1.302049066005436240e-01 6.219986091931874704e-03 8.164763768065056229e-03
7.000000000000000666e-01 1.028371002292754355e+00 1.348959210727162794e-01 6.502055857462028972e-03 8.519897651451538781e-03
7.049999999999999600e-01 1.028885821702690384e+00 1.397369988215687309e-01 6.794943572301864222e-03 8.887882827375135145e-03
7.099999999999999645e-01 1.029404755665387139e+00 1.447323961353666477e-01 7.098994551203675549e-03 9.269102373717251139e-03
7.149999999999999689e-01 1.029927791081118427e+00 1.498864712065886284e-01 7.414563035660468385e-03 9.663949135264989984e-03
7.199999999999999734e-01 1.030454914922495746e+00 1.552036971611785998e-01 7.742012431200540924e-03 1.007282590820573510e-02
7.249999999999999778e-01 1.030986114233377604e+00 1.606886420253934300e-01 8.081716732609186063e-03 1.049614778899204265e-02
7.299999999999999822e-01 1.031521376127789047e+00 1.663459887527776182e-01 8.434058301169203645e-03 1.093433902259707130e-02
7.349999999999999867e-01 1.032060687788854958e+00 1.721805255880515806e-01 8.799430555970664050e-03 1.138783645796466459e-02
7.399999999999999911e-01 1.032604036467738684e+00 1.781971691381447065e-01 9.178235600744863443e-03 1.185708675895453396e-02
7.449999999999999956e-01 1.033151409482594651e+00 1.844009273811659244e-01 9.570887083479955731e-03 1.234255037304688232e-02
7.500000000000000000e-01 1.033702794217528753e+00 1.907969405542022934e-01 9.977810504988858173e-03 1.284470157278563666e-02
7.550000000000000044e-01 1.034258178121568061e+00 1.973904640161709689e-01 1.039944078110920621e-02 1.336402608946766872e-02
7.600000000000000089e-01 1.034817548707643198e+00 2.041868676653402770e-01 1.083622519081797568e-02 1.390102438375341413e-02
7.650000000000000133e-01 1.035380893551575587e+00 2.111916240836429481e-01 1.128861929821416664e-02 1.445620655565075206e-02
7.700000000000000178e-01 1.035948200291078702e+00 2.184103735571608640e-01 1.175709603673199405e-02 1.503010526349727281e-02
7.750000000000000222e-01 1.036519456624765523e+00 2.258488453498489756e-01 1.224213413240266696e-02 1.562325938706702992e-02
7.800000000000000266e-01 1.037094650311166655e+00 2.335129039611371637e-01 1.274423037148720954e-02 1.623623148047027495e-02
7.850000000000000311e-01 1.037673769167756666e+00 2.414085088575117499e-01 1.326388916843626239e-02 1.686959380530495337e-02
7.900000000000000355e-01 1.038256801069989743e+00 2.495418018230378954e-01 1.380163068466090139e-02 1.752393886056451133e-02
7.950000000000000400e-01 1.038843733950345127e+00 2.579190124211195867e-01 1.435798625012575311e-02 1.819987455380865302e-02
8.000000000000000444e-01 1.039434555797379867e+00 2.665464928711189785e-01 1.493350361994627215e-02 1.889803114688582905e-02
8.050000000000000488e-01 1.040029254654790458e+00 2.754307766938029478e-01 1.552874244682142177e-02 1.961905433940693347e-02
8.100000000000000533e-01 1.040627818620484257e+00 2.845784599984726437e-01 1.614427782574694506e-02 2.036361208860414107e-02
8.150000000000000577e-01 1.041230235845658436e+00 2.939963200813595079e-01 1.678069547023346500e-02 2.113238782708816432e-02
8.200000000000000622e-01 1.041836494533886492e+00 3.036912433623325525e-01 1.743859885296411907e-02 2.192608981749999061e-02
8.250000000000000666e-01 1.042446582940215416e+00 3.136702242348674563e-01 1.811860617572572107e-02 2.274544836905827497e-02
8.300000000000000711e-01 1.043060489370268407e+00 3.239404327394858618e-01 1.882134702662010758e-02 2.359121103313983198e-02
8.349999999999999645e-01 1.043678202179357140e+00 3.345091605141932156e-01 1.954747754070810389e-02 2.446416494933617916e-02
8.399999999999999689e-01 1.044299709771603135e+00 3.453838206769405672e-01 2.029766230343484426e-02 2.536511077603894812e-02
8.449999999999999734e-01 1.044925000599063569e+00 3.565719226840410316e-01 2.107257387883604977e-02 2.629486433621229871e-02
8.499999999999999778e-01 1.045554063160868408e+00 3.680811561078935479e-01 2.187292089601416967e-02 2.725429436154019891e-02
8.549999999999999822e-01 1.046186886002363758e+00 3.799193064336726655e-01 2.269941730131179100e-02 2.824428233669699570e-02
8.599999999999999867e-01 1.046823457714263217e+00 3.920943012473915856e-01 2.355278963633581496e-02 2.926573123341118243e-02
8.649999999999999911e-01 1.047463766931806317e+00 4.046141956870721867e-01 2.443379451041817821e-02 3.031959176629784800e-02
8.699999999999999956e-01 1.048107802333925420e+00 4.174871595323347839e-01 2.534320249691476151e-02 3.140684151047009459e-02
8.750000000000000000e-01 1.048755552642418598e+00 4.307215048414874126e-01 2.628179816513650027e-02 3.252848304022337017e-02
8.800000000000000044e-01 1.049407006621131844e+00 4.443255778207035878e-01 2.725039339126876514e-02 3.368556630296361959e-02
8.850000000000000089e-01 1.050062153075147497e+00 4.583079600810834320e-01 2.824981521771001772e-02 3.487917018493123106e-02
8.900000000000000133e-01 1.050720980849978670e+00 4.726772538431414095e-01 2.928090516052409345e-02 3.611040525477858532e-02
8.950000000000000178e-01 1.051383478830772988e+00 4.874422288666756531e-01 3.034453427698200964e-02 3.738043166825222308e-02
9.000000000000000222e-01 1.052049635941522787e+00 5.026117374487265588e-01 3.144158920761181558e-02 3.869044521188835795e-02
9.050000000000000266e-01 1.052719441144281065e+00 5.181946709969721399e-01 3.257298707317349967e-02 4.004169605832906542e-02
9.100000000000000311e-01 1.053392883438386107e+00 5.342001500752404652e-01 3.373965196622906448e-02 4.143545785740979787e-02
9.150000000000000355e-01 1.054069951859691656e+00 5.506372279970219719e-01 3.494254420933173150e-02 4.287307198105948236e-02
9.200000000000000400e-01 1.054750635479804632e+00 5.675151996866536486e-01 3.618263148895205228e-02 4.435590358490107410e-02
9.250000000000000444e-01 1.055434923405329073e+00 5.848433097886575061e-01 3.746092432632192049e-02 4.588539798267703834e-02
9.300000000000000488e-01 1.056122804777117841e+00 6.026309400540884598e-01 3.877843579950886882e-02 4.746302385247694322e-02
9.350000000000000533e-01 1.056814268769528553e+00 6.208874829605941503e-01 4.013622343837761758e-02 4.909032903708136081e-02
9.400000000000000577e-01 1.057509304589689725e+00 6.396225131700085109e-01 4.153535343922942075e-02 5.076889853254748508e-02
9.450000000000000622e-01 1.058207901476769797e+00 6.588454464744638583e-01 4.297692622696137194e-02 5.250039047449090585e-02
9.500000000000000666e-01 1.058910048701254603e+00 6.785659093270424158e-01 4.446206280839228725e-02 5.428651383860477048e-02
9.550000000000000711e-01 1.059615735564230832e+00 6.987934771689456870e-01 4.599191461651694346e-02 5.612904935481415059e-02
9.599999999999999645e-01 1.060324951396675930e+00 7.195377884574951644e-01 4.756765383871792985e-02 5.802983488319343047e-02
9.649999999999999689e-01 1.061037685558753330e+00 7.408084423466516633e-01 4.919049027528293178e-02 5.999079303786137435e-02
9.699999999999999734e-01 1.061753927439116119e+00 7.626150764812562599e-01 5.086164934657252251e-02 6.201389991482460923e-02
9.749999999999999778e-01 1.062473666454213594e+00 7.849672588204849033e-01 5.258238296098984715e-02 6.410120444728957534e-02
9.799999999999999822e-01 1.063196892047607145e+00 8.078746370313395486e-01 5.435399047930007665e-02 6.625485827889972257e-02
9.849999999999999867e-01 1.063923593689290348e+00 8.313466277629713019e-01 5.617777968642506670e-02 6.847706265212891164e-02
9.899999999999999911e-01 1.064653760875015509e+00 8.553928086519404506e-01 5.805509436742669477e-02 7.077011421364234889e-02
9.949999999999999956e-01 1.065387383125626419e+00 8.800225375852540610e-01 5.998732044543094583e-02 7.313640727387644980e-02
1.000000000000000000e+00 1.066124449986396217e+00 9.052451583646037303e-01 6.197586067058812043e-02 7.557840919625329057e-02
1.005000000000000115e+00 1.066864951026373021e+00 9.310693533613579875e-01 6.402227460928949787e-02 7.809887336304960348e-02
1.010000000000000009e+00 1.067608875837728233e+00 9.575046345959697947e-01 6.612792346915814801e-02 8.070028766719118674e-02
1.015000000000000124e+00 1.068356214035114826e+00 9.845599848949695421e-01 6.829430265960050039e-02 8.338539986189964781e-02
1.020000000000000018e+00 1.069106955255026969e+00 1.012244300135188402e+00 7.052293913539600667e-02 8.615705672294321493e-02
1.024999999999999911e+00 1.069861089155168976e+00 1.040566086899896048e+00 7.281540517359189058e-02 8.901822594481395567e-02
1.030000000000000027e+00 1.070618605413826918e+00 1.069533858136419990e+00 7.517330641124804480e-02 9.197198502031643519e-02
1.034999999999999920e+00 1.071379493729249344e+00 1.099155801575632863e+00 7.759825135088116443e-02 9.502147826058496283e-02
1.040000000000000036e+00 1.072143743819029771e+00 1.129439993395188413e+00 8.009192710824156181e-02 9.817002446803332893e-02
1.044999999999999929e+00 1.072911345419497398e+00 1.160394098759940817e+00 8.265603865364287706e-02 1.014210367458523304e-01
1.050000000000000044e+00 1.073682288285112474e+00 1.192025541833696467e+00 8.529230976364814143e-02 1.047780262013003477e-01
1.054999999999999938e+00 1.074456562187866782e+00 1.224341602123252493e+00 8.800249910176943802e-02 1.082446269700869657e-01
1.060000000000000053e+00 1.075234156916690775e+00 1.257349044126841120e+00 9.078844635262139917e-02 1.118246632770953791e-01
1.064999999999999947e+00 1.076015062276864054e+00 1.291054464888205189e+00 9.365196356795156551e-02 1.155219999993828683e-01
1.070000000000000062e+00 1.076799268089433603e+00 1.325463975400021699e+00 9.659494566210059807e-02 1.193406982045053244e-01
1.074999999999999956e+00 1.077586764190635593e+00 1.360583406427801956e+00 9.961930755410210170e-02 1.232849344110103079e-01
1.080000000000000071e+00 1.078377540431322945e+00 1.396417966061819893e+00 1.027269987959189140e-01 1.273590167247246052e-01
1.084999999999999964e+00 1.079171586676399119e+00 1.432972721417408835e+00 1.059200066235857912e-01 1.315674023746034871e-01
1.090000000000000080e+00 1.079968892804255898e+00 1.470252035032103555e+00 1.092003351606846001e-01 1.359146563572113664e-01
1.094999999999999973e+00 1.080769448706216718e+00 1.508259991822827883e+00 1.125700789167874277e-01 1.404055680683153340e-01
1.100000000000000089e+00 1.081573244285985780e+00 1.547000050580410901e+00 1.160313341369855478e-01 1.450450253529549649e-01
1.104999999999999982e+00 1.082380269459101152e+00 1.586475257587974586e+00 1.195862145759849365e-01 1.498380394151375694e-01
1.110000000000000098e+00 1.083190514152395201e+00 1.626687903378582156e+00 1.232369247930876488e-01 1.547898497580455224e-01
1.114999999999999991e+00 1.084003968303457022e+00 1.667639892865293127e+00 1.269856523041222318e-01 1.599057711150721206e-01
1.120000000000000107e+00 1.084820621860102863e+00 1.709332552635564051e+00 1.308346588231969754e-01 1.651913315215533806e-01
1.125000000000000000e+00 1.085640464779849657e+00 1.751766562088481027e+00 1.347862429591654698e-01 1.706522065176368508e-01
1.130000000000000115e+00 1.086463487029394992e+00 1.794941809040046410e+00 1.388426991260335308e-01 1.762941840403370042e-01
1.135000000000000009e+00 1.087289678584100638e+00 1.838857878080020214e+00 1.430064216262395549e-01 1.821232924417910126e-01
1.140000000000000124e+00 1.088119029427482509e+00 1.883513431707881658e+00 1.472797785116104208e-01 1.881456331300458695e-01
1.145000000000000018e+00 1.088951529550704622e+00 1.928906636210734771e+00 1.516652376334111096e-01 1.943675554767528013e-01
1.150000000000000133e+00 1.089787168952079055e+00 1.975034659543640103e+00 1.561652794570062008e-01 2.007955398763043298e-01
1.155000000000000027e+00 1.090625937636568565e+00 2.021894307398642177e+00 1.607823824448663397e-01 2.074361722191517821e-01
1.159999999999999920e+00 1.091467825615297427e+00 2.069481542986509215e+00 1.655191028859919755e-01 2.142962528599731409e-01
1.165000000000000036e+00 1.092312822905064262e+00 2.117791539952204261e+00 1.703780527828845093e-01 2.213827769974689164e-01
1.169999999999999929e+00 1.093160919527861763e+00 2.166818878001969928e+00 1.753618392625225231e-01 2.287028348496591701e-01
1.175000000000000044e+00 1.094012105510399513e+00 2.216557207447964029e+00 1.804731018021921152e-01 2.362636732138136963e-01
1.179999999999999938e+00 1.094866370883633921e+00 2.266999714830067791e+00 1.857145631374424455e-01 2.440727603859507711e-01
1.185000000000000053e+00 1.095723705682299487e+00 2.318138478559677473e+00 1.910889313944985068e-01 2.521376503153221482e-01
1.189999999999999947e+00 1.096584099944449830e+00 2.369964997895859238e+00 1.965989738957748811e-01 2.604660795760059822e-01
1.195000000000000062e+00 1.097447543710998508e+00 2.422470338370946497e+00 2.022474975717462597e-01 2.690659456718166864e-01
1.199999999999999956e+00 1.098314027025267592e+00 2.475644586551371429e+00 2.080373399684971036e-01 2.779452791580042659e-01
1.205000000000000071e+00 1.099183539932540254e+00 2.529476861664916587e+00 2.139713430953919804e-01 2.871122175122663989e-01
1.209999999999999964e+00 1.100056072479618674e+00 2.583955781685592257e+00 2.200524367714977170e-01 2.965751129947177267e-01
1.215000000000000080e+00 1.100931614714385054e+00 2.639069693178857978e+00 2.262835127063300145e-01 3.063423445835409265e-01
1.219999999999999973e+00 1.101810156685369746e+00 2.694805380985446863e+00 2.326675859514903411e-01 3.164225595840950422e-01
1.225000000000000089e+00 1.102691688441321372e+00 2.751149777084529902e+00 2.392076377381966434e-01 3.268244270051077760e-01
1.229999999999999982e+00 1.103576200030784493e+00 2.808088626770298024e+00 2.459067010077168325e-01 3.375567700944883121e-01
1.235000000000000098e+00 1.104463681501680172e+00 2.865607515145870643e+00 2.527678457675752166e-01 3.486285261516688383e-01
1.239999999999999991e+00 1.105354122900890967e+00 2.923691049244210305e+00 2.597941151969289653e-01 3.600486662251907721e-01
1.245000000000000107e+00 1.106247514273852595e+00 2.982323671043299651e+00 2.669886975441443933e-01 3.718264218382053010e-01
1.250000000000000000e+00 1.107143845664148030e+00 3.041488957947823479e+00 2.743547245956204361e-01 3.839709978204397522e-01
1.255000000000000115e+00 1.108043107113107384e+00 3.101169899163779498e+00 2.818954147795496024e-01 3.964917740265759827e-01
1.260000000000000009e+00 1.108945288659413109e+00 3.161349740523113017e+00 2.896139158599744801e-01 4.093980545338596899e-01
1.265000000000000124e+00 1.109850380338708309e+00 3.222010498289761049e+00 2.975135631389814184e-01 4.226994667517994797e-01
1.270000000000000018e+00 1.110758372183210829e+00 3.283134345388826869e+00 3.055975591375758027e-01 4.364054546901601217e-01
1.275000000000000133e+00 1.111669254221331116e+00 3.344702915927840525e+00 3.138692494853556614e-01 4.505257004871554005e-01
1.280000000000000027e+00 1.112583016477296738e+00 3.406697841839185337e+00 3.223318979358920089e-01 4.650697697735458047e-01
1.284999999999999920e+00 1.113499648970778022e+00 3.469100171249185571e+00 3.309890313866459266e-01 4.800476338216117522e-01
1.290000000000000036e+00 1.114419141716522343e+00 3.531891000813743187e+00 3.398439126117215325e-01 4.954688595756026603e-01
1.294999999999999929e+00 1.115341484723989307e+00 3.595051275172245653e+00 3.489000150634131159e-01 5.113433223819179307e-01
1.300000000000000044e+00 1.116266667996994588e+00 3.658561827200514038e+00 3.581607835794143879e-01 5.276808366100742553e-01
1.304999999999999938e+00 1.117194681533353773e+00 3.722403555590464652e+00 3.676296952450714417e-01 5.444912404714026266e-01
1.310000000000000053e+00 1.118125515324534858e+00 3.786557352308470126e+00 3.773102594643728547e-01 5.617843871244435627e-01
1.314999999999999947e+00 1.119059159355313193e+00 3.851004551326881575e+00 3.872060913112511660e-01 5.795702517941196952e-01
1.320000000000000062e+00 1.119995603603431533e+00 3.915725846676666677e+00 3.973206901289440540e-01 5.978585950484598399e-01
1.324999999999999956e+00 1.120934838039265857e+00 3.980703017713806524e+00 4.076577436102859497e-01 6.166593993448915567e-01
1.330000000000000071e+00 1.121876852625492305e+00 4.045917623331736657e+00 4.182208292798657023e-01 6.359824269021149279e-01
1.334999999999999964e+00 1.122821637316764765e+00 4.111351620479267943e+00 4.290136976788228029e-01 6.558376390970753755e-01
1.340000000000000080e+00 1.123769182059389804e+00 4.176987554466486507e+00 4.400399346783846477e-01 6.762346596742807581e-01
1.344999999999999973e+00 1.124719476791012696e+00 4.242808038389330072e+00 4.513034320561374324e-01 6.971835286790684094e-01
1.350000000000000089e+00 1.125672511440304557e+00 4.308796724442524706e+00 4.628078552774040899e-01 7.186938280760087894e-01
1.354999999999999982e+00 1.126628275926654377e+00 4.374937038503483144e+00 4.745570313405558238e-01 7.407753131186182172e-01
1.360000000000000098e+00 1.127586760159866808e+00 4.441213723559471305e+00 4.865549199810253467e-01 7.634378507644122847e-01
1.364999999999999991e+00 1.128547954039863965e+00 4.507611750194501887e+00 4.988052963787499849e-01 7.866909184329546889e-01
1.370000000000000107e+00 1.129511847456391438e+00 4.574116945735910988e+00 5.113120480430620729e-01 8.105440464350651686e-01
1.375000000000000000e+00 1.130478430288730518e+00 4.640715701274982230e+00 5.240792626495174300e-01 8.350070079266110890e-01
1.380000000000000115e+00 1.131447692405412875e+00 4.707395592668975226e+00 5.371109283836188464e-01 8.600892694823116802e-01
1.385000000000000009e+00 1.132419623663941444e+00 4.774144325543251632e+00 5.504109923228863721e-01 8.858001436258451378e-01
1.390000000000000124e+00 1.133394213910515980e+00 4.840951331255336498e+00 5.639836230877955936e-01 9.121491412654865183e-01
1.395000000000000018e+00 1.134371452979762385e+00 4.907805947687957193e+00 5.778329357934050003e-01 9.391456300619140940e-01
1.400000000000000133e+00 1.135351330694467364e+00 4.974698722285435970e+00 5.919630265292440408e-01 9.667987408692997331e-01
1.405000000000000027e+00 1.136333836865317526e+00 5.041621811605102366e+00 6.063783075263361466e-01 9.951180527689991173e-01
1.409999999999999920e+00 1.137318961290643582e+00 5.108567404725075534e+00 6.210828140677971954e-01 1.024112391670765065e+00
1.415000000000000036e+00 1.138306693756168331e+00 5.175529612277121494e+00 6.360810709099331550e-01 1.053791197505553834e+00
1.419999999999999929e+00 1.139297024034760630e+00 5.242502171403853772e+00 6.513772917341839053e-01 1.084163371818953170e+00
1.425000000000000044e+00 1.140289941886192482e+00 5.309481492920837375e+00 6.669759705353223156e-01 1.115238051714485534e+00
1.429999999999999938e+00 1.141285437056903218e+00 5.376463909812494002e+00 6.828815375184283942e-01 1.147024200271477223e+00
1.435000000000000053e+00 1.142283499279765024e+00 5.443447596974623437e+00 6.990984894644203251e-01 1.179530694240491506e+00
1.439999999999999947e+00 1.143284118273856675e+00 5.510430124005705643e+00 7.156314111706642000e-01 1.212766548687534973e+00
1.445000000000000062e+00 1.144287283744239936e+00 5.577411943441874520e+00 7.324850191528859966e-01 1.246740739643153351e+00
1.449999999999999956e+00 1.145292985381740625e+00 5.644393747622084234e+00 7.496638446822361246e-01 1.281461894680005598e+00
1.455000000000000071e+00 1.146301212862736563e+00 5.711377238835228631e+00 7.671727379248769463e-01 1.316938996268879558e+00
1.459999999999999964e+00 1.147311955848947074e+00 5.778365306140940127e+00 7.850163634605128449e-01 1.353180626590935409e+00
1.465000000000000080e+00 1.148325203987230259e+00 5.845361835561828201e+00 8.031997308587378592e-01 1.390195826233907805e+00
1.469999999999999973e+00 1.149340946909383598e+00 5.912372115594764388e+00 8.217276554722305892e-01 1.427993145864711488e+00
1.475000000000000089e+00 1.150359174231948334e+00 5.979401707466870164e+00 8.406050931295661055e-01 1.466581327577691773e+00
1.479999999999999982e+00 1.151379875556021837e+00 6.046457340697692473e+00 8.598370864153811466e-01 1.505969098361740199e+00
1.485000000000000098e+00 1.152403040467071982e+00 6.113547292515039366e+00 8.794287791711572488e-01 1.546165309377453889e+00
1.489999999999999991e+00 1.153428658534756623e+00 6.180679873804197477e+00 8.993852527855293877e-01 1.587178512480206916e+00
1.495000000000000107e+00 1.154456719312749513e+00 6.247865333455618675e+00 9.197117128780977202e-01 1.629017451833447483e+00
1.500000000000000000e+00 1.155487212338569769e+00 6.315113858153248216e+00 9.404134016374907645e-01 1.671690757577453335e+00
1.505000000000000115e+00 1.156520127133416675e+00 6.382437279851801648e+00 9.614957787745368467e-01 1.715207425339363434e+00
1.510000000000000009e+00 1.157555453202008700e+00 6.449848087498437188e+00 9.829642815391981259e-01 1.759576244484762242e+00
1.515000000000000124e+00 1.158593180032429393e+00 6.517359237781736425e+00 1.004824095998501976e+00 1.804805545824963664e+00
1.520000000000000018e+00 1.159633297095975069e+00 6.584985013599647274e+00 1.027081047453371143e+00 1.850904661431010734e+00
1.525000000000000133e+00 1.160675793847010029e+00 6.652739847033067200e+00 1.049740588059565827e+00 1.897882185830580326e+00
1.530000000000000027e+00 1.161720659722826676e+00 6.720639262554680471e+00 1.072808271106127975e+00 1.945746811955508360e+00
1.535000000000000142e+00 1.162767884143507846e+00 6.788699910202198318e+00 1.096289971838771304e+00 1.994507750213719399e+00
1.540000000000000036e+00 1.163817456511797577e+00 6.856937823933384912e+00 1.120191603219016008e+00 2.044174191838135091e+00
1.544999999999999929e+00 1.164869366212974766e+00 6.925371655746565658e+00 1.144518581857185469e+00 2.094754390047067094e+00
1.550000000000000044e+00 1.165923602614732379e+00 6.994018817324628934e+00 1.169277221382010401e+00 2.146258114224907754e+00
1.554999999999999938e+00 1.166980155067061542e+00 7.062898271626665725e+00 1.194473519727492050e+00 2.198694534860993421e+00
1.560000000000000053e+00 1.168039012902141183e+00 7.132029224821767599e+00 1.220113105525078012e+00 2.252072160308429716e+00
1.564999999999999947e+00 1.169100165434231231e+00 7.201431797049244743e+00 1.246202377062832767e+00 2.306400715381139666e+00
1.570000000000000062e+00 1.170163601959574473e+00 7.271125532215680920e+00 1.272747336657957806e+00 2.361689308148922528e+00
1.574999999999999956e+00 1.171229311756297298e+00 7.341131703178757739e+00 1.299754574898364989e+00 2.417947882323098430e+00
1.580000000000000071e+00 1.172297284084322211e+00 7.411471671284329155e+00 1.327229826384686673e+00 2.475184923603915177e+00
1.584999999999999964e+00 1.173367508185281460e+00 7.482166614072990996e+00 1.355179843396396855e+00 2.533410750701565739e+00
1.590000000000000080e+00 1.174439973282435989e+00 7.553238212504193250e+00 1.383610733936665893e+00 2.592634368310943849e+00
1.594999999999999973e+00 1.175514668580601496e+00 7.624709048797778443e+00 1.412529482665269454e+00 2.652866448121193876e+00
1.600000000000000089e+00 1.176591583266077601e+00 7.696601565214673535e+00 1.441941879637360202e+00 2.714115420751469721e+00
1.604999999999999982e+00 1.177670706506583453e+00 7.768938244225508605e+00 1.471855296274631408e+00 2.776392546727113775e+00
1.610000000000000098e+00 1.178752027451198003e+00 7.841742510281652478e+00 1.502275718448631281e+00 2.839706569937307634e+00
1.614999999999999991e+00 1.179835535230304933e+00 7.915037411102139764e+00 1.533209945863904577e+00 2.904067732540630775e+00
1.620000000000000107e+00 1.180921218955544472e+00 7.988846068533302258e+00 1.564665106910430481e+00 2.969486761787395679e+00
1.625000000000000000e+00 1.182009067719768769e+00 8.063192116885074867e+00 1.596647682208125030e+00 3.035973355135368479e+00
1.630000000000000115e+00 1.183099070597002811e+00 8.138100080984079554e+00 1.629164764363299822e+00 3.103538110936703731e+00
1.635000000000000009e+00 1.184191216642411337e+00 8.213592653421299516e+00 1.662223208538166075e+00 3.172191386585185846e+00
1.640000000000000124e+00 1.185285494892271307e+00 8.289693676347930307e+00 1.695829694443225844e+00 3.241943044491749859e+00
1.645000000000000018e+00 1.186381894363947032e+00 8.366428123809450668e+00 1.729991586893327549e+00 3.312804216601126672e+00
1.650000000000000133e+00 1.187480404055874628e+00 8.443818924430416928e+00 1.764715719502740754e+00 3.384785280499429394e+00
1.655000000000000027e+00 1.188581012947548476e+00 8.521890551227595978e+00 1.800009585656919597e+00 3.457897516069157628e+00
1.660000000000000142e+00 1.189683709999514560e+00 8.600666940172612129e+00 1.835879938468543138e+00 3.532151104190503155e+00
1.665000000000000036e+00 1.190788484153369131e+00 8.680172112850382149e+00 1.872334397561114416e+00 3.607557472626522266e+00
1.669999999999999929e+00 1.191895324331762041e+00 8.760430085452250992e+00 1.909379875816863636e+00 3.684127255409506585e+00
1.675000000000000044e+00 1.193004219438406732e+00 8.841463886827435559e+00 1.947023865473204385e+00 3.761871712632632203e+00
1.679999999999999938e+00 1.194115158358093565e+00 8.923297700248671305e+00 1.985273684276302797e+00 3.840801997874303986e+00
1.685000000000000053e+00 1.195228129956711127e+00 9.005955839076667857e+00 2.024136738553238946e+00 3.920929276043376710e+00
1.689999999999999947e+00 1.196343123081270665e+00 9.089461284189827239e+00 2.063620472101680203e+00 4.002265093930234663e+00
1.695000000000000062e+00 1.197460126559938276e+00 9.173837006867689325e+00 2.103732678485605856e+00 4.084821313904253515e+00
1.699999999999999956e+00 1.198579129202069993e+00 9.259107172423568954e+00 2.144480708155204418e+00 4.168609181403185815e+00
1.705000000000000071e+00 1.199700119798254416e+00 9.345294341193500998e+00 2.185871882338355388e+00 4.253639872386223431e+00
1.709999999999999964e+00 1.200823087120360011e+00 9.432421958895632841e+00 2.227914271574906291e+00 4.339925917843975078e+00
1.715000000000000080e+00 1.201948019921588173e+00 9.520512334452059022e+00 2.270615327415344886e+00 4.427478703425336448e+00
1.719999999999999973e+00 1.203074906936531852e+00 9.609588682651795111e+00 2.313982930457490372e+00 4.516310346543541243e+00
1.725000000000000089e+00 1.204203736881238829e+00 9.699672576843575200e+00 2.358024685612899685e+00 4.606432765329086187e+00
1.729999999999999982e+00 1.205334498453282777e+00 9.790786560843693920e+00 2.402748563742843846e+00 4.697858138598734357e+00
1.735000000000000098e+00 1.206467180331836975e+00 9.882953668917984658e+00 2.448162041713579651e+00 4.790598073051612005e+00
1.739999999999999991e+00 1.207601771177756689e+00 9.976194015235611445e+00 2.494273801696474280e+00 4.884666320743787260e+00
1.745000000000000107e+00 1.208738259633664436e+00 1.007053038446440141e+01 2.541091089976398543e+00 4.980073951743694494e+00
1.750000000000000000e+00 1.209876634324042799e+00 1.016598432019464937e+01 2.588622125407907149e+00 5.076833692973009349e+00
1.755000000000000115e+00 1.211016883855332349e+00 1.026257576819984685e+01 2.636874822020147668e+00 5.174958026015934465e+00
1.760000000000000009e+00 1.212158996816034451e+00 1.036032643299230749e+01 2.685857575425718569e+00 5.274460217726473665e+00
1.765000000000000124e+00 1.213302961776821398e+00 1.045925638252604983e+01 2.735578396815115276e+00 5.375352652310915857e+00
1.770000000000000018e+00 1.214448767290650766e+00 1.055938661584024985e+01 2.786045091296088572e+00 5.477647531752500853e+00
1.775000000000000133e+00 1.215596401892885980e+00 1.066073734250480598e+01 2.837266153505922706e+00 5.581358212788478212e+00
1.780000000000000027e+00 1.216745854101423552e+00 1.076332754194516461e+01 2.889250118009565771e+00 5.686498266169267346e+00
1.785000000000000142e+00 1.217897112416823635e+00 1.086717797063931457e+01 2.942004608262366538e+00 5.793079655667582095e+00
1.790000000000000036e+00 1.219050165322449919e+00 1.097230687397881610e+01 2.995538534938592345e+00 5.901116295805516110e+00
1.794999999999999929e+00 1.220205001284612623e+00 1.107873470339582589e+01 3.049860358480589451e+00 6.010621702689591395e+00
1.800000000000000044e+00 1.221361608752716377e+00 1.118647896328620028e+01 3.104978026186922868e+00 6.121608333839332339e+00
1.804999999999999938e+00 1.222519976159418986e+00 1.129555889220391762e+01 3.160900013349095872e+00 6.234089585240088383e+00
1.810000000000000053e+00 1.223680091920789526e+00 1.140599291788193703e+01 3.217635548365726184e+00 6.348080189208807234e+00
1.814999999999999947e+00 1.224841944436477315e+00 1.151779870597864530e+01 3.275192398958687523e+00 6.463592367786065829e+00
1.820000000000000062e+00 1.226005522089884225e+00 1.163099517596355881e+01 3.333579924758738766e+00 6.580640902504544698e+00
1.824999999999999956e+00 1.227170813248343206e+00 1.174559914508715153e+01 3.392806323572557403e+00 6.699238771938202497e+00
1.830000000000000071e+00 1.228337806263303689e+00 1.186162751350933497e+01 3.452880620082181551e+00 6.819400485934556500e+00
1.834999999999999964e+00 1.229506489470522324e+00 1.197909798150130989e+01 3.513811164792814523e+00 6.941139215187376976e+00
1.840000000000000080e+00 1.230676851190258825e+00 1.209802789826036218e+01 3.575607459594951631e+00 7.064469910313444956e+00
1.844999999999999973e+00 1.231848879727479362e+00 1.221843246735403987e+01 3.638277855529971294e+00 7.189406074714134398e+00
1.850000000000000089e+00 1.233022563372064173e+00 1.234032946435509537e+01 3.701831586920497852e+00 7.315962052419036965e+00
1.854999999999999982e+00 1.234197890399023168e+00 1.246373451155734280e+01 3.766277545011213590e+00 7.444152362443136717e+00
1.860000000000000098e+00 1.235374849068715752e+00 1.258866370477521102e+01 3.831624591007697145e+00 7.573990756288237591e+00
1.864999999999999991e+00 1.236553427627077095e+00 1.271513263306735197e+01 3.897882505149772747e+00 7.705493165870582750e+00
1.870000000000000107e+00 1.237733614305851271e+00 1.284315652226748128e+01 3.965060229968883743e+00 7.838673600561654631e+00
1.875000000000000000e+00 1.238915397322829737e+00 1.297275098523859072e+01 4.033166381101561448e+00 7.973545569970260871e+00
1.880000000000000115e+00 1.240098764882095139e+00 1.310393114703842699e+01 4.102211292952266497e+00 8.110125850990437257e+00
1.885000000000000009e+00 1.241283705174272667e+00 1.323671171467311147e+01 4.172203660603086561e+00 8.248428197702418530e+00
1.890000000000000124e+00 1.242470206376787178e+00 1.337110738852846303e+01 4.243152994938797384e+00 8.388467488545568784e+00
1.895000000000000018e+00 1.243658256654124994e+00 1.350713316966738553e+01 4.315069401753794942e+00 8.530259971683694431e+00
1.900000000000000133e+00 1.244847844158103012e+00 1.364480286015574073e+01 4.387961232855496441e+00 8.673818810523666656e+00
1.905000000000000027e+00 1.246038957028144711e+00 1.378413015661436347e+01 4.461839458344369902e+00 8.819161672187512124e+00
1.910000000000000142e+00 1.247231583391559262e+00 1.392512950992539622e+01 4.536713433685569896e+00 8.966303257981186547e+00
1.915000000000000036e+00 1.248425711363831514e+00 1.406781454253654395e+01 4.612592533329573641e+00 9.115258511970864674e+00
1.919999999999999929e+00 1.249621329048912655e+00 1.421219837094753125e+01 4.689486110640961769e+00 9.266042004812971911e+00
1.925000000000000044e+00 1.250818424539521745e+00 1.435829572557512357e+01 4.767405496928896369e+00 9.418672024561917766e+00
1.929999999999999938e+00 1.252016985917450365e+00 1.450611832430660364e+01 4.846360105645283411e+00 9.573163344169861588e+00
1.935000000000000053e+00 1.253217001253874363e+00 1.465568036163352339e+01 4.926359635634711687e+00 9.729531672985483937e+00
1.939999999999999947e+00 1.254418458609672937e+00 1.480699466226926475e+01 5.007414478650546563e+00 9.887792811243066637e+00
1.945000000000000062e+00 1.255621346035752151e+00 1.496007403410318837e+01 5.089535326841184926e+00 1.004796437973051937e+01
1.949999999999999956e+00 1.256825651573374891e+00 1.511493023146096171e+01 5.172730817449747498e+00 1.021005929200313744e+01
1.955000000000000071e+00 1.258031363254499713e+00 1.527157803552204207e+01 5.257013779176138435e+00 1.037409882576714004e+01
1.959999999999999964e+00 1.259238469102119673e+00 1.543002695262334534e+01 5.342392773288008101e+00 1.054009551937152089e+01
1.965000000000000080e+00 1.260446957130616275e+00 1.559029114461983134e+01 5.428878846435276628e+00 1.070806731978692738e+01
1.969999999999999973e+00 1.261656815346111182e+00 1.575238335058331707e+01 5.516482974645080972e+00 1.087803185181199161e+01
1.975000000000000089e+00 1.262868031746829489e+00 1.591631408411952187e+01 5.605214979734392422e+00 1.105000406861396200e+01
1.979999999999999982e+00 1.264080594323466533e+00 1.608209640005463470e+01 5.695085941484063774e+00 1.122400123681340034e+01
1.985000000000000098e+00 1.265294491059563597e+00 1.624974142580779102e+01 5.786107013060624027e+00 1.140004169479969498e+01
1.989999999999999991e+00 1.266509709931886274e+00 1.641926200825386317e+01 5.878289434339830422e+00 1.157814296888332706e+01
1.995000000000000107e+00 1.267726238910813485e+00 1.659066872331361964e+01 5.971643397550287169e+00 1.175832090688534493e+01
2.000000000000000000e+00 1.268944065960727619e+00 1.676397372184787216e+01 6.066180276652588965e+00 1.194059359139068555e+01
2.004999999999999893e+00 1.270163179040415979e+00 1.693918823276339936e+01 6.161910375023609276e+00 1.212497655113570083e+01
2.010000000000000231e+00 1.271383566103475360e+00 1.711632422670773934e+01 6.258846413045250578e+00 1.231149103893581831e+01
2.015000000000000124e+00 1.272605215098723486e+00 1.729539270864895784e+01 6.356997726508170743e+00 1.250015038423742730e+01
2.020000000000000018e+00 1.273828113970618237e+00 1.747640460092275916e+01 6.456377081454868438e+00 1.269097558482484978e+01
2.024999999999999911e+00 1.275052250659680864e+00 1.765937157774606803e+01 6.556996251836907597e+00 1.288398506562098156e+01
2.030000000000000249e+00 1.276277613102927866e+00 1.784430473365777914e+01 6.658864970214985135e+00 1.307919380274406507e+01
2.035000000000000142e+00 1.277504189234306420e+00 1.803121553714914782e+01 6.761996261252991580e+00 1.327662243030394329e+01
2.040000000000000036e+00 1.278731966985139357e+00 1.822011364017721746e+01 6.866400907790529473e+00 1.347628767468302691e+01
2.044999999999999929e+00 1.279960934284574359e+00 1.841101065714992657e+01 6.972091119381142121e+00 1.367820885096618433e+01
2.049999999999999822e+00 1.281191079060038929e+00 1.860391783559271772e+01 7.079077987706664743e+00 1.388240305010890197e+01
2.055000000000000160e+00 1.282422389237703575e+00 1.879884618262401119e+01 7.187373874626979742e+00 1.408888992910981308e+01
2.060000000000000053e+00 1.283654852742951435e+00 1.899580487467947876e+01 7.296989981281267745e+00 1.429768734199935842e+01
2.064999999999999947e+00 1.284888457500850345e+00 1.919480608653222475e+01 7.407939941171482801e+00 1.450881630320137816e+01
2.069999999999999840e+00 1.286123191436637780e+00 1.939586016415443481e+01 7.520232973552158029e+00 1.472229081775535064e+01
2.075000000000000178e+00 1.287359042476205584e+00 1.959897821760354830e+01 7.633883005215005291e+00 1.493813332734265309e+01
2.080000000000000071e+00 1.288595998546594679e+00 1.980416858177815342e+01 7.748902600975247523e+00 1.515636382775997681e+01
2.084999999999999964e+00 1.289834047576496001e+00 2.001144437677842802e+01 7.865302560377154251e+00 1.537699835118997882e+01
2.089999999999999858e+00 1.291073177496757207e+00 2.022081382267730376e+01 7.983094608139627901e+00 1.560005558331922337e+01
2.095000000000000195e+00 1.292313376240894485e+00 2.043228811288686586e+01 8.102292999735723811e+00 1.582555823139355944e+01
2.100000000000000089e+00 1.293554631745612582e+00 2.064587786470632125e+01 8.222908732697057133e+00 1.605352340727134219e+01
2.104999999999999982e+00 1.294796931951329721e+00 2.086159271674599935e+01 8.344954979091072644e+00 1.628397141455568686e+01
2.109999999999999876e+00 1.296040264802710951e+00 2.107944413583771848e+01 8.468442932540538592e+00 1.651691959760314177e+01
2.115000000000000213e+00 1.297284618249205046e+00 2.129944032791666331e+01 8.593385910721435650e+00 1.675238924979714028e+01
2.120000000000000107e+00 1.298529980245588522e+00 2.152159293483273217e+01 8.719795373400488714e+00 1.699039808912720773e+01
2.125000000000000000e+00 1.299776338752518745e+00 2.174591094338772024e+01 8.847686182755877482e+00 1.723097012290142871e+01
2.129999999999999893e+00 1.301023681737088600e+00 2.197240541010578596e+01 8.977068611949908572e+00 1.747412056934938107e+01
2.135000000000000231e+00 1.302271997173391371e+00 2.220108346241219976e+01 9.107955074524939576e+00 1.771986907916257792e+01
2.140000000000000124e+00 1.303521273043090511e+00 2.243195670915795503e+01 9.240355786110052705e+00 1.796822997417826073e+01
2.145000000000000018e+00 1.304771497335994956e+00 2.266503642337891122e+01 9.374290687927249621e+00 1.821923813165321349e+01
2.149999999999999911e+00 1.306022658050641327e+00 2.290033065616901453e+01 9.509768640400569240e+00 1.847290556078688795e+01
2.155000000000000249e+00 1.307274743194883682e+00 2.313785184117865512e+01 9.646800672472656046e+00 1.872924888469371751e+01
2.160000000000000142e+00 1.308527740786487481e+00 2.337760601345028988e+01 9.785402008244439287e+00 1.898829279050050189e+01
2.165000000000000036e+00 1.309781638853730668e+00 2.361960261658281368e+01 9.925583553043031415e+00 1.925005446192345460e+01
2.169999999999999929e+00 1.311036425436011399e+00 2.386385476604246847e+01 1.006735924831304096e+01 1.951455552611131594e+01
2.175000000000000266e+00 1.312292088584462002e+00 2.411036715009237952e+01 1.021074195325702050e+01 1.978181641567072191e+01
2.180000000000000160e+00 1.313548616362568033e+00 2.435915372828771552e+01 1.035574206019328614e+01 2.005185212341828560e+01
2.185000000000000053e+00 1.314805996846795111e+00 2.461022114527108329e+01 1.050237565366678361e+01 2.032468979368596251e+01
2.189999999999999947e+00 1.316064218127219965e+00 2.486357736753574699e+01 1.065065246176771119e+01 2.060034357853553288e+01
2.194999999999999840e+00 1.317323268308171258e+00 2.511923457465537268e+01 1.080058815332249189e+01 2.087883862519082712e+01
2.200000000000000178e+00 1.318583135508872406e+00 2.537720022090005045e+01 1.095219257890185638e+01 2.116018946716991422e+01
2.205000000000000071e+00 1.319843807864092611e+00 2.563748426239533629e+01 1.110548007402535653e+01 2.144441897547129017e+01
2.209999999999999964e+00 1.321105273524805224e+00 2.590009292422499243e+01 1.126046317541625363e+01 2.173154794820286995e+01
2.214999999999999858e+00 1.322367520658849438e+00 2.616503787058021757e+01 1.141715385891151335e+01 2.202159371282808920e+01
2.220000000000000195e+00 1.323630537451601530e+00 2.643232863179881065e+01 1.157556661865443459e+01 2.231457911493743040e+01
2.225000000000000089e+00 1.324894312106648098e+00 2.670196831346781963e+01 1.173571128422091014e+01 2.261052101023553718e+01
2.229999999999999982e+00 1.326158832846469293e+00 2.697397117937926225e+01 1.189760308956227775e+01 2.290944182397154094e+01
2.234999999999999876e+00 1.327424087913126938e+00 2.724834504282592818e+01 1.206125388488396943e+01 2.321136026264351315e+01
2.240000000000000213e+00 1.328690065568957523e+00 2.752509385674720477e+01 1.222667516400554533e+01 2.351629540352984193e+01
2.245000000000000107e+00 1.329956754097271210e+00 2.780423022427505941e+01 1.239387951139947397e+01 2.382426596059081447e+01
2.250000000000000000e+00 1.331224141803060590e+00 2.808576054328216287e+01 1.256288028440073923e+01 2.413529390542823805e+01
2.254999999999999893e+00 1.332492217013710345e+00 2.836969414380890342e+01 1.273368989895180903e+01 2.444939795054933285e+01
2.260000000000000231e+00 1.333760968079716003e+00 2.865603756478046549e+01 1.290632021928361262e+01 2.476659663092670627e+01
2.265000000000000124e+00 1.335030383375409135e+00 2.894479740217462194e+01 1.308078195994332305e+01 2.508690645858770907e+01
2.270000000000000018e+00 1.336300451299685221e+00 2.923598450904723833e+01 1.325709088702892302e+01 2.541035283033619407e+01
2.274999999999999911e+00 1.337571160276742388e+00 2.952960559907865701e+01 1.343525650301812924e+01 2.573695043075491640e+01
2.280000000000000249e+00 1.338842498756821042e+00 2.982566561478435929e+01 1.361529062347310237e+01 2.606671755862189599e+01
2.285000000000000142e+00 1.340114455216953049e+00 3.012417635836916574e+01 1.379720670576119090e+01 2.639967572454229483e+01
2.290000000000000036e+00 1.341387018161716460e+00 3.042513948861924078e+01 1.398101607958783532e+01 2.673584197892352066e+01
2.294999999999999929e+00 1.342660176123993576e+00 3.072856513016823854e+01 1.416673079289082970e+01 2.707523649684998546e+01
2.300000000000000266e+00 1.343933917665737443e+00 3.103446277439502410e+01 1.435436192037811765e+01 2.741787437481335843e+01
2.305000000000000160e+00 1.345208231378743458e+00 3.134283318204103708e+01 1.454391982149658347e+01 2.776377291852582019e+01
2.310000000000000053e+00 1.346483105885426967e+00 3.165368926988815446e+01 1.473541979531800017e+01 2.811295660371771277e+01
2.314999999999999947e+00 1.347758529839606201e+00 3.196703368652235611e+01 1.492886919581762406e+01 2.846543575284474059e+01
2.319999999999999840e+00 1.349034491927291413e+00 3.228287258722237851e+01 1.512428210276293861e+01 2.882123273620538129e+01
2.325000000000000178e+00 1.350310980867478472e+00 3.260121462694507954e+01 1.532166881736436181e+01 2.918036341130473232e+01
2.330000000000000071e+00 1.351587985412951776e+00 3.292206442791886190e+01 1.552103883965855680e+01 2.954284292818980973e+01
2.334999999999999964e+00 1.352865494351088493e+00 3.324542647419898600e+01 1.572240593932714958e+01 2.990869228039243666e+01
2.339999999999999858e+00 1.354143496504671029e+00 3.357131058790989897e+01 1.592577896608351828e+01 3.027792431395071659e+01
2.345000000000000195e+00 1.355421980732705700e+00 3.389971713586147928e+01 1.613116836265158938e+01 3.065055678247241033e+01
2.350000000000000089e+00 1.356700935931243857e+00 3.423065513159546924e+01 1.633858406977752509e+01 3.102660294011196029e+01
2.354999999999999982e+00 1.357980351034212774e+00 3.456412936513941503e+01 1.654803894606395787e+01 3.140608402747043115e+01
2.359999999999999876e+00 1.359260215014249207e+00 3.490014391895129364e+01 1.675954063817848905e+01 3.178901082739472272e+01
2.365000000000000213e+00 1.360540516883539608e+00 3.523870448849984172e+01 1.697310212507445115e+01 3.217540466699434631e+01
2.370000000000000107e+00 1.361821245694665894e+00 3.557981441412966461e+01 1.718872930904812435e+01 3.256527272677802642e+01
2.375000000000000000e+00 1.363102390541456321e+00 3.592347871389232239e+01 1.740643471666979636e+01 3.295863426520536876e+01
2.379999999999999893e+00 1.364383940559842134e+00 3.626970342832247951e+01 1.762622678382975749e+01 3.335550289227271747e+01
2.385000000000000231e+00 1.365665884928720875e+00 3.661849029207774464e+01 1.784811392035470945e+01 3.375589031248224359e+01
2.390000000000000124e+00 1.366948212870820356e+00 3.696984381400204001e+01 1.807210723599209601e+01 3.415981325852438744e+01
2.395000000000000018e+00 1.368230913653576408e+00 3.732376671971509552e+01 1.829821577476004890e+01 3.456728679069200894e+01
2.399999999999999911e+00 1.369513976590007287e+00 3.768026523651101201e+01 1.852644586771874913e+01 3.497831855864658479e+01
2.405000000000000249e+00 1.370797391039600077e+00 3.803934161000118763e+01 1.875680769898058031e+01 3.539292358830532237e+01
2.410000000000000142e+00 1.372081146409197538e+00 3.840099789649580941e+01 1.898930833376225991e+01 3.581111197865177331e+01
2.415000000000000036e+00 1.373365232153893167e+00 3.876523554483689793e+01 1.922395806612965075e+01 3.623290060086488040e+01
2.419999999999999929e+00 1.374649637777930256e+00 3.913206019880462350e+01 1.946076285349166923e+01 3.665829641765070335e+01
2.425000000000000266e+00 1.375934352835608943e+00 3.950147109474681173e+01 1.969973043902762200e+01 3.708731169195598909e+01
2.430000000000000160e+00 1.377219366932191491e+00 3.987347469393888844e+01 1.994087046017845921e+01 3.751995895987279539e+01
2.435000000000000053e+00 1.378504669724822440e+00 4.024806880892505490e+01 2.018418634828402602e+01 3.795624278269357177e+01
2.439999999999999947e+00 1.379790250923445205e+00 4.062525578925708203e+01 2.042968719627006280e+01 3.839617737262467045e+01
2.444999999999999840e+00 1.381076100291728892e+00 4.100503769933092002e+01 2.067738077700783350e+01 3.883977298833842440e+01
2.450000000000000178e+00 1.382362207647998886e+00 4.138741388796674414e+01 2.092726921470238111e+01 3.928703072495800797e+01
2.455000000000000071e+00 1.383648562866170106e+00 4.177239168743606257e+01 2.117936580309164896e+01 3.973797178234370620e+01
2.459999999999999964e+00 1.384935155876690471e+00 4.215996378487498220e+01 2.143367236285462951e+01 4.019259660179174887e+01
2.464999999999999858e+00 1.386221976667483702e+00 4.255013167615269509e+01 2.169018934545981381e+01 4.065090315736864568e+01
2.470000000000000195e+00 1.387509015284901448e+00 4.294290180922713773e+01 2.194893320711926066e+01 4.111291768337851948e+01
2.475000000000000089e+00 1.388796261834676082e+00 4.333826406229871964e+01 2.220990101015462770e+01 4.157863370695092442e+01
2.479999999999999982e+00 1.390083706482882597e+00 4.373622680368506366e+01 2.247309849974749696e+01 4.204805684901832308e+01
2.484999999999999876e+00 1.391371339456903167e+00 4.413678755001892284e+01 2.273853186528702253e+01 4.252119595432594679e+01
2.490000000000000213e+00 1.392659151046396371e+00 4.453993976043938829e+01 2.300620596754888680e+01 4.299805711522732565e+01
2.495000000000000107e+00 1.393947131604270639e+00 4.494568863012969473e+01 2.327612167984501568e+01 4.347863853011137536e+01
2.500000000000000000e+00 1.395235271547664579e+00 4.535402789842927262e+01 2.354828743055056961e+01 4.396295333705198516e+01
2.504999999999999893e+00 1.396523561358930632e+00 4.576495869295558094e+01 2.382270282430520680e+01 4.445099821567534093e+01
2.510000000000000231e+00 1.397811991586621838e+00 4.617847824849194893e+01 2.409936942979790331e+01 4.494277136197592881e+01
2.515000000000000124e+00 1.399100552846486600e+00 4.659458296454511839e+01 2.437829556566940070e+01 4.543828530455126469e+01
2.520000000000000018e+00 1.400389235822465217e+00 4.701327095851208782e+01 2.465947965753886351e+01 4.593753538214755139e+01
2.524999999999999911e+00 1.401678031267691527e+00 4.743453883754251166e+01 2.494292633981397245e+01 4.644052561614144281e+01
2.530000000000000249e+00 1.402966930005501656e+00 4.785838238113928611e+01 2.522863257396864256e+01 4.694724922620472540e+01
2.535000000000000142e+00 1.404255922930439437e+00 4.828479751941056719e+01 2.551660587088491283e+01 4.745771485158830671e+01
2.540000000000000036e+00 1.405545001009279815e+00 4.871378195780219045e+01 2.580684404010892052e+01 4.797191848301572747e+01
2.544999999999999929e+00 1.406834155282040921e+00 4.914533185101087298e+01 2.609934631517165826e+01 4.848985221577377303e+01
2.550000000000000266e+00 1.408123376863012810e+00 4.957943904886673181e+01 2.639411538725273587e+01 4.901152038509513886e+01
2.555000000000000160e+00 1.409412656941783526e+00 5.001610254485810714e+01 2.669115194066471020e+01 4.953692060377660766e+01
2.560000000000000053e+00 1.410701986784272943e+00 5.045531518129800475e+01 2.699045787306252819e+01 5.006605244039608493e+01
2.564999999999999947e+00 1.411991357733769048e+00 5.089706824154175990e+01 2.729202738104369175e+01 5.059890429583067828e+01
2.569999999999999840e+00 1.413280761211968217e+00 5.134136279246180834e+01 2.759586045774444329e+01 5.113547014835400262e+01
2.575000000000000178e+00 1.414570188720020605e+00 5.178818692284938408e+01 2.790196199125440657e+01 5.167576114886663419e+01
2.580000000000000071e+00 1.415859631839580635e+00 5.223753468696045132e+01 2.821032077232380431e+01 5.221974852172169079e+01
2.584999999999999964e+00 1.417149082233858159e+00 5.268940137127169265e+01 2.852094319675869016e+01 5.276744302818815413e+01
2.589999999999999858e+00 1.418438531648677170e+00 5.314377703356635863e+01 2.883382155501880817e+01 5.331882967679175778e+01
2.595000000000000195e+00 1.419727971913536280e+00 5.360065539960757519e+01 2.914896008621891355e+01 5.387391046886296664e+01
2.600000000000000089e+00 1.421017394942674095e+00 5.406002667447116039e+01 2.946634655526863611e+01 5.443266205195136109e+01
2.604999999999999982e+00 1.422306792736138581e+00 5.452188628656981706e+01 2.978598598965090005e+01 5.499508919079454472e+01
2.609999999999999876e+00 1.423596157380858207e+00 5.498622325958115908e+01 3.010786841966427829e+01 5.556117159424187690e+01
2.615000000000000213e+00 1.424885481051721747e+00 5.545302962637078537e+01 3.043199349426183176e+01 5.613090558958526088e+01
2.620000000000000107e+00 1.426174756012655642e+00 5.592229358149077001e+01 3.075835467946162183e+01 5.670427777266503711e+01
2.625000000000000000e+00 1.427463974617710019e+00 5.639400506345375419e+01 3.108694969769976169e+01 5.728128024306382571e+01
2.629999999999999893e+00 1.428753129312145598e+00 5.686815816315567673e+01 3.141777364773255243e+01 5.786189931523659169e+01
2.635000000000000231e+00 1.430042212633526821e+00 5.734474124054263910e+01 3.175081929769118361e+01 5.844612220109502942e+01
2.640000000000000124e+00 1.431331217212814755e+00 5.782374109741427759e+01 3.208607810486907397e+01 5.903392790015833924e+01
2.645000000000000018e+00 1.432620135775467096e+00 5.830514962590969219e+01 3.242355181974339473e+01 5.962531874402016996e+01
2.649999999999999911e+00 1.433908961142540850e+00 5.878895020681594730e+01 3.276322608590245977e+01 6.022026585818257871e+01
2.655000000000000249e+00 1.435197686231796554e+00 5.927513752399038793e+01 3.310509911835180930e+01 6.081876304634448616e+01
2.660000000000000142e+00 1.436486304058808727e+00 5.976369763192992224e+01 3.344916014804403659e+01 6.142078569272801758e+01
2.665000000000000036e+00 1.437774807738079197e+00 6.025461697894472479e+01 3.379540400796600608e+01 6.202632481553607846e+01
2.669999999999999929e+00 1.439063190484150212e+00 6.074788161368741868e+01 3.414382394845676316e+01 6.263536454992800628e+01
2.675000000000000266e+00 1.440351445612727099e+00 6.124347956265958715e+01 3.449440546112502659e+01 6.324787551393293938e+01
2.680000000000000160e+00 1.441639566541798700e+00 6.174139843361999880e+01 3.484715129778036413e+01 6.386386197153601785e+01
2.685000000000000053e+00 1.442927546792763360e+00 6.224162544271524666e+01 3.520204015321689894e+01 6.448327782248557583e+01
2.689999999999999947e+00 1.444215379991559578e+00 6.274414019907909079e+01 3.555907146599147950e+01 6.510612563266973041e+01
2.694999999999999840e+00 1.445503059869796658e+00 6.324893618547076102e+01 3.591823522118707501e+01 6.573237965001602845e+01
2.700000000000000178e+00 1.446790580265890691e+00 6.375599483171082937e+01 3.627951688759329585e+01 6.636201424124516279e+01
2.705000000000000071e+00 1.448077935126202975e+00 6.426530227536404993e+01 3.664290756767844215e+01 6.699500910587323688e+01
2.709999999999999964e+00 1.449365118506182437e+00 6.477684339125391944e+01 3.700839708658843819e+01 6.763134261110288037e+01
2.714999999999999858e+00 1.450652124571508272e+00 6.529060090639049463e+01 3.737597949262028862e+01 6.827100493269480808e+01
2.720000000000000195e+00 1.451938947599239915e+00 6.580655707135565535e+01 3.774563793677494061e+01 6.891395995984353817e+01
2.725000000000000089e+00 1.453225581978965009e+00 6.632470085738694365e+01 3.811735912298436091e+01 6.956018106707350057e+01
2.729999999999999982e+00 1.454512022213955591e+00 6.684501213731253699e+01 3.849113844489244940e+01 7.020965827965441974e+01
2.734999999999999876e+00 1.455798262922322506e+00 6.736747637459427551e+01 3.886696025003141131e+01 7.086236185308493418e+01
2.740000000000000213e+00 1.457084298838174696e+00 6.789207275178742407e+01 3.924480957257788560e+01 7.151826195374768247e+01
2.745000000000000107e+00 1.458370124812782276e+00 6.841878413910107781e+01 3.962467765541185827e+01 7.217734134439145066e+01
2.750000000000000000e+00 1.459655735815740485e+00 6.894759672157375974e+01 4.000654773184766100e+01 7.283956398658422415e+01
2.754999999999999893e+00 1.460941126936137202e+00 6.947849002096054960e+01 4.039041303662367710e+01 7.350491898778028599e+01
2.760000000000000231e+00 1.462226293383724007e+00 7.001144590651266242e+01 4.077625413098526508e+01 7.417336750580905402e+01
2.765000000000000124e+00 1.463511230490086357e+00 7.054644910665260227e+01 4.116406101949424823e+01 7.484488691047782538e+01
2.770000000000000018e+00 1.464795933709824194e+00 7.108347467636342287e+01 4.155381486435521765e+01 7.551944564926732539e+01
2.774999999999999911e+00 1.466080398621724123e+00 7.162250565400626101e+01 4.194550935676038961e+01 7.619702795638767157e+01
2.780000000000000249e+00 1.467364620929943797e+00 7.216352225919796126e+01 4.233911729673042146e+01 7.687758322994477567e+01
2.785000000000000142e+00 1.468648596465194744e+00 7.270651024366273418e+01 4.273463734799703673e+01 7.756110327524638137e+01
2.790000000000000036e+00 1.469932321185927426e+00 7.325144297645580593e+01 4.313204810551106050e+01 7.824755321214630044e+01
2.794999999999999929e+00 1.471215791179520282e+00 7.379830337101491011e+01 4.353133644760469423e+01 7.893690305435450227e+01
2.800000000000000266e+00 1.472499002663467449e+00 7.434707104695762325e+01 4.393248315413485017e+01 7.962911980403568180e+01
2.805000000000000160e+00 1.473781951986576466e+00 7.489772637593813442e+01 4.433547292309896903e+01 8.032416811374521615e+01
2.810000000000000053e+00 1.475064635630160437e+00 7.545024455263366292e+01 4.474029304271362406e+01 8.102202956630380015e+01
2.814999999999999947e+00 1.476347050209237288e+00 7.600461021149303065e+01 4.514692456131893294e+01 8.172266269024244423e+01
2.819999999999999840e+00 1.477629192473728592e+00 7.656080198906046519e+01 4.555535561971802139e+01 8.242604641783260888e+01
2.825000000000000178e+00 1.478911059309663267e+00 7.711873100979406104e+01 4.596554217121091312e+01 8.313210854796402316e+01
2.830000000000000071e+00 1.480192647740382617e+00 7.767850102218410768e+01 4.637751372197332955e+01 8.384088353492425938e+01
2.834999999999999964e+00 1.481473954927746250e+00 7.824003024485138269e+01 4.679123000073880689e+01 8.455230551058224364e+01
2.839999999999999858e+00 1.482754978173340454e+00 7.880329756983452683e+01 4.720667700767335617e+01 8.526634648777091741e+01
2.845000000000000195e+00 1.484035714919693882e+00 7.936827759043057995e+01 4.762383757672763807e+01 8.598297441876884761e+01
2.850000000000000089e+00 1.485316162751484814e+00 7.993495521531464476e+01 4.804269192963377577e+01 8.670215048762466381e+01
2.854999999999999982e+00 1.486596319396762178e+00 8.050329619947619619e+01 4.846321739784998783e+01 8.742383730593029156e+01
2.859999999999999876e+00 1.487876182728162133e+00 8.107328937095134336e+01 4.888540851813112909e+01 8.814801614298653476e+01
2.865000000000000213e+00 1.489155750764126207e+00 8.164490751693485038e+01 4.930923610352808595e+01 8.887463610727816388e+01
2.870000000000000107e+00 1.490435021670126092e+00 8.221813507384597131e+01 4.973469280485645072e+01 8.960368048232960803e+01
2.875000000000000000e+00 1.491713993759884893e+00 8.279293273277012588e+01 5.016174636593194691e+01 9.033509413206097349e+01
2.879999999999999893e+00 1.492992665496607696e+00 8.336929296760126817e+01 5.059039220028392236e+01 9.106886206664171368e+01
2.885000000000000231e+00 1.494271035494205480e+00 8.394718751264443313e+01 5.102060012483762819e+01 9.180492983896505166e+01
2.890000000000000124e+00 1.495549102518527240e+00 8.452659145375319838e+01 5.145236348598341181e+01 9.254328605969310217e+01
2.895000000000000018e+00 1.496826865488593894e+00 8.510748199937015102e+01 5.188565460030314114e+01 9.328387862105628869e+01
2.899999999999999911e+00 1.498104323477830180e+00 8.568983955346040204e+01 5.232045947694684429e+01 9.402667750941972713e+01
2.905000000000000249e+00 1.499381475715303225e+00 8.627363685265629556e+01 5.275675633068146198e+01 9.477164573850544116e+01
2.910000000000000142e+00 1.500658321586958444e+00 8.685884591682037126e+01 5.319452628247623238e+01 9.551874820120541187e+01
2.915000000000000036e+00 1.501934860636862323e+00 8.744545240991807589e+01 5.363374929671069680e+01 9.626794450255161451e+01
2.919999999999999929e+00 1.503211092568443430e+00 8.803343611179698769e+01 5.407441475309085632e+01 9.701921249342942133e+01
2.925000000000000266e+00 1.504487017245737190e+00 8.862275436928864281e+01 5.451649576241386086e+01 9.777251218385154630e+01
2.930000000000000160e+00 1.505762634694630231e+00 8.921340136790996667e+01 5.495997398171866166e+01 9.852779727561116374e+01
2.935000000000000053e+00 1.507037945104112264e+00 8.980534914815528680e+01 5.540482964546242073e+01 9.928503502119178847e+01
2.939999999999999947e+00 1.508312948827522426e+00 9.039856813605862840e+01 5.585104201664641721e+01 1.000441906235397909e+02
2.944999999999999840e+00 1.509587646383803383e+00 9.099303771614565051e+01 5.629859849139342032e+01 1.008052371783402350e+02
2.950000000000000178e+00 1.510862038458753664e+00 9.158873766339345934e+01 5.674747209713527951e+01 1.015681225263269738e+02
2.955000000000000071e+00 1.512136125906285322e+00 9.218564580449712764e+01 5.719765458158570226e+01 1.023328321743324381e+02
2.959999999999999964e+00 1.513409909749681370e+00 9.278372649812270367e+01 5.764910958292163201e+01 1.030993012409231255e+02
2.964999999999999858e+00 1.514683391182853445e+00 9.338296537313163981e+01 5.810183284538791071e+01 1.038675210453312019e+02
2.970000000000000195e+00 1.515956571571605682e+00 9.398334078207733455e+01 5.855579967453027734e+01 1.046374407696059308e+02
2.975000000000000089e+00 1.517229452454897709e+00 9.458481684791998134e+01 5.901098273161783681e+01 1.054090182251354690e+02
2.979999999999999982e+00 1.518502035546109630e+00 9.518738576690090269e+01 5.946737553699757939e+01 1.061822316464367617e+02
2.984999999999999876e+00 1.519774322734309235e+00 9.579101206889750131e+01 5.992495391674844996e+01 1.069570420941639810e+02
2.990000000000000213e+00 1.521046316085523209e+00 9.639567362960518437e+01 6.038369271719476217e+01 1.077334015258735320e+02
2.995000000000000107e+00 1.522318017844006111e+00 9.700135452146435000e+01 6.084358056823194971e+01 1.085112874314246341e+02
3.000000000000000000e+00 1.523589430433515579e+00 9.760802613951460671e+01 6.130459116085397397e+01 1.092906516666815406e+02
3.004999999999999893e+00 1.524860556458587313e+00 9.821565872253880514e+01 6.176670843177063119e+01 1.100714674261426467e+02
3.010000000000000231e+00 1.526131398705811604e+00 9.882423718853456762e+01 6.222991525702208548e+01 1.108536992278657323e+02
3.015000000000000124e+00 1.527401960145112314e+00 9.943373832300233062e+01 6.269418822494890264e+01 1.116373022360684075e+02
3.020000000000000018e+00 1.528672243931031183e+00 1.000441404336235252e+02 6.315951603229159161e+01 1.124222574108764263e+02
3.024999999999999911e+00 1.529942253404009023e+00 1.006554055785865813e+02 6.362586514109477775e+01 1.132085068054401660e+02
3.030000000000000249e+00 1.531211992091669805e+00 1.012675319078527991e+02 6.409323092113828579e+01 1.139960319776569975e+02
3.035000000000000142e+00 1.532481463710112957e+00 1.018804830225610800e+02 6.456158603817186759e+01 1.147847908128733536e+02
3.040000000000000036e+00 1.533750672165198337e+00 1.024942357285553811e+02 6.503091056841614659e+01 1.155747441352189355e+02
3.044999999999999929e+00 1.535019621553841640e+00 1.031087728592118538e+02 6.550118981611841207e+01 1.163658629403116578e+02
3.050000000000000266e+00 1.536288316165307810e+00 1.037240649704153128e+02 6.597239917503611650e+01 1.171581043070117403e+02
3.055000000000000160e+00 1.537556760482504448e+00 1.043401024779939661e+02 6.644453331161570020e+01 1.179514532324512714e+02
3.060000000000000053e+00 1.538824959183287211e+00 1.049568465917748199e+02 6.691755646723757422e+01 1.187458514330989630e+02
3.064999999999999947e+00 1.540092917141751672e+00 1.055742884751467159e+02 6.739145784072583467e+01 1.195412709531537132e+02
3.070000000000000284e+00 1.541360639429545376e+00 1.061923971125015953e+02 6.786622046483668669e+01 1.203376828475809930e+02
3.075000000000000178e+00 1.542628131317168361e+00 1.068111557077071154e+02 6.834182426504374064e+01 1.211350523569300179e+02
3.080000000000000071e+00 1.543895398275281439e+00 1.074305389985740931e+02 6.881825103953295297e+01 1.219333446307846174e+02
3.084999999999999964e+00 1.545162445976019150e+00 1.080505240842185799e+02 6.929547360356619379e+01 1.227325085331293764e+02
3.089999999999999858e+00 1.546429280294300046e+00 1.086710926131829211e+02 6.977349004989561365e+01 1.235325405369623155e+02
3.095000000000000195e+00 1.547695907309144969e+00 1.092922209730708971e+02 7.025226724775416187e+01 1.243333801502719496e+02
3.100000000000000089e+00 1.548962333304992001e+00 1.099138905364643080e+02 7.073179701562399657e+01 1.251350101433510389e+02
3.104999999999999982e+00 1.550228564773019402e+00 1.105360841258381583e+02 7.121206130617950691e+01 1.259373981281522390e+02
3.109999999999999876e+00 1.551494608412467890e+00 1.111587701719405032e+02 7.169303623779963175e+01 1.267405021110853482e+02
3.115000000000000213e+00 1.552760471131968911e+00 1.117819295830086190e+02 7.217470219479770321e+01 1.275442848210063715e+02
3.120000000000000107e+00 1.554026160050869576e+00 1.124055454665722209e+02 7.265704562347801243e+01 1.283487193411213241e+02
3.125000000000000000e+00 1.555291682500568706e+00 1.130296000654019650e+02 7.314005204814311867e+01 1.291537785063019896e+02
3.129999999999999893e+00 1.556557046025848434e+00 1.136540644516444729e+02 7.362370151288185127e+01 1.299594306779635531e+02
3.135000000000000231e+00 1.557822258386214909e+00 1.142789320954720296e+02 7.410797924355155430e+01 1.307656392829484275e+02
3.140000000000000124e+00 1.559087327557234559e+00 1.149041684886386747e+02 7.459285968546139145e+01 1.315723662796339113e+02
3.145000000000000018e+00 1.560352261731882795e+00 1.155297593779195466e+02 7.507833729864316297e+01 1.323795985079619584e+02
3.149999999999999911e+00 1.561617069321888263e+00 1.161556829303315510e+02 7.556438173116812607e+01 1.331872806694128712e+02
3.155000000000000249e+00 1.562881758959084433e+00 1.167819260410723672e+02 7.605098632752267918e+01 1.339953950712217363e+02
3.160000000000000142e+00 1.564146339496760740e+00 1.174084685856274461e+02 7.653813564532505609e+01 1.348039170395066435e+02
3.165000000000000036e+00 1.565410820011023496e+00 1.180352837440263869e+02 7.702580299010338649e+01 1.356128006641030197e+02
3.169999999999999929e+00 1.566675209802153468e+00 1.186623555992061085e+02 7.751398167352546409e+01 1.364220306592817167e+02
3.175000000000000266e+00 1.567939518395971676e+00 1.192896698774284658e+02 7.800265039420703772e+01 1.372315676751461524e+02
3.180000000000000160e+00 1.569203755545205192e+00 1.199172068579584618e+02 7.849179102489877380e+01 1.380413744672496534e+02
3.185000000000000053e+00 1.570467931230861369e+00 1.205449472483441156e+02 7.898139814392669678e+01 1.388514486496838458e+02
3.189999999999999947e+00 1.571732055663601191e+00 1.211728637101294765e+02 7.947144220071568554e+01 1.396617351734324188e+02
3.195000000000000284e+00 1.572996139285118833e+00 1.218009608971021152e+02 7.996191763338805458e+01 1.404722127560781644e+02
3.200000000000000178e+00 1.574260192769525224e+00 1.224291928882104230e+02 8.045279959564729211e+01 1.412828533446149493e+02
3.205000000000000071e+00 1.575524227024737378e+00 1.230575658757778967e+02 8.094408761073113112e+01 1.420936407838941307e+02
3.209999999999999964e+00 1.576788253193867284e+00 1.236860577083263593e+02 8.143575358418806331e+01 1.429045278787106668e+02
3.214999999999999858e+00 1.578052282656617233e+00 1.243146395845521397e+02 8.192778634424846018e+01 1.437154988419982544e+02
3.220000000000000195e+00 1.579316327030685141e+00 1.249433014175834700e+02 8.242016437556218023e+01 1.445265116166702057e+02
3.225000000000000089e+00 1.580580398173165202e+00 1.255720273884641074e+02 8.291288445237019289e+01 1.453375606685344223e+02
3.229999999999999982e+00 1.581844508181959430e+00 1.262008061378711687e+02 8.340592813257819671e+01 1.461486091040398492e+02
3.234999999999999876e+00 1.583108669397191415e+00 1.268296096130108310e+02 8.389927057718281844e+01 1.469596171014917161e+02
3.240000000000000213e+00 1.584372894402625409e+00 1.274584320387147187e+02 8.439291338943219500e+01 1.477705829784194123e+02
3.245000000000000107e+00 1.585637196027092743e+00 1.280872589172892333e+02 8.488683871502955469e+01 1.485814713058695986e+02
3.250000000000000000e+00 1.586901587345919129e+00 1.287160622766379277e+02 8.538102024579971783e+01 1.493922468406217092e+02
3.254999999999999893e+00 1.588166081682362174e+00 1.293448235559669968e+02 8.587545802051434407e+01 1.502028993876092784e+02
3.260000000000000231e+00 1.589430692609048013e+00 1.299735533137817640e+02 8.637013132783295077e+01 1.510133923123827913e+02
3.265000000000000124e+00 1.590695433949419924e+00 1.306022202104964833e+02 8.686502921299516800e+01 1.518237088078558372e+02
3.270000000000000018e+00 1.591960319779189614e+00 1.312308167503865945e+02 8.736013721778979857e+01 1.526338170372668515e+02
3.274999999999999911e+00 1.593225364427793389e+00 1.318593154726357568e+02 8.785543897638798683e+01 1.534436936439830959e+02
3.280000000000000249e+00 1.594490582479856755e+00 1.324877144225051495e+02 8.835092692135431491e+01 1.542533228871292863e+02
3.285000000000000142e+00 1.595755988776664358e+00 1.331159944967843671e+02 8.884658522658645552e+01 1.550626730488360465e+02
3.290000000000000036e+00 1.597021598417631694e+00 1.337441480277848314e+02 8.934240555346174517e+01 1.558717301434305682e+02
3.294999999999999929e+00 1.598287426761794583e+00 1.343721533302083913e+02 8.983837066895837609e+01 1.566804700843932494e+02
3.300000000000000266e+00 1.599553489429289543e+00 1.349999967087693733e+02 9.033446680393163319e+01 1.574888627982524554e+02
3.305000000000000160e+00 1.600819802302856587e+00 1.356276719784765419e+02 9.083068987797300053e+01 1.582969036315076039e+02
3.310000000000000053e+00 1.602086381529337800e+00 1.362551645230817030e+02 9.132701848645898224e+01 1.591045478604956713e+02
3.314999999999999947e+00 1.603353243521186133e+00 1.368824600582911728e+02 9.182344697374347220e+01 1.599117869797800040e+02
3.320000000000000284e+00 1.604620404957985969e+00 1.375095431243062194e+02 9.231995631557326476e+01 1.607185966502829615e+02
3.325000000000000178e+00 1.605887882787973897e+00 1.381364071089010963e+02 9.281654083168537284e+01 1.615249567241643263e+02
3.330000000000000071e+00 1.607155694229572163e+00 1.387630387735005684e+02 9.331319059212385980e+01 1.623308517717474047e+02
3.334999999999999964e+00 1.608423856772927873e+00 1.393894287582645575e+02 9.380989568037159643e+01 1.631362650952838464e+02
3.339999999999999858e+00 1.609692388181460876e+00 1.400155642422585913e+02 9.430664092119957331e+01 1.639411711137581165e+02
3.345000000000000195e+00 1.610961306493419842e+00 1.406414310752794279e+02 9.480341047809396571e+01 1.647455419209711351e+02
3.350000000000000089e+00 1.612230630023444355e+00 1.412670216485812205e+02 9.530020314381371804e+01 1.655493695693009784e+02
3.354999999999999982e+00 1.613500377364142535e+00 1.418923268293032436e+02 9.579701014153393146e+01 1.663526448907855126e+02
3.359999999999999876e+00 1.614770567387667999e+00 1.425173260125585557e+02 9.629381077783715170e+01 1.671553406089939813e+02
3.365000000000000213e+00 1.616041219247312144e+00 1.431420284472679043e+02 9.679060509074078311e+01 1.679574315778129403e+02
3.370000000000000107e+00 1.617312352379102647e+00 1.437664075413354965e+02 9.728737641668944036e+01 1.687589100376004865e+02
3.375000000000000000e+00 1.618583986503417060e+00 1.443904600089208543e+02 9.778411625174678079e+01 1.695597537622453217e+02
3.379999999999999893e+00 1.619856141626595081e+00 1.450141777261877678e+02 9.828081849462137143e+01 1.703599542152041977e+02
3.385000000000000231e+00 1.621128838042573905e+00 1.456375437890175704e+02 9.877746585266437762e+01 1.711594811844172455e+02
3.390000000000000124e+00 1.622402096334521149e+00 1.462605606665805738e+02 9.927406266344416963e+01 1.719583421203083162e+02
3.395000000000000018e+00 1.623675937376488410e+00 1.468832119017108937e+02 9.977059043147357897e+01 1.727565041719047088e+02
3.399999999999999911e+00 1.624950382335069499e+00 1.475054928265107606e+02 1.002670389522288446e+02 1.735539490057352054e+02
3.405000000000000249e+00 1.626225452671069327e+00 1.481273913348172755e+02 1.007634045575756545e+02 1.743506785939291603e+02
3.410000000000000142e+00 1.627501170141188780e+00 1.487489122219826925e+02 1.012596836800023681e+02 1.751466730910497347e+02
3.415000000000000036e+00 1.628777556799715365e+00 1.493700287962563777e+02 1.017558560703022295e+02 1.759419094480105912e+02
3.419999999999999929e+00 1.630054635000228513e+00 1.499907463294406682e+02 1.022519153911456584e+02 1.767363671607839422e+02
3.425000000000000266e+00 1.631332427397314877e+00 1.506110522044663753e+02 1.027478663660049563e+02 1.775300697540222359e+02
3.430000000000000160e+00 1.632610956948298497e+00 1.512309421324530661e+02 1.032436832993869160e+02 1.783229566291867911e+02
3.435000000000000053e+00 1.633890246914980304e+00 1.518504133187955460e+02 1.037393780774065419e+02 1.791150610624100921e+02
3.439999999999999947e+00 1.635170320865392934e+00 1.524694554371885147e+02 1.042349350755468436e+02 1.799063493429297580e+02
3.445000000000000284e+00 1.636451202675564431e+00 1.530880557851227195e+02 1.047303368516365225e+02 1.806967982272261395e+02
3.450000000000000178e+00 1.637732916531301264e+00 1.537062210707605061e+02 1.052255934472821792e+02 1.814864193268935253e+02
3.455000000000000071e+00 1.639015486929979559e+00 1.543239358149833151e+02 1.057206864811410867e+02 1.822751877060698291e+02
3.459999999999999964e+00 1.640298938682350771e+00 1.549411990708104554e+02 1.062156182366804416e+02 1.830631041876706604e+02
3.464999999999999858e+00 1.641583296914366441e+00 1.555580080817259443e+02 1.067103746171691512e+02 1.838501454053890143e+02
3.470000000000000195e+00 1.642868587069010289e+00 1.561743582835076154e+02 1.072049574351969170e+02 1.846363141526572349e+02
3.475000000000000089e+00 1.644154834908149621e+00 1.567902376245312439e+02 1.076993528134590008e+02 1.854215898418304960e+02
3.479999999999999982e+00 1.645442066514400281e+00 1.574056420216792276e+02 1.081935547409664338e+02 1.862059651692447346e+02
3.484999999999999876e+00 1.646730308293007594e+00 1.580205807513499110e+02 1.086875708775355207e+02 1.869894475098956264e+02
3.490000000000000213e+00 1.648019586973742623e+00 1.586350352530840269e+02 1.091813796128394358e+02 1.877720093221124955e+02
3.495000000000000107e+00 1.649309929612814640e+00 1.592489997230466656e+02 1.096749795582452549e+02 1.885536481128144999e+02
3.500000000000000000e+00 1.650601363594798476e+00 1.598624985145634412e+02 1.101683875754068964e+02 1.893343814773166400e+02
3.504999999999999893e+00 1.651893916634581849e+00 1.604738387408353333e+02 1.106601804462857643e+02 1.901094364863118358e+02
3.510000000000000231e+00 1.653187616779326907e+00 1.610846921331482804e+02 1.111517591645440604e+02 1.908835079459614690e+02
3.515000000000000124e+00 1.654482492410449757e+00 1.616950211386417209e+02 1.116430890852648758e+02 1.916565559323155981e+02
3.520000000000000018e+00 1.655778572245619973e+00 1.623048378354564250e+02 1.121341745904409777e+02 1.924285757428841066e+02
3.524999999999999911e+00 1.657075885340773880e+00 1.629141176912984292e+02 1.126249980483554509e+02 1.931995584935692989e+02
3.530000000000000249e+00 1.658374461092151142e+00 1.635229104017475947e+02 1.131155955967606559e+02 1.939695335206956202e+02
3.535000000000000142e+00 1.659674329238346902e+00 1.641311658580126789e+02 1.136059227516235524e+02 1.947384510134777997e+02
3.540000000000000036e+00 1.660975519862385452e+00 1.647389089967040263e+02 1.140959969751482816e+02 1.955063289331154124e+02
3.544999999999999929e+00 1.662278063393811456e+00 1.653461287595322915e+02 1.145858112023536677e+02 1.962731629415459338e+02
3.550000000000000266e+00 1.663581990610803807e+00 1.659528394402269953e+02 1.150753738279456542e+02 1.970389597774146182e+02
3.555000000000000160e+00 1.664887332642308815e+00 1.665590142590930895e+02 1.155646585544384806e+02 1.978036878460175387e+02
3.560000000000000053e+00 1.666194120970192039e+00 1.671646546723686413e+02 1.160536562350681038e+02 1.985673258033815500e+02
3.564999999999999947e+00 1.667502387431416100e+00 1.677697847706314178e+02 1.165424059664800751e+02 1.993299442953445180e+02
3.570000000000000284e+00 1.668812164220237593e+00 1.683743979186017441e+02 1.170308820304727959e+02 2.000914896161680758e+02
3.575000000000000178e+00 1.670123483890425531e+00 1.689784762613095666e+02 1.175190767452835416e+02 2.008519688321412389e+02
3.580000000000000071e+00 1.671436379357503110e+00 1.695820230179368480e+02 1.180069835127374773e+02 2.016113646255227252e+02
3.584999999999999964e+00 1.672750883901015451e+00 1.701850656567356168e+02 1.184946301557541801e+02 2.023697164107620097e+02
3.589999999999999858e+00 1.674067031166816655e+00 1.707875783989499041e+02 1.189819855261447117e+02 2.031269783121731223e+02
3.595000000000000195e+00 1.675384855169382847e+00 1.713895621166448962e+02 1.194690525392448421e+02 2.038831672045914445e+02
3.600000000000000089e+00 1.676704390294149860e+00 1.719910327990472467e+02 1.199558408697177754e+02 2.046382846361169072e+02
3.604999999999999982e+00 1.678025671299876453e+00 1.725919911500589876e+02 1.204423549206137380e+02 2.053923451330196883e+02
3.609999999999999876e+00 1.679348733321033071e+00 1.731924388437265918e+02 1.209285878352028902e+02 2.061453404067553379e+02
3.615000000000000213e+00 1.680673611870211692e+00 1.737923634774219011e+02 1.214145218611253370e+02 2.068972374655614885e+02
3.620000000000000107e+00 1.682000342840573426e+00 1.743917801741935421e+02 1.219001785775060398e+02 2.076480825797337957e+02
3.625000000000000000e+00 1.683328962508309878e+00 1.749906754582244730e+02 1.223855341773759307e+02 2.083978353389841232e+02
3.629999999999999893e+00 1.684659507535143819e+00 1.755890808194937733e+02 1.228706199394411698e+02 2.091465369310958806e+02
3.635000000000000231e+00 1.685992014970846498e+00 1.761869839067738610e+02 1.233554209439820255e+02 2.098941745536033068e+02
3.640000000000000124e+00 1.687326522255794936e+00 1.767843874791032306e+02 1.238399409039474648e+02 2.106407556379245420e+02
3.645000000000000018e+00 1.688663067223552527e+00 1.773812903133021734e+02 1.243241684812985426e+02 2.113862629067751868e+02
3.649999999999999911e+00 1.690001688103477839e+00 1.779776960290986096e+02 1.248081074234271171e+02 2.121307033041473176e+02
3.655000000000000249e+00 1.691342423523365834e+00 1.785736206084363289e+02 1.252917737222954457e+02 2.128741029194714827e+02
3.660000000000000142e+00 1.692685312512123508e+00 1.791690530876575735e+02 1.257751541097870813e+02 2.136164520854373166e+02
3.665000000000000036e+00 1.694030394502469727e+00 1.797640088600430772e+02 1.262582547314726753e+02 2.143577428379930438e+02
3.669999999999999929e+00 1.695377709333675487e+00 1.803584904785109302e+02 1.267410797418453114e+02 2.150979995732888028e+02
3.675000000000000266e+00 1.696727297254325917e+00 1.809524995244689762e+02 1.272236255891705952e+02 2.158372146731842349e+02
3.680000000000000160e+00 1.698079198925130706e+00 1.815460413806109159e+02 1.277058945916700878e+02 2.165753846726704808e+02
3.685000000000000053e+00 1.699433455421752726e+00 1.821391274996025231e+02 1.281879034813430565e+02 2.173125593440506975e+02
3.689999999999999947e+00 1.700790108237682396e+00 1.827317518144618305e+02 1.286696298974954118e+02 2.180486821465276819e+02
3.695000000000000284e+00 1.702149199287140036e+00 1.833239420562004511e+02 1.291511070861922690e+02 2.187838159724693412e+02
3.700000000000000178e+00 1.703510770908022831e+00 1.839156722245747915e+02 1.296322985268389516e+02 2.195179085010644258e+02
3.705000000000000071e+00 1.704874865864877798e+00 1.845069631381335000e+02 1.301132269037888989e+02 2.202509967897284753e+02
3.709999999999999964e+00 1.706241527351919807e+00 1.850978267810581883e+02 1.305939075791239645e+02 2.209831107444847191e+02
3.714999999999999858e+00 1.707610798996081591e+00 1.856882694427298759e+02 1.310743333924452543e+02 2.217142314614542045e+02
3.720000000000000195e+00 1.708982724860113711e+00 1.862782924159192248e+02 1.315545025402859096e+02 2.224443612397718653e+02
3.725000000000000089e+00 1.710357349445704500e+00 1.868678872797676149e+02 1.320344075941200401e+02 2.231734982442607418e+02
3.729999999999999982e+00 1.711734717696661745e+00 1.874570974552175926e+02 1.325140935088512606e+02 2.239017067435820252e+02
3.734999999999999876e+00 1.713114875002117454e+00 1.880458995010393437e+02 1.329935187336322997e+02 2.246289299191303428e+02
3.740000000000000213e+00 1.714497867199787251e+00 1.886343095824269085e+02 1.334727091287923031e+02 2.253552069746309030e+02
3.745000000000000107e+00 1.715883740579261962e+00 1.892223312401087014e+02 1.339516587140343518e+02 2.260805337680292268e+02
3.750000000000000000e+00 1.717272541885350057e+00 1.898099821143177905e+02 1.344303846913814482e+02 2.268049358407436387e+02
3.754999999999999893e+00 1.718664318321458495e+00 1.903972688274726863e+02 1.349088844781604450e+02 2.275284103634321298e+02
3.760000000000000231e+00 1.720059117553022654e+00 1.909842048681636584e+02 1.353871820683796727e+02 2.282510047873131782e+02
3.765000000000000124e+00 1.721456987710977105e+00 1.915707690133849042e+02 1.358652349698899116e+02 2.289726513334521485e+02
3.770000000000000018e+00 1.722857977395276574e+00 1.921570045943782077e+02 1.363430952733631614e+02 2.296934315855632747e+02
3.774999999999999911e+00 1.724262135678464647e+00 1.927428903256686397e+02 1.368207337333874989e+02 2.304133117797506713e+02
3.780000000000000249e+00 1.725669512109285098e+00 1.933284702795540397e+02 1.372981923837337490e+02 2.311323499513676154e+02
3.785000000000000142e+00 1.727080156716347847e+00 1.939137168655478547e+02 1.377754526180482344e+02 2.318505414599273706e+02
3.790000000000000036e+00 1.728494120011841551e+00 1.944986709408148897e+02 1.382525251599677176e+02 2.325678707204123157e+02
3.794999999999999929e+00 1.729911452995299248e+00 1.950833080672932169e+02 1.387293916509295570e+02 2.332843327984704160e+02
3.800000000000000266e+00 1.731332207157411762e+00 1.956676691462449185e+02 1.392060961866812931e+02 2.339999905841696091e+02
3.805000000000000160e+00 1.732756434483898600e+00 1.962517467614620159e+02 1.396826239164088577e+02 2.347148364050772216e+02
3.810000000000000053e+00 1.734184187459427706e+00 1.968355489818180502e+02 1.401589748425114124e+02 2.354288658145935358e+02
3.814999999999999947e+00 1.735615519071593615e+00 1.974191018806685634e+02 1.406351851344201407e+02 2.361421419349613871e+02
3.820000000000000284e+00 1.737050482814948671e+00 1.980024019007042284e+02 1.411112317122818354e+02 2.368546202352689249e+02
3.825000000000000178e+00 1.738489132695088868e+00 1.985854517358098406e+02 1.415871187207781077e+02 2.375663316048787692e+02
3.830000000000000071e+00 1.739931523232801869e+00 1.991682862917427030e+02 1.420628825289527128e+02 2.382773128728443339e+02
3.834999999999999964e+00 1.741377709468272084e+00 1.997509067135789280e+02 1.425385186556007113e+02 2.389875759389742882e+02
3.839999999999999858e+00 1.742827746965340152e+00 2.003333068774778098e+02 1.430140122553243032e+02 2.396970943323798622e+02
3.845000000000000195e+00 1.744281691815829705e+00 2.009155166284042195e+02 1.434893976667513016e+02 2.404059331497661560e+02
3.850000000000000089e+00 1.745739600643932299e+00 2.014975336977522318e+02 1.439646641443056296e+02 2.411140759679179268e+02
3.854999999999999982e+00 1.747201530610656750e+00 2.020793871136536097e+02 1.444398327577826819e+02 2.418215483655315552e+02
3.859999999999999876e+00 1.748667539418339745e+00 2.026610684932353479e+02 1.449148952218463648e+02 2.425283578643276314e+02
3.865000000000000213e+00 1.750137685315223512e+00 2.032425971785977481e+02 1.453898696423500212e+02 2.432345176557938373e+02
3.870000000000000107e+00 1.751612027100100555e+00 2.038239948404342101e+02 1.458647687975068550e+02 2.439400618066106006e+02
3.875000000000000000e+00 1.753090624127023878e+00 2.044052518040938651e+02 1.463395862452868528e+02 2.446449981543491958e+02
3.879999999999999893e+00 1.754573536310083837e+00 2.049864009573841486e+02 1.468143432562108330e+02 2.453493386676904322e+02
3.885000000000000231e+00 1.756060824128258258e+00 2.055674504324019551e+02 1.472890501217846406e+02 2.460531157582459230e+02
3.890000000000000124e+00 1.757552548630337386e+00 2.061484031184309629e+02 1.477637016028635628e+02 2.467563246530011156e+02
3.895000000000000018e+00 1.759048771439909009e+00 2.067292709994208053e+02 1.482383036815240018e+02 2.474589774148319634e+02
3.899999999999999911e+00 1.760549554760425739e+00 2.073100797274704234e+02 1.487128920243308414e+02 2.481611342768750035e+02
3.905000000000000249e+00 1.762054961380348228e+00 2.078908308384876023e+02 1.491874458294249450e+02 2.488627691296759394e+02
3.910000000000000142e+00 1.763565054678360111e+00 2.084715357276256498e+02 1.496619851254118032e+02 2.495639120088127072e+02
3.915000000000000036e+00 1.765079898628665322e+00 2.090522049194523220e+02 1.501365069624869193e+02 2.502645705372782459e+02
3.919999999999999929e+00 1.766599557806353804e+00 2.096328757300206291e+02 1.506110548429543030e+02 2.509648119441825713e+02
3.925000000000000266e+00 1.768124097392861804e+00 2.102135382398211618e+02 1.510856087785229249e+02 2.516646062406892383e+02
3.930000000000000160e+00 1.769653583181507006e+00 2.107942101309579073e+02 1.515601857790564964e+02 2.523639896517140073e+02
3.935000000000000053e+00 1.771188081583099816e+00 2.113749023987303701e+02 1.520347942381958717e+02 2.530629895242861380e+02
3.939999999999999947e+00 1.772727659631656794e+00 2.119556343237631211e+02 1.525094409512176981e+02 2.537616015515169465e+02
3.945000000000000284e+00 1.774272384990179141e+00 2.125364118201990777e+02 1.529841323855957285e+02 2.544598505874888019e+02
3.950000000000000178e+00 1.775822325956536885e+00 2.131172572498843181e+02 1.534588947864590409e+02 2.551577871975536880e+02
3.955000000000000071e+00 1.777377551469432548e+00 2.136981803450721884e+02 1.539337177422090122e+02 2.558553908812777138e+02
3.959999999999999964e+00 1.778938131114458976e+00 2.142791962012437637e+02 1.544086272311416792e+02 2.565527147921957862e+02
3.965000000000000302e+00 1.780504135130244192e+00 2.148603306624175957e+02 1.548836431673886693e+02 2.572497876101967336e+02
3.970000000000000195e+00 1.782075634414699072e+00 2.154415763309094984e+02 1.553587464535452796e+02 2.579465919006501622e+02
3.975000000000000089e+00 1.783652700531359159e+00 2.160229539058730666e+02 1.558339610373816129e+02 2.586431733106831530e+02
3.979999999999999982e+00 1.785235405715812629e+00 2.166044834970105910e+02 1.563092993591348261e+02 2.593395466314629516e+02
3.984999999999999876e+00 1.786823822882243729e+00 2.171861769626816283e+02 1.567847641513574501e+02 2.600357249751373274e+02
3.990000000000000213e+00 1.788418025630066133e+00 2.177680384261396682e+02 1.572603630804270836e+02 2.607317344482589192e+02
3.995000000000000107e+00 1.790018088250662442e+00 2.183501044323471660e+02 1.577361312310775077e+02 2.614276304469571528e+02
4.000000000000000000e+00 1.791624085734228267e+00 2.189323842862855258e+02 1.582120680873055392e+02 2.621234090548933295e+02
