% raindrop T-matrix calculations using the code of Leinonen, J., "Python code for T-matrix scattering calculations". Available at https://github.com/jleinonen/pytmatrix/. 
% 
% refractive index calculations after Ray, P., 1972:  Broadband Complex Refractive Indices of Ice and Water, Appl. Opt. 11, 1836-1844 
% 
% raindrop aspect ratio estimated with the methodology of Brandes, Edward & Zhang, Guifu & Vivekanandan, Jothiram. (2005). Corrigendum. Journal of Applied Meteorology. 44. 186-. 10.1175/1520-0450(2005)44<186:C>2.0.CO;2. 
% 
% wave length: 12.491352 mm 
% temperature: 303.15 K 
% refractive index: 6.705310821533203125e+00 + 2.653269767761230469e+00 i 
% 
%r_eqv[mm]               axial ratio              ext[mm2]                 sca[mm2]                 back[mm2]
5.000000000000000104e-03 9.999900000999989436e-01 2.949818817859386370e-08 7.704064515929621275e-15 1.155589054955572617e-14
1.000000000000000021e-02 9.999900000999989436e-01 2.361345171408066657e-07 4.930707564042904601e-13 7.395532283390305194e-13
1.499999999999999944e-02 9.999900000999989436e-01 7.977939687056700767e-07 5.616584493982597951e-12 8.423520245222246565e-12
2.000000000000000042e-02 9.999900000999989436e-01 1.893861273756988903e-06 3.155923949837961381e-11 4.732530724987571939e-11
2.500000000000000139e-02 9.999900000999989436e-01 3.705982046769140704e-06 1.203967149899172785e-10 1.805142874742935809e-10
2.999999999999999889e-02 9.999900000999989436e-01 6.418833145429720691e-06 3.595309990434297866e-10 5.389491064974375450e-10
3.500000000000000333e-02 9.999900000999989436e-01 1.022090509592425461e-05 9.066873470602412365e-10 1.358838593593911949e-09
4.000000000000000083e-02 9.999900000999989436e-01 1.530529782289468253e-05 2.020486553893355566e-09 3.027259218750242991e-09
4.499999999999999833e-02 9.999900000999989436e-01 2.187052316867430879e-05 4.096605361065945460e-09 6.136002354102703581e-09
5.000000000000000278e-02 9.999900000999989436e-01 3.012133455870666786e-05 7.709537388671811796e-09 1.154361555041930914e-08
5.500000000000000028e-02 9.999900000999989436e-01 4.026956370441170488e-05 1.365997685567263222e-08 2.044560841780250916e-08
5.999999999999999778e-02 9.999900000999989436e-01 5.253498032086833489e-05 2.302784174982232605e-08 3.445277683365585412e-08
6.500000000000000222e-02 9.999900000999989436e-01 6.714617257208873701e-05 3.723093730103124196e-08 5.567756705753568732e-08
7.000000000000000666e-02 9.999900000999989436e-01 8.434143520824271905e-05 5.808935943978380443e-08 8.682854092197245524e-08
7.499999999999999722e-02 9.999900000999989436e-01 1.043697142371682456e-04 8.789552688586837175e-08 1.313126785319989768e-07
8.000000000000000167e-02 9.999900000999989436e-01 1.274915210493647903e-04 1.294900170381961953e-07 1.933456755802282911e-07
8.500000000000000611e-02 9.999900000999989436e-01 1.539799334292522653e-04 1.863431930637732447e-07 2.780701024629509401e-07
8.999999999999999667e-02 9.999900000999989436e-01 1.841215928967924337e-04 2.626425384537925774e-07 3.916811777225625727e-07
9.500000000000000111e-02 9.999900000999989436e-01 2.182177152294435569e-04 3.633859074189996199e-07 5.415603359164610990e-07
1.000000000000000056e-01 9.999900000999989436e-01 2.565851605602937225e-04 4.944807619931305391e-07 7.364165577670317213e-07
1.049999999999999961e-01 9.999900000999989436e-01 2.995575206975853552e-04 6.628490966856277877e-07 9.864348640486341318e-07
1.100000000000000006e-01 9.999900000999989436e-01 3.474863021771391999e-04 8.765384005525303437e-07 1.303432342968151132e-06
1.150000000000000050e-01 9.999900000999989436e-01 4.007420002950801965e-04 1.144839079472029883e-06 1.701022175552115738e-06
1.199999999999999956e-01 9.999900000999989436e-01 4.597153258361473148e-04 1.478406951627013617e-06 2.194783412053347941e-06
1.250000000000000000e-01 9.999900000999989436e-01 5.248185643416528653e-04 1.889393470951046787e-06 2.802440283180781991e-06
1.300000000000000044e-01 9.999900000999989436e-01 5.964866882010932481e-04 2.391580160820854259e-06 3.544045595354403862e-06
1.350000000000000089e-01 9.999900000999989436e-01 6.751788469756439363e-04 3.000520462719020235e-06 4.442172830028637676e-06
1.400000000000000133e-01 9.999900000999989436e-01 7.613795037870036125e-04 3.733689434779858929e-06 5.522117296066447289e-06
1.449999999999999900e-01 9.999900000999989436e-01 8.556002575590744173e-04 4.610635083568873100e-06 6.812096994830396658e-06
1.499999999999999944e-01 9.999900000999989436e-01 9.583810123101667864e-04 5.653142090537794063e-06 8.343468874502201803e-06
1.549999999999999989e-01 9.999900000999989436e-01 1.070291424692639036e-03 6.885398571545172611e-06 1.015094631851260673e-05
1.600000000000000033e-01 9.999900000999989436e-01 1.191933063821295526e-03 8.334168472665919256e-06 1.227282169384546283e-05
1.650000000000000078e-01 9.999900000999989436e-01 1.323940153284654513e-03 1.002897553357967558e-05 1.475120214074829266e-05
1.700000000000000122e-01 9.999900000999989436e-01 1.466982332534332023e-03 1.200228803689700838e-05 1.763224283283959417e-05
1.750000000000000167e-01 9.999900000999989436e-01 1.621765403839915340e-03 1.428971444824790416e-05 2.096639193577695345e-05
1.799999999999999933e-01 9.999900000999989436e-01 1.789033941809846460e-03 1.693020452058567035e-05 2.480863943334937923e-05
1.849999999999999978e-01 9.999900000999989436e-01 1.969573064233903423e-03 1.996625995203852745e-05 2.921877515390128928e-05
1.900000000000000022e-01 1.000338260324268314e+00 2.164581664932462880e-03 2.345021535447969590e-05 3.427078960801292166e-05
1.950000000000000067e-01 1.000344839311130496e+00 2.374223191452797151e-03 2.742135472698993930e-05 4.001832212725365217e-05
2.000000000000000111e-01 1.000357515291503407e+00 2.599762301131732650e-03 3.193940155651908176e-05 4.654504632983946951e-05
2.050000000000000155e-01 1.000376259251188893e+00 2.842167984301474139e-03 3.706337214314388398e-05 5.393272849261098004e-05
2.099999999999999922e-01 1.000401042453005207e+00 3.102460079135695419e-03 4.285703840875742301e-05 6.226936780066872886e-05
2.149999999999999967e-01 1.000431836433301802e+00 3.381712397164189383e-03 4.938913410260252138e-05 7.164941460438652621e-05
2.200000000000000011e-01 1.000468612998516083e+00 3.681054639464043793e-03 5.673364138959003993e-05 8.217409972501343353e-05
2.250000000000000056e-01 1.000511344221778787e+00 4.001675383359564256e-03 6.497009637788509330e-05 9.395178556914691895e-05
2.300000000000000100e-01 1.000560002439564444e+00 4.344824465107924132e-03 7.418379692358936578e-05 1.070981649729054234e-04
2.350000000000000144e-01 1.000614560248383578e+00 4.711815768168182116e-03 8.446618686957505829e-05 1.217367136883765595e-04
2.399999999999999911e-01 1.000674990501522643e+00 5.104030238171199628e-03 9.591507666746674674e-05 1.379988932509001835e-04
2.449999999999999956e-01 1.000741266305821942e+00 5.522919244333573605e-03 1.086350132527525662e-04 1.560245661785467498e-04
2.500000000000000000e-01 1.000813361018499714e+00 5.970006803984282719e-03 1.227375750276916825e-04 1.759622939173923167e-04
2.550000000000000044e-01 1.000891248244015541e+00 6.446893641850783008e-03 1.383417001753675776e-04 1.979696715048398937e-04
2.600000000000000089e-01 1.000974901830975039e+00 6.955259918963448834e-03 1.555740251669684559e-04 2.222136739740303074e-04
2.650000000000000133e-01 1.001064295869075416e+00 7.496868775691662226e-03 1.745692862426029594e-04 2.488710848045056585e-04
2.700000000000000178e-01 1.001159404686088994e+00 8.073571213467051200e-03 1.954705801967392554e-04 2.781287013381980654e-04
2.750000000000000222e-01 1.001260202844886926e+00 8.687307230795937932e-03 2.184298671287496555e-04 3.101839042701400582e-04
2.800000000000000266e-01 1.001366665140501100e+00 9.340112038983924836e-03 2.436082795859433210e-04 3.452449132693573590e-04
2.850000000000000311e-01 1.001478766597222014e+00 1.003411826352175289e-02 2.711765163750156434e-04 3.835311713231370984e-04
2.899999999999999800e-01 1.001596482465736404e+00 1.077156328199820566e-02 3.013152458253690914e-04 4.252737320326422320e-04
2.949999999999999845e-01 1.001719788220298835e+00 1.155478817589884050e-02 3.342155924808305756e-04 4.707157508899616140e-04
2.999999999999999889e-01 1.001848659555939935e+00 1.238624775156665740e-02 3.700795455936517378e-04 5.201128714907634351e-04
3.049999999999999933e-01 1.001983072385710605e+00 1.326850950767989416e-02 4.091204087949863190e-04 5.737336432454922348e-04
3.099999999999999978e-01 1.002123002837959964e+00 1.420426582868898786e-02 4.515632250168255253e-04 6.318599051533688388e-04
3.150000000000000022e-01 1.002268427253648841e+00 1.519632996557699137e-02 4.976453275244493036e-04 6.947873537774346348e-04
3.200000000000000067e-01 1.002419322183694117e+00 1.624764851580287259e-02 5.476166612704417343e-04 7.628257471157023819e-04
3.250000000000000111e-01 1.002575664386349930e+00 1.736130146799967286e-02 6.017406443019539340e-04 8.362999090032504756e-04
3.300000000000000155e-01 1.002737430824617970e+00 1.854051140909895867e-02 6.602943407749251687e-04 9.155497155543112098e-04
3.350000000000000200e-01 1.002904598663692415e+00 1.978864739214654736e-02 7.235691772104659979e-04 1.000930870626735771e-03
3.400000000000000244e-01 1.003077145268434833e+00 2.110922867218713306e-02 7.918713994167591967e-04 1.092815298443063901e-03
3.450000000000000289e-01 1.003255048200880628e+00 2.250593306777220332e-02 8.655229826937895941e-04 1.191592183059986439e-03
3.500000000000000333e-01 1.003438285217776782e+00 2.398260321978399473e-02 9.448615562370847858e-04 1.297667596499919515e-03
3.549999999999999822e-01 1.003626834268148693e+00 2.554324957216616218e-02 1.030241810767058841e-03 1.411466247741538765e-03
3.599999999999999867e-01 1.003820673490896542e+00 2.719206105739555707e-02 1.122035693502199637e-03 1.533431544105474465e-03
3.649999999999999911e-01 1.004019781212422524e+00 2.893340856809193534e-02 1.220632763806384167e-03 1.664025741315235509e-03
3.699999999999999956e-01 1.004224135944284502e+00 3.077185025724512094e-02 1.326442091712739992e-03 1.803732533620875733e-03
3.750000000000000000e-01 1.004433716380879638e+00 3.271214035384507890e-02 1.439891044248317467e-03 1.953055000331506506e-03
3.800000000000000044e-01 1.004648501397155336e+00 3.475923458536335497e-02 1.561428103756696282e-03 2.112519398625996130e-03
3.850000000000000089e-01 1.004868470046347273e+00 3.691830420993284789e-02 1.691521747919846148e-03 2.282673418502779560e-03
3.900000000000000133e-01 1.005093601557745631e+00 3.919472756560010707e-02 1.830663039581325582e-03 2.464089629175748863e-03
3.950000000000000178e-01 1.005323875334485528e+00 4.159410849494799001e-02 1.979364547999609182e-03 2.657363770853196638e-03
4.000000000000000222e-01 1.005559270951367434e+00 4.412228596480670395e-02 2.138162784293979463e-03 2.863118100197025589e-03
4.050000000000000266e-01 1.005799768152698448e+00 4.678533211241779621e-02 2.307618077559862608e-03 3.082001169759827301e-03
4.100000000000000311e-01 1.006045346850164002e+00 4.958955678139122247e-02 2.488316152086146593e-03 3.314689781019086214e-03
4.150000000000000355e-01 1.006295987120720881e+00 5.254153629339298331e-02 2.680868765108685488e-03 3.561890215475002272e-03
4.199999999999999845e-01 1.006551669204517108e+00 5.564809354038074973e-02 2.885913757979590051e-03 3.824337927463415231e-03
4.249999999999999889e-01 1.006812373502834479e+00 5.891631498532456240e-02 3.104117677074793354e-03 4.102801658830478558e-03
4.299999999999999933e-01 1.007078080576055967e+00 6.235356384848933509e-02 3.336176469874497109e-03 4.398084484772067995e-03
4.349999999999999978e-01 1.007348771141657329e+00 6.596748221899287334e-02 3.582814776939720596e-03 4.711022843059384062e-03
4.400000000000000022e-01 1.007624426072219359e+00 6.976599331957630823e-02 3.844790138468993056e-03 5.042493022933079369e-03
4.450000000000000067e-01 1.007905026393466796e+00 7.375730827588097838e-02 4.122890440102464603e-03 5.393407910878548171e-03
4.500000000000000111e-01 1.008190553282325652e+00 7.794994093830588666e-02 4.417938432896265435e-03 5.764723664244028947e-03
4.550000000000000155e-01 1.008480988065006079e+00 8.235269968420595721e-02 4.730792055250073770e-03 6.157441005117608203e-03
4.600000000000000200e-01 1.008776312215104998e+00 8.697470648535868265e-02 5.062343047870915963e-03 6.572603762565353523e-03
4.650000000000000244e-01 1.009076507351731156e+00 9.182538662087355585e-02 5.413522426941961424e-03 7.011307844815124583e-03
4.700000000000000289e-01 1.009381555237651273e+00 9.691447512008924403e-02 5.785298710041294340e-03 7.474699079651575713e-03
4.750000000000000333e-01 1.009691437777457068e+00 1.022520315723017131e-01 6.178682102366855021e-03 7.963981081885214072e-03
4.799999999999999822e-01 1.010006137015752481e+00 1.078484384065711843e-01 6.594721174276231036e-03 8.480411122590913314e-03
4.849999999999999867e-01 1.010325635135361333e+00 1.137143815370058181e-01 7.034513041617618256e-03 9.025316632747974049e-03
4.899999999999999911e-01 1.010649914455556075e+00 1.198608739814108620e-01 7.499192222513228340e-03 9.600080882455865744e-03
4.949999999999999956e-01 1.010978957430304748e+00 1.262992514912339159e-01 7.989945072468971829e-03 1.020616557599758611e-02
5.000000000000000000e-01 1.011312746646537475e+00 1.330411642197969202e-01 8.508005169914676855e-03 1.084510618027448650e-02
5.050000000000000044e-01 1.011651264822433394e+00 1.400985678508440690e-01 9.054651895575823936e-03 1.151851260620903941e-02
5.100000000000000089e-01 1.011994494805724676e+00 1.474837153834633596e-01 9.631219233634134499e-03 1.222808467708636805e-02
5.150000000000000133e-01 1.012342419572020980e+00 1.552091782774280282e-01 1.023909503193016352e-02 1.297561325733864734e-02
5.200000000000000178e-01 1.012695022223150554e+00 1.632878163190209231e-01 1.087971966027854488e-02 1.376298251432019927e-02
5.250000000000000222e-01 1.013052285985520662e+00 1.717327562661421503e-01 1.155459084578594475e-02 1.459218046766119770e-02
5.300000000000000266e-01 1.013414194208494434e+00 1.805573915735619872e-01 1.226526573597166991e-02 1.546530492634053816e-02
5.350000000000000311e-01 1.013780730362787486e+00 1.897753739321621502e-01 1.301336486844212152e-02 1.638457491573060490e-02
5.400000000000000355e-01 1.014151878038878962e+00 1.994005741217663996e-01 1.380056705649031039e-02 1.735232689665481415e-02
5.450000000000000400e-01 1.014527620945441466e+00 2.094470821508554459e-01 1.462861854646699961e-02 1.837103396867206806e-02
5.500000000000000444e-01 1.014907942907788518e+00 2.199291810752434240e-01 1.549933347340449324e-02 1.944331134230353059e-02
5.550000000000000488e-01 1.015292827866336012e+00 2.308612866821485865e-01 1.641459607709379667e-02 2.057192593606533074e-02
5.600000000000000533e-01 1.015682259875082316e+00 2.422579727668857930e-01 1.737635698520577712e-02 2.175979772870960047e-02
5.650000000000000577e-01 1.016076223100103704e+00 2.541339070625551755e-01 1.838664731489041138e-02 2.301002625092105416e-02
5.700000000000000622e-01 1.016474701818065096e+00 2.665038283895581617e-01 1.944757119395111589e-02 2.432588625277359515e-02
5.750000000000000666e-01 1.016877680414747243e+00 2.793824487545692459e-01 2.056130928432086530e-02 2.571084390139716236e-02
5.799999999999999600e-01 1.017285143383589441e+00 2.927845161058701962e-01 2.173012392277658827e-02 2.716856874561708254e-02
5.849999999999999645e-01 1.017697075324246692e+00 3.067246680352123112e-01 2.295636562517279142e-02 2.870295273510753420e-02
5.899999999999999689e-01 1.018113460941162618e+00 3.212174497152104902e-01 2.424246439065301170e-02 3.031810825742879342e-02
5.949999999999999734e-01 1.018534285042156151e+00 3.362771828524134810e-01 2.559093576967507930e-02 3.201838422979556148e-02
5.999999999999999778e-01 1.018959532537025314e+00 3.519180428051643661e-01 2.700439368559956477e-02 3.380839618613971226e-02
6.049999999999999822e-01 1.019389188436160998e+00 3.681538102110755717e-01 2.848553206525220385e-02 3.569300911546961080e-02
6.099999999999999867e-01 1.019823237849180497e+00 3.849979798335698700e-01 3.003714770027211475e-02 3.767737979632423961e-02
6.149999999999999911e-01 1.020261665983570154e+00 4.024635808742026977e-01 3.166213193711763657e-02 3.976695771871215784e-02
6.199999999999999956e-01 1.020704458143344873e+00 4.205631155987678005e-01 3.336346676703445813e-02 4.196748958481885672e-02
6.250000000000000000e-01 1.021151599727719406e+00 4.393085931642817799e-01 3.514425017724939759e-02 4.428506420486661571e-02
6.300000000000000044e-01 1.021603076229795626e+00 4.587113398812351361e-01 3.700766288814930777e-02 4.672608058791825197e-02
6.350000000000000089e-01 1.022058873235258902e+00 4.787818433307514110e-01 3.895700434390093891e-02 4.929730679759265072e-02
6.400000000000000133e-01 1.022518976421092685e+00 4.995299844308767057e-01 4.099566710672277597e-02 5.200585425600880163e-02
6.450000000000000178e-01 1.022983371554301524e+00 5.209645885238161078e-01 4.312715298011803033e-02 5.485921330420785724e-02
6.500000000000000222e-01 1.023452044490649859e+00 5.430935710740010247e-01 4.535507692274244607e-02 5.786526670321995997e-02
6.550000000000000266e-01 1.023924981173411908e+00 5.659238267817319201e-01 4.768316170789482777e-02 6.103229403229868538e-02
6.600000000000000311e-01 1.024402167632133542e+00 5.894610719438407864e-01 5.011523111603405356e-02 6.436896829314384116e-02
6.650000000000000355e-01 1.024883589981409493e+00 6.137098875314360713e-01 5.265521812341219382e-02 6.788437716986002457e-02
6.700000000000000400e-01 1.025369234419667430e+00 6.386735044576130615e-01 5.530718552379809000e-02 7.158806026010416934e-02
6.750000000000000444e-01 1.025859087227968924e+00 6.643538532500957716e-01 5.807527819232530947e-02 7.548994396086376735e-02
6.800000000000000488e-01 1.026353134768820174e+00 6.907515039301157511e-01 6.096378052258651092e-02 7.960043321483215029e-02
6.850000000000000533e-01 1.026851363484993174e+00 7.178655457237873572e-01 6.397706431117659853e-02 8.393033500619433152e-02
6.900000000000000577e-01 1.027353759898360641e+00 7.456935262113837393e-01 6.711961852068591694e-02 8.849090669282545785e-02
6.950000000000000622e-01 1.027860310608740946e+00 7.742314339923690447e-01 7.039604868213664157e-02 9.329385407607936054e-02
7.000000000000000666e-01 1.028371002292754355e+00 8.034738348252555840e-01 7.381105573970372924e-02 9.835129966715497329e-02
7.049999999999999600e-01 1.028885821702690384e+00 8.334136327294285884e-01 7.736947246800830735e-02 1.036758302384548497e-01
7.099999999999999645e-01 1.029404755665387139e+00 8.640419843024790270e-01 8.107619417924341598e-02 1.092803935395014747e-01
7.149999999999999689e-01 1.029927791081118427e+00 8.953487456199206163e-01 8.493628732689377514e-02 1.151784448530433907e-01
7.199999999999999734e-01 1.030454914922495746e+00 9.273219722516797825e-01 8.895485931297764104e-02 1.213837524319483635e-01
7.249999999999999778e-01 1.030986114233377604e+00 9.599484203745606292e-01 9.313714244232948469e-02 1.279105034553594533e-01
7.299999999999999822e-01 1.031521376127789047e+00 9.932131532727674905e-01 9.748846720954920664e-02 1.347732530342242996e-01
7.349999999999999867e-01 1.032060687788854958e+00 1.027099917727576806e+00 1.020142876555573952e-01 1.419869459881131502e-01
7.399999999999999911e-01 1.032604036467738684e+00 1.061591148370091942e+00 1.067201198642494797e-01 1.495668061311619113e-01
7.449999999999999956e-01 1.033151409482594651e+00 1.096668086362882599e+00 1.116116005026061286e-01 1.575284038006584952e-01
7.500000000000000000e-01 1.033702794217528753e+00 1.132310679009066678e+00 1.166944405785570321e-01 1.658875652408503543e-01
7.550000000000000044e-01 1.034258178121568061e+00 1.168498079742509521e+00 1.219744528682786544e-01 1.746603873972784882e-01
7.600000000000000089e-01 1.034817548707643198e+00 1.205208497527547884e+00 1.274575459621345441e-01 1.838632073934303723e-01
7.650000000000000133e-01 1.035380893551575587e+00 1.242419348240612287e+00 1.331497002163706256e-01 1.935125358637565240e-01
7.700000000000000178e-01 1.035948200291078702e+00 1.280107590567864273e+00 1.390570179983165178e-01 2.036251094761916403e-01
7.750000000000000222e-01 1.036519456624765523e+00 1.318249771434991668e+00 1.451856518422487141e-01 2.142177474729633213e-01
7.800000000000000266e-01 1.037094650311166655e+00 1.356822140043304925e+00 1.515418486556101008e-01 2.253074001491961464e-01
7.850000000000000311e-01 1.037673769167756666e+00 1.395801157945889326e+00 1.581319575615448281e-01 2.369111151852568153e-01
7.900000000000000355e-01 1.038256801069989743e+00 1.435163163711429934e+00 1.649624197687634686e-01 2.490460117174548293e-01
7.950000000000000400e-01 1.038843733950345127e+00 1.474885025890613877e+00 1.720397566858743454e-01 2.617292209157699445e-01
8.000000000000000444e-01 1.039434555797379867e+00 1.514944110059474713e+00 1.793705413922435654e-01 2.749778128029945479e-01
8.050000000000000488e-01 1.040029254654790458e+00 1.555318452542669982e+00 1.869614726057967080e-01 2.888088997778137657e-01
8.100000000000000533e-01 1.040627818620484257e+00 1.595987011137756983e+00 1.948193556485934286e-01 3.032395583148645990e-01
8.150000000000000577e-01 1.041230235845658436e+00 1.636930135905766193e+00 2.029510367080120392e-01 3.182867150195326511e-01
8.200000000000000622e-01 1.041836494533886492e+00 1.678128793366123084e+00 2.113634797942777199e-01 3.339672476808137613e-01
8.250000000000000666e-01 1.042446582940215416e+00 1.719566034576663904e+00 2.200637320712570399e-01 3.502978952709512317e-01
8.300000000000000711e-01 1.043060489370268407e+00 1.761226249246764075e+00 2.290589806776925363e-01 3.672953462074498021e-01
8.349999999999999645e-01 1.043678202179357140e+00 1.803095203316779083e+00 2.383564407085284331e-01 3.849760366922292953e-01
8.399999999999999689e-01 1.044299709771603135e+00 1.845161035028541896e+00 2.479635041565034781e-01 4.033563665517705399e-01
8.449999999999999734e-01 1.044925000599063569e+00 1.887413528966187970e+00 2.578875674024280751e-01 4.224524157296060123e-01
8.499999999999999778e-01 1.045554063160868408e+00 1.929844360772197343e+00 2.681362490428157996e-01 4.422803093282737241e-01
8.549999999999999822e-01 1.046186886002363758e+00 1.972447519188681886e+00 2.787171644495697875e-01 4.628557942209323706e-01
8.599999999999999867e-01 1.046823457714263217e+00 2.015219231319862025e+00 2.896381427621793625e-01 4.841946366712032712e-01
8.649999999999999911e-01 1.047463766931806317e+00 2.058157722218124430e+00 3.009070283531123935e-01 5.063122660646868223e-01
8.699999999999999956e-01 1.048107802333925420e+00 2.101263459063760219e+00 3.125318890207828826e-01 5.292241355240706602e-01
8.750000000000000000e-01 1.048755552642418598e+00 2.144539466396917504e+00 3.245208035582692330e-01 5.529453512862725351e-01
8.800000000000000044e-01 1.049407006621131844e+00 2.187990454810926355e+00 3.368820237810540297e-01 5.774909842396003246e-01
8.850000000000000089e-01 1.050062153075147497e+00 2.231623864705269078e+00 3.496238945856079416e-01 6.028758956016030401e-01
8.900000000000000133e-01 1.050720980849978670e+00 2.275449111190381846e+00 3.627548839331248831e-01 6.291148074591900174e-01
8.950000000000000178e-01 1.051383478830772988e+00 2.319477368048680432e+00 3.762837032283545269e-01 6.562225745076805117e-01
9.000000000000000222e-01 1.052049635941522787e+00 2.363722536414940123e+00 3.902189760813561392e-01 6.842135059500568106e-01
9.050000000000000266e-01 1.052719441144281065e+00 2.408200082975033407e+00 4.045696467889098313e-01 7.131022187309927762e-01
9.100000000000000311e-01 1.053392883438386107e+00 2.452927376308982055e+00 4.193445375805320285e-01 7.429027943180422922e-01
9.150000000000000355e-01 1.054069951859691656e+00 2.497924029153013148e+00 4.345529074004874093e-01 7.736297527464234269e-01
9.200000000000000400e-01 1.054750635479804632e+00 2.543210540949832232e+00 4.502038650230726913e-01 8.052971278557992107e-01
9.250000000000000444e-01 1.055434923405329073e+00 2.588809994551852789e+00 4.663067440011159914e-01 8.379190658897917032e-01
9.300000000000000488e-01 1.056122804777117841e+00 2.634746487997740250e+00 4.828710518602266077e-01 8.715097573736569903e-01
9.350000000000000533e-01 1.056814268769528553e+00 2.681045141782325558e+00 4.999063106215911323e-01 9.060832190833925104e-01
9.400000000000000577e-01 1.057509304589689725e+00 2.727733322030281737e+00 5.174221858432830334e-01 9.416534296020885320e-01
9.450000000000000622e-01 1.058207901476769797e+00 2.774838520741552461e+00 5.354284105039238684e-01 9.782343825867785281e-01
9.500000000000000666e-01 1.058910048701254603e+00 2.822390004819214315e+00 5.539349334466143748e-01 1.015840186654753285e+00
9.550000000000000711e-01 1.059615735564230832e+00 2.870417642560756821e+00 5.729517025386877682e-01 1.054484789083371066e+00
9.599999999999999645e-01 1.060324951396675930e+00 2.918952123950780742e+00 5.924887566414420714e-01 1.094182112011245378e+00
9.649999999999999689e-01 1.061037685558753330e+00 2.968025015060649086e+00 6.125562435636650038e-01 1.134946164162051740e+00
9.699999999999999734e-01 1.061753927439116119e+00 3.017668086888762868e+00 6.331643650139192614e-01 1.176790855839637162e+00
9.749999999999999778e-01 1.062473666454213594e+00 3.067914121937801664e+00 6.543236284299431826e-01 1.219730556969922608e+00
9.799999999999999822e-01 1.063196892047607145e+00 3.118795700651038505e+00 6.760441079818128030e-01 1.263778719599924383e+00
9.849999999999999867e-01 1.063923593689290348e+00 3.170346078178260196e+00 6.983364435130576808e-01 1.308949714681319154e+00
9.899999999999999911e-01 1.064653760875015509e+00 3.222598238384273728e+00 7.212111140057611003e-01 1.355257467448676367e+00
9.949999999999999956e-01 1.065387383125626419e+00 3.275585904122503944e+00 7.446785980888824819e-01 1.402715884781479350e+00
1.000000000000000000e+00 1.066124449986396217e+00 3.329342046659066856e+00 7.687495718746164552e-01 1.451339091718300001e+00
1.005000000000000115e+00 1.066864951026373021e+00 3.383901733463771766e+00 7.934366163044681564e-01 1.501144626152797423e+00
1.010000000000000009e+00 1.067608875837728233e+00 3.439296265634764982e+00 8.187486206014358281e-01 1.552143280158112537e+00
1.015000000000000124e+00 1.068356214035114826e+00 3.495558405562454229e+00 8.446963846146983146e-01 1.604349233439173350e+00
1.020000000000000018e+00 1.069106955255026969e+00 3.552720311520182861e+00 8.712904767545491813e-01 1.657776140891307648e+00
1.024999999999999911e+00 1.069861089155168976e+00 3.610813785739128257e+00 8.985416887716771717e-01 1.712438043118212461e+00
1.030000000000000027e+00 1.070618605413826918e+00 3.669870684647027037e+00 9.264609448644018919e-01 1.768349150107162204e+00
1.034999999999999920e+00 1.071379493729249344e+00 3.729921304399745452e+00 9.550587634463977293e-01 1.825522971007217388e+00
1.040000000000000036e+00 1.072143743819029771e+00 3.790996530904071626e+00 9.843462506673240631e-01 1.883973905207805277e+00
1.044999999999999929e+00 1.072911345419497398e+00 3.853125400191435457e+00 1.014333840552415822e+00 1.943715238718862759e+00
1.050000000000000044e+00 1.073682288285112474e+00 3.916337283600177965e+00 1.045032554319740514e+00 2.004761197101219139e+00
1.054999999999999938e+00 1.074456562187866782e+00 3.980660367683920065e+00 1.076453080908327253e+00 2.067125367929863344e+00
1.060000000000000053e+00 1.075234156916690775e+00 4.046122066332872080e+00 1.108606286999116897e+00 2.130821640738116418e+00
1.064999999999999947e+00 1.076015062276864054e+00 4.112749178780456205e+00 1.141502733295781224e+00 2.195863408404554296e+00
1.070000000000000062e+00 1.076799268089433603e+00 4.180567421393135419e+00 1.175153231475229099e+00 2.262264436495559750e+00
1.074999999999999956e+00 1.077586764190635593e+00 4.249602025683229201e+00 1.209568625828833621e+00 2.330038427484660168e+00
1.080000000000000071e+00 1.078377540431322945e+00 4.319877157287702829e+00 1.244759535288323837e+00 2.399198774632150144e+00
1.084999999999999964e+00 1.079171586676399119e+00 4.391416468344988999e+00 1.280736729995218370e+00 2.469759058762391213e+00
1.090000000000000080e+00 1.079968892804255898e+00 4.464242000752065564e+00 1.317510939874241727e+00 2.541732827132262784e+00
1.094999999999999973e+00 1.080769448706216718e+00 4.538375795810051905e+00 1.355092669991263765e+00 2.615133077405324080e+00
1.100000000000000089e+00 1.081573244285985780e+00 4.613838712485423876e+00 1.393492681144594902e+00 2.689973408175966973e+00
1.104999999999999982e+00 1.082380269459101152e+00 4.690650621579576907e+00 1.432721961831634250e+00 2.766267597111821797e+00
1.110000000000000098e+00 1.083190514152395201e+00 4.768830478440951204e+00 1.472790975876097974e+00 2.844028741140095295e+00
1.114999999999999991e+00 1.084003968303457022e+00 4.848396524768500804e+00 1.513710239052653117e+00 2.923269645287192020e+00
1.120000000000000107e+00 1.084820621860102863e+00 4.929366596966476166e+00 1.555490618349001819e+00 3.004004033066651758e+00
1.125000000000000000e+00 1.085640464779849657e+00 5.011757403284067713e+00 1.598142881046047181e+00 3.086245180140129829e+00
1.130000000000000115e+00 1.086463487029394992e+00 5.095584280460342619e+00 1.641678045896650229e+00 3.170006966383086322e+00
1.135000000000000009e+00 1.087289678584100638e+00 5.180862805026491991e+00 1.686106276268920734e+00 3.255301591871053724e+00
1.140000000000000124e+00 1.088119029427482509e+00 5.267607651567868920e+00 1.731439152644218549e+00 3.342143758116477681e+00
1.145000000000000018e+00 1.088951529550704622e+00 5.355831811976825563e+00 1.777686726956354990e+00 3.430545513801074531e+00
1.150000000000000133e+00 1.089787168952079055e+00 5.445548891748758891e+00 1.824860550527764858e+00 3.520521402261308275e+00
1.155000000000000027e+00 1.090625937636568565e+00 5.536771284241883251e+00 1.872971232334556868e+00 3.612084391429809305e+00
1.159999999999999920e+00 1.091467825615297427e+00 5.629510489311715382e+00 1.922029897629869755e+00 3.705248164026632374e+00
1.165000000000000036e+00 1.092312822905064262e+00 5.723778343365564680e+00 1.972047794552363342e+00 3.800026743866334655e+00
1.169999999999999929e+00 1.093160919527861763e+00 5.819584980523615947e+00 2.023036007688846727e+00 3.896433779591974567e+00
1.175000000000000044e+00 1.094012105510399513e+00 5.916941017216345244e+00 2.075005695602429423e+00 3.994482881077159320e+00
1.179999999999999938e+00 1.094866370883633921e+00 6.015855996587076149e+00 2.127968619355534496e+00 4.094188880178742274e+00
1.185000000000000053e+00 1.095723705682299487e+00 6.116339286483352566e+00 2.181935539945038194e+00 4.195564581309369601e+00
1.189999999999999947e+00 1.096584099944449830e+00 6.218400249152615800e+00 2.236918270952279464e+00 4.298624659571684603e+00
1.195000000000000062e+00 1.097447543710998508e+00 6.322047257578898183e+00 2.292928946525674583e+00 4.403384621506081231e+00
1.199999999999999956e+00 1.098314027025267592e+00 6.427288692226334810e+00 2.349978658755900174e+00 4.509857519275940696e+00
1.205000000000000071e+00 1.099183539932540254e+00 6.534132423797522016e+00 2.408079553995034594e+00 4.618058595041148351e+00
1.209999999999999964e+00 1.100056072479618674e+00 6.642586673289772925e+00 2.467243935163446977e+00 4.728003426214854699e+00
1.215000000000000080e+00 1.100931614714385054e+00 6.752658695130103084e+00 2.527483620421415278e+00 4.839706251705849560e+00
1.219999999999999973e+00 1.101810156685369746e+00 6.864356492586919600e+00 2.588810955604863295e+00 4.953182411150471864e+00
1.225000000000000089e+00 1.102691688441321372e+00 6.977686887349212164e+00 2.651237891111063671e+00 5.068446543259721437e+00
1.229999999999999982e+00 1.103576200030784493e+00 7.092657139520563092e+00 2.714777595445798664e+00 5.185515384664340033e+00
1.235000000000000098e+00 1.104463681501680172e+00 7.209274972407442306e+00 2.779442631872746095e+00 5.304404523696820029e+00
1.239999999999999991e+00 1.105354122900890967e+00 7.327546624978531042e+00 2.845245060779870272e+00 5.425128397506091993e+00
1.245000000000000107e+00 1.106247514273852595e+00 7.447479663509212422e+00 2.912198730656152978e+00 5.547704768466728886e+00
1.250000000000000000e+00 1.107143845664148030e+00 7.569081511191261491e+00 2.980315708952657516e+00 5.672148201096505638e+00
1.255000000000000115e+00 1.108043107113107384e+00 7.692358172989498755e+00 3.049609826796334744e+00 5.798476105152223781e+00
1.260000000000000009e+00 1.108945288659413109e+00 7.817317773185208374e+00 3.120094211950625862e+00 5.926704904223688786e+00
1.265000000000000124e+00 1.109850380338708309e+00 7.943966405768708050e+00 3.191781764313720515e+00 6.056850245667001253e+00
1.270000000000000018e+00 1.110758372183210829e+00 8.072312615168790728e+00 3.264686631252819549e+00 6.188929859094105090e+00
1.275000000000000133e+00 1.111669254221331116e+00 8.202362644491000054e+00 3.338821644582719017e+00 6.322959684799326574e+00
1.280000000000000027e+00 1.112583016477296738e+00 8.334124072942298511e+00 3.414200617150291439e+00 6.458956443967137417e+00
1.284999999999999920e+00 1.113499648970778022e+00 8.467604133935122235e+00 3.490837577914420287e+00 6.596938064864028561e+00
1.290000000000000036e+00 1.114419141716522343e+00 8.602810583736307137e+00 3.568746261551713150e+00 6.736921274811808580e+00
1.294999999999999929e+00 1.115341484723989307e+00 8.739750566782523933e+00 3.647939978887946300e+00 6.878922112190751115e+00
1.300000000000000044e+00 1.116266667996994588e+00 8.878432563679021783e+00 3.728432915912988754e+00 7.022958141949965594e+00
1.304999999999999938e+00 1.117194681533353773e+00 9.018862853365202881e+00 3.810239021127259651e+00 7.169046858260921695e+00
1.310000000000000053e+00 1.118125515324534858e+00 9.161050696823851425e+00 3.893372288786635327e+00 7.317204775891937629e+00
1.314999999999999947e+00 1.119059159355313193e+00 9.305003666849730237e+00 3.977846349145903293e+00 7.467448823063282504e+00
1.320000000000000062e+00 1.119995603603431533e+00 9.450728814988023530e+00 4.063675548087307021e+00 7.619796308697208254e+00
1.324999999999999956e+00 1.120934838039265857e+00 9.598234272817020241e+00 4.150873372197861677e+00 7.774263498559755625e+00
1.330000000000000071e+00 1.121876852625492305e+00 9.747528419663810340e+00 4.239453425125348396e+00 7.930866499362418054e+00
1.334999999999999964e+00 1.122821637316764765e+00 9.898618850634335331e+00 4.329430090091667793e+00 8.089622688292720909e+00
1.340000000000000080e+00 1.123769182059389804e+00 1.005151371114994596e+01 4.420816861362557582e+00 8.250548249940095502e+00
1.344999999999999973e+00 1.124719476791012696e+00 1.020622060989644986e+01 4.513627428227174221e+00 8.413659039481839130e+00
1.350000000000000089e+00 1.125672511440304557e+00 1.036274801758742647e+01 4.607875054869198905e+00 8.578970616777603198e+00
1.354999999999999982e+00 1.126628275926654377e+00 1.052110304018566822e+01 4.703573145768248587e+00 8.746498351420394002e+00
1.360000000000000098e+00 1.127586760159866808e+00 1.068129338976652498e+01 4.800734962216415269e+00 8.916257585510898309e+00
1.364999999999999991e+00 1.128547954039863965e+00 1.084332750745286233e+01 4.899373981184057314e+00 9.088264123850906984e+00
1.370000000000000107e+00 1.129511847456391438e+00 1.100721148998822407e+01 4.999502333702306345e+00 9.262530727254336682e+00
1.375000000000000000e+00 1.130478430288730518e+00 1.117295387920859007e+01 5.101132749001473954e+00 9.439071602252147031e+00
1.380000000000000115e+00 1.131447692405412875e+00 1.134056091188829640e+01 5.204278514280126444e+00 9.617902059172495299e+00
1.385000000000000009e+00 1.132419623663941444e+00 1.151003940278376270e+01 5.308951089028095538e+00 9.799033746928246913e+00
1.390000000000000124e+00 1.133394213910515980e+00 1.168139710116258279e+01 5.415162217436363612e+00 9.982478695912568867e+00
1.395000000000000018e+00 1.134371452979762385e+00 1.185463903973621669e+01 5.522924156183973921e+00 1.016825049451504981e+01
1.400000000000000133e+00 1.135351330694467364e+00 1.202977117289528586e+01 5.632247280987479066e+00 1.035635858942031184e+01
1.405000000000000027e+00 1.136333836865317526e+00 1.220680085771611445e+01 5.743143840827833912e+00 1.054681594613267670e+01
1.409999999999999920e+00 1.137318961290643582e+00 1.238573171703273523e+01 5.855623318455226212e+00 1.073963107314498089e+01
1.415000000000000036e+00 1.138306693756168331e+00 1.256656962729755556e+01 5.969696619650964209e+00 1.093481439556267354e+01
1.419999999999999929e+00 1.139297024034760630e+00 1.274931946273989247e+01 6.085373269495979009e+00 1.113237349484249172e+01
1.425000000000000044e+00 1.140289941886192482e+00 1.293398509496602600e+01 6.202662713146659179e+00 1.133231673484113244e+01
1.429999999999999938e+00 1.141285437056903218e+00 1.312056958744097557e+01 6.321574015471282948e+00 1.153465114408626668e+01
1.435000000000000053e+00 1.142283499279765024e+00 1.330907701355394224e+01 6.442115468698431435e+00 1.173938261279724848e+01
1.439999999999999947e+00 1.143284118273856675e+00 1.349950954307345796e+01 6.564295857582983729e+00 1.194651817633455515e+01
1.445000000000000062e+00 1.144287283744239936e+00 1.369186948265540948e+01 6.688121566864443146e+00 1.215605960223929927e+01
1.449999999999999956e+00 1.145292985381740625e+00 1.388615861174047161e+01 6.813601128626965320e+00 1.236801318415786177e+01
1.455000000000000071e+00 1.146301212862736563e+00 1.408237946210540237e+01 6.940739695525695474e+00 1.258237870364488842e+01
1.459999999999999964e+00 1.147311955848947074e+00 1.428052907802999094e+01 7.069543787301808102e+00 1.279915983635576460e+01
1.465000000000000080e+00 1.148325203987230259e+00 1.448060985753184227e+01 7.200018693272829395e+00 1.301835579084814754e+01
1.469999999999999973e+00 1.149340946909383598e+00 1.468262076053515841e+01 7.332169926719974029e+00 1.323996772372032282e+01
1.475000000000000089e+00 1.150359174231948334e+00 1.488655968946041597e+01 7.466000000317889018e+00 1.346399077418288570e+01
1.479999999999999982e+00 1.151379875556021837e+00 1.509242387950713926e+01 7.601513619887989570e+00 1.369042469731835432e+01
1.485000000000000098e+00 1.152403040467071982e+00 1.530021176478710210e+01 7.738714134261367228e+00 1.391926592559216402e+01
1.489999999999999991e+00 1.153428658534756623e+00 1.550991958199089993e+01 7.877603172248025309e+00 1.415050860078093997e+01
1.495000000000000107e+00 1.154456719312749513e+00 1.572154248072511962e+01 8.018182473430321977e+00 1.438414618550718593e+01
1.500000000000000000e+00 1.155487212338569769e+00 1.593507615162881130e+01 8.160452761460819104e+00 1.462017085607262423e+01
1.505000000000000115e+00 1.156520127133416675e+00 1.615051284602190407e+01 8.304413525337430713e+00 1.485857367837220444e+01
1.510000000000000009e+00 1.157555453202008700e+00 1.636784795022634853e+01 8.450065545338002693e+00 1.509934535877088102e+01
1.515000000000000124e+00 1.158593180032429393e+00 1.658707368244548874e+01 8.597406465595998526e+00 1.534247360317135467e+01
1.520000000000000018e+00 1.159633297095975069e+00 1.680818096779787041e+01 8.746435159995565201e+00 1.558794742350436380e+01
1.525000000000000133e+00 1.160675793847010029e+00 1.703116168063017355e+01 8.897149199546637632e+00 1.583575248313502293e+01
1.530000000000000027e+00 1.161720659722826676e+00 1.725600508431280744e+01 9.049543996760817777e+00 1.608587310781417656e+01
1.535000000000000142e+00 1.162767884143507846e+00 1.748270242988942158e+01 9.203615958675548825e+00 1.633829231542743088e+01
1.540000000000000036e+00 1.163817456511797577e+00 1.771123935637382374e+01 9.359360583050264637e+00 1.659299431642762812e+01
1.544999999999999929e+00 1.164869366212974766e+00 1.794160653802976668e+01 9.516771038567798158e+00 1.684995751797278984e+01
1.550000000000000044e+00 1.165923602614732379e+00 1.817378875977501806e+01 9.675841311240116482e+00 1.710916198245132946e+01
1.554999999999999938e+00 1.166980155067061542e+00 1.840777226117320708e+01 9.836564428721644049e+00 1.737058748205789271e+01
1.560000000000000053e+00 1.168039012902141183e+00 1.864354360936176036e+01 9.998931551136900353e+00 1.763420796740518881e+01
1.564999999999999947e+00 1.169100165434231231e+00 1.888108573476314334e+01 1.016293338350642550e+01 1.789999928323481981e+01
1.570000000000000062e+00 1.170163601959574473e+00 1.912038277764022709e+01 1.032856168568405941e+01 1.816793813248472134e+01
1.574999999999999956e+00 1.171229311756297298e+00 1.936141755141254706e+01 1.049580578110432683e+01 1.843799602660292436e+01
1.580000000000000071e+00 1.172297284084322211e+00 1.960417274960946088e+01 1.066465437309570419e+01 1.871014445884537025e+01
1.584999999999999964e+00 1.173367508185281460e+00 1.984862674403250082e+01 1.083509258721190704e+01 1.898434919003332766e+01
1.590000000000000080e+00 1.174439973282435989e+00 2.009476300385229308e+01 1.100711214671493643e+01 1.926058606918943639e+01
1.594999999999999973e+00 1.175514668580601496e+00 2.034255905652914720e+01 1.118069637724404508e+01 1.953881758798512891e+01
1.600000000000000089e+00 1.176591583266077601e+00 2.059199415280201961e+01 1.135583259014123669e+01 1.981901279168921093e+01
1.604999999999999982e+00 1.177670706506583453e+00 2.084304520297170882e+01 1.153250395287144414e+01 2.010113354994641810e+01
1.610000000000000098e+00 1.178752027451198003e+00 2.109569145086068787e+01 1.171069629468371609e+01 2.038514625445385420e+01
1.614999999999999991e+00 1.179835535230304933e+00 2.134990803572277329e+01 1.189039188763927335e+01 2.067101176982394506e+01
1.620000000000000107e+00 1.180921218955544472e+00 2.160567162049631662e+01 1.207157401379022232e+01 2.095869117241491963e+01
1.625000000000000000e+00 1.182009067719768769e+00 2.186295598136373641e+01 1.225422410858701028e+01 2.124814470895062257e+01
1.630000000000000115e+00 1.183099070597002811e+00 2.212173571010368178e+01 1.243832468094457866e+01 2.153933380572377843e+01
1.635000000000000009e+00 1.184191216642411337e+00 2.238198477948584397e+01 1.262385403939844508e+01 2.183221094828159536e+01
1.640000000000000124e+00 1.185285494892271307e+00 2.264367634560160525e+01 1.281079516051281786e+01 2.212673927126736473e+01
1.645000000000000018e+00 1.186381894363947032e+00 2.290678238774169984e+01 1.299912398969445171e+01 2.242286803867529699e+01
1.650000000000000133e+00 1.187480404055874628e+00 2.317127503891072138e+01 1.318882273724121568e+01 2.272055790396455777e+01
1.655000000000000027e+00 1.188581012947548476e+00 2.343712534733873198e+01 1.337986684662943482e+01 2.301975900428638155e+01
1.660000000000000142e+00 1.189683709999514560e+00 2.370430378223240098e+01 1.357223314711448126e+01 2.332042221563384743e+01
1.665000000000000036e+00 1.190788484153369131e+00 2.397277952134658818e+01 1.376590146812410609e+01 2.362250564682454623e+01
1.669999999999999929e+00 1.191895324331762041e+00 2.424252453824772147e+01 1.396084616625296171e+01 2.392595479943055992e+01
1.675000000000000044e+00 1.193004219438406732e+00 2.451350712551872135e+01 1.415704371176218501e+01 2.423072276822944104e+01
1.679999999999999938e+00 1.194115158358093565e+00 2.478569364431491451e+01 1.435446977883225728e+01 2.453675948818474239e+01
1.685000000000000053e+00 1.195228129956711127e+00 2.505905544980801736e+01 1.455309743729481298e+01 2.484400971192420826e+01
1.689999999999999947e+00 1.196343123081270665e+00 2.533355812224910153e+01 1.475290182872152300e+01 2.515242398762654119e+01
1.695000000000000062e+00 1.197460126559938276e+00 2.560917181450186320e+01 1.495385942119227529e+01 2.546195284902964318e+01
1.699999999999999956e+00 1.198579129202069993e+00 2.588586001411175985e+01 1.515593970886737729e+01 2.577253759460353777e+01
1.705000000000000071e+00 1.199700119798254416e+00 2.616359320838246916e+01 1.535911907507927587e+01 2.608412864506847129e+01
1.709999999999999964e+00 1.200823087120360011e+00 2.644233792115411319e+01 1.556337097660934532e+01 2.639667281257317555e+01
1.715000000000000080e+00 1.201948019921588173e+00 2.672205767388413022e+01 1.576866525747245085e+01 2.671011263553235082e+01
1.719999999999999973e+00 1.203074906936531852e+00 2.700271931308226314e+01 1.597497347681620283e+01 2.702439044674771296e+01
1.725000000000000089e+00 1.204203736881238829e+00 2.728429135323114352e+01 1.618227235320087942e+01 2.733945948461042619e+01
1.729999999999999982e+00 1.205334498453282777e+00 2.756673791017412967e+01 1.639052902223935249e+01 2.765525574761789684e+01
1.735000000000000098e+00 1.206467180331836975e+00 2.785002616004973319e+01 1.659971894704910156e+01 2.797173029228916619e+01
1.739999999999999991e+00 1.207601771177756689e+00 2.813412007328425801e+01 1.680981070892120854e+01 2.828882289503170000e+01
1.745000000000000107e+00 1.208738259633664436e+00 2.841898687373370080e+01 1.702077801351875408e+01 2.860648130844355919e+01
1.750000000000000000e+00 1.209876634324042799e+00 2.870459100673807029e+01 1.723259080711839530e+01 2.892464690805037364e+01
1.755000000000000115e+00 1.211016883855332349e+00 2.899089925130488510e+01 1.744521962645318425e+01 2.924326236274046664e+01
1.760000000000000009e+00 1.212158996816034451e+00 2.927787708633496777e+01 1.765863616575384754e+01 2.956227306168453595e+01
1.765000000000000124e+00 1.213302961776821398e+00 2.956549105043606218e+01 1.787281390248469037e+01 2.988162640315643870e+01
1.770000000000000018e+00 1.214448767290650766e+00 2.985370842167735361e+01 1.808772105662655960e+01 3.020126136932416117e+01
1.775000000000000133e+00 1.215596401892885980e+00 3.014249174766496964e+01 1.830333010901614443e+01 3.052112645597665264e+01
1.780000000000000027e+00 1.216745854101423552e+00 3.043181036967761344e+01 1.851961203499999087e+01 3.084116362483568707e+01
1.785000000000000142e+00 1.217897112416823635e+00 3.072163174569446298e+01 1.873654057752056801e+01 3.116132188537969583e+01
1.790000000000000036e+00 1.219050165322449919e+00 3.101191843742162035e+01 1.895408117039977114e+01 3.148153705144199321e+01
1.794999999999999929e+00 1.220205001284612623e+00 3.130264446700545022e+01 1.917221344156520502e+01 3.180176660742730022e+01
1.800000000000000044e+00 1.221361608752716377e+00 3.159377063623587034e+01 1.939090439780764896e+01 3.212194976145842418e+01
1.804999999999999938e+00 1.222519976159418986e+00 3.188527026110872598e+01 1.961012778263365064e+01 3.244203455811685188e+01
1.810000000000000053e+00 1.223680091920789526e+00 3.217710823671663434e+01 1.982985645482224868e+01 3.276196910738293155e+01
1.814999999999999947e+00 1.224841944436477315e+00 3.246925681728544788e+01 2.005006165494854997e+01 3.308169711475902375e+01
1.820000000000000062e+00 1.226005522089884225e+00 3.276168006862571502e+01 2.027071804104280162e+01 3.340117228709263486e+01
1.824999999999999956e+00 1.227170813248343206e+00 3.305435060863327124e+01 2.049179510389737047e+01 3.372033305195073893e+01
1.830000000000000071e+00 1.228337806263303689e+00 3.334723847675378039e+01 2.071327266272210110e+01 3.403914271803858327e+01
1.834999999999999964e+00 1.229506489470522324e+00 3.364031437456239360e+01 2.093512065511104936e+01 3.435754207677565830e+01
1.840000000000000080e+00 1.230676851190258825e+00 3.393352303853406937e+01 2.115729815239007650e+01 3.467545039120088290e+01
1.844999999999999973e+00 1.231848879727479362e+00 3.422688627818506291e+01 2.137981140525862855e+01 3.499288376439918835e+01
1.850000000000000089e+00 1.233022563372064173e+00 3.452035080453881477e+01 2.160261894711439723e+01 3.530975894396621584e+01
1.854999999999999982e+00 1.234197890399023168e+00 3.481389008762660353e+01 2.182569682077431139e+01 3.562603254247255080e+01
1.860000000000000098e+00 1.235374849068715752e+00 3.510747961317737520e+01 2.204902396703043266e+01 3.594165889819255710e+01
1.864999999999999991e+00 1.236553427627077095e+00 3.540108762199139392e+01 2.227257287808068043e+01 3.625658958998332082e+01
1.870000000000000107e+00 1.237733614305851271e+00 3.569469440504341406e+01 2.249632200989621111e+01 3.657077852941428375e+01
1.875000000000000000e+00 1.238915397322829737e+00 3.598827351844503397e+01 2.272025124182820832e+01 3.688418722603251609e+01
1.880000000000000115e+00 1.240098764882095139e+00 3.628179669815703789e+01 2.294433305426932890e+01 3.719676595663409557e+01
1.885000000000000009e+00 1.241283705174272667e+00 3.657524644577261341e+01 2.316855217306542514e+01 3.750847746673233019e+01
1.890000000000000124e+00 1.242470206376787178e+00 3.686859323362489960e+01 2.339288208955882808e+01 3.781928028037609835e+01
1.895000000000000018e+00 1.243658256654124994e+00 3.716182042222119009e+01 2.361730570809607954e+01 3.812912748604217228e+01
1.900000000000000133e+00 1.244847844158103012e+00 3.745490534441257324e+01 2.384180352718024665e+01 3.843798521176591265e+01
1.905000000000000027e+00 1.246038957028144711e+00 3.774782681283762997e+01 2.406635428764927909e+01 3.874581165114166481e+01
1.910000000000000142e+00 1.247231583391559262e+00 3.804056120884919068e+01 2.429093739471269231e+01 3.905256677222614314e+01
1.915000000000000036e+00 1.248425711363831514e+00 3.833309269010326403e+01 2.451553752773133965e+01 3.935821618260770549e+01
1.919999999999999929e+00 1.249621329048912655e+00 3.862540164513843166e+01 2.474013745040054246e+01 3.966272639657259447e+01
1.925000000000000044e+00 1.250818424539521745e+00 3.891746914685786862e+01 2.496471754802460907e+01 3.996605759226104482e+01
1.929999999999999938e+00 1.252016985917450365e+00 3.920927501401680360e+01 2.518925961155569482e+01 4.026817370956032249e+01
1.935000000000000053e+00 1.253217001253874363e+00 3.950080717633625227e+01 2.541375229966352478e+01 4.056904867229449962e+01
1.939999999999999947e+00 1.254418458609672937e+00 3.979204815073158130e+01 2.563817850314557489e+01 4.086864598439857588e+01
1.945000000000000062e+00 1.255621346035752151e+00 4.008298040543979113e+01 2.586252103012733272e+01 4.116693137585139795e+01
1.949999999999999956e+00 1.256825651573374891e+00 4.037359117585334189e+01 2.608676613731492466e+01 4.146387375854395430e+01
1.955000000000000071e+00 1.258031363254499713e+00 4.066386404970217683e+01 2.631089979459247274e+01 4.175944646033151031e+01
1.959999999999999964e+00 1.259238469102119673e+00 4.095378574058873511e+01 2.653490908953265048e+01 4.205361928953961126e+01
1.965000000000000080e+00 1.260446957130616275e+00 4.124334547585801403e+01 2.675878118404876460e+01 4.234636187595700108e+01
1.969999999999999973e+00 1.261656815346111182e+00 4.153252913339206742e+01 2.698250217832651288e+01 4.263764679631535870e+01
1.975000000000000089e+00 1.262868031746829489e+00 4.182132749295409013e+01 2.720606554323728687e+01 4.292745529852075492e+01
1.979999999999999982e+00 1.264080594323466533e+00 4.210972614677411485e+01 2.742945288469793041e+01 4.321575020134229561e+01
1.985000000000000098e+00 1.265294491059563597e+00 4.239771830601175395e+01 2.765265835777020698e+01 4.350251272806752922e+01
1.989999999999999991e+00 1.266509709931886274e+00 4.268529163701979456e+01 2.787566875600409944e+01 4.378771650229634815e+01
1.995000000000000107e+00 1.267726238910813485e+00 4.297243637369953007e+01 2.809847378774427895e+01 4.407133578563212950e+01
2.000000000000000000e+00 1.268944065960727619e+00 4.325914873921826143e+01 2.832106969809928287e+01 4.435335707617657164e+01
2.004999999999999893e+00 1.270163179040415979e+00 4.354541487613926165e+01 2.854344119381606504e+01 4.463374956339032451e+01
2.010000000000000231e+00 1.271383566103475360e+00 4.383123043316943779e+01 2.876558150463288399e+01 4.491249222538628061e+01
2.015000000000000124e+00 1.272605215098723486e+00 4.411658821972255140e+01 2.898748484791025248e+01 4.518956919091303348e+01
2.020000000000000018e+00 1.273828113970618237e+00 4.440148328437008729e+01 2.920914389956497814e+01 4.546496207765989794e+01
2.024999999999999911e+00 1.275052250659680864e+00 4.468590825426971236e+01 2.943054953001923835e+01 4.573864560884074848e+01
2.030000000000000249e+00 1.276277613102927866e+00 4.496985648923175205e+01 2.965169490869053703e+01 4.601060500339617221e+01
2.035000000000000142e+00 1.277504189234306420e+00 4.525332875345648631e+01 2.987257897465888945e+01 4.628082612978570154e+01
2.040000000000000036e+00 1.278731966985139357e+00 4.553631574529114090e+01 3.009318911626674620e+01 4.654928355523274774e+01
2.044999999999999929e+00 1.279960934284574359e+00 4.581881600074083138e+01 3.031352462445103413e+01 4.681596862101441303e+01
2.049999999999999822e+00 1.281191079060038929e+00 4.610082451932435532e+01 3.053357780320591530e+01 4.708086062232460023e+01
2.055000000000000160e+00 1.282422389237703575e+00 4.638233918722270488e+01 3.075334571636069825e+01 4.734394843814290965e+01
2.060000000000000053e+00 1.283654852742951435e+00 4.666336028047481932e+01 3.097282457103026942e+01 4.760521495678256088e+01
2.064999999999999947e+00 1.284888457500850345e+00 4.694388513120964745e+01 3.119201235698553276e+01 4.786465056755282177e+01
2.069999999999999840e+00 1.286123191436637780e+00 4.722390970024400048e+01 3.141090127377908203e+01 4.812223660664493963e+01
2.075000000000000178e+00 1.287359042476205584e+00 4.750343715388554955e+01 3.162949180169736252e+01 4.837796278709092945e+01
2.080000000000000071e+00 1.288595998546594679e+00 4.778246285555211159e+01 3.184778004474520685e+01 4.863181864374825381e+01
2.084999999999999964e+00 1.289834047576496001e+00 4.806098934114561416e+01 3.206576294421506645e+01 4.888378851819352633e+01
2.089999999999999858e+00 1.291073177496757207e+00 4.833901538977603707e+01 3.228343901330312349e+01 4.913386361653233081e+01
2.095000000000000195e+00 1.292313376240894485e+00 4.861654228014275958e+01 3.250080775028092006e+01 4.938203547364015122e+01
2.100000000000000089e+00 1.293554631745612582e+00 4.889357298875186331e+01 3.271786658889939758e+01 4.962829031510685951e+01
2.104999999999999982e+00 1.294796931951329721e+00 4.917010127588111601e+01 3.293461345352567804e+01 4.987261864600476002e+01
2.109999999999999876e+00 1.296040264802710951e+00 4.944614001736307074e+01 3.315105102924902525e+01 5.011501730378900277e+01
2.115000000000000213e+00 1.297284618249205046e+00 4.972168353278408404e+01 3.336717451228914655e+01 5.035547097052754850e+01
2.120000000000000107e+00 1.298529980245588522e+00 4.999673687770410879e+01 3.358298527333311512e+01 5.059397206806189473e+01
2.125000000000000000e+00 1.299776338752518745e+00 5.027130265668560583e+01 3.379848446143639507e+01 5.083051689141372265e+01
2.129999999999999893e+00 1.301023681737088600e+00 5.054538497179651557e+01 3.401367329321018929e+01 5.106509762191814161e+01
2.135000000000000231e+00 1.302271997173391371e+00 5.081898479000198421e+01 3.422854977056572068e+01 5.129770422292974530e+01
2.140000000000000124e+00 1.303521273043090511e+00 5.109210836698139246e+01 3.444311616820345279e+01 5.152833197977227542e+01
2.145000000000000018e+00 1.304771497335994956e+00 5.136475474397511221e+01 3.465737118119137250e+01 5.175697435973457772e+01
2.149999999999999911e+00 1.306022658050641327e+00 5.163693216572217182e+01 3.487131681981707487e+01 5.198362107655025000e+01
2.155000000000000249e+00 1.307274743194883682e+00 5.190864110698282019e+01 3.508495455105543215e+01 5.220827309960032636e+01
2.160000000000000142e+00 1.308527740786487481e+00 5.217989301817426906e+01 3.529828851936814971e+01 5.243092287076419922e+01
2.165000000000000036e+00 1.309781638853730668e+00 5.245068858525782218e+01 3.551132005077382559e+01 5.265156941941625490e+01
2.169999999999999929e+00 1.311036425436011399e+00 5.272103385310592216e+01 3.572405063907904577e+01 5.287020553352743235e+01
2.175000000000000266e+00 1.312292088584462002e+00 5.299092934005705757e+01 3.593647872231966289e+01 5.308682430878445757e+01
2.180000000000000160e+00 1.313548616362568033e+00 5.326038676004564110e+01 3.614861023400852247e+01 5.330142185405393462e+01
2.185000000000000053e+00 1.314805996846795111e+00 5.352941129316286606e+01 3.636044917871604554e+01 5.351400032555458353e+01
2.189999999999999947e+00 1.316064218127219965e+00 5.379800399279230305e+01 3.657199417879414227e+01 5.372455135937264004e+01
2.194999999999999840e+00 1.317323268308171258e+00 5.406617588698011190e+01 3.678325062505733456e+01 5.393307352072783090e+01
2.200000000000000178e+00 1.318583135508872406e+00 5.433393257952628375e+01 3.699422327320306181e+01 5.413956717889086434e+01
2.205000000000000071e+00 1.319843807864092611e+00 5.460127988066841453e+01 3.720491295840495383e+01 5.434402668168717554e+01
2.209999999999999964e+00 1.321105273524805224e+00 5.486822392474775967e+01 3.741532278511172649e+01 5.454644798925890115e+01
2.214999999999999858e+00 1.322367520658849438e+00 5.513477081769257637e+01 3.762545659541809329e+01 5.474683225170383594e+01
2.220000000000000195e+00 1.323630537451601530e+00 5.540093096581232857e+01 3.783531996418252419e+01 5.494517923643454083e+01
2.225000000000000089e+00 1.324894312106648098e+00 5.566671038660230408e+01 3.804491777908278749e+01 5.514148868109935364e+01
2.229999999999999982e+00 1.326158832846469293e+00 5.593211580167940866e+01 3.825425111700592140e+01 5.533575488956513766e+01
2.234999999999999876e+00 1.327424087913126938e+00 5.619715255060152259e+01 3.846332358690347775e+01 5.552797918394703203e+01
2.240000000000000213e+00 1.328690065568957523e+00 5.646183154536800686e+01 3.867213964717964103e+01 5.571815640145892701e+01
2.245000000000000107e+00 1.329956754097271210e+00 5.672615957069695725e+01 3.888070601990649777e+01 5.590629295419031308e+01
2.250000000000000000e+00 1.331224141803060590e+00 5.699014695360293814e+01 3.908902988135803014e+01 5.609239116956449323e+01
2.254999999999999893e+00 1.332492217013710345e+00 5.725379568626402005e+01 3.929710607805917277e+01 5.627643710679357980e+01
2.260000000000000231e+00 1.333760968079716003e+00 5.751712145166903412e+01 3.950494975981704471e+01 5.645844534639176260e+01
2.265000000000000124e+00 1.335030383375409135e+00 5.778012548214405086e+01 3.971255824223933928e+01 5.663840660407067418e+01
2.270000000000000018e+00 1.336300451299685221e+00 5.804282426076746049e+01 3.991994305571308388e+01 5.681632808963655634e+01
2.274999999999999911e+00 1.337571160276742388e+00 5.830521965074402146e+01 4.012710391967975454e+01 5.699220477494868931e+01
2.280000000000000249e+00 1.338842498756821042e+00 5.856732663566839392e+01 4.033405109928098398e+01 5.716604277396213973e+01
2.285000000000000142e+00 1.340114455216953049e+00 5.882914374983690919e+01 4.054077988588739601e+01 5.733783093956470367e+01
2.290000000000000036e+00 1.341387018161716460e+00 5.909069070093797649e+01 4.074730779705767958e+01 5.750758808393292298e+01
2.294999999999999929e+00 1.342660176123993576e+00 5.935197472541381103e+01 4.095363750100953837e+01 5.767530741966801600e+01
2.300000000000000266e+00 1.343933917665737443e+00 5.961300216900824012e+01 4.115977272827330324e+01 5.784099291516147190e+01
2.305000000000000160e+00 1.345208231378743458e+00 5.987378078132773851e+01 4.136571364139762608e+01 5.800463350397183149e+01
2.310000000000000053e+00 1.346483105885426967e+00 6.013432586529523860e+01 4.157147792313196533e+01 5.816625000969957426e+01
2.314999999999999947e+00 1.347758529839606201e+00 6.039464067761080912e+01 4.177705991967440013e+01 5.832582844296302227e+01
2.319999999999999840e+00 1.349034491927291413e+00 6.065473660667102251e+01 4.198247031504050142e+01 5.848337572599613310e+01
2.325000000000000178e+00 1.350310980867478472e+00 6.091462953155436821e+01 4.218772067480846033e+01 5.863890163487879192e+01
2.330000000000000071e+00 1.351587985412951776e+00 6.117431029103421025e+01 4.239280471101557168e+01 5.879240322919764594e+01
2.334999999999999964e+00 1.352865494351088493e+00 6.143381473337432652e+01 4.259774326952592105e+01 5.894388183210010368e+01
2.339999999999999858e+00 1.354143496504671029e+00 6.169313856973374754e+01 4.280253070544244309e+01 5.909333156712268931e+01
2.345000000000000195e+00 1.355421980732705700e+00 6.195229421089943855e+01 4.300717939292068337e+01 5.924076527612405840e+01
2.350000000000000089e+00 1.356700935931243857e+00 6.221129309777315086e+01 4.321169482468531697e+01 5.938618115697056510e+01
2.354999999999999982e+00 1.357980351034212774e+00 6.247014691704270462e+01 4.341608841167427357e+01 5.952959385055778085e+01
2.359999999999999876e+00 1.359260215014249207e+00 6.272886024312855113e+01 4.362035706624781284e+01 5.967098707909467237e+01
2.365000000000000213e+00 1.360540516883539608e+00 6.298744430667632344e+01 4.382451120393276511e+01 5.981037254011151560e+01
2.370000000000000107e+00 1.361821245694665894e+00 6.324591623452731426e+01 4.402856245235748389e+01 5.994775764337970259e+01
2.375000000000000000e+00 1.363102390541456321e+00 6.350427883734508328e+01 4.423251079626608373e+01 6.008313758268851501e+01
2.379999999999999893e+00 1.364383940559842134e+00 6.376254572422955391e+01 4.443636456710346749e+01 6.021651550565293576e+01
2.385000000000000231e+00 1.365665884928720875e+00 6.402072948939169805e+01 4.464013501393604599e+01 6.034790167242557857e+01
2.390000000000000124e+00 1.366948212870820356e+00 6.427883584739248590e+01 4.484382458102847835e+01 6.047729745793806444e+01
2.395000000000000018e+00 1.368230913653576408e+00 6.453688076992280287e+01 4.504744178761757212e+01 6.060469849632773531e+01
2.399999999999999911e+00 1.369513976590007287e+00 6.479487436226158081e+01 4.525099734406644103e+01 6.073011883335093586e+01
2.405000000000000249e+00 1.370797391039600077e+00 6.505282506098588158e+01 4.545449401518176558e+01 6.085355581058956886e+01
2.410000000000000142e+00 1.372081146409197538e+00 6.531074244644226212e+01 4.565793830730886782e+01 6.097501545562124647e+01
2.415000000000000036e+00 1.373365232153893167e+00 6.556864360899530197e+01 4.586134320935777708e+01 6.109450170564537785e+01
2.419999999999999929e+00 1.374649637777930256e+00 6.582653161485868054e+01 4.606470649359240355e+01 6.121200741235312393e+01
2.425000000000000266e+00 1.375934352835608943e+00 6.608442496036498426e+01 4.626804623985744058e+01 6.132755460466258768e+01
2.430000000000000160e+00 1.377219366932191491e+00 6.634232763722754100e+01 4.647135949765281993e+01 6.144112746338801401e+01
2.435000000000000053e+00 1.378504669724822440e+00 6.660025609578065087e+01 4.667466325279912809e+01 6.155275005098806673e+01
2.439999999999999947e+00 1.379790250923445205e+00 6.685822448825949493e+01 4.687796412834004656e+01 6.166241510616562493e+01
2.444999999999999840e+00 1.381076100291728892e+00 6.711623169071187078e+01 4.708126017433952626e+01 6.177012518674541042e+01
2.450000000000000178e+00 1.382362207647998886e+00 6.737430066740910206e+01 4.728456784891305631e+01 6.187588613375447011e+01
2.455000000000000071e+00 1.383648562866170106e+00 6.763243963791819624e+01 4.748789584969070887e+01 6.197970959955365089e+01
2.459999999999999964e+00 1.384935155876690471e+00 6.789065728507461017e+01 4.769124572341548429e+01 6.208159112522065470e+01
2.464999999999999858e+00 1.386221976667483702e+00 6.814896795308386857e+01 4.789462810427113482e+01 6.218153240237653989e+01
2.470000000000000195e+00 1.387509015284901448e+00 6.840738000861122714e+01 4.809804990313441664e+01 6.227954479339653204e+01
2.475000000000000089e+00 1.388796261834676082e+00 6.866590141407560566e+01 4.830151481756150389e+01 6.237562619054504864e+01
2.479999999999999982e+00 1.390083706482882597e+00 6.892455142274056357e+01 4.850503787842283288e+01 6.246978559568191258e+01
2.484999999999999876e+00 1.391371339456903167e+00 6.918333830046717026e+01 4.870862386391804222e+01 6.256202599179223256e+01
2.490000000000000213e+00 1.392659151046396371e+00 6.944227465017603151e+01 4.891228618332711164e+01 6.265236382742902066e+01
2.495000000000000107e+00 1.393947131604270639e+00 6.970136775180229449e+01 4.911602191994627020e+01 6.274078293272056328e+01
2.500000000000000000e+00 1.395235271547664579e+00 6.996062978971242785e+01 4.931984484621261089e+01 6.282729616804266470e+01
2.504999999999999893e+00 1.396523561358930632e+00 7.022007380574392243e+01 4.952376016353599653e+01 6.291190923674267310e+01
2.510000000000000231e+00 1.397811991586621838e+00 7.047971253662232982e+01 4.972778109049801287e+01 6.299463143353899852e+01
2.515000000000000124e+00 1.399100552846486600e+00 7.073955620396020549e+01 4.993191263810056313e+01 6.307546450060807786e+01
2.520000000000000018e+00 1.400389235822465217e+00 7.099961398968184767e+01 5.013615844941642052e+01 6.315440548955869815e+01
2.524999999999999911e+00 1.401678031267691527e+00 7.125989557198262503e+01 5.034052880405933905e+01 6.323146827277152937e+01
2.530000000000000249e+00 1.402966930005501656e+00 7.152041889440903333e+01 5.054503509997771005e+01 6.330665465619904353e+01
2.535000000000000142e+00 1.404255922930439437e+00 7.178119198148627333e+01 5.074968661729148778e+01 6.337997845744590819e+01
2.540000000000000036e+00 1.405545001009279815e+00 7.204222169086314409e+01 5.095447887677830323e+01 6.345142234923263658e+01
2.544999999999999929e+00 1.406834155282040921e+00 7.230352388096868310e+01 5.115943275841738824e+01 6.352101812607492803e+01
2.550000000000000266e+00 1.408123376863012810e+00 7.256510977006954022e+01 5.136455241954159590e+01 6.358875648178626960e+01
2.555000000000000160e+00 1.409412656941783526e+00 7.282699215073198218e+01 5.156984731605671612e+01 6.365464981493850161e+01
2.560000000000000053e+00 1.410701986784272943e+00 7.308917583871662771e+01 5.177531885295906733e+01 6.371869450493183962e+01
2.564999999999999947e+00 1.411991357733769048e+00 7.335167460604887424e+01 5.198097720118230569e+01 6.378090075569234330e+01
2.569999999999999840e+00 1.413280761211968217e+00 7.361450231549125078e+01 5.218683617851031187e+01 6.384128033106056677e+01
2.575000000000000178e+00 1.414570188720020605e+00 7.387766748126671246e+01 5.239289672938345177e+01 6.389983138087183079e+01
2.580000000000000071e+00 1.415859631839580635e+00 7.414118075423253629e+01 5.259916980076745574e+01 6.395656498288617087e+01
2.584999999999999964e+00 1.417149082233858159e+00 7.440505506451961537e+01 5.280566510759125975e+01 6.401148726503565456e+01
2.589999999999999858e+00 1.418438531648677170e+00 7.466929848236036094e+01 5.301238584358509343e+01 6.406460178202323164e+01
2.595000000000000195e+00 1.419727971913536280e+00 7.493392248542900802e+01 5.321933998581415182e+01 6.411591263545251707e+01
2.600000000000000089e+00 1.421017394942674095e+00 7.519893914066848595e+01 5.342653747814039633e+01 6.416543004199235156e+01
2.604999999999999982e+00 1.422306792736138581e+00 7.546435902768605786e+01 5.363398615639950151e+01 6.421316164670587057e+01
2.609999999999999876e+00 1.423596157380858207e+00 7.573019006039800161e+01 5.384169045858387648e+01 6.425910869531712422e+01
2.615000000000000213e+00 1.424885481051721747e+00 7.599644613699778972e+01 5.404966393888997800e+01 6.430329220349443631e+01
2.620000000000000107e+00 1.426174756012655642e+00 7.626313625763376081e+01 5.425791051909656915e+01 6.434570762687320666e+01
2.625000000000000000e+00 1.427463974617710019e+00 7.653027545899807649e+01 5.446644063606274955e+01 6.438636271759841634e+01
2.629999999999999893e+00 1.428753129312145598e+00 7.679786075915866661e+01 5.467524982867951877e+01 6.442526218354487355e+01
2.635000000000000231e+00 1.430042212633526821e+00 7.706591872656851194e+01 5.488436233605667525e+01 6.446242358992166999e+01
2.640000000000000124e+00 1.431331217212814755e+00 7.733444993126492761e+01 5.509377744912591623e+01 6.449785236023991786e+01
2.645000000000000018e+00 1.432620135775467096e+00 7.760346743262655878e+01 5.530350014734769104e+01 6.453154463752080972e+01
2.649999999999999911e+00 1.433908961142540850e+00 7.787298115741747040e+01 5.551354495468859085e+01 6.456352924363264378e+01
2.655000000000000249e+00 1.435197686231796554e+00 7.814300168458187557e+01 5.572391650887957582e+01 6.459380394650227686e+01
2.660000000000000142e+00 1.436486304058808727e+00 7.841353338435585840e+01 5.593461238962081694e+01 6.462236697156804155e+01
2.665000000000000036e+00 1.437774807738079197e+00 7.868459397044163950e+01 5.614565268389565489e+01 6.464924151146017550e+01
2.669999999999999929e+00 1.439063190484150212e+00 7.895618756187191423e+01 5.635703735186912411e+01 6.467443100966352176e+01
2.675000000000000266e+00 1.440351445612727099e+00 7.922832780084104343e+01 5.656877800254913069e+01 6.469794688327291965e+01
2.680000000000000160e+00 1.441639566541798700e+00 7.950102353160274049e+01 5.678088074897702597e+01 6.471979990630640600e+01
2.685000000000000053e+00 1.442927546792763360e+00 7.977428337850390960e+01 5.699335291359102484e+01 6.474000113519875299e+01
2.689999999999999947e+00 1.444215379991559578e+00 8.004811677524567415e+01 5.720619718552198663e+01 6.475854945222093306e+01
2.694999999999999840e+00 1.445503059869796658e+00 8.032253490694156994e+01 5.741942841379596985e+01 6.477547434534898230e+01
2.700000000000000178e+00 1.446790580265890691e+00 8.059754323407912580e+01 5.763304414085837379e+01 6.479076690562069984e+01
2.705000000000000071e+00 1.448077935126202975e+00 8.087315116857729436e+01 5.784705451590728842e+01 6.480444746547807711e+01
2.709999999999999964e+00 1.449365118506182437e+00 8.114937428772921635e+01 5.806147343496829194e+01 6.481653379067449805e+01
2.714999999999999858e+00 1.450652124571508272e+00 8.142621348797969461e+01 5.827629637441835797e+01 6.482701967913861552e+01
2.720000000000000195e+00 1.451938947599239915e+00 8.170368073316750213e+01 5.849153577577981622e+01 6.483593132115329638e+01
2.725000000000000089e+00 1.453225581978965009e+00 8.198178527166614060e+01 5.870719731834934407e+01 6.484327429671374432e+01
2.729999999999999982e+00 1.454512022213955591e+00 8.226053552216389164e+01 5.892328655599422405e+01 6.484905905763842782e+01
2.734999999999999876e+00 1.455798262922322506e+00 8.253994246619380704e+01 5.913981637191840690e+01 6.485331240654041096e+01
2.740000000000000213e+00 1.457084298838174696e+00 8.282001220070934266e+01 5.935678590075783490e+01 6.485602969926813444e+01
2.745000000000000107e+00 1.458370124812782276e+00 8.310075150852979675e+01 5.957420033402051729e+01 6.485722588854564208e+01
2.750000000000000000e+00 1.459655735815740485e+00 8.338216813471355238e+01 5.979206904483412188e+01 6.485692090730660198e+01
2.754999999999999893e+00 1.460941126936137202e+00 8.366427641519676683e+01 6.001040142319639870e+01 6.485513048587738183e+01
2.760000000000000231e+00 1.462226293383724007e+00 8.394707812927798329e+01 6.022919822183770577e+01 6.485186250865268676e+01
2.765000000000000124e+00 1.463511230490086357e+00 8.423058532502186324e+01 6.044847029888850898e+01 6.484713827323383839e+01
2.770000000000000018e+00 1.464795933709824194e+00 8.451480302561880364e+01 6.066821916727872122e+01 6.484096471581172239e+01
2.774999999999999911e+00 1.466080398621724123e+00 8.479974229386040463e+01 6.088845522336258398e+01 6.483336350585419439e+01
2.780000000000000249e+00 1.467364620929943797e+00 8.508540681621670387e+01 6.110917975793820034e+01 6.482434303639274731e+01
2.785000000000000142e+00 1.468648596465194744e+00 8.537180885172337241e+01 6.133040655660613538e+01 6.481393464166453100e+01
2.790000000000000036e+00 1.469932321185927426e+00 8.565894785728974625e+01 6.155212628242179562e+01 6.480212836721776171e+01
2.794999999999999929e+00 1.471215791179520282e+00 8.594683807230371997e+01 6.177435748961820394e+01 6.478896142665848856e+01
2.800000000000000266e+00 1.472499002663467449e+00 8.623548331503012321e+01 6.199711401059963123e+01 6.477441777239852172e+01
2.805000000000000160e+00 1.473781951986576466e+00 8.652489250695943213e+01 6.222037568591812828e+01 6.475856468918925657e+01
2.810000000000000053e+00 1.475064635630160437e+00 8.681507630528777497e+01 6.244416596607892700e+01 6.474139924607293040e+01
2.814999999999999947e+00 1.476347050209237288e+00 8.710603759058069784e+01 6.266848820626491090e+01 6.472294016644453052e+01
2.819999999999999840e+00 1.477629192473728592e+00 8.739778281527888737e+01 6.289334511493709101e+01 6.470320328660139353e+01
2.825000000000000178e+00 1.478911059309663267e+00 8.769031637414857983e+01 6.311873622837504172e+01 6.468219991246999712e+01
2.830000000000000071e+00 1.480192647740382617e+00 8.798365360425141546e+01 6.334468089078662700e+01 6.465996255531939596e+01
2.834999999999999964e+00 1.481473954927746250e+00 8.827779080044598459e+01 6.357117189380690547e+01 6.463650121245677838e+01
2.839999999999999858e+00 1.482754978173340454e+00 8.857273686422475123e+01 6.379821693982553654e+01 6.461184031036674469e+01
2.845000000000000195e+00 1.484035714919693882e+00 8.886850220316917159e+01 6.402582395573317342e+01 6.458599536958752196e+01
2.850000000000000089e+00 1.485316162751484814e+00 8.916509005006041377e+01 6.425399774026008970e+01 6.455899521784753858e+01
2.854999999999999982e+00 1.486596319396762178e+00 8.946251012030083416e+01 6.448274749832577868e+01 6.453086507294675300e+01
2.859999999999999876e+00 1.487876182728162133e+00 8.976076175278072355e+01 6.471206694618351207e+01 6.450161260493122484e+01
2.865000000000000213e+00 1.489155750764126207e+00 9.005985403130557643e+01 6.494196809776906321e+01 6.447126458488766332e+01
2.870000000000000107e+00 1.490435021670126092e+00 9.035979065887862305e+01 6.517244865262028952e+01 6.443984247888907646e+01
2.875000000000000000e+00 1.491713993759884893e+00 9.066057977492471309e+01 6.540352200575910047e+01 6.440737658784193798e+01
2.879999999999999893e+00 1.492992665496607696e+00 9.096222651119258273e+01 6.563518774315295445e+01 6.437388703298404380e+01
2.885000000000000231e+00 1.494271035494205480e+00 9.126473649612486838e+01 6.586745024504722323e+01 6.433938953452687315e+01
2.890000000000000124e+00 1.495549102518527240e+00 9.156811420671273538e+01 6.610031968012791026e+01 6.430392295444541162e+01
2.895000000000000018e+00 1.496826865488593894e+00 9.187236610389922475e+01 6.633379555221215185e+01 6.426750489395998045e+01
2.899999999999999911e+00 1.498104323477830180e+00 9.217749479965679882e+01 6.656788009422990626e+01 6.423015913972903945e+01
2.905000000000000249e+00 1.499381475715303225e+00 9.248350471604847201e+01 6.680257900715648134e+01 6.419191129522396011e+01
2.910000000000000142e+00 1.500658321586958444e+00 9.279040231368684033e+01 6.703789539190688629e+01 6.415278908380588518e+01
2.915000000000000036e+00 1.501934860636862323e+00 9.309818893127260253e+01 6.727383085857033507e+01 6.411281600741226328e+01
2.919999999999999929e+00 1.503211092568443430e+00 9.340687506551628871e+01 6.751039691353734895e+01 6.407202035678903940e+01
2.925000000000000266e+00 1.504487017245737190e+00 9.371646103496190960e+01 6.774759128685082032e+01 6.403043416974419699e+01
2.930000000000000160e+00 1.505762634694630231e+00 9.402695242618318616e+01 6.798542099624049229e+01 6.398808275810277024e+01
2.935000000000000053e+00 1.507037945104112264e+00 9.433835523491383412e+01 6.822389215695130815e+01 6.394499993179021402e+01
2.939999999999999947e+00 1.508312948827522426e+00 9.465066943006989675e+01 6.846299757883397774e+01 6.390119620428609437e+01
2.944999999999999840e+00 1.509587646383803383e+00 9.496390290417475910e+01 6.870275652777418429e+01 6.385673955612139707e+01
2.950000000000000178e+00 1.510862038458753664e+00 9.527805567100794804e+01 6.894315775256649204e+01 6.381161369325065635e+01
2.955000000000000071e+00 1.512136125906285322e+00 9.559313286342714377e+01 6.918420910755986597e+01 6.376586724277018448e+01
2.959999999999999964e+00 1.513409909749681370e+00 9.590914031548830110e+01 6.942591819914645157e+01 6.371953745802187541e+01
2.964999999999999858e+00 1.514683391182853445e+00 9.622607730383444391e+01 6.966827896758604766e+01 6.367264135886455989e+01
2.970000000000000195e+00 1.515956571571605682e+00 9.654394960103886092e+01 6.991130526179645699e+01 6.362522898745312006e+01
2.975000000000000089e+00 1.517229452454897709e+00 9.686276133921531084e+01 7.015499215776098652e+01 6.357731803546562332e+01
2.979999999999999982e+00 1.518502035546109630e+00 9.718251424710237529e+01 7.039934798641965585e+01 6.352894749103368355e+01
2.984999999999999876e+00 1.519774322734309235e+00 9.750321359079373451e+01 7.064437453557346203e+01 6.348014871911987456e+01
2.990000000000000213e+00 1.521046316085523209e+00 9.782485892158547358e+01 7.089007289909645237e+01 6.343095912206167242e+01
2.995000000000000107e+00 1.522318017844006111e+00 9.814745146637568496e+01 7.113643852727599892e+01 6.338139729406690037e+01
3.000000000000000000e+00 1.523589430433515579e+00 9.847100379841955942e+01 7.138349359831337893e+01 6.333152415761783516e+01
3.004999999999999893e+00 1.524860556458587313e+00 9.879550540209866938e+01 7.163121912413672021e+01 6.328134948953815098e+01
3.010000000000000231e+00 1.526131398705811604e+00 9.912097125155064248e+01 7.187963661324705811e+01 6.323092287611297735e+01
3.015000000000000124e+00 1.527401960145112314e+00 9.944739318660815286e+01 7.212873547049531453e+01 6.318028108268559606e+01
3.020000000000000018e+00 1.528672243931031183e+00 9.977477975194109661e+01 7.237852064581350930e+01 6.312944573799396153e+01
3.024999999999999911e+00 1.529942253404009023e+00 1.001031266080870665e+02 7.262899066466513887e+01 6.307845909876842683e+01
3.030000000000000249e+00 1.531211992091669805e+00 1.004324480036516434e+02 7.288016124054726674e+01 6.302737132338292980e+01
3.035000000000000142e+00 1.532481463710112957e+00 1.007627326779864205e+02 7.313202151861544564e+01 6.297621180993853329e+01
3.040000000000000036e+00 1.533750672165198337e+00 1.010939909691667538e+02 7.338457959897806404e+01 6.292501529012989181e+01
3.044999999999999929e+00 1.535019621553841640e+00 1.014262203092115442e+02 7.363783403211367329e+01 6.287381797573825537e+01
3.050000000000000266e+00 1.536288316165307810e+00 1.017594239302324581e+02 7.389179146611581928e+01 6.282267126877709984e+01
3.055000000000000160e+00 1.537556760482504448e+00 1.020936007995757109e+02 7.414644548269737356e+01 6.277159580569032471e+01
3.060000000000000053e+00 1.538824959183287211e+00 1.024287547671507639e+02 7.440180300365813082e+01 6.272064600157852965e+01
3.064999999999999947e+00 1.540092917141751672e+00 1.027648912979323228e+02 7.465787372397684862e+01 6.266986448960282274e+01
3.070000000000000284e+00 1.541360639429545376e+00 1.031020024457199753e+02 7.491464440884521991e+01 6.261928166500076287e+01
3.075000000000000178e+00 1.542628131317168361e+00 1.034400936694908211e+02 7.517212208802712325e+01 6.256893892988735217e+01
3.080000000000000071e+00 1.543895398275281439e+00 1.037791712909501172e+02 7.543031800721942659e+01 6.251888784648092923e+01
3.084999999999999964e+00 1.545162445976019150e+00 1.041192281162200004e+02 7.568921882535745738e+01 6.246916158671995589e+01
3.089999999999999858e+00 1.546429280294300046e+00 1.044602673593740434e+02 7.594883209430784632e+01 6.241979833398431765e+01
3.095000000000000195e+00 1.547695907309144969e+00 1.048022867921760906e+02 7.620915587333139740e+01 6.237084903644809941e+01
3.100000000000000089e+00 1.548962333304992001e+00 1.051452980016189827e+02 7.647020412728755900e+01 6.232236450118281823e+01
3.104999999999999982e+00 1.550228564773019402e+00 1.054892872897207070e+02 7.673196024539497273e+01 6.227437095942183021e+01
3.109999999999999876e+00 1.551494608412467890e+00 1.058342654462991277e+02 7.699443838727370348e+01 6.222692144254799018e+01
3.115000000000000213e+00 1.552760471131968911e+00 1.061802273862635957e+02 7.725763245311433991e+01 6.218006103654415284e+01
3.120000000000000107e+00 1.554026160050869576e+00 1.065271752927452127e+02 7.752154531181440689e+01 6.213382948986768639e+01
3.125000000000000000e+00 1.555291682500568706e+00 1.068751082976127975e+02 7.778618164426032422e+01 6.208827935531085984e+01
3.129999999999999893e+00 1.556557046025848434e+00 1.072240200962490917e+02 7.805152693363221772e+01 6.204344106521683244e+01
3.135000000000000231e+00 1.557822258386214909e+00 1.075739249106895841e+02 7.831760535959804770e+01 6.199939080326849705e+01
3.140000000000000124e+00 1.559087327557234559e+00 1.079248148025764209e+02 7.858440120422366704e+01 6.195613777622467921e+01
3.145000000000000018e+00 1.560352261731882795e+00 1.082766859097761341e+02 7.885191952849288555e+01 6.191375459348924437e+01
3.149999999999999911e+00 1.561617069321888263e+00 1.086295421392959781e+02 7.912016284460126769e+01 6.187228409453935285e+01
3.155000000000000249e+00 1.562881758959084433e+00 1.089833824073658377e+02 7.938912517204465757e+01 6.183175621920804588e+01
3.160000000000000142e+00 1.564146339496760740e+00 1.093382028561218249e+02 7.965880891275477893e+01 6.179223417055334977e+01
3.165000000000000036e+00 1.565410820011023496e+00 1.096940081600068453e+02 7.992922264865961779e+01 6.175377075057892284e+01
3.169999999999999929e+00 1.566675209802153468e+00 1.100507945043815852e+02 8.020035679418793961e+01 6.171640432038840629e+01
3.175000000000000266e+00 1.567939518395971676e+00 1.104085593132317058e+02 8.047221333036245028e+01 6.168018440235710642e+01
3.180000000000000160e+00 1.569203755545205192e+00 1.107673049049870002e+02 8.074479826656570935e+01 6.164516991854037542e+01
3.185000000000000053e+00 1.570467931230861369e+00 1.111270279600335300e+02 8.101810279969639339e+01 6.161139750126167769e+01
3.189999999999999947e+00 1.571732055663601191e+00 1.114877309829279426e+02 8.129213454032961295e+01 6.157892020637032005e+01
3.195000000000000284e+00 1.572996139285118833e+00 1.118494076725470734e+02 8.156688951918263797e+01 6.154779086575931046e+01
3.200000000000000178e+00 1.574260192769525224e+00 1.122120587316521068e+02 8.184236867275986071e+01 6.151806554965487805e+01
3.205000000000000071e+00 1.575524227024737378e+00 1.125756826416126444e+02 8.211856780871983119e+01 6.148977525407796207e+01
3.209999999999999964e+00 1.576788253193867284e+00 1.129402790885365846e+02 8.239549439968355671e+01 6.146300004544075790e+01
3.214999999999999858e+00 1.578052282656617233e+00 1.133058483604371673e+02 8.267314576719971342e+01 6.143776274579767005e+01
3.220000000000000195e+00 1.579316327030685141e+00 1.136723818944825695e+02 8.295151190313711709e+01 6.141412858305261580e+01
3.225000000000000089e+00 1.580580398173165202e+00 1.140398816310872405e+02 8.323060483494833761e+01 6.139215996843867629e+01
3.229999999999999982e+00 1.581844508181959430e+00 1.144083504978535615e+02 8.351041986043766485e+01 6.137188104075689665e+01
3.234999999999999876e+00 1.583108669397191415e+00 1.147777758122656877e+02 8.379095036264973828e+01 6.135336576822533061e+01
3.240000000000000213e+00 1.584372894402625409e+00 1.151481678868191381e+02 8.407220631691549784e+01 6.133666387056681657e+01
3.245000000000000107e+00 1.585637196027092743e+00 1.155195164667339043e+02 8.435418134013065128e+01 6.132182506931980015e+01
3.250000000000000000e+00 1.586901587345919129e+00 1.158918219770554288e+02 8.463687242019543078e+01 6.130889813848807535e+01
3.254999999999999893e+00 1.588166081682362174e+00 1.162650817200300111e+02 8.492028240299249831e+01 6.129794492835959119e+01
3.260000000000000231e+00 1.589430692609048013e+00 1.166392943391505810e+02 8.520440960801840902e+01 6.128901099965368360e+01
3.265000000000000124e+00 1.590695433949419924e+00 1.170144523026467169e+02 8.548924828499073669e+01 6.128215429262785818e+01
3.270000000000000018e+00 1.591960319779189614e+00 1.173905625949473830e+02 8.577480621260122007e+01 6.127742906796779465e+01
3.274999999999999911e+00 1.593225364427793389e+00 1.177676138443362817e+02 8.606107541294501573e+01 6.127489163530877647e+01
3.280000000000000249e+00 1.594490582479856755e+00 1.181456107228582368e+02 8.634806100022520070e+01 6.127459141528257902e+01
3.285000000000000142e+00 1.595755988776664358e+00 1.185245433623578037e+02 8.663575398827495633e+01 6.127658425720461821e+01
3.290000000000000036e+00 1.597021598417631694e+00 1.189044183605415412e+02 8.692416276926540775e+01 6.128093015046251679e+01
3.294999999999999929e+00 1.598287426761794583e+00 1.192852222406662150e+02 8.721327492020472505e+01 6.128767160084680654e+01
3.300000000000000266e+00 1.599553489429289543e+00 1.196669606435921622e+02 8.750309899766378408e+01 6.129687704078891386e+01
3.305000000000000160e+00 1.600819802302856587e+00 1.200496226729102460e+02 8.779362281342716301e+01 6.130859408793571674e+01
3.310000000000000053e+00 1.602086381529337800e+00 1.204332148948487458e+02 8.808485664201374732e+01 6.132287409769919861e+01
3.314999999999999947e+00 1.603353243521186133e+00 1.208177300298247729e+02 8.837679724430272188e+01 6.133978616005741458e+01
3.320000000000000284e+00 1.604620404957985969e+00 1.212031630300130729e+02 8.866943751973727217e+01 6.135937740836693877e+01
3.325000000000000178e+00 1.605887882787973897e+00 1.215895087527297420e+02 8.896277099089394369e+01 6.138169487759781617e+01
3.330000000000000071e+00 1.607155694229572163e+00 1.219767715675191795e+02 8.925681248010815239e+01 6.140681547516643235e+01
3.334999999999999964e+00 1.608423856772927873e+00 1.223649434832220351e+02 8.955154806148570401e+01 6.143477709843703138e+01
3.339999999999999858e+00 1.609692388181460876e+00 1.227540197760822593e+02 8.984697802547682954e+01 6.146564269108805689e+01
3.345000000000000195e+00 1.610961306493419842e+00 1.231440049868452888e+02 9.014310618441375311e+01 6.149946974847332370e+01
3.350000000000000089e+00 1.612230630023444355e+00 1.235348862888892256e+02 9.043992387052080062e+01 6.153631305997131307e+01
3.354999999999999982e+00 1.613500377364142535e+00 1.239266629760365674e+02 9.073743253613588422e+01 6.157622393111756764e+01
3.359999999999999876e+00 1.614770567387667999e+00 1.243193344065269059e+02 9.103562740496994365e+01 6.161926651704538216e+01
3.365000000000000213e+00 1.616041219247312144e+00 1.247128968861939029e+02 9.133451516466990938e+01 6.166549546409844851e+01
3.370000000000000107e+00 1.617312352379102647e+00 1.251073473517015628e+02 9.163408737223737432e+01 6.171495796953728785e+01
3.375000000000000000e+00 1.618583986503417060e+00 1.255028981617732313e+02 9.193446738640466265e+01 6.176740273256434222e+01
3.379999999999999893e+00 1.619856141626595081e+00 1.258991128462913878e+02 9.223540184739165682e+01 6.182350502163122030e+01
3.385000000000000231e+00 1.621128838042573905e+00 1.262962114901667121e+02 9.253702541892994304e+01 6.188302821991984359e+01
3.390000000000000124e+00 1.622402096334521149e+00 1.266941792536357951e+02 9.283932020934092577e+01 6.194600843843566196e+01
3.395000000000000018e+00 1.623675937376488410e+00 1.270930168935613267e+02 9.314229519845792993e+01 6.201251908407031976e+01
3.399999999999999911e+00 1.624950382335069499e+00 1.274927224439021671e+02 9.344594515481634289e+01 6.208260686088699032e+01
3.405000000000000249e+00 1.626225452671069327e+00 1.278932822577805126e+02 9.375026052900841478e+01 6.215633351471477397e+01
3.410000000000000142e+00 1.627501170141188780e+00 1.282947058248906274e+02 9.405525059554048539e+01 6.223375354350802269e+01
3.415000000000000036e+00 1.628777556799715365e+00 1.286969808765047674e+02 9.436090598753057179e+01 6.231491942248079852e+01
3.419999999999999929e+00 1.630054635000228513e+00 1.291001046608350578e+02 9.466722783620176074e+01 6.239990059720073390e+01
3.425000000000000266e+00 1.631332427397314877e+00 1.295040767340280468e+02 9.497421129504820669e+01 6.248873329435834023e+01
3.430000000000000160e+00 1.632610956948298497e+00 1.299088861288264241e+02 9.528185099861210006e+01 6.258149413451741339e+01
3.435000000000000053e+00 1.633890246914980304e+00 1.303145371124749374e+02 9.559015636895432522e+01 6.267823204567968531e+01
3.439999999999999947e+00 1.635170320865392934e+00 1.307210266882374867e+02 9.589911935149541478e+01 6.277899744292508899e+01
3.445000000000000284e+00 1.636451202675564431e+00 1.311283442002535651e+02 9.620873414826479575e+01 6.288385180890453796e+01
3.450000000000000178e+00 1.637732916531301264e+00 1.315364934592460315e+02 9.651900890353888940e+01 6.299285988296584549e+01
3.455000000000000071e+00 1.639015486929979559e+00 1.319454619145647030e+02 9.682992544346159036e+01 6.310606173133556496e+01
3.459999999999999964e+00 1.640298938682350771e+00 1.323552475075804580e+02 9.714149009580589222e+01 6.322352059436365579e+01
3.464999999999999858e+00 1.641583296914366441e+00 1.327658526734006728e+02 9.745370332096084098e+01 6.334529831618863227e+01
3.470000000000000195e+00 1.642868587069010289e+00 1.331772687337723085e+02 9.776655746581327833e+01 6.347143892585948777e+01
3.475000000000000089e+00 1.644154834908149621e+00 1.335894924512260218e+02 9.808005412260169464e+01 6.360200664221375888e+01
3.479999999999999982e+00 1.645442066514400281e+00 1.340025207363817401e+02 9.839419188021244622e+01 6.373705816235909083e+01
3.484999999999999876e+00 1.646730308293007594e+00 1.344163494263015934e+02 9.870896674603062593e+01 6.387664652072916738e+01
3.490000000000000213e+00 1.648019586973742623e+00 1.348309712847141384e+02 9.902436900798591068e+01 6.402082361022689838e+01
3.495000000000000107e+00 1.649309929612814640e+00 1.352463932897893528e+02 9.934041452992215682e+01 6.416964767014323456e+01
3.500000000000000000e+00 1.650601363594798476e+00 1.356625983034144838e+02 9.965708237474197517e+01 6.432317261910149853e+01
3.504999999999999893e+00 1.651893916634581849e+00 1.360788743529075475e+02 9.997358202140816275e+01 6.447494212124486523e+01
3.510000000000000231e+00 1.653187616779326907e+00 1.364959278875790858e+02 1.002906986265016087e+02 6.463146987146699018e+01
3.515000000000000124e+00 1.654482492410449757e+00 1.369137590258838770e+02 1.006084352387935326e+02 6.479280358489950231e+01
3.520000000000000018e+00 1.655778572245619973e+00 1.373323645621117635e+02 1.009267948097465251e+02 6.495901910224800702e+01
3.524999999999999911e+00 1.657075885340773880e+00 1.377517436457385713e+02 1.012457834826175826e+02 6.513016740641890578e+01
3.530000000000000249e+00 1.658374461092151142e+00 1.381718853320111293e+02 1.015653766666027735e+02 6.530627715351934626e+01
3.535000000000000142e+00 1.659674329238346902e+00 1.385927924463786383e+02 1.018855912842897737e+02 6.548743000065805120e+01
3.540000000000000036e+00 1.660975519862385452e+00 1.390144559795108137e+02 1.022064119044909631e+02 6.567366451444665643e+01
3.544999999999999929e+00 1.662278063393811456e+00 1.394368738209415710e+02 1.025278430202303497e+02 6.586504121898120445e+01
3.550000000000000266e+00 1.663581990610803807e+00 1.398600503923026679e+02 1.028498901239235721e+02 6.606161233659688037e+01
3.555000000000000160e+00 1.664887332642308815e+00 1.402839672648890428e+02 1.031725320665904917e+02 6.626341654810831017e+01
3.560000000000000053e+00 1.666194120970192039e+00 1.407086337090610755e+02 1.034957850474984298e+02 6.647053488863048187e+01
3.564999999999999947e+00 1.667502387431416100e+00 1.411340382847295700e+02 1.038196320021689303e+02 6.668299555243002885e+01
3.570000000000000284e+00 1.668812164220237593e+00 1.415601847721921729e+02 1.041440872920275496e+02 6.690086289158260513e+01
3.575000000000000178e+00 1.670123483890425531e+00 1.419870646262880030e+02 1.044691357755197032e+02 6.712417531184235031e+01
3.580000000000000071e+00 1.671436379357503110e+00 1.424146726990385901e+02 1.047947788304339127e+02 6.735300426644604954e+01
3.584999999999999964e+00 1.672750883901015451e+00 1.428430117783729258e+02 1.051210167352140132e+02 6.758739037928458515e+01
3.589999999999999858e+00 1.674067031166816655e+00 1.432720736718380010e+02 1.054478450373770784e+02 6.782738391869224870e+01
3.595000000000000195e+00 1.675384855169382847e+00 1.437019065831093485e+02 1.057752705682319601e+02 6.807303229655889254e+01
3.600000000000000089e+00 1.676704390294149860e+00 1.441324125797938507e+02 1.061032788153419233e+02 6.832439589939818347e+01
3.604999999999999982e+00 1.678025671299876453e+00 1.445636328437145721e+02 1.064318699807196538e+02 6.858151585093123970e+01
3.609999999999999876e+00 1.679348733321033071e+00 1.449955630816349981e+02 1.067610431577649308e+02 6.884445909660577456e+01
3.615000000000000213e+00 1.680673611870211692e+00 1.454282003539117625e+02 1.070907999077646195e+02 6.911326314503374135e+01
3.620000000000000107e+00 1.682000342840573426e+00 1.458615467889892727e+02 1.074211384319324623e+02 6.938797776543111695e+01
3.625000000000000000e+00 1.683328962508309878e+00 1.462955922957417272e+02 1.077520476540018137e+02 6.966865169149298254e+01
3.629999999999999893e+00 1.684659507535143819e+00 1.467303457803629954e+02 1.080835464607624203e+02 6.995533727863991658e+01
3.635000000000000231e+00 1.685992014970846498e+00 1.471657914636149940e+02 1.084156133078820403e+02 7.024808395350008539e+01
3.640000000000000124e+00 1.687326522255794936e+00 1.476019323401690997e+02 1.087482518667046634e+02 7.054694108806077679e+01
3.645000000000000018e+00 1.688663067223552527e+00 1.480387665454011881e+02 1.090814643613655335e+02 7.085194858299992404e+01
3.649999999999999911e+00 1.690001688103477839e+00 1.484762906553563084e+02 1.094152468178315303e+02 7.116315814962693764e+01
3.655000000000000249e+00 1.691342423523365834e+00 1.489145049302380528e+02 1.097496040503000074e+02 7.148063031445262538e+01
3.660000000000000142e+00 1.692685312512123508e+00 1.493534011403998818e+02 1.100845217447089794e+02 7.180439084326360444e+01
3.665000000000000036e+00 1.694030394502469727e+00 1.497929791990473802e+02 1.104200054079463058e+02 7.213450282296224714e+01
3.669999999999999929e+00 1.695377709333675487e+00 1.502332401863712903e+02 1.107560594885903527e+02 7.247101260675373169e+01
3.675000000000000266e+00 1.696727297254325917e+00 1.506741796898491828e+02 1.110926749624089069e+02 7.281396386750390093e+01
3.680000000000000160e+00 1.698079198925130706e+00 1.511157949235799265e+02 1.114298517862191886e+02 7.316339497889012478e+01
3.685000000000000053e+00 1.699433455421752726e+00 1.515581014517282767e+02 1.117675908859269214e+02 7.351938379244222688e+01
3.689999999999999947e+00 1.700790108237682396e+00 1.520010662363137044e+02 1.121058907717951172e+02 7.388192750482721749e+01
3.695000000000000284e+00 1.702149199287140036e+00 1.524446949507600095e+02 1.124447427363473082e+02 7.425110201179437297e+01
3.700000000000000178e+00 1.703510770908022831e+00 1.528889985585416866e+02 1.127841564621676298e+02 7.462693778579340176e+01
3.705000000000000071e+00 1.704874865864877798e+00 1.533339715879048128e+02 1.131241354464509925e+02 7.500949979165504544e+01
3.709999999999999964e+00 1.706241527351919807e+00 1.537796008707961164e+02 1.134646557315492004e+02 7.539881202058019483e+01
3.714999999999999858e+00 1.707610798996081591e+00 1.542259026040802894e+02 1.138057407480506242e+02 7.579492969552228487e+01
3.720000000000000195e+00 1.708982724860113711e+00 1.546728621516796807e+02 1.141473764000304101e+02 7.619789608373710621e+01
3.725000000000000089e+00 1.710357349445704500e+00 1.551204847063306147e+02 1.144895679638680974e+02 7.660775043990220468e+01
3.729999999999999982e+00 1.711734717696661745e+00 1.555687699648145212e+02 1.148323102177255066e+02 7.702453856114443909e+01
3.734999999999999876e+00 1.713114875002117454e+00 1.560177116968492896e+02 1.151756071399431676e+02 7.744831321250516964e+01
3.740000000000000213e+00 1.714497867199787251e+00 1.564673148448292750e+02 1.155194558019972533e+02 7.787910684201455069e+01
3.745000000000000107e+00 1.715883740579261962e+00 1.569175713321758394e+02 1.158638526373539293e+02 7.831695671055098273e+01
3.750000000000000000e+00 1.717272541885350057e+00 1.573684885116662997e+02 1.162088027294649635e+02 7.876191359126784164e+01
3.754999999999999893e+00 1.718664318321458495e+00 1.578200590479036407e+02 1.165543027152054094e+02 7.921402842862367777e+01
3.760000000000000231e+00 1.720059117553022654e+00 1.582722847909961388e+02 1.169003536507420904e+02 7.967333235455545548e+01
3.765000000000000124e+00 1.721456987710977105e+00 1.587251694928798997e+02 1.172469585145509114e+02 8.013985984933347595e+01
3.770000000000000018e+00 1.722857977395276574e+00 1.591787064187871579e+02 1.175941099493409183e+02 8.061365945404935474e+01
3.774999999999999911e+00 1.724262135678464647e+00 1.596328945231442447e+02 1.179418071011206735e+02 8.109477824611815322e+01
3.780000000000000249e+00 1.725669512109285098e+00 1.600877411106428951e+02 1.182900609674422725e+02 8.158324590859744774e+01
3.785000000000000142e+00 1.727080156716347847e+00 1.605432381166900200e+02 1.186388595531712156e+02 8.207911495642396460e+01
3.790000000000000036e+00 1.728494120011841551e+00 1.609993918925827359e+02 1.189882118299881313e+02 8.258242215363016214e+01
3.794999999999999929e+00 1.729911452995299248e+00 1.614562008233694712e+02 1.193381146220056337e+02 8.309319612246274289e+01
3.800000000000000266e+00 1.731332207157411762e+00 1.619136628824800823e+02 1.196885669838998894e+02 8.361148809622679323e+01
3.805000000000000160e+00 1.732756434483898600e+00 1.623717829343952417e+02 1.200395736280239589e+02 8.413733564196199666e+01
3.810000000000000053e+00 1.734184187459427706e+00 1.628305527195792024e+02 1.203911258904288673e+02 8.467078437339614538e+01
3.814999999999999947e+00 1.735615519071593615e+00 1.632899846135465793e+02 1.207432364739310060e+02 8.521185144136261158e+01
3.820000000000000284e+00 1.737050482814948671e+00 1.637500711321281699e+02 1.210958966377041151e+02 8.576060121741296882e+01
3.825000000000000178e+00 1.738489132695088868e+00 1.642108137692883076e+02 1.214491068584922857e+02 8.631705865691100144e+01
3.830000000000000071e+00 1.739931523232801869e+00 1.646722201785264303e+02 1.218028799342064588e+02 8.688126639913559757e+01
3.834999999999999964e+00 1.741377709468272084e+00 1.651342861595613272e+02 1.221572095625455461e+02 8.745326642178531529e+01
3.839999999999999858e+00 1.742827746965340152e+00 1.655970099354022409e+02 1.225120869353213493e+02 8.803308569159484875e+01
3.845000000000000195e+00 1.744281691815829705e+00 1.660603965329785865e+02 1.228675269978071327e+02 8.862076866057381608e+01
3.850000000000000089e+00 1.745739600643932299e+00 1.665244543442417751e+02 1.232235288247629796e+02 8.921635459562496351e+01
3.854999999999999982e+00 1.747201530610656750e+00 1.669891718505709264e+02 1.235800831135648536e+02 8.981987139977493939e+01
3.859999999999999876e+00 1.748667539418339745e+00 1.674545571594314310e+02 1.239372016910207606e+02 9.043137442472965404e+01
3.865000000000000213e+00 1.750137685315223512e+00 1.679206168401317711e+02 1.242948879294621065e+02 9.105088285319483532e+01
3.870000000000000107e+00 1.751612027100100555e+00 1.683873434906481066e+02 1.246531335529608668e+02 9.167844153743951097e+01
3.875000000000000000e+00 1.753090624127023878e+00 1.688547586674461343e+02 1.250119368147279033e+02 9.231413999950807181e+01
3.879999999999999893e+00 1.754573536310083837e+00 1.693228364675373996e+02 1.253713181280071183e+02 9.295790794636107535e+01
3.885000000000000231e+00 1.756060824128258258e+00 1.697915911280621231e+02 1.257312639574139723e+02 9.360984735088871389e+01
3.890000000000000124e+00 1.757552548630337386e+00 1.702610361791451510e+02 1.260917909769868430e+02 9.426997129597809533e+01
3.895000000000000018e+00 1.759048771439909009e+00 1.707311546293887545e+02 1.264528805033419872e+02 9.493832228569317522e+01
3.899999999999999911e+00 1.760549554760425739e+00 1.712019661112568372e+02 1.268145528577835677e+02 9.561495324473882818e+01
3.905000000000000249e+00 1.762054961380348228e+00 1.716734613900175077e+02 1.271767967756100575e+02 9.629987730074756769e+01
3.910000000000000142e+00 1.763565054678360111e+00 1.721456537132172855e+02 1.275396235049936990e+02 9.699315157254257258e+01
3.915000000000000036e+00 1.765079898628665322e+00 1.726185374441719489e+02 1.279030270829269966e+02 9.769479078560488006e+01
3.919999999999999929e+00 1.766599557806353804e+00 1.730921221802063314e+02 1.282670187604151693e+02 9.840484101086282465e+01
3.925000000000000266e+00 1.768124097392861804e+00 1.735664108602156261e+02 1.286316010255637821e+02 9.912335100552260769e+01
3.930000000000000160e+00 1.769653583181507006e+00 1.740414066648036737e+02 1.289967690290484086e+02 9.985032470649835545e+01
3.935000000000000053e+00 1.771188081583099816e+00 1.745171066598121286e+02 1.293625271728389521e+02 1.005858196666221573e+02
3.939999999999999947e+00 1.772727659631656794e+00 1.749935239864493894e+02 1.297288830025705693e+02 1.013298689355254965e+02
3.945000000000000284e+00 1.774272384990179141e+00 1.754706613331229903e+02 1.300958414810460226e+02 1.020824998879553789e+02
3.950000000000000178e+00 1.775822325956536885e+00 1.759485190415790896e+02 1.304633986487320954e+02 1.028437725694167284e+02
3.955000000000000071e+00 1.777377551469432548e+00 1.764271055991960679e+02 1.308315596884909837e+02 1.036136767619408090e+02
3.959999999999999964e+00 1.778938131114458976e+00 1.769064160642419949e+02 1.312003243635113563e+02 1.043922844320386361e+02
3.965000000000000302e+00 1.780504135130244192e+00 1.773864677474382461e+02 1.315697042069740519e+02 1.051796213392692181e+02
3.970000000000000195e+00 1.782075634414699072e+00 1.778672528202545493e+02 1.319396950857259867e+02 1.059757221762350952e+02
3.975000000000000089e+00 1.783652700531359159e+00 1.783487886771361275e+02 1.323103060922054510e+02 1.067806172557227029e+02
3.979999999999999982e+00 1.785235405715812629e+00 1.788310745891365059e+02 1.326815411736400279e+02 1.075943534607034735e+02
3.984999999999999876e+00 1.786823822882243729e+00 1.793141128044009918e+02 1.330533995859959191e+02 1.084169499302462611e+02
3.990000000000000213e+00 1.788418025630066133e+00 1.797979105455206081e+02 1.334258826314586486e+02 1.092484470320861618e+02
3.995000000000000107e+00 1.790018088250662442e+00 1.802824781980225737e+02 1.337990054779325533e+02 1.100888945550669007e+02
4.000000000000000000e+00 1.791624085734228267e+00 1.807678162788605505e+02 1.341727649389772523e+02 1.109383092039084744e+02
