% raindrop T-matrix calculations using the code of Leinonen, J., "Python code for T-matrix scattering calculations". Available at https://github.com/jleinonen/pytmatrix/. 
% 
% refractive index calculations after Ray, P., 1972:  Broadband Complex Refractive Indices of Ice and Water, Appl. Opt. 11, 1836-1844 
% 
% raindrop aspect ratio estimated with the methodology of Brandes, Edward & Zhang, Guifu & Vivekanandan, Jothiram. (2005). Corrigendum. Journal of Applied Meteorology. 44. 186-. 10.1175/1520-0450(2005)44<186:C>2.0.CO;2. 
% 
% wave length: 53.534367 mm 
% temperature: 278.15 K 
% refractive index: 8.492232322692871094e+00 + 1.972029328346252441e+00 i 
% 
%r_eqv[mm]               axial ratio              ext[mm2]                 sca[mm2]                 back[mm2]
5.000000000000000104e-03 9.999900000999989436e-01 3.059994095423657136e-09 2.314653461468469563e-17 3.471974568958569679e-17
1.000000000000000021e-02 9.999900000999989436e-01 2.448169139442022143e-08 1.481380108826038503e-15 2.222055431061297663e-15
1.499999999999999944e-02 9.999900000999989436e-01 8.263549041631391671e-08 1.687387642013854076e-14 2.531043545981405481e-14
2.000000000000000042e-02 9.999900000999989436e-01 1.959091899114417113e-07 9.480877237086651687e-14 1.422093654979099332e-13
2.500000000000000139e-02 9.999900000999989436e-01 3.827167513181075066e-07 3.616680215022155694e-13 5.424794081027136100e-13
2.999999999999999889e-02 9.999900000999989436e-01 6.615070219111162759e-07 1.079939573035970402e-12 1.619812042009120560e-12
3.500000000000000333e-02 9.999900000999989436e-01 1.050772540239256401e-06 2.723218390742247563e-12 4.084493489467496030e-12
4.000000000000000083e-02 9.999900000999989436e-01 1.569058247488647368e-06 6.067875495417716288e-12 9.100840760667001548e-12
4.499999999999999833e-02 9.999900000999989436e-01 2.234970299126646388e-06 1.230140586748315151e-11 1.844961329983186713e-11
5.000000000000000278e-02 9.999900000999989436e-01 3.067185453584267764e-06 2.314743687989852803e-11 3.471535752535840044e-11
5.500000000000000028e-02 9.999900000999989436e-01 4.084458757182217776e-06 4.100743630071896120e-11 6.149872525904054136e-11
5.999999999999999778e-02 9.999900000999989436e-01 5.305634143561932189e-06 6.911908132587669020e-11 1.036536883287734891e-10
6.500000000000000222e-02 9.999900000999989436e-01 6.749651393836813610e-06 1.117312997524589242e-10 1.675496437474162193e-10
7.000000000000000666e-02 9.999900000999989436e-01 8.435557471716952996e-06 1.742960663193731927e-10 2.613585093615460165e-10
7.499999999999999722e-02 9.999900000999989436e-01 1.038251215602661522e-05 2.636767664209867179e-10 3.953665013609901660e-10
8.000000000000000167e-02 9.999900000999989436e-01 1.260980241400893496e-05 3.883734929469721318e-10 5.823111128520055425e-10
8.500000000000000611e-02 9.999900000999989436e-01 1.513684506966511947e-05 5.587645705343011151e-10 8.377422033056828948e-10
8.999999999999999667e-02 9.999900000999989436e-01 1.798320089774357403e-05 7.873653838545199347e-10 1.180408779564132070e-09
9.500000000000000111e-02 9.999900000999989436e-01 2.116858043561748229e-05 1.089103763619919679e-09 1.632670312781327233e-09
1.000000000000000056e-01 9.999900000999989436e-01 2.471285867575624486e-05 1.481611424005737231e-09 2.220931792414625422e-09
1.049999999999999961e-01 9.999900000999989436e-01 2.863607546250124643e-05 1.985532855738470318e-09 2.976104583409548552e-09
1.100000000000000006e-01 9.999900000999989436e-01 3.295845269222636825e-05 2.624852016279820533e-09 3.934093553336178955e-09
1.150000000000000050e-01 9.999900000999989436e-01 3.770039847136293581e-05 3.427231679620424189e-09 5.136302720154891074e-09
1.199999999999999956e-01 9.999900000999989436e-01 4.288252551564848773e-05 4.424375399850790844e-09 6.630174298707819593e-09
1.250000000000000000e-01 9.999900000999989436e-01 4.852564318933818205e-05 5.652401116007333256e-09 8.469744642856322221e-09
1.300000000000000044e-01 9.999900000999989436e-01 5.465079070517475722e-05 7.152235168335200062e-09 1.071623017878766000e-08
1.350000000000000089e-01 9.999900000999989436e-01 6.127921947579923639e-05 8.970018023995991126e-09 1.343863022319921831e-08
1.400000000000000133e-01 9.999900000999989436e-01 6.843242632970208939e-05 1.115753744709121972e-08 1.671437023059651969e-08
1.449999999999999900e-01 9.999900000999989436e-01 7.613215775235574303e-05 1.377266537994430744e-08 2.062994981544434611e-08
1.499999999999999944e-01 9.999900000999989436e-01 8.440040422696601895e-05 1.687981416687096973e-08 2.528161892076992313e-08
1.549999999999999989e-01 9.999900000999989436e-01 9.325942946031816078e-05 2.055042447498779540e-08 3.077610060186054037e-08
1.600000000000000033e-01 9.999900000999989436e-01 1.027317692927200783e-04 2.486344705406861366e-08 3.723130358793800118e-08
1.650000000000000078e-01 9.999900000999989436e-01 1.128402459702503090e-04 2.990585825030586349e-08 4.477708440415751396e-08
1.700000000000000122e-01 9.999900000999989436e-01 1.236079817669426424e-04 3.577318443958023298e-08 5.355602171728977076e-08
1.750000000000000167e-01 9.999900000999989436e-01 1.350583903855741210e-04 4.257005916972312729e-08 6.372423854087311196e-08
1.799999999999999933e-01 9.999900000999989436e-01 1.472152240239810530e-04 5.041075852253274863e-08 7.545219052270965057e-08
1.849999999999999978e-01 9.999900000999989436e-01 1.601025339405610828e-04 5.941978872520897355e-08 8.892553117742802229e-08
1.900000000000000022e-01 1.000338260324268314e+00 1.737874553559478079e-04 6.975049808634649148e-08 1.043730175577578415e-07
1.950000000000000067e-01 1.000344839311130496e+00 1.882135832519999286e-04 8.151710982512213685e-08 1.219645200388278577e-07
2.000000000000000111e-01 1.000357515291503407e+00 2.034456349711519804e-04 9.489399307076498740e-08 1.419599368778323239e-07
2.050000000000000155e-01 1.000376259251188893e+00 2.195092802398931962e-04 1.100530179689541897e-07 1.646151860476695138e-07
2.099999999999999922e-01 1.000401042453005207e+00 2.364306023309642511e-04 1.271794026110024314e-07 1.902059558194310005e-07
2.149999999999999967e-01 1.000431836433301802e+00 2.542360915819875684e-04 1.464726081986143748e-07 2.190290208483553925e-07
2.200000000000000011e-01 1.000468612998516083e+00 2.729526279513937626e-04 1.681467900417866063e-07 2.514028912198959401e-07
2.250000000000000056e-01 1.000511344221778787e+00 2.926075787389771643e-04 1.924317350883850331e-07 2.876691874898393089e-07
2.300000000000000100e-01 1.000560002439564444e+00 3.132286817606876484e-04 2.195735381622688244e-07 3.281936229883146936e-07
2.350000000000000144e-01 1.000614560248383578e+00 3.348441973052275434e-04 2.498352670004336304e-07 3.733669667833743646e-07
2.399999999999999911e-01 1.000674990501522643e+00 3.574828220043272937e-04 2.834979599748481795e-07 4.236065019642039470e-07
2.449999999999999956e-01 1.000741266305821942e+00 3.811737327240721221e-04 3.208610912648365137e-07 4.793566848208969126e-07
2.500000000000000000e-01 1.000813361018499714e+00 4.059465221901270419e-04 3.622438401716889723e-07 5.410910051304153097e-07
2.550000000000000044e-01 1.000891248244015541e+00 4.318314607123146316e-04 4.079853339479113953e-07 6.093123064784686842e-07
2.600000000000000089e-01 1.000974901830975039e+00 4.588591548796205682e-04 4.584461925401517287e-07 6.845550532002801841e-07
2.650000000000000133e-01 1.001064295869075416e+00 4.870608025460671886e-04 5.140086711564929152e-07 7.673854954209448365e-07
2.700000000000000178e-01 1.001159404686088994e+00 5.164681802422573876e-04 5.750783262125769480e-07 8.584041115741632890e-07
2.750000000000000222e-01 1.001260202844886926e+00 5.471135227641272386e-04 6.420840991259245594e-07 9.582456780959943364e-07
2.800000000000000266e-01 1.001366665140501100e+00 5.790297130061055481e-04 7.154800156773778594e-07 1.067581756485050504e-06
2.850000000000000311e-01 1.001478766597222014e+00 6.122501796644060209e-04 7.957455200971778829e-07 1.187121130171083742e-06
2.899999999999999800e-01 1.001596482465736404e+00 6.468088728497624297e-04 8.833867436866829021e-07 1.317611639296118768e-06
2.949999999999999845e-01 1.001719788220298835e+00 6.827404955059415475e-04 9.789376362350592700e-07 1.459841806226515471e-06
2.999999999999999889e-01 1.001848659555939935e+00 7.200802262882347905e-04 1.082960602346611458e-06 1.614641712241676791e-06
3.049999999999999933e-01 1.001983072385710605e+00 7.588638273375887663e-04 1.196047772555458727e-06 1.782884827884837961e-06
3.099999999999999978e-01 1.002123002837959964e+00 7.991278905205681559e-04 1.318821899835262690e-06 1.965489268550813347e-06
3.150000000000000022e-01 1.002268427253648841e+00 8.409095081989623318e-04 1.451937576707095651e-06 2.163419536166503427e-06
3.200000000000000067e-01 1.002419322183694117e+00 8.842465059818272822e-04 1.596081988097419106e-06 2.377687551917881709e-06
3.250000000000000111e-01 1.002575664386349930e+00 9.291773218215883647e-04 1.751977007655340541e-06 2.609355703782957331e-06
3.300000000000000155e-01 1.002737430824617970e+00 9.757411256001762229e-04 1.920378487204274977e-06 2.859535676403833260e-06
3.350000000000000200e-01 1.002904598663692415e+00 1.023977902849342730e-03 2.102079422846837132e-06 3.129393097033666493e-06
3.400000000000000244e-01 1.003077145268434833e+00 1.073927994500046244e-03 2.297909763316466334e-06 3.420147130765194055e-06
3.450000000000000289e-01 1.003255048200880628e+00 1.125632953168023784e-03 2.508738287394508861e-06 3.733073177364068624e-06
3.500000000000000333e-01 1.003438285217776782e+00 1.179134826761423296e-03 2.735473013141499124e-06 4.069503362599848276e-06
3.549999999999999822e-01 1.003626834268148693e+00 1.234476317033520289e-03 2.979063236673941376e-06 4.430829472762408607e-06
3.599999999999999867e-01 1.003820673490896542e+00 1.291701049033955415e-03 3.240500793454643192e-06 4.818504697121967768e-06
3.649999999999999911e-01 1.004019781212422524e+00 1.350853479707031643e-03 3.520820944904090338e-06 5.234044826331437181e-06
3.699999999999999956e-01 1.004224135944284502e+00 1.411978865892889005e-03 3.821103093531604476e-06 5.679029181141114040e-06
3.750000000000000000e-01 1.004433716380879638e+00 1.475123089444044027e-03 4.142473556951404285e-06 6.155104606601210147e-06
3.800000000000000044e-01 1.004648501397155336e+00 1.540332990326792953e-03 4.486105440962907435e-06 6.663985126957098632e-06
3.850000000000000089e-01 1.004868470046347273e+00 1.607656372688723041e-03 4.853221533251247382e-06 7.207456112249912054e-06
3.900000000000000133e-01 1.005093601557745631e+00 1.677141758671305515e-03 5.245092894543179182e-06 7.787372023249510518e-06
3.950000000000000178e-01 1.005323875334485528e+00 1.748838433427089313e-03 5.663045476776398907e-06 8.405666084365803086e-06
4.000000000000000222e-01 1.005559270951367434e+00 1.822796864306069865e-03 6.108455083447828705e-06 9.064342608001581576e-06
4.050000000000000266e-01 1.005799768152698448e+00 1.899068388495713531e-03 6.582752842884195386e-06 9.765484980049994504e-06
4.100000000000000311e-01 1.006045346850164002e+00 1.977704884068531323e-03 7.087425495622982516e-06 1.051125587805731182e-05
4.150000000000000355e-01 1.006295987120720881e+00 2.058759651107942151e-03 7.624018318420089312e-06 1.130390144900132472e-05
4.199999999999999845e-01 1.006551669204517108e+00 2.142286659535744785e-03 8.194133768543661027e-06 1.214574905108987335e-05
4.249999999999999889e-01 1.006812373502834479e+00 2.228341065453554037e-03 8.799437415912355988e-06 1.303921591967652211e-05
4.299999999999999933e-01 1.007078080576055967e+00 2.316978513594795085e-03 9.441653559626942815e-06 1.398680236769121560e-05
4.349999999999999978e-01 1.007348771141657329e+00 2.408256545112782716e-03 1.012257108240300324e-05 1.499110033025621270e-05
4.400000000000000022e-01 1.007624426072219359e+00 2.502232674700315216e-03 1.084404546876061953e-05 1.605479608382165868e-05
4.450000000000000067e-01 1.007905026393466796e+00 2.598966428538883929e-03 1.160799870691560263e-05 1.718066986339082200e-05
4.500000000000000111e-01 1.008190553282325652e+00 2.698517464175600403e-03 1.241641722840733524e-05 1.837159252493089512e-05
4.550000000000000155e-01 1.008480988065006079e+00 2.800947404243179107e-03 1.327136254068713151e-05 1.963054113985997283e-05
4.600000000000000200e-01 1.008776312215104998e+00 2.906318430080934590e-03 1.417496574915355857e-05 2.096059056237217354e-05
4.650000000000000244e-01 1.009076507351731156e+00 3.014693774072559670e-03 1.512943109249871104e-05 2.236491834791666807e-05
4.700000000000000289e-01 1.009381555237651273e+00 3.126138022165582397e-03 1.613703742302876159e-05 2.384680672676227136e-05
4.750000000000000333e-01 1.009691437777457068e+00 3.240716775532319176e-03 1.720014449384948702e-05 2.540965162437448837e-05
4.799999999999999822e-01 1.010006137015752481e+00 3.358497116623192225e-03 1.832118614531954917e-05 2.705695216950309767e-05
4.849999999999999867e-01 1.010325635135361333e+00 3.479546712979453282e-03 1.950267842785172577e-05 2.879232254475594732e-05
4.899999999999999911e-01 1.010649914455556075e+00 3.603935015516994758e-03 2.074722169139939232e-05 3.061949465411479410e-05
4.949999999999999956e-01 1.010978957430304748e+00 3.731732105903489728e-03 2.205749286557203692e-05 3.254230631926925384e-05
5.000000000000000000e-01 1.011312746646537475e+00 3.863009734304933412e-03 2.343626912955053807e-05 3.456473616151289603e-05
5.050000000000000044e-01 1.011651264822433394e+00 3.997841313771323402e-03 2.488640563516929190e-05 3.669087006709583377e-05
5.100000000000000089e-01 1.011994494805724676e+00 4.136300057617849600e-03 2.641084122355212378e-05 3.892490928691417790e-05
5.150000000000000133e-01 1.012342419572020980e+00 4.278462327350434323e-03 2.801262769872456002e-05 4.127121356818573799e-05
5.200000000000000178e-01 1.012695022223150554e+00 4.424404521350946626e-03 2.969488855331061498e-05 4.373423931417497472e-05
5.250000000000000222e-01 1.013052285985520662e+00 4.574204346064940710e-03 3.146085338746881175e-05 4.631859053446656820e-05
5.300000000000000266e-01 1.013414194208494434e+00 4.727941989156120121e-03 3.331385549017925056e-05 4.902901462478453871e-05
5.350000000000000311e-01 1.013780730362787486e+00 4.885697582619609285e-03 3.525732165343055283e-05 5.187038677086421316e-05
5.400000000000000355e-01 1.014151878038878962e+00 5.047553731091408528e-03 3.729477415937497800e-05 5.484771252844067372e-05
5.450000000000000400e-01 1.014527620945441466e+00 5.213594139655236374e-03 3.942985085428964446e-05 5.796615702575591696e-05
5.500000000000000444e-01 1.014907942907788518e+00 5.383903605391366157e-03 4.166628931849055567e-05 6.123102117426626261e-05
5.550000000000000488e-01 1.015292827866336012e+00 5.558568706649183455e-03 4.400794157443726161e-05 6.464776279980202149e-05
5.600000000000000533e-01 1.015682259875082316e+00 5.737677510922850957e-03 4.645876996745219086e-05 6.822199015126846752e-05
5.650000000000000577e-01 1.016076223100103704e+00 5.921319403893510191e-03 4.902284225821178270e-05 7.195945396121338075e-05
5.700000000000000622e-01 1.016474701818065096e+00 6.109585259409805978e-03 5.170434735924799870e-05 7.586607020029388290e-05
5.750000000000000666e-01 1.016877680414747243e+00 6.302568112223625937e-03 5.450759135720576251e-05 7.994791366183645370e-05
5.799999999999999600e-01 1.017285143383589441e+00 6.500361646607043589e-03 5.743700734592494710e-05 8.421123238318354827e-05
5.849999999999999645e-01 1.017697075324246692e+00 6.703061710173744206e-03 6.049712556313292339e-05 8.866240179956424116e-05
5.899999999999999689e-01 1.018113460941162618e+00 6.910765401143655756e-03 6.369264076766016310e-05 9.330802494694077551e-05
5.949999999999999734e-01 1.018534285042156151e+00 7.123572159605351395e-03 6.702834100715896197e-05 9.815482564647280369e-05
5.999999999999999778e-01 1.018959532537025314e+00 7.341582039436378784e-03 7.050915057029142252e-05 1.032097119697758129e-04
6.049999999999999822e-01 1.019389188436160998e+00 7.564897901205196520e-03 7.414014256103229302e-05 1.084797937726388213e-04
6.099999999999999867e-01 1.019823237849180497e+00 7.793623095579175174e-03 7.792651515386623292e-05 1.139723472722900793e-04
6.149999999999999911e-01 1.020261665983570154e+00 8.027863425898449853e-03 8.187359285382148912e-05 1.196948151060725729e-04
6.199999999999999956e-01 1.020704458143344873e+00 8.267727063242545638e-03 8.598684764842948788e-05 1.256548389711057768e-04
6.250000000000000000e-01 1.021151599727719406e+00 8.513322330354211251e-03 9.027190207286733500e-05 1.318602611301261771e-04
6.300000000000000044e-01 1.021603076229795626e+00 8.764761110244162143e-03 9.473450312823431072e-05 1.383190869608037939e-04
6.350000000000000089e-01 1.022058873235258902e+00 9.022155790014996582e-03 9.938056298910097699e-05 1.450395429725837427e-04
6.400000000000000133e-01 1.022518976421092685e+00 9.285621230196289960e-03 1.042161653933306023e-04 1.520300861615371535e-04
6.450000000000000178e-01 1.022983371554301524e+00 9.555274156323848717e-03 1.092474808612493305e-04 1.592992775659264409e-04
6.500000000000000222e-01 1.023452044490649859e+00 9.831233022416872164e-03 1.144809213911668431e-04 1.668560109914220225e-04
6.550000000000000266e-01 1.023924981173411908e+00 1.011361829900658121e-02 1.199229672629336025e-04 1.747092537333404336e-04
6.600000000000000311e-01 1.024402167632133542e+00 1.040255264449999224e-02 1.255803014404938231e-04 1.828682480775097995e-04
6.650000000000000355e-01 1.024883589981409493e+00 1.069816026737328840e-02 1.314598185404064652e-04 1.913425196742007245e-04
6.700000000000000400e-01 1.025369234419667430e+00 1.100056727497999813e-02 1.375685072729883123e-04 2.001417051899468899e-04
6.750000000000000444e-01 1.025859087227968924e+00 1.130990253477500047e-02 1.439135731391304911e-04 2.092757334033416427e-04
6.800000000000000488e-01 1.026353134768820174e+00 1.162629681703147150e-02 1.505023416154480098e-04 2.187546783059656896e-04
6.850000000000000533e-01 1.026851363484993174e+00 1.194988183636419392e-02 1.573423633949153273e-04 2.285889164752510233e-04
6.900000000000000577e-01 1.027353759898360641e+00 1.228079393412612706e-02 1.644413668747070800e-04 2.387890527729013038e-04
6.950000000000000622e-01 1.027860310608740946e+00 1.261916888788469984e-02 1.718072612533158594e-04 2.493659283507980722e-04
7.000000000000000666e-01 1.028371002292754355e+00 1.296514617584587289e-02 1.794480841252426542e-04 2.603305371720533354e-04
7.049999999999999600e-01 1.028885821702690384e+00 1.331886778553988994e-02 1.873721412839301332e-04 2.716942343202253911e-04
7.099999999999999645e-01 1.029404755665387139e+00 1.368047634196308156e-02 1.955878719114906490e-04 2.834685354783060551e-04
7.149999999999999689e-01 1.029927791081118427e+00 1.405011879821800071e-02 2.041039359597945522e-04 2.956652446079790770e-04
7.199999999999999734e-01 1.030454914922495746e+00 1.442794216964535074e-02 2.129291896975590869e-04 3.082964154680331906e-04
7.249999999999999778e-01 1.030986114233377604e+00 1.481409746269476274e-02 2.220726875384629816e-04 3.213743549408041005e-04
7.299999999999999822e-01 1.031521376127789047e+00 1.520873851707038940e-02 2.315436858785566295e-04 3.349116262466176794e-04
7.349999999999999867e-01 1.032060687788854958e+00 1.561202040630588726e-02 2.413516470540656830e-04 3.489210542939070190e-04
7.399999999999999911e-01 1.032604036467738684e+00 1.602409949279503740e-02 2.515062748624935247e-04 3.634157751211382977e-04
7.449999999999999956e-01 1.033151409482594651e+00 1.644513833164228112e-02 2.620174175792172122e-04 3.784090948215255924e-04
7.500000000000000000e-01 1.033702794217528753e+00 1.687529701441931387e-02 2.728952412922292479e-04 3.939147395883292016e-04
7.550000000000000044e-01 1.034258178121568061e+00 1.731474493651158006e-02 2.841500282140435639e-04 4.099465588746634614e-04
7.600000000000000089e-01 1.034817548707643198e+00 1.776364534975425832e-02 2.957923140803592307e-04 4.265187281785220628e-04
7.650000000000000133e-01 1.035380893551575587e+00 1.822217263124000647e-02 3.078329721775273538e-04 4.436458682520160184e-04
7.700000000000000178e-01 1.035948200291078702e+00 1.869049689028464203e-02 3.202829210534826904e-04 4.613426176259082098e-04
7.750000000000000222e-01 1.036519456624765523e+00 1.916879685730291452e-02 3.331534587881684667e-04 4.796241171712624938e-04
7.800000000000000266e-01 1.037094650311166655e+00 1.965724950811037139e-02 3.464560851099251614e-04 4.985057488528847570e-04
7.850000000000000311e-01 1.037673769167756666e+00 2.015603611677732609e-02 3.602025398671049642e-04 5.180031980255138000e-04
7.900000000000000355e-01 1.038256801069989743e+00 2.066534230724999949e-02 3.744047660989770101e-04 5.381323828393708587e-04
7.950000000000000400e-01 1.038843733950345127e+00 2.118535317751964187e-02 3.890750338496197329e-04 5.589096473961180627e-04
8.000000000000000444e-01 1.039434555797379867e+00 2.171626117465816005e-02 4.042258697688263245e-04 5.803516532108636550e-04
8.050000000000000488e-01 1.040029254654790458e+00 2.225825576460309721e-02 4.198698832899483055e-04 6.024751183929871398e-04
8.100000000000000533e-01 1.040627818620484257e+00 2.281153568235971124e-02 4.360201972645331753e-04 6.252974538355068543e-04
8.150000000000000577e-01 1.041230235845658436e+00 2.337629720914496251e-02 4.526901171313425527e-04 6.488362677732439736e-04
8.200000000000000622e-01 1.041836494533886492e+00 2.395274407739203873e-02 4.698930332233385043e-04 6.731092311087527634e-04
8.250000000000000666e-01 1.042446582940215416e+00 2.454108190688765109e-02 4.876428763229065377e-04 6.981347355702372014e-04
8.300000000000000711e-01 1.043060489370268407e+00 2.514151636190619168e-02 5.059537636695704641e-04 7.239313764039807158e-04
8.349999999999999645e-01 1.043678202179357140e+00 2.575425868200210272e-02 5.248400940829884122e-04 7.505180884917937939e-04
8.399999999999999689e-01 1.044299709771603135e+00 2.637952384380969073e-02 5.443164501516967180e-04 7.779140028254633802e-04
8.449999999999999734e-01 1.044925000599063569e+00 2.701753055768318923e-02 5.643977988980112322e-04 8.061387317175661756e-04
8.499999999999999778e-01 1.045554063160868408e+00 2.766850008444086614e-02 5.850993964902486766e-04 8.352122388072583635e-04
8.549999999999999822e-01 1.046186886002363758e+00 2.833265307649742923e-02 6.064368994124001537e-04 8.651549904277757407e-04
8.599999999999999867e-01 1.046823457714263217e+00 2.901022128147070361e-02 6.284261649678118348e-04 8.959876708584211136e-04
8.649999999999999911e-01 1.047463766931806317e+00 2.970143286987804443e-02 6.510832489094561977e-04 9.277311551014348406e-04
8.699999999999999956e-01 1.048107802333925420e+00 3.040652216998050716e-02 6.744246147052506421e-04 9.604068374639203884e-04
8.750000000000000000e-01 1.048755552642418598e+00 3.112572973178682340e-02 6.984672620952766132e-04 9.940368192503689412e-04
8.800000000000000044e-01 1.049407006621131844e+00 3.185929494893340042e-02 7.232280659018321903e-04 1.028642905149016904e-03
8.850000000000000089e-01 1.050062153075147497e+00 3.260746335299945231e-02 7.487246701440372501e-04 1.064247943260192980e-03
8.900000000000000133e-01 1.050720980849978670e+00 3.337048550492403148e-02 7.749748258867483102e-04 1.100874844506123185e-03
8.950000000000000178e-01 1.051383478830772988e+00 3.414861079263060983e-02 8.019966084556399543e-04 1.138546887602115117e-03
9.000000000000000222e-01 1.052049635941522787e+00 3.494209845615203064e-02 8.298085515325513131e-04 1.177287933309014876e-03
9.050000000000000266e-01 1.052719441144281065e+00 3.575120540447710576e-02 8.584292824827150252e-04 1.217121863080742336e-03
9.100000000000000311e-01 1.053392883438386107e+00 3.657619957264366534e-02 8.878781449775358754e-04 1.258073500469231989e-03
9.150000000000000355e-01 1.054069951859691656e+00 3.741734412849750946e-02 9.181745847261187695e-04 1.300167712882122333e-03
9.200000000000000400e-01 1.054750635479804632e+00 3.827491580597446735e-02 9.493385340183025430e-04 1.343429976922132750e-03
9.250000000000000444e-01 1.055434923405329073e+00 3.914918644812258319e-02 9.813901507475643413e-04 1.387885969352452200e-03
9.300000000000000488e-01 1.056122804777117841e+00 4.004043782331825896e-02 1.014350089447599952e-03 1.433561979055586249e-03
9.350000000000000533e-01 1.056814268769528553e+00 4.094895174769239143e-02 1.048239377251434156e-03 1.480484728652068380e-03
9.400000000000000577e-01 1.057509304589689725e+00 4.187501873137668140e-02 1.083079421132740472e-03 1.528681364024535826e-03
9.450000000000000622e-01 1.058207901476769797e+00 4.281893302187392975e-02 1.118891862935105863e-03 1.578179252777906546e-03
9.500000000000000666e-01 1.058910048701254603e+00 4.378098525032136229e-02 1.155698872019893719e-03 1.629006407855971769e-03
9.550000000000000711e-01 1.059615735564230832e+00 4.476148087759151961e-02 1.193523153402831823e-03 1.681191475087619701e-03
9.599999999999999645e-01 1.060324951396675930e+00 4.576072543287961619e-02 1.232387374304991668e-03 1.734762937847650170e-03
9.649999999999999689e-01 1.061037685558753330e+00 4.677902816507156086e-02 1.272315189070406458e-03 1.789750569785007695e-03
9.699999999999999734e-01 1.061753927439116119e+00 4.781669971711417083e-02 1.313330214448803256e-03 1.846183934556664200e-03
9.749999999999999778e-01 1.062473666454213594e+00 4.887406423149128626e-02 1.355456938334684801e-03 1.904093737230032595e-03
9.799999999999999822e-01 1.063196892047607145e+00 4.995144346566348509e-02 1.398719335696577398e-03 1.963509799138776421e-03
9.849999999999999867e-01 1.063923593689290348e+00 5.104916667642802469e-02 1.443143050648753017e-03 2.024464214984254915e-03
9.899999999999999911e-01 1.064653760875015509e+00 5.216756325392067628e-02 1.488753541213947134e-03 2.086988631456134901e-03
9.949999999999999956e-01 1.065387383125626419e+00 5.330697482995693653e-02 1.535576362695778444e-03 2.151114702802951664e-03
1.000000000000000000e+00 1.066124449986396217e+00 5.446774313195044265e-02 1.583638165136698429e-03 2.216875525567452935e-03
1.005000000000000115e+00 1.066864951026373021e+00 5.565024545000864242e-02 1.632969702016851292e-03 2.284310400305110574e-03
1.010000000000000009e+00 1.067608875837728233e+00 5.685480630972328253e-02 1.683594168044386412e-03 2.353446674089140333e-03
1.015000000000000124e+00 1.068356214035114826e+00 5.808178005631238483e-02 1.735540298928751370e-03 2.424319965916552772e-03
1.020000000000000018e+00 1.069106955255026969e+00 5.933153566169852011e-02 1.788835544259515182e-03 2.496963857365856309e-03
1.024999999999999911e+00 1.069861089155168976e+00 6.060443751818372221e-02 1.843508892654917861e-03 2.571413965611225785e-03
1.030000000000000027e+00 1.070618605413826918e+00 6.190085734341861656e-02 1.899589800812757825e-03 2.647706452354133856e-03
1.034999999999999920e+00 1.071379493729249344e+00 6.322117674237484608e-02 1.957107867889001582e-03 2.725877449771295976e-03
1.040000000000000036e+00 1.072143743819029771e+00 6.456577995956236382e-02 2.016093155076684185e-03 2.805963602513288253e-03
1.044999999999999929e+00 1.072911345419497398e+00 6.593505615159546418e-02 2.076576618045848990e-03 2.888002620853528934e-03
1.050000000000000044e+00 1.073682288285112474e+00 6.732940200106481143e-02 2.138589324867019338e-03 2.972032234078041558e-03
1.054999999999999938e+00 1.074456562187866782e+00 6.874921421199232940e-02 2.202162837795240864e-03 3.058090665255472525e-03
1.060000000000000053e+00 1.075234156916690775e+00 7.019490200536859792e-02 2.267330043396203424e-03 3.146217827937078469e-03
1.064999999999999947e+00 1.076015062276864054e+00 7.166688190154428539e-02 2.334123149467784517e-03 3.236452463052924035e-03
1.070000000000000062e+00 1.076799268089433603e+00 7.316556312819531838e-02 2.402575688847141330e-03 3.328835010870524139e-03
1.074999999999999956e+00 1.077586764190635593e+00 7.469137736681177864e-02 2.472721736511370762e-03 3.423406475838431957e-03
1.080000000000000071e+00 1.078377540431322945e+00 7.624475608858752307e-02 2.544595934812475015e-03 3.520208497681495772e-03
1.084999999999999964e+00 1.079171586676399119e+00 7.782612873525963926e-02 2.618232601828632787e-03 3.619281943966185400e-03
1.090000000000000080e+00 1.079968892804255898e+00 7.943594174781390405e-02 2.693667899110517225e-03 3.720670164427904592e-03
1.094999999999999973e+00 1.080769448706216718e+00 8.107464426668326007e-02 2.770938137142551789e-03 3.824416510449201757e-03
1.100000000000000089e+00 1.081573244285985780e+00 8.274269289581349940e-02 2.850079299777940906e-03 3.930563561024486181e-03
1.104999999999999982e+00 1.082380269459101152e+00 8.444054683223989333e-02 2.931129284015470196e-03 4.039156444237641808e-03
1.110000000000000098e+00 1.083190514152395201e+00 8.616867510409902120e-02 3.014126137703286058e-03 4.150240257007220546e-03
1.114999999999999991e+00 1.084003968303457022e+00 8.792754938873617587e-02 3.099107561492489907e-03 4.263859342338387724e-03
1.120000000000000107e+00 1.084820621860102863e+00 8.971765866455595761e-02 3.186113727710876767e-03 4.380061334471842781e-03
1.125000000000000000e+00 1.085640464779849657e+00 9.153948467000729006e-02 3.275184014677575122e-03 4.498892445169807262e-03
1.130000000000000115e+00 1.086463487029394992e+00 9.339352143177054311e-02 3.366358880012028810e-03 4.620400184089687272e-03
1.135000000000000009e+00 1.087289678584100638e+00 9.528028286454089113e-02 3.459678920261803278e-03 4.744631986866277087e-03
1.140000000000000124e+00 1.088119029427482509e+00 9.720026569749810885e-02 3.555186342954009052e-03 4.871637346374245968e-03
1.145000000000000018e+00 1.088951529550704622e+00 9.915398898825059093e-02 3.652923504710548289e-03 5.001465660414106291e-03
1.150000000000000133e+00 1.089787168952079055e+00 1.011419817298073176e-01 3.752932894675653930e-03 5.134166250804292168e-03
1.155000000000000027e+00 1.090625937636568565e+00 1.031647680427583008e-01 3.855258686287040947e-03 5.269790437099570839e-03
1.159999999999999920e+00 1.091467825615297427e+00 1.052228919015189279e-01 3.959944674276713421e-03 5.408388912782518924e-03
1.165000000000000036e+00 1.092312822905064262e+00 1.073168923552435816e-01 4.067036904384570273e-03 5.550015118457362132e-03
1.169999999999999929e+00 1.093160919527861763e+00 1.094473284334554208e-01 4.176579972575529369e-03 5.694720126057371476e-03
1.175000000000000044e+00 1.094012105510399513e+00 1.116147641257075190e-01 4.288620218241805636e-03 5.842557265758099513e-03
1.179999999999999938e+00 1.094866370883633921e+00 1.138197634397344199e-01 4.403205779343112927e-03 5.993582088196719795e-03
1.185000000000000053e+00 1.095723705682299487e+00 1.160629053660081622e-01 4.520384438910766793e-03 6.147849230495278615e-03
1.189999999999999947e+00 1.096584099944449830e+00 1.183447739050271647e-01 4.640204079037251773e-03 6.305413209387837961e-03
1.195000000000000062e+00 1.097447543710998508e+00 1.206659631018363876e-01 4.762713871844303365e-03 6.466330075620033840e-03
1.199999999999999956e+00 1.098314027025267592e+00 1.230270719090287429e-01 4.887964889524383690e-03 6.630658104698447172e-03
1.205000000000000071e+00 1.099183539932540254e+00 1.254287142178894809e-01 5.016006583285719141e-03 6.798453094187220831e-03
1.209999999999999964e+00 1.100056072479618674e+00 1.278715041177669043e-01 5.146892147669808806e-03 6.969775635752752628e-03
1.215000000000000080e+00 1.100931614714385054e+00 1.303560803716358740e-01 5.280673131700497347e-03 7.144683679739846638e-03
1.219999999999999973e+00 1.101810156685369746e+00 1.328830619836561255e-01 5.417402434775601787e-03 7.323236819289095229e-03
1.225000000000000089e+00 1.102691688441321372e+00 1.354531031011086961e-01 5.557133723392873072e-03 7.505495275805441034e-03
1.229999999999999982e+00 1.103576200030784493e+00 1.380668572512550596e-01 5.699922712061290635e-03 7.691521709303775212e-03
1.235000000000000098e+00 1.104463681501680172e+00 1.407249885518341292e-01 5.845824654586532013e-03 7.881377873926211086e-03
1.239999999999999991e+00 1.105354122900890967e+00 1.434281658999105036e-01 5.994895610232000432e-03 8.075126182556744206e-03
1.245000000000000107e+00 1.106247514273852595e+00 1.461770632873569953e-01 6.147193755206166281e-03 8.272831748440378705e-03
1.250000000000000000e+00 1.107143845664148030e+00 1.489723893765879104e-01 6.302775421209677424e-03 8.474556538559753494e-03
1.255000000000000115e+00 1.108043107113107384e+00 1.518148183225754844e-01 6.461700458019215346e-03 8.680367151802332454e-03
1.260000000000000009e+00 1.108945288659413109e+00 1.547050887394304519e-01 6.624029563112011909e-03 8.890330969967458891e-03
1.265000000000000124e+00 1.109850380338708309e+00 1.576438945952690074e-01 6.789821560838445701e-03 9.104512201846872918e-03
1.270000000000000018e+00 1.110758372183210829e+00 1.606319895324879732e-01 6.959138862216569972e-03 9.322979717767802127e-03
1.275000000000000133e+00 1.111669254221331116e+00 1.636700927914636616e-01 7.132044811032673889e-03 9.545803367179856239e-03
1.280000000000000027e+00 1.112583016477296738e+00 1.667589579237513941e-01 7.308600771773393623e-03 9.773049632317273860e-03
1.284999999999999920e+00 1.113499648970778022e+00 1.698993585806634898e-01 7.488871829447031267e-03 1.000478983216978278e-02
1.290000000000000036e+00 1.114419141716522343e+00 1.730920537501284828e-01 7.672924027157254113e-03 1.024109620778366342e-02
1.294999999999999929e+00 1.115341484723989307e+00 1.763378174031836054e-01 7.860822868596793397e-03 1.048203950970304221e-02
1.300000000000000044e+00 1.116266667996994588e+00 1.796374531568005750e-01 8.052636265680120434e-03 1.072769378238596152e-02
1.304999999999999938e+00 1.117194681533353773e+00 1.829917743634489058e-01 8.248430012658092628e-03 1.097812932595904588e-02
1.310000000000000053e+00 1.118125515324534858e+00 1.864015606262816316e-01 8.448275438299722787e-03 1.123342381039013974e-02
1.314999999999999947e+00 1.119059159355313193e+00 1.898676748269013115e-01 8.652241791093509896e-03 1.149365147296548505e-02
1.320000000000000062e+00 1.119995603603431533e+00 1.933909311872140935e-01 8.860399249080648174e-03 1.175888723301789576e-02
1.324999999999999956e+00 1.120934838039265857e+00 1.969721831935117018e-01 9.072818911968413835e-03 1.202920696220994776e-02
1.330000000000000071e+00 1.121876852625492305e+00 2.006122946767561199e-01 9.289577747809956570e-03 1.230469415851932584e-02
1.334999999999999964e+00 1.122821637316764765e+00 2.043121243185981040e-01 9.510745690521033718e-03 1.258542174748045021e-02
1.340000000000000080e+00 1.123769182059389804e+00 2.080725609909409024e-01 9.736400121581039596e-03 1.287147275956103398e-02
1.344999999999999973e+00 1.124719476791012696e+00 2.118945128540329070e-01 9.966616223085188533e-03 1.316292662562527568e-02
1.350000000000000089e+00 1.125672511440304557e+00 2.157788688345449180e-01 1.020147184289261176e-02 1.345986549758800346e-02
1.354999999999999982e+00 1.126628275926654377e+00 2.197265674483113718e-01 1.044104421334229350e-02 1.376237075697039208e-02
1.360000000000000098e+00 1.127586760159866808e+00 2.237385177291129068e-01 1.068541331566481845e-02 1.407052647101212847e-02
1.364999999999999991e+00 1.128547954039863965e+00 2.278156826073843289e-01 1.093466025509198108e-02 1.438441786176729124e-02
1.370000000000000107e+00 1.129511847456391438e+00 2.319590162150180768e-01 1.118886544643507043e-02 1.470412878733563106e-02
1.375000000000000000e+00 1.130478430288730518e+00 2.361694920997277625e-01 1.144811397870332779e-02 1.502974874338483188e-02
1.380000000000000115e+00 1.131447692405412875e+00 2.404480882309223688e-01 1.171248668008006630e-02 1.536136083670624347e-02
1.385000000000000009e+00 1.132419623663941444e+00 2.447958039678657938e-01 1.198206903643083028e-02 1.569905375255320826e-02
1.390000000000000124e+00 1.133394213910515980e+00 2.492136571883221130e-01 1.225694961029320622e-02 1.604292005908449989e-02
1.395000000000000018e+00 1.134371452979762385e+00 2.537026767598352106e-01 1.253721443289469717e-02 1.639304832756960026e-02
1.400000000000000133e+00 1.135351330694467364e+00 2.582638909063650345e-01 1.282295059481797575e-02 1.674952746811623691e-02
1.405000000000000027e+00 1.136333836865317526e+00 2.628983485434570611e-01 1.311425022264410718e-02 1.711245295569938096e-02
1.409999999999999920e+00 1.137318961290643582e+00 2.676071375346120162e-01 1.341120283452434427e-02 1.748191599047977177e-02
1.415000000000000036e+00 1.138306693756168331e+00 2.723913167339588881e-01 1.371390299171806534e-02 1.785801415135838954e-02
1.419999999999999929e+00 1.139297024034760630e+00 2.772520044675334527e-01 1.402244061794559807e-02 1.824083787297234305e-02
1.425000000000000044e+00 1.140289941886192482e+00 2.821903089001251419e-01 1.433691481719889631e-02 1.863048917472948096e-02
1.429999999999999938e+00 1.141285437056903218e+00 2.872073388631733448e-01 1.465741788300434743e-02 1.902706043328111774e-02
1.435000000000000053e+00 1.142283499279765024e+00 2.923042526065330327e-01 1.498404740097227829e-02 1.943065054060071767e-02
1.439999999999999947e+00 1.143284118273856675e+00 2.974822081618533898e-01 1.531690647732610044e-02 1.984136498454555295e-02
1.445000000000000062e+00 1.144287283744239936e+00 3.027423742879231661e-01 1.565608900768598530e-02 2.025929586460300386e-02
1.449999999999999956e+00 1.145292985381740625e+00 3.080859487582403577e-01 1.600170069230755221e-02 2.068455141185642637e-02
1.455000000000000071e+00 1.146301212862736563e+00 3.135141402322919046e-01 1.635384444866204087e-02 2.111723425976471183e-02
1.459999999999999964e+00 1.147311955848947074e+00 3.190281469530301117e-01 1.671262229914433767e-02 2.155744560967958953e-02
1.465000000000000080e+00 1.148325203987230259e+00 3.246292270228879340e-01 1.707813973145137082e-02 2.200529053085678935e-02
1.469999999999999973e+00 1.149340946909383598e+00 3.303186190807212985e-01 1.745050365194491387e-02 2.246087528760298477e-02
1.475000000000000089e+00 1.150359174231948334e+00 3.360976307817641895e-01 1.782982686980771891e-02 2.292431379557002130e-02
1.479999999999999982e+00 1.151379875556021837e+00 3.419675204357470744e-01 1.821621231893469015e-02 2.339570413823176265e-02
1.485000000000000098e+00 1.152403040467071982e+00 3.479296063253137783e-01 1.860977562847917002e-02 2.387516316377762474e-02
1.489999999999999991e+00 1.153428658534756623e+00 3.539852066872932190e-01 1.901062939297906706e-02 2.436280098010151079e-02
1.495000000000000107e+00 1.154456719312749513e+00 3.601356888974956427e-01 1.941888529879221698e-02 2.485872598384398363e-02
1.500000000000000000e+00 1.155487212338569769e+00 3.663823722711537223e-01 1.983466109882222120e-02 2.536305463259488219e-02
1.505000000000000115e+00 1.156520127133416675e+00 3.727266444564404368e-01 2.025807376659566686e-02 2.587590097012262141e-02
1.510000000000000009e+00 1.157555453202008700e+00 3.791699426621341074e-01 2.068924418172799970e-02 2.639738358802418139e-02
1.515000000000000124e+00 1.158593180032429393e+00 3.857136458923846045e-01 2.112828747803224133e-02 2.692761180112164185e-02
1.520000000000000018e+00 1.159633297095975069e+00 3.923592014209070777e-01 2.157533245476428094e-02 2.746671383573065159e-02
1.525000000000000133e+00 1.160675793847010029e+00 3.991080578976595739e-01 2.203049730069161702e-02 2.801480095610862225e-02
1.530000000000000027e+00 1.161720659722826676e+00 4.059617125327464326e-01 2.249390649782383872e-02 2.857199358314058829e-02
1.535000000000000142e+00 1.162767884143507846e+00 4.129216434102142563e-01 2.296569134108157953e-02 2.913841972827439092e-02
1.540000000000000036e+00 1.163817456511797577e+00 4.199893494483141199e-01 2.344597969570706708e-02 2.971420120984575447e-02
1.544999999999999929e+00 1.164869366212974766e+00 4.271663868894984284e-01 2.393490095666116896e-02 3.029946243616661941e-02
1.550000000000000044e+00 1.165923602614732379e+00 4.344543045653754820e-01 2.443258625639503634e-02 3.089432780344337354e-02
1.554999999999999938e+00 1.166980155067061542e+00 4.418546897777475557e-01 2.493916825156108213e-02 3.149892379112279039e-02
1.560000000000000053e+00 1.168039012902141183e+00 4.493691207122333386e-01 2.545478128418620506e-02 3.211337724675313032e-02
1.564999999999999947e+00 1.169100165434231231e+00 4.569992345216575824e-01 2.597956684562837196e-02 3.273782380501403383e-02
1.570000000000000062e+00 1.170163601959574473e+00 4.647466495256330488e-01 2.651366275484574528e-02 3.337239459105941636e-02
1.574999999999999956e+00 1.171229311756297298e+00 4.726130534649110593e-01 2.705720305389160141e-02 3.401721240949343028e-02
1.580000000000000071e+00 1.172297284084322211e+00 4.806001230390386514e-01 2.761034008263432704e-02 3.467242472578645207e-02
1.584999999999999964e+00 1.173367508185281460e+00 4.887095665236545483e-01 2.817321129092892687e-02 3.533815849176589335e-02
1.590000000000000080e+00 1.174439973282435989e+00 4.969431115363798224e-01 2.874596720486240556e-02 3.601455651371096578e-02
1.594999999999999973e+00 1.175514668580601496e+00 5.053025450581029032e-01 2.932875455842155754e-02 3.670175476113694824e-02
1.600000000000000089e+00 1.176591583266077601e+00 5.137895851405973602e-01 2.992172176337559372e-02 3.739989201220512982e-02
1.604999999999999982e+00 1.177670706506583453e+00 5.224060592243860990e-01 3.052501917367973772e-02 3.810910642083430167e-02
1.610000000000000098e+00 1.178752027451198003e+00 5.311537943768633863e-01 3.113880484495966036e-02 3.882954776002508351e-02
1.614999999999999991e+00 1.179835535230304933e+00 5.400346385346136424e-01 3.176322690681181171e-02 3.956134997554095617e-02
1.620000000000000107e+00 1.180921218955544472e+00 5.490504682384698132e-01 3.239845337471743136e-02 4.030467195028375471e-02
1.625000000000000000e+00 1.182009067719768769e+00 5.582031717779265545e-01 3.304464225183560699e-02 4.105965990492461970e-02
1.630000000000000115e+00 1.183099070597002811e+00 5.674947053834972222e-01 3.370194742075158928e-02 4.182645101640011798e-02
1.635000000000000009e+00 1.184191216642411337e+00 5.769269864481101351e-01 3.437053671138641520e-02 4.260520204339159067e-02
1.640000000000000124e+00 1.185285494892271307e+00 5.865019735933402201e-01 3.505058037324045028e-02 4.339607063580017132e-02
1.645000000000000018e+00 1.186381894363947032e+00 5.962217417554455112e-01 3.574223802477629469e-02 4.419919935143806072e-02
1.650000000000000133e+00 1.187480404055874628e+00 6.060882490219015040e-01 3.644569029915131764e-02 4.501475752206391540e-02
1.655000000000000027e+00 1.188581012947548476e+00 6.161035930105053238e-01 3.716110078242457898e-02 4.584289057941438178e-02
1.660000000000000142e+00 1.189683709999514560e+00 6.262698298496318650e-01 3.788864814681450199e-02 4.668376329869362851e-02
1.665000000000000036e+00 1.190788484153369131e+00 6.365890769657820414e-01 3.862850652508521138e-02 4.753753236289776085e-02
1.669999999999999929e+00 1.191895324331762041e+00 6.470635106370343781e-01 3.938085896437920619e-02 4.840436521551244597e-02
1.675000000000000044e+00 1.193004219438406732e+00 6.576952287819514131e-01 4.014588404533823984e-02 4.928442265814939049e-02
1.679999999999999938e+00 1.194115158358093565e+00 6.684864672643239247e-01 4.092376236175778587e-02 5.017786610339665387e-02
1.685000000000000053e+00 1.195228129956711127e+00 6.794394431908353793e-01 4.171468368689449507e-02 5.108486896341715711e-02
1.689999999999999947e+00 1.196343123081270665e+00 6.905564725615180866e-01 4.251883316846823829e-02 5.200559612532373172e-02
1.695000000000000062e+00 1.197460126559938276e+00 7.018397133620126738e-01 4.333640520280160335e-02 5.294022391610018335e-02
1.699999999999999956e+00 1.198579129202069993e+00 7.132915809791059436e-01 4.416758230296086163e-02 5.388891148890952165e-02
1.705000000000000071e+00 1.199700119798254416e+00 7.249143923553443836e-01 4.501257791360769450e-02 5.485185756127634177e-02
1.709999999999999964e+00 1.200823087120360011e+00 7.367104648363493880e-01 4.587157196280636229e-02 5.582921645340113703e-02
1.715000000000000080e+00 1.201948019921588173e+00 7.486823331763855505e-01 4.674478298870012732e-02 5.682119074844536877e-02
1.719999999999999973e+00 1.203074906936531852e+00 7.608322948948725850e-01 4.763239552435383217e-02 5.782793558174707804e-02
1.725000000000000089e+00 1.204203736881238829e+00 7.731629249407184767e-01 4.853461829218971152e-02 5.884963995294669598e-02
1.729999999999999982e+00 1.205334498453282777e+00 7.856766809370827609e-01 4.945167022125433742e-02 5.988650268602047771e-02
1.735000000000000098e+00 1.206467180331836975e+00 7.983760980884251346e-01 5.038375022524508445e-02 6.093869378732023889e-02
1.739999999999999991e+00 1.207601771177756689e+00 8.112637332685487257e-01 5.133107472313184344e-02 6.200640983589795346e-02
1.745000000000000107e+00 1.208738259633664436e+00 8.243422414708361234e-01 5.229385525838235738e-02 6.308983360120511141e-02
1.750000000000000000e+00 1.209876634324042799e+00 8.376142190182822578e-01 5.327232128001506417e-02 6.418917334212694004e-02
1.755000000000000115e+00 1.211016883855332349e+00 8.510822826795910734e-01 5.426668153378656767e-02 6.530460780751543015e-02
1.760000000000000009e+00 1.212158996816034451e+00 8.647492668663400162e-01 5.527717097029025139e-02 6.643635101012261568e-02
1.765000000000000124e+00 1.213302961776821398e+00 8.786178075329007520e-01 5.630400371519887759e-02 6.758458298557451505e-02
1.770000000000000018e+00 1.214448767290650766e+00 8.926907204788114836e-01 5.734741999188910921e-02 6.874952314480982374e-02
1.775000000000000133e+00 1.215596401892885980e+00 9.069708412824253330e-01 5.840764736870376894e-02 6.993136644653794032e-02
1.780000000000000027e+00 1.216745854101423552e+00 9.214609256236658830e-01 5.948492381691661973e-02 7.113032618415282560e-02
1.785000000000000142e+00 1.217897112416823635e+00 9.361640067863200576e-01 6.057947403863053054e-02 7.234659158067860418e-02
1.790000000000000036e+00 1.219050165322449919e+00 9.510828822333278199e-01 6.169155814115338810e-02 7.358040105910046424e-02
1.794999999999999929e+00 1.220205001284612623e+00 9.662205465480282474e-01 6.282140627322999049e-02 7.483194940599795231e-02
1.800000000000000044e+00 1.221361608752716377e+00 9.815800146233061296e-01 6.396926825092770497e-02 7.610145638649865041e-02
1.804999999999999938e+00 1.222519976159418986e+00 9.971643408761645677e-01 6.513539660998604597e-02 7.738914348516977293e-02
1.810000000000000053e+00 1.223680091920789526e+00 1.012976541424016386e+00 6.632004701215858666e-02 7.869523808778075558e-02
1.814999999999999947e+00 1.224841944436477315e+00 1.029019769273304297e+00 6.752346080956755925e-02 8.001994184848140734e-02
1.820000000000000062e+00 1.226005522089884225e+00 1.045297258627012171e+00 6.874591732613631601e-02 8.136351043098900837e-02
1.824999999999999956e+00 1.227170813248343206e+00 1.061812065838463548e+00 6.998766378157557366e-02 8.272614988053450524e-02
1.830000000000000071e+00 1.228337806263303689e+00 1.078567484105038998e+00 7.124896796393054288e-02 8.410809866424318049e-02
1.834999999999999964e+00 1.229506489470522324e+00 1.095566789042092815e+00 7.253011032943043612e-02 8.550960558144876655e-02
1.840000000000000080e+00 1.230676851190258825e+00 1.112813410908375600e+00 7.383134706035168748e-02 8.693088838733729895e-02
1.844999999999999973e+00 1.231848879727479362e+00 1.130310507757729344e+00 7.515295570366778422e-02 8.837218686779470256e-02
1.850000000000000089e+00 1.233022563372064173e+00 1.148061650830381142e+00 7.649522651642805260e-02 8.983376249920504986e-02
1.854999999999999982e+00 1.234197890399023168e+00 1.166070214776112834e+00 7.785843449611533351e-02 9.131585149212741170e-02
1.860000000000000098e+00 1.235374849068715752e+00 1.184339673175640817e+00 7.924286711532217697e-02 9.281870642806583360e-02
1.864999999999999991e+00 1.236553427627077095e+00 1.202873618430277736e+00 8.064880610152289075e-02 9.434257063916716424e-02
1.870000000000000107e+00 1.237733614305851271e+00 1.221675604244144564e+00 8.207655542320167752e-02 9.588771158359099545e-02
1.875000000000000000e+00 1.238915397322829737e+00 1.240749283185175189e+00 8.352639367084577215e-02 9.745436846475150072e-02
1.880000000000000115e+00 1.240098764882095139e+00 1.260098308132620470e+00 8.499864160303607918e-02 9.904283108687209070e-02
1.885000000000000009e+00 1.241283705174272667e+00 1.279726430462110764e+00 8.649359470617684620e-02 1.006533539319868775e-01
1.890000000000000124e+00 1.242470206376787178e+00 1.299637325363358631e+00 8.801156145623287297e-02 1.022862068171214306e-01
1.895000000000000018e+00 1.243658256654124994e+00 1.319834881610836286e+00 8.955284430975174459e-02 1.039416517867182976e-01
1.900000000000000133e+00 1.244847844158103012e+00 1.340322934333033400e+00 9.111775892963602796e-02 1.056199662911902759e-01
1.905000000000000027e+00 1.246038957028144711e+00 1.361105353619583180e+00 9.270662466410922731e-02 1.073214331580719799e-01
1.910000000000000142e+00 1.247231583391559262e+00 1.382186188845348607e+00 9.431978593823289736e-02 1.090463625392178310e-01
1.915000000000000036e+00 1.248425711363831514e+00 1.403569413976412994e+00 9.595752841883702089e-02 1.107949887143679923e-01
1.919999999999999929e+00 1.249621329048912655e+00 1.425258980057386937e+00 9.762022473182303817e-02 1.125676597740120355e-01
1.925000000000000044e+00 1.250818424539521745e+00 1.447259136709573735e+00 9.930816783108743773e-02 1.143646157477518077e-01
1.929999999999999938e+00 1.252016985917450365e+00 1.469573915218062909e+00 1.010217176230323449e-01 1.161861842117024174e-01
1.935000000000000053e+00 1.253217001253874363e+00 1.492207645192445975e+00 1.027612389730596099e-01 1.180326950524409058e-01
1.939999999999999947e+00 1.254418458609672937e+00 1.515164396398934299e+00 1.045270349900914303e-01 1.199044027092704551e-01
1.945000000000000062e+00 1.255621346035752151e+00 1.538448717548159372e+00 1.063194784184117447e-01 1.218016499850518158e-01
1.949999999999999956e+00 1.256825651573374891e+00 1.562064720987638378e+00 1.081389245858329767e-01 1.237247467886198465e-01
1.955000000000000071e+00 1.258031363254499713e+00 1.586016993329219638e+00 1.099857330575672171e-01 1.256740146944297087e-01
1.959999999999999964e+00 1.259238469102119673e+00 1.610309961329956741e+00 1.118602441678200610e-01 1.276497525180050052e-01
1.965000000000000080e+00 1.260446957130616275e+00 1.634948096649107230e+00 1.137628711733115749e-01 1.296523450999853555e-01
1.969999999999999973e+00 1.261656815346111182e+00 1.659936065205526612e+00 1.156939403697512386e-01 1.316820733993594172e-01
1.975000000000000089e+00 1.262868031746829489e+00 1.685278413991474489e+00 1.176538513644434236e-01 1.337392963402331270e-01
1.979999999999999982e+00 1.264080594323466533e+00 1.710981043671835344e+00 1.196429880705921628e-01 1.358243640938822383e-01
1.985000000000000098e+00 1.265294491059563597e+00 1.737046377223035121e+00 1.216617291569317416e-01 1.379376191520906292e-01
1.989999999999999991e+00 1.266509709931886274e+00 1.763480254056115637e+00 1.237104674858115760e-01 1.400794206514171247e-01
1.995000000000000107e+00 1.267726238910813485e+00 1.790287696072833556e+00 1.257895977798275389e-01 1.422501221244661107e-01
2.000000000000000000e+00 1.268944065960727619e+00 1.817473492525872869e+00 1.278995182455763269e-01 1.444500936017766302e-01
2.004999999999999893e+00 1.270163179040415979e+00 1.845042508259794989e+00 1.300406330800618626e-01 1.466796936821335717e-01
2.010000000000000231e+00 1.271383566103475360e+00 1.873000004941320018e+00 1.322133751079942743e-01 1.489393343633156619e-01
2.015000000000000124e+00 1.272605215098723486e+00 1.901350926465607882e+00 1.344181081211884565e-01 1.512293310571437011e-01
2.020000000000000018e+00 1.273828113970618237e+00 1.930100494744617423e+00 1.366552989649424954e-01 1.535501374705126598e-01
2.024999999999999911e+00 1.275052250659680864e+00 1.959253775970149380e+00 1.389253713601930340e-01 1.559021351909644082e-01
2.030000000000000249e+00 1.276277613102927866e+00 1.988816111193441483e+00 1.412287022005966619e-01 1.582856662285042071e-01
2.035000000000000142e+00 1.277504189234306420e+00 2.018792721341390983e+00 1.435658001187756216e-01 1.607012246486083651e-01
2.040000000000000036e+00 1.278731966985139357e+00 2.049189183384558355e+00 1.459370264704237807e-01 1.631491292958672235e-01
2.044999999999999929e+00 1.279960934284574359e+00 2.080010802652821678e+00 1.483429015746126900e-01 1.656298862817204287e-01
2.049999999999999822e+00 1.281191079060038929e+00 2.111263075850707160e+00 1.507838472206068925e-01 1.681438905377559967e-01
2.055000000000000160e+00 1.282422389237703575e+00 2.142951619480472303e+00 1.532602907527607083e-01 1.706915382583750473e-01
2.060000000000000053e+00 1.283654852742951435e+00 2.175082053183944097e+00 1.557727432274232937e-01 1.732733335298513033e-01
2.064999999999999947e+00 1.284888457500850345e+00 2.207659954681047143e+00 1.583216154037265511e-01 1.758896483617630735e-01
2.069999999999999840e+00 1.286123191436637780e+00 2.240691179345505546e+00 1.609074305286086748e-01 1.785409996174208425e-01
2.075000000000000178e+00 1.287359042476205584e+00 2.274181502328663118e+00 1.635306625905150468e-01 1.812278540611299005e-01
2.080000000000000071e+00 1.288595998546594679e+00 2.308136812562811890e+00 1.661917657971237750e-01 1.839506311073572931e-01
2.084999999999999964e+00 1.289834047576496001e+00 2.342562893193439244e+00 1.688912521048711868e-01 1.867098500930556293e-01
2.089999999999999858e+00 1.291073177496757207e+00 2.377465948826104292e+00 1.716296145574899568e-01 1.895059837114392853e-01
2.095000000000000195e+00 1.292313376240894485e+00 2.412852072246105095e+00 1.744073501969514439e-01 1.923395243089066342e-01
2.100000000000000089e+00 1.293554631745612582e+00 2.448727192298040478e+00 1.772249613341136676e-01 1.952109701866399927e-01
2.104999999999999982e+00 1.294796931951329721e+00 2.485097602659756877e+00 1.800829571014491981e-01 1.981208221485291909e-01
2.109999999999999876e+00 1.296040264802710951e+00 2.521969503522406342e+00 1.829818807118547552e-01 2.010696354461619650e-01
2.115000000000000213e+00 1.297284618249205046e+00 2.559349228474554483e+00 1.859222527521326718e-01 2.040579340954382925e-01
2.120000000000000107e+00 1.298529980245588522e+00 2.597243213254596395e+00 1.889045719360228082e-01 2.070862085833957145e-01
2.125000000000000000e+00 1.299776338752518745e+00 2.635657834362803431e+00 1.919294285521276067e-01 2.101550836645436349e-01
2.129999999999999893e+00 1.301023681737088600e+00 2.674599799826133051e+00 1.949973332718221153e-01 2.132650684294516985e-01
2.135000000000000231e+00 1.302271997173391371e+00 2.714075344384175192e+00 1.981088602260897835e-01 2.164167604243640020e-01
2.140000000000000124e+00 1.303521273043090511e+00 2.754091418546637193e+00 2.012645322690531646e-01 2.196106947695332379e-01
2.145000000000000018e+00 1.304771497335994956e+00 2.794654636722690988e+00 2.044649675362449903e-01 2.228475299183791392e-01
2.149999999999999911e+00 1.306022658050641327e+00 2.835771643659899865e+00 2.077106693500932189e-01 2.261277815240286815e-01
2.155000000000000249e+00 1.307274743194883682e+00 2.877449429007263859e+00 2.110022698480956138e-01 2.294521308858140651e-01
2.160000000000000142e+00 1.308527740786487481e+00 2.919694783280298633e+00 2.143403471453448894e-01 2.328211900530059164e-01
2.165000000000000036e+00 1.309781638853730668e+00 2.962514857062670703e+00 2.177254855346887341e-01 2.362355895748180223e-01
2.169999999999999929e+00 1.311036425436011399e+00 3.005916484163920543e+00 2.211582767862335652e-01 2.396959597905312378e-01
2.175000000000000266e+00 1.312292088584462002e+00 3.049906767688055353e+00 2.246393179552561292e-01 2.432029537064041569e-01
2.180000000000000160e+00 1.313548616362568033e+00 3.094493011150993844e+00 2.281692141490652415e-01 2.467572308842304329e-01
2.185000000000000053e+00 1.314805996846795111e+00 3.139682316896039715e+00 2.317486405654462789e-01 2.503595454485009197e-01
2.189999999999999947e+00 1.316064218127219965e+00 3.185482060796472670e+00 2.353781847445969855e-01 2.540105475929742562e-01
2.194999999999999840e+00 1.317323268308171258e+00 3.231899507624361512e+00 2.390585043456776304e-01 2.577109761138219324e-01
2.200000000000000178e+00 1.318583135508872406e+00 3.278942069832951667e+00 2.427902007984080734e-01 2.614615003565115559e-01
2.205000000000000071e+00 1.319843807864092611e+00 3.326617516219106285e+00 2.465739471555042084e-01 2.652628927490995325e-01
2.209999999999999964e+00 1.321105273524805224e+00 3.374932975967940951e+00 2.504104240458099873e-01 2.691159323236377854e-01
2.214999999999999858e+00 1.322367520658849438e+00 3.423896340360863988e+00 2.543002536590042717e-01 2.730213348166456999e-01
2.220000000000000195e+00 1.323630537451601530e+00 3.473515049942062838e+00 2.582441657649616751e-01 2.769799576455183598e-01
2.225000000000000089e+00 1.324894312106648098e+00 3.523796751461340637e+00 2.622427623392393214e-01 2.809924934603078017e-01
2.229999999999999982e+00 1.326158832846469293e+00 3.574749908057113235e+00 2.662968256975797865e-01 2.850598875531260012e-01
2.234999999999999876e+00 1.327424087913126938e+00 3.626381332642809596e+00 2.704069701916511637e-01 2.891828542435405103e-01
2.240000000000000213e+00 1.328690065568957523e+00 3.678700037692147262e+00 2.745739626811935508e-01 2.933623217076734013e-01
2.245000000000000107e+00 1.329956754097271210e+00 3.731713141635660591e+00 2.787984650160713063e-01 2.975991007006597022e-01
2.250000000000000000e+00 1.331224141803060590e+00 3.785428870141657409e+00 2.830812248982326196e-01 3.018940880219899703e-01
2.254999999999999893e+00 1.332492217013710345e+00 3.839855513978416734e+00 2.874229930071016126e-01 3.062482378695010610e-01
2.260000000000000231e+00 1.333760968079716003e+00 3.895001135099061873e+00 2.918244623965342566e-01 3.106623826274533262e-01
2.265000000000000124e+00 1.335030383375409135e+00 3.950873860875165455e+00 2.962864000828892563e-01 3.151375030685049650e-01
2.270000000000000018e+00 1.336300451299685221e+00 4.007482060817006086e+00 3.008095870680006501e-01 3.196745765435046183e-01
2.274999999999999911e+00 1.337571160276742388e+00 4.064833703959024547e+00 3.053947714975936423e-01 3.242745671852399481e-01
2.280000000000000249e+00 1.338842498756821042e+00 4.122937460551443500e+00 3.100426760823798977e-01 3.289384099741674006e-01
2.285000000000000142e+00 1.340114455216953049e+00 4.181801767311617901e+00 3.147541818425512727e-01 3.336672332627668713e-01
2.290000000000000036e+00 1.341387018161716460e+00 4.241434652125495752e+00 3.195299864076616148e-01 3.384619751273209576e-01
2.294999999999999929e+00 1.342660176123993576e+00 4.301845021910592592e+00 3.243709515518196640e-01 3.433237748707113068e-01
2.300000000000000266e+00 1.343933917665737443e+00 4.363041448665738287e+00 3.292778734543719832e-01 3.482536782562372646e-01
2.305000000000000160e+00 1.345208231378743458e+00 4.425032188457000082e+00 3.342515518229908222e-01 3.532527822193566869e-01
2.310000000000000053e+00 1.346483105885426967e+00 4.487826133241129334e+00 3.392927991553835176e-01 3.583221904701301974e-01
2.314999999999999947e+00 1.347758529839606201e+00 4.551431997156309528e+00 3.444025150351796016e-01 3.634631237432653372e-01
2.319999999999999840e+00 1.349034491927291413e+00 4.615858416308415535e+00 3.495814868855075530e-01 3.686767064793033954e-01
2.325000000000000178e+00 1.350310980867478472e+00 4.681113870503748942e+00 3.548306340822254268e-01 3.739641966940116524e-01
2.330000000000000071e+00 1.351587985412951776e+00 4.747207368974414088e+00 3.601507650004903138e-01 3.793267584774077106e-01
2.334999999999999964e+00 1.352865494351088493e+00 4.814148013053726416e+00 3.655427388487582641e-01 3.847656121917670813e-01
2.339999999999999858e+00 1.354143496504671029e+00 4.881944255974673297e+00 3.710074997453382539e-01 3.902821243977724341e-01
2.345000000000000195e+00 1.355421980732705700e+00 4.950605099159716360e+00 3.765459259803018432e-01 3.958775683472064988e-01
2.350000000000000089e+00 1.356700935931243857e+00 5.020139290399581178e+00 3.821589012065746971e-01 4.015532611195140600e-01
2.354999999999999982e+00 1.357980351034212774e+00 5.090556301108889237e+00 3.878473255520313856e-01 4.073105356510740016e-01
2.359999999999999876e+00 1.359260215014249207e+00 5.161864321382505949e+00 3.936121818352896762e-01 4.131508498529699036e-01
2.365000000000000213e+00 1.360540516883539608e+00 5.234073259003792167e+00 3.994543911115026602e-01 4.190756079067454176e-01
2.370000000000000107e+00 1.361821245694665894e+00 5.307191374478128054e+00 4.053748738098792992e-01 4.250862388259297187e-01
2.375000000000000000e+00 1.363102390541456321e+00 5.381227780120848792e+00 4.113745674833128030e-01 4.311841693853114554e-01
2.379999999999999893e+00 1.364383940559842134e+00 5.456191662132804154e+00 4.174545854781032128e-01 4.373711377719656235e-01
2.385000000000000231e+00 1.365665884928720875e+00 5.532092196593605848e+00 4.236157162495693962e-01 4.436484165271359359e-01
2.390000000000000124e+00 1.366948212870820356e+00 5.608937986570264655e+00 4.298590072419069541e-01 4.500176644307452567e-01
2.395000000000000018e+00 1.368230913653576408e+00 5.686738753068524943e+00 4.361854384687975372e-01 4.564804645612584033e-01
2.399999999999999911e+00 1.369513976590007287e+00 5.765502771615895306e+00 4.425961644869840228e-01 4.630386656823853309e-01
2.405000000000000249e+00 1.370797391039600077e+00 5.845239808484017807e+00 4.490920134416074849e-01 4.696936812842343878e-01
2.410000000000000142e+00 1.372081146409197538e+00 5.925958284217155203e+00 4.556740737359713522e-01 4.764473138461798873e-01
2.415000000000000036e+00 1.373365232153893167e+00 6.007667467639593362e+00 4.623434553889775311e-01 4.833013919560606442e-01
2.419999999999999929e+00 1.374649637777930256e+00 6.090376386398708597e+00 4.691011884065689475e-01 4.902576703103929678e-01
2.425000000000000266e+00 1.375934352835608943e+00 6.174093900829733528e+00 4.759483091563322943e-01 4.973179396940914376e-01
2.430000000000000160e+00 1.377219366932191491e+00 6.258829331943766228e+00 4.828859616901096108e-01 5.044841594084072955e-01
2.435000000000000053e+00 1.378504669724822440e+00 6.344591346042843583e+00 4.899151129451038145e-01 5.117580793094432812e-01
2.439999999999999947e+00 1.379790250923445205e+00 6.431388782136985505e+00 4.970369250530500826e-01 5.191417262799414845e-01
2.444999999999999840e+00 1.381076100291728892e+00 6.519230274390658053e+00 5.042524790327488349e-01 5.266370407362849226e-01
2.450000000000000178e+00 1.382362207647998886e+00 6.608125336368025238e+00 5.115629652581606956e-01 5.342461492726654493e-01
2.455000000000000071e+00 1.383648562866170106e+00 6.698082914043562930e+00 5.189693969923010464e-01 5.419709559101616447e-01
2.459999999999999964e+00 1.384935155876690471e+00 6.789110587353596848e+00 5.264730683617198093e-01 5.498137688639997966e-01
2.464999999999999858e+00 1.386221976667483702e+00 6.881217750530789878e+00 5.340751113510417980e-01 5.577767265035632471e-01
2.470000000000000195e+00 1.387509015284901448e+00 6.974413139897252201e+00 5.417765697427407989e-01 5.658618562346826586e-01
2.475000000000000089e+00 1.388796261834676082e+00 7.068705487569810764e+00 5.495786916805630584e-01 5.740714808472829889e-01
2.479999999999999982e+00 1.390083706482882597e+00 7.164102402099861600e+00 5.574827214099696837e-01 5.824080045994904919e-01
2.484999999999999876e+00 1.391371339456903167e+00 7.260613127875259032e+00 5.654898434493573767e-01 5.908737087955308054e-01
2.490000000000000213e+00 1.392659151046396371e+00 7.358245965422194779e+00 5.736011371352096599e-01 5.994708284784384666e-01
2.495000000000000107e+00 1.393947131604270639e+00 7.457009011237771823e+00 5.818179945928292351e-01 6.082020000227247314e-01
2.500000000000000000e+00 1.395235271547664579e+00 7.556909680130209139e+00 5.901416168634376902e-01 6.170696593007410913e-01
2.504999999999999893e+00 1.396523561358930632e+00 7.657957534536484978e+00 5.985732312804071809e-01 6.260763282000975094e-01
2.510000000000000231e+00 1.397811991586621838e+00 7.760159388438506944e+00 6.071140552816530755e-01 6.352245422913316286e-01
2.515000000000000124e+00 1.399100552846486600e+00 7.863523456777938847e+00 6.157654325901290582e-01 6.445170382975916601e-01
2.520000000000000018e+00 1.400389235822465217e+00 7.968057757254189077e+00 6.245286205633862053e-01 6.539564491442774186e-01
2.524999999999999911e+00 1.401678031267691527e+00 8.073769363453170200e+00 6.334049769028259336e-01 6.635456115039192193e-01
2.530000000000000249e+00 1.402966930005501656e+00 8.180666281411266283e+00 6.423957831018005660e-01 6.732872969792839113e-01
2.535000000000000142e+00 1.404255922930439437e+00 8.288755549081940899e+00 6.515022152076460626e-01 6.831841633377156997e-01
2.540000000000000036e+00 1.405545001009279815e+00 8.398043940248211214e+00 6.607257740773029298e-01 6.932393680872899200e-01
2.544999999999999929e+00 1.406834155282040921e+00 8.508539712259466370e+00 6.700677827469858627e-01 7.034558277850108121e-01
2.550000000000000266e+00 1.408123376863012810e+00 8.620249223447544296e+00 6.795295522890513196e-01 7.138365310147981591e-01
2.555000000000000160e+00 1.409412656941783526e+00 8.733179120825566244e+00 6.891125252465357676e-01 7.243846453971961585e-01
2.560000000000000053e+00 1.410701986784272943e+00 8.847335395077195130e+00 6.988180337778445717e-01 7.351032608620579056e-01
2.564999999999999947e+00 1.411991357733769048e+00 8.962725302372215097e+00 7.086474446600443677e-01 7.459955471647264913e-01
2.569999999999999840e+00 1.413280761211968217e+00 9.079355269604697298e+00 7.186022321904422805e-01 7.570648768859788991e-01
2.575000000000000178e+00 1.414570188720020605e+00 9.197230297095011053e+00 7.286837625415149011e-01 7.683145172191255812e-01
2.580000000000000071e+00 1.415859631839580635e+00 9.316357255570935081e+00 7.388934366388228980e-01 7.797478138937014025e-01
2.584999999999999964e+00 1.417149082233858159e+00 9.436741414068009703e+00 7.492327578870544569e-01 7.913683095899567421e-01
2.589999999999999858e+00 1.418438531648677170e+00 9.558387559013032941e+00 7.597032474457654505e-01 8.031796120330864097e-01
2.595000000000000195e+00 1.419727971913536280e+00 9.681301403820102180e+00 7.703061034833571519e-01 8.151849678974122382e-01
2.600000000000000089e+00 1.421017394942674095e+00 9.805488161575885542e+00 7.810431037193917847e-01 8.273884148509627057e-01
2.604999999999999982e+00 1.422306792736138581e+00 9.930952728848870592e+00 7.919156959723772093e-01 8.397936334588304019e-01
2.609999999999999876e+00 1.423596157380858207e+00 1.005769839512041486e+01 8.029252044332139127e-01 8.524041783184831411e-01
2.615000000000000213e+00 1.424885481051721747e+00 1.018573061529165713e+01 8.140732279038026542e-01 8.652240157928386965e-01
2.620000000000000107e+00 1.426174756012655642e+00 1.031505299362606820e+01 8.253613547162325093e-01 8.782571302755219911e-01
2.625000000000000000e+00 1.427463974617710019e+00 1.044566889890081463e+01 8.367910696475047150e-01 8.915074873369199793e-01
2.629999999999999893e+00 1.428753129312145598e+00 1.057758172296846766e+01 8.483638694010013914e-01 9.049790798456125440e-01
2.635000000000000231e+00 1.430042212633526821e+00 1.071079544643340142e+01 8.600812719815382756e-01 9.186759635547399050e-01
2.640000000000000124e+00 1.431331217212814755e+00 1.084531167274173846e+01 8.719451481480819943e-01 9.326027445185015585e-01
2.645000000000000018e+00 1.432620135775467096e+00 1.098113390443691628e+01 8.839566694910581113e-01 9.467632050209929817e-01
2.649999999999999911e+00 1.433908961142540850e+00 1.111826415708963900e+01 8.961177449843124032e-01 9.611620309298732900e-01
2.655000000000000249e+00 1.435197686231796554e+00 1.125670417432796988e+01 9.084297988201009977e-01 9.758034693675290416e-01
2.660000000000000142e+00 1.436486304058808727e+00 1.139645532642710890e+01 9.208945127727964364e-01 9.906920948493551649e-01
2.665000000000000036e+00 1.437774807738079197e+00 1.153751977541491591e+01 9.335134698603463344e-01 1.005832393582464013e+00
2.669999999999999929e+00 1.439063190484150212e+00 1.167989681735326712e+01 9.462882263905173508e-01 1.021228942141341411e+00
2.675000000000000266e+00 1.440351445612727099e+00 1.182358875903157092e+01 9.592206517191325110e-01 1.036886687534344320e+00
2.680000000000000160e+00 1.441639566541798700e+00 1.196859422105683812e+01 9.723121947274528942e-01 1.052810208257382030e+00
2.685000000000000053e+00 1.442927546792763360e+00 1.211491405266313670e+01 9.855646085131151146e-01 1.069004447005638125e+00
2.689999999999999947e+00 1.444215379991559578e+00 1.226254798111720490e+01 9.989796412421358962e-01 1.085474460345225767e+00
2.694999999999999840e+00 1.445503059869796658e+00 1.241149398655583269e+01 1.012558782437463334e+00 1.102224980220461337e+00
2.700000000000000178e+00 1.446790580265890691e+00 1.256175128692736820e+01 1.026303932341780634e+00 1.119261355955449622e+00
2.705000000000000071e+00 1.448077935126202975e+00 1.271331751282578715e+01 1.040216597878594440e+00 1.136588490136255958e+00
2.709999999999999964e+00 1.449365118506182437e+00 1.286619284349181846e+01 1.054298600131292396e+00 1.154211787173566872e+00
2.714999999999999858e+00 1.450652124571508272e+00 1.302037124639548082e+01 1.068551544392009944e+00 1.172136403726092846e+00
2.720000000000000195e+00 1.451938947599239915e+00 1.317585192202089672e+01 1.082977406108591278e+00 1.190368001054737279e+00
2.725000000000000089e+00 1.453225581978965009e+00 1.333263230568822877e+01 1.097577744755155571e+00 1.208911863696076283e+00
2.729999999999999982e+00 1.454512022213955591e+00 1.349070558385042062e+01 1.112354196908900139e+00 1.227773319664464902e+00
2.734999999999999876e+00 1.455798262922322506e+00 1.365007062147347483e+01 1.127308781232617241e+00 1.246958359728161714e+00
2.740000000000000213e+00 1.457084298838174696e+00 1.381072023354411193e+01 1.142443162312612781e+00 1.266472517374539253e+00
2.745000000000000107e+00 1.458370124812782276e+00 1.397265122955364625e+01 1.157759081781199351e+00 1.286321505506178964e+00
2.750000000000000000e+00 1.459655735815740485e+00 1.413585614052793105e+01 1.173258226807862181e+00 1.306511062428573844e+00
2.754999999999999893e+00 1.460941126936137202e+00 1.430033064874623605e+01 1.188942492146844332e+00 1.327047189137505967e+00
2.760000000000000231e+00 1.462226293383724007e+00 1.446606646745374292e+01 1.204813573240149038e+00 1.347935773624155509e+00
2.765000000000000124e+00 1.463511230490086357e+00 1.463305897054229554e+01 1.220873539772384442e+00 1.369183168970383058e+00
2.770000000000000018e+00 1.464795933709824194e+00 1.480129736885661274e+01 1.237123934327434283e+00 1.390795195047942023e+00
2.774999999999999911e+00 1.466080398621724123e+00 1.497077588520080482e+01 1.253566548199095187e+00 1.412777959271432904e+00
2.780000000000000249e+00 1.467364620929943797e+00 1.514148518408097210e+01 1.270203408719664306e+00 1.435138033195193286e+00
2.785000000000000142e+00 1.468648596465194744e+00 1.531341711837461439e+01 1.287036146529644043e+00 1.457881470682449221e+00
2.790000000000000036e+00 1.469932321185927426e+00 1.548656092780821503e+01 1.304066656349226916e+00 1.481014743892123953e+00
2.794999999999999929e+00 1.471215791179520282e+00 1.566090595170422084e+01 1.321296843379336394e+00 1.504544405433468457e+00
2.800000000000000266e+00 1.472499002663467449e+00 1.583644443398018176e+01 1.338728535875381320e+00 1.528476951211784174e+00
2.805000000000000160e+00 1.473781951986576466e+00 1.601316304607280117e+01 1.356363474998664609e+00 1.552818853623531448e+00
2.810000000000000053e+00 1.475064635630160437e+00 1.619105148024070218e+01 1.374203616483355539e+00 1.577576917830554981e+00
2.814999999999999947e+00 1.476347050209237288e+00 1.637009666158048660e+01 1.392250736126487087e+00 1.602757733645303162e+00
2.819999999999999840e+00 1.477629192473728592e+00 1.655028678471290604e+01 1.410506799048794058e+00 1.628368204222100601e+00
2.825000000000000178e+00 1.478911059309663267e+00 1.673160802261759272e+01 1.428973580685194644e+00 1.654415098439337095e+00
2.830000000000000071e+00 1.480192647740382617e+00 1.691404719427144343e+01 1.447653054680866580e+00 1.680905418299352583e+00
2.834999999999999964e+00 1.481473954927746250e+00 1.709758934776575501e+01 1.466547004024045142e+00 1.707846018832652746e+00
2.839999999999999858e+00 1.482754978173340454e+00 1.728222026504443321e+01 1.485657251083599251e+00 1.735243835789101352e+00
2.845000000000000195e+00 1.484035714919693882e+00 1.746792589823832742e+01 1.504985789580199684e+00 1.763106067409494049e+00
2.850000000000000089e+00 1.485316162751484814e+00 1.765469004636128147e+01 1.524534259176475670e+00 1.791439558642446750e+00
2.854999999999999982e+00 1.486596319396762178e+00 1.784249503232311440e+01 1.544304922754084153e+00 1.820251924670958976e+00
2.859999999999999876e+00 1.487876182728162133e+00 1.803132431698954719e+01 1.564299446633541590e+00 1.849550141614306087e+00
2.865000000000000213e+00 1.489155750764126207e+00 1.822116301128576410e+01 1.584519865044325737e+00 1.879341675817695956e+00
2.870000000000000107e+00 1.490435021670126092e+00 1.841199108607436941e+01 1.604967788974269949e+00 1.909633419699344969e+00
2.875000000000000000e+00 1.491713993759884893e+00 1.860378987653523453e+01 1.625645521082887957e+00 1.940433290843824654e+00
2.879999999999999893e+00 1.492992665496607696e+00 1.879654318176932293e+01 1.646554458814512900e+00 1.971747992666995630e+00
2.885000000000000231e+00 1.494271035494205480e+00 1.899022887883971222e+01 1.667696846636044006e+00 2.003585477250402924e+00
2.890000000000000124e+00 1.495549102518527240e+00 1.918482922355964249e+01 1.689074404664412832e+00 2.035952978061088547e+00
2.895000000000000018e+00 1.496826865488593894e+00 1.938032366852234034e+01 1.710689446989742235e+00 2.068858524993032244e+00
2.899999999999999911e+00 1.498104323477830180e+00 1.957668979432894218e+01 1.732543269329791968e+00 2.102308812697095242e+00
2.905000000000000249e+00 1.499381475715303225e+00 1.977390803812873799e+01 1.754637899341858542e+00 2.136311667784492663e+00
2.910000000000000142e+00 1.500658321586958444e+00 1.997195719382273893e+01 1.776975355928676947e+00 2.170874787003722162e+00
2.915000000000000036e+00 1.501934860636862323e+00 2.017081307028177761e+01 1.799557926921518725e+00 2.206006298359830531e+00
2.919999999999999929e+00 1.503211092568443430e+00 2.037045511615443516e+01 1.822386627917129021e+00 2.241712680775497457e+00
2.925000000000000266e+00 1.504487017245737190e+00 2.057085938358510901e+01 1.845464143706830873e+00 2.278002650553797359e+00
2.930000000000000160e+00 1.505762634694630231e+00 2.077200227422187950e+01 1.868792111733473371e+00 2.314883507819063269e+00
2.935000000000000053e+00 1.507037945104112264e+00 2.097386018110539396e+01 1.892372204342457342e+00 2.352362638014096508e+00
2.939999999999999947e+00 1.508312948827522426e+00 2.117640920869493470e+01 1.916206775501437809e+00 2.390448374905590256e+00
2.944999999999999840e+00 1.509587646383803383e+00 2.137962353716090291e+01 1.940297102978614463e+00 2.429147565099909034e+00
2.950000000000000178e+00 1.510862038458753664e+00 2.158348054250999937e+01 1.964645602087894849e+00 2.468468633096314591e+00
2.955000000000000071e+00 1.512136125906285322e+00 2.178795322552554481e+01 1.989253885511000242e+00 2.508418919088876375e+00
2.959999999999999964e+00 1.513409909749681370e+00 2.199301517896599378e+01 2.014123940340573071e+00 2.549006235650675745e+00
2.964999999999999858e+00 1.514683391182853445e+00 2.219864094211028416e+01 2.039257426302511167e+00 2.590238038158021450e+00
2.970000000000000195e+00 1.515956571571605682e+00 2.240480449929087925e+01 2.064656716918474633e+00 2.632122591949476398e+00
2.975000000000000089e+00 1.517229452454897709e+00 2.261148042995214880e+01 2.090323496770866818e+00 2.674667383971465195e+00
2.979999999999999982e+00 1.518502035546109630e+00 2.281863858930679356e+01 2.116259314733555996e+00 2.717879641810033053e+00
2.984999999999999876e+00 1.519774322734309235e+00 2.302625481580476574e+01 2.142466274141896054e+00 2.761767247727930474e+00
2.990000000000000213e+00 1.521046316085523209e+00 2.323429965151570542e+01 2.168946684160200977e+00 2.806338534437155641e+00
2.995000000000000107e+00 1.522318017844006111e+00 2.344274679004775308e+01 2.195701479684825319e+00 2.851599702675665871e+00
3.000000000000000000e+00 1.523589430433515579e+00 2.365156609202366411e+01 2.222733356545462780e+00 2.897559578546438530e+00
3.004999999999999893e+00 1.524860556458587313e+00 2.386073124389447031e+01 2.250043627540771585e+00 2.944224929067661645e+00
3.010000000000000231e+00 1.526131398705811604e+00 2.407021435509622620e+01 2.277634678953286418e+00 2.991603970312960215e+00
3.015000000000000124e+00 1.527401960145112314e+00 2.427998631304405208e+01 2.305508140882033263e+00 3.039703873874033402e+00
3.020000000000000018e+00 1.528672243931031183e+00 2.449001795115954039e+01 2.333665605385334629e+00 3.088531689590238383e+00
3.024999999999999911e+00 1.529942253404009023e+00 2.470028047684266426e+01 2.362109090084732355e+00 3.138095105722526590e+00
3.030000000000000249e+00 1.531211992091669805e+00 2.491074663650260135e+01 2.390841055073718469e+00 3.188402329202364438e+00
3.035000000000000142e+00 1.532481463710112957e+00 2.512138606410882247e+01 2.419862283723440921e+00 3.239459114827187403e+00
3.040000000000000036e+00 1.533750672165198337e+00 2.533217025273748746e+01 2.449175598459408576e+00 3.291274166376332300e+00
3.044999999999999929e+00 1.535019621553841640e+00 2.554306850028879694e+01 2.478782175226644569e+00 3.343853702194123922e+00
3.050000000000000266e+00 1.536288316165307810e+00 2.575405641544570656e+01 2.508684178944950549e+00 3.397205338157036181e+00
3.055000000000000160e+00 1.537556760482504448e+00 2.596510083154277737e+01 2.538883499729678306e+00 3.451336274480504951e+00
3.060000000000000053e+00 1.538824959183287211e+00 2.617617384682624504e+01 2.569381791589604891e+00 3.506253242558223349e+00
3.064999999999999947e+00 1.540092917141751672e+00 2.638724762062846452e+01 2.600181110036482668e+00 3.561963528430440284e+00
3.070000000000000284e+00 1.541360639429545376e+00 2.659829113370426157e+01 2.631283022301845964e+00 3.618473661283430065e+00
3.075000000000000178e+00 1.542628131317168361e+00 2.680927938659423759e+01 2.662689675540021117e+00 3.675790915165646044e+00
3.080000000000000071e+00 1.543895398275281439e+00 2.702018199770784435e+01 2.694403049194218358e+00 3.733922268266203659e+00
3.084999999999999964e+00 1.545162445976019150e+00 2.723097110380075137e+01 2.726424378913002933e+00 3.792873529034082480e+00
3.089999999999999858e+00 1.546429280294300046e+00 2.744161636697333861e+01 2.758756479515205751e+00 3.852652774944923308e+00
3.095000000000000195e+00 1.547695907309144969e+00 2.765209241170191490e+01 2.791400242314274305e+00 3.913265147687851275e+00
3.100000000000000089e+00 1.548962333304992001e+00 2.786236945656997577e+01 2.824357643604816559e+00 3.974717298750590100e+00
3.104999999999999982e+00 1.550228564773019402e+00 2.807242190340129184e+01 2.857631255438815465e+00 4.037016721487019844e+00
3.109999999999999876e+00 1.551494608412467890e+00 2.828222248022604290e+01 2.891221859177295794e+00 4.100168113395867842e+00
3.115000000000000213e+00 1.552760471131968911e+00 2.849174366037749095e+01 2.925132373220175275e+00 4.164179303921608621e+00
3.120000000000000107e+00 1.554026160050869576e+00 2.870096038939358607e+01 2.959364515722843869e+00 4.229056219163710217e+00
3.125000000000000000e+00 1.555291682500568706e+00 2.890984258801249851e+01 2.993919386270921912e+00 4.294803825901092331e+00
3.129999999999999893e+00 1.556557046025848434e+00 2.911836775180792003e+01 3.028799205993168542e+00 4.361428610871326939e+00
3.135000000000000231e+00 1.557822258386214909e+00 2.932651143040312292e+01 3.064006118246829224e+00 4.428936841401190705e+00
3.140000000000000124e+00 1.559087327557234559e+00 2.953424608410273322e+01 3.099542169682738546e+00 4.497334610075041539e+00
3.145000000000000018e+00 1.560352261731882795e+00 2.974154664558241024e+01 3.135408154878575715e+00 4.566626010192101681e+00
3.149999999999999911e+00 1.561617069321888263e+00 2.994839123536893766e+01 3.171607182669301750e+00 4.636818456370543906e+00
3.155000000000000249e+00 1.562881758959084433e+00 3.015475477299714768e+01 3.208140480487474910e+00 4.707916510278542077e+00
3.160000000000000142e+00 1.564146339496760740e+00 3.036061536711027387e+01 3.245010256877954635e+00 4.779926049712067027e+00
3.165000000000000036e+00 1.565410820011023496e+00 3.056594853697515646e+01 3.282218172743549989e+00 4.852852047118398460e+00
3.169999999999999929e+00 1.566675209802153468e+00 3.077073489599200684e+01 3.319766525315099859e+00 4.926700322169661028e+00
3.175000000000000266e+00 1.567939518395971676e+00 3.097495104690325007e+01 3.357656577900828498e+00 5.001475077969802285e+00
3.180000000000000160e+00 1.569203755545205192e+00 3.117857904149269288e+01 3.395890623811732123e+00 5.077181808968271426e+00
3.185000000000000053e+00 1.570467931230861369e+00 3.138159419887779578e+01 3.434470753165133505e+00 5.153825817104956464e+00
3.189999999999999947e+00 1.571732055663601191e+00 3.158397863570776565e+01 3.473398388335483755e+00 5.231411166698199722e+00
3.195000000000000284e+00 1.572996139285118833e+00 3.178571394059884270e+01 3.512676277240045497e+00 5.309943811440161809e+00
3.200000000000000178e+00 1.574260192769525224e+00 3.198678037298174459e+01 3.552305732197871269e+00 5.389427427874619703e+00
3.205000000000000071e+00 1.575524227024737378e+00 3.218719924940050703e+01 3.592287745818276701e+00 5.469863042576348811e+00
3.209999999999999964e+00 1.576788253193867284e+00 3.238687799924261412e+01 3.632626418778428956e+00 5.551262464798688789e+00
3.214999999999999858e+00 1.578052282656617233e+00 3.258583823205074026e+01 3.673322743246128841e+00 5.633626499484274852e+00
3.220000000000000195e+00 1.579316327030685141e+00 3.278406518982676943e+01 3.714379151443693683e+00 5.716960151499627329e+00
3.225000000000000089e+00 1.580580398173165202e+00 3.298154171269868584e+01 3.755796994507967224e+00 5.801266596379097251e+00
3.229999999999999982e+00 1.581844508181959430e+00 3.317825370214641367e+01 3.797578695896034251e+00 5.886550602006583865e+00
3.234999999999999876e+00 1.583108669397191415e+00 3.337419041620795923e+01 3.839725796856021667e+00 5.972815355676407201e+00
3.240000000000000213e+00 1.584372894402625409e+00 3.356933446389867726e+01 3.882241086923450268e+00 6.060065994205098505e+00
3.245000000000000107e+00 1.585637196027092743e+00 3.376367696235344340e+01 3.925126187665112898e+00 6.148305720095596172e+00
3.250000000000000000e+00 1.586901587345919129e+00 3.395720902722875678e+01 3.968383201855229192e+00 6.237538220568944247e+00
3.254999999999999893e+00 1.588166081682362174e+00 3.414991456130062630e+01 4.012013917636834570e+00 6.327766797675414168e+00
3.260000000000000231e+00 1.589430692609048013e+00 3.434178593637948040e+01 4.056021014671594926e+00 6.418995957476416159e+00
3.265000000000000124e+00 1.590695433949419924e+00 3.453281800504579024e+01 4.100406696269542017e+00 6.511229267818420041e+00
3.270000000000000018e+00 1.591960319779189614e+00 3.472299864453106721e+01 4.145172414505622349e+00 6.604469188091242060e+00
3.274999999999999911e+00 1.593225364427793389e+00 3.491232140297250197e+01 4.190320846948019096e+00 6.698719915738058361e+00
3.280000000000000249e+00 1.594490582479856755e+00 3.510077742233711717e+01 4.235853536421749332e+00 6.793983783443921176e+00
3.285000000000000142e+00 1.595755988776664358e+00 3.528836590541744300e+01 4.281773891892678208e+00 6.890265887125879729e+00
3.290000000000000036e+00 1.597021598417631694e+00 3.547508053298621888e+01 4.328083022522756451e+00 6.987567594211863131e+00
3.294999999999999929e+00 1.598287426761794583e+00 3.566091426060640401e+01 4.374783587125198103e+00 7.085892812800144824e+00
3.300000000000000266e+00 1.599553489429289543e+00 3.584586647538233706e+01 4.421877416015796314e+00 7.185243768800489761e+00
3.305000000000000160e+00 1.600819802302856587e+00 3.602993638215825456e+01 4.469367388255317763e+00 7.285624647771908435e+00
3.310000000000000053e+00 1.602086381529337800e+00 3.621311657074900126e+01 4.517255627252157346e+00 7.387037936897820956e+00
3.314999999999999947e+00 1.603353243521186133e+00 3.639540835007196051e+01 4.565544046892354935e+00 7.489486000300774826e+00
3.320000000000000284e+00 1.604620404957985969e+00 3.657681411745087985e+01 4.614235637601297846e+00 7.592972638760774551e+00
3.325000000000000178e+00 1.605887882787973897e+00 3.675733213420360812e+01 4.663331643014625882e+00 7.697498868964914642e+00
3.330000000000000071e+00 1.607155694229572163e+00 3.693696629542677812e+01 4.712835687956466124e+00 7.803069300576597200e+00
3.334999999999999964e+00 1.608423856772927873e+00 3.711571531264604573e+01 4.762749569936730154e+00 7.909685913372594968e+00
3.339999999999999858e+00 1.609692388181460876e+00 3.729358258108459978e+01 4.813075266081486170e+00 8.017350522163130933e+00
3.345000000000000195e+00 1.610961306493419842e+00 3.747057334664952322e+01 4.863815898484451949e+00 8.126066933094135081e+00
3.350000000000000089e+00 1.612230630023444355e+00 3.764669280803496321e+01 4.914973541093446308e+00 8.235836857007893030e+00
3.354999999999999982e+00 1.613500377364142535e+00 3.782194306834605158e+01 4.966551195240128003e+00 8.346663883511050486e+00
3.359999999999999876e+00 1.614770567387667999e+00 3.799633266857142644e+01 5.018550516981511223e+00 8.458549182824631529e+00
3.365000000000000213e+00 1.616041219247312144e+00 3.816986813630897046e+01 5.070974145916658848e+00 8.571495213678661074e+00
3.370000000000000107e+00 1.617312352379102647e+00 3.834255297352201808e+01 5.123825200350257347e+00 8.685505661167855607e+00
3.375000000000000000e+00 1.618583986503417060e+00 3.851440151874828643e+01 5.177106106216288417e+00 8.800582376896091574e+00
3.379999999999999893e+00 1.619856141626595081e+00 3.868541549843824612e+01 5.230818745053909424e+00 8.916726980090938781e+00
3.385000000000000231e+00 1.621128838042573905e+00 3.885561033825949551e+01 5.284966224817781999e+00 9.033942540440113689e+00
3.390000000000000124e+00 1.622402096334521149e+00 3.902499369677438068e+01 5.339551795884139196e+00 9.152232307501551034e+00
3.395000000000000018e+00 1.623675937376488410e+00 3.919357353974419311e+01 5.394576521211003062e+00 9.271596405851511236e+00
3.399999999999999911e+00 1.624950382335069499e+00 3.936136446177800252e+01 5.450044575509285671e+00 9.392039361340907888e+00
3.405000000000000249e+00 1.626225452671069327e+00 3.952837974738253735e+01 5.505958403473105278e+00 9.513563174682674983e+00
3.410000000000000142e+00 1.627501170141188780e+00 3.969462638553358858e+01 5.562320124355708550e+00 9.636169274734765366e+00
3.415000000000000036e+00 1.628777556799715365e+00 3.986012284330780631e+01 5.619132412187978431e+00 9.759859898084936702e+00
3.419999999999999929e+00 1.630054635000228513e+00 4.002488064779861077e+01 5.676398803722320530e+00 9.884638705586102247e+00
3.425000000000000266e+00 1.631332427397314877e+00 4.018891338653216394e+01 5.734121158331802803e+00 1.001050655026530478e+01
3.430000000000000160e+00 1.632610956948298497e+00 4.035223518828554035e+01 5.792303150632943876e+00 1.013746719826233011e+01
3.435000000000000053e+00 1.633890246914980304e+00 4.051486547046071252e+01 5.850947518146095483e+00 1.026552297211105724e+01
3.439999999999999947e+00 1.635170320865392934e+00 4.067681400579263595e+01 5.910055993395258334e+00 1.039467451850656232e+01
3.445000000000000284e+00 1.636451202675564431e+00 4.083810107452272575e+01 5.969633138974902664e+00 1.052492681038635780e+01
3.450000000000000178e+00 1.637732916531301264e+00 4.099874478733858041e+01 6.029680479661440273e+00 1.065628017198017297e+01
3.455000000000000071e+00 1.639015486929979559e+00 4.115875918336784167e+01 6.090201751666085350e+00 1.078873848929528734e+01
3.459999999999999964e+00 1.640298938682350771e+00 4.131816252518047605e+01 6.151199697887757445e+00 1.092230376119121971e+01
3.464999999999999858e+00 1.641583296914366441e+00 4.147697156344074187e+01 6.212677596356979137e+00 1.105697909629381570e+01
3.470000000000000195e+00 1.642868587069010289e+00 4.163520990559315038e+01 6.274637876781545387e+00 1.119276630469184575e+01
3.475000000000000089e+00 1.644154834908149621e+00 4.179289106954639976e+01 6.337083672984494598e+00 1.132966798980189971e+01
3.479999999999999982e+00 1.645442066514400281e+00 4.195003896882692374e+01 6.400018693335793429e+00 1.146768801865533405e+01
3.484999999999999876e+00 1.646730308293007594e+00 4.210666787872371231e+01 6.463444288267094606e+00 1.160682606097517144e+01
3.490000000000000213e+00 1.648019586973742623e+00 4.226280185136722878e+01 6.527366066543262235e+00 1.174708945589285847e+01
3.495000000000000107e+00 1.649309929612814640e+00 4.241845985177653233e+01 6.591784979704933711e+00 1.188847687409001530e+01
3.500000000000000000e+00 1.650601363594798476e+00 4.257366355468009544e+01 6.656705962186166836e+00 1.203099433960414011e+01
3.504999999999999893e+00 1.651893916634581849e+00 4.272835457513592416e+01 6.722084710829548726e+00 1.217456412647107022e+01
3.510000000000000231e+00 1.653187616779326907e+00 4.288262604634201125e+01 6.787968872549265065e+00 1.231926357899420488e+01
3.515000000000000124e+00 1.654482492410449757e+00 4.303650499309991773e+01 6.854363650459410984e+00 1.246509934123303864e+01
3.520000000000000018e+00 1.655778572245619973e+00 4.319001343649100733e+01 6.921271465986208682e+00 1.261207261918631239e+01
3.524999999999999911e+00 1.657075885340773880e+00 4.334317090343440526e+01 6.988694704612385955e+00 1.276018552122595295e+01
3.530000000000000249e+00 1.658374461092151142e+00 4.349599988138185580e+01 7.056638417995485746e+00 1.290944397718316772e+01
3.535000000000000142e+00 1.659674329238346902e+00 4.364852259677522284e+01 7.125105093344497931e+00 1.305984956836976352e+01
3.540000000000000036e+00 1.660975519862385452e+00 4.380076290213923329e+01 7.194097299632713494e+00 1.321140451754424561e+01
3.544999999999999929e+00 1.662278063393811456e+00 4.395274190291458893e+01 7.263618832682388948e+00 1.336411297915995355e+01
3.550000000000000266e+00 1.663581990610803807e+00 4.410448511837680030e+01 7.333673756512920860e+00 1.351797930019890082e+01
3.555000000000000160e+00 1.664887332642308815e+00 4.425601383254566912e+01 7.404265861409385252e+00 1.367300762834324068e+01
3.560000000000000053e+00 1.666194120970192039e+00 4.440734974293849291e+01 7.475396318305644883e+00 1.382919763771085364e+01
3.564999999999999947e+00 1.667502387431416100e+00 4.455851980679351243e+01 7.547072093521970615e+00 1.398655896029900170e+01
3.570000000000000284e+00 1.668812164220237593e+00 4.470954316869422485e+01 7.619294243817429368e+00 1.414509143440291616e+01
3.575000000000000178e+00 1.670123483890425531e+00 4.486044710696666016e+01 7.692066992715115958e+00 1.430479969121535255e+01
3.580000000000000071e+00 1.671436379357503110e+00 4.501125234555180299e+01 7.765392871552952769e+00 1.446568603182215362e+01
3.584999999999999964e+00 1.672750883901015451e+00 4.516198367248828305e+01 7.839277487818867129e+00 1.462775801918911434e+01
3.589999999999999858e+00 1.674067031166816655e+00 4.531266339833717183e+01 7.913723484188265545e+00 1.479101777267599616e+01
3.595000000000000195e+00 1.675384855169382847e+00 4.546331657969420093e+01 7.988735141006830354e+00 1.495547087688467336e+01
3.600000000000000089e+00 1.676704390294149860e+00 4.561396713569302364e+01 8.064315163448963375e+00 1.512111953636732586e+01
3.604999999999999982e+00 1.678025671299876453e+00 4.576464007584429083e+01 8.140467856874460395e+00 1.528796931225448219e+01
3.609999999999999876e+00 1.679348733321033071e+00 4.591535589107238735e+01 8.217197359758010577e+00 1.545602538262259174e+01
3.615000000000000213e+00 1.680673611870211692e+00 4.606613752970775266e+01 8.294506424341820505e+00 1.562529048601986759e+01
3.620000000000000107e+00 1.682000342840573426e+00 4.621701299092262616e+01 8.372401039311686333e+00 1.579577310962878478e+01
3.625000000000000000e+00 1.683328962508309878e+00 4.636800308643319823e+01 8.450882390942663136e+00 1.596747313889235720e+01
3.629999999999999893e+00 1.684659507535143819e+00 4.651912983722631623e+01 8.529956311342964170e+00 1.614039913427504302e+01
3.635000000000000231e+00 1.685992014970846498e+00 4.667042039765250649e+01 8.609627298666133299e+00 1.631455696589680215e+01
3.640000000000000124e+00 1.687326522255794936e+00 4.682189720518983478e+01 8.689896759271599436e+00 1.648994710836523581e+01
3.645000000000000018e+00 1.688663067223552527e+00 4.697358256356926631e+01 8.770771963325204368e+00 1.666658056662036458e+01
3.649999999999999911e+00 1.690001688103477839e+00 4.712549767533148071e+01 8.852254379832141140e+00 1.684445843829912803e+01
3.655000000000000249e+00 1.691342423523365834e+00 4.727767173686545732e+01 8.934350168189268970e+00 1.702358935253963779e+01
3.660000000000000142e+00 1.692685312512123508e+00 4.743012369170797626e+01 9.017062121555484921e+00 1.720397668261496449e+01
3.665000000000000036e+00 1.694030394502469727e+00 4.758287630113787969e+01 9.100394715006324020e+00 1.738562681933181864e+01
3.669999999999999929e+00 1.695377709333675487e+00 4.773595369556321089e+01 9.184352567984117144e+00 1.756854592240685875e+01
3.675000000000000266e+00 1.696727297254325917e+00 4.788938067916615182e+01 9.268938724293651177e+00 1.775273783370492708e+01
3.680000000000000160e+00 1.698079198925130706e+00 4.804317655644528884e+01 9.354160794903268794e+00 1.793821504716061810e+01
3.685000000000000053e+00 1.699433455421752726e+00 4.819736447172859073e+01 9.440020149066144839e+00 1.812497757424066336e+01
3.689999999999999947e+00 1.700790108237682396e+00 4.835197046940046306e+01 9.526523245472262147e+00 1.831303593084663817e+01
3.695000000000000284e+00 1.702149199287140036e+00 4.850701200453269735e+01 9.613672803397442124e+00 1.850239310307629026e+01
3.700000000000000178e+00 1.703510770908022831e+00 4.866251619337332102e+01 9.701475378157798701e+00 1.869305937814827701e+01
3.705000000000000071e+00 1.704874865864877798e+00 4.881849964150192989e+01 9.789933775885065970e+00 1.888503889638472089e+01
3.709999999999999964e+00 1.706241527351919807e+00 4.897498849117361885e+01 9.879054497301481774e+00 1.907834131967663893e+01
3.714999999999999858e+00 1.707610798996081591e+00 4.913200432861038536e+01 9.968840599015843296e+00 1.927297093765900371e+01
3.720000000000000195e+00 1.708982724860113711e+00 4.928957112521936068e+01 1.005929848972266605e+01 1.946893741742644934e+01
3.725000000000000089e+00 1.710357349445704500e+00 4.944770297592334884e+01 1.015043102350840520e+01 1.966624512417993031e+01
3.729999999999999982e+00 1.711734717696661745e+00 4.960642797060955189e+01 1.024224497480677165e+01 1.986490525643106153e+01
3.734999999999999876e+00 1.713114875002117454e+00 4.976576528365602314e+01 1.033474483834324076e+01 2.006492360508563877e+01
3.740000000000000213e+00 1.714497867199787251e+00 4.992573818530925678e+01 1.042793563376769050e+01 2.026630832795971315e+01
3.745000000000000107e+00 1.715883740579261962e+00 5.008636229805404128e+01 1.052182199392140838e+01 2.046906742824796410e+01
3.750000000000000000e+00 1.717272541885350057e+00 5.024766606318571149e+01 1.061641075691998637e+01 2.067321135547317112e+01
3.754999999999999893e+00 1.718664318321458495e+00 5.040966405685260554e+01 1.071170641040446725e+01 2.087874665814769415e+01
3.760000000000000231e+00 1.720059117553022654e+00 5.057238085337518640e+01 1.080771245539713377e+01 2.108567911364369252e+01
3.765000000000000124e+00 1.721456987710977105e+00 5.073583625029354494e+01 1.090443715014785475e+01 2.129402282467385987e+01
3.770000000000000018e+00 1.722857977395276574e+00 5.090004774893000672e+01 1.100188519244136920e+01 2.150378438555691218e+01
3.774999999999999911e+00 1.724262135678464647e+00 5.106503995620522574e+01 1.110006013806413705e+01 2.171496957169821229e+01
3.780000000000000249e+00 1.725669512109285098e+00 5.123082929665899599e+01 1.119897018763386676e+01 2.192759257089936753e+01
3.785000000000000142e+00 1.727080156716347847e+00 5.139744055140382528e+01 1.129862047758366295e+01 2.214166069139080761e+01
3.790000000000000036e+00 1.728494120011841551e+00 5.156489012358572666e+01 1.139901603823866694e+01 2.235718346041910465e+01
3.794999999999999929e+00 1.729911452995299248e+00 5.173319797376768747e+01 1.150016349852506536e+01 2.257417063869687723e+01
3.800000000000000266e+00 1.731332207157411762e+00 5.190238297885004926e+01 1.160206800056126930e+01 2.279263163921109481e+01
3.805000000000000160e+00 1.732756434483898600e+00 5.207246791021457710e+01 1.170473818796855880e+01 2.301258030309687896e+01
3.810000000000000053e+00 1.734184187459427706e+00 5.224347028704379170e+01 1.180817573392622499e+01 2.323401978861200590e+01
3.814999999999999947e+00 1.735615519071593615e+00 5.241541144432654420e+01 1.191239090279451851e+01 2.345696621085082256e+01
3.820000000000000284e+00 1.737050482814948671e+00 5.258830928443727970e+01 1.201738905837055960e+01 2.368142996523424060e+01
3.825000000000000178e+00 1.738489132695088868e+00 5.276218152236186398e+01 1.212317705434149140e+01 2.390742244159325125e+01
3.830000000000000071e+00 1.739931523232801869e+00 5.293704824926718544e+01 1.222975832611422398e+01 2.413494844208869239e+01
3.834999999999999964e+00 1.741377709468272084e+00 5.311292847742991796e+01 1.233714356685048408e+01 2.436402737153982301e+01
3.839999999999999858e+00 1.742827746965340152e+00 5.328984499262949015e+01 1.244533825712382047e+01 2.459466763020440538e+01
3.845000000000000195e+00 1.744281691815829705e+00 5.346781307956171503e+01 1.255434741284643430e+01 2.482687710171335738e+01
3.850000000000000089e+00 1.745739600643932299e+00 5.364685258830377990e+01 1.266418022675478916e+01 2.506067290467228048e+01
3.854999999999999982e+00 1.747201530610656750e+00 5.382698156290465619e+01 1.277484379593917829e+01 2.529606607057371193e+01
3.859999999999999876e+00 1.748667539418339745e+00 5.400821765610506731e+01 1.288634177826039640e+01 2.553306358371552776e+01
3.865000000000000213e+00 1.750137685315223512e+00 5.419058348291139993e+01 1.299868708716317300e+01 2.577168731891774200e+01
3.870000000000000107e+00 1.751612027100100555e+00 5.437409407213272772e+01 1.311188323409786882e+01 2.601194297904415009e+01
3.875000000000000000e+00 1.753090624127023878e+00 5.455877218456825517e+01 1.322593776620810857e+01 2.625384357708688299e+01
3.879999999999999893e+00 1.754573536310083837e+00 5.474463036807387084e+01 1.334085979838154934e+01 2.649740533292633060e+01
3.885000000000000231e+00 1.756060824128258258e+00 5.493169353000213562e+01 1.345665522399559144e+01 2.674263817178197300e+01
3.890000000000000124e+00 1.757552548630337386e+00 5.511997651996000513e+01 1.357333512345772064e+01 2.698956082593092276e+01
3.895000000000000018e+00 1.759048771439909009e+00 5.530950209919248550e+01 1.369090346133900304e+01 2.723817976571648103e+01
3.899999999999999911e+00 1.760549554760425739e+00 5.550028254573859954e+01 1.380937157353601386e+01 2.748851572890960782e+01
3.905000000000000249e+00 1.762054961380348228e+00 5.569234256469569289e+01 1.392874540525624560e+01 2.774057794912673458e+01
3.910000000000000142e+00 1.763565054678360111e+00 5.588569670604612583e+01 1.404903441070323211e+01 2.799438285344979604e+01
3.915000000000000036e+00 1.765079898628665322e+00 5.608036499638514272e+01 1.417024862526488604e+01 2.824994869605004055e+01
3.919999999999999929e+00 1.766599557806353804e+00 5.627636696980651720e+01 1.429239195600919210e+01 2.850728136469955842e+01
3.925000000000000266e+00 1.768124097392861804e+00 5.647372192389421031e+01 1.441547820066829289e+01 2.876640473426349942e+01
3.930000000000000160e+00 1.769653583181507006e+00 5.667244476547050169e+01 1.453951328166496815e+01 2.902732992241810095e+01
3.935000000000000053e+00 1.771188081583099816e+00 5.687256193134423654e+01 1.466450559088486294e+01 2.929006963463992719e+01
3.939999999999999947e+00 1.772727659631656794e+00 5.707408302690881641e+01 1.479046694385865379e+01 2.955464682072367921e+01
3.945000000000000284e+00 1.774272384990179141e+00 5.727703185617202308e+01 1.491740553282668102e+01 2.982107331620997925e+01
3.950000000000000178e+00 1.775822325956536885e+00 5.748142779785613499e+01 1.504532791391494584e+01 3.008936163831527821e+01
3.955000000000000071e+00 1.777377551469432548e+00 5.768729024229975977e+01 1.517424842341074154e+01 3.035953727654658252e+01
3.959999999999999964e+00 1.778938131114458976e+00 5.789463723591959621e+01 1.530417133241688354e+01 3.063160569282285550e+01
3.965000000000000302e+00 1.780504135130244192e+00 5.810348855908811316e+01 1.543511124305856796e+01 3.090559354955900417e+01
3.970000000000000195e+00 1.782075634414699072e+00 5.831386480036440645e+01 1.556707688344230434e+01 3.118151578873486685e+01
3.975000000000000089e+00 1.783652700531359159e+00 5.852577954748684164e+01 1.570007468430270592e+01 3.145938359257835515e+01
3.979999999999999982e+00 1.785235405715812629e+00 5.873925906977871136e+01 1.583411963470128825e+01 3.173922231213138190e+01
3.984999999999999876e+00 1.786823822882243729e+00 5.895432421672447987e+01 1.596921884468181929e+01 3.202104444603714484e+01
3.990000000000000213e+00 1.788418025630066133e+00 5.917098562432327924e+01 1.610538473226549172e+01 3.230487176376682612e+01
3.995000000000000107e+00 1.790018088250662442e+00 5.938927144160018656e+01 1.624262705345027058e+01 3.259072183912321918e+01
4.000000000000000000e+00 1.791624085734228267e+00 5.960919759416086094e+01 1.638095446120913579e+01 3.287860825446890800e+01
