% raindrop T-matrix calculations using the code of Leinonen, J., "Python code for T-matrix scattering calculations". Available at https://github.com/jleinonen/pytmatrix/. 
% 
% refractive index calculations after Ray, P., 1972:  Broadband Complex Refractive Indices of Ice and Water, Appl. Opt. 11, 1836-1844 
% 
% raindrop aspect ratio estimated with the methodology of Brandes, Edward & Zhang, Guifu & Vivekanandan, Jothiram. (2005). Corrigendum. Journal of Applied Meteorology. 44. 186-. 10.1175/1520-0450(2005)44<186:C>2.0.CO;2. 
% 
% wave length: 107.068735 mm 
% temperature: 283.15 K 
% refractive index: 9.004772186279296875e+00 + 9.480608701705932617e-01 i 
% 
%r_eqv[mm]               axial ratio              ext[mm2]                 sca[mm2]                 back[mm2]
5.000000000000000104e-03 9.999900000999989436e-01 6.700993713867372547e-10 1.445742091548492736e-18 2.168612192528985076e-18
1.000000000000000021e-02 9.999900000999989436e-01 5.360905837796458601e-09 9.252751388735673271e-17 1.387910079394491412e-16
1.499999999999999944e-02 9.999900000999989436e-01 1.809367821460940234e-08 1.053946769523910105e-15 1.580913316858971115e-15
2.000000000000000042e-02 9.999900000999989436e-01 4.289078052260609959e-08 5.921768457125924391e-15 8.882584039394668500e-15
2.500000000000000139e-02 9.999900000999989436e-01 8.377624332466263648e-08 2.258977400257025508e-14 3.388425087531907744e-14
2.999999999999999889e-02 9.999900000999989436e-01 1.447763055773215567e-07 6.745277246955691900e-14 1.011773929666018761e-13
3.500000000000000333e-02 9.999900000999989436e-01 2.299199716245098589e-07 1.700909133473955273e-13 2.551303049303394762e-13
4.000000000000000083e-02 9.999900000999989436e-01 3.432396008892477723e-07 3.789949614954655540e-13 5.684747821442127702e-13
4.499999999999999833e-02 9.999900000999989436e-01 4.887714295405498488e-07 7.683326327164940111e-13 1.152453621126609525e-12
5.000000000000000278e-02 9.999900000999989436e-01 6.705561293305130806e-07 1.445756283671545762e-12 2.168529099139235103e-12
5.500000000000000028e-02 9.999900000999989436e-01 8.926394503404313241e-07 2.561250594413689209e-12 3.841650071485736836e-12
5.999999999999999778e-02 9.999900000999989436e-01 1.159072570136878692e-06 4.317023322957693509e-12 6.475081943967613552e-12
6.500000000000000222e-02 9.999900000999989436e-01 1.473913020921378079e-06 6.978436295698484094e-12 1.046679486203047449e-11
7.000000000000000666e-02 9.999900000999989436e-01 1.841224780039904510e-06 1.088597633239389802e-11 1.632740921819314342e-11
7.499999999999999722e-02 9.999900000999989436e-01 2.265079341467995917e-06 1.646826840267359430e-11 2.469970143314377153e-11
8.000000000000000167e-02 9.999900000999989436e-01 2.749555956569942431e-06 2.425613853314565304e-11 3.637968075680830346e-11
8.500000000000000611e-02 9.999900000999989436e-01 3.298742191517670238e-06 3.489769172146980791e-11 5.233918440121650930e-11
8.999999999999999667e-02 9.999900000999989436e-01 3.916734755534495674e-06 4.917446847266276091e-11 7.375008580743203204e-11
9.500000000000000111e-02 9.999900000999989436e-01 4.607639475054343820e-06 6.801862157441341073e-11 1.020100278103357785e-10
1.000000000000000056e-01 9.999900000999989436e-01 5.375573453329818521e-06 9.253113400186548417e-11 1.387697113416792020e-10
1.049999999999999961e-01 9.999900000999989436e-01 6.224662954695889199e-06 1.240010698704572303e-10 1.859617267918293669e-10
1.100000000000000006e-01 9.999900000999989436e-01 7.159046339791682779e-06 1.639258835038179570e-10 2.458309648590619434e-10
1.150000000000000050e-01 9.999900000999989436e-01 8.182874596653201104e-06 2.140328355727651608e-10 3.209666794471426453e-10
1.199999999999999956e-01 9.999900000999989436e-01 9.300308931703631140e-06 2.763012784699147849e-10 4.143358450501271319e-10
1.250000000000000000e-01 9.999900000999989436e-01 1.051552664914227014e-05 3.529860792845628541e-10 5.293182102129129565e-10
1.300000000000000044e-01 9.999900000999989436e-01 1.183271522306663700e-05 4.466422460784135548e-10 6.697431446168834978e-10
1.350000000000000089e-01 9.999900000999989436e-01 1.325608048614795353e-05 5.601503116528091342e-10 8.399276101443322811e-10
1.400000000000000133e-01 9.999900000999989436e-01 1.478983772966522940e-05 6.967428124780521915e-10 1.044715761429910749e-09
1.449999999999999900e-01 9.999900000999989436e-01 1.643822299514478767e-05 8.600323096614117407e-10 1.289520844815148552e-09
1.499999999999999944e-01 9.999900000999989436e-01 1.820548399360877388e-05 1.054039278580107576e-09 1.580366885166282817e-09
1.549999999999999989e-01 9.999900000999989436e-01 2.009588793870360933e-05 1.283222856313862914e-09 1.923934641894600101e-09
1.600000000000000033e-01 9.999900000999989436e-01 2.211371961584381870e-05 1.552510293485330368e-09 2.327605604814302662e-09
1.650000000000000078e-01 9.999900000999989436e-01 2.426327605298050100e-05 1.867329957633604423e-09 2.799511296735750485e-09
1.700000000000000122e-01 9.999900000999989436e-01 2.654888132870708708e-05 2.233642875644028182e-09 3.348580365402175941e-09
1.750000000000000167e-01 9.999900000999989436e-01 2.897486925938011764e-05 2.657978421921971886e-09 3.984591870684946127e-09
1.799999999999999933e-01 9.999900000999989436e-01 3.154560192100365121e-05 3.147467386622770704e-09 4.718224619988238911e-09
1.849999999999999978e-01 9.999900000999989436e-01 3.426545575923834418e-05 3.709879072808943447e-09 5.561112521858450771e-09
1.900000000000000022e-01 1.000338260324268314e+00 3.714827210768416066e-05 4.354779212042981147e-09 6.527581209379560905e-09
1.950000000000000067e-01 1.000344839311130496e+00 4.018054067272600998e-05 5.089294589956985662e-09 7.628294376331272418e-09
2.000000000000000111e-01 1.000357515291503407e+00 4.337545432519893270e-05 5.924303976699702644e-09 8.879540159692950986e-09
2.050000000000000155e-01 1.000376259251188893e+00 4.673752534405729479e-05 6.870527516735809199e-09 1.029736458850342190e-08
2.099999999999999922e-01 1.000401042453005207e+00 5.027129496305307398e-05 7.939518445049045917e-09 1.189905877593198076e-08
2.149999999999999967e-01 1.000431836433301802e+00 5.398132467321111724e-05 9.143716302854616421e-09 1.370323826487107889e-08
2.200000000000000011e-01 1.000468612998516083e+00 5.787221294420185388e-05 1.049647773142285793e-08 1.572988871863344618e-08
2.250000000000000056e-01 1.000511344221778787e+00 6.194858690832084978e-05 1.201213539915743758e-08 1.800045375218801243e-08
2.300000000000000100e-01 1.000560002439564444e+00 6.621510213650114954e-05 1.370602915362045271e-08 2.053788108453332909e-08
2.350000000000000144e-01 1.000614560248383578e+00 7.067644881361435103e-05 1.559456697099039472e-08 2.336671332957644134e-08
2.399999999999999911e-01 1.000674990501522643e+00 7.533733716161522369e-05 1.769526661422368785e-08 2.651314981165420259e-08
2.449999999999999956e-01 1.000741266305821942e+00 8.020253209541940414e-05 2.002680232161917870e-08 3.000511588746418889e-08
2.500000000000000000e-01 1.000813361018499714e+00 8.527680554202272229e-05 2.260906427616934326e-08 3.387235137169036890e-08
2.550000000000000044e-01 1.000891248244015541e+00 9.056499474709637620e-05 2.546320392909805824e-08 3.814647771891265553e-08
2.600000000000000089e-01 1.000974901830975039e+00 9.607193081617908053e-05 2.861168089087001474e-08 4.286106750526157921e-08
2.650000000000000133e-01 1.001064295869075416e+00 1.018025348869612599e-04 3.207833265386719388e-08 4.805174806862715018e-08
2.700000000000000178e-01 1.001159404686088994e+00 1.077617090040887702e-04 3.588841315036236995e-08 5.375625838865959672e-08
2.750000000000000222e-01 1.001260202844886926e+00 1.139544223895953465e-04 4.006866717864132916e-08 6.001455967567599838e-08
2.800000000000000266e-01 1.001366665140501100e+00 1.203856935474255244e-04 4.464737613074189464e-08 6.686890289462949207e-08
2.850000000000000311e-01 1.001478766597222014e+00 1.270605516719405445e-04 4.965440901498729887e-08 7.436390411976802274e-08
2.899999999999999800e-01 1.001596482465736404e+00 1.339840755800809273e-04 5.512129516476715752e-08 8.254665237973511357e-08
2.949999999999999845e-01 1.001719788220298835e+00 1.411613956625799285e-04 6.108129385773988732e-08 9.146681279728261337e-08
2.999999999999999889e-01 1.001848659555939935e+00 1.485976729605657321e-04 6.756941761081806841e-08 1.011766601895297273e-07
3.049999999999999933e-01 1.001983072385710605e+00 1.562981022566803098e-04 7.462255982055179321e-08 1.117312690335949474e-07
3.099999999999999978e-01 1.002123002837959964e+00 1.642679491709532382e-04 8.227948397665169617e-08 1.231884959081381158e-07
3.150000000000000022e-01 1.002268427253648841e+00 1.725124933261768293e-04 9.058093993745199319e-08 1.356091521962195786e-07
3.200000000000000067e-01 1.002419322183694117e+00 1.810370878080169558e-04 9.956972253876497579e-08 1.490570903433082420e-07
3.250000000000000111e-01 1.002575664386349930e+00 1.898470815855829755e-04 1.092907527191085352e-07 1.635993238523830606e-07
3.300000000000000155e-01 1.002737430824617970e+00 1.989479448397331904e-04 1.197911052489743507e-07 1.793060670415385313e-07
3.350000000000000200e-01 1.002904598663692415e+00 2.083451085042009295e-04 1.311200961151712052e-07 1.962508641298728465e-07
3.400000000000000244e-01 1.003077145268434833e+00 2.180441156183879662e-04 1.433293538147252404e-07 2.145106943041703612e-07
3.450000000000000289e-01 1.003255048200880628e+00 2.280505457065455850e-04 1.564729689233168311e-07 2.341661937332736622e-07
3.500000000000000333e-01 1.003438285217776782e+00 2.383699978344081666e-04 1.706074195189723469e-07 2.553015416631987344e-07
3.549999999999999822e-01 1.003626834268148693e+00 2.490081282693277749e-04 1.857917712904166711e-07 2.780047582980500649e-07
3.599999999999999867e-01 1.003820673490896542e+00 2.599707081637915975e-04 2.020876750893355476e-07 3.023676986155043670e-07
3.649999999999999911e-01 1.004019781212422524e+00 2.712634537378182543e-04 2.195594989146704810e-07 3.284862478625795389e-07
3.699999999999999956e-01 1.004224135944284502e+00 2.828922156243061448e-04 2.382744125455786518e-07 3.564604458942375407e-07
3.750000000000000000e-01 1.004433716380879638e+00 2.948628846293317122e-04 2.583024369979224692e-07 3.863945584550980687e-07
3.800000000000000044e-01 1.004648501397155336e+00 3.071813375145984217e-04 2.797164585783611194e-07 4.183970958995023881e-07
3.850000000000000089e-01 1.004868470046347273e+00 3.198536249561943681e-04 3.025924736338532659e-07 4.525811765665006357e-07
3.900000000000000133e-01 1.005093601557745631e+00 3.328857434777656213e-04 3.270095437648303564e-07 4.890644573846365309e-07
3.950000000000000178e-01 1.005323875334485528e+00 3.462837921885256252e-04 3.530499120342125077e-07 5.279693039883559426e-07
4.000000000000000222e-01 1.005559270951367434e+00 3.600539518474623300e-04 3.807992477401847604e-07 5.694231552495326597e-07
4.050000000000000266e-01 1.005799768152698448e+00 3.742024050983026873e-04 4.103462994035118185e-07 6.135579994263183961e-07
4.100000000000000311e-01 1.006045346850164002e+00 3.887354056405523681e-04 4.417834997959536474e-07 6.605112772096254111e-07
4.150000000000000355e-01 1.006295987120720881e+00 4.036593603922583595e-04 4.752067334916191260e-07 7.104255300089706884e-07
4.199999999999999845e-01 1.006551669204517108e+00 4.189805713478751020e-04 5.107156062921038701e-07 7.634487998287556254e-07
4.249999999999999889e-01 1.006812373502834479e+00 4.347055433066495268e-04 5.484134474561531648e-07 8.197346288284705396e-07
4.299999999999999933e-01 1.007078080576055967e+00 4.508407859846055117e-04 5.884072022789257534e-07 8.794418940845588032e-07
4.349999999999999978e-01 1.007348771141657329e+00 4.673928561269846942e-04 6.308081238933658504e-07 9.427358396364744038e-07
4.400000000000000022e-01 1.007624426072219359e+00 4.843683999040574546e-04 6.757311738406372627e-07 1.009787175088185885e-06
4.450000000000000067e-01 1.007905026393466796e+00 5.017741128688288366e-04 7.232956306000103481e-07 1.080772982190831361e-06
4.500000000000000111e-01 1.008190553282325652e+00 5.196167735942245746e-04 7.736247498668351846e-07 1.155876200314961027e-06
4.550000000000000155e-01 1.008480988065006079e+00 5.379032577503341543e-04 8.268463211267917970e-07 1.235286457520033712e-06
4.600000000000000200e-01 1.008776312215104998e+00 5.566404031658597025e-04 8.830925431216837094e-07 1.319199876463575607e-06
4.650000000000000244e-01 1.009076507351731156e+00 5.758351855715292990e-04 9.425001315517061498e-07 1.407819233113949105e-06
4.700000000000000289e-01 1.009381555237651273e+00 5.954947063858150903e-04 1.005210425567308726e-06 1.501354108604076058e-06
4.750000000000000333e-01 1.009691437777457068e+00 6.156260000613284150e-04 1.071369345431055594e-06 1.600020822360340383e-06
4.799999999999999822e-01 1.010006137015752481e+00 6.362363135425720987e-04 1.141128053766439224e-06 1.704043414739928438e-06
4.849999999999999867e-01 1.010325635135361333e+00 6.573328293445470857e-04 1.214642383665740042e-06 1.813652787906916101e-06
4.899999999999999911e-01 1.010649914455556075e+00 6.789229383028737557e-04 1.292073064369163639e-06 1.929087032445525200e-06
4.949999999999999956e-01 1.010978957430304748e+00 7.010139705225178252e-04 1.373586891789300510e-06 2.050593179542001809e-06
5.000000000000000000e-01 1.011312746646537475e+00 7.236134731721964239e-04 1.459354408663434060e-06 2.178423716995044571e-06
5.050000000000000044e-01 1.011651264822433394e+00 7.467289149862870378e-04 1.549553258979714956e-06 2.312841608473891071e-06
5.100000000000000089e-01 1.011994494805724676e+00 7.703679948633881686e-04 1.644365667177576598e-06 2.454116507567137464e-06
5.150000000000000133e-01 1.012342419572020980e+00 7.945383026837671715e-04 1.743979458878091709e-06 2.602526283957680664e-06
5.200000000000000178e-01 1.012695022223150554e+00 8.192476484803910743e-04 1.848588887572695702e-06 2.758358252001373778e-06
5.250000000000000222e-01 1.013052285985520662e+00 8.445039022863594803e-04 1.958393388892273728e-06 2.921907297359606599e-06
5.300000000000000266e-01 1.013414194208494434e+00 8.703150512060087033e-04 2.073598731784131528e-06 3.093477592275204112e-06
5.350000000000000311e-01 1.013780730362787486e+00 8.966890173689718137e-04 2.194417180711542582e-06 3.273382832433518083e-06
5.400000000000000355e-01 1.014151878038878962e+00 9.236339136138616316e-04 2.321066879319950098e-06 3.461945304178541693e-06
5.450000000000000400e-01 1.014527620945441466e+00 9.511579986289877718e-04 2.453771913173012607e-06 3.659495975061374925e-06
5.500000000000000444e-01 1.014907942907788518e+00 9.792693680878497564e-04 2.592764079600584275e-06 3.866377122289343668e-06
5.550000000000000488e-01 1.015292827866336012e+00 1.007976479483496147e-03 2.738281002825971911e-06 4.082939517922248202e-06
5.600000000000000533e-01 1.015682259875082316e+00 1.037287629858743522e-03 2.890567041299542285e-06 4.309543767116035932e-06
5.650000000000000577e-01 1.016076223100103704e+00 1.067211553032579785e-03 3.049873866404013197e-06 4.546561165965248532e-06
5.700000000000000622e-01 1.016474701818065096e+00 1.097756592618898694e-03 3.216460195076251769e-06 4.794373299899845471e-06
5.750000000000000666e-01 1.016877680414747243e+00 1.128931624285828446e-03 3.390591434276358306e-06 5.053371489036938254e-06
5.799999999999999600e-01 1.017285143383589441e+00 1.160745274034173527e-03 3.572541737016512684e-06 5.323959862286299318e-06
5.849999999999999645e-01 1.017697075324246692e+00 1.193206464042867107e-03 3.762590224823972359e-06 5.606549697928765472e-06
5.899999999999999689e-01 1.018113460941162618e+00 1.226324115465724212e-03 3.961026620083803178e-06 5.901567827103822347e-06
5.949999999999999734e-01 1.018534285042156151e+00 1.260107346815410269e-03 4.168146329693496138e-06 6.209449279060605139e-06
5.999999999999999778e-01 1.018959532537025314e+00 1.294565235001023757e-03 4.384253127787082928e-06 6.530641284640620373e-06
6.049999999999999822e-01 1.019389188436160998e+00 1.329706956491069018e-03 4.609659334508122536e-06 6.865603521828133448e-06
6.099999999999999867e-01 1.019823237849180497e+00 1.365541850599064121e-03 4.844684889881335341e-06 7.214806724070126048e-06
6.149999999999999911e-01 1.020261665983570154e+00 1.402079344217148577e-03 5.089658592714328597e-06 7.578734518743449315e-06
6.199999999999999956e-01 1.020704458143344873e+00 1.439328912409248117e-03 5.344918341405056023e-06 7.957883782043362482e-06
6.250000000000000000e-01 1.021151599727719406e+00 1.477300263794484921e-03 5.610808187242911131e-06 8.352760206894424181e-06
6.300000000000000044e-01 1.021603076229795626e+00 1.516002952739020507e-03 5.887683365736882329e-06 8.763885832047814504e-06
6.350000000000000089e-01 1.022058873235258902e+00 1.555446820278018078e-03 6.175908773338043207e-06 9.191796724077303828e-06
6.400000000000000133e-01 1.022518976421092685e+00 1.595641800532336457e-03 6.475857083171139169e-06 9.637040168963149553e-06
6.450000000000000178e-01 1.022983371554301524e+00 1.636597892949402623e-03 6.787907499913378542e-06 1.010017280008350887e-05
6.500000000000000222e-01 1.023452044490649859e+00 1.678325009459761792e-03 7.112455393664377446e-06 1.058177494994430931e-05
6.550000000000000266e-01 1.023924981173411908e+00 1.720833632074290865e-03 7.449898834813379724e-06 1.108243055811638833e-05
6.600000000000000311e-01 1.024402167632133542e+00 1.764133943543132925e-03 7.800651213247241790e-06 1.160274596948843402e-05
6.650000000000000355e-01 1.024883589981409493e+00 1.808236305958930675e-03 8.165131505457294677e-06 1.214333540062216427e-05
6.700000000000000400e-01 1.025369234419667430e+00 1.853151193124656388e-03 8.543773217183369911e-06 1.270483430686367421e-05
6.750000000000000444e-01 1.025859087227968924e+00 1.898889406558060614e-03 8.937013997885750823e-06 1.328788377909839812e-05
6.800000000000000488e-01 1.026353134768820174e+00 1.945461482581555988e-03 9.345309557696463481e-06 1.389315139067663055e-05
6.850000000000000533e-01 1.026851363484993174e+00 1.992878321215270539e-03 9.769120003484894197e-06 1.452131074444928851e-05
6.900000000000000577e-01 1.027353759898360641e+00 2.041150785544613554e-03 1.020892098664778824e-05 1.517305808083869224e-05
6.950000000000000622e-01 1.027860310608740946e+00 2.090289970770977009e-03 1.066519408234534581e-05 1.584909794094516611e-05
7.000000000000000666e-01 1.028371002292754355e+00 2.140307030502268826e-03 1.113843705532597237e-05 1.655015841335056171e-05
7.049999999999999600e-01 1.028885821702690384e+00 2.191213350481455071e-03 1.162915552412923817e-05 1.727697875368712862e-05
7.099999999999999645e-01 1.029404755665387139e+00 2.243020145040123224e-03 1.213786827579426669e-05 1.803031722703632829e-05
7.149999999999999689e-01 1.029927791081118427e+00 2.295738958326132718e-03 1.266510768424869947e-05 1.881095172327208845e-05
7.199999999999999734e-01 1.030454914922495746e+00 2.349381442486027198e-03 1.321141419664744370e-05 1.961967155831666657e-05
7.249999999999999778e-01 1.030986114233377604e+00 2.403959185598486883e-03 1.377734025632470978e-05 2.045728326928931932e-05
7.299999999999999822e-01 1.031521376127789047e+00 2.459484307487387611e-03 1.436345628643979372e-05 2.132461948002069754e-05
7.349999999999999867e-01 1.032060687788854958e+00 2.515968428913699199e-03 1.497034134869758088e-05 2.222252506792788291e-05
7.399999999999999911e-01 1.032604036467738684e+00 2.573423830878921251e-03 1.559858285936466357e-05 2.315185655575284569e-05
7.449999999999999956e-01 1.033151409482594651e+00 2.631862756004680736e-03 1.624879143921621039e-05 2.411350441019144568e-05
7.500000000000000000e-01 1.033702794217528753e+00 2.691297421835337541e-03 1.692158232449176420e-05 2.510836516491470524e-05
7.550000000000000044e-01 1.034258178121568061e+00 2.751740171941877318e-03 1.761758602775903546e-05 2.613735730467258477e-05
7.600000000000000089e-01 1.034817548707643198e+00 2.813203652627921554e-03 1.833744857143014374e-05 2.720142173539638421e-05
7.650000000000000133e-01 1.035380893551575587e+00 2.875700704211077170e-03 1.908182976496721842e-05 2.830151897089649543e-05
7.700000000000000178e-01 1.035948200291078702e+00 2.939243942377292324e-03 1.985140091758605282e-05 2.943862584387100178e-05
7.750000000000000222e-01 1.036519456624765523e+00 3.003846480399623414e-03 2.064684714909733687e-05 3.061373895500103044e-05
7.800000000000000266e-01 1.037094650311166655e+00 3.069521009286528546e-03 2.146887029966204383e-05 3.182787883829429177e-05
7.850000000000000311e-01 1.037673769167756666e+00 3.136281142211114724e-03 2.231818908091504400e-05 3.308209030581226595e-05
7.900000000000000355e-01 1.038256801069989743e+00 3.204140193768981616e-03 2.319552948316050978e-05 3.437742802378828723e-05
7.950000000000000400e-01 1.038843733950345127e+00 3.273111204162138573e-03 2.410164229549890367e-05 3.571498264241629273e-05
8.000000000000000444e-01 1.039434555797379867e+00 3.343207869043795209e-03 2.503728345333026660e-05 3.709585150988604240e-05
8.050000000000000488e-01 1.040029254654790458e+00 3.414444313551004157e-03 2.600322894346178540e-05 3.852116079023447907e-05
8.100000000000000533e-01 1.040627818620484257e+00 3.486834118480824831e-03 2.700027585590630307e-05 3.999206702327221929e-05
8.150000000000000577e-01 1.041230235845658436e+00 3.560390986772265978e-03 2.802922632445519155e-05 4.150973320227773275e-05
8.200000000000000622e-01 1.041836494533886492e+00 3.635129621383062157e-03 2.909090352037631183e-05 4.307535255760517695e-05
8.250000000000000666e-01 1.042446582940215416e+00 3.711063614147261380e-03 3.018615859029081760e-05 4.469015881090904484e-05
8.300000000000000711e-01 1.043060489370268407e+00 3.788207855810498455e-03 3.131583606198620420e-05 4.635537463493947743e-05
8.349999999999999645e-01 1.043678202179357140e+00 3.866576794507480246e-03 3.248081443169107416e-05 4.807227219471579219e-05
8.399999999999999689e-01 1.044299709771603135e+00 3.946184859912920534e-03 3.368198311939291979e-05 4.984213867126036887e-05
8.449999999999999734e-01 1.044925000599063569e+00 4.027046998460915780e-03 3.492025501688330664e-05 5.166629483109596194e-05
8.499999999999999778e-01 1.045554063160868408e+00 4.109178270347626886e-03 3.619654777640528016e-05 5.354606724636030713e-05
8.549999999999999822e-01 1.046186886002363758e+00 4.192593653173465502e-03 3.751180934047194064e-05 5.548282646030076442e-05
8.599999999999999867e-01 1.046823457714263217e+00 4.277308521110649055e-03 3.886700556797314458e-05 5.747796819550069983e-05
8.649999999999999911e-01 1.047463766931806317e+00 4.363338086379616593e-03 4.026311406640695862e-05 5.953290423345981532e-05
8.699999999999999956e-01 1.048107802333925420e+00 4.450697876870623841e-03 4.170113061448636196e-05 6.164907201063309842e-05
8.750000000000000000e-01 1.048755552642418598e+00 4.539403342668010301e-03 4.318207646513445033e-05 6.382794545432126179e-05
8.800000000000000044e-01 1.049407006621131844e+00 4.629471167906064506e-03 4.470697750876805054e-05 6.607100392808864674e-05
8.850000000000000089e-01 1.050062153075147497e+00 4.720916346905116093e-03 4.627690719586572001e-05 6.837979600953902198e-05
8.900000000000000133e-01 1.050720980849978670e+00 4.813755412750489460e-03 4.789293007391514994e-05 7.075585549620470242e-05
8.950000000000000178e-01 1.051383478830772988e+00 4.908004973136850281e-03 4.955613692381077482e-05 7.320075348075957378e-05
9.000000000000000222e-01 1.052049635941522787e+00 5.003680802822482905e-03 5.126765351901240656e-05 7.571611179088979604e-05
9.050000000000000266e-01 1.052719441144281065e+00 5.100800044524749291e-03 5.302861856282327130e-05 7.830356948603950124e-05
9.100000000000000311e-01 1.053392883438386107e+00 5.199379247931177825e-03 5.484017572203816088e-05 8.096477153258608910e-05
9.150000000000000355e-01 1.054069951859691656e+00 5.299435102147182115e-03 5.670350436348731751e-05 8.370141408837660174e-05
9.200000000000000400e-01 1.054750635479804632e+00 5.400984929511984910e-03 5.861981319201829623e-05 8.651523520572985970e-05
9.250000000000000444e-01 1.055434923405329073e+00 5.504045803966895606e-03 6.059031627458830025e-05 8.940797912632809062e-05
9.300000000000000488e-01 1.056122804777117841e+00 5.608635203692728319e-03 6.261625706003863165e-05 9.238143194643002167e-05
9.350000000000000533e-01 1.056814268769528553e+00 5.714770669688201687e-03 6.469889244180560526e-05 9.543739770261884471e-05
9.400000000000000577e-01 1.057509304589689725e+00 5.822469690930680980e-03 6.683952685110080649e-05 9.857774918710558395e-05
9.450000000000000622e-01 1.058207901476769797e+00 5.931750649275081139e-03 6.903945293851080874e-05 1.018043398225058178e-04
9.500000000000000666e-01 1.058910048701254603e+00 6.042631117094651380e-03 7.130000307357891958e-05 1.051190798012892417e-04
9.550000000000000711e-01 1.059615735564230832e+00 6.155129332672069215e-03 7.362254133857184981e-05 1.085239246028671335e-04
9.599999999999999645e-01 1.060324951396675930e+00 6.269263708290512792e-03 7.600844670381283680e-05 1.120208494426908302e-04
9.649999999999999689e-01 1.061037685558753330e+00 6.385052798836559837e-03 7.845912115338094948e-05 1.156118619044130632e-04
9.699999999999999734e-01 1.061753927439116119e+00 6.502515716779296018e-03 8.097598123716007721e-05 1.192989886606827897e-04
9.749999999999999778e-01 1.062473666454213594e+00 6.621670481511399836e-03 8.356049621339226810e-05 1.230843325720514436e-04
9.799999999999999822e-01 1.063196892047607145e+00 6.742536435839119498e-03 8.621412091259502515e-05 1.269699726770611250e-04
9.849999999999999867e-01 1.063923593689290348e+00 6.865133683370981156e-03 8.893837400129746913e-05 1.309580804185972664e-04
9.899999999999999911e-01 1.064653760875015509e+00 6.989480265182441282e-03 9.173476960477494103e-05 1.350508182692576934e-04
9.949999999999999956e-01 1.065387383125626419e+00 7.115596977638962047e-03 9.460488774129046264e-05 1.392504440092035326e-04
1.000000000000000000e+00 1.066124449986396217e+00 7.243502942551697035e-03 9.755027295082096173e-05 1.435591602110535426e-04
1.005000000000000115e+00 1.066864951026373021e+00 7.373228612647169007e-03 1.005727582149551480e-04 1.479796104095255384e-04
1.010000000000000009e+00 1.067608875837728233e+00 7.504785077387184263e-03 1.036737766954401360e-04 1.525138128659960662e-04
1.015000000000000124e+00 1.068356214035114826e+00 7.638191169816646760e-03 1.068550161130858202e-04 1.571641747880890875e-04
1.020000000000000018e+00 1.069106955255026969e+00 7.773468480839414683e-03 1.101181036467537824e-04 1.619330109890135554e-04
1.024999999999999911e+00 1.069861089155168976e+00 7.910636475124379480e-03 1.134648024475938836e-04 1.668228351813530951e-04
1.030000000000000027e+00 1.070618605413826918e+00 8.049717048572314210e-03 1.168968385042751690e-04 1.718361031294090647e-04
1.034999999999999920e+00 1.071379493729249344e+00 8.190730891850267481e-03 1.204159871592980219e-04 1.769753410750087908e-04
1.040000000000000036e+00 1.072143743819029771e+00 8.333699157625409221e-03 1.240240286319719057e-04 1.822430795064154316e-04
1.044999999999999929e+00 1.072911345419497398e+00 8.478643455539789167e-03 1.277228192748732112e-04 1.876419582655994408e-04
1.050000000000000044e+00 1.073682288285112474e+00 8.625585411891194612e-03 1.315141969813696666e-04 1.931745878116243034e-04
1.054999999999999938e+00 1.074456562187866782e+00 8.774546935129634573e-03 1.354000769085503676e-04 1.988436893995917552e-04
1.060000000000000053e+00 1.075234156916690775e+00 8.925549046792675273e-03 1.393823304945425825e-04 2.046519159547433703e-04
1.064999999999999947e+00 1.076015062276864054e+00 9.078615209331689084e-03 1.434629582941428672e-04 2.106021094234752998e-04
1.070000000000000062e+00 1.076799268089433603e+00 9.233767516943778078e-03 1.476438909446800476e-04 2.166970041557233345e-04
1.074999999999999956e+00 1.077586764190635593e+00 9.391028362403771104e-03 1.519271917680699541e-04 2.229395277314259293e-04
1.080000000000000071e+00 1.078377540431322945e+00 9.550420158014862049e-03 1.563148515546151874e-04 2.293324973142084290e-04
1.084999999999999964e+00 1.079171586676399119e+00 9.711966827381944903e-03 1.608089711108625101e-04 2.358788896443235624e-04
1.090000000000000080e+00 1.079968892804255898e+00 9.875690335246076895e-03 1.654116562236922943e-04 2.425816841712524622e-04
1.094999999999999973e+00 1.080769448706216718e+00 1.004161493386140740e-02 1.701250458334523509e-04 2.494439074464140354e-04
1.100000000000000089e+00 1.081573244285985780e+00 1.020976426808206661e-02 1.749513107054943319e-04 2.564686280737769994e-04
1.104999999999999982e+00 1.082380269459101152e+00 1.038016213865276642e-02 1.798926266083719519e-04 2.636589186269064247e-04
1.110000000000000098e+00 1.083190514152395201e+00 1.055283172818397355e-02 1.849512865917708618e-04 2.710180227512683031e-04
1.114999999999999991e+00 1.084003968303457022e+00 1.072779792476050674e-02 1.901295331750656843e-04 2.785491029367017572e-04
1.120000000000000107e+00 1.084820621860102863e+00 1.090508545870485374e-02 1.954296708633271318e-04 2.862554118301113165e-04
1.125000000000000000e+00 1.085640464779849657e+00 1.108471814831723037e-02 2.008540685307094937e-04 2.941402922785891073e-04
1.130000000000000115e+00 1.086463487029394992e+00 1.126672196468963931e-02 2.064051007340325520e-04 3.022070916821309374e-04
1.135000000000000009e+00 1.087289678584100638e+00 1.145112118686145847e-02 2.120851452558900388e-04 3.104591567920391673e-04
1.140000000000000124e+00 1.088119029427482509e+00 1.163794072468075230e-02 2.178966770146392848e-04 3.188999749560816172e-04
1.145000000000000018e+00 1.088951529550704622e+00 1.182720730056919904e-02 2.238421768459244088e-04 3.275330382581557271e-04
1.150000000000000133e+00 1.089787168952079055e+00 1.201894523127704749e-02 2.299241926987299141e-04 3.363619331270031572e-04
1.155000000000000027e+00 1.090625937636568565e+00 1.221318187052046651e-02 2.361452460350255199e-04 3.453902026613406154e-04
1.159999999999999920e+00 1.091467825615297427e+00 1.240994214518485045e-02 2.425079927209128393e-04 3.546215823367015975e-04
1.165000000000000036e+00 1.092312822905064262e+00 1.260925281182468868e-02 2.490149945809444964e-04 3.640596670249463093e-04
1.169999999999999929e+00 1.093160919527861763e+00 1.281114124125435488e-02 2.556690174740396115e-04 3.737083452073317351e-04
1.175000000000000044e+00 1.094012105510399513e+00 1.301563328950057670e-02 2.624726989864806519e-04 3.835713135253391312e-04
1.179999999999999938e+00 1.094866370883633921e+00 1.322275604157764801e-02 2.694288502265441130e-04 3.936525190114952173e-04
1.185000000000000053e+00 1.095723705682299487e+00 1.343253780588369271e-02 2.765402180186052631e-04 4.039558088480230146e-04
1.189999999999999947e+00 1.096584099944449830e+00 1.364500504532678397e-02 2.838096951527579949e-04 4.144852398288236027e-04
1.195000000000000062e+00 1.097447543710998508e+00 1.386018639624904750e-02 2.912401077767917332e-04 4.252447668840909759e-04
1.199999999999999956e+00 1.098314027025267592e+00 1.407810895585472413e-02 2.988343567425811600e-04 4.362384488500483087e-04
1.205000000000000071e+00 1.099183539932540254e+00 1.429880135275431868e-02 3.065954952605169518e-04 4.474705647472972093e-04
1.209999999999999964e+00 1.100056072479618674e+00 1.452229161793584800e-02 3.145264337601453458e-04 4.589451774130601453e-04
1.215000000000000080e+00 1.100931614714385054e+00 1.474861054565271973e-02 3.226302726796567602e-04 4.706666235911666153e-04
1.219999999999999973e+00 1.101810156685369746e+00 1.497778339110394930e-02 3.309100424903683351e-04 4.826391323184480667e-04
1.225000000000000089e+00 1.102691688441321372e+00 1.520984311905285678e-02 3.393689684821274964e-04 4.948672130253898259e-04
1.229999999999999982e+00 1.103576200030784493e+00 1.544481592175775929e-02 3.480100876891566056e-04 5.073550936972541893e-04
1.235000000000000098e+00 1.104463681501680172e+00 1.568273383900933848e-02 3.568367944428282781e-04 5.201075216465137581e-04
1.239999999999999991e+00 1.105354122900890967e+00 1.592362552788573540e-02 3.658522109658212079e-04 5.331288385043465861e-04
1.245000000000000107e+00 1.106247514273852595e+00 1.616752212704020836e-02 3.750596602889528695e-04 5.464236728751710372e-04
1.250000000000000000e+00 1.107143845664148030e+00 1.641445291826887365e-02 3.844625970845161811e-04 5.599968449886778745e-04
1.255000000000000115e+00 1.108043107113107384e+00 1.666444841056891751e-02 3.940643551160042703e-04 5.738529882876782775e-04
1.260000000000000009e+00 1.108945288659413109e+00 1.691754159418115688e-02 4.038683127188341074e-04 5.879967955278482669e-04
1.265000000000000124e+00 1.109850380338708309e+00 1.717376175308486796e-02 4.138781499405391078e-04 6.024334012668192346e-04
1.270000000000000018e+00 1.110758372183210829e+00 1.743314006577656103e-02 4.240972519116001566e-04 6.171674896006537018e-04
1.275000000000000133e+00 1.111669254221331116e+00 1.769571041106513670e-02 4.345293104079406298e-04 6.322042019649545602e-04
1.280000000000000027e+00 1.112583016477296738e+00 1.796150243142517755e-02 4.451778899970049099e-04 6.475484754596194442e-04
1.284999999999999920e+00 1.113499648970778022e+00 1.823054881731586002e-02 4.560466912868173846e-04 6.632054455279414069e-04
1.290000000000000036e+00 1.114419141716522343e+00 1.850288288078869026e-02 4.671395552611852715e-04 6.791804478359959743e-04
1.294999999999999929e+00 1.115341484723989307e+00 1.877853579195202724e-02 4.784601931592244515e-04 6.954786160655747730e-04
1.300000000000000044e+00 1.116266667996994588e+00 1.905754301321252800e-02 4.900124521057938392e-04 7.121052809154738115e-04
1.304999999999999938e+00 1.117194681533353773e+00 1.933993635292648519e-02 5.018002354080582268e-04 7.290658455997990443e-04
1.310000000000000053e+00 1.118125515324534858e+00 1.962574883168036188e-02 5.138273968502292312e-04 7.463656348136828763e-04
1.314999999999999947e+00 1.119059159355313193e+00 1.991501533663901299e-02 5.260981336407842199e-04 7.640104682367426445e-04
1.320000000000000062e+00 1.119995603603431533e+00 2.020776763627509312e-02 5.386164046974380041e-04 7.820058085837461878e-04
1.324999999999999956e+00 1.120934838039265857e+00 2.050404310720535528e-02 5.513862192728058139e-04 8.003571859314431150e-04
1.330000000000000071e+00 1.121876852625492305e+00 2.080387600512941665e-02 5.644119397027672199e-04 8.190706408521556065e-04
1.334999999999999964e+00 1.122821637316764765e+00 2.110729998961540649e-02 5.776975787105338754e-04 8.381516929699126591e-04
1.340000000000000080e+00 1.123769182059389804e+00 2.141434997017994252e-02 5.912475054054747809e-04 8.576063745659004466e-04
1.344999999999999973e+00 1.124719476791012696e+00 2.172506208561882785e-02 6.050660470837122785e-04 8.774406490199374584e-04
1.350000000000000089e+00 1.125672511440304557e+00 2.203947243593995867e-02 6.191574744213700901e-04 8.976603897888708796e-04
1.354999999999999982e+00 1.126628275926654377e+00 2.235761719096458072e-02 6.335264350368951039e-04 9.182720155057313895e-04
1.360000000000000098e+00 1.127586760159866808e+00 2.267953065407183125e-02 6.481773137120946026e-04 9.392815489161689558e-04
1.364999999999999991e+00 1.128547954039863965e+00 2.300525203400446278e-02 6.631146614485196756e-04 9.606952501160001935e-04
1.370000000000000107e+00 1.129511847456391438e+00 2.333481749367522298e-02 6.783430804006699340e-04 9.825194369489493023e-04
1.375000000000000000e+00 1.130478430288730518e+00 2.366826319336779935e-02 6.938672350632111132e-04 1.004760524372034450e-03
1.380000000000000115e+00 1.131447692405412875e+00 2.400562713739281054e-02 7.096919592728322080e-04 1.027425151554286478e-03
1.385000000000000009e+00 1.132419623663941444e+00 2.434694732941482254e-02 7.258219223248354047e-04 1.050519717411688625e-03
1.390000000000000124e+00 1.133394213910515980e+00 2.469226241085052675e-02 7.422619623906555851e-04 1.074050854675840739e-03
1.395000000000000018e+00 1.134371452979762385e+00 2.504160982486567516e-02 7.590170946303747852e-04 1.098025444542600516e-03
1.400000000000000133e+00 1.135351330694467364e+00 2.539502816583144584e-02 7.760922822311250085e-04 1.122450288168923933e-03
1.405000000000000027e+00 1.136333836865317526e+00 2.575255733352447077e-02 7.934926692620632204e-04 1.147332434958073504e-03
1.409999999999999920e+00 1.137318961290643582e+00 2.611423474713990556e-02 8.112231010740961635e-04 1.172678493492551209e-03
1.415000000000000036e+00 1.138306693756168331e+00 2.648010275549612935e-02 8.292888422395856569e-04 1.198495667957262143e-03
1.419999999999999929e+00 1.139297024034760630e+00 2.685020003800634228e-02 8.476952262245859198e-04 1.224791259548990404e-03
1.425000000000000044e+00 1.140289941886192482e+00 2.722456586239811044e-02 8.664475295527927909e-04 1.251572472903879742e-03
1.429999999999999938e+00 1.141285437056903218e+00 2.760324136343068196e-02 8.855509626419461131e-04 1.278846410844153552e-03
1.435000000000000053e+00 1.142283499279765024e+00 2.798626767712494856e-02 9.050111830387519603e-04 1.306620808662847279e-03
1.439999999999999947e+00 1.143284118273856675e+00 2.837368596678389171e-02 9.248335310554538571e-04 1.334902936311286323e-03
1.445000000000000062e+00 1.144287283744239936e+00 2.876553798965701680e-02 9.450235403036525350e-04 1.363700331422558259e-03
1.449999999999999956e+00 1.145292985381740625e+00 2.916186364039354342e-02 9.655870746883653656e-04 1.393021003440699911e-03
1.455000000000000071e+00 1.146301212862736563e+00 2.956270782469974656e-02 9.865295391254694062e-04 1.422872285141349056e-03
1.459999999999999964e+00 1.147311955848947074e+00 2.996811165139775038e-02 1.007856801080349090e-03 1.453262162433867659e-03
1.465000000000000080e+00 1.148325203987230259e+00 3.037811819543661043e-02 1.029574934755585550e-03 1.484198919259370605e-03
1.469999999999999973e+00 1.149340946909383598e+00 3.079276857977602047e-02 1.051689545717166734e-03 1.515690140506722452e-03
1.475000000000000089e+00 1.150359174231948334e+00 3.121211017971542087e-02 1.074206710676610084e-03 1.547744097030011399e-03
1.479999999999999982e+00 1.151379875556021837e+00 3.163618230444086715e-02 1.097132585864671458e-03 1.580369146593245009e-03
1.485000000000000098e+00 1.152403040467071982e+00 3.206503352793130257e-02 1.120473113328295618e-03 1.613573331559273833e-03
1.489999999999999991e+00 1.153428658534756623e+00 3.249870507674815917e-02 1.144234734529340613e-03 1.647365416839989202e-03
1.495000000000000107e+00 1.154456719312749513e+00 3.293724060513792545e-02 1.168423537141087499e-03 1.681753622239879004e-03
1.500000000000000000e+00 1.155487212338569769e+00 3.338068868548117046e-02 1.193045965228235446e-03 1.716746690404873142e-03
1.505000000000000115e+00 1.156520127133416675e+00 3.382909423011715849e-02 1.218108544034418291e-03 1.752353464883264159e-03
1.510000000000000009e+00 1.157555453202008700e+00 3.428250216699103847e-02 1.243617427031178026e-03 1.788582216853515762e-03
1.515000000000000124e+00 1.158593180032429393e+00 3.474095742160868833e-02 1.269579585470328965e-03 1.825442431627588092e-03
1.520000000000000018e+00 1.159633297095975069e+00 3.520450856254158517e-02 1.296001471618265458e-03 1.862942792458746003e-03
1.525000000000000133e+00 1.160675793847010029e+00 3.567320179029571242e-02 1.322890067386489361e-03 1.901092751962683153e-03
1.530000000000000027e+00 1.161720659722826676e+00 3.614708447120715956e-02 1.350251819212999966e-03 1.939900972166868102e-03
1.535000000000000142e+00 1.162767884143507846e+00 3.662620157379509189e-02 1.378093552823464029e-03 1.979376650603660928e-03
1.540000000000000036e+00 1.163817456511797577e+00 3.711060662767356327e-02 1.406422965840201707e-03 2.019530239834528389e-03
1.544999999999999929e+00 1.164869366212974766e+00 3.760034215317354517e-02 1.435246255624413828e-03 2.060369996633740208e-03
1.550000000000000044e+00 1.165923602614732379e+00 3.809545924802841543e-02 1.464571290283043928e-03 2.101906594713338645e-03
1.554999999999999938e+00 1.166980155067061542e+00 3.859601022458223479e-02 1.494404736309933989e-03 2.144148926375548988e-03
1.560000000000000053e+00 1.168039012902141183e+00 3.910203641495263449e-02 1.524754309984952113e-03 2.187107436662237819e-03
1.564999999999999947e+00 1.169100165434231231e+00 3.961359629472446103e-02 1.555626827814620295e-03 2.230791200797146035e-03
1.570000000000000062e+00 1.170163601959574473e+00 4.013073365012165272e-02 1.587030515070715153e-03 2.275211363410804995e-03
1.574999999999999956e+00 1.171229311756297298e+00 4.065350080685337791e-02 1.618972689876221676e-03 2.320377711793528402e-03
1.580000000000000071e+00 1.172297284084322211e+00 4.118194892983437216e-02 1.651460741372690012e-03 2.366300127592485189e-03
1.584999999999999964e+00 1.173367508185281460e+00 4.171613041263110000e-02 1.684502483517880079e-03 2.412989100303308994e-03
1.590000000000000080e+00 1.174439973282435989e+00 4.225609886347254929e-02 1.718105819786838609e-03 2.460455225304734785e-03
1.594999999999999973e+00 1.175514668580601496e+00 4.280189808401090729e-02 1.752278747281354326e-03 2.508709220285780528e-03
1.600000000000000089e+00 1.176591583266077601e+00 4.335358780935274353e-02 1.787028986620976942e-03 2.557761388002249229e-03
1.604999999999999982e+00 1.177670706506583453e+00 4.391122049038694020e-02 1.822365071070235470e-03 2.607623181005511680e-03
1.610000000000000098e+00 1.178752027451198003e+00 4.447484607071601481e-02 1.858294901545662478e-03 2.658305133270044435e-03
1.614999999999999991e+00 1.179835535230304933e+00 4.504451942649143059e-02 1.894826828959552106e-03 2.709818412618920057e-03
1.620000000000000107e+00 1.180921218955544472e+00 4.562029423042450460e-02 1.931969299994067309e-03 2.762174292476685285e-03
1.625000000000000000e+00 1.182009067719768769e+00 4.620222658576557395e-02 1.969730475509429406e-03 2.815383627601741705e-03
1.630000000000000115e+00 1.183099070597002811e+00 4.679036773551303874e-02 2.008118978910482331e-03 2.869457931903577480e-03
1.635000000000000009e+00 1.184191216642411337e+00 4.738477745151575132e-02 2.047143913532627115e-03 2.924409383474275981e-03
1.640000000000000124e+00 1.185285494892271307e+00 4.798550821889891599e-02 2.086813723014723475e-03 2.980249182504540479e-03
1.645000000000000018e+00 1.186381894363947032e+00 4.859261622166819589e-02 2.127136929566854871e-03 3.036988639538327692e-03
1.650000000000000133e+00 1.187480404055874628e+00 4.920615758467494771e-02 2.168123321809419923e-03 3.094640887942372472e-03
1.655000000000000027e+00 1.188581012947548476e+00 4.982619093373864133e-02 2.209780821962345140e-03 3.153216289271454798e-03
1.660000000000000142e+00 1.189683709999514560e+00 5.045277117678148571e-02 2.252119432398942949e-03 3.212728263671942117e-03
1.665000000000000036e+00 1.190788484153369131e+00 5.108595825488720238e-02 2.295148458511134769e-03 3.273189160572718449e-03
1.669999999999999929e+00 1.191895324331762041e+00 5.172580708474218414e-02 2.338876493686934798e-03 3.334610303346564452e-03
1.675000000000000044e+00 1.193004219438406732e+00 5.237238122102124555e-02 2.383313443812797895e-03 3.397004862180972359e-03
1.679999999999999938e+00 1.194115158358093565e+00 5.302573323410061934e-02 2.428468912472987826e-03 3.460385564731870492e-03
1.685000000000000053e+00 1.195228129956711127e+00 5.368592661750523631e-02 2.474352614430823469e-03 3.524765320415587742e-03
1.689999999999999947e+00 1.196343123081270665e+00 5.435302137390216753e-02 2.520973933781118104e-03 3.590156457031227696e-03
1.695000000000000062e+00 1.197460126559938276e+00 5.502707856440467588e-02 2.568343211179407136e-03 3.656572735373969044e-03
1.699999999999999956e+00 1.198579129202069993e+00 5.570815326755839542e-02 2.616470032810032983e-03 3.724026795746516062e-03
1.705000000000000071e+00 1.199700119798254416e+00 5.639631025683845139e-02 2.665364520641993421e-03 3.792531977736916630e-03
1.709999999999999964e+00 1.200823087120360011e+00 5.709161196032248170e-02 2.715036903707977473e-03 3.862101796575013578e-03
1.715000000000000080e+00 1.201948019921588173e+00 5.779411585334110618e-02 2.765497514531975193e-03 3.932749915953186702e-03
1.719999999999999973e+00 1.203074906936531852e+00 5.850389171193486060e-02 2.816756803988861284e-03 4.004490111006646889e-03
1.725000000000000089e+00 1.204203736881238829e+00 5.922099706357295684e-02 2.868825315932966181e-03 4.077336264317695316e-03
1.729999999999999982e+00 1.205334498453282777e+00 5.994549429763280923e-02 2.921713730443708818e-03 4.151302443055685833e-03
1.735000000000000098e+00 1.206467180331836975e+00 6.067745078159344357e-02 2.975432348043182025e-03 4.226402149782021618e-03
1.739999999999999991e+00 1.207601771177756689e+00 6.141693141772451570e-02 3.029992520847432907e-03 4.302650404246670737e-03
1.745000000000000107e+00 1.208738259633664436e+00 6.216399372553721436e-02 3.085404775539646750e-03 4.380060951232341016e-03
1.750000000000000000e+00 1.209876634324042799e+00 6.291871244391038231e-02 3.141680695680398264e-03 4.458649098403823577e-03
1.755000000000000115e+00 1.211016883855332349e+00 6.368114517438848432e-02 3.198831028390024776e-03 4.538428864312510184e-03
1.760000000000000009e+00 1.212158996816034451e+00 6.445136164606189710e-02 3.256867600709879938e-03 4.619415863738799213e-03
1.765000000000000124e+00 1.213302961776821398e+00 6.522942691956264138e-02 3.315801384077604087e-03 4.701624369307070769e-03
1.770000000000000018e+00 1.214448767290650766e+00 6.601541326540198706e-02 3.375643943278766514e-03 4.785069584482598039e-03
1.775000000000000133e+00 1.215596401892885980e+00 6.680938073241303454e-02 3.436406967739381174e-03 4.869766778880412622e-03
1.780000000000000027e+00 1.216745854101423552e+00 6.761140164286699727e-02 3.498102773538124075e-03 4.955732178138741624e-03
1.785000000000000142e+00 1.217897112416823635e+00 6.842154099391108135e-02 3.560742779865230540e-03 5.042980602693101014e-03
1.790000000000000036e+00 1.219050165322449919e+00 6.923987106827671212e-02 3.624338531176373238e-03 5.131527080496512544e-03
1.794999999999999929e+00 1.220205001284612623e+00 7.006645940137644357e-02 3.688903215609182738e-03 5.221388979413588843e-03
1.800000000000000044e+00 1.221361608752716377e+00 7.090137836132222315e-02 3.754448612461692980e-03 5.312581612229103599e-03
1.804999999999999938e+00 1.222519976159418986e+00 7.174469779732893515e-02 3.820987138269229914e-03 5.405121170691520524e-03
1.810000000000000053e+00 1.223680091920789526e+00 7.259648276941325917e-02 3.888531866463076393e-03 5.499024748745602771e-03
1.814999999999999947e+00 1.224841944436477315e+00 7.345681304890022689e-02 3.957094403907455635e-03 5.594307329867660716e-03
1.820000000000000062e+00 1.226005522089884225e+00 7.432575612295394540e-02 4.026688061185959566e-03 5.690986292139175139e-03
1.824999999999999956e+00 1.227170813248343206e+00 7.520338194503578544e-02 4.097326313192848485e-03 5.789079256212002929e-03
1.830000000000000071e+00 1.228337806263303689e+00 7.608977278878711892e-02 4.169021656564375969e-03 5.888602384021134062e-03
1.834999999999999964e+00 1.229506489470522324e+00 7.698498874951521798e-02 4.241787277333427392e-03 5.989572818840190396e-03
1.840000000000000080e+00 1.230676851190258825e+00 7.788911951126030464e-02 4.315636472738707853e-03 6.092007777138866258e-03
1.844999999999999973e+00 1.231848879727479362e+00 7.880222281699142406e-02 4.390582684003360540e-03 6.195924738078771934e-03
1.850000000000000089e+00 1.233022563372064173e+00 7.972438825326552680e-02 4.466640040825219961e-03 6.301342064916008040e-03
1.854999999999999982e+00 1.234197890399023168e+00 8.065567845165708127e-02 4.543821113427396786e-03 6.408275886965561496e-03
1.860000000000000098e+00 1.235374849068715752e+00 8.159617827086122765e-02 4.622141462268421208e-03 6.516746613725565504e-03
1.864999999999999991e+00 1.236553427627077095e+00 8.254596257940655102e-02 4.701613321012203250e-03 6.626769790087264078e-03
1.870000000000000107e+00 1.237733614305851271e+00 8.350510884613940310e-02 4.782251964510915096e-03 6.738365351665798544e-03
1.875000000000000000e+00 1.238915397322829737e+00 8.447369196091923660e-02 4.864071649112419390e-03 6.851551689886796123e-03
1.880000000000000115e+00 1.240098764882095139e+00 8.545179427625575197e-02 4.947086157114141854e-03 6.966346531561593350e-03
1.885000000000000009e+00 1.241283705174272667e+00 8.643949336262002348e-02 5.031310611052675248e-03 7.082769432359766089e-03
1.890000000000000124e+00 1.242470206376787178e+00 8.743686403905581717e-02 5.116759075231800194e-03 7.200838497348935677e-03
1.895000000000000018e+00 1.243658256654124994e+00 8.844398881719314764e-02 5.203447572457672345e-03 7.320574490566655705e-03
1.900000000000000133e+00 1.244847844158103012e+00 8.946094995138544059e-02 5.291389202525578414e-03 7.441994019457889679e-03
1.905000000000000027e+00 1.246038957028144711e+00 9.048782997009026385e-02 5.380601537874438178e-03 7.565120056958441266e-03
1.910000000000000142e+00 1.247231583391559262e+00 9.152470133022419518e-02 5.471097942313945910e-03 7.689969524390799505e-03
1.915000000000000036e+00 1.248425711363831514e+00 9.257165639789570466e-02 5.562894425487927529e-03 7.816563000607731210e-03
1.919999999999999929e+00 1.249621329048912655e+00 9.362877497485164180e-02 5.656007147754298602e-03 7.944921450992075904e-03
1.925000000000000044e+00 1.250818424539521745e+00 9.469613725018941053e-02 5.750451153119505963e-03 8.075063951095718187e-03
1.929999999999999938e+00 1.252016985917450365e+00 9.577382545006825343e-02 5.846242906813993445e-03 8.207011775837637357e-03
1.935000000000000053e+00 1.253217001253874363e+00 9.686193444403137787e-02 5.943397740620783888e-03 8.340784466961709276e-03
1.939999999999999947e+00 1.254418458609672937e+00 9.796053928324878479e-02 6.041932424431730939e-03 8.476403545558248293e-03
1.945000000000000062e+00 1.255621346035752151e+00 9.906972497752072893e-02 6.141863915077280453e-03 8.613890830962351794e-03
1.949999999999999956e+00 1.256825651573374891e+00 1.001895861549568084e-01 6.243206629467833169e-03 8.753264422592834174e-03
1.955000000000000071e+00 1.258031363254499713e+00 1.013202029751702343e-01 6.345979172082405473e-03 8.894548388350641960e-03
1.959999999999999964e+00 1.259238469102119673e+00 1.024616603450299868e-01 6.450198971498555083e-03 9.037765176243288748e-03
1.965000000000000080e+00 1.260446957130616275e+00 1.036140579693199393e-01 6.555880884160812314e-03 9.182933281778053042e-03
1.969999999999999973e+00 1.261656815346111182e+00 1.047774710153885486e-01 6.663042638403229682e-03 9.330075445065191472e-03
1.975000000000000089e+00 1.262868031746829489e+00 1.059519992758863882e-01 6.771702136221920132e-03 9.479214555074250148e-03
1.979999999999999982e+00 1.264080594323466533e+00 1.071377228050853919e-01 6.881876054414288492e-03 9.630371751590371954e-03
1.985000000000000098e+00 1.265294491059563597e+00 1.083347412833786522e-01 6.993584041678676741e-03 9.783572431377266301e-03
1.989999999999999991e+00 1.266509709931886274e+00 1.095431349119476011e-01 7.106841679337916676e-03 9.938835935570900296e-03
1.995000000000000107e+00 1.267726238910813485e+00 1.107630133442703280e-01 7.221667520455536497e-03 1.009618599166062225e-02
2.000000000000000000e+00 1.268944065960727619e+00 1.119944467596160897e-01 7.338080328739839467e-03 1.025564646356375009e-02
2.004999999999999893e+00 1.270163179040415979e+00 1.132375399074146000e-01 7.456099025774766756e-03 1.041724159038500200e-02
2.010000000000000231e+00 1.271383566103475360e+00 1.144923828620519890e-01 7.575739767093799676e-03 1.058099130672341889e-02
2.015000000000000124e+00 1.272605215098723486e+00 1.157590802795054330e-01 7.697023288525444741e-03 1.074692239487361548e-02
2.020000000000000018e+00 1.273828113970618237e+00 1.170377123474630604e-01 7.819969051348633210e-03 1.091505954174047319e-02
2.024999999999999911e+00 1.275052250659680864e+00 1.183283838268601451e-01 7.944593677196468834e-03 1.108542336018452507e-02
2.030000000000000249e+00 1.276277613102927866e+00 1.196311847589847238e-01 8.070916930104053699e-03 1.125803895351638016e-02
2.035000000000000142e+00 1.277504189234306420e+00 1.209462199732346810e-01 8.198958788798844932e-03 1.143293162341057698e-02
2.040000000000000036e+00 1.278731966985139357e+00 1.222735843497748526e-01 8.328739410169753998e-03 1.161012701835827457e-02
2.044999999999999929e+00 1.279960934284574359e+00 1.236133680010782637e-01 8.460277586117597587e-03 1.178964863303124874e-02
2.049999999999999822e+00 1.281191079060038929e+00 1.249656757037959087e-01 8.593593833127856699e-03 1.197152239632580384e-02
2.055000000000000160e+00 1.282422389237703575e+00 1.263306074548210256e-01 8.728707273852035278e-03 1.215577232854842503e-02
2.060000000000000053e+00 1.283654852742951435e+00 1.277082679993284953e-01 8.865638797600267421e-03 1.234242480783352344e-02
2.064999999999999947e+00 1.284888457500850345e+00 1.290987475210320923e-01 9.004409473307627143e-03 1.253150648941462990e-02
2.069999999999999840e+00 1.286123191436637780e+00 1.305021508491628901e-01 9.145038956680827738e-03 1.272304179265239255e-02
2.075000000000000178e+00 1.287359042476205584e+00 1.319185877821521247e-01 9.287548696936986925e-03 1.291705783087889609e-02
2.080000000000000071e+00 1.288595998546594679e+00 1.333481533662879692e-01 9.431960348741089475e-03 1.311358195219930987e-02
2.084999999999999964e+00 1.289834047576496001e+00 1.347909573772826386e-01 9.578294089974547995e-03 1.331263925615649123e-02
2.089999999999999858e+00 1.291073177496757207e+00 1.362470949614394411e-01 9.726570280981139752e-03 1.351425505745090273e-02
2.095000000000000195e+00 1.292313376240894485e+00 1.377166809316839602e-01 9.876812814610398672e-03 1.371845962395341553e-02
2.100000000000000089e+00 1.293554631745612582e+00 1.391998152069078842e-01 1.002904242011555536e-02 1.392527884786561032e-02
2.104999999999999982e+00 1.294796931951329721e+00 1.406966026716339468e-01 1.018327998908046851e-02 1.413473864464926365e-02
2.109999999999999876e+00 1.296040264802710951e+00 1.422071583366256164e-01 1.033955007601181780e-02 1.434687001223363192e-02
2.115000000000000213e+00 1.297284618249205046e+00 1.437315869868605323e-01 1.049787394243677056e-02 1.456169943297215032e-02
2.120000000000000107e+00 1.298529980245588522e+00 1.452699887945412549e-01 1.065827307041884199e-02 1.477925344722673569e-02
2.125000000000000000e+00 1.299776338752518745e+00 1.468224883673817094e-01 1.082077085619437620e-02 1.499956127976192176e-02
2.129999999999999893e+00 1.301023681737088600e+00 1.483891856900662609e-01 1.098539092128012103e-02 1.522265259261782432e-02
2.135000000000000231e+00 1.302271997173391371e+00 1.499701909332070149e-01 1.115215706832457798e-02 1.544855715489890091e-02
2.140000000000000124e+00 1.303521273043090511e+00 1.515656188603040633e-01 1.132109157579559884e-02 1.567730234145205473e-02
2.145000000000000018e+00 1.304771497335994956e+00 1.531755793787198117e-01 1.149221866028422682e-02 1.590891849319704676e-02
2.149999999999999911e+00 1.306022658050641327e+00 1.548001973086630123e-01 1.166556094760783091e-02 1.614343344458593968e-02
2.155000000000000249e+00 1.307274743194883682e+00 1.564395627877885331e-01 1.184114307858061613e-02 1.638087786183856087e-02
2.160000000000000142e+00 1.308527740786487481e+00 1.580938155416443114e-01 1.201898991435122049e-02 1.662128284439205739e-02
2.165000000000000036e+00 1.309781638853730668e+00 1.597630556441137217e-01 1.219912468081728318e-02 1.686467673810448931e-02
2.169999999999999929e+00 1.311036425436011399e+00 1.614474078838632476e-01 1.238157455470603914e-02 1.711109385201865091e-02
2.175000000000000266e+00 1.312292088584462002e+00 1.631469772823771758e-01 1.256636125880320441e-02 1.736056041660084120e-02
2.180000000000000160e+00 1.313548616362568033e+00 1.648619036509982039e-01 1.275351243878430560e-02 1.761311102319717756e-02
2.185000000000000053e+00 1.314805996846795111e+00 1.665922820220656075e-01 1.294305017927273663e-02 1.786877248773151294e-02
2.189999999999999947e+00 1.316064218127219965e+00 1.683382472241903294e-01 1.313500452278031777e-02 1.812758262339024193e-02
2.194999999999999840e+00 1.317323268308171258e+00 1.700999092589620121e-01 1.332939799676963188e-02 1.838956876797248272e-02
2.200000000000000178e+00 1.318583135508872406e+00 1.718773979421970577e-01 1.352625518461045805e-02 1.865476083413167632e-02
2.205000000000000071e+00 1.319843807864092611e+00 1.736708233344411156e-01 1.372560691265272380e-02 1.892319758997060286e-02
2.209999999999999964e+00 1.321105273524805224e+00 1.754803153554655437e-01 1.392747625968886876e-02 1.919490713453556041e-02
2.214999999999999858e+00 1.322367520658849438e+00 1.773060036936770778e-01 1.413189052899871401e-02 1.946992265476022582e-02
2.220000000000000195e+00 1.323630537451601530e+00 1.791480083278183255e-01 1.433887720560995602e-02 1.974827863356378235e-02
2.225000000000000089e+00 1.324894312106648098e+00 1.810064493623719240e-01 1.454846405969596052e-02 2.003000896715198195e-02
2.229999999999999982e+00 1.326158832846469293e+00 1.828814565949596904e-01 1.476067498340307045e-02 2.031514210678936685e-02
2.234999999999999876e+00 1.327424087913126938e+00 1.847731599755488008e-01 1.497554231078940604e-02 2.060371912694766369e-02
2.240000000000000213e+00 1.328690065568957523e+00 1.866816892300968977e-01 1.519309034402115469e-02 2.089576872882069336e-02
2.245000000000000107e+00 1.329956754097271210e+00 1.886071545645660319e-01 1.541334774557955034e-02 2.119132617971325114e-02
2.250000000000000000e+00 1.331224141803060590e+00 1.905497058136648714e-01 1.563634344588541586e-02 2.149042707515385134e-02
2.254999999999999893e+00 1.332492217013710345e+00 1.925094726069199735e-01 1.586210446800570550e-02 2.179310400000279008e-02
2.260000000000000231e+00 1.333760968079716003e+00 1.944865752432296258e-01 1.609066236332656538e-02 2.209939635528424332e-02
2.265000000000000124e+00 1.335030383375409135e+00 1.964811434739743568e-01 1.632204463914171955e-02 2.240933707512130640e-02
2.270000000000000018e+00 1.336300451299685221e+00 1.984933271422895384e-01 1.655628117220910023e-02 2.272296279814793596e-02
2.274999999999999911e+00 1.337571160276742388e+00 2.005232462430737161e-01 1.679339995186844917e-02 2.304030721216505581e-02
2.280000000000000249e+00 1.338842498756821042e+00 2.025710407012356051e-01 1.703343131002938576e-02 2.336140745581567410e-02
2.285000000000000142e+00 1.340114455216953049e+00 2.046368404602038060e-01 1.727640588775813599e-02 2.368630106447306219e-02
2.290000000000000036e+00 1.341387018161716460e+00 2.067207951374062935e-01 1.752235235339340627e-02 2.401502246219513331e-02
2.294999999999999929e+00 1.342660176123993576e+00 2.088230250310006419e-01 1.777130407162076653e-02 2.434761247483434310e-02
2.300000000000000266e+00 1.343933917665737443e+00 2.109436897931528943e-01 1.802328790490919860e-02 2.468410321164040203e-02
2.305000000000000160e+00 1.345208231378743458e+00 2.130828996262084662e-01 1.827834005593654068e-02 2.502453961841275693e-02
2.310000000000000053e+00 1.346483105885426967e+00 2.152408240668811645e-01 1.853648555138048826e-02 2.536895060475889002e-02
2.314999999999999947e+00 1.347758529839606201e+00 2.174175832797033969e-01 1.879776115726135982e-02 2.571738153472778732e-02
2.319999999999999840e+00 1.349034491927291413e+00 2.196133368825500531e-01 1.906219462119169636e-02 2.606986568411931091e-02
2.325000000000000178e+00 1.350310980867478472e+00 2.218282150127865726e-01 1.932982097947854444e-02 2.642644535059263458e-02
2.330000000000000071e+00 1.351587985412951776e+00 2.240623676776970774e-01 1.960067081053201363e-02 2.678715748391678406e-02
2.334999999999999964e+00 1.352865494351088493e+00 2.263159443848010155e-01 1.987477732997220900e-02 2.715204227455072714e-02
2.339999999999999858e+00 1.354143496504671029e+00 2.285890754093763966e-01 2.015217397869778146e-02 2.752114012875808702e-02
2.345000000000000195e+00 1.355421980732705700e+00 2.308819204697799832e-01 2.043289211433822056e-02 2.789448818497075600e-02
2.350000000000000089e+00 1.356700935931243857e+00 2.331946295756652798e-01 2.071696572006088630e-02 2.827212770446200021e-02
2.354999999999999982e+00 1.357980351034212774e+00 2.355273425116704011e-01 2.100443156953411133e-02 2.865410337479760636e-02
2.359999999999999876e+00 1.359260215014249207e+00 2.378802093481485469e-01 2.129531679184809567e-02 2.904044648425438413e-02
2.365000000000000213e+00 1.360540516883539608e+00 2.402533996761754553e-01 2.158966366790672151e-02 2.943120940708808531e-02
2.370000000000000107e+00 1.361821245694665894e+00 2.426470436159434141e-01 2.188749727422893698e-02 2.982642032047663760e-02
2.375000000000000000e+00 1.363102390541456321e+00 2.450613010437298900e-01 2.218886311035048187e-02 3.022613579314062035e-02
2.379999999999999893e+00 1.364383940559842134e+00 2.474963318511628485e-01 2.249378668222123609e-02 3.063038443094722243e-02
2.385000000000000231e+00 1.365665884928720875e+00 2.499522857915121021e-01 2.280230903201246537e-02 3.103921646370036425e-02
2.390000000000000124e+00 1.366948212870820356e+00 2.524293130745308145e-01 2.311446641660415760e-02 3.145267568119160251e-02
2.395000000000000018e+00 1.368230913653576408e+00 2.549275833627351329e-01 2.343029017853945697e-02 3.187079802671006351e-02
2.399999999999999911e+00 1.369513976590007287e+00 2.574472464071544953e-01 2.374981710285764547e-02 3.229362787265316337e-02
2.405000000000000249e+00 1.370797391039600077e+00 2.599884624195873406e-01 2.407308421731186102e-02 3.272120931121926674e-02
2.410000000000000142e+00 1.372081146409197538e+00 2.625514009673920457e-01 2.440012893474310246e-02 3.315358694398196082e-02
2.415000000000000036e+00 1.373365232153893167e+00 2.651362122064489513e-01 2.473099426033505133e-02 3.359081339838891622e-02
2.419999999999999929e+00 1.374649637777930256e+00 2.677430658556552712e-01 2.506570749315344820e-02 3.403291866366963542e-02
2.425000000000000266e+00 1.375934352835608943e+00 2.703721216785111570e-01 2.540430680386681836e-02 3.447994831385636089e-02
2.430000000000000160e+00 1.377219366932191491e+00 2.730235401036915643e-01 2.574683613301299509e-02 3.493195606572058187e-02
2.435000000000000053e+00 1.378504669724822440e+00 2.756975002487523918e-01 2.609333444799758622e-02 3.538898796038882771e-02
2.439999999999999947e+00 1.379790250923445205e+00 2.783941525874706335e-01 2.644383536699572088e-02 3.585108275765069158e-02
2.444999999999999840e+00 1.381076100291728892e+00 2.811136769110056388e-01 2.679837835553335046e-02 3.631828727328527406e-02
2.450000000000000178e+00 1.382362207647998886e+00 2.838562328633451592e-01 2.715700315487717953e-02 3.679064854329038015e-02
2.455000000000000071e+00 1.383648562866170106e+00 2.866220104096788290e-01 2.751974979462405019e-02 3.726821418050783874e-02
2.459999999999999964e+00 1.384935155876690471e+00 2.894111594069290749e-01 2.788665869101131581e-02 3.775103201893511423e-02
2.464999999999999858e+00 1.386221976667483702e+00 2.922238696549275261e-01 2.825777058026924388e-02 3.823914993229280551e-02
2.470000000000000195e+00 1.387509015284901448e+00 2.950602913813029082e-01 2.863312064599374263e-02 3.873260857503341842e-02
2.475000000000000089e+00 1.388796261834676082e+00 2.979206241694622448e-01 2.901275600182707734e-02 3.923146444192592008e-02
2.479999999999999982e+00 1.390083706482882597e+00 3.008050378896998112e-01 2.939671246441747862e-02 3.973575859804572008e-02
2.484999999999999876e+00 1.391371339456903167e+00 3.037136925103578466e-01 2.978503784066389992e-02 4.024554883230470337e-02
2.490000000000000213e+00 1.392659151046396371e+00 3.066467975406907409e-01 3.017776258503028844e-02 4.076086808994773547e-02
2.495000000000000107e+00 1.393947131604270639e+00 3.096045034980394739e-01 3.057494112107419018e-02 4.128178333618987700e-02
2.500000000000000000e+00 1.395235271547664579e+00 3.125869998397368121e-01 3.097661043905066205e-02 4.180833630109762056e-02
2.504999999999999893e+00 1.396523561358930632e+00 3.155944862750443280e-01 3.138280773249688127e-02 4.234056922073150403e-02
2.510000000000000231e+00 1.397811991586621838e+00 3.186271131574440196e-01 3.179358865365360803e-02 4.287855040775483823e-02
2.515000000000000124e+00 1.399100552846486600e+00 3.216851096600941151e-01 3.220898494247575322e-02 4.342231435392208960e-02
2.520000000000000018e+00 1.400389235822465217e+00 3.247686064598299671e-01 3.262904078433025851e-02 4.397191233630570739e-02
2.524999999999999911e+00 1.401678031267691527e+00 3.278778426784660360e-01 3.305380685541137870e-02 4.452740490918865451e-02
2.530000000000000249e+00 1.402966930005501656e+00 3.310129786155606713e-01 3.348332185516367937e-02 4.508883613119441663e-02
2.535000000000000142e+00 1.404255922930439437e+00 3.341741940056407456e-01 3.391763726222129377e-02 4.565626778207346192e-02
2.540000000000000036e+00 1.405545001009279815e+00 3.373617086577580526e-01 3.435679238612307507e-02 4.622974366505799848e-02
2.544999999999999929e+00 1.406834155282040921e+00 3.405762521179754310e-01 3.480083451502610087e-02 4.680931930512060440e-02
2.550000000000000266e+00 1.408123376863012810e+00 3.438169307315804279e-01 3.524980072752764704e-02 4.739503575351754205e-02
2.555000000000000160e+00 1.409412656941783526e+00 3.470844784606921807e-01 3.570375173863106488e-02 4.798696734681717757e-02
2.560000000000000053e+00 1.410701986784272943e+00 3.503790849124328588e-01 3.616272165570873220e-02 4.858514937574417297e-02
2.564999999999999947e+00 1.411991357733769048e+00 3.537009404299442661e-01 3.662677070234049426e-02 4.918965646170948142e-02
2.569999999999999840e+00 1.413280761211968217e+00 3.570502640861211163e-01 3.709592697800601080e-02 4.980051514957940101e-02
2.575000000000000178e+00 1.414570188720020605e+00 3.604272462093509599e-01 3.757025146093911916e-02 5.041779959602615824e-02
2.580000000000000071e+00 1.415859631839580635e+00 3.638320965447446875e-01 3.804979261340615815e-02 5.104156555128703393e-02
2.584999999999999964e+00 1.417149082233858159e+00 3.672649850988214948e-01 3.853459243483797758e-02 5.167186065089987568e-02
2.589999999999999858e+00 1.418438531648677170e+00 3.707261514447349748e-01 3.902469994366064565e-02 5.230874115814797970e-02
2.595000000000000195e+00 1.419727971913536280e+00 3.742157955207360276e-01 3.952016456787287024e-02 5.295226373163031131e-02
2.600000000000000089e+00 1.421017394942674095e+00 3.777341170520452374e-01 4.002104287834089280e-02 5.360249502143944744e-02
2.604999999999999982e+00 1.422306792736138581e+00 3.812813160588918726e-01 4.052737135659517653e-02 5.425947431913039770e-02
2.609999999999999876e+00 1.423596157380858207e+00 3.848576321301800385e-01 4.103920733207416099e-02 5.492326842038146306e-02
2.615000000000000213e+00 1.424885481051721747e+00 3.884632060218555782e-01 4.155660166465095090e-02 5.559393675019646403e-02
2.620000000000000107e+00 1.426174756012655642e+00 3.920983556749808030e-01 4.207960564904460882e-02 5.627153724688772202e-02
2.625000000000000000e+00 1.427463974617710019e+00 3.957632028772230526e-01 4.260827094077544036e-02 5.695612953134963907e-02
2.629999999999999893e+00 1.428753129312145598e+00 3.994580064552270549e-01 4.314264246147028053e-02 5.764776282845136129e-02
2.635000000000000231e+00 1.430042212633526821e+00 4.031829661860913405e-01 4.368277251622119939e-02 5.834649742003365780e-02
2.640000000000000124e+00 1.431331217212814755e+00 4.069383221465213141e-01 4.422872096239877093e-02 5.905240339090446489e-02
2.645000000000000018e+00 1.432620135775467096e+00 4.107242740892614874e-01 4.478054101955221411e-02 5.976554129138955673e-02
2.649999999999999911e+00 1.433908961142540850e+00 4.145410420661179152e-01 4.533827901995363813e-02 6.048596249099001676e-02
2.655000000000000249e+00 1.435197686231796554e+00 4.183888651910663281e-01 4.590198152459814412e-02 6.121371711068444160e-02
2.660000000000000142e+00 1.436486304058808727e+00 4.222679640388355971e-01 4.647172473161095135e-02 6.194889842957182480e-02
2.665000000000000036e+00 1.437774807738079197e+00 4.261785579795205892e-01 4.704754131477342088e-02 6.269153800990605319e-02
2.669999999999999929e+00 1.439063190484150212e+00 4.301208471305938974e-01 4.762949372003603965e-02 6.344170800548719347e-02
2.675000000000000266e+00 1.440351445612727099e+00 4.340951111602636692e-01 4.821763738568346502e-02 6.419947116442521751e-02
2.680000000000000160e+00 1.441639566541798700e+00 4.381015498521251827e-01 4.881202816414020179e-02 6.496489132875681027e-02
2.685000000000000053e+00 1.442927546792763360e+00 4.421404028234127703e-01 4.941272239272200689e-02 6.573803221539722963e-02
2.689999999999999947e+00 1.444215379991559578e+00 4.462118902645414997e-01 5.001976908262935340e-02 6.651894700678460948e-02
2.694999999999999840e+00 1.445503059869796658e+00 4.503162713529611505e-01 5.063324053400184571e-02 6.730772155753575459e-02
2.700000000000000178e+00 1.446790580265890691e+00 4.544537665572934704e-01 5.125317906500057724e-02 6.810439860680625457e-02
2.705000000000000071e+00 1.448077935126202975e+00 4.586246152927814235e-01 5.187964239485973877e-02 6.890904459933887283e-02
2.709999999999999964e+00 1.449365118506182437e+00 4.628290376829925501e-01 5.251269655805072128e-02 6.972173525004221606e-02
2.714999999999999858e+00 1.450652124571508272e+00 4.670673130844155696e-01 5.315240038690340757e-02 7.054253610466762470e-02
2.720000000000000195e+00 1.451938947599239915e+00 4.713396616230800529e-01 5.379880510912948138e-02 7.137150392520760778e-02
2.725000000000000089e+00 1.453225581978965009e+00 4.756463228193976711e-01 5.445197024303573968e-02 7.220870400755254048e-02
2.729999999999999982e+00 1.454512022213955591e+00 4.799875568431951067e-01 5.511196369422918795e-02 7.305421560000546766e-02
2.734999999999999876e+00 1.455798262922322506e+00 4.843636031433896094e-01 5.577883791742892922e-02 7.390809522241614804e-02
2.740000000000000213e+00 1.457084298838174696e+00 4.887747015239890525e-01 5.645265370522465492e-02 7.477041019335736727e-02
2.745000000000000107e+00 1.458370124812782276e+00 4.932211513250548962e-01 5.713348039109266557e-02 7.564124121712584303e-02
2.750000000000000000e+00 1.459655735815740485e+00 4.977031334836457543e-01 5.782136338657221930e-02 7.652063280872405115e-02
2.754999999999999893e+00 1.460941126936137202e+00 5.022209467066427457e-01 5.851638108333750976e-02 7.740867880024315806e-02
2.760000000000000231e+00 1.462226293383724007e+00 5.067748313261698501e-01 5.921857963668156200e-02 7.830542443701699051e-02
2.765000000000000124e+00 1.463511230490086357e+00 5.113650667400189143e-01 5.992803855973391491e-02 7.921096322735081408e-02
2.770000000000000018e+00 1.464795933709824194e+00 5.159918732621262549e-01 6.064481293266369560e-02 8.012535483476672382e-02
2.774999999999999911e+00 1.466080398621724123e+00 5.206555695845053178e-01 6.136895829502270888e-02 8.104865715146032656e-02
2.780000000000000249e+00 1.467364620929943797e+00 5.253563568177311849e-01 6.210055573960467090e-02 8.198096608806945684e-02
2.785000000000000142e+00 1.468648596465194744e+00 5.300945337280913439e-01 6.283965315469210167e-02 8.292232835217225317e-02
2.790000000000000036e+00 1.469932321185927426e+00 5.348703608463583059e-01 6.358633271634683837e-02 8.387284172167630558e-02
2.794999999999999929e+00 1.471215791179520282e+00 5.396840971677985266e-01 6.434064304700949644e-02 8.483255280209471560e-02
2.800000000000000266e+00 1.472499002663467449e+00 5.445360230080562580e-01 6.510265885326792235e-02 8.580154772732151436e-02
2.805000000000000160e+00 1.473781951986576466e+00 5.494264174223533193e-01 6.587243790045752001e-02 8.677988788418780630e-02
2.810000000000000053e+00 1.475064635630160437e+00 5.543555212598421100e-01 6.665006479432945830e-02 8.776767045197712835e-02
2.814999999999999947e+00 1.476347050209237288e+00 5.593236530085791136e-01 6.743558948135414122e-02 8.876494633643858267e-02
2.819999999999999840e+00 1.477629192473728592e+00 5.643310535805519113e-01 6.822908877114193527e-02 8.977180132773175669e-02
2.825000000000000178e+00 1.478911059309663267e+00 5.693780417703487862e-01 6.903062211715575713e-02 9.078829921110800893e-02
2.830000000000000071e+00 1.480192647740382617e+00 5.744648577461034522e-01 6.984027640996559594e-02 9.181453956335157429e-02
2.834999999999999964e+00 1.481473954927746250e+00 5.795917817664452132e-01 7.065809401807851553e-02 9.285056096504237799e-02
2.839999999999999858e+00 1.482754978173340454e+00 5.847591325286572994e-01 7.148417190179458258e-02 9.389647738817821776e-02
2.845000000000000195e+00 1.484035714919693882e+00 5.899672098274888477e-01 7.231856226104226015e-02 9.495234089245573050e-02
2.850000000000000089e+00 1.485316162751484814e+00 5.952162544872269256e-01 7.316134514695586677e-02 9.601824053099375367e-02
2.854999999999999982e+00 1.486596319396762178e+00 6.005065654200812952e-01 7.401258245212875841e-02 9.709424214072379100e-02
2.859999999999999876e+00 1.487876182728162133e+00 6.058384622570992528e-01 7.487235532802194449e-02 9.818043688780650480e-02
2.865000000000000213e+00 1.489155750764126207e+00 6.112121855921907043e-01 7.574073616646703755e-02 9.927690239330629052e-02
2.870000000000000107e+00 1.490435021670126092e+00 6.166280741981068347e-01 7.661778825460288656e-02 1.003837049807399379e-01
2.875000000000000000e+00 1.491713993759884893e+00 6.220864480828856014e-01 7.750359433740816595e-02 1.015009372641017538e-01
2.879999999999999893e+00 1.492992665496607696e+00 6.275875867491836901e-01 7.839822830752579685e-02 1.026286791620152489e-01
2.885000000000000231e+00 1.494271035494205480e+00 6.331317902637880746e-01 7.930175483111269463e-02 1.037669974882726442e-01
2.890000000000000124e+00 1.495549102518527240e+00 6.387193185108722693e-01 8.021425822410933881e-02 1.049159871109066056e-01
2.895000000000000018e+00 1.496826865488593894e+00 6.443505310838961719e-01 8.113581391287957856e-02 1.060757285988013637e-01
2.899999999999999911e+00 1.498104323477830180e+00 6.500257073355784065e-01 8.206648790121322257e-02 1.072462916563546725e-01
2.905000000000000249e+00 1.499381475715303225e+00 6.557452267957869507e-01 8.300636635720030909e-02 1.084277694625362665e-01
2.910000000000000142e+00 1.500658321586958444e+00 6.615092903933798008e-01 8.395551616201206435e-02 1.096202326834595508e-01
2.915000000000000036e+00 1.501934860636862323e+00 6.673183164359771657e-01 8.491402466636131796e-02 1.108237764007715676e-01
2.919999999999999929e+00 1.503211092568443430e+00 6.731725451205807786e-01 8.588196967910752266e-02 1.120384860579111408e-01
2.925000000000000266e+00 1.504487017245737190e+00 6.790723361119082035e-01 8.685943967701932611e-02 1.132644597829435273e-01
2.930000000000000160e+00 1.505762634694630231e+00 6.850179701322188786e-01 8.784648345113858781e-02 1.145017400510129624e-01
2.935000000000000053e+00 1.507037945104112264e+00 6.910098449608998994e-01 8.884321085730013945e-02 1.157504525180497457e-01
2.939999999999999947e+00 1.508312948827522426e+00 6.970482018191231921e-01 8.984969172098523915e-02 1.170106685000732866e-01
2.944999999999999840e+00 1.509587646383803383e+00 7.031334203269807848e-01 9.086599638367262588e-02 1.182824617238875525e-01
2.950000000000000178e+00 1.510862038458753664e+00 7.092657990319871653e-01 9.189221608982453549e-02 1.195659310992694818e-01
2.955000000000000071e+00 1.512136125906285322e+00 7.154456989999193883e-01 9.292844293056744254e-02 1.208611782227987791e-01
2.959999999999999964e+00 1.513409909749681370e+00 7.216734389954053697e-01 9.397472783924226691e-02 1.221682469765036361e-01
2.964999999999999858e+00 1.514683391182853445e+00 7.279493390999566271e-01 9.503120581414745138e-02 1.234872985173856852e-01
2.970000000000000195e+00 1.515956571571605682e+00 7.342737982961279330e-01 9.609790783446613138e-02 1.248183464860471020e-01
2.975000000000000089e+00 1.517229452454897709e+00 7.406470575663479661e-01 9.717494916244852343e-02 1.261615256729773371e-01
2.979999999999999982e+00 1.518502035546109630e+00 7.470695559831843635e-01 9.826240366149843752e-02 1.275169111343012474e-01
2.984999999999999876e+00 1.519774322734309235e+00 7.535415928678868003e-01 9.936034565708858068e-02 1.288845740060321210e-01
2.990000000000000213e+00 1.521046316085523209e+00 7.600634878236431913e-01 1.004688928216951466e-01 1.302646518942330855e-01
2.995000000000000107e+00 1.522318017844006111e+00 7.666356416527163598e-01 1.015881206570615758e-01 1.316572211023441241e-01
3.000000000000000000e+00 1.523589430433515579e+00 7.732584126873370822e-01 1.027181051285983721e-01 1.330623563242302743e-01
3.004999999999999893e+00 1.524860556458587313e+00 7.799320618465569455e-01 1.038589222921525862e-01 1.344801342216730700e-01
3.010000000000000231e+00 1.526131398705811604e+00 7.866570678833785246e-01 1.050106929939648992e-01 1.359106934972635072e-01
3.015000000000000124e+00 1.527401960145112314e+00 7.934337303663177021e-01 1.061734948270818685e-01 1.373541102749978593e-01
3.020000000000000018e+00 1.528672243931031183e+00 8.002623902120701294e-01 1.073474055298252461e-01 1.388104646468947267e-01
3.024999999999999911e+00 1.529942253404009023e+00 8.071434260396264104e-01 1.085325485308709093e-01 1.402798939866284900e-01
3.030000000000000249e+00 1.531211992091669805e+00 8.140772378194518488e-01 1.097289576592818255e-01 1.417624188735438218e-01
3.035000000000000142e+00 1.532481463710112957e+00 8.210641846448372139e-01 1.109367803339241787e-01 1.432582071467076168e-01
3.040000000000000036e+00 1.533750672165198337e+00 8.281045478692460327e-01 1.121560738169321281e-01 1.447673093004216704e-01
3.044999999999999929e+00 1.535019621553841640e+00 8.351988456036488762e-01 1.133869644335737947e-01 1.462898697675804049e-01
3.050000000000000266e+00 1.536288316165307810e+00 8.423473579712513759e-01 1.146295105295398326e-01 1.478259356468306918e-01
3.055000000000000160e+00 1.537556760482504448e+00 8.495504841402929941e-01 1.158838166714838414e-01 1.493756202936464550e-01
3.060000000000000053e+00 1.538824959183287211e+00 8.568085855643156057e-01 1.171500117313327982e-01 1.509390707257317887e-01
3.064999999999999947e+00 1.540092917141751672e+00 8.641220998150229704e-01 1.184281319966369039e-01 1.525163002107678689e-01
3.070000000000000284e+00 1.541360639429545376e+00 8.714913476222128086e-01 1.197183075204028141e-01 1.541074566831737991e-01
3.075000000000000178e+00 1.542628131317168361e+00 8.789167684493593979e-01 1.210206458001095581e-01 1.557126585226598081e-01
3.080000000000000071e+00 1.543895398275281439e+00 8.863987616034226802e-01 1.223352317492822222e-01 1.573319858246009506e-01
3.084999999999999964e+00 1.545162445976019150e+00 8.939376086228942864e-01 1.236621741525278789e-01 1.589655581978033083e-01
3.089999999999999858e+00 1.546429280294300046e+00 9.015338663761511828e-01 1.250015589222504553e-01 1.606134562658392828e-01
3.095000000000000195e+00 1.547695907309144969e+00 9.091878167258679033e-01 1.263534721278585793e-01 1.622757652140618956e-01
3.100000000000000089e+00 1.548962333304992001e+00 9.168998983280751691e-01 1.277180490455112893e-01 1.639526383637719686e-01
3.104999999999999982e+00 1.550228564773019402e+00 9.246705112222505241e-01 1.290953528153536978e-01 1.656441259033085978e-01
3.109999999999999876e+00 1.551494608412467890e+00 9.325000947882072788e-01 1.304855203817037457e-01 1.673503804782809634e-01
3.115000000000000213e+00 1.552760471131968911e+00 9.403890088989181884e-01 1.318886405311532062e-01 1.690714896438774706e-01
3.120000000000000107e+00 1.554026160050869576e+00 9.483376935857574797e-01 1.333048272442993731e-01 1.708075756570645587e-01
3.125000000000000000e+00 1.555291682500568706e+00 9.563465483119887312e-01 1.347341704227724424e-01 1.725587246099015148e-01
3.129999999999999893e+00 1.556557046025848434e+00 9.644159331847792505e-01 1.361767604037906476e-01 1.743250230887272156e-01
3.135000000000000231e+00 1.557822258386214909e+00 9.725464068761062730e-01 1.376327385302210382e-01 1.761066301702994830e-01
3.140000000000000124e+00 1.559087327557234559e+00 9.807382902715112705e-01 1.391021966132975074e-01 1.779036335198916907e-01
3.145000000000000018e+00 1.560352261731882795e+00 9.889919825911314133e-01 1.405852525843126477e-01 1.797161569652405699e-01
3.149999999999999911e+00 1.561617069321888263e+00 9.973080422484419394e-01 1.420819736954870849e-01 1.815442558597963052e-01
3.155000000000000249e+00 1.562881758959084433e+00 1.005686791040329542e+00 1.435925305156250942e-01 1.833881258482115972e-01
3.160000000000000142e+00 1.564146339496760740e+00 1.014128627857878939e+00 1.451169656881512726e-01 1.852477853006056774e-01
3.165000000000000036e+00 1.565410820011023496e+00 1.022634073360539686e+00 1.466554517482520359e-01 1.871234368442639961e-01
3.169999999999999929e+00 1.566675209802153468e+00 1.031203604110952909e+00 1.482080584414602609e-01 1.890151304932550513e-01
3.175000000000000266e+00 1.567939518395971676e+00 1.039837543672645692e+00 1.497749078375640586e-01 1.909229984321062223e-01
3.180000000000000160e+00 1.569203755545205192e+00 1.048536409774174283e+00 1.513560966427164867e-01 1.928471297400963236e-01
3.185000000000000053e+00 1.570467931230861369e+00 1.057300602149387370e+00 1.529518018588895967e-01 1.947877317451926493e-01
3.189999999999999947e+00 1.571732055663601191e+00 1.066130680666540043e+00 1.545620687172417074e-01 1.967448191728511653e-01
3.195000000000000284e+00 1.572996139285118833e+00 1.075026926310350239e+00 1.561870222302507993e-01 1.987185265173084248e-01
3.200000000000000178e+00 1.574260192769525224e+00 1.083989937383348590e+00 1.578268158101382157e-01 2.007090224354751706e-01
3.205000000000000071e+00 1.575524227024737378e+00 1.093020114671451992e+00 1.594815498918306096e-01 2.027163992079195343e-01
3.209999999999999964e+00 1.576788253193867284e+00 1.102117897127921964e+00 1.611513250463277591e-01 2.047407565918771821e-01
3.214999999999999858e+00 1.578052282656617233e+00 1.111283804684746412e+00 1.628362701182765049e-01 2.067822254199208065e-01
3.220000000000000195e+00 1.579316327030685141e+00 1.120518276984223016e+00 1.645364871662003126e-01 2.088409015906805000e-01
3.225000000000000089e+00 1.580580398173165202e+00 1.129821755339597500e+00 1.662521341607234027e-01 2.109169602562274981e-01
3.229999999999999982e+00 1.581844508181959430e+00 1.139194796700096157e+00 1.679833148976323243e-01 2.130104993892715792e-01
3.234999999999999876e+00 1.583108669397191415e+00 1.148637802760492432e+00 1.697301616361700516e-01 2.151216548573215426e-01
3.240000000000000213e+00 1.584372894402625409e+00 1.158151292833433432e+00 1.714927794689422025e-01 2.172505255638331190e-01
3.245000000000000107e+00 1.585637196027092743e+00 1.167735708076102830e+00 1.732712738148656784e-01 2.193972099715924273e-01
3.250000000000000000e+00 1.586901587345919129e+00 1.177391565907906390e+00 1.750658075247511769e-01 2.215618879297427957e-01
3.254999999999999893e+00 1.588166081682362174e+00 1.187119387988472496e+00 1.768764880561278507e-01 2.237446575783780534e-01
3.260000000000000231e+00 1.589430692609048013e+00 1.196919495238431219e+00 1.787034519149318657e-01 2.259456588877414851e-01
3.265000000000000124e+00 1.590695433949419924e+00 1.206792642871891585e+00 1.805468364120823566e-01 2.281650353870003645e-01
3.270000000000000018e+00 1.591960319779189614e+00 1.216739155627129643e+00 1.824067218693131709e-01 2.304028488997552082e-01
3.274999999999999911e+00 1.593225364427793389e+00 1.226759591029633834e+00 1.842833056968740946e-01 2.326593223312930225e-01
3.280000000000000249e+00 1.594490582479856755e+00 1.236854390310517582e+00 1.861766696884711858e-01 2.349345159806099925e-01
3.285000000000000142e+00 1.595755988776664358e+00 1.247024150504926210e+00 1.880869250016860839e-01 2.372285355989142419e-01
3.290000000000000036e+00 1.597021598417631694e+00 1.257269394358515147e+00 1.900142725118383336e-01 2.395416072849651801e-01
3.294999999999999929e+00 1.598287426761794583e+00 1.267590480940765429e+00 1.919587959327790638e-01 2.418737956559906532e-01
3.300000000000000266e+00 1.599553489429289543e+00 1.277988130575014036e+00 1.939206387016779720e-01 2.442252466889395790e-01
3.305000000000000160e+00 1.600819802302856587e+00 1.288462702092426193e+00 1.958999757379803475e-01 2.465961494188013692e-01
3.310000000000000053e+00 1.602086381529337800e+00 1.299014796455322474e+00 1.978968620623291208e-01 2.489865275669364830e-01
3.314999999999999947e+00 1.603353243521186133e+00 1.309644893718533876e+00 1.999115047674829559e-01 2.513966106178495696e-01
3.320000000000000284e+00 1.604620404957985969e+00 1.320353553297808347e+00 2.019439900678811073e-01 2.538264699073144448e-01
3.325000000000000178e+00 1.605887882787973897e+00 1.331141295784580070e+00 2.039945281015774770e-01 2.562763353519210696e-01
3.330000000000000071e+00 1.607155694229572163e+00 1.342008719850332543e+00 2.060631755734001480e-01 2.587462367188223533e-01
3.334999999999999964e+00 1.608423856772927873e+00 1.352956306370707740e+00 2.081501451196295926e-01 2.612364005549569490e-01
3.339999999999999858e+00 1.609692388181460876e+00 1.363984576720242758e+00 2.102555251890213250e-01 2.637469111248926801e-01
3.345000000000000195e+00 1.610961306493419842e+00 1.375094128484692702e+00 2.123794685959385642e-01 2.662779058998948067e-01
3.350000000000000089e+00 1.612230630023444355e+00 1.386285482299194793e+00 2.145221595717505259e-01 2.688295939250414102e-01
3.354999999999999982e+00 1.613500377364142535e+00 1.397559200416634395e+00 2.166836895424007203e-01 2.714020391075910865e-01
3.359999999999999876e+00 1.614770567387667999e+00 1.408915801614192942e+00 2.188642772528056335e-01 2.739954849986449004e-01
3.365000000000000213e+00 1.616041219247312144e+00 1.420355884527613632e+00 2.210639835821746613e-01 2.766099587425285278e-01
3.370000000000000107e+00 1.617312352379102647e+00 1.431880050842517127e+00 2.232829973444901417e-01 2.792456619341078250e-01
3.375000000000000000e+00 1.618583986503417060e+00 1.443488821084329965e+00 2.255214768735450404e-01 2.819027538749065975e-01
3.379999999999999893e+00 1.619856141626595081e+00 1.455182753948871976e+00 2.277795817606128870e-01 2.845813953630065285e-01
3.385000000000000231e+00 1.621128838042573905e+00 1.466962372061552555e+00 2.300574397649667868e-01 2.872817030441103259e-01
3.390000000000000124e+00 1.622402096334521149e+00 1.478828432012285976e+00 2.323552127564972036e-01 2.900038333510916999e-01
3.395000000000000018e+00 1.623675937376488410e+00 1.490781297462471899e+00 2.346730293270551937e-01 2.927479155061006866e-01
3.399999999999999911e+00 1.624950382335069499e+00 1.502821726687366022e+00 2.370110866119727044e-01 2.955141470986342722e-01
3.405000000000000249e+00 1.626225452671069327e+00 1.514950161020360841e+00 2.393695495437913323e-01 2.983026935274362135e-01
3.410000000000000142e+00 1.627501170141188780e+00 1.527167319832086534e+00 2.417485167113774258e-01 3.011136352095374891e-01
3.415000000000000036e+00 1.628777556799715365e+00 1.539473724831102786e+00 2.441481882865265407e-01 3.039471783991311571e-01
3.419999999999999929e+00 1.630054635000228513e+00 1.551869936219364643e+00 2.465687319603936944e-01 3.068034969374472953e-01
3.425000000000000266e+00 1.631332427397314877e+00 1.564356633730205282e+00 2.490102836135292819e-01 3.096827020997209301e-01
3.430000000000000160e+00 1.632610956948298497e+00 1.576934455835925952e+00 2.514730466037573553e-01 3.125850214499155677e-01
3.435000000000000053e+00 1.633890246914980304e+00 1.589603846939322773e+00 2.539571239577659845e-01 3.155105263818079875e-01
3.439999999999999947e+00 1.635170320865392934e+00 1.602365604820041423e+00 2.564627225503428032e-01 3.184594295572761302e-01
3.445000000000000284e+00 1.636451202675564431e+00 1.615220209960673836e+00 2.589899804156926000e-01 3.214318683009625421e-01
3.450000000000000178e+00 1.637732916531301264e+00 1.628168384637561417e+00 2.615391074564816787e-01 3.244280516629615696e-01
3.455000000000000071e+00 1.639015486929979559e+00 1.641210608687583949e+00 2.641102445810010746e-01 3.274481069788656162e-01
3.459999999999999964e+00 1.640298938682350771e+00 1.654347681982247575e+00 2.667035682190918022e-01 3.304922156282197876e-01
3.464999999999999858e+00 1.641583296914366441e+00 1.667580085890934871e+00 2.693192564376666320e-01 3.335605547114182112e-01
3.470000000000000195e+00 1.642868587069010289e+00 1.680908541385504718e+00 2.719574889167388210e-01 3.366532965451884407e-01
3.475000000000000089e+00 1.644154834908149621e+00 1.694333608134260372e+00 2.746184106405659686e-01 3.397705644529942504e-01
3.479999999999999982e+00 1.645442066514400281e+00 1.707856046880734002e+00 2.773022021465814668e-01 3.429125504732373764e-01
3.484999999999999876e+00 1.646730308293007594e+00 1.721476458619384919e+00 2.800090467206235445e-01 3.460794300378671196e-01
3.490000000000000213e+00 1.648019586973742623e+00 1.735195444737877901e+00 2.827391281613136909e-01 3.492713774612578592e-01
3.495000000000000107e+00 1.649309929612814640e+00 1.749013567592062168e+00 2.854926681533531130e-01 3.524886333025599727e-01
3.500000000000000000e+00 1.650601363594798476e+00 1.762931625098544064e+00 2.882697434816690052e-01 3.557312316556620613e-01
3.504999999999999893e+00 1.651893916634581849e+00 1.776962753786127891e+00 2.910684213160872336e-01 3.589944449452216468e-01
3.510000000000000231e+00 1.653187616779326907e+00 1.791095389811680594e+00 2.938910044079326433e-01 3.622833037288184510e-01
3.515000000000000124e+00 1.654482492410449757e+00 1.805330261362938726e+00 2.967376815154916803e-01 3.655979992282895052e-01
3.520000000000000018e+00 1.655778572245619973e+00 1.819668178930456737e+00 2.996086443039187031e-01 3.689387056884850247e-01
3.524999999999999911e+00 1.657075885340773880e+00 1.834109629530275010e+00 3.025041212729586704e-01 3.723056744586802358e-01
3.530000000000000249e+00 1.658374461092151142e+00 1.848655423663490893e+00 3.054242696244500732e-01 3.756990313727012198e-01
3.535000000000000142e+00 1.659674329238346902e+00 1.863306212018613683e+00 3.083692457791266661e-01 3.791189216223274094e-01
3.540000000000000036e+00 1.660975519862385452e+00 1.878062720770499849e+00 3.113392829984694132e-01 3.825655873031352794e-01
3.544999999999999929e+00 1.662278063393811456e+00 1.892925525299397727e+00 3.143345789630294651e-01 3.860392215880599220e-01
3.550000000000000266e+00 1.663581990610803807e+00 1.907895428594062137e+00 3.173553331904166996e-01 3.895400049462942604e-01
3.555000000000000160e+00 1.664887332642308815e+00 1.922973087139502102e+00 3.204017063274923749e-01 3.930680930561020747e-01
3.560000000000000053e+00 1.666194120970192039e+00 1.938159386507920967e+00 3.234739387083540585e-01 3.966237279318787223e-01
3.564999999999999947e+00 1.667502387431416100e+00 1.953454820718121709e+00 3.265721936363451539e-01 4.002070604948613775e-01
3.570000000000000284e+00 1.668812164220237593e+00 1.968860119841826739e+00 3.296967148852686935e-01 4.038183285731380967e-01
3.575000000000000178e+00 1.670123483890425531e+00 1.984376094993529183e+00 3.328476686544024066e-01 4.074576860631989872e-01
3.580000000000000071e+00 1.671436379357503110e+00 2.000003399399366888e+00 3.360252610985474675e-01 4.111253327482367603e-01
3.584999999999999964e+00 1.672750883901015451e+00 2.015742841479765346e+00 3.392297407389067709e-01 4.148215180439904226e-01
3.589999999999999858e+00 1.674067031166816655e+00 2.031595074693957503e+00 3.424612764006222387e-01 4.185464048822543082e-01
3.595000000000000195e+00 1.675384855169382847e+00 2.047560908898606424e+00 3.457200403320324633e-01 4.223001229973967208e-01
3.600000000000000089e+00 1.676704390294149860e+00 2.063641001876389325e+00 3.490063641304436137e-01 4.260830547261528212e-01
3.604999999999999982e+00 1.678025671299876453e+00 2.079836160306793413e+00 3.523203413352452018e-01 4.298952438131450338e-01
3.609999999999999876e+00 1.679348733321033071e+00 2.096147120560784227e+00 3.556623089358484924e-01 4.337370563688795477e-01
3.615000000000000213e+00 1.680673611870211692e+00 2.112574615730581140e+00 3.590323624573553696e-01 4.376085298713622285e-01
3.620000000000000107e+00 1.682000342840573426e+00 2.129119379313151761e+00 3.624307595971796858e-01 4.415099437676636152e-01
3.625000000000000000e+00 1.683328962508309878e+00 2.145782144912215195e+00 3.658577612606057627e-01 4.454415671451085190e-01
3.629999999999999893e+00 1.684659507535143819e+00 2.162563803682856722e+00 3.693135485568522225e-01 4.494035426292452007e-01
3.635000000000000231e+00 1.685992014970846498e+00 2.179465014453145777e+00 3.727983850876028793e-01 4.533961488931807504e-01
3.640000000000000124e+00 1.687326522255794936e+00 2.196486589799016009e+00 3.763124537117440993e-01 4.574195459633586536e-01
3.645000000000000018e+00 1.688663067223552527e+00 2.213629263096879463e+00 3.798560221767998679e-01 4.614740085323789098e-01
3.649999999999999911e+00 1.690001688103477839e+00 2.230893774133280605e+00 3.834292755130712105e-01 4.655596979105924849e-01
3.655000000000000249e+00 1.691342423523365834e+00 2.248281013831178843e+00 3.870324858939805934e-01 4.696768859301975740e-01
3.660000000000000142e+00 1.692685312512123508e+00 2.265791879079813942e+00 3.906658397842495689e-01 4.738257497429999576e-01
3.665000000000000036e+00 1.694030394502469727e+00 2.283426868417101296e+00 3.943296987181167945e-01 4.780066727376381941e-01
3.669999999999999929e+00 1.695377709333675487e+00 2.301186955433252024e+00 3.980241680414029481e-01 4.822197134691078579e-01
3.675000000000000266e+00 1.696727297254325917e+00 2.319072799484907854e+00 4.017495257144663157e-01 4.864651563976954973e-01
3.680000000000000160e+00 1.698079198925130706e+00 2.337085376860924768e+00 4.055059651404885335e-01 4.907431697235638546e-01
3.685000000000000053e+00 1.699433455421752726e+00 2.355225348094986071e+00 4.092938561273558595e-01 4.950541522108990455e-01
3.689999999999999947e+00 1.700790108237682396e+00 2.373493762584088618e+00 4.131133067807666870e-01 4.993981715625581130e-01
3.695000000000000284e+00 1.702149199287140036e+00 2.391891048851893853e+00 4.169646920577811389e-01 5.037756239116588652e-01
3.700000000000000178e+00 1.703510770908022831e+00 2.410418260701482573e+00 4.208482107599015865e-01 5.081866988048722167e-01
3.705000000000000071e+00 1.704874865864877798e+00 2.429076297526843842e+00 4.247640652690745089e-01 5.126315568654720156e-01
3.709999999999999964e+00 1.706241527351919807e+00 2.447865740126246692e+00 4.287125454535660740e-01 5.171105092696715033e-01
3.714999999999999858e+00 1.707610798996081591e+00 2.466787645935019757e+00 4.326939457413623291e-01 5.216238473628759253e-01
3.720000000000000195e+00 1.708982724860113711e+00 2.485842756980842783e+00 4.367084721647118695e-01 5.261717515821903168e-01
3.725000000000000089e+00 1.710357349445704500e+00 2.505031816514488696e+00 4.407564217872489420e-01 5.307545235947520590e-01
3.729999999999999982e+00 1.711734717696661745e+00 2.524355880097079563e+00 4.448380942585436482e-01 5.353724763816997134e-01
3.734999999999999876e+00 1.713114875002117454e+00 2.543815693756821261e+00 4.489536089270534935e-01 5.400256708808223172e-01
3.740000000000000213e+00 1.714497867199787251e+00 2.563411998828524219e+00 4.531034519716753972e-01 5.447146618111003979e-01
3.745000000000000107e+00 1.715883740579261962e+00 2.583145697723316481e+00 4.572876544751333094e-01 5.494393804889484700e-01
3.750000000000000000e+00 1.717272541885350057e+00 2.603017693417374545e+00 4.615067070480040612e-01 5.542004031645550999e-01
3.754999999999999893e+00 1.718664318321458495e+00 2.623028809524731830e+00 4.657608280644747745e-01 5.589979119176042843e-01
3.760000000000000231e+00 1.720059117553022654e+00 2.643179947631081106e+00 4.700501432220953180e-01 5.638319729730892904e-01
3.765000000000000124e+00 1.721456987710977105e+00 2.663472016853905000e+00 4.743751521045855846e-01 5.687031711749099827e-01
3.770000000000000018e+00 1.722857977395276574e+00 2.683905678794808569e+00 4.787359844885808458e-01 5.736115596317858945e-01
3.774999999999999911e+00 1.724262135678464647e+00 2.704482080644162956e+00 4.831329579068272539e-01 5.785574679704527101e-01
3.780000000000000249e+00 1.725669512109285098e+00 2.725201887149497182e+00 4.875663919267987367e-01 5.835412281952125912e-01
3.785000000000000142e+00 1.727080156716347847e+00 2.746066005453394965e+00 4.920366093509461192e-01 5.885631674870692720e-01
3.790000000000000036e+00 1.728494120011841551e+00 2.767075421580929895e+00 4.965438403031714465e-01 5.936234877945743005e-01
3.794999999999999929e+00 1.729911452995299248e+00 2.788231046136222968e+00 5.010884116884384287e-01 5.987225188996846414e-01
3.800000000000000266e+00 1.731332207157411762e+00 2.809533545004265331e+00 5.056705552846931795e-01 6.038604726364107389e-01
3.805000000000000160e+00 1.732756434483898600e+00 2.830984069518101887e+00 5.102906999545091526e-01 6.090378145635111373e-01
3.810000000000000053e+00 1.734184187459427706e+00 2.852583443728185397e+00 5.149490828288995070e-01 6.142547528541147939e-01
3.814999999999999947e+00 1.735615519071593615e+00 2.874332424581889089e+00 5.196460389448354089e-01 6.195116430785075901e-01
3.820000000000000284e+00 1.737050482814948671e+00 2.896232076502900377e+00 5.243817117115037174e-01 6.248085484862054839e-01
3.825000000000000178e+00 1.738489132695088868e+00 2.918283316656738346e+00 5.291567365462795935e-01 6.301462263012083120e-01
3.830000000000000071e+00 1.739931523232801869e+00 2.940487050349765763e+00 5.339710595456953479e-01 6.355245087631371526e-01
3.834999999999999964e+00 1.741377709468272084e+00 2.962843957233778358e+00 5.388253275135452824e-01 6.409441129092123823e-01
3.839999999999999858e+00 1.742827746965340152e+00 2.985355266599419632e+00 5.437196865467817108e-01 6.464051555121866910e-01
3.845000000000000195e+00 1.744281691815829705e+00 3.008021811057218553e+00 5.486544876319057185e-01 6.519079916129802976e-01
3.850000000000000089e+00 1.745739600643932299e+00 3.030844425889946958e+00 5.536299823528632036e-01 6.574528413810450944e-01
3.854999999999999982e+00 1.747201530610656750e+00 3.053824111537341679e+00 5.586467289565314465e-01 6.630403362467793826e-01
3.859999999999999876e+00 1.748667539418339745e+00 3.076961697526138906e+00 5.637047784013377028e-01 6.686704635812215081e-01
3.865000000000000213e+00 1.750137685315223512e+00 3.100258345586089703e+00 5.688046978904733875e-01 6.743438261037439929e-01
3.870000000000000107e+00 1.751612027100100555e+00 3.123714732627514756e+00 5.739467477025275155e-01 6.800606712592588421e-01
3.875000000000000000e+00 1.753090624127023878e+00 3.147331934706357970e+00 5.791311886690271304e-01 6.858212477738780954e-01
3.879999999999999893e+00 1.754573536310083837e+00 3.171110949698802361e+00 5.843584927997981238e-01 6.916260648879922757e-01
3.885000000000000231e+00 1.756060824128258258e+00 3.195052618127942168e+00 5.896289276723395423e-01 6.974753600399669073e-01
3.890000000000000124e+00 1.757552548630337386e+00 3.219157868291479208e+00 5.949428656592222753e-01 7.033695273436789686e-01
3.895000000000000018e+00 1.759048771439909009e+00 3.243427849170281707e+00 6.003006814928560919e-01 7.093089636527584174e-01
3.899999999999999911e+00 1.760549554760425739e+00 3.267863412971543369e+00 6.057027576875442243e-01 7.152940175127084910e-01
3.905000000000000249e+00 1.762054961380348228e+00 3.292465319377432920e+00 6.111493661268928568e-01 7.213249857711309110e-01
3.910000000000000142e+00 1.763565054678360111e+00 3.317234656788476954e+00 6.166409993280699275e-01 7.274023820025978804e-01
3.915000000000000036e+00 1.765079898628665322e+00 3.342172424268610609e+00 6.221779371408983073e-01 7.335264719587604176e-01
3.919999999999999929e+00 1.766599557806353804e+00 3.367279789356278918e+00 6.277606775931801053e-01 7.396977946821624572e-01
3.925000000000000266e+00 1.768124097392861804e+00 3.392557441721056222e+00 6.333893953003333355e-01 7.459164950832066765e-01
3.930000000000000160e+00 1.769653583181507006e+00 3.418006386844265165e+00 6.390645978530756777e-01 7.521830810975508319e-01
3.935000000000000053e+00 1.771188081583099816e+00 3.443627634128205273e+00 6.447865715307961043e-01 7.584978465267476766e-01
3.939999999999999947e+00 1.772727659631656794e+00 3.469422117835274655e+00 6.505559364634768693e-01 7.648615086271186581e-01
3.945000000000000284e+00 1.774272384990179141e+00 3.495390998654412495e+00 6.563728785994381587e-01 7.712741836900374182e-01
3.950000000000000178e+00 1.775822325956536885e+00 3.521534977876680017e+00 6.622378052706934248e-01 7.777362842835446877e-01
3.955000000000000071e+00 1.777377551469432548e+00 3.547855385929394423e+00 6.681511262591349753e-01 7.842482434387380019e-01
3.959999999999999964e+00 1.778938131114458976e+00 3.574352840051902902e+00 6.741133646892579767e-01 7.908106469857307808e-01
3.965000000000000302e+00 1.780504135130244192e+00 3.601028509894399487e+00 6.801248276633263812e-01 7.974237678816666897e-01
3.970000000000000195e+00 1.782075634414699072e+00 3.627883490289459445e+00 6.861860443870346771e-01 8.040882210735111890e-01
3.975000000000000089e+00 1.783652700531359159e+00 3.654918646691381667e+00 6.922972151049004985e-01 8.108041136506219937e-01
3.979999999999999982e+00 1.785235405715812629e+00 3.682134832747943065e+00 6.984588773118028948e-01 8.175720484849448022e-01
3.984999999999999876e+00 1.786823822882243729e+00 3.709533389849132945e+00 7.046715734535974329e-01 8.243926301440983595e-01
3.990000000000000213e+00 1.788418025630066133e+00 3.737114858594073663e+00 7.109355058900255209e-01 8.312660325978933340e-01
3.995000000000000107e+00 1.790018088250662442e+00 3.764880585791620771e+00 7.172512262726730148e-01 8.381928303151832127e-01
4.000000000000000000e+00 1.791624085734228267e+00 3.792831741180237692e+00 7.236192895767808997e-01 8.451736431847799436e-01
