% raindrop T-matrix calculations using the code of Leinonen, J., "Python code for T-matrix scattering calculations". Available at https://github.com/jleinonen/pytmatrix/. 
% 
% refractive index calculations after Ray, P., 1972:  Broadband Complex Refractive Indices of Ice and Water, Appl. Opt. 11, 1836-1844 
% 
% raindrop aspect ratio estimated with the methodology of Brandes, Edward & Zhang, Guifu & Vivekanandan, Jothiram. (2005). Corrigendum. Journal of Applied Meteorology. 44. 186-. 10.1175/1520-0450(2005)44<186:C>2.0.CO;2. 
% 
% wave length: 31.228381 mm 
% temperature: 273.15 K 
% refractive index: 7.202554702758789062e+00 + 2.870918989181518555e+00 i 
% 
%r_eqv[mm]               axial ratio              ext[mm2]                 sca[mm2]                 back[mm2]
5.000000000000000104e-03 9.999900000999989436e-01 1.033859960025012673e-08 1.995379004653705865e-16 2.993058934596369418e-16
1.000000000000000021e-02 9.999900000999989436e-01 8.271974612154891756e-08 1.277047118086169565e-14 1.915545881599916341e-14
1.499999999999999944e-02 9.999900000999989436e-01 2.792407547989258565e-07 1.454644772404387088e-13 2.181903472406121400e-13
2.000000000000000042e-02 9.999900000999989436e-01 6.621086985964057246e-07 8.173214121494137574e-13 1.225918455346789259e-12
2.500000000000000139e-02 9.999900000999989436e-01 1.293695412354215286e-06 3.117866396374932527e-12 4.676419998646273671e-12
2.999999999999999889e-02 9.999900000999989436e-01 2.236592922142638922e-06 9.310017340260361909e-12 1.396339349264005745e-11
3.500000000000000333e-02 9.999900000999989436e-01 3.553668899878486570e-06 2.347673822659588926e-11 3.520950348900301642e-11
4.000000000000000083e-02 9.999900000999989436e-01 5.308122207554264300e-06 5.231147929631013708e-11 7.845090872876619681e-11
4.499999999999999833e-02 9.999900000999989436e-01 7.563539151320679812e-06 1.060524401607228195e-10 1.590368090309819600e-10
5.000000000000000278e-02 9.999900000999989436e-01 1.038395001496636990e-05 1.995607599354085998e-10 2.992439121050826227e-10
5.500000000000000028e-02 9.999900000999989436e-01 1.383388619379717745e-05 3.535426264650720681e-10 5.301055141238486613e-10
5.999999999999999778e-02 9.999900000999989436e-01 1.797843368182232605e-05 5.959154945116022056e-10 8.934551453523367726e-10
6.500000000000000222e-02 9.999900000999989436e-01 2.288329608038151307e-05 9.633185709782986294e-10 1.444184644902883808e-09
7.000000000000000666e-02 9.999900000999989436e-01 2.861484632266236635e-05 1.502766659500418047e-09 2.252714891656654415e-09
7.499999999999999722e-02 9.999900000999989436e-01 3.524018871638318615e-05 2.273450418944766160e-09 3.407683319704669914e-09
8.000000000000000167e-02 9.999900000999989436e-01 4.282721741912850621e-05 3.348678108643519043e-09 5.018840339623239781e-09
8.500000000000000611e-02 9.999900000999989436e-01 5.144466829271552975e-05 4.817964976559450223e-09 7.220163366290462152e-09
8.999999999999999667e-02 9.999900000999989436e-01 6.116218725504426969e-05 6.789264611957405713e-09 1.017317936700584700e-08
9.500000000000000111e-02 9.999900000999989436e-01 7.205038906829022932e-05 9.391348358146909020e-09 1.407050446516505365e-08
1.000000000000000056e-01 9.999900000999989436e-01 8.418090970953819225e-05 1.277632444964285129e-08 1.913958744488027116e-08
1.049999999999999961e-01 9.999900000999989436e-01 9.762647275909042360e-05 1.712230852918820955e-08 2.564667395385767500e-08
1.100000000000000006e-01 9.999900000999989436e-01 1.124609455566257183e-04 2.263624181958994572e-08 3.390098507941835058e-08
1.150000000000000050e-01 9.999900000999989436e-01 1.287594155440616899e-04 2.955683340577161408e-08 4.425907423542969408e-08
1.199999999999999956e-01 9.999900000999989436e-01 1.465982351392019546e-04 3.815768628415448274e-08 5.712945101037251044e-08
1.250000000000000000e-01 9.999900000999989436e-01 1.660550728255262576e-04 4.875052548595983684e-08 7.297734860087037355e-08
1.300000000000000044e-01 9.999900000999989436e-01 1.872090422054394770e-04 6.168862017157391052e-08 9.232977179251124635e-08
1.350000000000000089e-01 9.999900000999989436e-01 2.101406571244423345e-04 7.737030301068077901e-08 1.157806795692206028e-07
1.400000000000000133e-01 9.999900000999989436e-01 2.349320077489311690e-04 9.624266459610765124e-08 1.439964178982233752e-07
1.449999999999999900e-01 9.999900000999989436e-01 2.616667541117326658e-04 1.188054135277419323e-07 1.777213877031969934e-07
1.499999999999999944e-01 9.999900000999989436e-01 2.904302162214290493e-04 1.456147969337630579e-07 2.177837893219958050e-07
1.549999999999999989e-01 9.999900000999989436e-01 3.213094266720989477e-04 1.772878680899868381e-07 2.651018717551592761e-07
1.600000000000000033e-01 9.999900000999989436e-01 3.543932275055369720e-04 2.145065295945705836e-07 3.206898292793883219e-07
1.650000000000000078e-01 9.999900000999989436e-01 3.897722986770697654e-04 2.580222733663929061e-07 3.856647249566929138e-07
1.700000000000000122e-01 9.999900000999989436e-01 4.275392481625281795e-04 3.086604169976035218e-07 4.612526400718909408e-07
1.750000000000000167e-01 9.999900000999989436e-01 4.677887282436226464e-04 3.673251100761733990e-07 5.487959581748301342e-07
1.799999999999999933e-01 9.999900000999989436e-01 5.106174234002421606e-04 4.350041168977925805e-07 6.497602922566638639e-07
1.849999999999999978e-01 9.999900000999989436e-01 5.561241080011030324e-04 5.127736170432133942e-07 7.657414167725882021e-07
1.900000000000000022e-01 1.000338260324268314e+00 6.045526495988625022e-04 6.019590807577571796e-07 8.987064552179625251e-07
1.950000000000000067e-01 1.000344839311130496e+00 6.557350354855177995e-04 7.035488052330845442e-07 1.050113229422213669e-06
2.000000000000000111e-01 1.000357515291503407e+00 7.099094121378976985e-04 8.190505802865549568e-07 1.222195816633359769e-06
2.050000000000000155e-01 1.000376259251188893e+00 7.671846094939251300e-04 9.499508472241899358e-07 1.417152337241076550e-06
2.099999999999999922e-01 1.000401042453005207e+00 8.276718820597686339e-04 1.097852214505418192e-06 1.637350963064720391e-06
2.149999999999999967e-01 1.000431836433301802e+00 8.914853287237806383e-04 1.264480209168153214e-06 1.885339605403244821e-06
2.200000000000000011e-01 1.000468612998516083e+00 9.587416513586918517e-04 1.451688868242871737e-06 2.163853834706229577e-06
2.250000000000000056e-01 1.000511344221778787e+00 1.029560378048327779e-03 1.661466768901664497e-06 2.475825421638583084e-06
2.300000000000000100e-01 1.000560002439564444e+00 1.104063954806475383e-03 1.895944661236948192e-06 2.824393243657564977e-06
2.350000000000000144e-01 1.000614560248383578e+00 1.182377763484734499e-03 2.157400763923439763e-06 3.212910651351688048e-06
2.399999999999999911e-01 1.000674990501522643e+00 1.264630211292689385e-03 2.448268791296998445e-06 3.644956886076127433e-06
2.449999999999999956e-01 1.000741266305821942e+00 1.350952887025775196e-03 2.771143853975775786e-06 4.124345280347235631e-06
2.500000000000000000e-01 1.000813361018499714e+00 1.441480712193467803e-03 3.128790747358842554e-06 4.655134965476453710e-06
2.550000000000000044e-01 1.000891248244015541e+00 1.536351521956050899e-03 3.524149781050638079e-06 5.241638894913253754e-06
2.600000000000000089e-01 1.000974901830975039e+00 1.635707010450709658e-03 3.960345750666624411e-06 5.888436473725681802e-06
2.650000000000000133e-01 1.001064295869075416e+00 1.739692123590977010e-03 4.440695205289974923e-06 6.600383639093971521e-06
2.700000000000000178e-01 1.001159404686088994e+00 1.848455423691673476e-03 4.968712898119084738e-06 7.382621621847685823e-06
2.750000000000000222e-01 1.001260202844886926e+00 1.962149008950688986e-03 5.548122357509950230e-06 8.240591847859282841e-06
2.800000000000000266e-01 1.001366665140501100e+00 2.080929021227804696e-03 6.182860667182241112e-06 9.180042140787882267e-06
2.850000000000000311e-01 1.001478766597222014e+00 2.204954982348647161e-03 6.877091021169634566e-06 1.020704441926753381e-05
2.899999999999999800e-01 1.001596482465736404e+00 2.334390989823315748e-03 7.635207716890231425e-06 1.132800112090795965e-05
2.949999999999999845e-01 1.001719788220298835e+00 2.469404728235115570e-03 8.461845305041188189e-06 1.254965772279190301e-05
2.999999999999999889e-01 1.001848659555939935e+00 2.610167884486550884e-03 9.361891989565015602e-06 1.387912157392325324e-05
3.049999999999999933e-01 1.001983072385710605e+00 2.756856804351308452e-03 1.034048870853905139e-05 1.532385925618822041e-05
3.099999999999999978e-01 1.002123002837959964e+00 2.909652075834355707e-03 1.140304921581391167e-05 1.689172523043480301e-05
3.150000000000000022e-01 1.002268427253648841e+00 3.068738585198920680e-03 1.255526424887645188e-05 1.859096670940942164e-05
3.200000000000000067e-01 1.002419322183694117e+00 3.234305640824503090e-03 1.380311305710277079e-05 2.043023936413205724e-05
3.250000000000000111e-01 1.002575664386349930e+00 3.406547482422943827e-03 1.515286637215044300e-05 2.241861027381554647e-05
3.300000000000000155e-01 1.002737430824617970e+00 3.585662779370814290e-03 1.661111010479838731e-05 2.456559161372936300e-05
3.350000000000000200e-01 1.002904598663692415e+00 3.771855443330936371e-03 1.818474163382209405e-05 2.688113345297413090e-05
3.400000000000000244e-01 1.003077145268434833e+00 3.965334270059510391e-03 1.988098430230263462e-05 2.937564375716444364e-05
3.450000000000000289e-01 1.003255048200880628e+00 4.166312510026364165e-03 2.170740612181565839e-05 3.206001412087074740e-05
3.500000000000000333e-01 1.003438285217776782e+00 4.375009502527350477e-03 2.367192017464852486e-05 3.494561885777018308e-05
3.549999999999999822e-01 1.003626834268148693e+00 4.591649422501748595e-03 2.578280091865184270e-05 3.804433685656933488e-05
3.599999999999999867e-01 1.003820673490896542e+00 4.816461848984519151e-03 2.804868550806550022e-05 4.136855188309831750e-05
3.649999999999999911e-01 1.004019781212422524e+00 5.049681931068247982e-03 3.047861451019741224e-05 4.493121066335659878e-05
3.699999999999999956e-01 1.004224135944284502e+00 5.291550588886336295e-03 3.308199070682531012e-05 4.874575960633213462e-05
3.750000000000000000e-01 1.004433716380879638e+00 5.542314225416795047e-03 3.586865458263687639e-05 5.282625438881852133e-05
3.800000000000000044e-01 1.004648501397155336e+00 5.802225064040086866e-03 3.884884902783769766e-05 5.718730535490795769e-05
3.850000000000000089e-01 1.004868470046347273e+00 6.071542522146540499e-03 4.203323637344695459e-05 6.184410024627773610e-05
3.900000000000000133e-01 1.005093601557745631e+00 6.350530408350236501e-03 4.543294179485177610e-05 6.681246582503794988e-05
3.950000000000000178e-01 1.005323875334485528e+00 6.639460029065395730e-03 4.905952699110360685e-05 7.210882616162814457e-05
4.000000000000000222e-01 1.005559270951367434e+00 6.938608123715110827e-03 5.292504409353598422e-05 7.775027986943001880e-05
4.050000000000000266e-01 1.005799768152698448e+00 7.248259471577396008e-03 5.704199740469255431e-05 8.375454014784382273e-05
4.100000000000000311e-01 1.006045346850164002e+00 7.568703750378999798e-03 6.142339927190199696e-05 9.014001499342769717e-05
4.150000000000000355e-01 1.006295987120720881e+00 7.900238582116320823e-03 6.608278623524313868e-05 9.692582752315243076e-05
4.199999999999999845e-01 1.006551669204517108e+00 8.243168075140814080e-03 7.103418413707139254e-05 1.041317613471317926e-04
4.249999999999999889e-01 1.006812373502834479e+00 8.597803862482211734e-03 7.629216957733612168e-05 1.117783475621668041e-04
4.299999999999999933e-01 1.007078080576055967e+00 8.964464150806782106e-03 8.187186469241162904e-05 1.198868544053903072e-04
4.349999999999999978e-01 1.007348771141657329e+00 9.343475216240985579e-03 8.778896247695248760e-05 1.284793201365245770e-04
4.400000000000000022e-01 1.007624426072219359e+00 9.735169916017905739e-03 9.405973147708432272e-05 1.375785573471801433e-04
4.450000000000000067e-01 1.007905026393466796e+00 1.013988918734062133e-02 1.007010161197769105e-04 1.472081477848162219e-04
4.500000000000000111e-01 1.008190553282325652e+00 1.055798283112081848e-02 1.077303014797102829e-04 1.573925360137801957e-04
4.550000000000000155e-01 1.008480988065006079e+00 1.098980707268756331e-02 1.151656541280825100e-04 1.681569363855392376e-04
4.600000000000000200e-01 1.008776312215104998e+00 1.143572680599183600e-02 1.230258263851909041e-04 1.795274838557907380e-04
4.650000000000000244e-01 1.009076507351731156e+00 1.189611604907118807e-02 1.313302090598258791e-04 1.915311583880510943e-04
4.700000000000000289e-01 1.009381555237651273e+00 1.237135502715969518e-02 1.400988020335778292e-04 2.041957383331933368e-04
4.750000000000000333e-01 1.009691437777457068e+00 1.286183493523150242e-02 1.493523995918274842e-04 2.175500676641167438e-04
4.799999999999999822e-01 1.010006137015752481e+00 1.336795505631923654e-02 1.591124387582631375e-04 2.316238291494432519e-04
4.849999999999999867e-01 1.010325635135361333e+00 1.389012191931879477e-02 1.694010704969842402e-04 2.464476429681106725e-04
4.899999999999999911e-01 1.010649914455556075e+00 1.442875412614323151e-02 1.802411755369720406e-04 2.620530851255427297e-04
4.949999999999999956e-01 1.010978957430304748e+00 1.498427749493552209e-02 1.916564485324957138e-04 2.784728068588748382e-04
5.000000000000000000e-01 1.011312746646537475e+00 1.555712720562897090e-02 2.036713195491752560e-04 2.957404110595754951e-04
5.050000000000000044e-01 1.011651264822433394e+00 1.614774987205508730e-02 2.163110022520544555e-04 3.138905225014917717e-04
5.100000000000000089e-01 1.011994494805724676e+00 1.675659936371936068e-02 2.296015107971936180e-04 3.329587997583132917e-04
5.150000000000000133e-01 1.012342419572020980e+00 1.738414141672975366e-02 2.435696777704589094e-04 3.529819630395637721e-04
5.200000000000000178e-01 1.012695022223150554e+00 1.803085193969847927e-02 2.582432496146703105e-04 3.739979226168523734e-04
5.250000000000000222e-01 1.013052285985520662e+00 1.869721623623337922e-02 2.736507945851810830e-04 3.960456412565791211e-04
5.300000000000000266e-01 1.013414194208494434e+00 1.938373018139540743e-02 2.898217141308520573e-04 4.191651398358106173e-04
5.350000000000000311e-01 1.013780730362787486e+00 2.009090238374898821e-02 3.067864297057247515e-04 4.433977714121962164e-04
5.400000000000000355e-01 1.014151878038878962e+00 2.081924873635727230e-02 3.245761506885233225e-04 4.687858679459332156e-04
5.450000000000000400e-01 1.014527620945441466e+00 2.156929907951930098e-02 3.432231506784151425e-04 4.953731393995211302e-04
5.500000000000000444e-01 1.014907942907788518e+00 2.234159432417448521e-02 3.627605701716281219e-04 5.232043826952413688e-04
5.550000000000000488e-01 1.015292827866336012e+00 2.313668556358293091e-02 3.832226151396838851e-04 5.523257558414530061e-04
5.600000000000000533e-01 1.015682259875082316e+00 2.395513791639873255e-02 4.046444422000150054e-04 5.827846146984198058e-04
5.650000000000000577e-01 1.016076223100103704e+00 2.479752834405677883e-02 4.270622226228637996e-04 6.146295835325808711e-04
5.700000000000000622e-01 1.016474701818065096e+00 2.566444158299525588e-02 4.505133195176710980e-04 6.479108196988044065e-04
5.750000000000000666e-01 1.016877680414747243e+00 2.655648005617126245e-02 4.750358975548406261e-04 6.826794309921268081e-04
5.799999999999999600e-01 1.017285143383589441e+00 2.747425650831240157e-02 5.006695179525419946e-04 7.189883328815811813e-04
5.849999999999999645e-01 1.017697075324246692e+00 2.841839797008537810e-02 5.274546341380698632e-04 7.568915055353199733e-04
5.899999999999999689e-01 1.018113460941162618e+00 2.938954019022439051e-02 5.554329353670093422e-04 7.964444876927317864e-04
5.949999999999999734e-01 1.018534285042156151e+00 3.038834074713453112e-02 5.846473790953720523e-04 8.377044190567171575e-04
5.999999999999999778e-01 1.018959532537025314e+00 3.141546083632459907e-02 6.151417406854102878e-04 8.807293640099385281e-04
6.049999999999999822e-01 1.019389188436160998e+00 3.247158276048298792e-02 6.469614719973834941e-04 9.255795655290872601e-04
6.099999999999999867e-01 1.019823237849180497e+00 3.355739824295639329e-02 6.801528749905863362e-04 9.723162215278956157e-04
6.149999999999999911e-01 1.020261665983570154e+00 3.467361847571635153e-02 7.147638837908465914e-04 1.021002623978060431e-03
6.199999999999999956e-01 1.020704458143344873e+00 3.582096405143048862e-02 7.508433060726875472e-04 1.071703036840096967e-03
6.250000000000000000e-01 1.021151599727719406e+00 3.700017255042829800e-02 7.884416494277857136e-04 1.124483890992719615e-03
6.300000000000000044e-01 1.021603076229795626e+00 3.821199683180073747e-02 8.276104670070653967e-04 1.179412823400514346e-03
6.350000000000000089e-01 1.022058873235258902e+00 3.945720586798027313e-02 8.684027981991600861e-04 1.236559306318254538e-03
6.400000000000000133e-01 1.022518976421092685e+00 4.073657893402009289e-02 9.108730468432332632e-04 1.295994463975680324e-03
6.450000000000000178e-01 1.022983371554301524e+00 4.205092231169171857e-02 9.550770252700128927e-04 1.357791115506840106e-03
6.500000000000000222e-01 1.023452044490649859e+00 4.340104418169749012e-02 1.001072272344732256e-03 1.422024239683926383e-03
6.550000000000000266e-01 1.023924981173411908e+00 4.478777977682699835e-02 1.048917166083949233e-03 1.488769657319391222e-03
6.600000000000000311e-01 1.024402167632133542e+00 4.621197797340691193e-02 1.098672022770225999e-03 1.558105634929853652e-03
6.650000000000000355e-01 1.024883589981409493e+00 4.767450457770444627e-02 1.150398839179571061e-03 1.630112486141790636e-03
6.700000000000000400e-01 1.025369234419667430e+00 4.917624083757646952e-02 1.204160823005234618e-03 1.704871883837645813e-03
6.750000000000000444e-01 1.025859087227968924e+00 5.071808489245367008e-02 1.260022915000490705e-03 1.782467607936930216e-03
6.800000000000000488e-01 1.026353134768820174e+00 5.230095864149818946e-02 1.318051650481678492e-03 1.862985315096589824e-03
6.850000000000000533e-01 1.026851363484993174e+00 5.392579762297563389e-02 1.378315371150868468e-03 1.946512867408577759e-03
6.900000000000000577e-01 1.027353759898360641e+00 5.559355607247339764e-02 1.440883706135669910e-03 2.033139528979030497e-03
6.950000000000000622e-01 1.027860310608740946e+00 5.730520356907147644e-02 1.505828341256148844e-03 2.122957101168625963e-03
7.000000000000000666e-01 1.028371002292754355e+00 5.906173675669824236e-02 1.573222678705064794e-03 2.216059382631818415e-03
7.049999999999999600e-01 1.028885821702690384e+00 6.086416934073576868e-02 1.643141681872522511e-03 2.312541968347196688e-03
7.099999999999999645e-01 1.029404755665387139e+00 6.271352694326502719e-02 1.715662277407857712e-03 2.412502784517792272e-03
7.149999999999999689e-01 1.029927791081118427e+00 6.461086242775294919e-02 1.790863633561845091e-03 2.516042525628423617e-03
7.199999999999999734e-01 1.030454914922495746e+00 6.655725224852995781e-02 1.868825725250712090e-03 2.623262492936432461e-03
7.249999999999999778e-01 1.030986114233377604e+00 6.855378323703179011e-02 1.949631439533761664e-03 2.734267685001364519e-03
7.299999999999999822e-01 1.031521376127789047e+00 7.060156943968649845e-02 2.033365381272524055e-03 2.849165042799475626e-03
7.349999999999999867e-01 1.032060687788854958e+00 7.270175182833192584e-02 2.120113665995236683e-03 2.968063156265728173e-03
7.399999999999999911e-01 1.032604036467738684e+00 7.485547523087059119e-02 2.209964819011781597e-03 3.091073453615577563e-03
7.449999999999999956e-01 1.033151409482594651e+00 7.706392818863497252e-02 2.303009864158750159e-03 3.218310455230900119e-03
7.500000000000000000e-01 1.033702794217528753e+00 7.932830626607700886e-02 2.399340948140944469e-03 3.349889670341909577e-03
7.550000000000000044e-01 1.034258178121568061e+00 8.164983560756343406e-02 2.499053257317757591e-03 3.485930407095487894e-03
7.600000000000000089e-01 1.034817548707643198e+00 8.402976270420670080e-02 2.602242619970100701e-03 3.626552229689612283e-03
7.650000000000000133e-01 1.035380893551575587e+00 8.646935453628774859e-02 2.709009533412878173e-03 3.771880879990452493e-03
7.700000000000000178e-01 1.035948200291078702e+00 8.896990521453217171e-02 2.819454675948606867e-03 3.922041629617588343e-03
7.750000000000000222e-01 1.036519456624765523e+00 9.153273584545286445e-02 2.933681489098224210e-03 4.077163112355369767e-03
7.800000000000000266e-01 1.037094650311166655e+00 9.415918490101271576e-02 3.051796180782994326e-03 4.237377228595933486e-03
7.850000000000000311e-01 1.037673769167756666e+00 9.685062124989653187e-02 3.173907336145959275e-03 4.402818667725508749e-03
7.900000000000000355e-01 1.038256801069989743e+00 9.960844067284525816e-02 3.300124754246630630e-03 4.573623139138865978e-03
7.950000000000000400e-01 1.038843733950345127e+00 1.024340531998367970e-01 3.430562902147349727e-03 4.749932291997078539e-03
8.000000000000000444e-01 1.039434555797379867e+00 1.053289123935929467e-01 3.565336414345989056e-03 4.931887374139733334e-03
8.050000000000000488e-01 1.040029254654790458e+00 1.082944856261079530e-01 3.704564141415725518e-03 5.119634912253619510e-03
8.100000000000000533e-01 1.040627818620484257e+00 1.113322644243616155e-01 3.848366275992149040e-03 5.313322602233299351e-03
8.150000000000000577e-01 1.041230235845658436e+00 1.144437804605477338e-01 3.996866182960450570e-03 5.513101891644727956e-03
8.200000000000000622e-01 1.041836494533886492e+00 1.176305861901891098e-01 4.150190448468342105e-03 5.719128154587849872e-03
8.250000000000000666e-01 1.042446582940215416e+00 1.208942611167961589e-01 4.308467728090597214e-03 5.931558874029483307e-03
8.300000000000000711e-01 1.043060489370268407e+00 1.242364088071792327e-01 4.471829370043649450e-03 6.150554637780719647e-03
8.349999999999999645e-01 1.043678202179357140e+00 1.276586697781714186e-01 4.640409455711314891e-03 6.376279031365138239e-03
8.399999999999999689e-01 1.044299709771603135e+00 1.311627219649925957e-01 4.814345530266584371e-03 6.608899903643811365e-03
8.449999999999999734e-01 1.044925000599063569e+00 1.347502404142156829e-01 4.993778013988048499e-03 6.848588250881904732e-03
8.499999999999999778e-01 1.045554063160868408e+00 1.384229643512340513e-01 5.178848824852517671e-03 7.095516536251794334e-03
8.549999999999999822e-01 1.046186886002363758e+00 1.421826530723931670e-01 5.369705621601561681e-03 7.349864383918967153e-03
8.599999999999999867e-01 1.046823457714263217e+00 1.460310936170307050e-01 5.566495498268224720e-03 7.611809871673676578e-03
8.649999999999999911e-01 1.047463766931806317e+00 1.499700932925528696e-01 5.769372188954437208e-03 7.881539547097861712e-03
8.699999999999999956e-01 1.048107802333925420e+00 1.540015202362511604e-01 5.978490344018904008e-03 8.159240516790771530e-03
8.750000000000000000e-01 1.048755552642418598e+00 1.581272497050446035e-01 6.194009277527713804e-03 8.445105539714311063e-03
8.800000000000000044e-01 1.049407006621131844e+00 1.623491975737304804e-01 6.416089924822336588e-03 8.739328937110997508e-03
8.850000000000000089e-01 1.050062153075147497e+00 1.666693069893788737e-01 6.644898045555882628e-03 9.042110745599305291e-03
8.900000000000000133e-01 1.050720980849978670e+00 1.710895752999866681e-01 6.880601949691980516e-03 9.353653828556135127e-03
8.950000000000000178e-01 1.051383478830772988e+00 1.756119933381559139e-01 7.123374074360711190e-03 9.674166129508663878e-03
9.000000000000000222e-01 1.052049635941522787e+00 1.802386397306915966e-01 7.373389490235277011e-03 1.000385821931671151e-02
9.050000000000000266e-01 1.052719441144281065e+00 1.849715868392002860e-01 7.630825830671695426e-03 1.034294346069878322e-02
9.100000000000000311e-01 1.053392883438386107e+00 1.898129545449176725e-01 7.895867691541344144e-03 1.069164410470216896e-02
9.150000000000000355e-01 1.054069951859691656e+00 1.947649028992155251e-01 8.168700694626157902e-03 1.105018295804469086e-02
9.200000000000000400e-01 1.054750635479804632e+00 1.998296131517443841e-01 8.449515868409888594e-03 1.141878954298732041e-02
9.250000000000000444e-01 1.055434923405329073e+00 2.050093203817003884e-01 8.738506200379927980e-03 1.179769525481485538e-02
9.300000000000000488e-01 1.056122804777117841e+00 2.103062935623996599e-01 9.035868363119032090e-03 1.218713563591330463e-02
9.350000000000000533e-01 1.056814268769528553e+00 2.157228291445247026e-01 9.341804746576540600e-03 1.258735355340170892e-02
9.400000000000000577e-01 1.057509304589689725e+00 2.212612844031697779e-01 9.656521597087026898e-03 1.299859620446505888e-02
9.450000000000000622e-01 1.058207901476769797e+00 2.269240168393496238e-01 9.980227270238188966e-03 1.342111297006015440e-02
9.500000000000000666e-01 1.058910048701254603e+00 2.327134384377228804e-01 1.031313802778389792e-02 1.385516342125841550e-02
9.550000000000000711e-01 1.059615735564230832e+00 2.386320351072417079e-01 1.065546831234877312e-02 1.430100356412999929e-02
9.599999999999999645e-01 1.060324951396675930e+00 2.446822733765778579e-01 1.100744258875042091e-02 1.475890271504999227e-02
9.649999999999999689e-01 1.061037685558753330e+00 2.508667072358984340e-01 1.136928565416572313e-02 1.522912959429024299e-02
9.699999999999999734e-01 1.061753927439116119e+00 2.571879114498490382e-01 1.174123277314774623e-02 1.571196703031321751e-02
9.749999999999999778e-01 1.062473666454213594e+00 2.636484947607371510e-01 1.212351303582008197e-02 1.620768787217799836e-02
9.799999999999999822e-01 1.063196892047607145e+00 2.702511130682147544e-01 1.251637054142796905e-02 1.671658576193187432e-02
9.849999999999999867e-01 1.063923593689290348e+00 2.769984636438732051e-01 1.292004977267033512e-02 1.723895350260690532e-02
9.899999999999999911e-01 1.064653760875015509e+00 2.838932849420454096e-01 1.333479969681039372e-02 1.777508924726615980e-02
9.949999999999999956e-01 1.065387383125626419e+00 2.909383801673061654e-01 1.376087161648856423e-02 1.832529435199368312e-02
1.000000000000000000e+00 1.066124449986396217e+00 2.981365491186709904e-01 1.419852846833075978e-02 1.888988510169839485e-02
1.005000000000000115e+00 1.066864951026373021e+00 3.054906842576537440e-01 1.464806424196270392e-02 1.946922637213185578e-02
1.010000000000000009e+00 1.067608875837728233e+00 3.130036741859619775e-01 1.510971644963111406e-02 2.006359205315751820e-02
1.015000000000000124e+00 1.068356214035114826e+00 3.206784732625807544e-01 1.558376300245817997e-02 2.067331746690352981e-02
1.020000000000000018e+00 1.069106955255026969e+00 3.285180827745750043e-01 1.607048211663951107e-02 2.129873738453918336e-02
1.024999999999999911e+00 1.069861089155168976e+00 3.365255581372126326e-01 1.657015707935244331e-02 2.194019290407182507e-02
1.030000000000000027e+00 1.070618605413826918e+00 3.447039556644145297e-01 1.708307619852458825e-02 2.259803197254992360e-02
1.034999999999999920e+00 1.071379493729249344e+00 3.530564531069632084e-01 1.760953839582798247e-02 2.327261617881850458e-02
1.040000000000000036e+00 1.072143743819029771e+00 3.615861605155038516e-01 1.814984002721376291e-02 2.396430314570727541e-02
1.044999999999999929e+00 1.072911345419497398e+00 3.702963770022947854e-01 1.870429365815527711e-02 2.467347315948347636e-02
1.050000000000000044e+00 1.073682288285112474e+00 3.791903480946391403e-01 1.927320666210907349e-02 2.540049821761042326e-02
1.054999999999999938e+00 1.074456562187866782e+00 3.882713468973047477e-01 1.985689731540489153e-02 2.614576510201181356e-02
1.060000000000000053e+00 1.075234156916690775e+00 3.975427675215337797e-01 2.045568974721150707e-02 2.690966829944959823e-02
1.064999999999999947e+00 1.076015062276864054e+00 4.070080048398300732e-01 2.106991385097180258e-02 2.769261045818261283e-02
1.070000000000000062e+00 1.076799268089433603e+00 4.166705338625012467e-01 2.169990555579215386e-02 2.849500201080891471e-02
1.074999999999999956e+00 1.077586764190635593e+00 4.265338302902874079e-01 2.234600955384496990e-02 2.931726554892449127e-02
1.080000000000000071e+00 1.078377540431322945e+00 4.366014651001107194e-01 2.300857104540970574e-02 3.015982401682234734e-02
1.084999999999999964e+00 1.079171586676399119e+00 4.468770215445070360e-01 2.368794413883579947e-02 3.102311282896112049e-02
1.090000000000000080e+00 1.079968892804255898e+00 4.573641377809496977e-01 2.438449230359514969e-02 3.190758052368281028e-02
1.094999999999999973e+00 1.080769448706216718e+00 4.680665064290144284e-01 2.509858241688101357e-02 3.281368048216161404e-02
1.100000000000000089e+00 1.081573244285985780e+00 4.789878461979705238e-01 2.583058790494955140e-02 3.374187479200087963e-02
1.104999999999999982e+00 1.082380269459101152e+00 4.901319837624633635e-01 2.658088865034134024e-02 3.469263527193272578e-02
1.110000000000000098e+00 1.083190514152395201e+00 5.015026939305089471e-01 2.734987766942620357e-02 3.566645223327542108e-02
1.114999999999999991e+00 1.084003968303457022e+00 5.131039105963496327e-01 2.813794858103497651e-02 3.666381726104907257e-02
1.120000000000000107e+00 1.084820621860102863e+00 5.249395158976951636e-01 2.894549830859342518e-02 3.768522691528289337e-02
1.125000000000000000e+00 1.085640464779849657e+00 5.370135122863066712e-01 2.977294765665617834e-02 3.873121179358636479e-02
1.130000000000000115e+00 1.086463487029394992e+00 5.493299298072275016e-01 3.062070103301409857e-02 3.980228011433157437e-02
1.135000000000000009e+00 1.087289678584100638e+00 5.618927849619242965e-01 3.148918681092048588e-02 4.089897412913003766e-02
1.140000000000000124e+00 1.088119029427482509e+00 5.747062554477947449e-01 3.237884109616596257e-02 4.202184862074177796e-02
1.145000000000000018e+00 1.088951529550704622e+00 5.877744525857934166e-01 3.329009316706133675e-02 4.317144842004597832e-02
1.150000000000000133e+00 1.089787168952079055e+00 6.011016080827019659e-01 3.422340863381948678e-02 4.434837198666561481e-02
1.155000000000000027e+00 1.090625937636568565e+00 6.146919820989134031e-01 3.517922475956437173e-02 4.555317787323166084e-02
1.159999999999999920e+00 1.091467825615297427e+00 6.285498453108365746e-01 3.615801572233184880e-02 4.678647862512066991e-02
1.165000000000000036e+00 1.092312822905064262e+00 6.426796061204900212e-01 3.716024136425384594e-02 4.804886851297714839e-02
1.169999999999999929e+00 1.093160919527861763e+00 6.570856047121549359e-01 3.818639985997240166e-02 4.934099523038474461e-02
1.175000000000000044e+00 1.094012105510399513e+00 6.717722607003356883e-01 3.923696725000158647e-02 5.066347987060089431e-02
1.179999999999999938e+00 1.094866370883633921e+00 6.867441033106123083e-01 4.031243512204753243e-02 5.201696638136436845e-02
1.185000000000000053e+00 1.095723705682299487e+00 7.020056729551767960e-01 4.141331963545077932e-02 5.340213362121801893e-02
1.189999999999999947e+00 1.096584099944449830e+00 7.175614709626879639e-01 4.254013741646917035e-02 5.481966616759575972e-02
1.195000000000000062e+00 1.097447543710998508e+00 7.334161879267270256e-01 4.369340607459076820e-02 5.627025047172881655e-02
1.199999999999999956e+00 1.098314027025267592e+00 7.495744038324040348e-01 4.487365160542836767e-02 5.775458812038013201e-02
1.205000000000000071e+00 1.099183539932540254e+00 7.660408082578907818e-01 4.608143399175827770e-02 5.927343220244192523e-02
1.209999999999999964e+00 1.100056072479618674e+00 7.828202381692995759e-01 4.731728063444185645e-02 6.082749108059131576e-02
1.215000000000000080e+00 1.100931614714385054e+00 7.999174220960088011e-01 4.858177888260106769e-02 6.241756329069114012e-02
1.219999999999999973e+00 1.101810156685369746e+00 8.173370766588944347e-01 4.987547380393562296e-02 6.404438963389447181e-02
1.225000000000000089e+00 1.102691688441321372e+00 8.350841965122696164e-01 5.119896392011143854e-02 6.570879014003624952e-02
1.229999999999999982e+00 1.103576200030784493e+00 8.531636333289778218e-01 5.255283092731369288e-02 6.741156502808788586e-02
1.235000000000000098e+00 1.104463681501680172e+00 8.715802613219050254e-01 5.393767460620348120e-02 6.915354474225242354e-02
1.239999999999999991e+00 1.105354122900890967e+00 8.903391171807459870e-01 5.535410546591171266e-02 7.093557947199408131e-02
1.245000000000000107e+00 1.106247514273852595e+00 9.094451033874390022e-01 5.680275292869454984e-02 7.275854993538463655e-02
1.250000000000000000e+00 1.107143845664148030e+00 9.289033356363141092e-01 5.828423841103134995e-02 7.462333217285443965e-02
1.255000000000000115e+00 1.108043107113107384e+00 9.487188486681591426e-01 5.979921235422057391e-02 7.653084633580635454e-02
1.260000000000000009e+00 1.108945288659413109e+00 9.688967308279856638e-01 6.134832644381741501e-02 7.848202091739844843e-02
1.265000000000000124e+00 1.109850380338708309e+00 9.894420967471605488e-01 6.293223317170554276e-02 8.047779210157469942e-02
1.270000000000000018e+00 1.110758372183210829e+00 1.010360086973465243e+00 6.455162499306248136e-02 8.251915792709067776e-02
1.275000000000000133e+00 1.111669254221331116e+00 1.031655896691249019e+00 6.620717640757919908e-02 8.460709854444216360e-02
1.280000000000000027e+00 1.112583016477296738e+00 1.053334716919230862e+00 6.789959250638559485e-02 8.674264142209622830e-02
1.284999999999999920e+00 1.113499648970778022e+00 1.075401740417007757e+00 6.962957994892933489e-02 8.892682816930498613e-02
1.290000000000000036e+00 1.114419141716522343e+00 1.097862213509458007e+00 7.139786695522436222e-02 9.116073356327522581e-02
1.294999999999999929e+00 1.115341484723989307e+00 1.120721404632642360e+00 7.320517300336489008e-02 9.344543053642460906e-02
1.300000000000000044e+00 1.116266667996994588e+00 1.143984612698859982e+00 7.505226030107453594e-02 9.578206052678019111e-02
1.304999999999999938e+00 1.117194681533353773e+00 1.167657106268241929e+00 7.693988252188688204e-02 9.817176199756649790e-02
1.310000000000000053e+00 1.118125515324534858e+00 1.191744179399275128e+00 7.886880503111687313e-02 1.006156964270470411e-01
1.314999999999999947e+00 1.119059159355313193e+00 1.216251178516839726e+00 8.083980524794463773e-02 1.031150556885629260e-01
1.320000000000000062e+00 1.119995603603431533e+00 1.241183290801850303e+00 8.285369525630879861e-02 1.056710876752170875e-01
1.324999999999999956e+00 1.120934838039265857e+00 1.266546098278897636e+00 8.491127852622956662e-02 1.082850387511611473e-01
1.330000000000000071e+00 1.121876852625492305e+00 1.292344734215465696e+00 8.701338114388493250e-02 1.109581997553816118e-01
1.334999999999999964e+00 1.122821637316764765e+00 1.318584616484920646e+00 8.916083207872906036e-02 1.136918737194692608e-01
1.340000000000000080e+00 1.123769182059389804e+00 1.345270926674249745e+00 9.135448346030120015e-02 1.164874116878941573e-01
1.344999999999999973e+00 1.124719476791012696e+00 1.372409296114486477e+00 9.359520302135077019e-02 1.193461970228077151e-01
1.350000000000000089e+00 1.125672511440304557e+00 1.400004661850455134e+00 9.588386955613911744e-02 1.222696393586561042e-01
1.354999999999999982e+00 1.126628275926654377e+00 1.428062677562886185e+00 9.822135372149726207e-02 1.252591548992984805e-01
1.360000000000000098e+00 1.127586760159866808e+00 1.456588490657529933e+00 1.006085867879894097e-01 1.283162545938633103e-01
1.364999999999999991e+00 1.128547954039863965e+00 1.485587350064547341e+00 1.030464905731113406e-01 1.314424508668870228e-01
1.370000000000000107e+00 1.129511847456391438e+00 1.515064585561532340e+00 1.055359764657763794e-01 1.346392585908418871e-01
1.375000000000000000e+00 1.130478430288730518e+00 1.545025415837772753e+00 1.080780069119599701e-01 1.379082772751190067e-01
1.380000000000000115e+00 1.131447692405412875e+00 1.575475030267018628e+00 1.106735467027314401e-01 1.412511276063566912e-01
1.385000000000000009e+00 1.132419623663941444e+00 1.606418725885389476e+00 1.133235631507250041e-01 1.446694475730440632e-01
1.390000000000000124e+00 1.133394213910515980e+00 1.637861551628227552e+00 1.160290761077968080e-01 1.481649670710669386e-01
1.395000000000000018e+00 1.134371452979762385e+00 1.669808636719898098e+00 1.187910823673279659e-01 1.517394047724547057e-01
1.400000000000000133e+00 1.135351330694467364e+00 1.702265162816313016e+00 1.216106210538512034e-01 1.553945481529867556e-01
1.405000000000000027e+00 1.136333836865317526e+00 1.735236169954575303e+00 1.244886917063484089e-01 1.591321553591449889e-01
1.409999999999999920e+00 1.137318961290643582e+00 1.768726487597416686e+00 1.274264174089092538e-01 1.629541756732288127e-01
1.415000000000000036e+00 1.138306693756168331e+00 1.802741338082768596e+00 1.304248306916484801e-01 1.668624480734542948e-01
1.419999999999999929e+00 1.139297024034760630e+00 1.837285379630735571e+00 1.334850033574849770e-01 1.708588923440063356e-01
1.425000000000000044e+00 1.140289941886192482e+00 1.872363616288811983e+00 1.366081109937814508e-01 1.749455902877609659e-01
1.429999999999999938e+00 1.141285437056903218e+00 1.907980700373161032e+00 1.397952020026989317e-01 1.791244680820357760e-01
1.435000000000000053e+00 1.142283499279765024e+00 1.944141441923539215e+00 1.430474853206157859e-01 1.833976985560855644e-01
1.439999999999999947e+00 1.143284118273856675e+00 1.980850430392371742e+00 1.463660705476952373e-01 1.877673428826404090e-01
1.445000000000000062e+00 1.144287283744239936e+00 2.018112254826208929e+00 1.497521724490274431e-01 1.922356289517979655e-01
1.449999999999999956e+00 1.145292985381740625e+00 2.055931498405229707e+00 1.532069639869488298e-01 1.968047457979379689e-01
1.455000000000000071e+00 1.146301212862736563e+00 2.094312524572136347e+00 1.567316333812994733e-01 2.014769405043471406e-01
1.459999999999999964e+00 1.147311955848947074e+00 2.133259589902718023e+00 1.603274476497669188e-01 2.062545872219252174e-01
1.465000000000000080e+00 1.148325203987230259e+00 2.172777103872034932e+00 1.639956631372757045e-01 2.111400717947599093e-01
1.469999999999999973e+00 1.149340946909383598e+00 2.212869099269202611e+00 1.677374886528039399e-01 2.161357415774849411e-01
1.475000000000000089e+00 1.150359174231948334e+00 2.253539492242884190e+00 1.715542775568006106e-01 2.212441740315106709e-01
1.479999999999999982e+00 1.151379875556021837e+00 2.294792625467922509e+00 1.754472766253240279e-01 2.264678276898672016e-01
1.485000000000000098e+00 1.152403040467071982e+00 2.336631984164724951e+00 1.794178428044355678e-01 2.318093388532359300e-01
1.489999999999999991e+00 1.153428658534756623e+00 2.379061473463657705e+00 1.834672902143601458e-01 2.372713197801833707e-01
1.495000000000000107e+00 1.154456719312749513e+00 2.422084777139794642e+00 1.875969828265917072e-01 2.428564695911564209e-01
1.500000000000000000e+00 1.155487212338569769e+00 2.465705147017500209e+00 1.918083356690042374e-01 2.485676055010676011e-01
1.505000000000000115e+00 1.156520127133416675e+00 2.509926316331362983e+00 1.961027202982556505e-01 2.544075054596936503e-01
1.510000000000000009e+00 1.157555453202008700e+00 2.554751148382132797e+00 2.004815545659522635e-01 2.603790470389114042e-01
1.515000000000000124e+00 1.158593180032429393e+00 2.600183200791099214e+00 2.049462823387492305e-01 2.664851742172635318e-01
1.520000000000000018e+00 1.159633297095975069e+00 2.646225174144571923e+00 2.094983254774175629e-01 2.727288306473307222e-01
1.525000000000000133e+00 1.160675793847010029e+00 2.692879966967143712e+00 2.141392353920771874e-01 2.791131848452832465e-01
1.530000000000000027e+00 1.161720659722826676e+00 2.740150106849524647e+00 2.188704384673029468e-01 2.856412523968771544e-01
1.535000000000000142e+00 1.162767884143507846e+00 2.788038374988239365e+00 2.236934912219509797e-01 2.923162765799481866e-01
1.540000000000000036e+00 1.163817456511797577e+00 2.836547391505185089e+00 2.286098984358012065e-01 2.991414472030927141e-01
1.544999999999999929e+00 1.164869366212974766e+00 2.885678916327786059e+00 2.336212884096969256e-01 3.061201826867969156e-01
1.550000000000000044e+00 1.165923602614732379e+00 2.935435337856351357e+00 2.387291694806387699e-01 3.132557577192068288e-01
1.554999999999999938e+00 1.166980155067061542e+00 2.985818668553095190e+00 2.439351804264696388e-01 3.205516666387158153e-01
1.560000000000000053e+00 1.168039012902141183e+00 3.036830378942457553e+00 2.492409776376925401e-01 3.280114671566935480e-01
1.564999999999999947e+00 1.169100165434231231e+00 3.088472304016985692e+00 2.546481281650616602e-01 3.356386318838454064e-01
1.570000000000000062e+00 1.170163601959574473e+00 3.140745694351987805e+00 2.601583308078554424e-01 3.434368494519611237e-01
1.574999999999999956e+00 1.171229311756297298e+00 3.193651993351438456e+00 2.657732720274964544e-01 3.514098322642655869e-01
1.580000000000000071e+00 1.172297284084322211e+00 3.247192165294119803e+00 2.714946537136880278e-01 3.595613567563966662e-01
1.584999999999999964e+00 1.173367508185281460e+00 3.301366901762651906e+00 2.773242402576308052e-01 3.678953260804660452e-01
1.590000000000000080e+00 1.174439973282435989e+00 3.356177309978039869e+00 2.832637429818351538e-01 3.764155989397429680e-01
1.594999999999999973e+00 1.175514668580601496e+00 3.411623474739827966e+00 2.893149678821106408e-01 3.851262180902848553e-01
1.600000000000000089e+00 1.176591583266077601e+00 3.467706063889400170e+00 2.954797084261408524e-01 3.940312369872735476e-01
1.604999999999999982e+00 1.177670706506583453e+00 3.524425207199724852e+00 3.017597345362237338e-01 4.031347250269372018e-01
1.610000000000000098e+00 1.178752027451198003e+00 3.581780432518451462e+00 3.081569611474481163e-01 4.124409938664818087e-01
1.614999999999999991e+00 1.179835535230304933e+00 3.639772015366658398e+00 3.146732070562245354e-01 4.219542586906891435e-01
1.620000000000000107e+00 1.180921218955544472e+00 3.698399152356786956e+00 3.213103901896848247e-01 4.316789155386744903e-01
1.625000000000000000e+00 1.182009067719768769e+00 3.757661298829747309e+00 3.280703685265998759e-01 4.416193137411922875e-01
1.630000000000000115e+00 1.183099070597002811e+00 3.817557478163388751e+00 3.349551067670569204e-01 4.517799966290346747e-01
1.635000000000000009e+00 1.184191216642411337e+00 3.878087027012094623e+00 3.419665549815525396e-01 4.621655285748031416e-01
1.640000000000000124e+00 1.185285494892271307e+00 3.939248205497892119e+00 3.491066747440737528e-01 4.727805253339937841e-01
1.645000000000000018e+00 1.186381894363947032e+00 4.001039968352498200e+00 3.563775065402455255e-01 4.836297620508424044e-01
1.650000000000000133e+00 1.187480404055874628e+00 4.063460501356242816e+00 3.637810639210939390e-01 4.947180120347259291e-01
1.655000000000000027e+00 1.188581012947548476e+00 4.126508709451598200e+00 3.713193263716814130e-01 5.060500219819321632e-01
1.660000000000000142e+00 1.189683709999514560e+00 4.190180992286085093e+00 3.789944607930363918e-01 5.176308966885981855e-01
1.665000000000000036e+00 1.190788484153369131e+00 4.254476112953087252e+00 3.868085470230562262e-01 5.294656089791855980e-01
1.669999999999999929e+00 1.191895324331762041e+00 4.319391220637783135e+00 3.947636372232646851e-01 5.415591448317768064e-01
1.675000000000000044e+00 1.193004219438406732e+00 4.384923994187462704e+00 4.028619614152454953e-01 5.539167849134783994e-01
1.679999999999999938e+00 1.194115158358093565e+00 4.451071579943937095e+00 4.111056228436046900e-01 5.665436638672779468e-01
1.685000000000000053e+00 1.195228129956711127e+00 4.517830785830365237e+00 4.194968442223291349e-01 5.794451353099939750e-01
1.689999999999999947e+00 1.196343123081270665e+00 4.585198529388999411e+00 4.280377775176092969e-01 5.926264765645778976e-01
1.695000000000000062e+00 1.197460126559938276e+00 4.653171075151184333e+00 4.367307415388546055e-01 6.060932551962555648e-01
1.699999999999999956e+00 1.198579129202069993e+00 4.721745331860820905e+00 4.455779906097526721e-01 6.198509666636666804e-01
1.705000000000000071e+00 1.199700119798254416e+00 4.790917445184429191e+00 4.545817446086040658e-01 6.339051046312916826e-01
1.709999999999999964e+00 1.200823087120360011e+00 4.860683020846807700e+00 4.637443422841705520e-01 6.482613695257497533e-01
1.715000000000000080e+00 1.201948019921588173e+00 4.931038418887055741e+00 4.730681643083932131e-01 6.629255540410224912e-01
1.719999999999999973e+00 1.203074906936531852e+00 5.001979027061556060e+00 4.825555484798780270e-01 6.779034235698714328e-01
1.725000000000000089e+00 1.204203736881238829e+00 5.073500650430039727e+00 4.922088136650305534e-01 6.932007421660070223e-01
1.729999999999999982e+00 1.205334498453282777e+00 5.145598352394970654e+00 5.020304572848419689e-01 7.088235834512960354e-01
1.735000000000000098e+00 1.206467180331836975e+00 5.218267712919073986e+00 5.120229017728841203e-01 7.247779266755862704e-01
1.739999999999999991e+00 1.207601771177756689e+00 5.291503788784797102e+00 5.221885335850193766e-01 7.410697327295093784e-01
1.745000000000000107e+00 1.208738259633664436e+00 5.365301403687911197e+00 5.325299878093402439e-01 7.577053661715789090e-01
1.750000000000000000e+00 1.209876634324042799e+00 5.439654967958526655e+00 5.430495804668045157e-01 7.746907436163193994e-01
1.755000000000000115e+00 1.211016883855332349e+00 5.514560047010276023e+00 5.537499012715457747e-01 7.920322028295621042e-01
1.760000000000000009e+00 1.212158996816034451e+00 5.590010400290186254e+00 5.646336524484713015e-01 8.097362997684987018e-01
1.765000000000000124e+00 1.213302961776821398e+00 5.666000630058392495e+00 5.757032325112441118e-01 8.278091422296934843e-01
1.770000000000000018e+00 1.214448767290650766e+00 5.742525028521530572e+00 5.869614104574066848e-01 8.462574259563356849e-01
1.775000000000000133e+00 1.215596401892885980e+00 5.819578185403995185e+00 5.984106383875208435e-01 8.650873864362186305e-01
1.780000000000000027e+00 1.216745854101423552e+00 5.897153642606962620e+00 6.100537290690738468e-01 8.843058354866503157e-01
1.785000000000000142e+00 1.217897112416823635e+00 5.975246105554789189e+00 6.218933096737255806e-01 9.039193107767523605e-01
1.790000000000000036e+00 1.219050165322449919e+00 6.053848781477234375e+00 6.339321261835427768e-01 9.239345676322088252e-01
1.794999999999999929e+00 1.220205001284612623e+00 6.132955726321555723e+00 6.461729681642197631e-01 9.443584242428179065e-01
1.800000000000000044e+00 1.221361608752716377e+00 6.212561225096212780e+00 6.586184139038406826e-01 9.651974061022244866e-01
1.804999999999999938e+00 1.222519976159418986e+00 6.292658703165433742e+00 6.712714221470061915e-01 9.864586335609690781e-01
1.810000000000000053e+00 1.223680091920789526e+00 6.373242107006692692e+00 6.841348707464359746e-01 1.008149114882198383e+00
1.814999999999999947e+00 1.224841944436477315e+00 6.454304862319126812e+00 6.972113967800313006e-01 1.030275502324782932e+00
1.820000000000000062e+00 1.226005522089884225e+00 6.535840505142558321e+00 7.105040533103281764e-01 1.052845104723240333e+00
1.824999999999999956e+00 1.227170813248343206e+00 6.617842873944576709e+00 7.240155396814269562e-01 1.075864684898437007e+00
1.830000000000000071e+00 1.228337806263303689e+00 6.700305620083066849e+00 7.377489712746002626e-01 1.099341662149201815e+00
1.834999999999999964e+00 1.229506489470522324e+00 6.783222815145535378e+00 7.517072364739793011e-01 1.123283105656902370e+00
1.840000000000000080e+00 1.230676851190258825e+00 6.866587023046895943e+00 7.658933550313238303e-01 1.147696305390386362e+00
1.844999999999999973e+00 1.231848879727479362e+00 6.950393074753635325e+00 7.803102910042225560e-01 1.172588462049979352e+00
1.850000000000000089e+00 1.233022563372064173e+00 7.034633656102465160e+00 7.949611239862538481e-01 1.197966963418541253e+00
1.854999999999999982e+00 1.234197890399023168e+00 7.119303488043094319e+00 8.098487313224492778e-01 1.223838866534665781e+00
1.860000000000000098e+00 1.235374849068715752e+00 7.204395689753201992e+00 8.249765365128705064e-01 1.250212108238383246e+00
1.864999999999999991e+00 1.236553427627077095e+00 7.289904248126551245e+00 8.403474565421423792e-01 1.277093809225522847e+00
1.870000000000000107e+00 1.237733614305851271e+00 7.375823251866937547e+00 8.559645812840762646e-01 1.304491376277996162e+00
1.875000000000000000e+00 1.238915397322829737e+00 7.462146474696001341e+00 8.718312944917948615e-01 1.332412652929925612e+00
1.880000000000000115e+00 1.240098764882095139e+00 7.548868673595700685e+00 8.879506185319540057e-01 1.360864922735888660e+00
1.885000000000000009e+00 1.241283705174272667e+00 7.635983302904942427e+00 9.043258540066302364e-01 1.389855910383393178e+00
1.890000000000000124e+00 1.242470206376787178e+00 7.723485114136851237e+00 9.209603584460102077e-01 1.419393390902085272e+00
1.895000000000000018e+00 1.243658256654124994e+00 7.811368235168993479e+00 9.378573647394675694e-01 1.449484960125812183e+00
1.900000000000000133e+00 1.244847844158103012e+00 7.899627217010817937e+00 9.550201427259530362e-01 1.480138266492402321e+00
1.905000000000000027e+00 1.246038957028144711e+00 7.988257757245077251e+00 9.724520086774413041e-01 1.511360998619254215e+00
1.910000000000000142e+00 1.247231583391559262e+00 8.077253218509683919e+00 9.901565687254604287e-01 1.543161284866390481e+00
1.915000000000000036e+00 1.248425711363831514e+00 8.166609951702891834e+00 1.008137069893230597e+00 1.575546699424153818e+00
1.919999999999999929e+00 1.249621329048912655e+00 8.256322326605641138e+00 1.026397038041119147e+00 1.608525219610674073e+00
1.925000000000000044e+00 1.250818424539521745e+00 8.346385783863302876e+00 1.044939763036752289e+00 1.642104464179319434e+00
1.929999999999999938e+00 1.252016985917450365e+00 8.436796640517103540e+00 1.063769032519461311e+00 1.676292754000765939e+00
1.935000000000000053e+00 1.253217001253874363e+00 8.527549929113009242e+00 1.082888337533825851e+00 1.711098018626826534e+00
1.939999999999999947e+00 1.254418458609672937e+00 8.618641762428847386e+00 1.102301059380816683e+00 1.746527913564518419e+00
1.945000000000000062e+00 1.255621346035752151e+00 8.710068043223367695e+00 1.122010925529453695e+00 1.782590671400115845e+00
1.949999999999999956e+00 1.256825651573374891e+00 8.801825554629324699e+00 1.142021705748562654e+00 1.819294538793573945e+00
1.955000000000000071e+00 1.258031363254499713e+00 8.893910865277366185e+00 1.162336731143593260e+00 1.856647053592042296e+00
1.959999999999999964e+00 1.259238469102119673e+00 8.986321199874558019e+00 1.182960173966844941e+00 1.894657073304973682e+00
1.965000000000000080e+00 1.260446957130616275e+00 9.079053154636287815e+00 1.203895417040374172e+00 1.933332182989406567e+00
1.969999999999999973e+00 1.261656815346111182e+00 9.172103740260753924e+00 1.225146370400269413e+00 1.972680768477072855e+00
1.975000000000000089e+00 1.262868031746829489e+00 9.265471303332258657e+00 1.246716681021038386e+00 2.012710764575138533e+00
1.979999999999999982e+00 1.264080594323466533e+00 9.359153316525798516e+00 1.268610506178416975e+00 2.053430913934874091e+00
1.985000000000000098e+00 1.265294491059563597e+00 9.453147705861534078e+00 1.290831549606193951e+00 2.094849213845214386e+00
1.989999999999999991e+00 1.266509709931886274e+00 9.547453686682848328e+00 1.313383565419744770e+00 2.136973626497108647e+00
1.995000000000000107e+00 1.267726238910813485e+00 9.642068558860316330e+00 1.336270821167838463e+00 2.179813111594598674e+00
2.000000000000000000e+00 1.268944065960727619e+00 9.736992431305829143e+00 1.359496987856348316e+00 2.223375386934750786e+00
2.004999999999999893e+00 1.270163179040415979e+00 9.832224139407060193e+00 1.383066261723669976e+00 2.267669176892855187e+00
2.010000000000000231e+00 1.271383566103475360e+00 9.927763368761000962e+00 1.406982718970167578e+00 2.312702882068725430e+00
2.015000000000000124e+00 1.272605215098723486e+00 1.002360985233360147e+01 1.431250305255603150e+00 2.358484721814268159e+00
2.020000000000000018e+00 1.273828113970618237e+00 1.011976330376846711e+01 1.455873338652425852e+00 2.405023473150242452e+00
2.024999999999999911e+00 1.275052250659680864e+00 1.021622474599758235e+01 1.480855861641197313e+00 2.452327378882076303e+00
2.030000000000000249e+00 1.276277613102927866e+00 1.031299374397578283e+01 1.506201896403745355e+00 2.500404734007407370e+00
2.035000000000000142e+00 1.277504189234306420e+00 1.041007285345341415e+01 1.531916149852909914e+00 2.549264753450362520e+00
2.040000000000000036e+00 1.278731966985139357e+00 1.050746249033055157e+01 1.558002372553679349e+00 2.598915265238453287e+00
2.044999999999999929e+00 1.279960934284574359e+00 1.060516484089351508e+01 1.584465334490611443e+00 2.649365512979416248e+00
2.049999999999999822e+00 1.281191079060038929e+00 1.070318164029393593e+01 1.611309068299606739e+00 2.700623635576596016e+00
2.055000000000000160e+00 1.282422389237703575e+00 1.080151445935138277e+01 1.638538026067618114e+00 2.752698446882583472e+00
2.060000000000000053e+00 1.283654852742951435e+00 1.090016614673617568e+01 1.666156739709596657e+00 2.805598812825789157e+00
2.064999999999999947e+00 1.284888457500850345e+00 1.099914064521620105e+01 1.694169603563663751e+00 2.859333287153533742e+00
2.069999999999999840e+00 1.286123191436637780e+00 1.109843958054136159e+01 1.722581177288073695e+00 2.913910738813546786e+00
2.075000000000000178e+00 1.287359042476205584e+00 1.119806736083827303e+01 1.751395954029589141e+00 2.969339872468509167e+00
2.080000000000000071e+00 1.288595998546594679e+00 1.129802735975079209e+01 1.780618632603061524e+00 3.025629704344590110e+00
2.084999999999999964e+00 1.289834047576496001e+00 1.139832445102292624e+01 1.810253587102069295e+00 3.082788692758483329e+00
2.089999999999999858e+00 1.291073177496757207e+00 1.149896311307793262e+01 1.840305824548023717e+00 3.140826234080869028e+00
2.095000000000000195e+00 1.292313376240894485e+00 1.159994613023677523e+01 1.870779736325365317e+00 3.199750847455102853e+00
2.100000000000000089e+00 1.293554631745612582e+00 1.170128079887747319e+01 1.901680092215605633e+00 3.259571453809086972e+00
2.104999999999999982e+00 1.294796931951329721e+00 1.180297166936582443e+01 1.933012022983623401e+00 3.320297661028298819e+00
2.109999999999999876e+00 1.296040264802710951e+00 1.190502373721791152e+01 1.964780108461402275e+00 3.381938081452463774e+00
2.115000000000000213e+00 1.297284618249205046e+00 1.200744459428732291e+01 1.996989041236601148e+00 3.444501475944183433e+00
2.120000000000000107e+00 1.298529980245588522e+00 1.211023884436409936e+01 2.029644081923681842e+00 3.507997603159505484e+00
2.125000000000000000e+00 1.299776338752518745e+00 1.221341371268131049e+01 2.062750215511599983e+00 3.572435663328588085e+00
2.129999999999999893e+00 1.301023681737088600e+00 1.231697639970058766e+01 2.096312014002196467e+00 3.637824064127894275e+00
2.135000000000000231e+00 1.302271997173391371e+00 1.242093333843939362e+01 2.130334741183993241e+00 3.704172596573922061e+00
2.140000000000000124e+00 1.303521273043090511e+00 1.252529180668625131e+01 2.164823698310538891e+00 3.771490731319821599e+00
2.145000000000000018e+00 1.304771497335994956e+00 1.263006038384066443e+01 2.199783435425278988e+00 3.839787017404262759e+00
2.149999999999999911e+00 1.306022658050641327e+00 1.273524688933563986e+01 2.235219812905500536e+00 3.909071803193508998e+00
2.155000000000000249e+00 1.307274743194883682e+00 1.284085863763096214e+01 2.271137854950767920e+00 3.979354429382348179e+00
2.160000000000000142e+00 1.308527740786487481e+00 1.294690563779028736e+01 2.307542237815034536e+00 4.050643183033090899e+00
2.165000000000000036e+00 1.309781638853730668e+00 1.305339485161204927e+01 2.344438963355905514e+00 4.122948851804715709e+00
2.169999999999999929e+00 1.311036425436011399e+00 1.316033720439972754e+01 2.381832840059254774e+00 4.196280124221736685e+00
2.175000000000000266e+00 1.312292088584462002e+00 1.326774143644243154e+01 2.419730041396856546e+00 4.270647960578541458e+00
2.180000000000000160e+00 1.313548616362568033e+00 1.337561595988320562e+01 2.458134878497592268e+00 4.346060064726120942e+00
2.185000000000000053e+00 1.314805996846795111e+00 1.348397216169887791e+01 2.497053722176446389e+00 4.422527735702948881e+00
2.189999999999999947e+00 1.316064218127219965e+00 1.359281847671857690e+01 2.536491946674238829e+00 4.500060609048684768e+00
2.194999999999999840e+00 1.317323268308171258e+00 1.370216684354016046e+01 2.576454572311047908e+00 4.578667335797358184e+00
2.200000000000000178e+00 1.318583135508872406e+00 1.381202746960229355e+01 2.616947626510629288e+00 4.658358722469484015e+00
2.205000000000000071e+00 1.319843807864092611e+00 1.392240973828745609e+01 2.657977107086139767e+00 4.739145213069612339e+00
2.209999999999999964e+00 1.321105273524805224e+00 1.403332569308437705e+01 2.699547734991656345e+00 4.821035222318895030e+00
2.214999999999999858e+00 1.322367520658849438e+00 1.414478735576107482e+01 2.741666195476698320e+00 4.904040237408638703e+00
2.220000000000000195e+00 1.323630537451601530e+00 1.425680466447726680e+01 2.784337715319713524e+00 4.988169632309013224e+00
2.225000000000000089e+00 1.324894312106648098e+00 1.436938890728511531e+01 2.827568062777124247e+00 5.073433288017465514e+00
2.229999999999999982e+00 1.326158832846469293e+00 1.448255349682928639e+01 2.871363171849512952e+00 5.159841584391176461e+00
2.234999999999999876e+00 1.327424087913126938e+00 1.459630979032473874e+01 2.915729452893192519e+00 5.247405713434660335e+00
2.240000000000000213e+00 1.328690065568957523e+00 1.471066872583714691e+01 2.960672323181450238e+00 5.336135018641306793e+00
2.245000000000000107e+00 1.329956754097271210e+00 1.482564473409680872e+01 3.006197897867682212e+00 5.426040164480817829e+00
2.250000000000000000e+00 1.331224141803060590e+00 1.494124970403265529e+01 3.052312768737777571e+00 5.517132350231670479e+00
2.254999999999999893e+00 1.332492217013710345e+00 1.505749556174664505e+01 3.099022001468008991e+00 5.609420536206975783e+00
2.260000000000000231e+00 1.333760968079716003e+00 1.517439600421119117e+01 3.146332370110600074e+00 5.702916257445700410e+00
2.265000000000000124e+00 1.335030383375409135e+00 1.529196301374240363e+01 3.194250110582160129e+00 5.797630394064920978e+00
2.270000000000000018e+00 1.336300451299685221e+00 1.541021209890393528e+01 3.242781100517866388e+00 5.893572937618460017e+00
2.274999999999999911e+00 1.337571160276742388e+00 1.552915450184311652e+01 3.291931628622418060e+00 5.990754715380953499e+00
2.280000000000000249e+00 1.338842498756821042e+00 1.564880321089543891e+01 3.341708697400520567e+00 6.089187940430452528e+00
2.285000000000000142e+00 1.340114455216953049e+00 1.576917431162587668e+01 3.392117787572446197e+00 6.188881725775460474e+00
2.290000000000000036e+00 1.341387018161716460e+00 1.589028039867432618e+01 3.443165413332095248e+00 6.289847298595629965e+00
2.294999999999999929e+00 1.342660176123993576e+00 1.601213465916910650e+01 3.494858743275514268e+00 6.392097077942437089e+00
2.300000000000000266e+00 1.343933917665737443e+00 1.613475241762250434e+01 3.547203380397105921e+00 6.495640489410940077e+00
2.305000000000000160e+00 1.345208231378743458e+00 1.625814727445023422e+01 3.600206631813824387e+00 6.600490209258355279e+00
2.310000000000000053e+00 1.346483105885426967e+00 1.638233301973825462e+01 3.653874683765463871e+00 6.706656595432650469e+00
2.314999999999999947e+00 1.347758529839606201e+00 1.650732507430710427e+01 3.708214464812339184e+00 6.814151594197145556e+00
2.319999999999999840e+00 1.349034491927291413e+00 1.663313764502825620e+01 3.763231741667283359e+00 6.922985073475893536e+00
2.325000000000000178e+00 1.350310980867478472e+00 1.675978376600638953e+01 3.818934563127120985e+00 7.033170686232159241e+00
2.330000000000000071e+00 1.351587985412951776e+00 1.688728031508991734e+01 3.875328940325685423e+00 7.144718791463442464e+00
2.334999999999999964e+00 1.352865494351088493e+00 1.701564121124641105e+01 3.932421319156230055e+00 7.257640258129602451e+00
2.339999999999999858e+00 1.354143496504671029e+00 1.714488173341295152e+01 3.990219483151254742e+00 7.371948337641369697e+00
2.345000000000000195e+00 1.355421980732705700e+00 1.727501599657049525e+01 4.048729442408217416e+00 7.487653394237698379e+00
2.350000000000000089e+00 1.356700935931243857e+00 1.740605884614395649e+01 4.107959070258688783e+00 7.604768824056326260e+00
2.354999999999999982e+00 1.357980351034212774e+00 1.753802707210076406e+01 4.167914563658568383e+00 7.723305032747492582e+00
2.359999999999999876e+00 1.359260215014249207e+00 1.767093482548470718e+01 4.228603320192576120e+00 7.843274809457053465e+00
2.365000000000000213e+00 1.360540516883539608e+00 1.780479721535289173e+01 4.290032775510317364e+00 7.964690665413415971e+00
2.370000000000000107e+00 1.361821245694665894e+00 1.793962937003718139e+01 4.352209215516731788e+00 8.087563302559487965e+00
2.375000000000000000e+00 1.363102390541456321e+00 1.807544734734715419e+01 4.415140282297806529e+00 8.211905810934897687e+00
2.379999999999999893e+00 1.364383940559842134e+00 1.821226641134859037e+01 4.478833599832050538e+00 8.337731038486262847e+00
2.385000000000000231e+00 1.365665884928720875e+00 1.835010184788356113e+01 4.543295648613349336e+00 8.465050286635609211e+00
2.390000000000000124e+00 1.366948212870820356e+00 1.848896898802311739e+01 4.608534810646697899e+00 8.593877651186589972e+00
2.395000000000000018e+00 1.368230913653576408e+00 1.862888323216062503e+01 4.674556976286418752e+00 8.724223040675669338e+00
2.399999999999999911e+00 1.369513976590007287e+00 1.876986174732043722e+01 4.741370758067577462e+00 8.856101078100184765e+00
2.405000000000000249e+00 1.370797391039600077e+00 1.891191742287051625e+01 4.808983363015197021e+00 8.989524298857249462e+00
2.410000000000000142e+00 1.372081146409197538e+00 1.905506927807881112e+01 4.877402323340490398e+00 9.124505434467051757e+00
2.415000000000000036e+00 1.373365232153893167e+00 1.919933029721391904e+01 4.946634253205366427e+00 9.261055728433895240e+00
2.419999999999999929e+00 1.374649637777930256e+00 1.934471782707562326e+01 5.016688679787423943e+00 9.399191216883208355e+00
2.425000000000000266e+00 1.375934352835608943e+00 1.949124755539681786e+01 5.087571163778415340e+00 9.538921500478252824e+00
2.430000000000000160e+00 1.377219366932191491e+00 1.963893350634326040e+01 5.159290557842943770e+00 9.680261865540344957e+00
2.435000000000000053e+00 1.378504669724822440e+00 1.978779321075846198e+01 5.231854580442050207e+00 9.823225265309956100e+00
2.439999999999999947e+00 1.379790250923445205e+00 1.993784241994796957e+01 5.305270939999488178e+00 9.967824782478560408e+00
2.444999999999999840e+00 1.381076100291728892e+00 2.008909621029005521e+01 5.379547379425056342e+00 1.011407380370939357e+01
2.450000000000000178e+00 1.382362207647998886e+00 2.024157135009516750e+01 5.454691708527925620e+00 1.026198517934303389e+01
2.455000000000000071e+00 1.383648562866170106e+00 2.039528287197155265e+01 5.530711839471170954e+00 1.041157300166912236e+01
2.459999999999999964e+00 1.384935155876690471e+00 2.055024687080301860e+01 5.607616366682967701e+00 1.056285154863259912e+01
2.464999999999999858e+00 1.386221976667483702e+00 2.070648024935286458e+01 5.685411913297807374e+00 1.071583195212373951e+01
2.470000000000000195e+00 1.387509015284901448e+00 2.086399732564605003e+01 5.764107897764193744e+00 1.087053071003089499e+01
2.475000000000000089e+00 1.388796261834676082e+00 2.102281511269938363e+01 5.843712487817675161e+00 1.102696165755910407e+01
2.479999999999999982e+00 1.390083706482882597e+00 2.118294897442287450e+01 5.924232320365177884e+00 1.118513572612527440e+01
2.484999999999999876e+00 1.391371339456903167e+00 2.134441594840004797e+01 6.005677157618824147e+00 1.134506975644841553e+01
2.490000000000000213e+00 1.392659151046396371e+00 2.150722973569007834e+01 6.088055178089596176e+00 1.150677800098365289e+01
2.495000000000000107e+00 1.393947131604270639e+00 2.167140746300615106e+01 6.171374022876867649e+00 1.167027321551977082e+01
2.500000000000000000e+00 1.395235271547664579e+00 2.183696548837432161e+01 6.255642105986700230e+00 1.183556982114876810e+01
2.504999999999999893e+00 1.396523561358930632e+00 2.200391934994939547e+01 6.340867865121046165e+00 1.200268227920637187e+01
2.510000000000000231e+00 1.397811991586621838e+00 2.217228456127161706e+01 6.427060509387308329e+00 1.217162618564678667e+01
2.515000000000000124e+00 1.399100552846486600e+00 2.234207756394095412e+01 6.514227871047307161e+00 1.234241481449948630e+01
2.520000000000000018e+00 1.400389235822465217e+00 2.251331399527011712e+01 6.602378593554080410e+00 1.251506319103759068e+01
2.524999999999999911e+00 1.401678031267691527e+00 2.268600949435193925e+01 6.691521288915863508e+00 1.268958575251819809e+01
2.530000000000000249e+00 1.402966930005501656e+00 2.286018148051940457e+01 6.781664794064334423e+00 1.286599763617530279e+01
2.535000000000000142e+00 1.404255922930439437e+00 2.303584222905345769e+01 6.872817717784194258e+00 1.304431378855717760e+01
2.540000000000000036e+00 1.405545001009279815e+00 2.321301095261252101e+01 6.964988311421953071e+00 1.322454805641405251e+01
2.544999999999999929e+00 1.406834155282040921e+00 2.339170335452235605e+01 7.058186220840322100e+00 1.340671690269915928e+01
2.550000000000000266e+00 1.408123376863012810e+00 2.357193268713912815e+01 7.152420292640494281e+00 1.359083547253197821e+01
2.555000000000000160e+00 1.409412656941783526e+00 2.375370838858357914e+01 7.247694061852935299e+00 1.377690950229677824e+01
2.560000000000000053e+00 1.410701986784272943e+00 2.393706348066854872e+01 7.344026124781938059e+00 1.396497132119653983e+01
2.564999999999999947e+00 1.411991357733769048e+00 2.412200132786698248e+01 7.441420675234962090e+00 1.415502782517655866e+01
2.569999999999999840e+00 1.413280761211968217e+00 2.430854298809215663e+01 7.539887217182246637e+00 1.434709515383392997e+01
2.575000000000000178e+00 1.414570188720020605e+00 2.449670103297272661e+01 7.639434839422900581e+00 1.454118900289088501e+01
2.580000000000000071e+00 1.415859631839580635e+00 2.468649136336287242e+01 7.740071994870763916e+00 1.473732348971649131e+01
2.584999999999999964e+00 1.417149082233858159e+00 2.487793072110942560e+01 7.841808988787967394e+00 1.493551646296807789e+01
2.589999999999999858e+00 1.418438531648677170e+00 2.507103520632445992e+01 7.944654473026082186e+00 1.513578275624940517e+01
2.595000000000000195e+00 1.419727971913536280e+00 2.526581908881441407e+01 8.048617729354123895e+00 1.533813774713415690e+01
2.600000000000000089e+00 1.421017394942674095e+00 2.546229743607151264e+01 8.153707574467480512e+00 1.554259719955101460e+01
2.604999999999999982e+00 1.422306792736138581e+00 2.566048892901493517e+01 8.259934503606785938e+00 1.574917819356756610e+01
2.609999999999999876e+00 1.423596157380858207e+00 2.586040527027543234e+01 8.367307148405872752e+00 1.595789583809931500e+01
2.615000000000000213e+00 1.424885481051721747e+00 2.606206425668337445e+01 8.475835409649905117e+00 1.616876727836359251e+01
2.620000000000000107e+00 1.426174756012655642e+00 2.626548362770589051e+01 8.585528277778543327e+00 1.638180713708666048e+01
2.625000000000000000e+00 1.427463974617710019e+00 2.647067436870065649e+01 8.696397069151270642e+00 1.659703539081028367e+01
2.629999999999999893e+00 1.428753129312145598e+00 2.667765340813898689e+01 8.808450089762152047e+00 1.681446632219931914e+01
2.635000000000000231e+00 1.430042212633526821e+00 2.688643850785872047e+01 8.921696432575870972e+00 1.703411431560033762e+01
2.640000000000000124e+00 1.431331217212814755e+00 2.709704303160329175e+01 9.036146979048266914e+00 1.725599915705927145e+01
2.645000000000000018e+00 1.432620135775467096e+00 2.730948422924654651e+01 9.151811034200830974e+00 1.748013600073360152e+01
2.649999999999999911e+00 1.433908961142540850e+00 2.752377554255987846e+01 9.268697641158862410e+00 1.770653998636387882e+01
2.655000000000000249e+00 1.435197686231796554e+00 2.773993298040216615e+01 9.386819863814443110e+00 1.793523426361497286e+01
2.660000000000000142e+00 1.436486304058808727e+00 2.795797184481282116e+01 9.506183292041804123e+00 1.816622731298255644e+01
2.665000000000000036e+00 1.437774807738079197e+00 2.817790992606987643e+01 9.626801268698871539e+00 1.839954243789945565e+01
2.669999999999999929e+00 1.439063190484150212e+00 2.839975820126928596e+01 9.748682945931893329e+00 1.863519520811783892e+01
2.675000000000000266e+00 1.440351445612727099e+00 2.862353614342318764e+01 9.871836244565336926e+00 1.887319847663644978e+01
2.680000000000000160e+00 1.441639566541798700e+00 2.884925645215114898e+01 9.996274368264282728e+00 1.911357549842381687e+01
2.685000000000000053e+00 1.442927546792763360e+00 2.907693605529491165e+01 1.012200697376765213e+01 1.935634201403749088e+01
2.689999999999999947e+00 1.444215379991559578e+00 2.930658761998386908e+01 1.024904184322779166e+01 1.960151183902042504e+01
2.694999999999999840e+00 1.445503059869796658e+00 2.953823051816733880e+01 1.037739264463577094e+01 1.984910727928813401e+01
2.700000000000000178e+00 1.446790580265890691e+00 2.977187502073616798e+01 1.050706710946031031e+01 2.009914262243156458e+01
2.705000000000000071e+00 1.448077935126202975e+00 3.000754136428026086e+01 1.063807728563164545e+01 2.035163714050867512e+01
2.709999999999999964e+00 1.449365118506182437e+00 3.024524126658321421e+01 1.077043289887061484e+01 2.060660815983581884e+01
2.714999999999999858e+00 1.450652124571508272e+00 3.048499077407512914e+01 1.090414198725673245e+01 2.086406833978617570e+01
2.720000000000000195e+00 1.451938947599239915e+00 3.072680589459017142e+01 1.103922065858201229e+01 2.112404607173478155e+01
2.725000000000000089e+00 1.453225581978965009e+00 3.097070100469830578e+01 1.117567500219760745e+01 2.138655107565085345e+01
2.729999999999999982e+00 1.454512022213955591e+00 3.121669199133695827e+01 1.131351509705138980e+01 2.165159967062651347e+01
2.734999999999999876e+00 1.455798262922322506e+00 3.146479222131868525e+01 1.145275526920641873e+01 2.191921754766481811e+01
2.740000000000000213e+00 1.457084298838174696e+00 3.171501779120585240e+01 1.159340368789848874e+01 2.218941755481333900e+01
2.745000000000000107e+00 1.458370124812782276e+00 3.196738537672836244e+01 1.173547099343868183e+01 2.246221791181968186e+01
2.750000000000000000e+00 1.459655735815740485e+00 3.222190669891539727e+01 1.187896925446682772e+01 2.273763892724613100e+01
2.754999999999999893e+00 1.460941126936137202e+00 3.247859758459345869e+01 1.202390904312327891e+01 2.301569842579935354e+01
2.760000000000000231e+00 1.462226293383724007e+00 3.273747479634752722e+01 1.217029899274145777e+01 2.329641103132691882e+01
2.765000000000000124e+00 1.463511230490086357e+00 3.299855162241324535e+01 1.231815371795405589e+01 2.357980126052137138e+01
2.770000000000000018e+00 1.464795933709824194e+00 3.326184481835301199e+01 1.246747983377176894e+01 2.386587999840996943e+01
2.774999999999999911e+00 1.466080398621724123e+00 3.352736671844481720e+01 1.261829205788987451e+01 2.415467288553135816e+01
2.780000000000000249e+00 1.467364620929943797e+00 3.379513314488277587e+01 1.277059911699556949e+01 2.444619357174690677e+01
2.785000000000000142e+00 1.468648596465194744e+00 3.406515895086241130e+01 1.292441193362742524e+01 2.474046112947051768e+01
2.790000000000000036e+00 1.469932321185927426e+00 3.433745909105964955e+01 1.307974348151472199e+01 2.503749695563952571e+01
2.794999999999999929e+00 1.471215791179520282e+00 3.461204849662609462e+01 1.323660251526034948e+01 2.533731545524388551e+01
2.800000000000000266e+00 1.472499002663467449e+00 3.488894015588729047e+01 1.339500223897682041e+01 2.563993970897186614e+01
2.805000000000000160e+00 1.473781951986576466e+00 3.516815156589164815e+01 1.355495171317482850e+01 2.594538386866123147e+01
2.810000000000000053e+00 1.475064635630160437e+00 3.544969412436967104e+01 1.371646406470219404e+01 2.625367117613838275e+01
2.814999999999999947e+00 1.476347050209237288e+00 3.573358421740037016e+01 1.387954837958186083e+01 2.656481539989205842e+01
2.819999999999999840e+00 1.477629192473728592e+00 3.601983666050104205e+01 1.404421823156503990e+01 2.687884050273065384e+01
2.825000000000000178e+00 1.478911059309663267e+00 3.630846613980040161e+01 1.421048505023235542e+01 2.719576565496612020e+01
2.830000000000000071e+00 1.480192647740382617e+00 3.659948567272547137e+01 1.437835759783174083e+01 2.751560370825115243e+01
2.834999999999999964e+00 1.481473954927746250e+00 3.689290901926649013e+01 1.454784752309993223e+01 2.783837580792385324e+01
2.839999999999999858e+00 1.482754978173340454e+00 3.718875429575468416e+01 1.471896669093803212e+01 2.816410144548547478e+01
2.845000000000000195e+00 1.484035714919693882e+00 3.748703181427393361e+01 1.489172848242408520e+01 2.849280307309227211e+01
2.850000000000000089e+00 1.485316162751484814e+00 3.778775784005714655e+01 1.506614013558120391e+01 2.882449169406593015e+01
2.854999999999999982e+00 1.486596319396762178e+00 3.809094699914394511e+01 1.524221802445420160e+01 2.915919544576559730e+01
2.859999999999999876e+00 1.487876182728162133e+00 3.839660949495604569e+01 1.541996904331714191e+01 2.949692630411623284e+01
2.865000000000000213e+00 1.489155750764126207e+00 3.870476586466261182e+01 1.559940547542929146e+01 2.983770336802197676e+01
2.870000000000000107e+00 1.490435021670126092e+00 3.901542451277591539e+01 1.578054117042331228e+01 3.018155150517968366e+01
2.875000000000000000e+00 1.491713993759884893e+00 3.932860341367732815e+01 1.596338828471907689e+01 3.052848963846912156e+01
2.879999999999999893e+00 1.492992665496607696e+00 3.964431262684392010e+01 1.614795389143271720e+01 3.087852946779210583e+01
2.885000000000000231e+00 1.494271035494205480e+00 3.996256908149154441e+01 1.633425017331844842e+01 3.123169087356858142e+01
2.890000000000000124e+00 1.495549102518527240e+00 4.028338723513483188e+01 1.652229435575346272e+01 3.158800393554901831e+01
2.895000000000000018e+00 1.496826865488593894e+00 4.060677712056350686e+01 1.671209102586915662e+01 3.194747592876698761e+01
2.899999999999999911e+00 1.498104323477830180e+00 4.093275561498530379e+01 1.690365490013365601e+01 3.231012922722185010e+01
2.905000000000000249e+00 1.499381475715303225e+00 4.126133523835377304e+01 1.709699606895111756e+01 3.267598254112233747e+01
2.910000000000000142e+00 1.500658321586958444e+00 4.159252940585816560e+01 1.729212677780871843e+01 3.304505609519783604e+01
2.915000000000000036e+00 1.501934860636862323e+00 4.192635236762921380e+01 1.748906205071965303e+01 3.341737433147766012e+01
2.919999999999999929e+00 1.503211092568443430e+00 4.226281665657906217e+01 1.768780672507044471e+01 3.379294430836556984e+01
2.925000000000000266e+00 1.504487017245737190e+00 4.260193629904158286e+01 1.788837614379113816e+01 3.417179264687815987e+01
2.930000000000000160e+00 1.505762634694630231e+00 4.294372295867424327e+01 1.809078255209243480e+01 3.455393907527645325e+01
2.935000000000000053e+00 1.507037945104112264e+00 4.328819335318473094e+01 1.829503667499311348e+01 3.493940169014341990e+01
2.939999999999999947e+00 1.508312948827522426e+00 4.363535730208695895e+01 1.850114822795661595e+01 3.532819551522210588e+01
2.944999999999999840e+00 1.509587646383803383e+00 4.398522965635125104e+01 1.870913013227346866e+01 3.572034185223692049e+01
2.950000000000000178e+00 1.510862038458753664e+00 4.433782270950565163e+01 1.891899536575188279e+01 3.611586359940195479e+01
2.955000000000000071e+00 1.512136125906285322e+00 4.469314898063635866e+01 1.913075402016336568e+01 3.651477587011111581e+01
2.959999999999999964e+00 1.513409909749681370e+00 4.505122044384356172e+01 1.934441662798577255e+01 3.691709702948509175e+01
2.964999999999999858e+00 1.514683391182853445e+00 4.541205213567864263e+01 1.955999642893277723e+01 3.732284894860444524e+01
2.970000000000000195e+00 1.515956571571605682e+00 4.577565538889625429e+01 1.977750333652843651e+01 3.773204562874338563e+01
2.975000000000000089e+00 1.517229452454897709e+00 4.614204240240656674e+01 1.999694826013602977e+01 3.814470714800472706e+01
2.979999999999999982e+00 1.518502035546109630e+00 4.651122783616332157e+01 2.021834720914510442e+01 3.856085997720531111e+01
2.984999999999999876e+00 1.519774322734309235e+00 4.688321800473824652e+01 2.044170446110956618e+01 3.898050910546123049e+01
2.990000000000000213e+00 1.521046316085523209e+00 4.725803432013135108e+01 2.066703739360544745e+01 3.940368454419254363e+01
2.995000000000000107e+00 1.522318017844006111e+00 4.763568301928476245e+01 2.089435586248267285e+01 3.983040291187656123e+01
3.000000000000000000e+00 1.523589430433515579e+00 4.801617441434235189e+01 2.112367004676730531e+01 4.026067914215411037e+01
3.004999999999999893e+00 1.524860556458587313e+00 4.839952490278349728e+01 2.135499165551878420e+01 4.069453387274558764e+01
3.010000000000000231e+00 1.526131398705811604e+00 4.878574470993230250e+01 2.158833106060013662e+01 4.113198303697456737e+01
3.015000000000000124e+00 1.527401960145112314e+00 4.917484860829111426e+01 2.182370209488773583e+01 4.157304917167402891e+01
3.020000000000000018e+00 1.528672243931031183e+00 4.956684167091864879e+01 2.206111478745194887e+01 4.201774951124161817e+01
3.024999999999999911e+00 1.529942253404009023e+00 4.996174009014037409e+01 2.230057777148043741e+01 4.246609622256531935e+01
3.030000000000000249e+00 1.531211992091669805e+00 5.035955176837077119e+01 2.254210716997749842e+01 4.291811896065211585e+01
3.035000000000000142e+00 1.532481463710112957e+00 5.076029274965063109e+01 2.278571164609056865e+01 4.337382856344082427e+01
3.040000000000000036e+00 1.533750672165198337e+00 5.116397326229338915e+01 2.303139922185654243e+01 4.383323895497522926e+01
3.044999999999999929e+00 1.535019621553841640e+00 5.157060184481387211e+01 2.327918624707402273e+01 4.429637794544543539e+01
3.050000000000000266e+00 1.536288316165307810e+00 5.198018876921928211e+01 2.352908063063394906e+01 4.476325712985712357e+01
3.055000000000000160e+00 1.537556760482504448e+00 5.239274763354923437e+01 2.378109663858705503e+01 4.523389992023795969e+01
3.060000000000000053e+00 1.538824959183287211e+00 5.280829019966517279e+01 2.403524007388277184e+01 4.570831587863652601e+01
3.064999999999999947e+00 1.540092917141751672e+00 5.322681970846920763e+01 2.429152619628710497e+01 4.618652950799302204e+01
3.070000000000000284e+00 1.541360639429545376e+00 5.364835679455659800e+01 2.454996217360838529e+01 4.666855245360052606e+01
3.075000000000000178e+00 1.542628131317168361e+00 5.407290623220684012e+01 2.481056102698568822e+01 4.715440519050358148e+01
3.080000000000000071e+00 1.543895398275281439e+00 5.450047738182777834e+01 2.507333666526176330e+01 4.764411235255673915e+01
3.084999999999999964e+00 1.545162445976019150e+00 5.493108375578725600e+01 2.533829210724780623e+01 4.813767528209714186e+01
3.089999999999999858e+00 1.546429280294300046e+00 5.536473105432888531e+01 2.560544669267616413e+01 4.863512948017753246e+01
3.095000000000000195e+00 1.547695907309144969e+00 5.580143205777946491e+01 2.587480285443131223e+01 4.913647426543987251e+01
3.100000000000000089e+00 1.548962333304992001e+00 5.624119594825611301e+01 2.614637792797802263e+01 4.964174066766408089e+01
3.104999999999999982e+00 1.550228564773019402e+00 5.668403276536941604e+01 2.642017720504133038e+01 5.015093609888720039e+01
3.109999999999999876e+00 1.551494608412467890e+00 5.712994987532886171e+01 2.669621475837059776e+01 5.066408479710634083e+01
3.115000000000000213e+00 1.552760471131968911e+00 5.757896000459703600e+01 2.697449911649193410e+01 5.118119750636041942e+01
3.120000000000000107e+00 1.554026160050869576e+00 5.803106714067454419e+01 2.725504053914225722e+01 5.170229249706566321e+01
3.125000000000000000e+00 1.555291682500568706e+00 5.848628572203843135e+01 2.753784846057647329e+01 5.222738470465445459e+01
3.129999999999999893e+00 1.556557046025848434e+00 5.894461786448538021e+01 2.782293598021482950e+01 5.275649662713465915e+01
3.135000000000000231e+00 1.557822258386214909e+00 5.940608132240205919e+01 2.811031237203433619e+01 5.328963948375213278e+01
3.140000000000000124e+00 1.559087327557234559e+00 5.987067678704332963e+01 2.839998510195100678e+01 5.382682907793599014e+01
3.145000000000000018e+00 1.560352261731882795e+00 6.033841334326424288e+01 2.869196806905599928e+01 5.436808505727434948e+01
3.149999999999999911e+00 1.561617069321888263e+00 6.080930701354587598e+01 2.898626815705781112e+01 5.491341899002414806e+01
3.155000000000000249e+00 1.562881758959084433e+00 6.128335497015535793e+01 2.928289461570701846e+01 5.546284685225373323e+01
3.160000000000000142e+00 1.564146339496760740e+00 6.176057316180020251e+01 2.958185960840933859e+01 5.601638564350460570e+01
3.165000000000000036e+00 1.565410820011023496e+00 6.224096218078383913e+01 2.988317049179076434e+01 5.657405030995401063e+01
3.169999999999999929e+00 1.566675209802153468e+00 6.272453625968400104e+01 3.018683607358387633e+01 5.713585109358409397e+01
3.175000000000000266e+00 1.567939518395971676e+00 6.321129954666930217e+01 3.049287041808742060e+01 5.770181382446236995e+01
3.180000000000000160e+00 1.569203755545205192e+00 6.370126270672592028e+01 3.080128209895931590e+01 5.827194955342211102e+01
3.185000000000000053e+00 1.570467931230861369e+00 6.419442653775951158e+01 3.111207460072386866e+01 5.884626586117345681e+01
3.189999999999999947e+00 1.571732055663601191e+00 6.469080169702654359e+01 3.142526313009098260e+01 5.942478518023595768e+01
3.195000000000000284e+00 1.572996139285118833e+00 6.519039925714967865e+01 3.174085288387379578e+01 6.000751491623383771e+01
3.200000000000000178e+00 1.574260192769525224e+00 6.569321620426347863e+01 3.205885692644696405e+01 6.059447993453235171e+01
3.205000000000000071e+00 1.575524227024737378e+00 6.619926695094679303e+01 3.237928083692294479e+01 6.118568427169415713e+01
3.209999999999999964e+00 1.576788253193867284e+00 6.670855554455471292e+01 3.270213522931165784e+01 6.178114707600408195e+01
3.214999999999999858e+00 1.578052282656617233e+00 6.722108592150530626e+01 3.302742816389218916e+01 6.238088178044598919e+01
3.220000000000000195e+00 1.579316327030685141e+00 6.773686395646258518e+01 3.335516638191121785e+01 6.298489655598876880e+01
3.225000000000000089e+00 1.580580398173165202e+00 6.825589873850722711e+01 3.368536227790865212e+01 6.359321281048886476e+01
3.229999999999999982e+00 1.581844508181959430e+00 6.877819270186461154e+01 3.401802198447835224e+01 6.420583871557846578e+01
3.234999999999999876e+00 1.583108669397191415e+00 6.930375328648590028e+01 3.435315454962378112e+01 6.482279009012378879e+01
3.240000000000000213e+00 1.584372894402625409e+00 6.983258637239840994e+01 3.469077012453146125e+01 6.544408164507839842e+01
3.245000000000000107e+00 1.585637196027092743e+00 7.036469434691336744e+01 3.503087279006809496e+01 6.606972048651284979e+01
3.250000000000000000e+00 1.586901587345919129e+00 7.090008133685667246e+01 3.537347271879328758e+01 6.669972215751245415e+01
3.254999999999999893e+00 1.588166081682362174e+00 7.143875472581581221e+01 3.571857493091145841e+01 6.733409448487645932e+01
3.260000000000000231e+00 1.589430692609048013e+00 7.198072056841070321e+01 3.606619333102649705e+01 6.797285837221545535e+01
3.265000000000000124e+00 1.590695433949419924e+00 7.252597942050637414e+01 3.641633138175015461e+01 6.861602111911871305e+01
3.270000000000000018e+00 1.591960319779189614e+00 7.307453561908582174e+01 3.676899571763748753e+01 6.926359036365948896e+01
3.274999999999999911e+00 1.593225364427793389e+00 7.362639506008272861e+01 3.712419787721303521e+01 6.991558660891362820e+01
3.280000000000000249e+00 1.594490582479856755e+00 7.418156182278968913e+01 3.748194102731682875e+01 7.057201245507279452e+01
3.285000000000000142e+00 1.595755988776664358e+00 7.474004018530492033e+01 3.784223619964518548e+01 7.123288659837105286e+01
3.290000000000000036e+00 1.597021598417631694e+00 7.530182921827970688e+01 3.820508907648328289e+01 7.189821829464163727e+01
3.294999999999999929e+00 1.598287426761794583e+00 7.586693672071349681e+01 3.857050398006584402e+01 7.256801199606412922e+01
3.300000000000000266e+00 1.599553489429289543e+00 7.643536170066909108e+01 3.893849039845875382e+01 7.324228501989860263e+01
3.305000000000000160e+00 1.600819802302856587e+00 7.700711032699305747e+01 3.930905529376172325e+01 7.392104528506548888e+01
3.310000000000000053e+00 1.602086381529337800e+00 7.758218337868784431e+01 3.968220514486907291e+01 7.460430481543389192e+01
3.314999999999999947e+00 1.603353243521186133e+00 7.816058700287615579e+01 4.005794386315086086e+01 7.529206711480776448e+01
3.320000000000000284e+00 1.604620404957985969e+00 7.874231864448249496e+01 4.043628341597855069e+01 7.598435335998294704e+01
3.325000000000000178e+00 1.605887882787973897e+00 7.932738268809198701e+01 4.081722363543234877e+01 7.668116108064818093e+01
3.330000000000000071e+00 1.607155694229572163e+00 7.991577672919987663e+01 4.120077321906162382e+01 7.738250408158562266e+01
3.334999999999999964e+00 1.608423856772927873e+00 8.050751557087099286e+01 4.158694176492111438e+01 7.808839821430343875e+01
3.339999999999999858e+00 1.609692388181460876e+00 8.110258647908861462e+01 4.197573179783496045e+01 7.879884623487788531e+01
3.345000000000000195e+00 1.610961306493419842e+00 8.170099570551852253e+01 4.236714997788915582e+01 7.951385963987505079e+01
3.350000000000000089e+00 1.612230630023444355e+00 8.230274260162023836e+01 4.276119818322177935e+01 8.023343841692603462e+01
3.354999999999999982e+00 1.613500377364142535e+00 8.290783519575305149e+01 4.315788055371315579e+01 8.095758777675510487e+01
3.359999999999999876e+00 1.614770567387667999e+00 8.351627118716710640e+01 4.355721253761894474e+01 8.168633555116299760e+01
3.365000000000000213e+00 1.616041219247312144e+00 8.412804494182208259e+01 4.395919445136977544e+01 8.241968017891568365e+01
3.370000000000000107e+00 1.617312352379102647e+00 8.474307953233983426e+01 4.436380588800371072e+01 8.315759213255897464e+01
3.375000000000000000e+00 1.618583986503417060e+00 8.536153448329237392e+01 4.477110067442875874e+01 8.390014980132887956e+01
3.379999999999999893e+00 1.619856141626595081e+00 8.598334119105760465e+01 4.518106110302665002e+01 8.464732634160984048e+01
3.385000000000000231e+00 1.621128838042573905e+00 8.660848735208448090e+01 4.559368549044658891e+01 8.539912016811763351e+01
3.390000000000000124e+00 1.622402096334521149e+00 8.723697590052501027e+01 4.600898273503962344e+01 8.615554324352660842e+01
3.395000000000000018e+00 1.623675937376488410e+00 8.786880987997784587e+01 4.642695531650987562e+01 8.691659964317770459e+01
3.399999999999999911e+00 1.624950382335069499e+00 8.850398409717415404e+01 4.684761009494253869e+01 8.768230074104145899e+01
3.405000000000000249e+00 1.626225452671069327e+00 8.914249463195737633e+01 4.727095466123633827e+01 8.845265831619117591e+01
3.410000000000000142e+00 1.627501170141188780e+00 8.978434988442009512e+01 4.769698485564799739e+01 8.922766313870819488e+01
3.415000000000000036e+00 1.628777556799715365e+00 9.042954661001955685e+01 4.812571580852861075e+01 9.000734050984722501e+01
3.419999999999999929e+00 1.630054635000228513e+00 9.107807371892053538e+01 4.855712956716251938e+01 9.079165869784303311e+01
3.425000000000000266e+00 1.631332427397314877e+00 9.172994038593796517e+01 4.899125223276745800e+01 9.158066010072118956e+01
3.430000000000000160e+00 1.632610956948298497e+00 9.238514417995457961e+01 4.942808400902969623e+01 9.237434564664866343e+01
3.435000000000000053e+00 1.633890246914980304e+00 9.304367682996719680e+01 4.986761554030665877e+01 9.317269825868056898e+01
3.439999999999999947e+00 1.635170320865392934e+00 9.370554540368475216e+01 5.030986406481712692e+01 9.397574516613697426e+01
3.445000000000000284e+00 1.636451202675564431e+00 9.437073594520853703e+01 5.075481856004166303e+01 9.478346846262934378e+01
3.450000000000000178e+00 1.637732916531301264e+00 9.503925377205564473e+01 5.120248771487064943e+01 9.559587948136996260e+01
3.455000000000000071e+00 1.639015486929979559e+00 9.571109230068707063e+01 5.165287853728392520e+01 9.641299208651879837e+01
3.459999999999999964e+00 1.640298938682350771e+00 9.638625650292796365e+01 5.210599171481442227e+01 9.723480356359459620e+01
3.464999999999999858e+00 1.641583296914366441e+00 9.706472979021691572e+01 5.256182927863523702e+01 9.806131933453137606e+01
3.470000000000000195e+00 1.642868587069010289e+00 9.774652613756462927e+01 5.302038901721208930e+01 9.889253114795165800e+01
3.475000000000000089e+00 1.644154834908149621e+00 9.843162163581864377e+01 5.348167775815296920e+01 9.972845388377915299e+01
3.479999999999999982e+00 1.645442066514400281e+00 9.912003586980394232e+01 5.394569338789677460e+01 1.005690784880586932e+02
3.484999999999999876e+00 1.646730308293007594e+00 9.981174324222973837e+01 5.441244262820308819e+01 1.014144202672222264e+02
3.490000000000000213e+00 1.648019586973742623e+00 1.005067596504201788e+02 5.488193116138386785e+01 1.022644832257793865e+02
3.495000000000000107e+00 1.649309929612814640e+00 1.012050669164072758e+02 5.535414376649544010e+01 1.031192448724446677e+02
3.500000000000000000e+00 1.650601363594798476e+00 1.019066653395773869e+02 5.582909520604110298e+01 1.039787276419106661e+02
3.504999999999999893e+00 1.651893916634581849e+00 1.026107360406576987e+02 5.630616839540177665e+01 1.048411952157672999e+02
3.510000000000000231e+00 1.653187616779326907e+00 1.033180734243842949e+02 5.678596357102647119e+01 1.057083374870914980e+02
3.515000000000000124e+00 1.654482492410449757e+00 1.040286727968620397e+02 5.726849450561402222e+01 1.065801776157937439e+02
3.520000000000000018e+00 1.655778572245619973e+00 1.047425327089615905e+02 5.775375116905581052e+01 1.074566965117006703e+02
3.524999999999999911e+00 1.657075885340773880e+00 1.054596422837187362e+02 5.824172756480658819e+01 1.083378812942675182e+02
3.530000000000000249e+00 1.658374461092151142e+00 1.061799986715260928e+02 5.873243743739180900e+01 1.092237554045671573e+02
3.535000000000000142e+00 1.659674329238346902e+00 1.069035974057986493e+02 5.922587784972081693e+01 1.101143139439134870e+02
3.540000000000000036e+00 1.660975519862385452e+00 1.076304220222959884e+02 5.972204120329551813e+01 1.110095447254790884e+02
3.544999999999999929e+00 1.662278063393811456e+00 1.083604839484689251e+02 6.022092895676462376e+01 1.119094427566400611e+02
3.550000000000000266e+00 1.663581990610803807e+00 1.090937738298567581e+02 6.072255197711281482e+01 1.128140321816550795e+02
3.555000000000000160e+00 1.664887332642308815e+00 1.098302733251047556e+02 6.122690179709295677e+01 1.137232963469470235e+02
3.560000000000000053e+00 1.666194120970192039e+00 1.105699856581967850e+02 6.173397703474472564e+01 1.146372293030710523e+02
3.564999999999999947e+00 1.667502387431416100e+00 1.113129048705146431e+02 6.224377223724264496e+01 1.155558209212969416e+02
3.570000000000000284e+00 1.668812164220237593e+00 1.120590161863474918e+02 6.275629799109307783e+01 1.164790955349869961e+02
3.575000000000000178e+00 1.670123483890425531e+00 1.128083213333299710e+02 6.327154919449252901e+01 1.174070343119401372e+02
3.580000000000000071e+00 1.671436379357503110e+00 1.135608163335281660e+02 6.378951479818277193e+01 1.183396203978692540e+02
3.584999999999999964e+00 1.672750883901015451e+00 1.143164833835341199e+02 6.431021035548550913e+01 1.192768839181804879e+02
3.589999999999999858e+00 1.674067031166816655e+00 1.150753222627106851e+02 6.483362292847306207e+01 1.202187975446894512e+02
3.595000000000000195e+00 1.675384855169382847e+00 1.158373223389922941e+02 6.535975389858515427e+01 1.211653636188106447e+02
3.600000000000000089e+00 1.676704390294149860e+00 1.166024797473223344e+02 6.588859885559094209e+01 1.221165737247586662e+02
3.604999999999999982e+00 1.678025671299876453e+00 1.173707824459640250e+02 6.642016585348585522e+01 1.230724464819592043e+02
3.609999999999999876e+00 1.679348733321033071e+00 1.181422319464653441e+02 6.695444289225098089e+01 1.240329490710142863e+02
3.615000000000000213e+00 1.680673611870211692e+00 1.189168056409769889e+02 6.749142628789529397e+01 1.249980845798985740e+02
3.620000000000000107e+00 1.682000342840573426e+00 1.196945087727891632e+02 6.803111430184877406e+01 1.259678476653543555e+02
3.625000000000000000e+00 1.683328962508309878e+00 1.204753243753518177e+02 6.857352116832404931e+01 1.269422621965217530e+02
3.629999999999999893e+00 1.684659507535143819e+00 1.212592541116853795e+02 6.911862486976816911e+01 1.279212827413613809e+02
3.635000000000000231e+00 1.685992014970846498e+00 1.220462788883395007e+02 6.966642290377572522e+01 1.289049133740765853e+02
3.640000000000000124e+00 1.687326522255794936e+00 1.228363906655219040e+02 7.021692435720015624e+01 1.298931649164819362e+02
3.645000000000000018e+00 1.688663067223552527e+00 1.236295948611080746e+02 7.077011810755017507e+01 1.308860202704276787e+02
3.649999999999999911e+00 1.690001688103477839e+00 1.244258693445309945e+02 7.132600667001251793e+01 1.318834788888307799e+02
3.655000000000000249e+00 1.691342423523365834e+00 1.252252055438295173e+02 7.188458246222252512e+01 1.328855344228746276e+02
3.660000000000000142e+00 1.692685312512123508e+00 1.260276027556189291e+02 7.244584765533008408e+01 1.338921861602982517e+02
3.665000000000000036e+00 1.694030394502469727e+00 1.268330420586672460e+02 7.300978944537530424e+01 1.349034110633991759e+02
3.669999999999999929e+00 1.695377709333675487e+00 1.276415207167819688e+02 7.357641753131673568e+01 1.359192288726314644e+02
3.675000000000000266e+00 1.696727297254325917e+00 1.284530257169385834e+02 7.414571284848339872e+01 1.369396020321370884e+02
3.680000000000000160e+00 1.698079198925130706e+00 1.292675506122342028e+02 7.471767498144272679e+01 1.379645324541722857e+02
3.685000000000000053e+00 1.699433455421752726e+00 1.300850891971109604e+02 7.529231253984870875e+01 1.389940324190715728e+02
3.689999999999999947e+00 1.700790108237682396e+00 1.309056301553248147e+02 7.586960606211316360e+01 1.400280684981966033e+02
3.695000000000000284e+00 1.702149199287140036e+00 1.317291522897958487e+02 7.644955776199951458e+01 1.410666504502281384e+02
3.700000000000000178e+00 1.703510770908022831e+00 1.325556647205370666e+02 7.703217300166933512e+01 1.421097793085122021e+02
3.705000000000000071e+00 1.704874865864877798e+00 1.333851428622033950e+02 7.761743471901183966e+01 1.431574309647267000e+02
3.709999999999999964e+00 1.706241527351919807e+00 1.342175787499720627e+02 7.820533239050823227e+01 1.442095853362568789e+02
3.714999999999999858e+00 1.707610798996081591e+00 1.350529722304950724e+02 7.879587743042461057e+01 1.452662653961218666e+02
3.720000000000000195e+00 1.708982724860113711e+00 1.358913032393347748e+02 7.938906094597422225e+01 1.463274490923089104e+02
3.725000000000000089e+00 1.710357349445704500e+00 1.367325627446168426e+02 7.998487235006327012e+01 1.473931240200213324e+02
3.729999999999999982e+00 1.711734717696661745e+00 1.375767436007749609e+02 8.058330952116224921e+01 1.484632826566744086e+02
3.734999999999999876e+00 1.713114875002117454e+00 1.384238314056553918e+02 8.118436810318675612e+01 1.495379250652091514e+02
3.740000000000000213e+00 1.714497867199787251e+00 1.392738269839582586e+02 8.178804770523225898e+01 1.506170393532094351e+02
3.745000000000000107e+00 1.715883740579261962e+00 1.401267003689986836e+02 8.239432754107713208e+01 1.517005985627754683e+02
3.750000000000000000e+00 1.717272541885350057e+00 1.409824586021186974e+02 8.300322107526268667e+01 1.527886234679422159e+02
3.754999999999999893e+00 1.718664318321458495e+00 1.418410867412120808e+02 8.361471361574778882e+01 1.538810937725650660e+02
3.760000000000000231e+00 1.720059117553022654e+00 1.427025670731020170e+02 8.422880370375203540e+01 1.549780002236349219e+02
3.765000000000000124e+00 1.721456987710977105e+00 1.435668908173280727e+02 8.484547986861218760e+01 1.560793264585597626e+02
3.770000000000000018e+00 1.722857977395276574e+00 1.444340565022413898e+02 8.546473328579823203e+01 1.571850571809944768e+02
3.774999999999999911e+00 1.724262135678464647e+00 1.453040383786377845e+02 8.608656897589699497e+01 1.582952047937208988e+02
3.780000000000000249e+00 1.725669512109285098e+00 1.461768428299435243e+02 8.671098102324006618e+01 1.594097559334459504e+02
3.785000000000000142e+00 1.727080156716347847e+00 1.470524427039323427e+02 8.733794706740974334e+01 1.605286752145601668e+02
3.790000000000000036e+00 1.728494120011841551e+00 1.479308366538209327e+02 8.796748432988813704e+01 1.616519933790840753e+02
3.794999999999999929e+00 1.729911452995299248e+00 1.488120128474074875e+02 8.859956763826706094e+01 1.627796615534088289e+02
3.800000000000000266e+00 1.731332207157411762e+00 1.496959525087390830e+02 8.923420505128540015e+01 1.639117025420121365e+02
3.805000000000000160e+00 1.732756434483898600e+00 1.505826526143574711e+02 8.987137680674140938e+01 1.650480782345274235e+02
3.810000000000000053e+00 1.734184187459427706e+00 1.514721082234982816e+02 9.051108835647663398e+01 1.661888005256060978e+02
3.814999999999999947e+00 1.735615519071593615e+00 1.523642836904948581e+02 9.115332085306194188e+01 1.673338401672978080e+02
3.820000000000000284e+00 1.737050482814948671e+00 1.532591968348174021e+02 9.179808104410388125e+01 1.684832044475092232e+02
3.825000000000000178e+00 1.738489132695088868e+00 1.541568115215317789e+02 9.244534992621572655e+01 1.696368673660694810e+02
3.830000000000000071e+00 1.739931523232801869e+00 1.550571365497827969e+02 9.309513937300545194e+01 1.707948467951288478e+02
3.834999999999999964e+00 1.741377709468272084e+00 1.559601509642442352e+02 9.374742698708153910e+01 1.719571028942758630e+02
3.839999999999999858e+00 1.742827746965340152e+00 1.568658344495164840e+02 9.440220203330683546e+01 1.731236285730771840e+02
3.845000000000000195e+00 1.744281691815829705e+00 1.577741958775178546e+02 9.505946508743393508e+01 1.742944125213614370e+02
3.850000000000000089e+00 1.745739600643932299e+00 1.586852142960613889e+02 9.571922364825994123e+01 1.754694794853426458e+02
3.854999999999999982e+00 1.747201530610656750e+00 1.595988723123507214e+02 9.638144500228023048e+01 1.766487678559284689e+02
3.859999999999999876e+00 1.748667539418339745e+00 1.605151617800121358e+02 9.704613323137250802e+01 1.778322900023137549e+02
3.865000000000000213e+00 1.750137685315223512e+00 1.614340789746790392e+02 9.771329319990893225e+01 1.790200554761534590e+02
3.870000000000000107e+00 1.751612027100100555e+00 1.623556038415433704e+02 9.838290077041162363e+01 1.802120222036147368e+02
3.875000000000000000e+00 1.753090624127023878e+00 1.632797292172567154e+02 9.905495040294243836e+01 1.814081835704336640e+02
3.879999999999999893e+00 1.754573536310083837e+00 1.642064495132091508e+02 9.972945535152159380e+01 1.826085635146676793e+02
3.885000000000000231e+00 1.756060824128258258e+00 1.651357338726053570e+02 1.004063739090437224e+02 1.838130912121416429e+02
3.890000000000000124e+00 1.757552548630337386e+00 1.660675884710396986e+02 1.010857272154182454e+02 1.850218052819149364e+02
3.895000000000000018e+00 1.759048771439909009e+00 1.670019967008540220e+02 1.017675018814795465e+02 1.862346866664878178e+02
3.899999999999999911e+00 1.760549554760425739e+00 1.679389507208787506e+02 1.024516807348960583e+02 1.874517036176674196e+02
3.905000000000000249e+00 1.762054961380348228e+00 1.688784322226645429e+02 1.031382681182803793e+02 1.886728692992771528e+02
3.910000000000000142e+00 1.763565054678360111e+00 1.698204354370799933e+02 1.038272578754125846e+02 1.898981741707256674e+02
3.915000000000000036e+00 1.765079898628665322e+00 1.707649425770668756e+02 1.045186246898685170e+02 1.911275757900573069e+02
3.919999999999999929e+00 1.766599557806353804e+00 1.717119366744537956e+02 1.052124031840905047e+02 1.923611449424521425e+02
3.925000000000000266e+00 1.768124097392861804e+00 1.726614338016393049e+02 1.059085321005516391e+02 1.935987591859381496e+02
3.930000000000000160e+00 1.769653583181507006e+00 1.736134055620397021e+02 1.066070274879737809e+02 1.948404578295862279e+02
3.935000000000000053e+00 1.771188081583099816e+00 1.745678330795824138e+02 1.073078834624348730e+02 1.960862365155821010e+02
3.939999999999999947e+00 1.772727659631656794e+00 1.755247248009146119e+02 1.080111011625386652e+02 1.973360953448317900e+02
3.945000000000000284e+00 1.774272384990179141e+00 1.764840479766163526e+02 1.087166555823777685e+02 1.985899974301912039e+02
3.950000000000000178e+00 1.775822325956536885e+00 1.774458118792117318e+02 1.094245473899791534e+02 1.998479413459938883e+02
3.955000000000000071e+00 1.777377551469432548e+00 1.784099990748532605e+02 1.101347796307607751e+02 2.011099363867188003e+02
3.959999999999999964e+00 1.778938131114458976e+00 1.793765908574185062e+02 1.108473364130527159e+02 2.023759637422051014e+02
3.965000000000000302e+00 1.780504135130244192e+00 1.803455804875419801e+02 1.115621978018383658e+02 2.036459798034669859e+02
3.970000000000000195e+00 1.782075634414699072e+00 1.813169515710145561e+02 1.122793683849362480e+02 2.049200090573424689e+02
3.975000000000000089e+00 1.783652700531359159e+00 1.822906988560987998e+02 1.129988385436585645e+02 2.061980309680195376e+02
3.979999999999999982e+00 1.785235405715812629e+00 1.832668321880649103e+02 1.137206189596030157e+02 2.074800626290863761e+02
3.984999999999999876e+00 1.786823822882243729e+00 1.842453044280005088e+02 1.144446742568217275e+02 2.087660543127272490e+02
3.990000000000000213e+00 1.788418025630066133e+00 1.852261275197994621e+02 1.151710149370680796e+02 2.100560240746515319e+02
3.995000000000000107e+00 1.790018088250662442e+00 1.862092820413583638e+02 1.158996219201473679e+02 2.113499401586044826e+02
4.000000000000000000e+00 1.791624085734228267e+00 1.871947630920988672e+02 1.166304966391462727e+02 2.126478090221054629e+02
