% raindrop T-matrix calculations using the code of Leinonen, J., "Python code for T-matrix scattering calculations". Available at https://github.com/jleinonen/pytmatrix/. 
% 
% refractive index calculations after Ray, P., 1972:  Broadband Complex Refractive Indices of Ice and Water, Appl. Opt. 11, 1836-1844 
% 
% raindrop aspect ratio estimated with the methodology of Brandes, Edward & Zhang, Guifu & Vivekanandan, Jothiram. (2005). Corrigendum. Journal of Applied Meteorology. 44. 186-. 10.1175/1520-0450(2005)44<186:C>2.0.CO;2. 
% 
% wave length: 31.228381 mm 
% temperature: 263.15 K 
% refractive index: 6.396409988403320312e+00 + 3.143551349639892578e+00 i 
% 
%r_eqv[mm]               axial ratio              ext[mm2]                 sca[mm2]                 back[mm2]
5.000000000000000104e-03 9.999900000999989436e-01 1.407870395189424919e-08 1.995299278588290103e-16 2.992941890748763037e-16
1.000000000000000021e-02 9.999900000999989436e-01 1.126404117098100530e-07 1.276996104151213389e-14 1.915475876683914075e-14
1.499999999999999944e-02 9.999900000999989436e-01 3.802221145043490841e-07 1.454586643860353887e-13 2.181832979927870444e-13
2.000000000000000042e-02 9.999900000999989436e-01 9.014687961384279061e-07 8.172887823403726282e-13 1.225886192935394273e-12
2.500000000000000139e-02 9.999900000999989436e-01 1.761187867256683913e-06 3.117741737079289594e-12 4.676332450117812984e-12
2.999999999999999889e-02 9.999900000999989436e-01 3.044403467474869964e-06 9.309645825811906480e-12 1.396326382879492593e-11
3.500000000000000333e-02 9.999900000999989436e-01 4.836411071524263428e-06 2.347580057886212175e-11 3.520956478972259231e-11
4.000000000000000083e-02 9.999900000999989436e-01 7.222832378681111093e-06 5.230938745329317249e-11 7.845204303910148139e-11
4.499999999999999833e-02 9.999900000999989436e-01 1.028967146911035111e-05 1.060481864398685786e-10 1.590413909518989911e-10
5.000000000000000278e-02 9.999900000999989436e-01 1.412336615373596458e-05 1.995527440520677165e-10 2.992573581147708923e-10
5.500000000000000028e-02 9.999900000999989436e-01 1.881085172110101404e-05 3.535284823493318746e-10 5.301389026394988540e-10
5.999999999999999778e-02 9.999900000999989436e-01 2.443960524380028968e-05 5.958916138736474485e-10 8.935288729833668241e-10
6.500000000000000222e-02 9.999900000999989436e-01 3.109771023887344141e-05 9.632798400473845425e-10 1.444334411910566477e-09
7.000000000000000666e-02 9.999900000999989436e-01 3.887391569218600880e-05 1.502706340250689395e-09 2.253000540703292844e-09
7.499999999999999722e-02 9.999900000999989436e-01 4.785767856182599064e-05 2.273359018907373276e-09 3.408199542042177716e-09
8.000000000000000167e-02 9.999900000999989436e-01 5.813923976156873977e-05 3.348543244735697161e-09 5.019733132998274204e-09
8.500000000000000611e-02 9.999900000999989436e-01 6.980966059840808323e-05 4.817770521617431582e-09 7.221650696064584417e-09
8.999999999999999667e-02 9.999900000999989436e-01 8.296089865047933981e-05 6.788989876679859176e-09 1.017557833354938438e-08
9.500000000000000111e-02 9.999900000999989436e-01 9.768586114695693590e-05 9.390966209620385475e-09 1.407426465599221049e-08
1.000000000000000056e-01 9.999900000999989436e-01 1.140784553878099547e-04 1.277580516531061317e-08 1.914534218530484552e-08
1.049999999999999961e-01 9.999900000999989436e-01 1.322336555280608352e-04 1.712161232876671777e-08 2.565528555508651686e-08
1.100000000000000006e-01 9.999900000999989436e-01 1.522475493601475362e-04 2.263531553817103371e-08 3.391360918455630930e-08
1.150000000000000050e-01 9.999900000999989436e-01 1.742174264688636440e-04 2.955562336304700562e-08 4.427726340827150300e-08
1.199999999999999956e-01 9.999900000999989436e-01 1.982418123682188791e-04 3.815611592639862542e-08 5.715522279259625324e-08
1.250000000000000000e-01 9.999900000999989436e-01 2.244205100329071533e-04 4.874851303567487267e-08 7.301333341799210853e-08
1.300000000000000044e-01 9.999900000999989436e-01 2.528547467135760650e-04 6.168606221656713454e-08 9.237933239430211819e-08
1.350000000000000089e-01 9.999900000999989436e-01 2.836470862674374651e-04 7.736707993831082162e-08 1.158480888621065812e-07
1.400000000000000133e-01 9.999900000999989436e-01 3.169016914072076037e-04 9.623863940989094922e-08 1.440870559176297812e-07
1.449999999999999900e-01 9.999900000999989436e-01 3.527241496454741328e-04 1.188004037660298211e-07 1.778419308468520489e-07
1.499999999999999944e-01 9.999900000999989436e-01 3.912217966867184682e-04 1.456086498886094678e-07 2.179425907147606824e-07
1.549999999999999989e-01 9.999900000999989436e-01 4.325034928030934605e-04 1.772803211374591368e-07 2.653090604659662340e-07
1.600000000000000033e-01 9.999900000999989436e-01 4.766799885223572670e-04 2.144973497370386652e-07 3.209578728966303725e-07
1.650000000000000078e-01 9.999900000999989436e-01 5.238636715567757465e-04 2.580111230305583178e-07 3.860086318942590150e-07
1.700000000000000122e-01 9.999900000999989436e-01 5.741690426577427059e-04 3.086469953899868921e-07 4.616906304029140475e-07
1.750000000000000167e-01 9.999900000999989436e-01 6.277122449478468331e-04 3.673090405911613238e-07 5.493498140638350955e-07
1.799999999999999933e-01 9.999900000999989436e-01 6.846115802756303978e-04 4.349848758524482376e-07 6.504558371696311084e-07
1.849999999999999978e-01 9.999900000999989436e-01 7.449875004173946028e-04 5.127507185865912200e-07 7.666094513474277958e-07
1.900000000000000022e-01 1.000338260324268314e+00 8.091582088061661853e-04 6.019319212714053152e-07 8.997832772812690990e-07
1.950000000000000067e-01 1.000344839311130496e+00 8.768764935077300818e-04 7.035166821424432778e-07 1.051441447529486547e-06
2.000000000000000111e-01 1.000357515291503407e+00 9.484508501343126520e-04 8.190127523080398401e-07 1.223825396031423912e-06
2.050000000000000155e-01 1.000376259251188893e+00 1.024011515650350345e-03 9.499064134116457025e-07 1.419141429689691214e-06
2.099999999999999922e-01 1.000401042453005207e+00 1.103691282364931744e-03 1.097800256353480374e-06 1.639767250322214247e-06
2.149999999999999967e-01 1.000431836433301802e+00 1.187625358834030077e-03 1.264419631956749205e-06 1.888261314331249437e-06
2.200000000000000011e-01 1.000468612998516083e+00 1.275951867947906250e-03 1.451618170409607826e-06 2.167370771862140788e-06
2.250000000000000056e-01 1.000511344221778787e+00 1.368811336744572924e-03 1.661384772821581424e-06 2.480041586525588444e-06
2.300000000000000100e-01 1.000560002439564444e+00 1.466347219966127350e-03 1.895849552134676427e-06 2.829427056745751378e-06
2.350000000000000144e-01 1.000614560248383578e+00 1.568705903950355857e-03 2.157290851453019935e-06 3.218897922432882207e-06
2.399999999999999911e-01 1.000674990501522643e+00 1.676036651857747140e-03 2.448142357989019099e-06 3.652052589281617289e-06
2.449999999999999956e-01 1.000741266305821942e+00 1.788491655315201751e-03 2.770998117969812142e-06 4.132724178162868851e-06
2.500000000000000000e-01 1.000813361018499714e+00 1.906226435092262797e-03 3.128623279416484250e-06 4.664996120191933137e-06
2.550000000000000044e-01 1.000891248244015541e+00 2.029399373198781213e-03 3.523957476221746834e-06 5.253206703435561513e-06
2.600000000000000089e-01 1.000974901830975039e+00 2.158172373034658587e-03 3.960125335216929900e-06 5.901964251229758969e-06
2.650000000000000133e-01 1.001064295869075416e+00 2.292710683085685559e-03 4.440442588949353456e-06 6.616155687090907121e-06
2.700000000000000178e-01 1.001159404686088994e+00 2.433182591219109573e-03 4.968424391083884012e-06 7.400958361271223334e-06
2.750000000000000222e-01 1.001260202844886926e+00 2.579760453940703122e-03 5.547792676670913372e-06 8.261850401228134361e-06
2.800000000000000266e-01 1.001366665140501100e+00 2.732619701014577483e-03 6.182485666132124417e-06 9.204624255804150562e-06
2.850000000000000311e-01 1.001478766597222014e+00 2.891939569660404406e-03 6.876664810370586008e-06 1.023539635027312235e-05
2.899999999999999800e-01 1.001596482465736404e+00 3.057903143669334078e-03 7.634723184313604809e-06 1.136061885588157370e-05
2.949999999999999845e-01 1.001719788220298835e+00 3.230697626907572118e-03 8.461295692796237897e-06 1.258709418699496474e-05
2.999999999999999889e-01 1.001848659555939935e+00 3.410513198392462180e-03 9.361267327330806401e-06 1.392198642716499849e-05
3.049999999999999933e-01 1.001983072385710605e+00 3.597545324131561171e-03 1.033978213271378076e-05 1.537283393280640021e-05
3.099999999999999978e-01 1.002123002837959964e+00 3.791992374443659778e-03 1.140224949376875920e-05 1.694755769238938571e-05
3.150000000000000022e-01 1.002268427253648841e+00 3.994057538047845503e-03 1.255436137920828647e-05 1.865448618435627110e-05
3.200000000000000067e-01 1.002419322183694117e+00 4.203948290308755220e-03 1.380209184189727461e-05 2.050235358963148645e-05
3.250000000000000111e-01 1.002575664386349930e+00 4.421876049142078359e-03 1.515171762095760303e-05 2.250032945468208331e-05
3.300000000000000155e-01 1.002737430824617970e+00 4.648057150115992263e-03 1.660981415665784548e-05 2.465801164223076878e-05
3.350000000000000200e-01 1.002904598663692415e+00 4.882712089521887289e-03 1.818327976639886158e-05 2.698546126991788495e-05
3.400000000000000244e-01 1.003077145268434833e+00 5.126066603593690089e-03 1.987934178345406475e-05 2.949321054025292962e-05
3.450000000000000289e-01 1.003255048200880628e+00 5.378350177609209949e-03 2.170556168388835820e-05 3.219226931379657778e-05
3.500000000000000333e-01 1.003438285217776782e+00 5.639798352908000252e-03 2.366984798586323313e-05 3.509414272692978909e-05
3.549999999999999822e-01 1.003626834268148693e+00 5.910650513647764011e-03 2.578047606708302322e-05 3.821085963952926701e-05
3.599999999999999867e-01 1.003820673490896542e+00 6.191151030231501103e-03 2.804608467625533530e-05 4.155496584150278637e-05
3.649999999999999911e-01 1.004019781212422524e+00 6.481550459543712964e-03 3.047569226597223000e-05 4.513954684996959987e-05
3.699999999999999956e-01 1.004224135944284502e+00 6.782104083569277103e-03 3.307872607546573980e-05 4.897826981871371543e-05
3.750000000000000000e-01 1.004433716380879638e+00 7.093071876401250454e-03 3.586500321318185309e-05 5.308535360127545483e-05
3.800000000000000044e-01 1.004648501397155336e+00 7.414719724128705086e-03 3.884476311106949570e-05 5.747561545519855189e-05
3.850000000000000089e-01 1.004868470046347273e+00 7.747319249269130417e-03 4.202868014370796719e-05 6.216448807227351113e-05
3.900000000000000133e-01 1.005093601557745631e+00 8.091147386522105911e-03 4.542785236475593586e-05 6.716800088038931272e-05
3.950000000000000178e-01 1.005323875334485528e+00 8.446486900577475018e-03 4.905386192827857356e-05 7.250286836935857524e-05
4.000000000000000222e-01 1.005559270951367434e+00 8.813627004894838968e-03 5.291873146429801008e-05 7.818642276951201172e-05
4.050000000000000266e-01 1.005799768152698448e+00 9.192860279124340575e-03 5.703496864288955465e-05 8.423667884919313795e-05
4.100000000000000311e-01 1.006045346850164002e+00 9.584489903805160776e-03 6.141559038894187073e-05 9.067236717814211393e-05
4.150000000000000355e-01 1.006295987120720881e+00 9.988820542003694347e-03 6.607409851069732552e-05 9.751289638972560037e-05
4.199999999999999845e-01 1.006551669204517108e+00 1.040616634606966566e-02 7.102454193331620531e-05 1.047784430715582757e-04
4.249999999999999889e-01 1.006812373502834479e+00 1.083684647031697874e-02 7.628147040134496202e-05 1.124898802410093953e-04
4.299999999999999933e-01 1.007078080576055967e+00 1.128118562760675042e-02 8.185999811840681713e-05 1.206688705484968869e-04
4.349999999999999978e-01 1.007348771141657329e+00 1.173951874121952413e-02 8.777582166186555972e-05 1.293378894521311816e-04
4.400000000000000022e-01 1.007624426072219359e+00 1.221218230611579789e-02 9.404517727252340042e-05 1.385201594154064349e-04
4.450000000000000067e-01 1.007905026393466796e+00 1.269952463576419673e-02 1.006849235637629426e-04 1.482397704490140368e-04
4.500000000000000111e-01 1.008190553282325652e+00 1.320189748899242878e-02 1.077124984320673495e-04 1.585216127350890490e-04
4.550000000000000155e-01 1.008480988065006079e+00 1.371966089272037143e-02 1.151459945833122024e-04 1.693914868265891779e-04
4.600000000000000200e-01 1.008776312215104998e+00 1.425318333606699454e-02 1.230041268737659861e-04 1.808760512911476877e-04
4.650000000000000244e-01 1.009076507351731156e+00 1.480283823051063187e-02 1.313062584034991253e-04 1.930028592210535250e-04
4.700000000000000289e-01 1.009381555237651273e+00 1.536900849697278755e-02 1.400724017614017451e-04 2.058003560537852931e-04
4.750000000000000333e-01 1.009691437777457068e+00 1.595208285742803767e-02 1.493233071890096692e-04 2.192980083417934967e-04
4.799999999999999822e-01 1.010006137015752481e+00 1.655245845136687349e-02 1.590803942219248270e-04 2.335261981899260455e-04
4.849999999999999867e-01 1.010325635135361333e+00 1.717054264109502473e-02 1.693658267407329636e-04 2.485163312954379727e-04
4.899999999999999911e-01 1.010649914455556075e+00 1.780674598911055617e-02 1.802024344633249291e-04 2.643007176596077123e-04
4.949999999999999956e-01 1.010978957430304748e+00 1.846149135178185713e-02 1.916138911201702860e-04 2.809128313370413857e-04
5.000000000000000000e-01 1.011312746646537475e+00 1.913520752292001414e-02 2.036245681850754464e-04 2.983870902307035524e-04
5.050000000000000044e-01 1.011651264822433394e+00 1.982833225464036842e-02 2.162596892352342112e-04 3.167590816880826296e-04
5.100000000000000089e-01 1.011994494805724676e+00 2.054131135375797390e-02 2.295452046551276957e-04 3.360653722719615503e-04
5.150000000000000133e-01 1.012342419572020980e+00 2.127460034153431934e-02 2.435079925051491774e-04 3.563438012261078806e-04
5.200000000000000178e-01 1.012695022223150554e+00 2.202866373516184154e-02 2.581756954651365709e-04 3.776332348498899634e-04
5.250000000000000222e-01 1.013052285985520662e+00 2.280397153727262496e-02 2.735768455746862633e-04 3.999737493165503506e-04
5.300000000000000266e-01 1.013414194208494434e+00 2.360100773942389735e-02 2.897408089791504065e-04 4.234065407080921020e-04
5.350000000000000311e-01 1.013780730362787486e+00 2.442026151895223054e-02 3.066979670036622382e-04 4.479741907687482009e-04
5.400000000000000355e-01 1.014151878038878962e+00 2.526223509144749982e-02 3.244795339342095302e-04 4.737203933882529736e-04
5.450000000000000400e-01 1.014527620945441466e+00 2.612743508081253815e-02 3.431176051357895016e-04 5.006900206939332533e-04
5.500000000000000444e-01 1.014907942907788518e+00 2.701638281387538920e-02 3.626454088191197601e-04 5.289294892723937899e-04
5.550000000000000488e-01 1.015292827866336012e+00 2.792960611152973602e-02 3.830970088138323086e-04 5.584863167464826318e-04
5.600000000000000533e-01 1.015682259875082316e+00 2.886764376419890740e-02 4.045075051076887159e-04 5.894094171562262773e-04
5.650000000000000577e-01 1.016076223100103704e+00 2.983104482699994869e-02 4.269131132622454045e-04 6.217492047615541745e-04
5.700000000000000622e-01 1.016474701818065096e+00 3.082036933855799091e-02 4.503509300300617213e-04 6.555572517655804685e-04
5.750000000000000666e-01 1.016877680414747243e+00 3.183618418865526850e-02 4.748592616084104461e-04 6.908867604257677491e-04
5.799999999999999600e-01 1.017285143383589441e+00 3.287907315754887150e-02 5.004773325133510947e-04 7.277921350511423618e-04
5.849999999999999645e-01 1.017697075324246692e+00 3.394962358676536368e-02 5.272458480208955548e-04 7.663297994539878741e-04
5.899999999999999689e-01 1.018113460941162618e+00 3.504843881055967614e-02 5.552060826319891789e-04 8.065568517046968347e-04
5.949999999999999734e-01 1.018534285042156151e+00 3.617613159739688916e-02 5.844010164156743931e-04 8.485327337255714432e-04
5.999999999999999778e-01 1.018959532537025314e+00 3.733332322652840179e-02 6.148744551160766156e-04 8.923179235858722793e-04
6.049999999999999822e-01 1.019389188436160998e+00 3.852065104849237975e-02 6.466715085768792075e-04 9.379746420872966907e-04
6.099999999999999867e-01 1.019823237849180497e+00 3.973876176993051956e-02 6.798386277123102906e-04 9.855668981598548692e-04
6.149999999999999911e-01 1.020261665983570154e+00 4.098830986639099422e-02 7.144233784395740035e-04 1.035160148207526359e-03
6.199999999999999956e-01 1.020704458143344873e+00 4.226997088411655473e-02 7.504745814982132944e-04 1.086821496895130261e-03
6.250000000000000000e-01 1.021151599727719406e+00 4.358442054290461581e-02 7.880424811934332724e-04 1.140619936885832637e-03
6.300000000000000044e-01 1.021603076229795626e+00 4.493235981974420812e-02 8.271786386924632030e-04 1.196626196956810349e-03
6.350000000000000089e-01 1.022058873235258902e+00 4.631448916789012576e-02 8.679358051933760759e-04 1.254912528600912128e-03
6.400000000000000133e-01 1.022518976421092685e+00 4.773153088534912852e-02 9.103683862446272602e-04 1.315553401262883285e-03
6.450000000000000178e-01 1.022983371554301524e+00 4.918421333305486587e-02 9.545318827966567388e-04 1.378624667384893178e-03
6.500000000000000222e-01 1.023452044490649859e+00 5.067328343137481039e-02 1.000483508770970377e-03 1.444204458930376054e-03
6.550000000000000266e-01 1.023924981173411908e+00 5.219950022582698496e-02 1.048281775906887000e-03 1.512372577582571723e-03
6.600000000000000311e-01 1.024402167632133542e+00 5.376363103125449822e-02 1.097986812698347869e-03 1.583210947323530860e-03
6.650000000000000355e-01 1.024883589981409493e+00 5.536646206885947885e-02 1.149659930604561868e-03 1.656802983308412964e-03
6.700000000000000400e-01 1.025369234419667430e+00 5.700878956841973905e-02 1.203364618752139972e-03 1.733235037825450091e-03
6.750000000000000444e-01 1.025859087227968924e+00 5.869142854894927874e-02 1.259165252886984381e-03 1.812594488585657880e-03
6.800000000000000488e-01 1.026353134768820174e+00 6.041519754993401187e-02 1.317128120944446824e-03 1.894971260046412424e-03
6.850000000000000533e-01 1.026851363484993174e+00 6.218094370772810769e-02 1.377321310131306847e-03 1.980457629898628186e-03
6.900000000000000577e-01 1.027353759898360641e+00 6.398951781366078728e-02 1.439814179968259460e-03 2.069147456021466162e-03
6.950000000000000622e-01 1.027860310608740946e+00 6.584178427593258276e-02 1.504678315038818779e-03 2.161137570066245118e-03
7.000000000000000666e-01 1.028371002292754355e+00 6.773863275601121892e-02 1.571986445470331456e-03 2.256526171481088461e-03
7.049999999999999600e-01 1.028885821702690384e+00 6.968095657686394773e-02 1.641813398192019501e-03 2.355414241780218795e-03
7.099999999999999645e-01 1.029404755665387139e+00 7.166967435273993714e-02 1.714235982072201707e-03 2.457905348574359293e-03
7.149999999999999689e-01 1.029927791081118427e+00 7.370570485607358391e-02 1.789331970835591080e-03 2.564104135113869087e-03
7.199999999999999734e-01 1.030454914922495746e+00 7.579000247939386703e-02 1.867182425040752594e-03 2.674119755771625813e-03
7.249999999999999778e-01 1.030986114233377604e+00 7.792351826654274338e-02 1.947868788492240853e-03 2.788061583478547260e-03
7.299999999999999822e-01 1.031521376127789047e+00 8.010723540237507656e-02 2.031475246444166324e-03 2.906042652016870790e-03
7.349999999999999867e-01 1.032060687788854958e+00 8.234213902573923882e-02 2.118087897189474458e-03 3.028178452159730524e-03
7.399999999999999911e-01 1.032604036467738684e+00 8.462923791210669178e-02 2.207794366431354779e-03 3.154586360557022628e-03
7.449999999999999956e-01 1.033151409482594651e+00 8.696956122660802480e-02 2.300685647016998802e-03 3.285388311089761353e-03
7.500000000000000000e-01 1.033702794217528753e+00 8.936414163478156869e-02 2.396852422641687370e-03 3.420705408528546508e-03
7.550000000000000044e-01 1.034258178121568061e+00 9.181404562094551414e-02 2.496389796474920639e-03 3.560664854479885129e-03
7.600000000000000089e-01 1.034817548707643198e+00 9.432034328274624402e-02 2.599393532325432622e-03 3.705394418345566397e-03
7.650000000000000133e-01 1.035380893551575587e+00 9.688412499414141010e-02 2.705962505085573750e-03 3.855026034753745567e-03
7.700000000000000178e-01 1.035948200291078702e+00 9.950650161723570419e-02 2.816197282345491489e-03 4.009693717858112301e-03
7.750000000000000222e-01 1.036519456624765523e+00 1.021886108307911295e-01 2.930200624664820296e-03 4.169534270672726334e-03
7.800000000000000266e-01 1.037094650311166655e+00 1.049315842328760739e-01 3.048078056435788840e-03 4.334688109806799673e-03
7.850000000000000311e-01 1.037673769167756666e+00 1.077365867970392910e-01 3.169936856611584551e-03 4.505297819796276124e-03
7.900000000000000355e-01 1.038256801069989743e+00 1.106048074992481700e-01 3.295886620857046805e-03 4.681508912702262749e-03
7.950000000000000400e-01 1.038843733950345127e+00 1.135374455961274676e-01 3.426039843251411487e-03 4.863470734104116851e-03
8.000000000000000444e-01 1.039434555797379867e+00 1.165357137882373495e-01 3.560511440446982850e-03 5.051335660530715740e-03
8.050000000000000488e-01 1.040029254654790458e+00 1.196008588629613317e-01 3.699418777049510564e-03 5.245259293925533597e-03
8.100000000000000533e-01 1.040627818620484257e+00 1.227341243139841581e-01 3.842881099010174006e-03 5.445399436127064223e-03
8.150000000000000577e-01 1.041230235845658436e+00 1.259368076248969515e-01 3.991020768348254449e-03 5.651918003827999248e-03
8.200000000000000622e-01 1.041836494533886492e+00 1.292101830485510028e-01 4.143963321468311679e-03 5.864981101702368763e-03
8.250000000000000666e-01 1.042446582940215416e+00 1.325555821018918334e-01 4.301835685867142108e-03 6.084756353791554405e-03
8.300000000000000711e-01 1.043060489370268407e+00 1.359743398533251879e-01 4.464768677771888128e-03 6.311416582170607976e-03
8.349999999999999645e-01 1.043678202179357140e+00 1.394678086653641236e-01 4.632894514903498559e-03 6.545136211588991129e-03
8.399999999999999689e-01 1.044299709771603135e+00 1.430373610429402920e-01 4.806349462495870285e-03 6.786094987066670914e-03
8.449999999999999734e-01 1.044925000599063569e+00 1.466844101084386898e-01 4.985272595083507438e-03 7.034476357849420679e-03
8.499999999999999778e-01 1.045554063160868408e+00 1.504103557096067301e-01 5.169805114471234114e-03 7.290466269266605327e-03
8.549999999999999822e-01 1.046186886002363758e+00 1.542166450581671511e-01 5.360091104499841060e-03 7.554254438434148192e-03
8.599999999999999867e-01 1.046823457714263217e+00 1.581047458140437401e-01 5.556278983584040168e-03 7.826036339010352533e-03
8.649999999999999911e-01 1.047463766931806317e+00 1.620761324352433530e-01 5.758517970115840413e-03 8.106008105061587518e-03
8.699999999999999956e-01 1.048107802333925420e+00 1.661323136117714705e-01 5.966963253393084768e-03 8.394374052884000584e-03
8.750000000000000000e-01 1.048755552642418598e+00 1.702748175800437580e-01 6.181769303279173629e-03 8.691336919229577032e-03
8.800000000000000044e-01 1.049407006621131844e+00 1.745051807453269210e-01 6.403098314829152628e-03 8.997110186706434171e-03
8.850000000000000089e-01 1.050062153075147497e+00 1.788249923355488546e-01 6.631111754625468313e-03 9.311905674567163074e-03
8.900000000000000133e-01 1.050720980849978670e+00 1.832358293301692420e-01 6.865976659286208289e-03 9.635942876899160695e-03
8.950000000000000178e-01 1.051383478830772988e+00 1.877393086515777021e-01 7.107862550101893238e-03 9.969444227998430080e-03
9.000000000000000222e-01 1.052049635941522787e+00 1.923370880447550224e-01 7.356943067598465356e-03 1.031263779873873611e-02
9.050000000000000266e-01 1.052719441144281065e+00 1.970308055169813222e-01 7.613393550210528597e-03 1.066575342478070891e-02
9.100000000000000311e-01 1.053392883438386107e+00 2.018221659532063728e-01 7.877395310425002253e-03 1.102902915411297854e-02
9.150000000000000355e-01 1.054069951859691656e+00 2.067128683601926198e-01 8.149131412988239523e-03 1.140270509086403934e-02
9.200000000000000400e-01 1.054750635479804632e+00 2.117046521871513154e-01 8.428788435501488596e-03 1.178702576794515670e-02
9.250000000000000444e-01 1.055434923405329073e+00 2.167992769919594720e-01 8.716558337394030367e-03 1.218224320204189942e-02
9.300000000000000488e-01 1.056122804777117841e+00 2.219985097029557042e-01 9.012634925281620690e-03 1.258861129972268719e-02
9.350000000000000533e-01 1.056814268769528553e+00 2.273041709613239370e-01 9.317217516460881907e-03 1.300639165909872434e-02
9.400000000000000577e-01 1.057509304589689725e+00 2.327180953191587132e-01 9.630507378665912818e-03 1.343584807409312944e-02
9.450000000000000622e-01 1.058207901476769797e+00 2.382421174157405286e-01 9.952711385361596302e-03 1.387725192964353940e-02
9.500000000000000666e-01 1.058910048701254603e+00 2.438781393375038797e-01 1.028403847707380463e-02 1.433087723145153557e-02
9.550000000000000711e-01 1.059615735564230832e+00 2.496280369421455536e-01 1.062470536913820603e-02 1.479700852759658312e-02
9.599999999999999645e-01 1.060324951396675930e+00 2.554937798078706357e-01 1.097492687330274552e-02 1.527592711688461995e-02
9.649999999999999689e-01 1.061037685558753330e+00 2.614773112052395931e-01 1.133492572338707163e-02 1.576792554158250315e-02
9.699999999999999734e-01 1.061753927439116119e+00 2.675806016789514796e-01 1.170493313842521990e-02 1.627330779513195408e-02
9.749999999999999778e-01 1.062473666454213594e+00 2.738056486465079709e-01 1.208517392138862973e-02 1.679236833965724873e-02
9.799999999999999822e-01 1.063196892047607145e+00 2.801545170156589104e-01 1.247588558099125243e-02 1.732541944701210604e-02
9.849999999999999867e-01 1.063923593689290348e+00 2.866292452797092882e-01 1.287731005816049150e-02 1.787277918033893659e-02
9.899999999999999911e-01 1.064653760875015509e+00 2.932319391282581789e-01 1.328968930419677924e-02 1.843476560287989757e-02
9.949999999999999956e-01 1.065387383125626419e+00 2.999647045538899048e-01 1.371327182308401671e-02 1.901170530324678212e-02
1.000000000000000000e+00 1.066124449986396217e+00 3.068296746780205253e-01 1.414831066679849043e-02 1.960393133479344796e-02
1.005000000000000115e+00 1.066864951026373021e+00 3.138291275523660828e-01 1.459509905961989089e-02 2.021183873641899456e-02
1.010000000000000009e+00 1.067608875837728233e+00 3.209651483663675808e-01 1.505386643155002917e-02 2.083572163741955960e-02
1.015000000000000124e+00 1.068356214035114826e+00 3.282399649767429040e-01 1.552488476434297875e-02 2.147593903705485516e-02
1.020000000000000018e+00 1.069106955255026969e+00 3.356558187118150460e-01 1.600842109922947717e-02 2.213284242697462212e-02
1.024999999999999911e+00 1.069861089155168976e+00 3.432149781070052419e-01 1.650475715642881619e-02 2.280680459763259962e-02
1.030000000000000027e+00 1.070618605413826918e+00 3.509197658580998636e-01 1.701417721769126618e-02 2.349820107577638498e-02
1.034999999999999920e+00 1.071379493729249344e+00 3.587724928089799925e-01 1.753696290687480064e-02 2.420740382936848595e-02
1.040000000000000036e+00 1.072143743819029771e+00 3.667755192356399463e-01 1.807341376328739854e-02 2.493481006365192570e-02
1.044999999999999929e+00 1.072911345419497398e+00 3.749312367647594235e-01 1.862382413231038897e-02 2.568080920995883740e-02
1.050000000000000044e+00 1.073682288285112474e+00 3.832420499927572943e-01 1.918850154616242448e-02 2.644580977847669351e-02
1.054999999999999938e+00 1.074456562187866782e+00 3.917104161527839024e-01 1.976775078763214413e-02 2.723021563751433158e-02
1.060000000000000053e+00 1.075234156916690775e+00 4.003387805063075011e-01 2.036189020659216753e-02 2.803445062707670202e-02
1.064999999999999947e+00 1.076015062276864054e+00 4.091296550674604626e-01 2.097123807432554887e-02 2.885893768902524428e-02
1.070000000000000062e+00 1.076799268089433603e+00 4.180855654150646972e-01 2.159612396579069921e-02 2.970411660301353410e-02
1.074999999999999956e+00 1.077586764190635593e+00 4.272090912388681327e-01 2.223687449092944315e-02 3.057042214490628129e-02
1.080000000000000071e+00 1.078377540431322945e+00 4.365027457373266140e-01 2.289383349915917465e-02 3.145831437476005743e-02
1.084999999999999964e+00 1.079171586676399119e+00 4.459691887097058105e-01 2.356733897486467874e-02 3.236824489247860231e-02
1.090000000000000080e+00 1.079968892804255898e+00 4.556110681246335337e-01 2.425774675405664715e-02 3.330069052786843731e-02
1.094999999999999973e+00 1.080769448706216718e+00 4.654310045359082992e-01 2.496540962923906454e-02 3.425612423865870282e-02
1.100000000000000089e+00 1.081573244285985780e+00 4.754317534756112851e-01 2.569068942794876589e-02 3.523503205034266006e-02
1.104999999999999982e+00 1.082380269459101152e+00 4.856160022499603213e-01 2.643395734616677331e-02 3.623791333811649668e-02
1.110000000000000098e+00 1.083190514152395201e+00 4.959864804370033298e-01 2.719558442071817392e-02 3.726526830721543782e-02
1.114999999999999991e+00 1.084003968303457022e+00 5.065460101502419210e-01 2.797595777501869427e-02 3.831761914870002173e-02
1.120000000000000107e+00 1.084820621860102863e+00 5.172973610616274920e-01 2.877545776010331097e-02 3.939548021364868563e-02
1.125000000000000000e+00 1.085640464779849657e+00 5.282434230567930600e-01 2.959449483340065995e-02 4.049940800762438092e-02
1.130000000000000115e+00 1.086463487029394992e+00 5.393870328474994480e-01 3.043344880573244440e-02 4.162991661882825545e-02
1.135000000000000009e+00 1.087289678584100638e+00 5.507310405951142407e-01 3.129274687489793511e-02 4.278758829926086055e-02
1.140000000000000124e+00 1.088119029427482509e+00 5.622784174311754590e-01 3.217279606387522112e-02 4.397297600277435409e-02
1.145000000000000018e+00 1.088951529550704622e+00 5.740321211172084714e-01 3.307402390139148329e-02 4.518666445406608473e-02
1.150000000000000133e+00 1.089787168952079055e+00 5.859951091058622774e-01 3.399685073318991363e-02 4.642922706564470842e-02
1.155000000000000027e+00 1.090625937636568565e+00 5.981703670528146777e-01 3.494172558515547949e-02 4.770128055840480719e-02
1.159999999999999920e+00 1.091467825615297427e+00 6.105609328215964027e-01 3.590909040654934742e-02 4.900343110791889611e-02
1.165000000000000036e+00 1.092312822905064262e+00 6.231698986694919062e-01 3.689939436018974811e-02 5.033629708867187746e-02
1.169999999999999929e+00 1.093160919527861763e+00 6.360003302176137074e-01 3.791310140512231530e-02 5.170051838625080304e-02
1.175000000000000044e+00 1.094012105510399513e+00 6.490553201772182312e-01 3.895066784904818030e-02 5.309672521764639830e-02
1.179999999999999938e+00 1.094866370883633921e+00 6.623380412538621975e-01 4.001258855592481484e-02 5.452560442606022711e-02
1.185000000000000053e+00 1.095723705682299487e+00 6.758516394303072383e-01 4.109933492720967141e-02 5.598781024282369068e-02
1.189999999999999947e+00 1.096584099944449830e+00 6.895992878320020836e-01 4.221140205376550103e-02 5.748403253257219209e-02
1.195000000000000062e+00 1.097447543710998508e+00 7.035842663352308568e-01 4.334928502048304017e-02 5.901496185119070592e-02
1.199999999999999956e+00 1.098314027025267592e+00 7.178097479840780393e-01 4.451349470722360674e-02 6.058131318474017230e-02
1.205000000000000071e+00 1.099183539932540254e+00 7.322790671773713456e-01 4.570455909112543236e-02 6.218382766816581836e-02
1.209999999999999964e+00 1.100056072479618674e+00 7.469955037419648836e-01 4.692298920448707139e-02 6.382322405799224774e-02
1.215000000000000080e+00 1.100931614714385054e+00 7.619623643091391063e-01 4.816932128320278866e-02 6.550025895229964756e-02
1.219999999999999973e+00 1.101810156685369746e+00 7.771830092961731218e-01 4.944410002011379729e-02 6.721570274579777293e-02
1.225000000000000089e+00 1.102691688441321372e+00 7.926607456844065869e-01 5.074787885442582497e-02 6.897034089417887481e-02
1.229999999999999982e+00 1.103576200030784493e+00 8.083990674005675503e-01 5.208122046347104378e-02 7.076497312822666030e-02
1.235000000000000098e+00 1.104463681501680172e+00 8.244013618935210896e-01 5.344468690651297399e-02 7.260040164021802633e-02
1.239999999999999991e+00 1.105354122900890967e+00 8.406710421763902152e-01 5.483886770228736662e-02 7.447746993917152281e-02
1.245000000000000107e+00 1.106247514273852595e+00 8.572115491225984485e-01 5.626434300685794615e-02 7.639701116290144312e-02
1.250000000000000000e+00 1.107143845664148030e+00 8.740264566169584359e-01 5.772171172270060963e-02 7.835988687808073672e-02
1.255000000000000115e+00 1.108043107113107384e+00 8.911192031187411544e-01 5.921159145142420449e-02 8.036698839378218773e-02
1.260000000000000009e+00 1.108945288659413109e+00 9.084933906276430049e-01 6.073459053542199643e-02 8.241919815588309717e-02
1.265000000000000124e+00 1.109850380338708309e+00 9.261524847003805849e-01 6.229133619038237230e-02 8.451742635980889762e-02
1.270000000000000018e+00 1.110758372183210829e+00 9.441001120934043866e-01 6.388247557755122319e-02 8.666261735460768778e-02
1.275000000000000133e+00 1.111669254221331116e+00 9.623398186756724204e-01 6.550864596579006327e-02 8.885570236118311982e-02
1.280000000000000027e+00 1.112583016477296738e+00 9.808752579813170280e-01 6.717051443807864342e-02 9.109766084155224153e-02
1.284999999999999920e+00 1.113499648970778022e+00 9.997100807073672213e-01 6.886874872495198086e-02 9.338947535827708812e-02
1.290000000000000036e+00 1.114419141716522343e+00 1.018847886770382516e+00 7.060402643474242290e-02 9.573214700772408881e-02
1.294999999999999929e+00 1.115341484723989307e+00 1.038292327119880287e+00 7.237703566398544230e-02 9.812669650016526968e-02
1.300000000000000044e+00 1.116266667996994588e+00 1.058047187506567788e+00 7.418847520473358104e-02 1.005741625703206327e-01
1.304999999999999938e+00 1.117194681533353773e+00 1.078116064825958675e+00 7.603907604156023847e-02 1.030756352941736842e-01
1.310000000000000053e+00 1.118125515324534858e+00 1.098502689514348374e+00 7.792953686269511737e-02 1.056321632356834322e-01
1.314999999999999947e+00 1.119059159355313193e+00 1.119210872225103293e+00 7.986061105632392965e-02 1.082448782182807157e-01
1.320000000000000062e+00 1.119995603603431533e+00 1.140244262764818606e+00 8.183304100926409863e-02 1.109148998184380230e-01
1.324999999999999956e+00 1.120934838039265857e+00 1.161606668939420883e+00 8.384758079592474767e-02 1.136433696495942614e-01
1.330000000000000071e+00 1.121876852625492305e+00 1.183301847788016392e+00 8.590500702244291409e-02 1.164314684123816668e-01
1.334999999999999964e+00 1.122821637316764765e+00 1.205333605452919565e+00 8.800609661061460642e-02 1.192803817160648649e-01
1.340000000000000080e+00 1.123769182059389804e+00 1.227705724308688850e+00 9.015164969234340520e-02 1.221913331254266266e-01
1.344999999999999973e+00 1.124719476791012696e+00 1.250422037094603755e+00 9.234246697498849077e-02 1.251655541968582364e-01
1.350000000000000089e+00 1.125672511440304557e+00 1.273486269522131620e+00 9.457936051653728637e-02 1.282043002859849512e-01
1.354999999999999982e+00 1.126628275926654377e+00 1.296902385710845484e+00 9.686319155554717897e-02 1.313088987363231208e-01
1.360000000000000098e+00 1.127586760159866808e+00 1.320674112220002083e+00 9.919477275925926707e-02 1.344806186770296785e-01
1.364999999999999991e+00 1.128547954039863965e+00 1.344805305501798331e+00 1.015749781066779822e-01 1.377208216610732727e-01
1.370000000000000107e+00 1.129511847456391438e+00 1.369299794007823312e+00 1.040046695778501784e-01 1.410308593814301181e-01
1.375000000000000000e+00 1.130478430288730518e+00 1.394161566320309964e+00 1.064847481529151985e-01 1.444121468895029070e-01
1.380000000000000115e+00 1.131447692405412875e+00 1.419394291059307145e+00 1.090161012778921856e-01 1.478660852909464696e-01
1.385000000000000009e+00 1.132419623663941444e+00 1.445002007643830355e+00 1.115996303748640756e-01 1.513941063924421071e-01
1.390000000000000124e+00 1.133394213910515980e+00 1.470988380085411773e+00 1.142362620124251632e-01 1.549976846425262511e-01
1.395000000000000018e+00 1.134371452979762385e+00 1.497357448866676322e+00 1.169269510234060144e-01 1.586783433925617326e-01
1.400000000000000133e+00 1.135351330694467364e+00 1.524112981620147966e+00 1.196726519196315702e-01 1.624376130589267886e-01
1.405000000000000027e+00 1.136333836865317526e+00 1.551258855603808051e+00 1.224743202913580326e-01 1.662770349575825590e-01
1.409999999999999920e+00 1.137318961290643582e+00 1.578798943980391334e+00 1.253329248861513034e-01 1.701981785131601310e-01
1.415000000000000036e+00 1.138306693756168331e+00 1.606737065601527847e+00 1.282494759121653449e-01 1.742026826707608056e-01
1.419999999999999929e+00 1.139297024034760630e+00 1.635077199601789433e+00 1.312249996679776820e-01 1.782922166256444008e-01
1.425000000000000044e+00 1.140289941886192482e+00 1.663823056920227028e+00 1.342605074074095795e-01 1.824684405853503055e-01
1.429999999999999938e+00 1.141285437056903218e+00 1.692978506691032115e+00 1.373570548298239380e-01 1.867330846806339317e-01
1.435000000000000053e+00 1.142283499279765024e+00 1.722547360492702406e+00 1.405156827653765705e-01 1.910878726224735646e-01
1.439999999999999947e+00 1.143284118273856675e+00 1.752533540037540583e+00 1.437374478991895466e-01 1.955345580413030138e-01
1.445000000000000062e+00 1.144287283744239936e+00 1.782940803176074063e+00 1.470234798736367032e-01 2.000750126553814401e-01
1.449999999999999956e+00 1.145292985381740625e+00 1.813773009596949981e+00 1.503748664471212249e-01 2.047110554524448900e-01
1.455000000000000071e+00 1.146301212862736563e+00 1.845033864767555931e+00 1.537927089451216756e-01 2.094445414196710875e-01
1.459999999999999964e+00 1.147311955848947074e+00 1.876727224131890637e+00 1.572781867855568005e-01 2.142774456122638060e-01
1.465000000000000080e+00 1.148325203987230259e+00 1.908856733192394906e+00 1.608324020421227907e-01 2.192116475730508107e-01
1.469999999999999973e+00 1.149340946909383598e+00 1.941426355598717457e+00 1.644565361362525235e-01 2.242491472934639019e-01
1.475000000000000089e+00 1.150359174231948334e+00 1.974439676624573980e+00 1.681518173310581621e-01 2.293920319112510431e-01
1.479999999999999982e+00 1.151379875556021837e+00 2.007900389581603218e+00 1.719194286651779258e-01 2.346423314401242244e-01
1.485000000000000098e+00 1.152403040467071982e+00 2.041812346233842668e+00 1.757605694650578865e-01 2.400021147920809450e-01
1.489999999999999991e+00 1.153428658534756623e+00 2.076178964521407266e+00 1.796764859411333348e-01 2.454735315269717388e-01
1.495000000000000107e+00 1.154456719312749513e+00 2.111004252900918754e+00 1.836684453573859122e-01 2.510587747971289030e-01
1.500000000000000000e+00 1.155487212338569769e+00 2.146291466124195857e+00 1.877377289039655894e-01 2.567600732671241892e-01
1.505000000000000115e+00 1.156520127133416675e+00 2.182044449732314373e+00 1.918856388712498473e-01 2.625796986181291315e-01
1.510000000000000009e+00 1.157555453202008700e+00 2.218266665526636761e+00 1.961134248278070258e-01 2.685198639936158260e-01
1.515000000000000124e+00 1.158593180032429393e+00 2.254961847814849651e+00 2.004224925704716775e-01 2.745830206047409905e-01
1.520000000000000018e+00 1.159633297095975069e+00 2.292133348845883933e+00 2.048141267932760134e-01 2.807714615234234157e-01
1.525000000000000133e+00 1.160675793847010029e+00 2.329784735489925485e+00 2.092897357988827978e-01 2.870876719141109423e-01
1.530000000000000027e+00 1.161720659722826676e+00 2.367919359667405299e+00 2.138507112722338732e-01 2.935341347114237553e-01
1.535000000000000142e+00 1.162767884143507846e+00 2.406540887291675812e+00 2.184984294575089969e-01 3.001133185870414888e-01
1.540000000000000036e+00 1.163817456511797577e+00 2.445652451166388186e+00 2.232343182802551396e-01 3.068277917483739348e-01
1.544999999999999929e+00 1.164869366212974766e+00 2.485257660253360701e+00 2.280598281623447410e-01 3.136801642770855603e-01
1.550000000000000044e+00 1.165923602614732379e+00 2.525359693524417803e+00 2.329764263781270994e-01 3.206730952207419438e-01
1.554999999999999938e+00 1.166980155067061542e+00 2.565961890346842633e+00 2.379856013035824835e-01 3.278092856539795430e-01
1.560000000000000053e+00 1.168039012902141183e+00 2.607067637426971451e+00 2.430888236796325264e-01 3.350914330329965996e-01
1.564999999999999947e+00 1.169100165434231231e+00 2.648679842541044493e+00 2.482876962920253228e-01 3.425224437361948926e-01
1.570000000000000062e+00 1.170163601959574473e+00 2.690801992067362036e+00 2.535836532391845255e-01 3.501049966213567455e-01
1.574999999999999956e+00 1.171229311756297298e+00 2.733437042147971230e+00 2.589783792748405200e-01 3.578421522131871590e-01
1.580000000000000071e+00 1.172297284084322211e+00 2.776588314895547249e+00 2.644733861317035695e-01 3.657367415814148370e-01
1.584999999999999964e+00 1.173367508185281460e+00 2.820258491285292379e+00 2.700702810106365148e-01 3.737917555904973210e-01
1.590000000000000080e+00 1.174439973282435989e+00 2.864450996556973550e+00 2.757707392415137404e-01 3.820102950831677502e-01
1.594999999999999973e+00 1.175514668580601496e+00 2.909168506761255824e+00 2.815763693599285800e-01 3.903953924519604768e-01
1.600000000000000089e+00 1.176591583266077601e+00 2.954414013446278187e+00 2.874888883009796281e-01 3.989502574479700248e-01
1.604999999999999982e+00 1.177670706506583453e+00 3.000190342182254444e+00 2.935099489151100638e-01 4.076780231628683304e-01
1.610000000000000098e+00 1.178752027451198003e+00 3.046500647438663112e+00 2.996413139533179448e-01 4.165820008918982298e-01
1.614999999999999991e+00 1.179835535230304933e+00 3.093347101544261069e+00 3.058847190205388200e-01 4.256654935018836516e-01
1.620000000000000107e+00 1.180921218955544472e+00 3.140732960950003427e+00 3.122418867939480425e-01 4.349317975917628698e-01
1.625000000000000000e+00 1.182009067719768769e+00 3.188660719561576151e+00 3.187146447598743215e-01 4.443843875102747587e-01
1.630000000000000115e+00 1.183099070597002811e+00 3.237132867059298036e+00 3.253047543995571389e-01 4.540266627747574502e-01
1.635000000000000009e+00 1.184191216642411337e+00 3.286152114293676707e+00 3.320141367275208921e-01 4.638622794158322460e-01
1.640000000000000124e+00 1.185285494892271307e+00 3.335721052031274780e+00 3.388445556778519885e-01 4.738946817779116638e-01
1.645000000000000018e+00 1.186381894363947032e+00 3.385841948873013596e+00 3.457979774431789166e-01 4.841276373830509794e-01
1.650000000000000133e+00 1.187480404055874628e+00 3.436517290998462038e+00 3.528762584151430848e-01 4.945647721212498293e-01
1.655000000000000027e+00 1.188581012947548476e+00 3.487749556040044219e+00 3.600813238539620764e-01 5.052098391522824583e-01
1.660000000000000142e+00 1.189683709999514560e+00 3.539541003503442695e+00 3.674151215341543986e-01 5.160666459757040636e-01
1.665000000000000036e+00 1.190788484153369131e+00 3.591893677599615753e+00 3.748796698283755613e-01 5.271391260627995567e-01
1.669999999999999929e+00 1.191895324331762041e+00 3.644810157836615883e+00 3.824769705657312113e-01 5.384312134733397759e-01
1.675000000000000044e+00 1.193004219438406732e+00 3.698292375797917586e+00 3.902090430753603068e-01 5.499468901085877715e-01
1.679999999999999938e+00 1.194115158358093565e+00 3.752342149386032943e+00 3.980779334992145535e-01 5.616902056478282335e-01
1.685000000000000053e+00 1.195228129956711127e+00 3.806961728301220038e+00 4.060857154297502492e-01 5.736652693475904341e-01
1.689999999999999947e+00 1.196343123081270665e+00 3.862153357150177158e+00 4.142345399529415717e-01 5.858763269061388890e-01
1.695000000000000062e+00 1.197460126559938276e+00 3.917918742243541086e+00 4.225264082638665042e-01 5.983274291676934364e-01
1.699999999999999956e+00 1.198579129202069993e+00 3.974259598895931944e+00 4.309636568103692444e-01 6.110231575876839960e-01
1.705000000000000071e+00 1.199700119798254416e+00 4.031177826658244534e+00 4.395483940481137997e-01 6.239677650566846090e-01
1.709999999999999964e+00 1.200823087120360011e+00 4.088675015302203342e+00 4.482828725939835834e-01 6.371657521825808690e-01
1.715000000000000080e+00 1.201948019921588173e+00 4.146752969479402751e+00 4.571692173077083199e-01 6.506214487714953032e-01
1.719999999999999973e+00 1.203074906936531852e+00 4.205413375447885294e+00 4.662098420753172379e-01 6.643396417233135010e-01
1.725000000000000089e+00 1.204203736881238829e+00 4.264657820017065504e+00 4.754069232989762694e-01 6.783247873582842757e-01
1.729999999999999982e+00 1.205334498453282777e+00 4.324487557949352912e+00 4.847628756683560192e-01 6.925817271032029820e-01
1.735000000000000098e+00 1.206467180331836975e+00 4.384904485960770870e+00 4.942799874723034503e-01 7.071151294152722144e-01
1.739999999999999991e+00 1.207601771177756689e+00 4.445909756457854023e+00 5.039605633639644422e-01 7.219297195910516773e-01
1.745000000000000107e+00 1.208738259633664436e+00 4.507504714564805504e+00 5.138071638104488859e-01 7.370306286554498820e-01
1.750000000000000000e+00 1.209876634324042799e+00 4.569690728277355340e+00 5.238221542275042220e-01 7.524227184581033789e-01
1.755000000000000115e+00 1.211016883855332349e+00 4.632469140779074124e+00 5.340080438811295460e-01 7.681110909288101363e-01
1.760000000000000009e+00 1.212158996816034451e+00 4.695840876959478827e+00 5.443672497929757936e-01 7.841007396883833414e-01
1.765000000000000124e+00 1.213302961776821398e+00 4.759807282191708566e+00 5.549023396456110868e-01 8.003969006851470169e-01
1.770000000000000018e+00 1.214448767290650766e+00 4.824369490348804135e+00 5.656159096762736205e-01 8.170048838145754777e-01
1.775000000000000133e+00 1.215596401892885980e+00 4.889528413884264957e+00 5.765103485911342585e-01 8.339297115628941937e-01
1.780000000000000027e+00 1.216745854101423552e+00 4.955285181761976077e+00 5.875885477598986606e-01 8.511771798823648538e-01
1.785000000000000142e+00 1.217897112416823635e+00 5.021640596416795610e+00 5.988529547629550809e-01 8.687524521403234834e-01
1.790000000000000036e+00 1.219050165322449919e+00 5.088595673052929591e+00 6.103061661483681899e-01 8.866609324733129016e-01
1.794999999999999929e+00 1.220205001284612623e+00 5.156151532258412828e+00 6.219511739915944970e-01 9.049086429000861020e-01
1.800000000000000044e+00 1.221361608752716377e+00 5.224308654282081577e+00 6.337905106892792739e-01 9.235009473486947007e-01
1.804999999999999938e+00 1.222519976159418986e+00 5.293067732052735508e+00 6.458268608042990744e-01 9.424434576798756957e-01
1.810000000000000053e+00 1.223680091920789526e+00 5.362429868362179164e+00 6.580631941621545300e-01 9.617422310309405864e-01
1.814999999999999947e+00 1.224841944436477315e+00 5.432395443961006265e+00 6.705023819904909477e-01 9.814032152933028774e-01
1.820000000000000062e+00 1.226005522089884225e+00 5.502965667271757511e+00 6.831470880816488123e-01 1.001432054665903904e+00
1.824999999999999956e+00 1.227170813248343206e+00 5.574140587409486258e+00 6.960002405213970844e-01 1.021834826965355214e+00
1.830000000000000071e+00 1.228337806263303689e+00 5.645921096564318731e+00 7.090648160219061857e-01 1.042617703710043031e+00
1.834999999999999964e+00 1.229506489470522324e+00 5.718307768277301584e+00 7.223438197663460958e-01 1.063786912569509191e+00
1.840000000000000080e+00 1.230676851190258825e+00 5.791301077484127369e+00 7.358401596159077629e-01 1.085348568958868665e+00
1.844999999999999973e+00 1.231848879727479362e+00 5.864901696045367707e+00 7.495569099908868660e-01 1.107309056507960188e+00
1.850000000000000089e+00 1.233022563372064173e+00 5.939109879539565817e+00 7.634970434523661309e-01 1.129674638915049600e+00
1.854999999999999982e+00 1.234197890399023168e+00 6.013926309874042531e+00 7.776637009844736825e-01 1.152451830811268341e+00
1.860000000000000098e+00 1.235374849068715752e+00 6.089351444870372276e+00 7.920600614787114413e-01 1.175647255390171120e+00
1.864999999999999991e+00 1.236553427627077095e+00 6.165385531779414841e+00 8.066890578954163393e-01 1.199267166620986202e+00
1.870000000000000107e+00 1.237733614305851271e+00 6.242029262499841913e+00 8.215542165629031723e-01 1.223318741538496957e+00
1.875000000000000000e+00 1.238915397322829737e+00 6.319283095185409316e+00 8.366585425316619418e-01 1.247808384853815955e+00
1.880000000000000115e+00 1.240098764882095139e+00 6.397147273480719321e+00 8.520052100152565311e-01 1.272742792877209927e+00
1.885000000000000009e+00 1.241283705174272667e+00 6.475622056775736546e+00 8.675977102343345182e-01 1.298129152338365122e+00
1.890000000000000124e+00 1.242470206376787178e+00 6.554708124847532957e+00 8.834392983786484299e-01 1.323974305132185059e+00
1.895000000000000018e+00 1.243658256654124994e+00 6.634405935944339028e+00 8.995332584237996087e-01 1.350285173419097262e+00
1.900000000000000133e+00 1.244847844158103012e+00 6.714715318291084145e+00 9.158831854478958201e-01 1.377069162896486176e+00
1.905000000000000027e+00 1.246038957028144711e+00 6.795637604224070039e+00 9.324921628801345896e-01 1.404332896528718955e+00
1.910000000000000142e+00 1.247231583391559262e+00 6.877172393679771289e+00 9.493640065139623552e-01 1.432084177424814531e+00
1.915000000000000036e+00 1.248425711363831514e+00 6.959320600006670965e+00 9.665021590886315739e-01 1.460330220772147580e+00
1.919999999999999929e+00 1.249621329048912655e+00 7.042082469830586611e+00 9.839099271615606712e-01 1.489078069117006908e+00
1.925000000000000044e+00 1.250818424539521745e+00 7.125458482699044360e+00 1.001591273397814286e+00 1.518335771582169924e+00
1.929999999999999938e+00 1.252016985917450365e+00 7.209448683220937681e+00 1.019549423407093425e+00 1.548110292393641396e+00
1.935000000000000053e+00 1.253217001253874363e+00 7.294054408859605765e+00 1.037788278770386263e+00 1.578409604463618221e+00
1.939999999999999947e+00 1.254418458609672937e+00 7.379275506533449658e+00 1.056311287823788136e+00 1.609241040141561774e+00
1.945000000000000062e+00 1.255621346035752151e+00 7.465112870363444841e+00 1.075122584163484163e+00 1.640612990882043487e+00
1.949999999999999956e+00 1.256825651573374891e+00 7.551566779557502329e+00 1.094225544130126071e+00 1.672532672327119219e+00
1.955000000000000071e+00 1.258031363254499713e+00 7.638638366817864345e+00 1.113624066768931664e+00 1.705008142654182324e+00
1.959999999999999964e+00 1.259238469102119673e+00 7.726327689064149240e+00 1.133322075722029032e+00 1.738047511603409534e+00
1.965000000000000080e+00 1.260446957130616275e+00 7.814635466712760881e+00 1.153323550682859633e+00 1.771658978704217180e+00
1.969999999999999973e+00 1.261656815346111182e+00 7.903563039809150759e+00 1.173632031706467016e+00 1.805850089474579701e+00
1.975000000000000089e+00 1.262868031746829489e+00 7.993110710609315106e+00 1.194251895554834464e+00 1.840629692449297750e+00
1.979999999999999982e+00 1.264080594323466533e+00 8.083279196220228613e+00 1.215186914988487077e+00 1.876005687375773778e+00
1.985000000000000098e+00 1.265294491059563597e+00 8.174069432777354649e+00 1.236441062671380209e+00 1.911986332791326682e+00
1.989999999999999991e+00 1.266509709931886274e+00 8.265483009763121558e+00 1.258018719517720374e+00 1.948580511406765581e+00
1.995000000000000107e+00 1.267726238910813485e+00 8.357519793015068643e+00 1.279923747064888095e+00 1.985796304738888018e+00
2.000000000000000000e+00 1.268944065960727619e+00 8.450181821983186126e+00 1.302160275040428417e+00 2.023642240470419740e+00
2.004999999999999893e+00 1.270163179040415979e+00 8.543469403978473764e+00 1.324732600288292650e+00 2.062127076867523723e+00
2.010000000000000231e+00 1.271383566103475360e+00 8.637384354919522167e+00 1.347644931749338859e+00 2.101259507842496266e+00
2.015000000000000124e+00 1.272605215098723486e+00 8.731927861846616068e+00 1.370901683981006425e+00 2.141048485700586035e+00
2.020000000000000018e+00 1.273828113970618237e+00 8.827101114447945207e+00 1.394506948459333984e+00 2.181502486256722939e+00
2.024999999999999911e+00 1.275052250659680864e+00 8.922904884729732089e+00 1.418465216059834333e+00 2.222630667423021844e+00
2.030000000000000249e+00 1.276277613102927866e+00 9.019342079820368951e+00 1.442780887567899573e+00 2.264441972353908650e+00
2.035000000000000142e+00 1.277504189234306420e+00 9.116412830269561951e+00 1.467458341107771735e+00 2.306945400788882328e+00
2.040000000000000036e+00 1.278731966985139357e+00 9.214120289840591838e+00 1.492502072995324225e+00 2.350150027394388719e+00
2.044999999999999929e+00 1.279960934284574359e+00 9.312464381875102504e+00 1.517916730445958207e+00 2.394065290741189678e+00
2.049999999999999822e+00 1.281191079060038929e+00 9.411448709588029260e+00 1.543706718405940537e+00 2.438700175116720548e+00
2.055000000000000160e+00 1.282422389237703575e+00 9.511073645151666867e+00 1.569876791557573092e+00 2.484064263566801767e+00
2.060000000000000053e+00 1.283654852742951435e+00 9.611342343168452373e+00 1.596431620568707910e+00 2.530166968021167584e+00
2.064999999999999947e+00 1.284888457500850345e+00 9.712256724143498943e+00 1.623375699918230275e+00 2.577017445195825207e+00
2.069999999999999840e+00 1.286123191436637780e+00 9.813818680438469499e+00 1.650713959419704446e+00 2.624625547475242016e+00
2.075000000000000178e+00 1.287359042476205584e+00 9.916031189380760225e+00 1.678451207724278804e+00 2.673000928018763211e+00
2.080000000000000071e+00 1.288595998546594679e+00 1.001889553829995094e+01 1.706592251842965258e+00 2.722153248899366940e+00
2.084999999999999964e+00 1.289834047576496001e+00 1.012241536968732625e+01 1.735141811007521406e+00 2.772091990949133944e+00
2.089999999999999858e+00 1.291073177496757207e+00 1.022659326560252602e+01 1.764105017627097149e+00 2.822827359902735367e+00
2.095000000000000195e+00 1.292313376240894485e+00 1.033143095820165769e+01 1.793486644042889822e+00 2.874369004038348940e+00
2.100000000000000089e+00 1.293554631745612582e+00 1.043693275521252772e+01 1.823291952265906124e+00 2.926727160756211088e+00
2.104999999999999982e+00 1.294796931951329721e+00 1.054310086162272597e+01 1.853525824848827330e+00 2.979911741691656069e+00
2.109999999999999876e+00 1.296040264802710951e+00 1.064993830903660843e+01 1.884193391262231065e+00 3.033932824931472982e+00
2.115000000000000213e+00 1.297284618249205046e+00 1.075744859487823923e+01 1.915299640438685502e+00 3.088800344056957137e+00
2.120000000000000107e+00 1.298529980245588522e+00 1.086563566367295053e+01 1.946850048590229587e+00 3.144525062747784094e+00
2.125000000000000000e+00 1.299776338752518745e+00 1.097450215727558387e+01 1.978849896264431640e+00 3.201117346407480913e+00
2.129999999999999893e+00 1.301023681737088600e+00 1.108405246467142291e+01 2.011304340016675241e+00 3.258587373212914251e+00
2.135000000000000231e+00 1.302271997173391371e+00 1.119428968120723056e+01 2.044218333881627547e+00 3.316945018062062545e+00
2.140000000000000124e+00 1.303521273043090511e+00 1.130521780938139109e+01 2.077597775625978915e+00 3.376201674608394487e+00
2.145000000000000018e+00 1.304771497335994956e+00 1.141684168695431012e+01 2.111448206715665243e+00 3.436368055940850486e+00
2.149999999999999911e+00 1.306022658050641327e+00 1.152916487482270114e+01 2.145774741904689975e+00 3.497454361513107290e+00
2.155000000000000249e+00 1.307274743194883682e+00 1.164219142847271193e+01 2.180582550230477423e+00 3.559470776656329161e+00
2.160000000000000142e+00 1.308527740786487481e+00 1.175592620784792253e+01 2.215878224757088955e+00 3.622429696860789416e+00
2.165000000000000036e+00 1.309781638853730668e+00 1.187037369128470665e+01 2.251666599976346994e+00 3.686340805496818085e+00
2.169999999999999929e+00 1.311036425436011399e+00 1.198553924360603240e+01 2.287953485116103192e+00 3.751215290020077475e+00
2.175000000000000266e+00 1.312292088584462002e+00 1.210142692643600348e+01 2.324744706696389329e+00 3.817064331961431467e+00
2.180000000000000160e+00 1.313548616362568033e+00 1.221804210706255844e+01 2.362045726345243235e+00 3.883898600449029459e+00
2.185000000000000053e+00 1.314805996846795111e+00 1.233538935736957143e+01 2.399862963553244022e+00 3.951730281587448879e+00
2.189999999999999947e+00 1.316064218127219965e+00 1.245347491166735132e+01 2.438201531903502861e+00 4.020569319157022647e+00
2.194999999999999840e+00 1.317323268308171258e+00 1.257230462993755893e+01 2.477068001047527446e+00 4.090428132175746967e+00
2.200000000000000178e+00 1.318583135508872406e+00 1.269188308361381523e+01 2.516468015826586413e+00 4.161317683407422585e+00
2.205000000000000071e+00 1.319843807864092611e+00 1.281221620391300853e+01 2.556407783836769365e+00 4.233249677326772265e+00
2.209999999999999964e+00 1.321105273524805224e+00 1.293331071250230835e+01 2.596893119667401439e+00 4.306235212454181394e+00
2.214999999999999858e+00 1.322367520658849438e+00 1.305517124850808663e+01 2.637930306066580854e+00 4.380286314120088953e+00
2.220000000000000195e+00 1.323630537451601530e+00 1.317780548340366309e+01 2.679525284103716043e+00 4.455414198223087929e+00
2.225000000000000089e+00 1.324894312106648098e+00 1.330121895006095656e+01 2.721684484509040214e+00 4.531631043150359694e+00
2.229999999999999982e+00 1.326158832846469293e+00 1.342541890327052911e+01 2.764413938228685197e+00 4.608948220002528018e+00
2.234999999999999876e+00 1.327424087913126938e+00 1.355041132491563971e+01 2.807720205391349033e+00 4.687378053104380271e+00
2.240000000000000213e+00 1.328690065568957523e+00 1.367620396431973617e+01 2.851609449945022856e+00 4.766932195296727848e+00
2.245000000000000107e+00 1.329956754097271210e+00 1.380280243973219179e+01 2.896087810234631910e+00 4.847622271937392036e+00
2.250000000000000000e+00 1.331224141803060590e+00 1.393021450056144950e+01 2.941162602312336727e+00 4.929461764460051576e+00
2.254999999999999893e+00 1.332492217013710345e+00 1.405844838922047657e+01 2.986839655804845339e+00 5.012461739333041955e+00
2.260000000000000231e+00 1.333760968079716003e+00 1.418751018458588398e+01 3.033125818792997919e+00 5.096634852263516535e+00
2.265000000000000124e+00 1.335030383375409135e+00 1.431740901714977454e+01 3.080027586707788423e+00 5.181993341004485387e+00
2.270000000000000018e+00 1.336300451299685221e+00 1.444815061044583082e+01 3.127551377791691234e+00 5.268549072702467306e+00
2.274999999999999911e+00 1.337571160276742388e+00 1.457974412363439853e+01 3.175704344004859347e+00 5.356315341362988036e+00
2.280000000000000249e+00 1.338842498756821042e+00 1.471219874909063208e+01 3.224493157508525609e+00 5.445304496539484340e+00
2.285000000000000142e+00 1.340114455216953049e+00 1.484551982870674891e+01 3.273923835764017465e+00 5.535527831715445046e+00
2.290000000000000036e+00 1.341387018161716460e+00 1.497971875001732300e+01 3.324004901558839986e+00 5.627000687960774350e+00
2.294999999999999929e+00 1.342660176123993576e+00 1.511480177176044570e+01 3.374741426906151531e+00 5.719732905357627573e+00
2.300000000000000266e+00 1.343933917665737443e+00 1.525077862100810577e+01 3.426142001768447187e+00 5.813739828808587973e+00
2.305000000000000160e+00 1.345208231378743458e+00 1.538765899424924299e+01 3.478212478356892845e+00 5.909032424985920073e+00
2.310000000000000053e+00 1.346483105885426967e+00 1.552545013410123076e+01 3.530960381515184210e+00 6.005624585025477913e+00
2.314999999999999947e+00 1.347758529839606201e+00 1.566416094971417117e+01 3.584393351203473799e+00 6.103530184008628900e+00
2.319999999999999840e+00 1.349034491927291413e+00 1.580380253374850774e+01 3.638517435500692176e+00 6.202760232735065493e+00
2.325000000000000178e+00 1.350310980867478472e+00 1.594438300788164931e+01 3.693340967727142932e+00 6.303330006879930281e+00
2.330000000000000071e+00 1.351587985412951776e+00 1.608591313041965876e+01 3.748870088400474199e+00 6.405250702050951261e+00
2.334999999999999964e+00 1.352865494351088493e+00 1.622840105393804677e+01 3.805113266849742271e+00 6.508537560063056837e+00
2.339999999999999858e+00 1.354143496504671029e+00 1.637185714280168725e+01 3.862077346063657934e+00 6.613203290818540303e+00
2.345000000000000195e+00 1.355421980732705700e+00 1.651629177320444697e+01 3.919769822498957890e+00 6.719261301424848121e+00
2.350000000000000089e+00 1.356700935931243857e+00 1.666171534787459407e+01 3.978198247374467922e+00 6.826725218117961624e+00
2.354999999999999982e+00 1.357980351034212774e+00 1.680813745186359753e+01 4.037369599204634341e+00 6.935607719233834345e+00
2.359999999999999876e+00 1.359260215014249207e+00 1.695556856501204734e+01 4.097292798734597952e+00 7.045924836143921510e+00
2.365000000000000213e+00 1.360540516883539608e+00 1.710401914907854959e+01 4.157974388944571054e+00 7.157688585886985422e+00
2.370000000000000107e+00 1.361821245694665894e+00 1.725350064015082552e+01 4.219422196327081487e+00 7.270912808856430765e+00
2.375000000000000000e+00 1.363102390541456321e+00 1.740402268212343984e+01 4.281644083685022473e+00 7.385611798571266817e+00
2.379999999999999893e+00 1.364383940559842134e+00 1.755559675335854308e+01 4.344648029789039967e+00 7.501799770058741323e+00
2.385000000000000231e+00 1.365665884928720875e+00 1.770823432543405929e+01 4.408441456456777097e+00 7.619490005492668416e+00
2.390000000000000124e+00 1.366948212870820356e+00 1.786194689421983028e+01 4.473032492145626371e+00 7.738697178279934974e+00
2.395000000000000018e+00 1.368230913653576408e+00 1.801674345550111767e+01 4.538429858977496067e+00 7.859436772674672333e+00
2.399999999999999911e+00 1.369513976590007287e+00 1.817263900471377269e+01 4.604640666597063614e+00 7.981721437238633143e+00
2.405000000000000249e+00 1.370797391039600077e+00 1.832964253273898692e+01 4.671673128804361141e+00 8.105565856955612603e+00
2.410000000000000142e+00 1.372081146409197538e+00 1.848776658941596196e+01 4.739535027705422898e+00 8.230984045791833736e+00
2.415000000000000036e+00 1.373365232153893167e+00 1.864702279945818475e+01 4.808235481206847517e+00 8.357992080336014595e+00
2.419999999999999929e+00 1.374649637777930256e+00 1.880742377377537267e+01 4.877781721663728476e+00 8.486602742063981353e+00
2.425000000000000266e+00 1.375934352835608943e+00 1.896898035149121498e+01 4.948182990540541226e+00 8.616832472080405481e+00
2.430000000000000160e+00 1.377219366932191491e+00 1.913170604500308514e+01 5.019446692846455171e+00 8.748694503399550015e+00
2.435000000000000053e+00 1.378504669724822440e+00 1.929561266785722040e+01 5.091581563908039065e+00 8.882204076860206854e+00
2.439999999999999947e+00 1.379790250923445205e+00 1.946071117738790335e+01 5.164595698231353005e+00 9.017375895867603575e+00
2.444999999999999840e+00 1.381076100291728892e+00 1.962701607505345791e+01 5.238498763645919709e+00 9.154226530698309716e+00
2.450000000000000178e+00 1.382362207647998886e+00 1.979454005000647854e+01 5.313297703474925804e+00 9.292768591280259116e+00
2.455000000000000071e+00 1.383648562866170106e+00 1.996329512064724909e+01 5.389002229825283763e+00 9.433019030416927464e+00
2.459999999999999964e+00 1.384935155876690471e+00 2.013329327873861629e+01 5.465620726995522816e+00 9.574992642521424457e+00
2.464999999999999858e+00 1.386221976667483702e+00 2.030454910706171390e+01 5.543161079127177260e+00 9.718703327873246423e+00
2.470000000000000195e+00 1.387509015284901448e+00 2.047707464600440019e+01 5.621633261077680466e+00 9.864168703646033265e+00
2.475000000000000089e+00 1.388796261834676082e+00 2.065088282585810120e+01 5.701045140338300676e+00 1.001140228186785208e+01
2.479999999999999982e+00 1.390083706482882597e+00 2.082598843768468910e+01 5.781406268381132918e+00 1.016042101919154028e+01
2.484999999999999876e+00 1.391371339456903167e+00 2.100240186393951802e+01 5.862724577902931777e+00 1.031123899460400928e+01
2.490000000000000213e+00 1.392659151046396371e+00 2.118014050559500916e+01 5.945009809237533638e+00 1.046387284058545220e+01
2.495000000000000107e+00 1.393947131604270639e+00 2.135921486707810146e+01 6.028270779491578857e+00 1.061833821360515451e+01
2.500000000000000000e+00 1.395235271547664579e+00 2.153963980614063445e+01 6.112515794839684879e+00 1.077464959193658345e+01
2.504999999999999893e+00 1.396523561358930632e+00 2.172142766170705741e+01 6.197755376863944399e+00 1.093282553978977845e+01
2.510000000000000231e+00 1.397811991586621838e+00 2.190459422635048625e+01 6.283997241329057459e+00 1.109287913253178992e+01
2.515000000000000124e+00 1.399100552846486600e+00 2.208915272442297706e+01 6.371251346859185816e+00 1.125482785899130000e+01
2.520000000000000018e+00 1.400389235822465217e+00 2.227511652848955137e+01 6.459526212992638960e+00 1.141868688502296258e+01
2.524999999999999911e+00 1.401678031267691527e+00 2.246249888105687376e+01 6.548831891042029341e+00 1.158447328428115242e+01
2.530000000000000249e+00 1.402966930005501656e+00 2.265131666552157341e+01 6.639177178517971178e+00 1.175220219855039083e+01
2.535000000000000142e+00 1.404255922930439437e+00 2.284158238761324355e+01 6.730572330246895163e+00 1.192189192343059645e+01
2.540000000000000036e+00 1.405545001009279815e+00 2.303331040165526744e+01 6.823025339023399027e+00 1.209355615826559038e+01
2.544999999999999929e+00 1.406834155282040921e+00 2.322651417813486674e+01 6.916546603912484770e+00 1.226721301772051653e+01
2.550000000000000266e+00 1.408123376863012810e+00 2.342120896211432068e+01 7.011145905625998154e+00 1.244287944687212288e+01
2.555000000000000160e+00 1.409412656941783526e+00 2.361741004761505636e+01 7.106832265959810435e+00 1.262057066493327717e+01
2.560000000000000053e+00 1.410701986784272943e+00 2.381513104609208398e+01 7.203614730335290872e+00 1.280030279146910033e+01
2.564999999999999947e+00 1.411991357733769048e+00 2.401438732393436126e+01 7.301504098366499385e+00 1.298209440138882975e+01
2.569999999999999840e+00 1.413280761211968217e+00 2.421519171218888289e+01 7.400509438620684222e+00 1.316596099703272671e+01
2.575000000000000178e+00 1.414570188720020605e+00 2.441756138840267454e+01 7.500641045374422333e+00 1.335192071560386040e+01
2.580000000000000071e+00 1.415859631839580635e+00 2.462151012208691370e+01 7.601907301308920673e+00 1.353998745955194849e+01
2.584999999999999964e+00 1.417149082233858159e+00 2.482705168275641938e+01 7.704320078879748124e+00 1.373018209321680949e+01
2.589999999999999858e+00 1.418438531648677170e+00 2.503420172605796523e+01 7.807887252956579260e+00 1.392251825728670944e+01
2.595000000000000195e+00 1.419727971913536280e+00 2.524297745594995490e+01 7.912620147216336441e+00 1.411701517845865439e+01
2.600000000000000089e+00 1.421017394942674095e+00 2.545339033624354741e+01 8.018528180124118165e+00 1.431368933134151433e+01
2.604999999999999982e+00 1.422306792736138581e+00 2.566545769726525705e+01 8.125621165127942191e+00 1.451255724965448124e+01
2.609999999999999876e+00 1.423596157380858207e+00 2.587919357281295518e+01 8.233909660025059196e+00 1.471363767326289107e+01
2.615000000000000213e+00 1.424885481051721747e+00 2.609461373028934972e+01 8.343403486406790748e+00 1.491694689242014071e+01
2.620000000000000107e+00 1.426174756012655642e+00 2.631173310348651739e+01 8.454112528107707192e+00 1.512250214567856155e+01
2.625000000000000000e+00 1.427463974617710019e+00 2.653056757580288760e+01 8.566047680983166046e+00 1.533032212659528248e+01
2.629999999999999893e+00 1.428753129312145598e+00 2.675113123685940053e+01 8.679218828073157255e+00 1.554042369184816330e+01
2.635000000000000231e+00 1.430042212633526821e+00 2.697344090724657306e+01 8.793636232763404337e+00 1.575282447482761405e+01
2.640000000000000124e+00 1.431331217212814755e+00 2.719751170235292648e+01 8.909309979619184361e+00 1.596754176545197090e+01
2.645000000000000018e+00 1.432620135775467096e+00 2.742335700639062068e+01 9.026250160288222801e+00 1.618459281519327675e+01
2.649999999999999911e+00 1.433908961142540850e+00 2.765099463314565043e+01 9.144467232394676515e+00 1.640399530255142579e+01
2.655000000000000249e+00 1.435197686231796554e+00 2.788043798825868436e+01 9.263971402744346051e+00 1.662576726168434860e+01
2.660000000000000142e+00 1.436486304058808727e+00 2.811170502687542694e+01 9.384775104304662108e+00 1.684992949053600952e+01
2.665000000000000036e+00 1.437774807738079197e+00 2.834481090060410935e+01 9.506886967559184498e+00 1.707649670302472700e+01
2.669999999999999929e+00 1.439063190484150212e+00 2.857976927254022925e+01 9.630317429576489729e+00 1.730548686346611831e+01
2.675000000000000266e+00 1.440351445612727099e+00 2.881659730824175014e+01 9.755079082383538491e+00 1.753692174537774662e+01
2.680000000000000160e+00 1.441639566541798700e+00 2.905530769522168200e+01 9.881178673650262922e+00 1.777081253939327965e+01
2.685000000000000053e+00 1.442927546792763360e+00 2.929592115837527899e+01 1.000863102529958937e+01 1.800718418622007633e+01
2.689999999999999947e+00 1.444215379991559578e+00 2.953844957672131954e+01 1.013744491973540285e+01 1.824605216313729628e+01
2.694999999999999840e+00 1.445503059869796658e+00 2.978291120676229653e+01 1.026762936818588834e+01 1.848743107798683027e+01
2.700000000000000178e+00 1.446790580265890691e+00 3.002931720392523829e+01 1.039919900855582391e+01 1.873134709945299647e+01
2.705000000000000071e+00 1.448077935126202975e+00 3.027768913120087291e+01 1.053216133530705534e+01 1.897781201679992691e+01
2.709999999999999964e+00 1.449365118506182437e+00 3.052803841282496222e+01 1.066652907598521871e+01 1.922684758874756028e+01
2.714999999999999858e+00 1.450652124571508272e+00 3.078038237866602955e+01 1.080231353366182212e+01 1.947847334343634884e+01
2.720000000000000195e+00 1.451938947599239915e+00 3.103473751324122887e+01 1.093952205466308492e+01 1.973270144769900369e+01
2.725000000000000089e+00 1.453225581978965009e+00 3.129111786276773088e+01 1.107816966124503466e+01 1.998955714164945263e+01
2.729999999999999982e+00 1.454512022213955591e+00 3.154954092373145969e+01 1.121826599117235546e+01 2.024905746527845096e+01
2.734999999999999876e+00 1.455798262922322506e+00 3.181002162052874738e+01 1.135982028358016649e+01 2.051121744459571161e+01
2.740000000000000213e+00 1.457084298838174696e+00 3.207257482004654747e+01 1.150284603939359407e+01 2.077606029377494323e+01
2.745000000000000107e+00 1.458370124812782276e+00 3.233721732015681738e+01 1.164735280424706687e+01 2.104360217127592492e+01
2.750000000000000000e+00 1.459655735815740485e+00 3.260396495972195652e+01 1.179335222154547225e+01 2.131386251720720892e+01
2.754999999999999893e+00 1.460941126936137202e+00 3.287283285707285785e+01 1.194085592599685519e+01 2.158686154939236701e+01
2.760000000000000231e+00 1.462226293383724007e+00 3.314383601296409410e+01 1.208987348146019336e+01 2.186261472828102725e+01
2.765000000000000124e+00 1.463511230490086357e+00 3.341699301764087693e+01 1.224041694416097492e+01 2.214114271988504612e+01
2.770000000000000018e+00 1.464795933709824194e+00 3.369231733934039141e+01 1.239249797572485967e+01 2.242246539600483857e+01
2.774999999999999911e+00 1.466080398621724123e+00 3.396982407546728666e+01 1.254612853179824761e+01 2.270660312130540959e+01
2.780000000000000249e+00 1.467364620929943797e+00 3.424953191326168422e+01 1.270131864340432060e+01 2.299357206045733903e+01
2.785000000000000142e+00 1.468648596465194744e+00 3.453145439238495129e+01 1.285807807057990182e+01 2.328338893102314344e+01
2.790000000000000036e+00 1.469932321185927426e+00 3.481560575385846334e+01 1.301641882849590814e+01 2.357607429731925563e+01
2.794999999999999929e+00 1.471215791179520282e+00 3.510200496162282491e+01 1.317635545431546085e+01 2.387165230586374776e+01
2.800000000000000266e+00 1.472499002663467449e+00 3.539066719493820301e+01 1.333789590086688115e+01 2.417013636070837279e+01
2.805000000000000160e+00 1.473781951986576466e+00 3.568160695783950587e+01 1.350105232469239702e+01 2.447154716797907525e+01
2.810000000000000053e+00 1.475064635630160437e+00 3.597483865237752809e+01 1.366583701245945370e+01 2.477590537120870806e+01
2.814999999999999947e+00 1.476347050209237288e+00 3.627038046304267738e+01 1.383226031085045094e+01 2.508322762711679488e+01
2.819999999999999840e+00 1.477629192473728592e+00 3.656824679599291272e+01 1.400033248929229046e+01 2.539353185717715178e+01
2.825000000000000178e+00 1.478911059309663267e+00 3.686845312594046220e+01 1.417006824649895336e+01 2.570684288374370396e+01
2.830000000000000071e+00 1.480192647740382617e+00 3.717101582533550186e+01 1.434147799147260827e+01 2.602317742243712217e+01
2.834999999999999964e+00 1.481473954927746250e+00 3.747594775557670488e+01 1.451456968818471971e+01 2.634254959250194261e+01
2.839999999999999858e+00 1.482754978173340454e+00 3.778326955053507419e+01 1.468936099145465590e+01 2.666498817544014699e+01
2.845000000000000195e+00 1.484035714919693882e+00 3.809299084471952312e+01 1.486585735990438017e+01 2.699050280562852322e+01
2.850000000000000089e+00 1.485316162751484814e+00 3.840513136705413189e+01 1.504407432151705315e+01 2.731911909716352937e+01
2.854999999999999982e+00 1.486596319396762178e+00 3.871970424405844824e+01 1.522402213445478125e+01 2.765085464144540950e+01
2.859999999999999876e+00 1.487876182728162133e+00 3.903672666975861461e+01 1.540570943638300960e+01 2.798572298993099849e+01
2.865000000000000213e+00 1.489155750764126207e+00 3.935621090534233701e+01 1.558915344441323292e+01 2.832375412531874659e+01
2.870000000000000107e+00 1.490435021670126092e+00 3.967817509949522048e+01 1.577436298582270169e+01 2.866496231652696380e+01
2.875000000000000000e+00 1.491713993759884893e+00 4.000263412971438015e+01 1.596134857211855618e+01 2.900936438504048098e+01
2.879999999999999893e+00 1.492992665496607696e+00 4.032960017360562688e+01 1.615012082680031824e+01 2.935697836117043380e+01
2.885000000000000231e+00 1.494271035494205480e+00 4.065909327604680357e+01 1.634069579657296956e+01 2.970783094507773825e+01
2.890000000000000124e+00 1.495549102518527240e+00 4.099112396757724497e+01 1.653308146729590788e+01 3.006193588696481100e+01
2.895000000000000018e+00 1.496826865488593894e+00 4.132571142516015783e+01 1.672728921221001741e+01 3.041931111910329122e+01
2.899999999999999911e+00 1.498104323477830180e+00 4.166286876798776007e+01 1.692333232448027047e+01 3.077997974994150354e+01
2.905000000000000249e+00 1.499381475715303225e+00 4.200260922541033892e+01 1.712122136072497014e+01 3.114395864033295780e+01
2.910000000000000142e+00 1.500658321586958444e+00 4.234494943470314610e+01 1.732097019415007111e+01 3.151127097207693595e+01
2.915000000000000036e+00 1.501934860636862323e+00 4.268990438889013461e+01 1.752258735143476898e+01 3.188193096853495234e+01
2.919999999999999929e+00 1.503211092568443430e+00 4.303748971578657034e+01 1.772608655682078194e+01 3.225596067625019714e+01
2.925000000000000266e+00 1.504487017245737190e+00 4.338771882386489409e+01 1.793147627595170945e+01 3.263337447470171782e+01
2.930000000000000160e+00 1.505762634694630231e+00 4.374060661210670986e+01 1.813877272383424355e+01 3.301419954949235347e+01
2.935000000000000053e+00 1.507037945104112264e+00 4.409616809421337535e+01 1.834798208529176122e+01 3.339844533811885441e+01
2.939999999999999947e+00 1.508312948827522426e+00 4.445441568995387627e+01 1.855912054426892510e+01 3.378613968953842317e+01
2.944999999999999840e+00 1.509587646383803383e+00 4.481536694619336458e+01 1.877219962283709265e+01 3.417730065047131660e+01
2.950000000000000178e+00 1.510862038458753664e+00 4.517903526023302163e+01 1.898722537698850132e+01 3.457193797571859051e+01
2.955000000000000071e+00 1.512136125906285322e+00 4.554543301511700548e+01 1.920421672874258334e+01 3.497008416047438573e+01
2.959999999999999964e+00 1.513409909749681370e+00 4.591457697964744966e+01 1.942318010963779784e+01 3.537174813594563005e+01
2.964999999999999858e+00 1.514683391182853445e+00 4.628647963221501982e+01 1.964412674418957749e+01 3.577694833826074472e+01
2.970000000000000195e+00 1.515956571571605682e+00 4.666115951468120215e+01 1.986707117394379551e+01 3.618570943326875522e+01
2.975000000000000089e+00 1.517229452454897709e+00 4.703862473731504679e+01 2.009202419112983407e+01 3.659804995755146706e+01
2.979999999999999982e+00 1.518502035546109630e+00 4.741889307649715590e+01 2.031899764577650913e+01 3.701398749522959264e+01
2.984999999999999876e+00 1.519774322734309235e+00 4.780197609099256084e+01 2.054800014708818523e+01 3.743353644840991734e+01
2.990000000000000213e+00 1.521046316085523209e+00 4.818788802954783534e+01 2.077904334943313813e+01 3.785671652240253593e+01
2.995000000000000107e+00 1.522318017844006111e+00 4.857664579200951493e+01 2.101214189664924348e+01 3.828355167356907174e+01
3.000000000000000000e+00 1.523589430433515579e+00 4.896826177361192123e+01 2.124730727318580392e+01 3.871406068615824836e+01
3.004999999999999893e+00 1.524860556458587313e+00 4.936274601819692975e+01 2.148454773872446566e+01 3.914825601206588601e+01
3.010000000000000231e+00 1.526131398705811604e+00 4.976011453954237140e+01 2.172387526686366854e+01 3.958615698926513460e+01
3.015000000000000124e+00 1.527401960145112314e+00 5.016037724413529020e+01 2.196530130001278991e+01 4.002778452236180584e+01
3.020000000000000018e+00 1.528672243931031183e+00 5.056355355776050686e+01 2.220883823444586014e+01 4.047315705867391955e+01
3.024999999999999911e+00 1.529942253404009023e+00 5.096965519041037140e+01 2.245449733817276794e+01 4.092229169254422061e+01
3.030000000000000249e+00 1.531211992091669805e+00 5.137869389773720741e+01 2.270228760060246742e+01 4.137520499886502989e+01
3.035000000000000142e+00 1.532481463710112957e+00 5.179068129872523230e+01 2.295222331905857871e+01 4.183191876548747246e+01
3.040000000000000036e+00 1.533750672165198337e+00 5.220563264374134604e+01 2.320431088153230093e+01 4.229244395853324789e+01
3.044999999999999929e+00 1.535019621553841640e+00 5.262355955431466015e+01 2.345856767640088236e+01 4.275680981388799751e+01
3.050000000000000266e+00 1.536288316165307810e+00 5.304447206426807782e+01 2.371499928160659820e+01 4.322502367001051482e+01
3.055000000000000160e+00 1.537556760482504448e+00 5.346839045471718066e+01 2.397362138893787176e+01 4.369711028743454762e+01
3.060000000000000053e+00 1.538824959183287211e+00 5.389531959972028119e+01 2.423443915411216310e+01 4.417307896038033732e+01
3.064999999999999947e+00 1.540092917141751672e+00 5.432527467191848558e+01 2.449747030632399714e+01 4.465295885153435052e+01
3.070000000000000284e+00 1.541360639429545376e+00 5.475827082184246564e+01 2.476271867516329195e+01 4.513675428429473868e+01
3.075000000000000178e+00 1.542628131317168361e+00 5.519431283317279480e+01 2.503020078702560269e+01 4.562449478078035980e+01
3.080000000000000071e+00 1.543895398275281439e+00 5.563341945047564963e+01 2.529992331980887244e+01 4.611618695676584423e+01
3.084999999999999964e+00 1.545162445976019150e+00 5.607560052340062384e+01 2.557190126040147859e+01 4.661185796632265266e+01
3.089999999999999858e+00 1.546429280294300046e+00 5.652086951903070400e+01 2.584614314072372210e+01 4.711151930537388921e+01
3.095000000000000195e+00 1.547695907309144969e+00 5.696923309571638327e+01 2.612265746659805643e+01 4.761518600450821737e+01
3.100000000000000089e+00 1.548962333304992001e+00 5.742070803872911711e+01 2.640145687385318496e+01 4.812287734720206345e+01
3.104999999999999982e+00 1.550228564773019402e+00 5.787470378133581050e+01 2.668239023493864437e+01 4.863438053168204078e+01
3.109999999999999876e+00 1.551494608412467890e+00 5.833241284525114878e+01 2.696578812118390545e+01 4.915016823011426794e+01
3.115000000000000213e+00 1.552760471131968911e+00 5.879326123313558838e+01 2.725149637875241737e+01 4.967001970188925952e+01
3.120000000000000107e+00 1.554026160050869576e+00 5.925726259819396091e+01 2.753953639418495314e+01 5.019397177389395637e+01
3.125000000000000000e+00 1.555291682500568706e+00 5.972442849286554889e+01 2.782990797583600440e+01 5.072202173098426670e+01
3.129999999999999893e+00 1.556557046025848434e+00 6.019477078464679920e+01 2.812262927885676689e+01 5.125419874160800049e+01
3.135000000000000231e+00 1.557822258386214909e+00 6.066829933546240028e+01 2.841770860217659589e+01 5.179051671644849364e+01
3.140000000000000124e+00 1.559087327557234559e+00 6.114502240104145869e+01 2.871515138772552334e+01 5.233098192587290498e+01
3.145000000000000018e+00 1.560352261731882795e+00 6.162495167566240184e+01 2.901497290730608825e+01 5.287562091790117336e+01
3.149999999999999911e+00 1.561617069321888263e+00 6.210809549389523454e+01 2.931718127238863048e+01 5.342444618375265009e+01
3.155000000000000249e+00 1.562881758959084433e+00 6.259446719470736298e+01 2.962178260072163027e+01 5.397746584904095357e+01
3.160000000000000142e+00 1.564146339496760740e+00 6.308407508693134247e+01 2.992879465218474522e+01 5.453470842555289977e+01
3.165000000000000036e+00 1.565410820011023496e+00 6.357693416691620314e+01 3.023822053386795972e+01 5.509617767279721079e+01
3.169999999999999929e+00 1.566675209802153468e+00 6.407304250358825470e+01 3.055007333867401087e+01 5.566189628520452715e+01
3.175000000000000266e+00 1.567939518395971676e+00 6.457241690922174371e+01 3.086435910167369912e+01 5.623187199508924294e+01
3.180000000000000160e+00 1.569203755545205192e+00 6.507506716948941516e+01 3.118109017104602643e+01 5.680612308683729594e+01
3.185000000000000053e+00 1.570467931230861369e+00 6.558099656187147275e+01 3.150027341904264944e+01 5.738466156412962960e+01
3.189999999999999947e+00 1.571732055663601191e+00 6.609022007863057979e+01 3.182191867463877344e+01 5.796750204998494382e+01
3.195000000000000284e+00 1.572996139285118833e+00 6.660274583145250915e+01 3.214604038277126108e+01 5.855466825594350411e+01
3.200000000000000178e+00 1.574260192769525224e+00 6.711858063992589507e+01 3.247264002454021181e+01 5.914615976569009348e+01
3.205000000000000071e+00 1.575524227024737378e+00 6.763773058731887033e+01 3.280172838791358458e+01 5.974199393199378960e+01
3.209999999999999964e+00 1.576788253193867284e+00 6.816020767624421239e+01 3.313331820937975181e+01 6.034219267640634854e+01
3.214999999999999858e+00 1.578052282656617233e+00 6.868602154285507311e+01 3.346741440712122539e+01 6.094676067200899894e+01
3.220000000000000195e+00 1.579316327030685141e+00 6.921517532636815417e+01 3.380402702348316524e+01 6.155571407393561856e+01
3.225000000000000089e+00 1.580580398173165202e+00 6.974767540213434813e+01 3.414316083532153101e+01 6.216905945610046302e+01
3.229999999999999982e+00 1.581844508181959430e+00 7.028353702731159558e+01 3.448483167184958376e+01 6.278682181574536258e+01
3.234999999999999876e+00 1.583108669397191415e+00 7.082275969150985873e+01 3.482904285948079348e+01 6.340900658873017903e+01
3.240000000000000213e+00 1.584372894402625409e+00 7.136535312352407345e+01 3.517580581158254915e+01 6.403562969822898765e+01
3.245000000000000107e+00 1.585637196027092743e+00 7.191132741031100295e+01 3.552512232397824476e+01 6.466669336207030483e+01
3.250000000000000000e+00 1.586901587345919129e+00 7.246068542917286948e+01 3.587700959384858379e+01 6.530222695274247258e+01
3.254999999999999893e+00 1.588166081682362174e+00 7.301343537876124401e+01 3.623146829869214969e+01 6.594222752007925692e+01
3.260000000000000231e+00 1.589430692609048013e+00 7.356958537705378376e+01 3.658850630793541114e+01 6.658670573583761154e+01
3.265000000000000124e+00 1.590695433949419924e+00 7.412913501122125126e+01 3.694813379923296282e+01 6.723568161329176007e+01
3.270000000000000018e+00 1.591960319779189614e+00 7.469209923391152017e+01 3.731036273368192013e+01 6.788916936501085786e+01
3.274999999999999911e+00 1.593225364427793389e+00 7.525847592929095242e+01 3.767519217893548245e+01 6.854716883266418392e+01
3.280000000000000249e+00 1.594490582479856755e+00 7.582827649485453492e+01 3.804263075453309284e+01 6.920969161499594691e+01
3.285000000000000142e+00 1.595755988776664358e+00 7.640150582852453454e+01 3.841269233404548089e+01 6.987675938342660231e+01
3.290000000000000036e+00 1.597021598417631694e+00 7.697816491581036757e+01 3.878537892703828049e+01 7.054837292305575147e+01
3.294999999999999929e+00 1.598287426761794583e+00 7.755826208724606374e+01 3.916069573766203860e+01 7.122454228945980503e+01
3.300000000000000266e+00 1.599553489429289543e+00 7.814180173735304891e+01 3.953865606512093933e+01 7.190528651768504176e+01
3.305000000000000160e+00 1.600819802302856587e+00 7.872878542638267163e+01 3.991925869513380576e+01 7.259060163589062142e+01
3.310000000000000053e+00 1.602086381529337800e+00 7.931922440566798116e+01 4.030251604924993813e+01 7.328050741204897633e+01
3.314999999999999947e+00 1.603353243521186133e+00 7.991311642970094908e+01 4.068843278674205521e+01 7.397500950334735137e+01
3.320000000000000284e+00 1.604620404957985969e+00 8.051046797104332597e+01 4.107701262700745559e+01 7.467411304423877993e+01
3.325000000000000178e+00 1.605887882787973897e+00 8.111127845871786235e+01 4.146826009841434058e+01 7.537782226219353277e+01
3.330000000000000071e+00 1.607155694229572163e+00 8.171556279718987525e+01 4.186219650682993176e+01 7.608617459423726359e+01
3.334999999999999964e+00 1.608423856772927873e+00 8.232330846417872294e+01 4.225880496290709942e+01 7.679913810074674529e+01
3.339999999999999858e+00 1.609692388181460876e+00 8.293453380276322662e+01 4.265810664456819978e+01 7.751674549292225436e+01
3.345000000000000195e+00 1.610961306493419842e+00 8.354923813925255160e+01 4.306010991797131027e+01 7.823901090909555478e+01
3.350000000000000089e+00 1.612230630023444355e+00 8.416738673731467202e+01 4.346480838664604818e+01 7.896592645073796746e+01
3.354999999999999982e+00 1.613500377364142535e+00 8.478904720238107018e+01 4.387221194175729977e+01 7.969749647033394524e+01
3.359999999999999876e+00 1.614770567387667999e+00 8.541419181633743563e+01 4.428233065698965021e+01 8.043374254712351501e+01
3.365000000000000213e+00 1.616041219247312144e+00 8.604282013488810321e+01 4.469515814324176262e+01 8.117465116425924521e+01
3.370000000000000107e+00 1.617312352379102647e+00 8.667493165021183188e+01 4.511070953334336053e+01 8.192024659166320077e+01
3.375000000000000000e+00 1.618583986503417060e+00 8.731053755670197347e+01 4.552898190071461926e+01 8.267051962477850680e+01
3.379999999999999893e+00 1.619856141626595081e+00 8.794962719334502310e+01 4.594998860992667744e+01 8.342549519712262907e+01
3.385000000000000231e+00 1.621128838042573905e+00 8.859220678670548921e+01 4.637372445436369617e+01 8.418516053288287537e+01
3.390000000000000124e+00 1.622402096334521149e+00 8.923828947495236719e+01 4.680020894911728391e+01 8.494954544108887262e+01
3.395000000000000018e+00 1.623675937376488410e+00 8.988785733811076284e+01 4.722943039925022646e+01 8.571863131945447378e+01
3.399999999999999911e+00 1.624950382335069499e+00 9.054091680134546039e+01 4.766139091511287518e+01 8.649241669288501555e+01
3.405000000000000249e+00 1.626225452671069327e+00 9.119747232867264586e+01 4.809611550428931537e+01 8.727094479081382872e+01
3.410000000000000142e+00 1.627501170141188780e+00 9.185752163524242064e+01 4.853358094764183051e+01 8.805417273418872526e+01
3.415000000000000036e+00 1.628777556799715365e+00 9.252106231422186511e+01 4.897380974372856599e+01 8.884213830091701425e+01
3.419999999999999929e+00 1.630054635000228513e+00 9.318810064728438647e+01 4.941680423915548204e+01 8.963484242269777269e+01
3.425000000000000266e+00 1.631332427397314877e+00 9.385862575066731495e+01 4.986256132770948568e+01 9.043227937133953276e+01
3.430000000000000160e+00 1.632610956948298497e+00 9.453264367777401844e+01 5.031108288042431553e+01 9.123444916642417013e+01
3.435000000000000053e+00 1.633890246914980304e+00 9.521015228254081819e+01 5.076237584578079520e+01 9.204136183192512988e+01
3.439999999999999947e+00 1.635170320865392934e+00 9.589114924817259578e+01 5.121643946631089506e+01 9.285301443357104745e+01
3.445000000000000284e+00 1.636451202675564431e+00 9.657563378233930962e+01 5.167327313236434350e+01 9.366940410001204498e+01
3.450000000000000178e+00 1.637732916531301264e+00 9.726360165159019289e+01 5.213289087621681972e+01 9.449055251992511728e+01
3.455000000000000071e+00 1.639015486929979559e+00 9.795505087057374283e+01 5.259528416358016756e+01 9.531644534649656464e+01
3.459999999999999964e+00 1.640298938682350771e+00 9.864998740355100892e+01 5.306046222031827853e+01 9.614709465840887503e+01
3.464999999999999858e+00 1.641583296914366441e+00 9.934839507429700234e+01 5.352842660919182549e+01 9.698250171217671323e+01
3.470000000000000195e+00 1.642868587069010289e+00 1.000502855283920809e+02 5.399917266612970224e+01 9.782265571701300644e+01
3.475000000000000089e+00 1.644154834908149621e+00 1.007556425262828270e+02 5.447271071544778209e+01 9.866757699420897154e+01
3.479999999999999982e+00 1.645442066514400281e+00 1.014644722799590255e+02 5.494903280670781953e+01 9.951724242388137043e+01
3.484999999999999876e+00 1.646730308293007594e+00 1.021767689429826191e+02 5.542813680115344965e+01 1.003716520221353505e+02
3.490000000000000213e+00 1.648019586973742623e+00 1.028925283797109671e+02 5.591004373949512285e+01 1.012308400868746219e+02
3.495000000000000107e+00 1.649309929612814640e+00 1.036117431646244000e+02 5.639473475267779889e+01 1.020947700290992941e+02
3.500000000000000000e+00 1.650601363594798476e+00 1.043344159004860643e+02 5.688222386190942359e+01 1.029634654783596517e+02
3.504999999999999893e+00 1.651893916634581849e+00 1.050597270936845007e+02 5.737187720955910208e+01 1.038352023165898999e+02
3.510000000000000231e+00 1.653187616779326907e+00 1.057884669271665956e+02 5.786430892547617333e+01 1.047116485170559201e+02
3.515000000000000124e+00 1.654482492410449757e+00 1.065206330576754539e+02 5.835952565652266344e+01 1.055928180272303649e+02
3.520000000000000018e+00 1.655778572245619973e+00 1.072562245960345422e+02 5.885753247253791187e+01 1.064787142106711428e+02
3.524999999999999911e+00 1.657075885340773880e+00 1.079952220883251357e+02 5.935830494873511043e+01 1.073692962370021604e+02
3.530000000000000249e+00 1.658374461092151142e+00 1.087376329796135508e+02 5.986186781799302281e+01 1.082646021460111712e+02
3.535000000000000142e+00 1.659674329238346902e+00 1.094834396108031740e+02 6.036820427822255652e+01 1.091646039566360287e+02
3.540000000000000036e+00 1.660975519862385452e+00 1.102326461042785013e+02 6.087732180595161680e+01 1.100693107643996171e+02
3.544999999999999929e+00 1.662278063393811456e+00 1.109852446382630546e+02 6.138921448931617419e+01 1.109787083579163607e+02
3.550000000000000266e+00 1.663581990610803807e+00 1.117412263916610016e+02 6.190388520209891254e+01 1.118928051606940528e+02
3.555000000000000160e+00 1.664887332642308815e+00 1.125005797822628750e+02 6.242132697244313988e+01 1.128115848256194340e+02
3.560000000000000053e+00 1.666194120970192039e+00 1.132633042680248252e+02 6.294154484146290685e+01 1.137350527199126162e+02
3.564999999999999947e+00 1.667502387431416100e+00 1.140293956635263442e+02 6.346453454842057340e+01 1.146632026460368508e+02
3.570000000000000284e+00 1.668812164220237593e+00 1.147988408002811838e+02 6.399029598066595526e+01 1.155960313210012060e+02
3.575000000000000178e+00 1.670123483890425531e+00 1.155716271661818269e+02 6.451882991034530335e+01 1.165335391026149665e+02
3.580000000000000071e+00 1.671436379357503110e+00 1.163477625932435018e+02 6.505012685637385061e+01 1.174757059220574007e+02
3.584999999999999964e+00 1.672750883901015451e+00 1.171272270704732534e+02 6.558418479430551429e+01 1.184225279662746289e+02
3.589999999999999858e+00 1.674067031166816655e+00 1.179100154450133999e+02 6.612100607257330864e+01 1.193740075047209928e+02
3.595000000000000195e+00 1.675384855169382847e+00 1.186961142135455987e+02 6.666059064973893555e+01 1.203301462969611748e+02
3.600000000000000089e+00 1.676704390294149860e+00 1.194855178113341907e+02 6.720292295480720668e+01 1.212909123133402574e+02
3.604999999999999982e+00 1.678025671299876453e+00 1.202782220583920321e+02 6.774800659676090220e+01 1.222563104898057418e+02
3.609999999999999876e+00 1.679348733321033071e+00 1.210742175539648571e+02 6.829585021425741331e+01 1.232263548736764278e+02
3.615000000000000213e+00 1.680673611870211692e+00 1.218734881031952142e+02 6.884643514330791447e+01 1.242010110911648155e+02
3.620000000000000107e+00 1.682000342840573426e+00 1.226760294392479267e+02 6.939976412843545006e+01 1.251802833579693015e+02
3.625000000000000000e+00 1.683328962508309878e+00 1.234818308562716709e+02 6.995583488638754943e+01 1.261641685800074129e+02
3.629999999999999893e+00 1.684659507535143819e+00 1.242908811453143016e+02 7.051463890730580886e+01 1.271526457421484508e+02
3.635000000000000231e+00 1.685992014970846498e+00 1.251031760749033737e+02 7.107616978441846811e+01 1.281457050645668971e+02
3.640000000000000124e+00 1.687326522255794936e+00 1.259186946209044180e+02 7.164043992479550127e+01 1.291433695376933031e+02
3.645000000000000018e+00 1.688663067223552527e+00 1.267374394935528272e+02 7.220742796855309109e+01 1.301455967294772620e+02
3.649999999999999911e+00 1.690001688103477839e+00 1.275593877937320428e+02 7.277712760913078682e+01 1.311523760749954590e+02
3.655000000000000249e+00 1.691342423523365834e+00 1.283845387610919602e+02 7.334955022321219076e+01 1.321637274511952569e+02
3.660000000000000142e+00 1.692685312512123508e+00 1.292128692994276378e+02 7.392468021172633996e+01 1.331796229654767103e+02
3.665000000000000036e+00 1.694030394502469727e+00 1.300443843581571173e+02 7.450252267316304255e+01 1.342000658828028179e+02
3.669999999999999929e+00 1.695377709333675487e+00 1.308790588068307841e+02 7.508305304887960574e+01 1.352250175780677353e+02
3.675000000000000266e+00 1.696727297254325917e+00 1.317168837431295572e+02 7.566628758736101190e+01 1.362545069853986206e+02
3.680000000000000160e+00 1.698079198925130706e+00 1.325578602936254811e+02 7.625221017776148358e+01 1.372884961143986402e+02
3.685000000000000053e+00 1.699433455421752726e+00 1.334019553028712153e+02 7.684081085459725102e+01 1.383269787540695006e+02
3.689999999999999947e+00 1.700790108237682396e+00 1.342491733419843740e+02 7.743210191747436966e+01 1.393699679953100485e+02
3.695000000000000284e+00 1.702149199287140036e+00 1.350994948899480619e+02 7.802604996678505245e+01 1.404174058873635715e+02
3.700000000000000178e+00 1.703510770908022831e+00 1.359529076874163991e+02 7.862267829419116083e+01 1.414693328808211561e+02
3.705000000000000071e+00 1.704874865864877798e+00 1.368094059362681492e+02 7.922195953095061327e+01 1.425257013680109708e+02
3.709999999999999964e+00 1.706241527351919807e+00 1.376689681741770528e+02 7.982389620606809899e+01 1.435865162441810980e+02
3.714999999999999858e+00 1.707610798996081591e+00 1.385315911121580825e+02 8.042848634425561727e+01 1.446517705297846703e+02
3.720000000000000195e+00 1.708982724860113711e+00 1.393972498700089204e+02 8.103572055331119373e+01 1.457214482302752003e+02
3.725000000000000089e+00 1.710357349445704500e+00 1.402659410081647309e+02 8.164558216550027225e+01 1.467955250640248721e+02
3.729999999999999982e+00 1.711734717696661745e+00 1.411376516728327886e+02 8.225807329760282016e+01 1.478739967555991370e+02
3.734999999999999876e+00 1.713114875002117454e+00 1.420123559497200176e+02 8.287319372661218608e+01 1.489568689839891249e+02
3.740000000000000213e+00 1.714497867199787251e+00 1.428900533824805734e+02 8.349091622102749000e+01 1.500440876067140152e+02
3.745000000000000107e+00 1.715883740579261962e+00 1.437707283260677968e+02 8.411126165145391553e+01 1.511356946837534281e+02
3.750000000000000000e+00 1.717272541885350057e+00 1.446543646246778110e+02 8.473419608047360896e+01 1.522316283384587621e+02
3.754999999999999893e+00 1.718664318321458495e+00 1.455409467556708307e+02 8.535973076411376326e+01 1.533319107121514264e+02
3.760000000000000231e+00 1.720059117553022654e+00 1.464304646280665452e+02 8.598785214303262592e+01 1.544365156775219248e+02
3.765000000000000124e+00 1.721456987710977105e+00 1.473228983717384892e+02 8.661854050222972035e+01 1.555454081346786950e+02
3.770000000000000018e+00 1.722857977395276574e+00 1.482182446203506743e+02 8.725181422878097237e+01 1.566586218012339771e+02
3.774999999999999911e+00 1.724262135678464647e+00 1.491164815136049810e+02 8.788764331315721279e+01 1.577761043337453088e+02
3.780000000000000249e+00 1.725669512109285098e+00 1.500175831414104266e+02 8.852602513458359113e+01 1.588978533382322098e+02
3.785000000000000142e+00 1.727080156716347847e+00 1.509215668005059570e+02 8.916695789969786290e+01 1.600238615792933956e+02
3.790000000000000036e+00 1.728494120011841551e+00 1.518283796872410107e+02 8.981043268908557309e+01 1.611541212252246567e+02
3.794999999999999929e+00 1.729911452995299248e+00 1.527380407683648968e+02 9.045643207852934609e+01 1.622885921671672804e+02
3.800000000000000266e+00 1.731332207157411762e+00 1.536505122112433526e+02 9.110495455601727599e+01 1.634272805465251963e+02
3.805000000000000160e+00 1.732756434483898600e+00 1.545657751803642554e+02 9.175598825730322972e+01 1.645701671103542765e+02
3.810000000000000053e+00 1.734184187459427706e+00 1.554838468598263432e+02 9.240953324325730023e+01 1.657172468501005085e+02
3.814999999999999947e+00 1.735615519071593615e+00 1.564046773443306790e+02 9.306557133198542431e+01 1.668684906370059480e+02
3.820000000000000284e+00 1.737050482814948671e+00 1.573282738550934141e+02 9.372410443881543074e+01 1.680239026004837797e+02
3.825000000000000178e+00 1.738489132695088868e+00 1.582546107338092156e+02 9.438510924187372098e+01 1.691834426606539807e+02
3.830000000000000071e+00 1.739931523232801869e+00 1.591836811965382594e+02 9.504859025201128020e+01 1.703471223007551032e+02
3.834999999999999964e+00 1.741377709468272084e+00 1.601154506086829485e+02 9.571452586971881260e+01 1.715149058496600105e+02
3.839999999999999858e+00 1.742827746965340152e+00 1.610499228245832910e+02 9.638291767009933153e+01 1.726867926497781980e+02
3.845000000000000195e+00 1.744281691815829705e+00 1.619870880028443310e+02 9.705375931265733414e+01 1.738627734582663891e+02
3.850000000000000089e+00 1.745739600643932299e+00 1.629269017633131398e+02 9.772702084137824841e+01 1.750427980831030652e+02
3.854999999999999982e+00 1.747201530610656750e+00 1.638693777013464512e+02 9.840272154367769986e+01 1.762269046515978062e+02
3.859999999999999876e+00 1.748667539418339745e+00 1.648144823575181590e+02 9.908082880416732507e+01 1.774150336497903311e+02
3.865000000000000213e+00 1.750137685315223512e+00 1.657622090814243734e+02 9.976134510525091059e+01 1.786071896442711306e+02
3.870000000000000107e+00 1.751612027100100555e+00 1.667125340689113671e+02 1.004442562313623597e+02 1.798033568663104234e+02
3.875000000000000000e+00 1.753090624127023878e+00 1.676654509658054053e+02 1.011295645561768310e+02 1.810035353113073882e+02
3.879999999999999893e+00 1.754573536310083837e+00 1.686209344902268867e+02 1.018172342278484024e+02 1.822076634278686242e+02
3.885000000000000231e+00 1.756060824128258258e+00 1.695789802580203514e+02 1.025072878480762739e+02 1.834157833505303472e+02
3.890000000000000124e+00 1.757552548630337386e+00 1.705395659616450530e+02 1.031996901052458924e+02 1.846278375420023679e+02
3.895000000000000018e+00 1.759048771439909009e+00 1.715026670664383346e+02 1.038944342742166356e+02 1.858438156646190293e+02
3.899999999999999911e+00 1.760549554760425739e+00 1.724682789089970640e+02 1.045915224849780856e+02 1.870637248396971586e+02
3.905000000000000249e+00 1.762054961380348228e+00 1.734363936932456909e+02 1.052909467766552467e+02 1.882875464416826503e+02
3.910000000000000142e+00 1.763565054678360111e+00 1.744069738846717996e+02 1.059926916240069943e+02 1.895152664402893379e+02
3.915000000000000036e+00 1.765079898628665322e+00 1.753800258726941479e+02 1.066967374434314593e+02 1.907468399344833756e+02
3.919999999999999929e+00 1.766599557806353804e+00 1.763555162201843132e+02 1.074030891597365240e+02 1.919822914637259998e+02
3.925000000000000266e+00 1.768124097392861804e+00 1.773334370436135998e+02 1.081117271548696266e+02 1.932215772922349402e+02
3.930000000000000160e+00 1.769653583181507006e+00 1.783137787991818755e+02 1.088226428796253771e+02 1.944646913473557390e+02
3.935000000000000053e+00 1.771188081583099816e+00 1.792965068968347282e+02 1.095358300333000443e+02 1.957116274706339425e+02
3.939999999999999947e+00 1.772727659631656794e+00 1.802816304050132032e+02 1.102512785055206450e+02 1.969623615893696069e+02
3.945000000000000284e+00 1.774272384990179141e+00 1.812691092734272047e+02 1.109689712059202549e+02 1.982168794759603827e+02
3.950000000000000178e+00 1.775822325956536885e+00 1.822589416804078155e+02 1.116888994647020468e+02 1.994751597098646982e+02
3.955000000000000071e+00 1.777377551469432548e+00 1.832511163968929679e+02 1.124110725958017127e+02 2.007372243120865676e+02
3.959999999999999964e+00 1.778938131114458976e+00 1.842456004739930222e+02 1.131354538346479757e+02 2.020030151934793139e+02
3.965000000000000302e+00 1.780504135130244192e+00 1.852424003805340362e+02 1.138620420838775829e+02 2.032725211815295836e+02
3.970000000000000195e+00 1.782075634414699072e+00 1.862414794074074678e+02 1.145908399142282121e+02 2.045457698225560534e+02
3.975000000000000089e+00 1.783652700531359159e+00 1.872428341100065836e+02 1.153218165786895355e+02 2.058226945430472199e+02
3.979999999999999982e+00 1.785235405715812629e+00 1.882464402488715791e+02 1.160549736780128427e+02 2.071033113153561089e+02
3.984999999999999876e+00 1.786823822882243729e+00 1.892523058126272417e+02 1.167902986341742633e+02 2.083875906301726388e+02
3.990000000000000213e+00 1.788418025630066133e+00 1.902603825673974711e+02 1.175277847295027840e+02 2.096755377795489608e+02
3.995000000000000107e+00 1.790018088250662442e+00 1.912706777771745692e+02 1.182674206953066687e+02 2.109671310651681893e+02
4.000000000000000000e+00 1.791624085734228267e+00 1.922831724671731024e+02 1.190091960598684864e+02 2.122623532681917595e+02
