% raindrop T-matrix calculations using the code of Leinonen, J., "Python code for T-matrix scattering calculations". Available at https://github.com/jleinonen/pytmatrix/. 
% 
% refractive index calculations after Ray, P., 1972:  Broadband Complex Refractive Indices of Ice and Water, Appl. Opt. 11, 1836-1844 
% 
% raindrop aspect ratio estimated with the methodology of Brandes, Edward & Zhang, Guifu & Vivekanandan, Jothiram. (2005). Corrigendum. Journal of Applied Meteorology. 44. 186-. 10.1175/1520-0450(2005)44<186:C>2.0.CO;2. 
% 
% wave length: 327.642031 mm 
% temperature: 288.15 K 
% refractive index: 9.051069259643554688e+00 + 2.825778424739837646e-01 i 
% 
%r_eqv[mm]               axial ratio              ext[mm2]                 sca[mm2]                 back[mm2]
5.000000000000000104e-03 9.999900000999989436e-01 6.551633484518718467e-11 1.646376067095651933e-20 2.469564094622208392e-20
1.000000000000000021e-02 9.999900000999989436e-01 5.241318559354649865e-10 1.053680682942036335e-18 1.580520769583752452e-18
1.499999999999999944e-02 9.999900000999989436e-01 1.768951509926418441e-09 1.200208263111396598e-17 1.800311627938663980e-17
2.000000000000000042e-02 9.999900000999989436e-01 4.193091841600257379e-09 6.743556370839761053e-17 1.011532650036854652e-16
2.500000000000000139e-02 9.999900000999989436e-01 8.189686338157864957e-09 2.572462961965253038e-16 3.858689531663644026e-16
2.999999999999999889e-02 9.999900000999989436e-01 1.415189326754805087e-08 7.681334625502521038e-16 1.152198056463036445e-15
3.500000000000000333e-02 9.999900000999989436e-01 2.247289741399740724e-08 1.936945726853533250e-15 2.905411201413485893e-15
4.000000000000000083e-02 9.999900000999989436e-01 3.354591859267510254e-08 4.315878554254647630e-15 6.473796227582083235e-15
4.499999999999999833e-02 9.999900000999989436e-01 4.776422320245680096e-08 8.749524260880571756e-15 1.312423078452913024e-14
5.000000000000000278e-02 9.999900000999989436e-01 6.552111342817857721e-08 1.646377585727852635e-14 2.469553431549057523e-14
5.500000000000000028e-02 9.999900000999989436e-01 8.720994933714187538e-08 2.916659167040079833e-14 4.374960950989668352e-14
5.999999999999999778e-02 9.999900000999989436e-01 1.132241562067590007e-07 4.916059733442213990e-14 7.374033766240894365e-14
6.500000000000000222e-02 9.999900000999989436e-01 1.439572159289845849e-07 7.946756463995108848e-14 1.192002866716161550e-13
7.000000000000000666e-02 9.999900000999989436e-01 1.798026785367163741e-07 1.239647209739787588e-13 1.859451617239500088e-13
7.499999999999999722e-02 9.999900000999989436e-01 2.211541736035647765e-07 1.875329488546938938e-13 2.812960873121326479e-13
8.000000000000000167e-02 9.999900000999989436e-01 2.684054098110192520e-07 2.762168087336384987e-13 4.143196196893310137e-13
8.500000000000000611e-02 9.999900000999989436e-01 3.219501812404450350e-07 3.973963337316266616e-13 5.960854120453436043e-13
8.999999999999999667e-02 9.999900000999989436e-01 3.821824162879893236e-07 5.599709822260067292e-13 8.399421105161217664e-13
9.500000000000000111e-02 9.999900000999989436e-01 4.494960311003810246e-07 7.745550701781913091e-13 1.161810463048355455e-12
1.000000000000000056e-01 9.999900000999989436e-01 5.242851961980966365e-07 1.053684960374619038e-12 1.580494056001420697e-12
1.049999999999999961e-01 9.999900000999989436e-01 6.069441247280923012e-07 1.412039418593352042e-12 2.118009792579927034e-12
1.100000000000000006e-01 9.999900000999989436e-01 6.978670568232529765e-07 1.866669010216077989e-12 2.799931922430890175e-12
1.150000000000000050e-01 9.999900000999989436e-01 7.974485247991703214e-07 2.437240682810012565e-12 3.655758839607002595e-12
1.199999999999999956e-01 9.999900000999989436e-01 9.060830998626026732e-07 3.146292497151912284e-12 4.719295091564255698e-12
1.250000000000000000e-01 9.999900000999989436e-01 1.024165528845368920e-06 4.019498995137066790e-12 6.029049330766888011e-12
1.300000000000000044e-01 9.999900000999989436e-01 1.152090603469582419e-06 5.085951347469085945e-12 7.628654421918567983e-12
1.350000000000000089e-01 9.999900000999989436e-01 1.290253348545337518e-06 6.378446208991619236e-12 9.567300595542795208e-12
1.400000000000000133e-01 9.999900000999989436e-01 1.439048935400610228e-06 7.933790870642669778e-12 1.190019302992998164e-11
1.449999999999999900e-01 9.999900000999989436e-01 1.598872687357945935e-06 9.793114791058246246e-12 1.468901898473970574e-11
1.499999999999999944e-01 9.999900000999989436e-01 1.770120177844849116e-06 1.200219507745377017e-11 1.800243583948708513e-11
1.549999999999999989e-01 9.999900000999989436e-01 1.953186789533122994e-06 1.461179519706035929e-11 2.191657895698896017e-11
1.600000000000000033e-01 9.999900000999989436e-01 2.148468696440530191e-06 1.767801780792910473e-11 2.651559070329645702e-11
1.650000000000000078e-01 9.999900000999989436e-01 2.356361712385770172e-06 2.126266071940619092e-11 3.189215413934301570e-11
1.700000000000000122e-01 9.999900000999989436e-01 2.577262191525944401e-06 2.543359659477746419e-11 3.814806229976652326e-11
1.750000000000000167e-01 9.999900000999989436e-01 2.811566499670479546e-06 3.026515139280700071e-11 4.539478555294008680e-11
1.799999999999999933e-01 9.999900000999989436e-01 3.059671195570161932e-06 3.583850885311856085e-11 5.375407799864320766e-11
1.849999999999999978e-01 9.999900000999989436e-01 3.321973029813976656e-06 4.224211165715755847e-11 6.335857884868235315e-11
1.900000000000000022e-01 1.000338260324268314e+00 3.599794828263843259e-06 4.958485054372886773e-11 7.437159565662745446e-11
1.950000000000000067e-01 1.000344839311130496e+00 3.891776613533573504e-06 5.794787973438132099e-11 8.691482721825054623e-11
2.000000000000000111e-01 1.000357515291503407e+00 4.199173132957172548e-06 6.745502372762383751e-11 1.011739730210790797e-10
2.050000000000000155e-01 1.000376259251188893e+00 4.522386951010975737e-06 7.822829871927536436e-11 1.173320150523874196e-10
2.099999999999999922e-01 1.000401042453005207e+00 4.861820481932551775e-06 9.039925509961534068e-11 1.355862309637721736e-10
2.149999999999999967e-01 1.000431836433301802e+00 5.217878123180787320e-06 1.041094342982171441e-10 1.561488787454354807e-10
2.200000000000000011e-01 1.000468612998516083e+00 5.590964150963694898e-06 1.195109278048572646e-10 1.792480346357944034e-10
2.250000000000000056e-01 1.000511344221778787e+00 5.981483063498015037e-06 1.367668283227963394e-10 2.051282691688180466e-10
2.300000000000000100e-01 1.000560002439564444e+00 6.389841004039487284e-06 1.560517850286371832e-10 2.340514793452278770e-10
2.350000000000000144e-01 1.000614560248383578e+00 6.816445047447778999e-06 1.775525199588313284e-10 2.662976624298654548e-10
2.399999999999999911e-01 1.000674990501522643e+00 7.261701467292025404e-06 2.014684190555203386e-10 3.021658016917933781e-10
2.449999999999999956e-01 1.000741266305821942e+00 7.726018907354992665e-06 2.280120068844855181e-10 3.419745776036963233e-10
2.500000000000000000e-01 1.000813361018499714e+00 8.209806251929848694e-06 2.574097068331453258e-10 3.860635071748420944e-10
2.550000000000000044e-01 1.000891248244015541e+00 8.713474056771760941e-06 2.899021432428280241e-10 4.347933961613380897e-10
2.600000000000000089e-01 1.000974901830975039e+00 9.237431726171220888e-06 3.257449781737244421e-10 4.885475931451111402e-10
2.650000000000000133e-01 1.001064295869075416e+00 9.782091768312581106e-06 3.652095482783125126e-10 5.477329436759009925e-10
2.700000000000000178e-01 1.001159404686088994e+00 1.034786624550223369e-05 4.085832005572471624e-10 6.127802927424762482e-10
2.750000000000000222e-01 1.001260202844886926e+00 1.093516892085059371e-05 4.561702107097987642e-10 6.841458610117755034e-10
2.800000000000000266e-01 1.001366665140501100e+00 1.154441312990038294e-05 5.082924626840317306e-10 7.623122627391422832e-10
2.850000000000000311e-01 1.001478766597222014e+00 1.217601531603332995e-05 5.652897710962570149e-10 8.477889880642499984e-10
2.899999999999999800e-01 1.001596482465736404e+00 1.283039012545097609e-05 6.275210479842971706e-10 9.411141515734186547e-10
2.949999999999999845e-01 1.001719788220298835e+00 1.350795738334329418e-05 6.953645640477458873e-10 1.042854882552849766e-09
2.999999999999999889e-01 1.001848659555939935e+00 1.420913305361408489e-05 7.692188713523155923e-10 1.153608707389064525e-09
3.049999999999999933e-01 1.001983072385710605e+00 1.493433619830360002e-05 8.495033455117395502e-10 1.274004361111620242e-09
3.099999999999999978e-01 1.002123002837959964e+00 1.568398902219647213e-05 9.366594666599963360e-10 1.404703706846259456e-09
3.150000000000000022e-01 1.002268427253648841e+00 1.645851121304548140e-05 1.031150761175027406e-09 1.546401646573089843e-09
3.200000000000000067e-01 1.002419322183694117e+00 1.725832705474023024e-05 1.133464084370164035e-09 1.699828043068694145e-09
3.250000000000000111e-01 1.002575664386349930e+00 1.808385828929898016e-05 1.244110216964839936e-09 1.865748612382887630e-09
3.300000000000000155e-01 1.002737430824617970e+00 1.893553128232528351e-05 1.363624636980590258e-09 2.044966079544077622e-09
3.350000000000000200e-01 1.002904598663692415e+00 1.981377125495944189e-05 1.492568793562093386e-09 2.238322086706774556e-09
3.400000000000000244e-01 1.003077145268434833e+00 2.071900527720450821e-05 1.631529735369973288e-09 2.446696633513866468e-09
3.450000000000000289e-01 1.003255048200880628e+00 2.165166068532055978e-05 1.781122634270355562e-09 2.671011859665950840e-09
3.500000000000000333e-01 1.003438285217776782e+00 2.261216803406928389e-05 1.941989881129678613e-09 2.912230686236328581e-09
3.549999999999999822e-01 1.003626834268148693e+00 2.360095825362241499e-05 2.114803220482279022e-09 3.171360014558964524e-09
3.599999999999999867e-01 1.003820673490896542e+00 2.461846400267181267e-05 2.300264396747686131e-09 3.449451692565001255e-09
3.649999999999999911e-01 1.004019781212422524e+00 2.566511554888745018e-05 2.499105153858527247e-09 3.747602511375027686e-09
3.699999999999999956e-01 1.004224135944284502e+00 2.674134773298387368e-05 2.712088979808863267e-09 4.066956818680101072e-09
3.750000000000000000e-01 1.004433716380879638e+00 2.784760134208371903e-05 2.940012385865149277e-09 4.408708433943508302e-09
3.800000000000000044e-01 1.004648501397155336e+00 2.898430646255105463e-05 3.183704556091427390e-09 4.774100119487486753e-09
3.850000000000000089e-01 1.004868470046347273e+00 3.015190749448118965e-05 3.444029572060655482e-09 5.164426913457576298e-09
3.900000000000000133e-01 1.005093601557745631e+00 3.135084085413897178e-05 3.721886383141614038e-09 5.581036082231801850e-09
3.950000000000000178e-01 1.005323875334485528e+00 3.258154618713189111e-05 4.018210039748439585e-09 6.025328965233767607e-09
4.000000000000000222e-01 1.005559270951367434e+00 3.384447192404033605e-05 4.333973520148042625e-09 6.498763711849152941e-09
4.050000000000000266e-01 1.005799768152698448e+00 3.514005577304864047e-05 4.670187961347042111e-09 7.002855622418809990e-09
4.100000000000000311e-01 1.006045346850164002e+00 3.646874695545554077e-05 5.027902773515799374e-09 7.539177316585508104e-09
4.150000000000000355e-01 1.006295987120720881e+00 3.783098963761104489e-05 5.408209318733506816e-09 8.109364246035089558e-09
4.199999999999999845e-01 1.006551669204517108e+00 3.922723398191496136e-05 5.812239261503234699e-09 8.715112214869565766e-09
4.249999999999999889e-01 1.006812373502834479e+00 4.065793059084183998e-05 6.241166522306725564e-09 9.358180306481381685e-09
4.299999999999999933e-01 1.007078080576055967e+00 4.212352762844316406e-05 6.696207274582904453e-09 1.004039087279788740e-08
4.349999999999999978e-01 1.007348771141657329e+00 4.362448228813362516e-05 7.178626124688105408e-09 1.076363879771214942e-08
4.400000000000000022e-01 1.007624426072219359e+00 4.516124364810777611e-05 7.689730263608296246e-09 1.152988272090652545e-08
4.450000000000000067e-01 1.007905026393466796e+00 4.673426974291480286e-05 8.230873292091480380e-09 1.234115076900575708e-08
4.500000000000000111e-01 1.008190553282325652e+00 4.834402181569754010e-05 8.803458848477679302e-09 1.319954599123240492e-08
4.550000000000000155e-01 1.008480988065006079e+00 4.999095040187470000e-05 9.408938336145766439e-09 1.410724294366236454e-08
4.600000000000000200e-01 1.008776312215104998e+00 5.167552901593684645e-05 1.004881314308317066e-08 1.506649101401388389e-08
4.650000000000000244e-01 1.009076507351731156e+00 5.339820618870247046e-05 1.072463713473250184e-08 1.607961815097008989e-08
4.700000000000000289e-01 1.009381555237651273e+00 5.515945359255503482e-05 1.143801665372002222e-08 1.714903086054050874e-08
4.750000000000000333e-01 1.009691437777457068e+00 5.695973210859036620e-05 1.219061026003539368e-08 1.827721380776955278e-08
4.799999999999999822e-01 1.010006137015752481e+00 5.879951433322651891e-05 1.298413409344983836e-08 1.946673785000371390e-08
4.849999999999999867e-01 1.010325635135361333e+00 6.067926769494086657e-05 1.382035903494306472e-08 2.072025577648626453e-08
4.899999999999999911e-01 1.010649914455556075e+00 6.259946014723556966e-05 1.470111473826761738e-08 2.204050834323020489e-08
4.949999999999999956e-01 1.010978957430304748e+00 6.456056579077945373e-05 1.562828637891517415e-08 2.343031939261193836e-08
5.000000000000000000e-01 1.011312746646537475e+00 6.656305357972555571e-05 1.660382201066717277e-08 2.489260687794107703e-08
5.050000000000000044e-01 1.011651264822433394e+00 6.860740998922604294e-05 1.762973427389851368e-08 2.643038541383087958e-08
5.100000000000000089e-01 1.011994494805724676e+00 7.069410484240083129e-05 1.870809162571942810e-08 2.804675311504018038e-08
5.150000000000000133e-01 1.012342419572020980e+00 7.282362012467150645e-05 1.984103315109504677e-08 2.974491380824873935e-08
5.200000000000000178e-01 1.012695022223150554e+00 7.499643803491272930e-05 2.103075614499628096e-08 3.152815839086642423e-08
5.250000000000000222e-01 1.013052285985520662e+00 7.721304151586886179e-05 2.227953512676682746e-08 3.339989333795034046e-08
5.300000000000000266e-01 1.013414194208494434e+00 7.947391384632420471e-05 2.358970165306760244e-08 3.536361042679027547e-08
5.350000000000000311e-01 1.013780730362787486e+00 8.177953908479194717e-05 2.496366388325783277e-08 3.742291605453471086e-08
5.400000000000000355e-01 1.014151878038878962e+00 8.413040732565761463e-05 2.640390108036729098e-08 3.958152299859062997e-08
5.450000000000000400e-01 1.014527620945441466e+00 8.652701476704222376e-05 2.791296038438300257e-08 4.184324555018712899e-08
5.500000000000000444e-01 1.014907942907788518e+00 8.896984701701012759e-05 2.949347110151869144e-08 4.421202094226175019e-08
5.550000000000000488e-01 1.015292827866336012e+00 9.145940725463528145e-05 3.114812456611872056e-08 4.669187914298827036e-08
5.600000000000000533e-01 1.015682259875082316e+00 9.399618208276512457e-05 3.287970627885146464e-08 4.928699101558482091e-08
5.650000000000000577e-01 1.016076223100103704e+00 9.658067589475125990e-05 3.469106660281921100e-08 5.200162439909835734e-08
5.700000000000000622e-01 1.016474701818065096e+00 9.921337629642181129e-05 3.658514451575288162e-08 5.484017968050008999e-08
5.750000000000000666e-01 1.016877680414747243e+00 1.018948112920207570e-04 3.856495054138534225e-08 5.780716420828794490e-08
5.799999999999999600e-01 1.017285143383589441e+00 1.046254586775322574e-04 4.063359267928065359e-08 6.090723115647801611e-08
5.849999999999999645e-01 1.017697075324246692e+00 1.074058416915241691e-04 4.279424812249603099e-08 6.414513709176249740e-08
5.899999999999999689e-01 1.018113460941162618e+00 1.102364622307908267e-04 4.505018992733710400e-08 6.752578197379839429e-08
5.949999999999999734e-01 1.018534285042156151e+00 1.131178331678793958e-04 4.740478417312191810e-08 7.105420485067862440e-08
5.999999999999999778e-01 1.018959532537025314e+00 1.160504576469604501e-04 4.986147552674475095e-08 7.473556223500929221e-08
6.049999999999999822e-01 1.019389188436160998e+00 1.190348614183065715e-04 5.242379858869068619e-08 7.857514507247134196e-08
6.099999999999999867e-01 1.019823237849180497e+00 1.220715706107111242e-04 5.509538637000114574e-08 8.257839147356654098e-08
6.149999999999999911e-01 1.020261665983570154e+00 1.251610787953868716e-04 5.787997731882076158e-08 8.675089716813784392e-08
6.199999999999999956e-01 1.020704458143344873e+00 1.283039248210457483e-04 6.078138200036634452e-08 9.109836560642509921e-08
6.250000000000000000e-01 1.021151599727719406e+00 1.315006258887523635e-04 6.380353306934085021e-08 9.562668283123195572e-08
6.300000000000000044e-01 1.021603076229795626e+00 1.347517108941317671e-04 6.695046269505544605e-08 1.003418835971517148e-07
6.350000000000000089e-01 1.022058873235258902e+00 1.380576981303170345e-04 7.022626529466189564e-08 1.052500955434488414e-07
6.400000000000000133e-01 1.022518976421092685e+00 1.414191291965192284e-04 7.363518929811956673e-08 1.103576766680921323e-07
6.450000000000000178e-01 1.022983371554301524e+00 1.448365348150556251e-04 7.718156246539252046e-08 1.156711034097891338e-07
6.500000000000000222e-01 1.023452044490649859e+00 1.483104465396146326e-04 8.086981780112686519e-08 1.211970094917379658e-07
6.550000000000000266e-01 1.023924981173411908e+00 1.518413968536287337e-04 8.470451060551789948e-08 1.269422113782672032e-07
6.600000000000000311e-01 1.024402167632133542e+00 1.554299297863425691e-04 8.869030722687823550e-08 1.329136914969068880e-07
6.650000000000000355e-01 1.024883589981409493e+00 1.590765787454551171e-04 9.283197019004799233e-08 1.391185758525280305e-07
6.700000000000000400e-01 1.025369234419667430e+00 1.627819004488538523e-04 9.713437570669765208e-08 1.455641603295200268e-07
6.750000000000000444e-01 1.025859087227968924e+00 1.665464298715456685e-04 1.016025466222398602e-07 1.522579599579469050e-07
6.800000000000000488e-01 1.026353134768820174e+00 1.703707250037457695e-04 1.062415918371458275e-07 1.592076181619130967e-07
6.850000000000000533e-01 1.026851363484993174e+00 1.742553336445072903e-04 1.110567728911290258e-07 1.664210065640199964e-07
6.900000000000000577e-01 1.027353759898360641e+00 1.782007922836373456e-04 1.160534226352954322e-07 1.739061029893571621e-07
6.950000000000000622e-01 1.027860310608740946e+00 1.822076839791224843e-04 1.212370468506064705e-07 1.816711437891025924e-07
7.000000000000000666e-01 1.028371002292754355e+00 1.862765468227571357e-04 1.266132607299514877e-07 1.897245286428631148e-07
7.049999999999999600e-01 1.028885821702690384e+00 1.904079423646841656e-04 1.321878253872447421e-07 1.980748752034992967e-07
7.099999999999999645e-01 1.029404755665387139e+00 1.946024332412170897e-04 1.379665763433198485e-07 2.067309119427588089e-07
7.149999999999999689e-01 1.029927791081118427e+00 1.988605931722925652e-04 1.439555543683639802e-07 2.157016741984318047e-07
7.199999999999999734e-01 1.030454914922495746e+00 2.031829972943349717e-04 1.501608769993072272e-07 2.249963115788148575e-07
7.249999999999999778e-01 1.030986114233377604e+00 2.075701989619900512e-04 1.565888369782103863e-07 2.346242355047626853e-07
7.299999999999999822e-01 1.031521376127789047e+00 2.120227745962249952e-04 1.632458445192592229e-07 2.445950326396109214e-07
7.349999999999999867e-01 1.032060687788854958e+00 2.165412783671860717e-04 1.701384707335077109e-07 2.549185299286893254e-07
7.399999999999999911e-01 1.032604036467738684e+00 2.211263337890062108e-04 1.772734290792129294e-07 2.656047667889257193e-07
7.449999999999999956e-01 1.033151409482594651e+00 2.257784961529413150e-04 1.846575357927775411e-07 2.766639358304294314e-07
7.500000000000000000e-01 1.033702794217528753e+00 2.304983452484481990e-04 1.922977949690302156e-07 2.881065101879861476e-07
7.550000000000000044e-01 1.034258178121568061e+00 2.352864618768895418e-04 2.002013823365795694e-07 2.999432193700634552e-07
7.600000000000000089e-01 1.034817548707643198e+00 2.401434480700218759e-04 2.083755355929410294e-07 3.121848847885838775e-07
7.650000000000000133e-01 1.035380893551575587e+00 2.450698863862256428e-04 2.168277808090574530e-07 3.248427588571410031e-07
7.700000000000000178e-01 1.035948200291078702e+00 2.500663812869920112e-04 2.255657116955194062e-07 3.379281946442514291e-07
7.750000000000000222e-01 1.036519456624765523e+00 2.551335158025666724e-04 2.345970764843558631e-07 3.514527754297486724e-07
7.800000000000000266e-01 1.037094650311166655e+00 2.602718968764692123e-04 2.439297819242471878e-07 3.654283211854327784e-07
7.850000000000000311e-01 1.037673769167756666e+00 2.654821086181853454e-04 2.535719977776490422e-07 3.798670446774900883e-07
7.900000000000000355e-01 1.038256801069989743e+00 2.707647818313693917e-04 2.635319102921625992e-07 3.947811826084715092e-07
7.950000000000000400e-01 1.038843733950345127e+00 2.761205024707685308e-04 2.738180237450184444e-07 4.101834466977805449e-07
8.000000000000000444e-01 1.039434555797379867e+00 2.815499030607379214e-04 2.844389103007393006e-07 4.260866493910616052e-07
8.050000000000000488e-01 1.040029254654790458e+00 2.870535706729930776e-04 2.954033126709664638e-07 4.425038574964114016e-07
8.100000000000000533e-01 1.040627818620484257e+00 2.926321172424556252e-04 3.067202582263749740e-07 4.594485630915997079e-07
8.150000000000000577e-01 1.041230235845658436e+00 2.982861765014277141e-04 3.183987852442592935e-07 4.769342733434384672e-07
8.200000000000000622e-01 1.041836494533886492e+00 3.040163845346150850e-04 3.304483358392375902e-07 4.949750989507429284e-07
8.250000000000000666e-01 1.042446582940215416e+00 3.098233310271343924e-04 3.428783092954283804e-07 5.135850854606089398e-07
8.300000000000000711e-01 1.043060489370268407e+00 3.157076541998831538e-04 3.556984009643047729e-07 5.327787203890602313e-07
8.349999999999999645e-01 1.043678202179357140e+00 3.216699906684217670e-04 3.689185586220923972e-07 5.525708681662134898e-07
8.399999999999999689e-01 1.044299709771603135e+00 3.277109798944421635e-04 3.825487972975724397e-07 5.729764926481979116e-07
8.449999999999999734e-01 1.044925000599063569e+00 3.338312150098353848e-04 3.965993224776070646e-07 5.940108412402978374e-07
8.499999999999999778e-01 1.045554063160868408e+00 3.400313820755364899e-04 4.110807237572659055e-07 6.156897354607534393e-07
8.549999999999999822e-01 1.046186886002363758e+00 3.463120992266761249e-04 4.260036028495910593e-07 6.380290135620235884e-07
8.599999999999999867e-01 1.046823457714263217e+00 3.526740090701331858e-04 4.413788235829593262e-07 6.610449048781473759e-07
8.649999999999999911e-01 1.047463766931806317e+00 3.591177743661091559e-04 4.572174523953093060e-07 6.847539405163975397e-07
8.699999999999999956e-01 1.048107802333925420e+00 3.656440188036293734e-04 4.735306927775177487e-07 7.091728552427006915e-07
8.750000000000000000e-01 1.048755552642418598e+00 3.722534303750666546e-04 4.903302375633213627e-07 7.343191153232622821e-07
8.800000000000000044e-01 1.049407006621131844e+00 3.789466094110532641e-04 5.076275686090626066e-07 7.602098691394423263e-07
8.850000000000000089e-01 1.050062153075147497e+00 3.857242698075244620e-04 5.254347378902242079e-07 7.868631172995592078e-07
8.900000000000000133e-01 1.050720980849978670e+00 3.925870579358273194e-04 5.437638733602065978e-07 8.142969727085920891e-07
8.950000000000000178e-01 1.051383478830772988e+00 3.995355987232981150e-04 5.626273213927297104e-07 8.425298731194992266e-07
9.000000000000000222e-01 1.052049635941522787e+00 4.065706321046985857e-04 5.820377279401625813e-07 8.715807034568877013e-07
9.050000000000000266e-01 1.052719441144281065e+00 4.136927841298026023e-04 6.020078144243632817e-07 9.014684598599197131e-07
9.100000000000000311e-01 1.053392883438386107e+00 4.209026829190415917e-04 6.225506798028842144e-07 9.322127014234608457e-07
9.150000000000000355e-01 1.054069951859691656e+00 4.282010913817651263e-04 6.436796628265916025e-07 9.638333451152607822e-07
9.200000000000000400e-01 1.054750635479804632e+00 4.355886860653714423e-04 6.654081729838141705e-07 9.963504113266306284e-07
9.250000000000000444e-01 1.055434923405329073e+00 4.430660503205865000e-04 6.877501030312916774e-07 1.029784642128901108e-06
9.300000000000000488e-01 1.056122804777117841e+00 4.506339972214966566e-04 7.107194253652512803e-07 1.064156896874596919e-06
9.350000000000000533e-01 1.056814268769528553e+00 4.582931139261540174e-04 7.343303541332225054e-07 1.099488394952892218e-06
9.400000000000000577e-01 1.057509304589689725e+00 4.660441666787743919e-04 7.585973457600520148e-07 1.135800716061997990e-06
9.450000000000000622e-01 1.058207901476769797e+00 4.738877924883080884e-04 7.835354661322106242e-07 1.173116350260471796e-06
9.500000000000000666e-01 1.058910048701254603e+00 4.818247133799946169e-04 8.091593223063137454e-07 1.211457098447710042e-06
9.550000000000000711e-01 1.059615735564230832e+00 4.898556582929112623e-04 8.354844955600507346e-07 1.250846217991638408e-06
9.599999999999999645e-01 1.060324951396675930e+00 4.979813071941395801e-04 8.625264683888696305e-07 1.291306815858118571e-06
9.649999999999999689e-01 1.061037685558753330e+00 5.062023415325072207e-04 8.903009788785675857e-07 1.332862378672428417e-06
9.699999999999999734e-01 1.061753927439116119e+00 5.145195386962510839e-04 9.188240385826165265e-07 1.375536801896144536e-06
9.749999999999999778e-01 1.062473666454213594e+00 5.229335352970308250e-04 9.481123064038018197e-07 1.419354944930814407e-06
9.799999999999999822e-01 1.063196892047607145e+00 5.314451074009724114e-04 9.781821387565082216e-07 1.464341214029968772e-06
9.849999999999999867e-01 1.063923593689290348e+00 5.400549863122132074e-04 1.009050562138977592e-06 1.510521015113607743e-06
9.899999999999999911e-01 1.064653760875015509e+00 5.487638604840804372e-04 1.040734672297933075e-06 1.557919854415478730e-06
9.949999999999999956e-01 1.065387383125626419e+00 5.575724171602518655e-04 1.073252066455959459e-06 1.606563987802741083e-06
1.000000000000000000e+00 1.066124449986396217e+00 5.664814801790841840e-04 1.106620408239465998e-06 1.656479766201221801e-06
1.005000000000000115e+00 1.066864951026373021e+00 5.754930010675144043e-04 1.140860380567011281e-06 1.707698192518816764e-06
1.010000000000000009e+00 1.067608875837728233e+00 5.846064711550097480e-04 1.175988153807907603e-06 1.760243256778421264e-06
1.015000000000000124e+00 1.068356214035114826e+00 5.938226748092640577e-04 1.212022283297336351e-06 1.814142637213366012e-06
1.020000000000000018e+00 1.069106955255026969e+00 6.031423971743856988e-04 1.248981629746053899e-06 1.869424467058617404e-06
1.024999999999999911e+00 1.069861089155168976e+00 6.125663337017413050e-04 1.286885578959741591e-06 1.926117661789462742e-06
1.030000000000000027e+00 1.070618605413826918e+00 6.220953160009204440e-04 1.325753822060497492e-06 1.984251591000475236e-06
1.034999999999999920e+00 1.071379493729249344e+00 6.317299967131774149e-04 1.365606379688621115e-06 2.043856114589561055e-06
1.040000000000000036e+00 1.072143743819029771e+00 6.414712103592299383e-04 1.406463105676588845e-06 2.104960839038458363e-06
1.044999999999999929e+00 1.072911345419497398e+00 6.513197017084485386e-04 1.448345128828217147e-06 2.167597276223505815e-06
1.050000000000000044e+00 1.073682288285112474e+00 6.612762611047649005e-04 1.491272696517781789e-06 2.231795615515939456e-06
1.054999999999999938e+00 1.074456562187866782e+00 6.713415906854095427e-04 1.535267597846195682e-06 2.297588349675356113e-06
1.060000000000000053e+00 1.075234156916690775e+00 6.815165265869310273e-04 1.580351225863260758e-06 2.365007376483740818e-06
1.064999999999999947e+00 1.076015062276864054e+00 6.918018643299733966e-04 1.626545294760765598e-06 2.434085069970208545e-06
1.070000000000000062e+00 1.076799268089433603e+00 7.021983094784330212e-04 1.673872372434413679e-06 2.504855077785246480e-06
1.074999999999999956e+00 1.077586764190635593e+00 7.127067007127009871e-04 1.722354854276665253e-06 2.577350786260417818e-06
1.080000000000000071e+00 1.078377540431322945e+00 7.233278363446986369e-04 1.772015741050551737e-06 2.651606484293168654e-06
1.084999999999999964e+00 1.079171586676399119e+00 7.340625148900563248e-04 1.822878119364127481e-06 2.727656585400503126e-06
1.090000000000000080e+00 1.079968892804255898e+00 7.449114431193901500e-04 1.874966235769783398e-06 2.805537233556426884e-06
1.094999999999999973e+00 1.080769448706216718e+00 7.558755572309709290e-04 1.928303616723262604e-06 2.885283493572855030e-06
1.100000000000000089e+00 1.081573244285985780e+00 7.669555688895081380e-04 1.982914687884024697e-06 2.966931770504352395e-06
1.104999999999999982e+00 1.082380269459101152e+00 7.781522796868205237e-04 2.038824243368418490e-06 3.050519016153530445e-06
1.110000000000000098e+00 1.083190514152395201e+00 7.894665347612015273e-04 2.096057740382784510e-06 3.136083171354042801e-06
1.114999999999999991e+00 1.084003968303457022e+00 8.008991871371031130e-04 2.154640438823236433e-06 3.223661876198957377e-06
1.120000000000000107e+00 1.084820621860102863e+00 8.124509956883779272e-04 2.214598261437333152e-06 3.313293760626112698e-06
1.125000000000000000e+00 1.085640464779849657e+00 8.241227230300254402e-04 2.275957511151871767e-06 3.405018017209297645e-06
1.130000000000000115e+00 1.086463487029394992e+00 8.359153976766932337e-04 2.338745201138573859e-06 3.498874896779174665e-06
1.135000000000000009e+00 1.087289678584100638e+00 8.478296068251672942e-04 2.402987788505520561e-06 3.594903812940159926e-06
1.140000000000000124e+00 1.088119029427482509e+00 8.598663833865725263e-04 2.468713389494946703e-06 3.693146658434007301e-06
1.145000000000000018e+00 1.088951529550704622e+00 8.720264039288083994e-04 2.535949251300943795e-06 3.793644021929629568e-06
1.150000000000000133e+00 1.089787168952079055e+00 8.843107027691347920e-04 2.604724623667376711e-06 3.896439480009579666e-06
1.155000000000000027e+00 1.090625937636568565e+00 8.967198660980276381e-04 2.675067236489229042e-06 4.001574334770845096e-06
1.159999999999999920e+00 1.091467825615297427e+00 9.092550266058767707e-04 2.747006852501402842e-06 4.109092920545918573e-06
1.165000000000000036e+00 1.092312822905064262e+00 9.219167746459642912e-04 2.820573002624615060e-06 4.219039221948236912e-06
1.169999999999999929e+00 1.093160919527861763e+00 9.347061451534456784e-04 2.895795304319038125e-06 4.331457348164657935e-06
1.175000000000000044e+00 1.094012105510399513e+00 9.476239179337264023e-04 2.972704812658246690e-06 4.446393552086461537e-06
1.179999999999999938e+00 1.094866370883633921e+00 9.606710388064433745e-04 3.051331647349710720e-06 4.563892684394595991e-06
1.185000000000000053e+00 1.095723705682299487e+00 9.738482836707877373e-04 3.131708107058398149e-06 4.684002847933954005e-06
1.189999999999999947e+00 1.096584099944449830e+00 9.871565210835360135e-04 3.213864812279265167e-06 4.806769630301228239e-06
1.195000000000000062e+00 1.097447543710998508e+00 1.000596703336424772e-03 3.297834593889551906e-06 4.932241918231244854e-06
1.199999999999999956e+00 1.098314027025267592e+00 1.014169700714557002e-03 3.383650787958065616e-06 5.060469353317530820e-06
1.205000000000000071e+00 1.099183539932540254e+00 1.027876376452985371e-03 3.471344931344249596e-06 5.191498875991371195e-06
1.209999999999999964e+00 1.100056072479618674e+00 1.041717519058078800e-03 3.560952009133294778e-06 5.325382578330878160e-06
1.215000000000000080e+00 1.100931614714385054e+00 1.055694169194381412e-03 3.652505996510903925e-06 5.462171037357618002e-06
1.219999999999999973e+00 1.101810156685369746e+00 1.069807208215787370e-03 3.746040530479291120e-06 5.601914318548321855e-06
1.225000000000000089e+00 1.102691688441321372e+00 1.084057411304387066e-03 3.841591289446503090e-06 5.744665533850691750e-06
1.229999999999999982e+00 1.103576200030784493e+00 1.098445834489066367e-03 3.939194435453186925e-06 5.890478511158392039e-06
1.235000000000000098e+00 1.104463681501680172e+00 1.112973265521263137e-03 4.038884221908382516e-06 6.039404217729671966e-06
1.239999999999999991e+00 1.105354122900890967e+00 1.127640666332955892e-03 4.140699442761992852e-06 6.191500409794137469e-06
1.245000000000000107e+00 1.106247514273852595e+00 1.142449010020811463e-03 4.244675269232628453e-06 6.346819410897808180e-06
1.250000000000000000e+00 1.107143845664148030e+00 1.157399077749734530e-03 4.350849875109597271e-06 6.505418035121772733e-06
1.255000000000000115e+00 1.108043107113107384e+00 1.172491934297875942e-03 4.459261081615638348e-06 6.667352557895420189e-06
1.260000000000000009e+00 1.108945288659413109e+00 1.187728368961359820e-03 4.569948078849852070e-06 6.832681296279461314e-06
1.265000000000000124e+00 1.109850380338708309e+00 1.203109443865964766e-03 4.682948872011354397e-06 7.001460793171228749e-06
1.270000000000000018e+00 1.110758372183210829e+00 1.218636041435297839e-03 4.798304555915875529e-06 7.173752194685699266e-06
1.275000000000000133e+00 1.111669254221331116e+00 1.234309135332691291e-03 4.916054168606371415e-06 7.349613573515394889e-06
1.280000000000000027e+00 1.112583016477296738e+00 1.250129614863233459e-03 5.036239008323859023e-06 7.529106368059919811e-06
1.284999999999999920e+00 1.113499648970778022e+00 1.266098447187019626e-03 5.158899122000544487e-06 7.712290142736071493e-06
1.290000000000000036e+00 1.114419141716522343e+00 1.282216615930617575e-03 5.284077836571850164e-06 7.899229360775306510e-06
1.294999999999999929e+00 1.115341484723989307e+00 1.298485012042770474e-03 5.411817185015431652e-06 8.089986530818631610e-06
1.300000000000000044e+00 1.116266667996994588e+00 1.314904696851794787e-03 5.542158811501738106e-06 8.284623587022802512e-06
1.304999999999999938e+00 1.117194681533353773e+00 1.331476572686858062e-03 5.675147755588175233e-06 8.483207528668698351e-06
1.310000000000000053e+00 1.118125515324534858e+00 1.348201521276429183e-03 5.810826740170793533e-06 8.685801872733297529e-06
1.314999999999999947e+00 1.119059159355313193e+00 1.365080714673253372e-03 5.949240979539122321e-06 8.892473865074646840e-06
1.320000000000000062e+00 1.119995603603431533e+00 1.382114944873959498e-03 6.090436313761387825e-06 9.103291675156138796e-06
1.324999999999999956e+00 1.120934838039265857e+00 1.399305305293641923e-03 6.234458164357858344e-06 9.318322839437213578e-06
1.330000000000000071e+00 1.121876852625492305e+00 1.416652763690765156e-03 6.381352496815661446e-06 9.537635695160721490e-06
1.334999999999999964e+00 1.122821637316764765e+00 1.434158320046233703e-03 6.531165882964584122e-06 9.761299478826566140e-06
1.340000000000000080e+00 1.123769182059389804e+00 1.451822872710084068e-03 6.683946501002261247e-06 9.989385821709247519e-06
1.344999999999999973e+00 1.124719476791012696e+00 1.469647584827592744e-03 6.839743171324316986e-06 1.022196730621708386e-05
1.350000000000000089e+00 1.125672511440304557e+00 1.487633272701166260e-03 6.998604273558410643e-06 1.045911584714319933e-05
1.354999999999999982e+00 1.126628275926654377e+00 1.505781108715154590e-03 7.160578767964719970e-06 1.070090421319072073e-05
1.360000000000000098e+00 1.127586760159866808e+00 1.524091997920852710e-03 7.325717314231332248e-06 1.094740770478297819e-05
1.364999999999999991e+00 1.128547954039863965e+00 1.542567107457651181e-03 7.494070134798588844e-06 1.119870096806044358e-05
1.370000000000000107e+00 1.129511847456391438e+00 1.561207263874535289e-03 7.665688048243737954e-06 1.145485952564056511e-05
1.375000000000000000e+00 1.130478430288730518e+00 1.580013548819455280e-03 7.840624741946654834e-06 1.171596317101891134e-05
1.380000000000000115e+00 1.131447692405412875e+00 1.598986958701294940e-03 8.018932355736478365e-06 1.198208938606826943e-05
1.385000000000000009e+00 1.132419623663941444e+00 1.618128766583247762e-03 8.200663615922216377e-06 1.225331651180847466e-05
1.390000000000000124e+00 1.133394213910515980e+00 1.637439795855766787e-03 8.385873095925635871e-06 1.252972564578553352e-05
1.395000000000000018e+00 1.134371452979762385e+00 1.656920952133074517e-03 8.574614851595281002e-06 1.281139709614058154e-05
1.400000000000000133e+00 1.135351330694467364e+00 1.676573688433895823e-03 8.766944758922687198e-06 1.309841388260884303e-05
1.405000000000000027e+00 1.136333836865317526e+00 1.696398744109800039e-03 8.962918212933319959e-06 1.339085830163476418e-05
1.409999999999999920e+00 1.137318961290643582e+00 1.716397211636780948e-03 9.162592466700485809e-06 1.368881540362177829e-05
1.415000000000000036e+00 1.138306693756168331e+00 1.736570190065382267e-03 9.366025484108692428e-06 1.399237129808832852e-05
1.419999999999999929e+00 1.139297024034760630e+00 1.756918776589390992e-03 9.573274699468953134e-06 1.430161129582891025e-05
1.425000000000000044e+00 1.140289941886192482e+00 1.777443886116967641e-03 9.784398229324987173e-06 1.461662171278107019e-05
1.429999999999999938e+00 1.141285437056903218e+00 1.798146981204975809e-03 9.999457385028950353e-06 1.493749361620533545e-05
1.435000000000000053e+00 1.142283499279765024e+00 1.819028627421822491e-03 1.021851043157430095e-05 1.526431353310352392e-05
1.439999999999999947e+00 1.143284118273856675e+00 1.840090278302956373e-03 1.044162015638475367e-05 1.559717471398039786e-05
1.445000000000000062e+00 1.144287283744239936e+00 1.861332869554113223e-03 1.066884884832093187e-05 1.593616967123432889e-05
1.449999999999999956e+00 1.145292985381740625e+00 1.882757499768556277e-03 1.090025686071298263e-05 1.628138799418597958e-05
1.455000000000000071e+00 1.146301212862736563e+00 1.904365453036957218e-03 1.113590788194792693e-05 1.663292426071791372e-05
1.459999999999999964e+00 1.147311955848947074e+00 1.926157481971726374e-03 1.137586779832684384e-05 1.699087631310438853e-05
1.465000000000000080e+00 1.148325203987230259e+00 1.948134869782004253e-03 1.162019908831109595e-05 1.735533688618684346e-05
1.469999999999999973e+00 1.149340946909383598e+00 1.970298901945865318e-03 1.186896917579650731e-05 1.772640610001634595e-05
1.475000000000000089e+00 1.150359174231948334e+00 1.992650351450400790e-03 1.212224343321770956e-05 1.810418098992432957e-05
1.479999999999999982e+00 1.151379875556021837e+00 2.015190667005820838e-03 1.238008797961574803e-05 1.848875968198204796e-05
1.485000000000000098e+00 1.152403040467071982e+00 2.037920610406360362e-03 1.264257259935176019e-05 1.888024580802103122e-05
1.489999999999999991e+00 1.153428658534756623e+00 2.060841663356847639e-03 1.290976644814173391e-05 1.927874199822016742e-05
1.495000000000000107e+00 1.154456719312749513e+00 2.083954746238295391e-03 1.318173653412235063e-05 1.968434767756537055e-05
1.500000000000000000e+00 1.155487212338569769e+00 2.107260992078647654e-03 1.345855356507436123e-05 2.009716780789274504e-05
1.505000000000000115e+00 1.156520127133416675e+00 2.130761692864180205e-03 1.374029207804562356e-05 2.051731301125641713e-05
1.510000000000000009e+00 1.157555453202008700e+00 2.154457970343517589e-03 1.402702147705548701e-05 2.094488628453042707e-05
1.515000000000000124e+00 1.158593180032429393e+00 2.178350935620399637e-03 1.431881496267463113e-05 2.137999623024027990e-05
1.520000000000000018e+00 1.159633297095975069e+00 2.202441543251400322e-03 1.461574654743766707e-05 2.182275267734631435e-05
1.525000000000000133e+00 1.160675793847010029e+00 2.226731275295886804e-03 1.491788799518444535e-05 2.227326208600459998e-05
1.530000000000000027e+00 1.161720659722826676e+00 2.251221074212573451e-03 1.522532130741122184e-05 2.273164617061312369e-05
1.535000000000000142e+00 1.162767884143507846e+00 2.275912233363579489e-03 1.553811354464331850e-05 2.319800432761564535e-05
1.540000000000000036e+00 1.163817456511797577e+00 2.300805896400831552e-03 1.585635173811957604e-05 2.367246577039627426e-05
1.544999999999999929e+00 1.164869366212974766e+00 2.325903186221670721e-03 1.618010451908196513e-05 2.415513220894408781e-05
1.550000000000000044e+00 1.165923602614732379e+00 2.351205416608305020e-03 1.650945753351638101e-05 2.464613075815624645e-05
1.554999999999999938e+00 1.166980155067061542e+00 2.376713534620828860e-03 1.684449092786201532e-05 2.514558029159541253e-05
1.560000000000000053e+00 1.168039012902141183e+00 2.402429018793711141e-03 1.718527899038057766e-05 2.565359092688646384e-05
1.564999999999999947e+00 1.169100165434231231e+00 2.428352847811789030e-03 1.753191029800482692e-05 2.617029411114182497e-05
1.570000000000000062e+00 1.170163601959574473e+00 2.454486495517702038e-03 1.788446078823634685e-05 2.669580237578394942e-05
1.574999999999999956e+00 1.171229311756297298e+00 2.480830756798866037e-03 1.824302100681065526e-05 2.723025007715751091e-05
1.580000000000000071e+00 1.172297284084322211e+00 2.507387285500158047e-03 1.860766863644730952e-05 2.777375233290405376e-05
1.584999999999999964e+00 1.173367508185281460e+00 2.534156878761762224e-03 1.897849622308666589e-05 2.832644646566229152e-05
1.590000000000000080e+00 1.174439973282435989e+00 2.561141030789216948e-03 1.935558311543127325e-05 2.888845000736378548e-05
1.594999999999999973e+00 1.175514668580601496e+00 2.588340876566938131e-03 1.973902033953268590e-05 2.945989798906311412e-05
1.600000000000000089e+00 1.176591583266077601e+00 2.615757741864595167e-03 2.012889621719891789e-05 3.004092133267591673e-05
1.604999999999999982e+00 1.177670706506583453e+00 2.643392776927027971e-03 2.052529644884991842e-05 3.063164707219410396e-05
1.610000000000000098e+00 1.178752027451198003e+00 2.671247292575091182e-03 2.092831867875791259e-05 3.123222000833717279e-05
1.614999999999999991e+00 1.179835535230304933e+00 2.699322448211305403e-03 2.133804679030191663e-05 3.184276441579838495e-05
1.620000000000000107e+00 1.180921218955544472e+00 2.727619381181148848e-03 2.175457296765799799e-05 3.246341692883106332e-05
1.625000000000000000e+00 1.182009067719768769e+00 2.756139606656032165e-03 2.217799799139857485e-05 3.309432698897574399e-05
1.630000000000000115e+00 1.183099070597002811e+00 2.784884262342604729e-03 2.260840858152309783e-05 3.373562305695035400e-05
1.635000000000000009e+00 1.184191216642411337e+00 2.813854517297344898e-03 2.304589988458728423e-05 3.438744613709666806e-05
1.640000000000000124e+00 1.185285494892271307e+00 2.843051866496155294e-03 2.349057596574842305e-05 3.504995051088671739e-05
1.645000000000000018e+00 1.186381894363947032e+00 2.872477468116203369e-03 2.394252230309422988e-05 3.572326273056719098e-05
1.650000000000000133e+00 1.187480404055874628e+00 2.902132493506208097e-03 2.440184911989327319e-05 3.640754623545180746e-05
1.655000000000000027e+00 1.188581012947548476e+00 2.932018247131803947e-03 2.486864780307414597e-05 3.710293635437747565e-05
1.660000000000000142e+00 1.189683709999514560e+00 2.962136280932261591e-03 2.534302686067234500e-05 3.780959393863635414e-05
1.665000000000000036e+00 1.190788484153369131e+00 2.992487550552298467e-03 2.582507548226491641e-05 3.852765098557473726e-05
1.669999999999999929e+00 1.191895324331762041e+00 3.023073574548943831e-03 2.631490855312648006e-05 3.925727783026970930e-05
1.675000000000000044e+00 1.193004219438406732e+00 3.053895704725264736e-03 2.681262134305161202e-05 3.999861548557708137e-05
1.679999999999999938e+00 1.194115158358093565e+00 3.084954919571861361e-03 2.731832697479782843e-05 4.075183163968131787e-05
1.685000000000000053e+00 1.195228129956711127e+00 3.116252737565795242e-03 2.783212280585848687e-05 4.151707039655202737e-05
1.689999999999999947e+00 1.196343123081270665e+00 3.147790691097334878e-03 2.835411987241903505e-05 4.229449624876019560e-05
1.695000000000000062e+00 1.197460126559938276e+00 3.179569767956783380e-03 2.888442617095557071e-05 4.308426913155096453e-05
1.699999999999999956e+00 1.198579129202069993e+00 3.211591309133669803e-03 2.942315080784467624e-05 4.388655064103069654e-05
1.705000000000000071e+00 1.199700119798254416e+00 3.243856856063818180e-03 2.997040847258731702e-05 4.470151067699004586e-05
1.709999999999999964e+00 1.200823087120360011e+00 3.276367547600850597e-03 3.052630158247990122e-05 4.552930077883139725e-05
1.715000000000000080e+00 1.201948019921588173e+00 3.309125125660738759e-03 3.109095159315827084e-05 4.637010090506454168e-05
1.719999999999999973e+00 1.203074906936531852e+00 3.342130411871398112e-03 3.166446766446801052e-05 4.722407260811124893e-05
1.725000000000000089e+00 1.204203736881238829e+00 3.375385064798578239e-03 3.224696920406462973e-05 4.809139276950573241e-05
1.729999999999999982e+00 1.205334498453282777e+00 3.408890152047890695e-03 3.283856755399468654e-05 4.897222611423696488e-05
1.735000000000000098e+00 1.206467180331836975e+00 3.442647329917236827e-03 3.343937976938120819e-05 4.986674595284468035e-05
1.739999999999999991e+00 1.207601771177756689e+00 3.476657981112151342e-03 3.404953373355568255e-05 5.077514175688490434e-05
1.745000000000000107e+00 1.208738259633664436e+00 3.510923494138755083e-03 3.466913942157744902e-05 5.169757610981555039e-05
1.750000000000000000e+00 1.209876634324042799e+00 3.545444802049401312e-03 3.529832241839254839e-05 5.263423503354383359e-05
1.755000000000000115e+00 1.211016883855332349e+00 3.580223696582784509e-03 3.593720461297335924e-05 5.358529886432949346e-05
1.760000000000000009e+00 1.212158996816034451e+00 3.615261493140304021e-03 3.658590923824695890e-05 5.455095005236971936e-05
1.765000000000000124e+00 1.213302961776821398e+00 3.650559556321713358e-03 3.724456065427378452e-05 5.553137258768576183e-05
1.770000000000000018e+00 1.214448767290650766e+00 3.686119656062350133e-03 3.791328951523654687e-05 5.652675990551892237e-05
1.775000000000000133e+00 1.215596401892885980e+00 3.721942389660087835e-03 3.859221770574587239e-05 5.753729228250443464e-05
1.780000000000000027e+00 1.216745854101423552e+00 3.758029502806526419e-03 3.928147338069176112e-05 5.856315939160702453e-05
1.785000000000000142e+00 1.217897112416823635e+00 3.794382738675486019e-03 3.998119612410538199e-05 5.960456782643300933e-05
1.790000000000000036e+00 1.219050165322449919e+00 3.831003466497616503e-03 4.069150646611119712e-05 6.066169583303989717e-05
1.794999999999999929e+00 1.220205001284612623e+00 3.867892685691726867e-03 4.141254149899421328e-05 6.173474628240653377e-05
1.800000000000000044e+00 1.221361608752716377e+00 3.905052120388722431e-03 4.214443987221162086e-05 6.282392434976328101e-05
1.804999999999999938e+00 1.222519976159418986e+00 3.942483159097911159e-03 4.288732553282855581e-05 6.392941325031755546e-05
1.810000000000000053e+00 1.223680091920789526e+00 3.980187187503294623e-03 4.364134500886020332e-05 6.505142984583515248e-05
1.814999999999999947e+00 1.224841944436477315e+00 4.018165567028224479e-03 4.440663568173037313e-05 6.619017740123625353e-05
1.820000000000000062e+00 1.226005522089884225e+00 4.056420047909924109e-03 4.518333061561218933e-05 6.734585259714499761e-05
1.824999999999999956e+00 1.227170813248343206e+00 4.094952014188965768e-03 4.597157522013971969e-05 6.851867059269183295e-05
1.830000000000000071e+00 1.228337806263303689e+00 4.133762473519110234e-03 4.677151632926509974e-05 6.970884861235993870e-05
1.834999999999999964e+00 1.229506489470522324e+00 4.172853530682888064e-03 4.758328547217025744e-05 7.091658099911166504e-05
1.840000000000000080e+00 1.230676851190258825e+00 4.212226211329240903e-03 4.840704353162306861e-05 7.214210590035342939e-05
1.844999999999999973e+00 1.231848879727479362e+00 4.251881904518550227e-03 4.924291892131393356e-05 7.338561293656972067e-05
1.850000000000000089e+00 1.233022563372064173e+00 4.291822717062404938e-03 5.009107549264870459e-05 7.464734460814623706e-05
1.854999999999999982e+00 1.234197890399023168e+00 4.332049317078197175e-03 5.095164426457382653e-05 7.592749445916761398e-05
1.860000000000000098e+00 1.235374849068715752e+00 4.372563811498242185e-03 5.182480384804021218e-05 7.722632686607195144e-05
1.864999999999999991e+00 1.236553427627077095e+00 4.413367229442541860e-03 5.271067609360936948e-05 7.854402159528355715e-05
1.870000000000000107e+00 1.237733614305851271e+00 4.454461696339790354e-03 5.360943106364684867e-05 7.988083031870127403e-05
1.875000000000000000e+00 1.238915397322829737e+00 4.495847862301178242e-03 5.452122878725190188e-05 8.123698963603800049e-05
1.880000000000000115e+00 1.240098764882095139e+00 4.537527855425073191e-03 5.544621871360007787e-05 8.261272038310349907e-05
1.885000000000000009e+00 1.241283705174272667e+00 4.579503087628021551e-03 5.638455152218993169e-05 8.400824516507380201e-05
1.890000000000000124e+00 1.242470206376787178e+00 4.621775283992883739e-03 5.733639159815442411e-05 8.542380704604349067e-05
1.895000000000000018e+00 1.243658256654124994e+00 4.664345155688622881e-03 5.830190493300626544e-05 8.685965139881817582e-05
1.900000000000000133e+00 1.244847844158103012e+00 4.707215151216266776e-03 5.928125913484079331e-05 8.831602606217341491e-05
1.905000000000000027e+00 1.246038957028144711e+00 4.750386342010874154e-03 6.027461081868368411e-05 8.979316233557954813e-05
1.910000000000000142e+00 1.247231583391559262e+00 4.793860476837876958e-03 6.128211798294764439e-05 9.129129358939798173e-05
1.915000000000000036e+00 1.248425711363831514e+00 4.837638585165250464e-03 6.230395268201242365e-05 9.281067416913645150e-05
1.919999999999999929e+00 1.249621329048912655e+00 4.881722844109990904e-03 6.334030167716927519e-05 9.435158024101259150e-05
1.925000000000000044e+00 1.250818424539521745e+00 4.926114594863969381e-03 6.439131474837055591e-05 9.591423288437059139e-05
1.929999999999999938e+00 1.252016985917450365e+00 4.970815296759126777e-03 6.545716869165798017e-05 9.749889332735704143e-05
1.935000000000000053e+00 1.253217001253874363e+00 5.015826674271283911e-03 6.653802901223959719e-05 9.910580600818802910e-05
1.939999999999999947e+00 1.254418458609672937e+00 5.061150182832614870e-03 6.763410259700032286e-05 1.007352769865178728e-04
1.945000000000000062e+00 1.255621346035752151e+00 5.106787597075755809e-03 6.874553145971494755e-05 1.023875156088538516e-04
1.949999999999999956e+00 1.256825651573374891e+00 5.152739900170714808e-03 6.987249885050255695e-05 1.040627925338773321e-04
1.955000000000000071e+00 1.258031363254499713e+00 5.199009314139272850e-03 7.101520380118992381e-05 1.057614020703263392e-04
1.959999999999999964e+00 1.259238469102119673e+00 5.245597205010745639e-03 7.217381961746393388e-05 1.074836001683971315e-04
1.965000000000000080e+00 1.260446957130616275e+00 5.292505390569414783e-03 7.334853507655903220e-05 1.092296655585593359e-04
1.969999999999999973e+00 1.261656815346111182e+00 5.339734879233448694e-03 7.453951258591553879e-05 1.109998378458912436e-04
1.975000000000000089e+00 1.262868031746829489e+00 5.387287845665480503e-03 7.574695812343439473e-05 1.127944215788104129e-04
1.979999999999999982e+00 1.264080594323466533e+00 5.435165706062885724e-03 7.697106558500233257e-05 1.146137029793819763e-04
1.985000000000000098e+00 1.265294491059563597e+00 5.483369868656646703e-03 7.821201634684472469e-05 1.164579499173026405e-04
1.989999999999999991e+00 1.266509709931886274e+00 5.531902515303770140e-03 7.946999320060649642e-05 1.183274319998952413e-04
1.995000000000000107e+00 1.267726238910813485e+00 5.580764695593956777e-03 8.074520970709417864e-05 1.202224650284830759e-04
2.000000000000000000e+00 1.268944065960727619e+00 5.629958183598394311e-03 8.203785214667879615e-05 1.221433238790575109e-04
2.004999999999999893e+00 1.270163179040415979e+00 5.679484753017456818e-03 8.334810830234780506e-05 1.240902854874791018e-04
2.010000000000000231e+00 1.271383566103475360e+00 5.729345906342274940e-03 8.467619733952099956e-05 1.260636737541207615e-04
2.015000000000000124e+00 1.272605215098723486e+00 5.779543372852680855e-03 8.602231084304363083e-05 1.280637714630232212e-04
2.020000000000000018e+00 1.273828113970618237e+00 5.830078922360841173e-03 8.738664149807339105e-05 1.300908628330331809e-04
2.024999999999999911e+00 1.275052250659680864e+00 5.880954061960826096e-03 8.876941461616353550e-05 1.321452807736147965e-04
2.030000000000000249e+00 1.276277613102927866e+00 5.932170560664026121e-03 9.017081092955032918e-05 1.342272916308294309e-04
2.035000000000000142e+00 1.277504189234306420e+00 5.983729841329457622e-03 9.159105970714520443e-05 1.363372341045257692e-04
2.040000000000000036e+00 1.278731966985139357e+00 6.035633711318656204e-03 9.303036055611199390e-05 1.384754026934698155e-04
2.044999999999999929e+00 1.279960934284574359e+00 6.087883950962586985e-03 9.448893085811227845e-05 1.406421180776271703e-04
2.049999999999999822e+00 1.281191079060038929e+00 6.140482063186770978e-03 9.596699014225880116e-05 1.428377047083787704e-04
2.055000000000000160e+00 1.282422389237703575e+00 6.193430140210056008e-03 9.746474332826584306e-05 1.450624644236804496e-04
2.060000000000000053e+00 1.283654852742951435e+00 6.246729320776459558e-03 9.898239739531098931e-05 1.473167026072824779e-04
2.064999999999999947e+00 1.284888457500850345e+00 6.300381382025430251e-03 1.005201932410874043e-04 1.496007750730768773e-04
2.069999999999999840e+00 1.286123191436637780e+00 6.354388499261012617e-03 1.020783582226642808e-04 1.519150173150140312e-04
2.075000000000000178e+00 1.287359042476205584e+00 6.408752137698036332e-03 1.036570881209039797e-04 1.542597177102991658e-04
2.080000000000000071e+00 1.288595998546594679e+00 6.463473711821187892e-03 1.052566135725314700e-04 1.566352167781651821e-04
2.084999999999999964e+00 1.289834047576496001e+00 6.518555441182987374e-03 1.068771842088679132e-04 1.590418829187618759e-04
2.089999999999999858e+00 1.291073177496757207e+00 6.573998746495193952e-03 1.085190179890334626e-04 1.614800375417744908e-04
2.095000000000000195e+00 1.292313376240894485e+00 6.629805443995284882e-03 1.101823347528167578e-04 1.639500048412125552e-04
2.100000000000000089e+00 1.293554631745612582e+00 6.685976946832288513e-03 1.118673905256493533e-04 1.664521626063177723e-04
2.104999999999999982e+00 1.294796931951329721e+00 6.742515531757081217e-03 1.135743915020588743e-04 1.689868146766423745e-04
2.109999999999999876e+00 1.296040264802710951e+00 6.799422249255095141e-03 1.153035978991035626e-04 1.715543450952179770e-04
2.115000000000000213e+00 1.297284618249205046e+00 6.856700359693888684e-03 1.170552372895205894e-04 1.741550894110702652e-04
2.120000000000000107e+00 1.298529980245588522e+00 6.914349479572773176e-03 1.188295565824448296e-04 1.767894117743281268e-04
2.125000000000000000e+00 1.299776338752518745e+00 6.972372959030310145e-03 1.206268048930229529e-04 1.794576795692683980e-04
2.129999999999999893e+00 1.301023681737088600e+00 7.030771856250239010e-03 1.224472154773902728e-04 1.821602365001736700e-04
2.135000000000000231e+00 1.302271997173391371e+00 7.089547991558710002e-03 1.242910417811282869e-04 1.848974565574943406e-04
2.140000000000000124e+00 1.303521273043090511e+00 7.148703946538139710e-03 1.261585389331665611e-04 1.876697158078259446e-04
2.145000000000000018e+00 1.304771497335994956e+00 7.208240782279544401e-03 1.280499465391142933e-04 1.904773673814088089e-04
2.149999999999999911e+00 1.306022658050641327e+00 7.268159639752923978e-03 1.299655239902691771e-04 1.933207938785293744e-04
2.155000000000000249e+00 1.307274743194883682e+00 7.328463784904193194e-03 1.319055143357430006e-04 1.962003532491456452e-04
2.160000000000000142e+00 1.308527740786487481e+00 7.389153644488635070e-03 1.338702003252874361e-04 1.991164628463698691e-04
2.165000000000000036e+00 1.309781638853730668e+00 7.450231711098968639e-03 1.358598483891675676e-04 2.020695153555180864e-04
2.169999999999999929e+00 1.311036425436011399e+00 7.511699898321868435e-03 1.378746889086156073e-04 2.050598498007231204e-04
2.175000000000000266e+00 1.312292088584462002e+00 7.573559938599480797e-03 1.399149924291895710e-04 2.080878652728996919e-04
2.180000000000000160e+00 1.313548616362568033e+00 7.635813788778181635e-03 1.419810508817018549e-04 2.111539922286110715e-04
2.185000000000000053e+00 1.314805996846795111e+00 7.698462505570028216e-03 1.440731005785721511e-04 2.142585784571533465e-04
2.189999999999999947e+00 1.316064218127219965e+00 7.761509392877007606e-03 1.461914381988422803e-04 2.174020615617087233e-04
2.194999999999999840e+00 1.317323268308171258e+00 7.824954839991595662e-03 1.483363434854708036e-04 2.205848539895884509e-04
2.200000000000000178e+00 1.318583135508872406e+00 7.888800661305655701e-03 1.505080586416307118e-04 2.238073119158788342e-04
2.205000000000000071e+00 1.319843807864092611e+00 7.953050213430982660e-03 1.527068877140860890e-04 2.270698839580312476e-04
2.209999999999999964e+00 1.321105273524805224e+00 8.017703878267581213e-03 1.549331171269746252e-04 2.303729921597583586e-04
2.214999999999999858e+00 1.322367520658849438e+00 8.082763479625873493e-03 1.571869950718241156e-04 2.337170015749386238e-04
2.220000000000000195e+00 1.323630537451601530e+00 8.148232368788949076e-03 1.594688327883359165e-04 2.371023711731170029e-04
2.225000000000000089e+00 1.324894312106648098e+00 8.214110884407776342e-03 1.617789241025299665e-04 2.405295339841184113e-04
2.229999999999999982e+00 1.326158832846469293e+00 8.280402377041008732e-03 1.641175437780964454e-04 2.439988944776191881e-04
2.234999999999999876e+00 1.327424087913126938e+00 8.347107279137112174e-03 1.664849901905405107e-04 2.475108924652578307e-04
2.240000000000000213e+00 1.328690065568957523e+00 8.414227362408785091e-03 1.688815426847610187e-04 2.510659388038696273e-04
2.245000000000000107e+00 1.329956754097271210e+00 8.481766034422157791e-03 1.713075253150357115e-04 2.546645115304752450e-04
2.250000000000000000e+00 1.331224141803060590e+00 8.549724302667363260e-03 1.737632223565751654e-04 2.583070290644764034e-04
2.254999999999999893e+00 1.332492217013710345e+00 8.618104167742751676e-03 1.762489198768633447e-04 2.619939124824780018e-04
2.260000000000000231e+00 1.333760968079716003e+00 8.686907461261503607e-03 1.787649496121136727e-04 2.657256505787754979e-04
2.265000000000000124e+00 1.335030383375409135e+00 8.756136000031364969e-03 1.813116248142063137e-04 2.695027049899494163e-04
2.270000000000000018e+00 1.336300451299685221e+00 8.825791611887024921e-03 1.838892163681178540e-04 2.733254738055159697e-04
2.274999999999999911e+00 1.337571160276742388e+00 8.895877018848571960e-03 1.864980418163395643e-04 2.771944249381636796e-04
2.280000000000000249e+00 1.338842498756821042e+00 8.966393327652715309e-03 1.891384436549915055e-04 2.811100630590155258e-04
2.285000000000000142e+00 1.340114455216953049e+00 9.037342266276462976e-03 1.918107218864405661e-04 2.850728294496667576e-04
2.290000000000000036e+00 1.341387018161716460e+00 9.108726656903766775e-03 1.945152249616796864e-04 2.890832377125349150e-04
2.294999999999999929e+00 1.342660176123993576e+00 9.180548231104184581e-03 1.972521891883913269e-04 2.931416344872592996e-04
2.300000000000000266e+00 1.343933917665737443e+00 9.252808903440056659e-03 2.000220361354293150e-04 2.972486418808290443e-04
2.305000000000000160e+00 1.345208231378743458e+00 9.325509774487577425e-03 2.028250531173119103e-04 3.014046820490581444e-04
2.310000000000000053e+00 1.346483105885426967e+00 9.398654297757082221e-03 2.056615288801256158e-04 3.056101794743739980e-04
2.314999999999999947e+00 1.347758529839606201e+00 9.472242761755973045e-03 2.085318478699327641e-04 3.098657010389125645e-04
2.319999999999999840e+00 1.349034491927291413e+00 9.546278610003027312e-03 2.114363508735650249e-04 3.141717484400893346e-04
2.325000000000000178e+00 1.350310980867478472e+00 9.620763671683353960e-03 2.143753342448204808e-04 3.185287569444754667e-04
2.330000000000000071e+00 1.351587985412951776e+00 9.695698423812092182e-03 2.173491431547109676e-04 3.229372348265431678e-04
2.334999999999999964e+00 1.352865494351088493e+00 9.771086847249579529e-03 2.203581747934030386e-04 3.273977673018706376e-04
2.339999999999999858e+00 1.354143496504671029e+00 9.846929507538491194e-03 2.234027322293146843e-04 3.319107999099401912e-04
2.345000000000000195e+00 1.355421980732705700e+00 9.923229583492355552e-03 2.264831205320884942e-04 3.364767808138427766e-04
2.350000000000000089e+00 1.356700935931243857e+00 9.999987636814106767e-03 2.295997448470886654e-04 3.410963071706763611e-04
2.354999999999999982e+00 1.357980351034212774e+00 1.007720702858237900e-02 2.327529649850016791e-04 3.457699081305138245e-04
2.359999999999999876e+00 1.359260215014249207e+00 1.015488877128954692e-02 2.359430933918274075e-04 3.504980428564474803e-04
2.365000000000000213e+00 1.360540516883539608e+00 1.023303568092115423e-02 2.391704942614449796e-04 3.552812475762937646e-04
2.370000000000000107e+00 1.361821245694665894e+00 1.031164949822352579e-02 2.424355861305304964e-04 3.601201385148031036e-04
2.375000000000000000e+00 1.363102390541456321e+00 1.039073222158274322e-02 2.457386887739773174e-04 3.650151859086654704e-04
2.379999999999999893e+00 1.364383940559842134e+00 1.047028577235176172e-02 2.490801754831810399e-04 3.699669383443842914e-04
2.385000000000000231e+00 1.365665884928720875e+00 1.055031269954664376e-02 2.524603703491710678e-04 3.749758721664850770e-04
2.390000000000000124e+00 1.366948212870820356e+00 1.063081491484585764e-02 2.558797038409501841e-04 3.800426212616209013e-04
2.395000000000000018e+00 1.368230913653576408e+00 1.071179361577098178e-02 2.593385581376542203e-04 3.851677481338118525e-04
2.399999999999999911e+00 1.369513976590007287e+00 1.079325143898011811e-02 2.628372650343809751e-04 3.903517399687112411e-04
2.405000000000000249e+00 1.370797391039600077e+00 1.087519102646096469e-02 2.663762116520956695e-04 3.955951661886711649e-04
2.410000000000000142e+00 1.372081146409197538e+00 1.095761356702339498e-02 2.699558418754591021e-04 4.008986806387322883e-04
2.415000000000000036e+00 1.373365232153893167e+00 1.104052170711523374e-02 2.735764414094337283e-04 4.062627013692464342e-04
2.419999999999999929e+00 1.374649637777930256e+00 1.112391726752601923e-02 2.772385145209184019e-04 4.116879720860953658e-04
2.425000000000000266e+00 1.375934352835608943e+00 1.120780297640706739e-02 2.809423515965399766e-04 4.171749182947481044e-04
2.430000000000000160e+00 1.377219366932191491e+00 1.129218012583345018e-02 2.846884091401514550e-04 4.227242116646761022e-04
2.435000000000000053e+00 1.378504669724822440e+00 1.137705117160944107e-02 2.884770371116777542e-04 4.283363664854480273e-04
2.439999999999999947e+00 1.379790250923445205e+00 1.146241730351136093e-02 2.923086985969124900e-04 4.340120645057652087e-04
2.444999999999999840e+00 1.381076100291728892e+00 1.154828279145295525e-02 2.961837492652655474e-04 4.397518274735120179e-04
2.450000000000000178e+00 1.382362207647998886e+00 1.163464802070379202e-02 3.001026027493289717e-04 4.455562638131203303e-04
2.455000000000000071e+00 1.383648562866170106e+00 1.172151490080781955e-02 3.040656758500285130e-04 4.514259862169173578e-04
2.459999999999999964e+00 1.384935155876690471e+00 1.180888752152987019e-02 3.080733885520791997e-04 4.573616120552945630e-04
2.464999999999999858e+00 1.386221976667483702e+00 1.189676572355399982e-02 3.121261642270940274e-04 4.633637641192147900e-04
2.470000000000000195e+00 1.387509015284901448e+00 1.198515349948436372e-02 3.162243711068892914e-04 4.694329822093105628e-04
2.475000000000000089e+00 1.388796261834676082e+00 1.207405141851519530e-02 3.203684966275807677e-04 4.755699844813855866e-04
2.479999999999999982e+00 1.390083706482882597e+00 1.216346283339866247e-02 3.245589143614021504e-04 4.817753182563453101e-04
2.484999999999999876e+00 1.391371339456903167e+00 1.225338957945769705e-02 3.287960596982931983e-04 4.880496240267088353e-04
2.490000000000000213e+00 1.392659151046396371e+00 1.234383375034814323e-02 3.330804306380634331e-04 4.943936348050948643e-04
2.495000000000000107e+00 1.393947131604270639e+00 1.243479799314314502e-02 3.374124098344078804e-04 5.008079117857397152e-04
2.500000000000000000e+00 1.395235271547664579e+00 1.252628340951756833e-02 3.417923819029237780e-04 5.072930188152629562e-04
2.504999999999999893e+00 1.396523561358930632e+00 1.261829272990292253e-02 3.462209158565397521e-04 5.138497951442026843e-04
2.510000000000000231e+00 1.397811991586621838e+00 1.271082868818184178e-02 3.506983417236874691e-04 5.204787225911296179e-04
2.515000000000000124e+00 1.399100552846486600e+00 1.280389310924318763e-02 3.552251134809607681e-04 5.271804683101869934e-04
2.520000000000000018e+00 1.400389235822465217e+00 1.289748809574445439e-02 3.598017505302692604e-04 5.339557974700697091e-04
2.524999999999999911e+00 1.401678031267691527e+00 1.299161610604655792e-02 3.644286519588254419e-04 5.408052943813798381e-04
2.530000000000000249e+00 1.402966930005501656e+00 1.308627924078935648e-02 3.691063449891956983e-04 5.477297354693529000e-04
2.535000000000000142e+00 1.404255922930439437e+00 1.318147951256912372e-02 3.738351716912344052e-04 5.547296208453484463e-04
2.540000000000000036e+00 1.405545001009279815e+00 1.327721937463211162e-02 3.786157290404106751e-04 5.618058291847928412e-04
2.544999999999999929e+00 1.406834155282040921e+00 1.337350102486540432e-02 3.834483644125633766e-04 5.689588694629927560e-04
2.550000000000000266e+00 1.408123376863012810e+00 1.347032619671861657e-02 3.883336192753540162e-04 5.761895374337880739e-04
2.555000000000000160e+00 1.409412656941783526e+00 1.356769852655610904e-02 3.932719096335024695e-04 5.834984430018870212e-04
2.560000000000000053e+00 1.410701986784272943e+00 1.366561975272323655e-02 3.982637849822570847e-04 5.908863949792552426e-04
2.564999999999999947e+00 1.411991357733769048e+00 1.376409053646000108e-02 4.033097334786103923e-04 5.983541101901512175e-04
2.569999999999999840e+00 1.413280761211968217e+00 1.386311504869249846e-02 4.084101149849820407e-04 6.059021143942864293e-04
2.575000000000000178e+00 1.414570188720020605e+00 1.396269502789203136e-02 4.135655553802303729e-04 6.135313296040824762e-04
2.580000000000000071e+00 1.415859631839580635e+00 1.406283420100416272e-02 4.187764872002189601e-04 6.212423892222677371e-04
2.584999999999999964e+00 1.417149082233858159e+00 1.416353133284234574e-02 4.240434120847986089e-04 6.290360304891562566e-04
2.589999999999999858e+00 1.418438531648677170e+00 1.426479159037115363e-02 4.293667668616193262e-04 6.369128932528455005e-04
2.595000000000000195e+00 1.419727971913536280e+00 1.436661662035186235e-02 4.347471278284271274e-04 6.448738251666263433e-04
2.600000000000000089e+00 1.421017394942674095e+00 1.446900879995405981e-02 4.401850069130615415e-04 6.529195771646944700e-04
2.604999999999999982e+00 1.422306792736138581e+00 1.457196959364369555e-02 4.456808514944145304e-04 6.610508059365193933e-04
2.609999999999999876e+00 1.423596157380858207e+00 1.467550282048295934e-02 4.512352495232854689e-04 6.692683752907119081e-04
2.615000000000000213e+00 1.424885481051721747e+00 1.477960904642903681e-02 4.568486545009652392e-04 6.775729492858405647e-04
2.620000000000000107e+00 1.426174756012655642e+00 1.488429280899301876e-02 4.625215927376528772e-04 6.859653012974744604e-04
2.625000000000000000e+00 1.427463974617710019e+00 1.498955503654888707e-02 4.682545934384123223e-04 6.944462075457126429e-04
2.629999999999999893e+00 1.428753129312145598e+00 1.509539738128853892e-02 4.740481908373956623e-04 7.030164533270333478e-04
2.635000000000000231e+00 1.430042212633526821e+00 1.520182474165195953e-02 4.799028495647525731e-04 7.116767174034189592e-04
2.640000000000000124e+00 1.431331217212814755e+00 1.530883642197297320e-02 4.858192539716168134e-04 7.204280079340279544e-04
2.645000000000000018e+00 1.432620135775467096e+00 1.541643732439867097e-02 4.917978054525151037e-04 7.292709110826090576e-04
2.649999999999999911e+00 1.433908961142540850e+00 1.552462782950632045e-02 4.978391243403080440e-04 7.382063393168657693e-04
2.655000000000000249e+00 1.435197686231796554e+00 1.563341140055832940e-02 5.039436161713004752e-04 7.472348844801899844e-04
2.660000000000000142e+00 1.436486304058808727e+00 1.574279148782527921e-02 5.101120564081223791e-04 7.563576886872782484e-04
2.665000000000000036e+00 1.437774807738079197e+00 1.585276866227860668e-02 5.163447835255748943e-04 7.655752437992644150e-04
2.669999999999999929e+00 1.439063190484150212e+00 1.596334475340642836e-02 5.226425090961374538e-04 7.748885969527201639e-04
2.675000000000000266e+00 1.440351445612727099e+00 1.607452502736099811e-02 5.290056502167113459e-04 7.842983582681255662e-04
2.680000000000000160e+00 1.441639566541798700e+00 1.618630986860835827e-02 5.354349281420082334e-04 7.938055872833256693e-04
2.685000000000000053e+00 1.442927546792763360e+00 1.629870255308378535e-02 5.419307669638076053e-04 8.034109040545089420e-04
2.689999999999999947e+00 1.444215379991559578e+00 1.641170527838264545e-02 5.484938201459062072e-04 8.131152690641620063e-04
2.694999999999999840e+00 1.445503059869796658e+00 1.652532131253268283e-02 5.551245932267025087e-04 8.229194220594832554e-04
2.700000000000000178e+00 1.446790580265890691e+00 1.663955014541495039e-02 5.618237499769703153e-04 8.328243378962738074e-04
2.705000000000000071e+00 1.448077935126202975e+00 1.675439776090471150e-02 5.685918021537275744e-04 8.428307655107652703e-04
2.709999999999999964e+00 1.449365118506182437e+00 1.686986473038793941e-02 5.754294225583899943e-04 8.529396948129101558e-04
2.714999999999999858e+00 1.450652124571508272e+00 1.698595468950207105e-02 5.823371306119411216e-04 8.631518835105152264e-04
2.720000000000000195e+00 1.451938947599239915e+00 1.710266965176062207e-02 5.893155278419528499e-04 8.734682154543730584e-04
2.725000000000000089e+00 1.453225581978965009e+00 1.722001018528157915e-02 5.963652208482725717e-04 8.838895807445109731e-04
2.729999999999999982e+00 1.454512022213955591e+00 1.733798245604295171e-02 6.034868184816344393e-04 8.944168713065373194e-04
2.734999999999999876e+00 1.455798262922322506e+00 1.745658577198845596e-02 6.106808547381546584e-04 9.050508680528421886e-04
2.740000000000000213e+00 1.457084298838174696e+00 1.757582502945572236e-02 6.179481085794255070e-04 9.157927179481558039e-04
2.745000000000000107e+00 1.458370124812782276e+00 1.769570225166828756e-02 6.252890405102559668e-04 9.266430910942574607e-04
2.750000000000000000e+00 1.459655735815740485e+00 1.781621800188978172e-02 6.327043579587554025e-04 9.376030281268255906e-04
2.754999999999999893e+00 1.460941126936137202e+00 1.793737717501044451e-02 6.401946088477570044e-04 9.486733294914394786e-04
2.760000000000000231e+00 1.462226293383724007e+00 1.805918180082636756e-02 6.477604267197589662e-04 9.598549248463184545e-04
2.765000000000000124e+00 1.463511230490086357e+00 1.818163388320226392e-02 6.554025336922807143e-04 9.711488737175135062e-04
2.770000000000000018e+00 1.464795933709824194e+00 1.830473543576696671e-02 6.631214890218064704e-04 9.825559950841602271e-04
2.774999999999999911e+00 1.466080398621724123e+00 1.842849010333282717e-02 6.709179386431700668e-04 9.940772351833299537e-04
2.780000000000000249e+00 1.467364620929943797e+00 1.855290116605237336e-02 6.787925342403479259e-04 1.005713548902470661e-03
2.785000000000000142e+00 1.468648596465194744e+00 1.867796954553261821e-02 6.867460157525498866e-04 1.017466022690272044e-03
2.790000000000000036e+00 1.469932321185927426e+00 1.880369816361140978e-02 6.947788729664007264e-04 1.029335371746137057e-03
2.794999999999999929e+00 1.471215791179520282e+00 1.893009102049835954e-02 7.028917672334724764e-04 1.041322564461123366e-03
2.800000000000000266e+00 1.472499002663467449e+00 1.905714851414636035e-02 7.110855403946964113e-04 1.053428838591245840e-03
2.805000000000000160e+00 1.473781951986576466e+00 1.918487571510179776e-02 7.193606910184906352e-04 1.065654920865809685e-03
2.810000000000000053e+00 1.475064635630160437e+00 1.931327446276234067e-02 7.277179835082425241e-04 1.078001933623686914e-03
2.814999999999999947e+00 1.476347050209237288e+00 1.944234677728724076e-02 7.361580101138605900e-04 1.090470742322896796e-03
2.819999999999999840e+00 1.477629192473728592e+00 1.957209503052537505e-02 7.446815452512398504e-04 1.103062482857026421e-03
2.825000000000000178e+00 1.478911059309663267e+00 1.970252376694554830e-02 7.532891896104992619e-04 1.115778035369015871e-03
2.830000000000000071e+00 1.480192647740382617e+00 1.983363247275973448e-02 7.619817271756724412e-04 1.128618549452076137e-03
2.834999999999999964e+00 1.481473954927746250e+00 1.996542731785681812e-02 7.707596757844771898e-04 1.141584779680915708e-03
2.839999999999999858e+00 1.482754978173340454e+00 2.009790905534234243e-02 7.796239199230344625e-04 1.154678025040002101e-03
2.845000000000000195e+00 1.484035714919693882e+00 2.023108095977984786e-02 7.885748925774447920e-04 1.167898915948298441e-03
2.850000000000000089e+00 1.485316162751484814e+00 2.036494541566026897e-02 7.976137643669927368e-04 1.181249174705836054e-03
2.854999999999999982e+00 1.486596319396762178e+00 2.049950587212982442e-02 8.067407925018836882e-04 1.194729169725761066e-03
2.859999999999999876e+00 1.487876182728162133e+00 2.063476417824086639e-02 8.159569750773801181e-04 1.208340368712267554e-03
2.865000000000000213e+00 1.489155750764126207e+00 2.077072251942849515e-02 8.252627578079107162e-04 1.222083418668456567e-03
2.870000000000000107e+00 1.490435021670126092e+00 2.090738580779979289e-02 8.346591518385396450e-04 1.235959805633312031e-03
2.875000000000000000e+00 1.491713993759884893e+00 2.104475478747391479e-02 8.441467983440738374e-04 1.249970467194400124e-03
2.879999999999999893e+00 1.492992665496607696e+00 2.118283437699079383e-02 8.537265340238684927e-04 1.264116630654657861e-03
2.885000000000000231e+00 1.494271035494205480e+00 2.132162513396244560e-02 8.633986235465718282e-04 1.278398673569032832e-03
2.890000000000000124e+00 1.495549102518527240e+00 2.146113053519130634e-02 8.731644873445509490e-04 1.292818688669949024e-03
2.895000000000000018e+00 1.496826865488593894e+00 2.160135420791988239e-02 8.830243985179654208e-04 1.307377067880826586e-03
2.899999999999999911e+00 1.498104323477830180e+00 2.174229817575256199e-02 8.929792107810756614e-04 1.322075062233653373e-03
2.905000000000000249e+00 1.499381475715303225e+00 2.188396589735352310e-02 9.030297854198837161e-04 1.336913935500303645e-03
2.910000000000000142e+00 1.500658321586958444e+00 2.202635975447167840e-02 9.131767912234091920e-04 1.351894663736011868e-03
2.915000000000000036e+00 1.501934860636862323e+00 2.216948140308035164e-02 9.234209017714712893e-04 1.367018230759822284e-03
2.919999999999999929e+00 1.503211092568443430e+00 2.231333610840034037e-02 9.337631926263344770e-04 1.382286217848236560e-03
2.925000000000000266e+00 1.504487017245737190e+00 2.245792571007947797e-02 9.442041470466689236e-04 1.397699326913128806e-03
2.930000000000000160e+00 1.505762634694630231e+00 2.260325258042073654e-02 9.547448538290304737e-04 1.413259157585358651e-03
2.935000000000000053e+00 1.507037945104112264e+00 2.274932018828945690e-02 9.653855992598437069e-04 1.428966118713501099e-03
2.939999999999999947e+00 1.508312948827522426e+00 2.289613181182757057e-02 9.761276867306064361e-04 1.444822127316731930e-03
2.944999999999999840e+00 1.509587646383803383e+00 2.304368838814489437e-02 9.869718190669519650e-04 1.460828210403977180e-03
2.950000000000000178e+00 1.510862038458753664e+00 2.319199626605815759e-02 9.979184943465582453e-04 1.476985091172283368e-03
2.955000000000000071e+00 1.512136125906285322e+00 2.334105439881595592e-02 1.008968833192882154e-03 1.493294416994597534e-03
2.959999999999999964e+00 1.513409909749681370e+00 2.349086967137968551e-02 1.020123549640419283e-03 1.509757228103000923e-03
2.964999999999999858e+00 1.514683391182853445e+00 2.364144230140442088e-02 1.031383571510212068e-03 1.526374887782800879e-03
2.970000000000000195e+00 1.515956571571605682e+00 2.379277611851886298e-02 1.042749409816368924e-03 1.543148133740677216e-03
2.975000000000000089e+00 1.517229452454897709e+00 2.394487312827705758e-02 1.054222213031538648e-03 1.560078654516858796e-03
2.979999999999999982e+00 1.518502035546109630e+00 2.409773824995929681e-02 1.065802499029211642e-03 1.577167201390981344e-03
2.984999999999999876e+00 1.519774322734309235e+00 2.425137368225865897e-02 1.077491430677382511e-03 1.594415481917178540e-03
2.990000000000000213e+00 1.521046316085523209e+00 2.440578161409270863e-02 1.089289748909394147e-03 1.611824579911549753e-03
2.995000000000000107e+00 1.522318017844006111e+00 2.456096678487561941e-02 1.101198198193459538e-03 1.629395579646000314e-03
3.000000000000000000e+00 1.523589430433515579e+00 2.471693138618458532e-02 1.113217964117313007e-03 1.647130224517734604e-03
3.004999999999999893e+00 1.524860556458587313e+00 2.487367762347081346e-02 1.125349362788291693e-03 1.665028962885250520e-03
3.010000000000000231e+00 1.526131398705811604e+00 2.503120895567787982e-02 1.137593811935900786e-03 1.683093883265941596e-03
3.015000000000000124e+00 1.527401960145112314e+00 2.518952903300045523e-02 1.149951633461373602e-03 1.701325443329261382e-03
3.020000000000000018e+00 1.528672243931031183e+00 2.534864148954991611e-02 1.162424260630656606e-03 1.719725750799954399e-03
3.024999999999999911e+00 1.529942253404009023e+00 2.550854673830266553e-02 1.175012244036588048e-03 1.738295603620702628e-03
3.030000000000000249e+00 1.531211992091669805e+00 2.566925129214292847e-02 1.187716586904238869e-03 1.757036476257434546e-03
3.035000000000000142e+00 1.532481463710112957e+00 2.583075736749357657e-02 1.200538070419329348e-03 1.775949501218117765e-03
3.040000000000000036e+00 1.533750672165198337e+00 2.599306715401139903e-02 1.213477708757092211e-03 1.795036169291617904e-03
3.044999999999999929e+00 1.535019621553841640e+00 2.615618394619046577e-02 1.226536523947263473e-03 1.814297974524515644e-03
3.050000000000000266e+00 1.536288316165307810e+00 2.632011030089501102e-02 1.239715083453361800e-03 1.833735742567228592e-03
3.055000000000000160e+00 1.537556760482504448e+00 2.648485202659134688e-02 1.253014649233145971e-03 1.853351325906977013e-03
3.060000000000000053e+00 1.538824959183287211e+00 2.665040880488622060e-02 1.266436030463540018e-03 1.873145901776190501e-03
3.064999999999999947e+00 1.540092917141751672e+00 2.681678716371756546e-02 1.279980038180797072e-03 1.893120657329103130e-03
3.070000000000000284e+00 1.541360639429545376e+00 2.698398749860924858e-02 1.293647723952088364e-03 1.913277130280474679e-03
3.075000000000000178e+00 1.542628131317168361e+00 2.715201635309786102e-02 1.307439908216847949e-03 1.933616517892318637e-03
3.080000000000000071e+00 1.543895398275281439e+00 2.732087302669756329e-02 1.321357893251517458e-03 1.954140735509485825e-03
3.084999999999999964e+00 1.545162445976019150e+00 2.749056370354203277e-02 1.335402274931848411e-03 1.974850642022468825e-03
3.089999999999999858e+00 1.546429280294300046e+00 2.766109094168119759e-02 1.349574128262076827e-03 1.995747813087249845e-03
3.095000000000000195e+00 1.547695907309144969e+00 2.783245695132849709e-02 1.363874294890094494e-03 2.016833475349920444e-03
3.100000000000000089e+00 1.548962333304992001e+00 2.800466753641144002e-02 1.378303864247885707e-03 2.038109227007419560e-03
3.104999999999999982e+00 1.550228564773019402e+00 2.817772273564232363e-02 1.392863931616288064e-03 2.059576670046085918e-03
3.109999999999999876e+00 1.551494608412467890e+00 2.835162835984222918e-02 1.407555357187695875e-03 2.081237058876507073e-03
3.115000000000000213e+00 1.552760471131968911e+00 2.852638806375481714e-02 1.422379249769664027e-03 2.103092015856264201e-03
3.120000000000000107e+00 1.554026160050869576e+00 2.870200296277860413e-02 1.437336478711350070e-03 2.125142810306937437e-03
3.125000000000000000e+00 1.555291682500568706e+00 2.887847634013113521e-02 1.452427917173587137e-03 2.147390718064340950e-03
3.129999999999999893e+00 1.556557046025848434e+00 2.905581473675251936e-02 1.467654943226376222e-03 2.169837755372981160e-03
3.135000000000000231e+00 1.557822258386214909e+00 2.923401890657816374e-02 1.483018191486771761e-03 2.192484848411454124e-03
3.140000000000000124e+00 1.559087327557234559e+00 2.941309538513739788e-02 1.498519055113218265e-03 2.215334037767406616e-03
3.145000000000000018e+00 1.560352261731882795e+00 2.959304422612911434e-02 1.514158177880544969e-03 2.238386255237720911e-03
3.149999999999999911e+00 1.561617069321888263e+00 2.977386688348270666e-02 1.529936968894976589e-03 2.261643570598038250e-03
3.155000000000000249e+00 1.562881758959084433e+00 2.995557533030391087e-02 1.545856337042889441e-03 2.285107305589339621e-03
3.160000000000000142e+00 1.564146339496760740e+00 3.013816454461090352e-02 1.561917193367400990e-03 2.308778792693215367e-03
3.165000000000000036e+00 1.565410820011023496e+00 3.032164105595035880e-02 1.578120713249924964e-03 2.332659751548279287e-03
3.169999999999999929e+00 1.566675209802153468e+00 3.050601105663330176e-02 1.594467820405136857e-03 2.356751525705651131e-03
3.175000000000000266e+00 1.567939518395971676e+00 3.069127276479687028e-02 1.610959965600720174e-03 2.381056248434537150e-03
3.180000000000000160e+00 1.569203755545205192e+00 3.087743525225259550e-02 1.627597822456535977e-03 2.405574890840823151e-03
3.185000000000000053e+00 1.570467931230861369e+00 3.106449890564308078e-02 1.644382859963535500e-03 2.430309611556902630e-03
3.189999999999999947e+00 1.571732055663601191e+00 3.125246522433974827e-02 1.661315758193846696e-03 2.455261391995862668e-03
3.195000000000000284e+00 1.572996139285118833e+00 3.144134326897914805e-02 1.678397734715429430e-03 2.480432017646092783e-03
3.200000000000000178e+00 1.574260192769525224e+00 3.163113343788077902e-02 1.695630014911222051e-03 2.505823277948530849e-03
3.205000000000000071e+00 1.575524227024737378e+00 3.182184227354852707e-02 1.713013832547433763e-03 2.531436979755017757e-03
3.209999999999999964e+00 1.576788253193867284e+00 3.201346799926791525e-02 1.730550158924210134e-03 2.557274538472961538e-03
3.214999999999999858e+00 1.578052282656617233e+00 3.220601968806170029e-02 1.748239968482998181e-03 2.583337376169178058e-03
3.220000000000000195e+00 1.579316327030685141e+00 3.239949484654228856e-02 1.766084513921090159e-03 2.609627321268076158e-03
3.225000000000000089e+00 1.580580398173165202e+00 3.259390652872230787e-02 1.784085059005337433e-03 2.636146229766279589e-03
3.229999999999999982e+00 1.581844508181959430e+00 3.278924897713954983e-02 1.802242596002780455e-03 2.662895542002551106e-03
3.234999999999999876e+00 1.583108669397191415e+00 3.298553198781846441e-02 1.820558402933060297e-03 2.689877131672070622e-03
3.240000000000000213e+00 1.584372894402625409e+00 3.318275885590285523e-02 1.839033484826896846e-03 2.717092458818354782e-03
3.245000000000000107e+00 1.585637196027092743e+00 3.338093034114569813e-02 1.857669414099332459e-03 2.744543834706900283e-03
3.250000000000000000e+00 1.586901587345919129e+00 3.358005008407845965e-02 1.876466928856741333e-03 2.772232327227398731e-03
3.254999999999999893e+00 1.588166081682362174e+00 3.378012752950523834e-02 1.895427334865381610e-03 2.800159842285362098e-03
3.260000000000000231e+00 1.589430692609048013e+00 3.398116054150546184e-02 1.914551946558044632e-03 2.828328304808474213e-03
3.265000000000000124e+00 1.590695433949419924e+00 3.418315530619635279e-02 1.933841800934697850e-03 2.856739228581182261e-03
3.270000000000000018e+00 1.591960319779189614e+00 3.438611871241178952e-02 1.953298227776491692e-03 2.885394554738188871e-03
3.274999999999999911e+00 1.593225364427793389e+00 3.459004828350382976e-02 1.972922275221186336e-03 2.914295815730325642e-03
3.280000000000000249e+00 1.594490582479856755e+00 3.479495344857379963e-02 1.992715580557619711e-03 2.943445405492287580e-03
3.285000000000000142e+00 1.595755988776664358e+00 3.500083497400844484e-02 2.012679208367973340e-03 2.972844881003575742e-03
3.290000000000000036e+00 1.597021598417631694e+00 3.520769939650417873e-02 2.032813931417367347e-03 3.002495358379905169e-03
3.294999999999999929e+00 1.598287426761794583e+00 3.541554711603895483e-02 2.053121708650821383e-03 3.032399715189418830e-03
3.300000000000000266e+00 1.599553489429289543e+00 3.562438503131167694e-02 2.073603326481066392e-03 3.062559091276486657e-03
3.305000000000000160e+00 1.600819802302856587e+00 3.583421970401838574e-02 2.094260469985140781e-03 3.092975954085878422e-03
3.310000000000000053e+00 1.602086381529337800e+00 3.604504826144810242e-02 2.115093934208680214e-03 3.123651455034338626e-03
3.314999999999999947e+00 1.603353243521186133e+00 3.625688087422776484e-02 2.136105422473450876e-03 3.154588095396919367e-03
3.320000000000000284e+00 1.604620404957985969e+00 3.646972083355122518e-02 2.157295739144326086e-03 3.185787032819637019e-03
3.325000000000000178e+00 1.605887882787973897e+00 3.668356853725725925e-02 2.178666911418257815e-03 3.217251245082151153e-03
3.330000000000000071e+00 1.607155694229572163e+00 3.689843089114357155e-02 2.200219451332297710e-03 3.248981467222176057e-03
3.334999999999999964e+00 1.608423856772927873e+00 3.711431408447881525e-02 2.221955407668128272e-03 3.280980708469701055e-03
3.339999999999999858e+00 1.609692388181460876e+00 3.733121922726799491e-02 2.243875608322093863e-03 3.313250160200916991e-03
3.345000000000000195e+00 1.610961306493419842e+00 3.754914926574431239e-02 2.265981505393868927e-03 3.345791950319647930e-03
3.350000000000000089e+00 1.612230630023444355e+00 3.776811146195722252e-02 2.288274872167476558e-03 3.378608680324264764e-03
3.354999999999999982e+00 1.613500377364142535e+00 3.798811163822894688e-02 2.310756238919429127e-03 3.411701099870215886e-03
3.359999999999999876e+00 1.614770567387667999e+00 3.820914802383076209e-02 2.333427712611914687e-03 3.445072308380063217e-03
3.365000000000000213e+00 1.616041219247312144e+00 3.843123259211579656e-02 2.356290465444460351e-03 3.478724014185852892e-03
3.370000000000000107e+00 1.617312352379102647e+00 3.865436357285179092e-02 2.379345675134975861e-03 3.512657927750936163e-03
3.375000000000000000e+00 1.618583986503417060e+00 3.887854968632294128e-02 2.402594846203121980e-03 3.546876252590311102e-03
3.379999999999999893e+00 1.619856141626595081e+00 3.910378952327960012e-02 2.426039492454727664e-03 3.581381202127187618e-03
3.385000000000000231e+00 1.621128838042573905e+00 3.933009469109415013e-02 2.449680812044675079e-03 3.616174521978629802e-03
3.390000000000000124e+00 1.622402096334521149e+00 3.955746631130542534e-02 2.473520661162586804e-03 3.651258932479238897e-03
3.395000000000000018e+00 1.623675937376488410e+00 3.978590769289289814e-02 2.497559931114796700e-03 3.686635719064452251e-03
3.399999999999999911e+00 1.624950382335069499e+00 4.001542536472803974e-02 2.521800496187813750e-03 3.722307638250467888e-03
3.405000000000000249e+00 1.626225452671069327e+00 4.024602299594524230e-02 2.546243588852864156e-03 3.758276477735377364e-03
3.410000000000000142e+00 1.627501170141188780e+00 4.047770387359290317e-02 2.570890775456662145e-03 3.794544528874043473e-03
3.415000000000000036e+00 1.628777556799715365e+00 4.071047526675088818e-02 2.595743301910916154e-03 3.831113610442280631e-03
3.419999999999999929e+00 1.630054635000228513e+00 4.094434265210726565e-02 2.620803087125013475e-03 3.867986532632973658e-03
3.425000000000000266e+00 1.631332427397314877e+00 4.117930461649064316e-02 2.646071056704339414e-03 3.905164632747818148e-03
3.430000000000000160e+00 1.632610956948298497e+00 4.141537312494286693e-02 2.671549152423427238e-03 3.942650757559520124e-03
3.435000000000000053e+00 1.633890246914980304e+00 4.165254859702248458e-02 2.697238991549724511e-03 3.980447274549189611e-03
3.439999999999999947e+00 1.635170320865392934e+00 4.189083793126511385e-02 2.723141515133631167e-03 4.018555544109523973e-03
3.445000000000000284e+00 1.636451202675564431e+00 4.213024153712501690e-02 2.749259044596492289e-03 4.056978975267494514e-03
3.450000000000000178e+00 1.637732916531301264e+00 4.237077174309634292e-02 2.775592535175531398e-03 4.095718950905494031e-03
3.455000000000000071e+00 1.639015486929979559e+00 4.261242642723307023e-02 2.802143641368493900e-03 4.134777884156556199e-03
3.459999999999999964e+00 1.640298938682350771e+00 4.285521503925172893e-02 2.828914024726866903e-03 4.174158213556643585e-03
3.464999999999999858e+00 1.641583296914366441e+00 4.309914049510962797e-02 2.855905360702191802e-03 4.213862380391049031e-03
3.470000000000000195e+00 1.642868587069010289e+00 4.334420719370006558e-02 2.883118981171255406e-03 4.253892329947081379e-03
3.475000000000000089e+00 1.644154834908149621e+00 4.359042095881092427e-02 2.910556931790004437e-03 4.294251059190422326e-03
3.479999999999999982e+00 1.645442066514400281e+00 4.383778616787643162e-02 2.938220209461776117e-03 4.334940008578340095e-03
3.484999999999999876e+00 1.646730308293007594e+00 4.408631081590930201e-02 2.966111239676547714e-03 4.375962744260057831e-03
3.490000000000000213e+00 1.648019586973742623e+00 4.433599676965949143e-02 2.994230675435962871e-03 4.417320198767481394e-03
3.495000000000000107e+00 1.649309929612814640e+00 4.458684766830296048e-02 3.022580965301834965e-03 4.459015957374523609e-03
3.500000000000000000e+00 1.650601363594798476e+00 4.483887442080362190e-02 3.051163858346117239e-03 4.501052588899259396e-03
3.504999999999999893e+00 1.651893916634581849e+00 4.509183996226879404e-02 3.079955968073366801e-03 4.543384960483820220e-03
3.510000000000000231e+00 1.653187616779326907e+00 4.534598628537900994e-02 3.108982998292238089e-03 4.586061321041274078e-03
3.515000000000000124e+00 1.654482492410449757e+00 4.560131775590103853e-02 3.138247819036180716e-03 4.629085898160304607e-03
3.520000000000000018e+00 1.655778572245619973e+00 4.585784379848266423e-02 3.167750379925988232e-03 4.672458563500411256e-03
3.524999999999999911e+00 1.657075885340773880e+00 4.611556155675473889e-02 3.197493574797166064e-03 4.716183567044535119e-03
3.530000000000000249e+00 1.658374461092151142e+00 4.637448408790683513e-02 3.227478839326247597e-03 4.760263002926645726e-03
3.535000000000000142e+00 1.659674329238346902e+00 4.663461069537539611e-02 3.257707612968038617e-03 4.804698968836763028e-03
3.540000000000000036e+00 1.660975519862385452e+00 4.689595154171465746e-02 3.288181344629321871e-03 4.849493555606224082e-03
3.544999999999999929e+00 1.662278063393811456e+00 4.715851027258535777e-02 3.318902991782821544e-03 4.894651117928161023e-03
3.550000000000000266e+00 1.663581990610803807e+00 4.742229343364859351e-02 3.349873276679274283e-03 4.940172686916409657e-03
3.555000000000000160e+00 1.664887332642308815e+00 4.768730394623583307e-02 3.381095193165771333e-03 4.986062654833928708e-03
3.560000000000000053e+00 1.666194120970192039e+00 4.795354836576264795e-02 3.412568707790152381e-03 5.032320936505386977e-03
3.564999999999999947e+00 1.667502387431416100e+00 4.822103321205212928e-02 3.444296840225418224e-03 5.078951945691397539e-03
3.570000000000000284e+00 1.668812164220237593e+00 4.848976144343630779e-02 3.476281871793399092e-03 5.125959047443907554e-03
3.575000000000000178e+00 1.670123483890425531e+00 4.875974390874267955e-02 3.508524550937820816e-03 5.173343297868888795e-03
3.580000000000000071e+00 1.671436379357503110e+00 4.903098211202294027e-02 3.541027174917605550e-03 5.221108055576909740e-03
3.584999999999999964e+00 1.672750883901015451e+00 4.930348402707872280e-02 3.573792062316791165e-03 5.269256721942055556e-03
3.589999999999999858e+00 1.674067031166816655e+00 4.957725477522804958e-02 3.606819975790074434e-03 5.317790371357199522e-03
3.595000000000000195e+00 1.675384855169382847e+00 4.985229871304318328e-02 3.640114043060408821e-03 5.366713614084233502e-03
3.600000000000000089e+00 1.676704390294149860e+00 5.012862454987042360e-02 3.673675835927538505e-03 5.416028724370480080e-03
3.604999999999999982e+00 1.678025671299876453e+00 5.040623668291381587e-02 3.707506931889149784e-03 5.465738011936266579e-03
3.609999999999999876e+00 1.679348733321033071e+00 5.068514019349813771e-02 3.741609716092787405e-03 5.515844947494802017e-03
3.615000000000000213e+00 1.680673611870211692e+00 5.096533945904588997e-02 3.775984980104542255e-03 5.566350673226803589e-03
3.620000000000000107e+00 1.682000342840573426e+00 5.124684681464120040e-02 3.810636746744322685e-03 5.617261097362193957e-03
3.625000000000000000e+00 1.683328962508309878e+00 5.152966445893072261e-02 3.845565024646936409e-03 5.668576196251703947e-03
3.629999999999999893e+00 1.684659507535143819e+00 5.181379750281882302e-02 3.880773059081777786e-03 5.720300737698736510e-03
3.635000000000000231e+00 1.685992014970846498e+00 5.209925101860589380e-02 3.916262496647018865e-03 5.772437117450020250e-03
3.640000000000000124e+00 1.687326522255794936e+00 5.238603738150008488e-02 3.952035809834755255e-03 5.824988941316510543e-03
3.645000000000000018e+00 1.688663067223552527e+00 5.267415732232464537e-02 3.988093836078627184e-03 5.877957419319897875e-03
3.649999999999999911e+00 1.690001688103477839e+00 5.296361739052826700e-02 4.024439898485691544e-03 5.931347428127817061e-03
3.655000000000000249e+00 1.691342423523365834e+00 5.325442631367887508e-02 4.061075689199089220e-03 5.985161429834610740e-03
3.660000000000000142e+00 1.692685312512123508e+00 5.354659135509610979e-02 4.098002899535524088e-03 6.039401886996514229e-03
3.665000000000000036e+00 1.694030394502469727e+00 5.384011761715334216e-02 4.135224918543397438e-03 6.094073767342718211e-03
3.669999999999999929e+00 1.695377709333675487e+00 5.413500875405476143e-02 4.172741780633064911e-03 6.149177078716191146e-03
3.675000000000000266e+00 1.696727297254325917e+00 5.443127493246387172e-02 4.210557747947958097e-03 6.204718096454441348e-03
3.680000000000000160e+00 1.698079198925130706e+00 5.472892124535806008e-02 4.248672866017436794e-03 6.260696839095707469e-03
3.685000000000000053e+00 1.699433455421752726e+00 5.502795424029069404e-02 4.287091445402600037e-03 6.317119655280836917e-03
3.689999999999999947e+00 1.700790108237682396e+00 5.532838120151640365e-02 4.325814399236617598e-03 6.373987835494263413e-03
3.695000000000000284e+00 1.702149199287140036e+00 5.563021012463433695e-02 4.364844364317273934e-03 6.431305257327117088e-03
3.700000000000000178e+00 1.703510770908022831e+00 5.593344754907209060e-02 4.404183998027130439e-03 6.489075795973581716e-03
3.705000000000000071e+00 1.704874865864877798e+00 5.623809786370066038e-02 4.443834233316208172e-03 6.547300792537554502e-03
3.709999999999999964e+00 1.706241527351919807e+00 5.654416833299454048e-02 4.483798625723152756e-03 6.605985474607896368e-03
3.714999999999999858e+00 1.707610798996081591e+00 5.685166985547822349e-02 4.524079007089028444e-03 6.665132505730644689e-03
3.720000000000000195e+00 1.708982724860113711e+00 5.716060751634429588e-02 4.564678096691001524e-03 6.724745859887550775e-03
3.725000000000000089e+00 1.710357349445704500e+00 5.747098572347020956e-02 4.605596862008620729e-03 6.784826941136644189e-03
3.729999999999999982e+00 1.711734717696661745e+00 5.778280955007875086e-02 4.646839831449572217e-03 6.845382384896551813e-03
3.734999999999999876e+00 1.713114875002117454e+00 5.809609787595840930e-02 4.688407101160130958e-03 6.906412300588328328e-03
3.740000000000000213e+00 1.714497867199787251e+00 5.841084420946867500e-02 4.730302347861672224e-03 6.967922093613914888e-03
3.745000000000000107e+00 1.715883740579261962e+00 5.872706740854809898e-02 4.772528381366665517e-03 7.029915873648133300e-03
3.750000000000000000e+00 1.717272541885350057e+00 5.904476751260763490e-02 4.815087126557110291e-03 7.092396441229287425e-03
3.754999999999999893e+00 1.718664318321458495e+00 5.936395034967069384e-02 4.857979596330956953e-03 7.155365249636569565e-03
3.760000000000000231e+00 1.720059117553022654e+00 5.968463406475729011e-02 4.901210467801214894e-03 7.218829175610340029e-03
3.765000000000000124e+00 1.721456987710977105e+00 6.000681288105676192e-02 4.944781709489021009e-03 7.282791092694361132e-03
3.770000000000000018e+00 1.722857977395276574e+00 6.033049987080996157e-02 4.988695293509593821e-03 7.347253877463845277e-03
3.774999999999999911e+00 1.724262135678464647e+00 6.065571173085514828e-02 5.032953200047766279e-03 7.412220407155761977e-03
3.780000000000000249e+00 1.725669512109285098e+00 6.098244270582747067e-02 5.077559287414820828e-03 7.477696347916269401e-03
3.785000000000000142e+00 1.727080156716347847e+00 6.131070585813696433e-02 5.122515570860356610e-03 7.543684645869401517e-03
3.790000000000000036e+00 1.728494120011841551e+00 6.164050630290734273e-02 5.167824077706507577e-03 7.610188240253571747e-03
3.794999999999999929e+00 1.729911452995299248e+00 6.197185711008849907e-02 5.213488733253122780e-03 7.677212911575393393e-03
3.800000000000000266e+00 1.731332207157411762e+00 6.230476915322336745e-02 5.259510652131643184e-03 7.744760256416368879e-03
3.805000000000000160e+00 1.732756434483898600e+00 6.263923744036981045e-02 5.305893801287491114e-03 7.812836091459494578e-03
3.810000000000000053e+00 1.734184187459427706e+00 6.297528514086540852e-02 5.352640273303777702e-03 7.881443485022916057e-03
3.814999999999999947e+00 1.735615519071593615e+00 6.331290725369369266e-02 5.399752166860567748e-03 7.950585488425317149e-03
3.820000000000000284e+00 1.737050482814948671e+00 6.365212117024167393e-02 5.447233522301618731e-03 8.020268029310903199e-03
3.825000000000000178e+00 1.738489132695088868e+00 6.399293346399503868e-02 5.495086479617846027e-03 8.090494233665139479e-03
3.830000000000000071e+00 1.739931523232801869e+00 6.433534923059956723e-02 5.543313180636194604e-03 8.161267234667982789e-03
3.834999999999999964e+00 1.741377709468272084e+00 6.467938083030067009e-02 5.591917742332782985e-03 8.232593065503685664e-03
3.839999999999999858e+00 1.742827746965340152e+00 6.502503408212682856e-02 5.640901363844487773e-03 8.304473452486254778e-03
3.845000000000000195e+00 1.744281691815829705e+00 6.537232133758237584e-02 5.690268204550333331e-03 8.376914522689207082e-03
3.850000000000000089e+00 1.745739600643932299e+00 6.572124264731871168e-02 5.740021475027242900e-03 8.449920965567292441e-03
3.854999999999999982e+00 1.747201530610656750e+00 6.607182048013479636e-02 5.790162407345205917e-03 8.523494564495137649e-03
3.859999999999999876e+00 1.748667539418339745e+00 6.642405127274157717e-02 5.840695236379102838e-03 8.597641533658141599e-03
3.865000000000000213e+00 1.750137685315223512e+00 6.677795025943507323e-02 5.891622227471186857e-03 8.672365185426238188e-03
3.870000000000000107e+00 1.751612027100100555e+00 6.713352544855737125e-02 5.942946660703578819e-03 8.747670327278850647e-03
3.875000000000000000e+00 1.753090624127023878e+00 6.749078124804024081e-02 5.994671841936771196e-03 8.823561806802455304e-03
3.879999999999999893e+00 1.754573536310083837e+00 6.784973648631593968e-02 6.046800086111000019e-03 8.900043006787575553e-03
3.885000000000000231e+00 1.756060824128258258e+00 6.821038978186690083e-02 6.099335762029192351e-03 8.977120325779231608e-03
3.890000000000000124e+00 1.757552548630337386e+00 6.857276070894408049e-02 6.152280193960916327e-03 9.054795697254220538e-03
3.895000000000000018e+00 1.759048771439909009e+00 6.893685368432762861e-02 6.205637803520263306e-03 9.133075615592534460e-03
3.899999999999999911e+00 1.760549554760425739e+00 6.930267451778912569e-02 6.259412008071200614e-03 9.211965074838745354e-03
3.905000000000000249e+00 1.762054961380348228e+00 6.967024135885427349e-02 6.313604176396962579e-03 9.291466082076158331e-03
3.910000000000000142e+00 1.763565054678360111e+00 7.003955427309184467e-02 6.368218800587575543e-03 9.371585213979806081e-03
3.915000000000000036e+00 1.765079898628665322e+00 7.041063064612779199e-02 6.423259371054447324e-03 9.452327605083330614e-03
3.919999999999999929e+00 1.766599557806353804e+00 7.078348213668424205e-02 6.478728345617311250e-03 9.533696845045600693e-03
3.925000000000000266e+00 1.768124097392861804e+00 7.115810877113229460e-02 6.534629252677373948e-03 9.615698098238681726e-03
3.930000000000000160e+00 1.769653583181507006e+00 7.153452798634336862e-02 6.590965645487233820e-03 9.698336574850745240e-03
3.935000000000000053e+00 1.771188081583099816e+00 7.191274489222693189e-02 6.647741106632022202e-03 9.781617544776509757e-03
3.939999999999999947e+00 1.772727659631656794e+00 7.229277256596700063e-02 6.704959246920572449e-03 9.865546310087404749e-03
3.945000000000000284e+00 1.774272384990179141e+00 7.267462697495238877e-02 6.762621539869020926e-03 9.950124979281925811e-03
3.950000000000000178e+00 1.775822325956536885e+00 7.305830891117182091e-02 6.820733794721738769e-03 1.003536213038153969e-02
3.955000000000000071e+00 1.777377551469432548e+00 7.344383577357410653e-02 6.879298608761456012e-03 1.012126153843501131e-02
3.959999999999999964e+00 1.778938131114458976e+00 7.383121270194493990e-02 6.938318594968097101e-03 1.020782703479737423e-02
3.965000000000000302e+00 1.780504135130244192e+00 7.422045782755311294e-02 6.997798571750085163e-03 1.029506570980042758e-02
3.970000000000000195e+00 1.782075634414699072e+00 7.461156976182231615e-02 7.057741195985713957e-03 1.038298144435227319e-02
3.975000000000000089e+00 1.783652700531359159e+00 7.500457317470429763e-02 7.118151348279829101e-03 1.047158140071280039e-02
3.979999999999999982e+00 1.785235405715812629e+00 7.539947317198414378e-02 7.179031736472100966e-03 1.056086958031967823e-02
3.984999999999999876e+00 1.786823822882243729e+00 7.579628066874553871e-02 7.240386188067682652e-03 1.065085155660082383e-02
3.990000000000000213e+00 1.788418025630066133e+00 7.619500730095293828e-02 7.302217445233102726e-03 1.074153136744575472e-02
3.995000000000000107e+00 1.790018088250662442e+00 7.659565964234153757e-02 7.364531631858500967e-03 1.083291803080055002e-02
4.000000000000000000e+00 1.791624085734228267e+00 7.699825945827133700e-02 7.427330417139317228e-03 1.092501396199765072e-02
