% raindrop T-matrix calculations using the code of Leinonen, J., "Python code for T-matrix scattering calculations". Available at https://github.com/jleinonen/pytmatrix/. 
% 
% refractive index calculations after Ray, P., 1972:  Broadband Complex Refractive Indices of Ice and Water, Appl. Opt. 11, 1836-1844 
% 
% raindrop aspect ratio estimated with the methodology of Brandes, Edward & Zhang, Guifu & Vivekanandan, Jothiram. (2005). Corrigendum. Journal of Applied Meteorology. 44. 186-. 10.1175/1520-0450(2005)44<186:C>2.0.CO;2. 
% 
% wave length: 107.068735 mm 
% temperature: 263.15 K 
% refractive index: 9.014870643615722656e+00 + 1.808338880538940430e+00 i 
% 
%r_eqv[mm]               axial ratio              ext[mm2]                 sca[mm2]                 back[mm2]
5.000000000000000104e-03 9.999900000999989436e-01 1.208186096362240342e-09 1.454426299952306508e-18 2.181638526888840576e-18
1.000000000000000021e-02 9.999900000999989436e-01 9.665698923674954987e-09 9.308330301726581862e-17 1.396246970771804955e-16
1.499999999999999944e-02 9.999900000999989436e-01 3.262292073865853067e-08 1.060277525312231142e-15 1.590409589441135847e-15
2.000000000000000042e-02 9.999900000999989436e-01 7.733233506586254712e-08 5.957339003354338400e-15 8.935941244118116994e-15
2.500000000000000139e-02 9.999900000999989436e-01 1.510496037027853359e-07 2.272546261359785517e-14 3.408779204401172028e-14
2.999999999999999889e-02 9.999900000999989436e-01 2.610345860846952627e-07 6.785794142248105798e-14 1.017851818672594458e-13
3.500000000000000333e-02 9.999900000999989436e-01 4.145524358852297475e-07 1.711125855264528483e-13 2.566629349246297268e-13
4.000000000000000083e-02 9.999900000999989436e-01 6.188746481487756808e-07 3.812714822617347318e-13 5.718899175235566665e-13
4.499999999999999833e-02 9.999900000999989436e-01 8.812800758066684076e-07 7.729478783729875159e-13 1.159377398475335048e-12
5.000000000000000278e-02 9.999900000999989436e-01 1.209056130278859650e-06 1.454440389836706503e-12 2.181557369795978510e-12
5.500000000000000028e-02 9.999900000999989436e-01 1.609499590861819179e-06 2.576635447135260295e-12 3.864731876806404639e-12
5.999999999999999778e-02 9.999900000999989436e-01 2.089917981947173415e-06 4.342954833736696318e-12 6.513988289989385529e-12
6.500000000000000222e-02 9.999900000999989436e-01 2.657630543555471203e-06 7.020354059395097591e-12 1.052968873505808671e-11
7.000000000000000666e-02 9.999900000999989436e-01 3.319968802785373281e-06 1.095136558493591326e-11 1.642552426794404326e-11
7.499999999999999722e-02 9.999900000999989436e-01 4.084278393680230014e-06 1.656719109010238456e-11 2.484813960363125075e-11
8.000000000000000167e-02 9.999900000999989436e-01 4.957920222966812174e-06 2.440183737586660685e-11 3.659831976252768527e-11
8.500000000000000611e-02 9.999900000999989436e-01 5.948270465370797340e-06 3.510731535237929298e-11 5.265376725103835940e-11
8.999999999999999667e-02 9.999900000999989436e-01 7.062722825715139171e-06 4.946984828438887669e-11 7.419338842583592243e-11
9.500000000000000111e-02 9.999900000999989436e-01 8.308688061602667710e-06 6.842719943999808137e-11 1.026232536131886269e-10
1.000000000000000056e-01 9.999900000999989436e-01 9.693597735282511504e-06 9.308694610249016571e-11 1.396039707407865273e-10
1.049999999999999961e-01 9.999900000999989436e-01 1.122490314814265038e-05 1.247459321887117310e-10 1.870798201052187064e-10
1.100000000000000006e-01 9.999900000999989436e-01 1.291007464430636270e-05 1.649105874372752905e-10 2.473091814670596835e-10
1.150000000000000050e-01 9.999900000999989436e-01 1.475660914958669942e-05 2.153185141362707627e-10 3.228968540750655008e-10
1.199999999999999956e-01 9.999900000999989436e-01 1.677202412840666132e-05 2.779609693295557606e-10 4.168277107228334129e-10
1.250000000000000000e-01 9.999900000999989436e-01 1.896386217785541025e-05 3.551064742501404987e-10 5.325020324815783550e-10
1.300000000000000044e-01 9.999900000999989436e-01 2.133969208459036469e-05 4.493252355292367313e-10 6.737720501987861555e-10
1.350000000000000089e-01 9.999900000999989436e-01 2.390710870992434622e-05 5.635150585054125886e-10 8.449807118560717723e-10
1.400000000000000133e-01 9.999900000999989436e-01 2.667373755193259052e-05 7.009281917506611578e-10 1.051001833876424026e-09
1.449999999999999900e-01 9.999900000999989436e-01 2.964722759459118625e-05 8.651984724086523145e-10 1.297280689575020517e-09
1.499999999999999944e-01 9.999900000999989436e-01 3.283526164341541586e-05 1.060370978013797024e-09 1.589878341838765573e-09
1.549999999999999989e-01 9.999900000999989436e-01 3.624555538251769470e-05 1.290931253060187343e-09 1.935515321777260194e-09
1.600000000000000033e-01 9.999900000999989436e-01 3.988585336067012059e-05 1.561836411018287654e-09 2.341618102865891144e-09
1.650000000000000078e-01 9.999900000999989436e-01 4.376393238998793861e-05 1.878546904009521999e-09 2.816366558027012778e-09
1.700000000000000122e-01 9.999900000999989436e-01 4.788761501965278365e-05 2.247060632007231933e-09 3.368744904716484593e-09
1.750000000000000167e-01 9.999900000999989436e-01 5.226473874810761544e-05 2.673945493242389414e-09 4.008590292350484953e-09
1.799999999999999933e-01 9.999900000999989436e-01 5.690319630097769098e-05 3.166375066929914337e-09 4.746646064290027250e-09
1.849999999999999978e-01 9.999900000999989436e-01 6.181091194376385045e-05 3.732164789612201702e-09 5.594615735225454679e-09
1.900000000000000022e-01 1.000338260324268314e+00 6.701291422977348412e-05 4.380942542683265251e-09 6.566918627656490827e-09
1.950000000000000067e-01 1.000344839311130496e+00 7.248479742748086506e-05 5.119871545844142962e-09 7.674273625552251966e-09
2.000000000000000111e-01 1.000357515291503407e+00 7.825042898924141927e-05 5.959898649025271924e-09 8.933071593751617591e-09
2.050000000000000155e-01 1.000376259251188893e+00 8.431796894979213218e-05 6.911807040630943579e-09 1.035945382284559136e-08
2.099999999999999922e-01 1.000401042453005207e+00 9.069564746682852224e-05 7.987221323325204580e-09 1.197081926542771706e-08
2.149999999999999967e-01 1.000431836433301802e+00 9.739173341675736915e-05 9.198655056928175536e-09 1.378589538297308091e-08
2.200000000000000011e-01 1.000468612998516083e+00 1.044145625072947109e-04 1.055954601286227881e-08 1.582479053748899878e-08
2.250000000000000056e-01 1.000511344221778787e+00 1.117725157501174723e-04 1.208431031781135309e-08 1.810907466230028328e-08
2.300000000000000100e-01 1.000560002439564444e+00 1.194740395079738255e-04 1.378838441086843780e-08 2.066184162859931221e-08
2.350000000000000144e-01 1.000614560248383578e+00 1.275276168658041518e-04 1.568827429067814534e-08 2.350778249877565982e-08
2.399999999999999911e-01 1.000674990501522643e+00 1.359418182198926289e-04 1.780159992456680696e-08 2.667325148873619801e-08
2.449999999999999956e-01 1.000741266305821942e+00 1.447252619914267163e-04 2.014714867204539259e-08 3.018634539301802392e-08
2.500000000000000000e-01 1.000813361018499714e+00 1.538866271004720246e-04 2.274493614818584883e-08 3.407699412267695908e-08
2.550000000000000044e-01 1.000891248244015541e+00 1.634346533568773428e-04 2.561622998149623414e-08 3.837699558699061822e-08
2.600000000000000089e-01 1.000974901830975039e+00 1.733781704349917144e-04 2.878363333253322733e-08 4.312014006299569643e-08
2.650000000000000133e-01 1.001064295869075416e+00 1.837260239405720682e-04 3.227112590903325932e-08 4.834227087132026415e-08
2.700000000000000178e-01 1.001159404686088994e+00 1.944871902268554772e-04 3.610411828741473142e-08 5.408136486037588990e-08
2.750000000000000222e-01 1.001260202844886926e+00 2.056706627307929068e-04 4.030950855447502360e-08 6.037761640966587997e-08
2.800000000000000266e-01 1.001366665140501100e+00 2.172855493028035239e-04 4.491575287028603687e-08 6.727354213516480974e-08
2.850000000000000311e-01 1.001478766597222014e+00 2.293409770639978206e-04 4.995289092229829850e-08 7.481401800273330572e-08
2.899999999999999800e-01 1.001596482465736404e+00 2.418461881924979773e-04 5.545266173624418909e-08 8.304645181819774490e-08
2.949999999999999845e-01 1.001719788220298835e+00 2.548104874444617556e-04 6.144850000486150189e-08 9.202077645222232293e-08
2.999999999999999889e-01 1.001848659555939935e+00 2.682432568243552258e-04 6.797565895091047670e-08 1.017896328229837914e-07
3.049999999999999933e-01 1.001983072385710605e+00 2.821539612979145819e-04 7.507122697186729678e-08 1.124083934213327227e-07
3.099999999999999978e-01 1.002123002837959964e+00 2.965521474830744753e-04 8.277421587320271469e-08 1.239352932719897258e-07
3.150000000000000022e-01 1.002268427253648841e+00 3.114474065036328533e-04 9.112561869941180252e-08 1.364315150367374878e-07
3.200000000000000067e-01 1.002419322183694117e+00 3.268494530416272037e-04 1.001685059540635602e-07 1.499613317354031484e-07
3.250000000000000111e-01 1.002575664386349930e+00 3.427681061547614900e-04 1.099480361275100613e-07 1.645921208538911953e-07
3.300000000000000155e-01 1.002737430824617970e+00 3.592131759492951638e-04 1.205115731288625372e-07 1.803945387389708793e-07
3.350000000000000200e-01 1.002904598663692415e+00 3.761946179009180912e-04 1.319087619918789165e-07 1.974426321043028613e-07
3.400000000000000244e-01 1.003077145268434833e+00 3.937225520126938516e-04 1.441915294121332082e-07 2.158138371067479827e-07
3.450000000000000289e-01 1.003255048200880628e+00 4.118070149648912878e-04 1.574142749427339297e-07 2.355892638542194467e-07
3.500000000000000333e-01 1.003438285217776782e+00 4.304583092973251557e-04 1.716338265699852696e-07 2.568536277381744982e-07
3.549999999999999822e-01 1.003626834268148693e+00 4.496867335086816679e-04 1.869095872023049337e-07 2.796954669339832753e-07
3.599999999999999867e-01 1.003820673490896542e+00 4.695026213017853070e-04 2.033036475077325343e-07 3.042073090799657085e-07
3.649999999999999911e-01 1.004019781212422524e+00 4.899165703370145578e-04 2.208807178209669742e-07 3.304855671148472416e-07
3.699999999999999956e-01 1.004224135944284502e+00 5.109391432685023897e-04 2.397083845511927489e-07 3.586309206275404308e-07
3.750000000000000000e-01 1.004433716380879638e+00 5.325810174914954098e-04 2.598570710783837026e-07 3.887482553426050872e-07
3.800000000000000044e-01 1.004648501397155336e+00 5.548530255666813760e-04 2.814001139138469639e-07 4.209467740400007254e-07
3.850000000000000089e-01 1.004868470046347273e+00 5.777660786604363026e-04 3.044139808454618556e-07 4.553403208405869694e-07
3.900000000000000133e-01 1.005093601557745631e+00 6.013310953152738820e-04 3.289782636085323159e-07 4.920473673485037585e-07
3.950000000000000178e-01 1.005323875334485528e+00 6.255592584953508081e-04 3.551756034584511492e-07 5.311908981678520811e-07
4.000000000000000222e-01 1.005559270951367434e+00 6.504617309105375708e-04 3.830921970406980803e-07 5.728991656254126959e-07
4.050000000000000266e-01 1.005799768152698448e+00 6.760498289127254241e-04 4.128173843719216851e-07 6.173050692326695413e-07
4.100000000000000311e-01 1.006045346850164002e+00 7.023349924757824264e-04 4.444441276593411565e-07 6.645468697196789259e-07
4.150000000000000355e-01 1.006295987120720881e+00 7.293287139138340900e-04 4.780690473159787350e-07 7.147682390729893636e-07
4.199999999999999845e-01 1.006551669204517108e+00 7.570427603416569114e-04 5.137921431033599780e-07 7.681178402176692810e-07
4.249999999999999889e-01 1.006812373502834479e+00 7.854887192503763648e-04 5.517173315148416860e-07 8.247501271685500879e-07
4.299999999999999933e-01 1.007078080576055967e+00 8.146785010572312911e-04 5.919524650518724548e-07 8.848253699879888636e-07
4.349999999999999978e-01 1.007348771141657329e+00 8.446241779005726194e-04 6.346093467270621118e-07 9.485096733629636164e-07
4.400000000000000022e-01 1.007624426072219359e+00 8.753377687054194256e-04 6.798034895054887121e-07 1.015974611594519305e-06
4.450000000000000067e-01 1.007905026393466796e+00 9.068315274687159273e-04 7.276550713014218683e-07 1.087398653940392965e-06
4.500000000000000111e-01 1.008190553282325652e+00 9.391177409880372600e-04 7.782880648618537289e-07 1.162965858418636664e-06
4.550000000000000155e-01 1.008480988065006079e+00 9.722088581142002616e-04 8.318309922015756335e-07 1.242866995516522190e-06
4.600000000000000200e-01 1.008776312215104998e+00 1.006117571851478662e-03 8.884170592611383346e-07 1.327299745964302550e-06
4.650000000000000244e-01 1.009076507351731156e+00 1.040856533051146351e-03 9.481835320764158832e-07 1.416467760844211538e-06
4.700000000000000289e-01 1.009381555237651273e+00 1.076438484876532029e-03 1.011272679446998827e-06 1.510582069262154850e-06
4.750000000000000333e-01 1.009691437777457068e+00 1.112876501041993975e-03 1.077831401327256642e-06 1.609860514555597023e-06
4.799999999999999822e-01 1.010006137015752481e+00 1.150183602299670576e-03 1.148011728774830631e-06 1.714528500441496335e-06
4.849999999999999867e-01 1.010325635135361333e+00 1.188373060361141162e-03 1.221970544874292576e-06 1.824818563269528617e-06
4.899999999999999911e-01 1.010649914455556075e+00 1.227458185742813989e-03 1.299869514381478430e-06 1.940970264151413334e-06
4.949999999999999956e-01 1.010978957430304748e+00 1.267452382114816860e-03 1.381875928725010422e-06 2.063231449513774659e-06
5.000000000000000000e-01 1.011312746646537475e+00 1.308369396006784638e-03 1.468162398202538444e-06 2.191857776300576702e-06
5.050000000000000044e-01 1.011651264822433394e+00 1.350222919852417424e-03 1.558906975550622886e-06 2.327112900709282860e-06
5.100000000000000089e-01 1.011994494805724676e+00 1.393026836281568634e-03 1.654292929801910717e-06 2.469268126148312094e-06
5.150000000000000133e-01 1.012342419572020980e+00 1.436795298929765315e-03 1.754509857053429108e-06 2.618604060022826816e-06
5.200000000000000178e-01 1.012695022223150554e+00 1.481542248062065435e-03 1.859752440368834168e-06 2.775408752378343486e-06
5.250000000000000222e-01 1.013052285985520662e+00 1.527281975550001582e-03 1.970221620967698160e-06 2.939979441989022857e-06
5.300000000000000266e-01 1.013414194208494434e+00 1.574029269221898040e-03 2.086124731127859892e-06 3.112622743710487510e-06
5.350000000000000311e-01 1.013780730362787486e+00 1.621798421336699504e-03 2.207674889076306996e-06 3.293653741640822062e-06
5.400000000000000355e-01 1.014151878038878962e+00 1.670604282463968677e-03 2.335091889057928163e-06 3.483397304789881449e-06
5.450000000000000400e-01 1.014527620945441466e+00 1.720461838998663898e-03 2.468601130704517151e-06 3.682186485206610898e-06
5.500000000000000444e-01 1.014907942907788518e+00 1.771386027543356062e-03 2.608435755787393023e-06 3.890365703912600760e-06
5.550000000000000488e-01 1.015292827866336012e+00 1.823391907772991269e-03 2.754834763022959541e-06 4.108287914671582043e-06
5.600000000000000533e-01 1.015682259875082316e+00 1.876495139601273843e-03 2.908043912321047499e-06 4.336315965519700124e-06
5.650000000000000577e-01 1.016076223100103704e+00 1.930711000848718117e-03 3.068317252860892338e-06 4.574824850056345429e-06
5.700000000000000622e-01 1.016474701818065096e+00 1.986055094612880056e-03 3.235914104055650204e-06 4.824197207817211504e-06
5.750000000000000666e-01 1.016877680414747243e+00 2.042543552557667987e-03 3.411101860424922776e-06 5.084827495846266704e-06
5.799999999999999600e-01 1.017285143383589441e+00 2.100192066100365490e-03 3.594156269043600925e-06 5.357122390327650169e-06
5.849999999999999645e-01 1.017697075324246692e+00 2.159016905301321902e-03 3.785358599101033729e-06 5.641496559900025040e-06
5.899999999999999689e-01 1.018113460941162618e+00 2.219034274107435905e-03 3.984999725400926658e-06 5.938378739014607751e-06
5.949999999999999734e-01 1.018534285042156151e+00 2.280260715630827266e-03 4.193377314950974931e-06 6.248207539837179502e-06
5.999999999999999778e-01 1.018959532537025314e+00 2.342712704745510480e-03 4.410796338249111788e-06 6.571432171087394539e-06
6.049999999999999822e-01 1.019389188436160998e+00 2.406407324010164783e-03 4.637572056492400299e-06 6.908516921166417284e-06
6.099999999999999867e-01 1.019823237849180497e+00 2.471361320819086618e-03 4.874026292638736030e-06 7.259935559602635641e-06
6.149999999999999911e-01 1.020261665983570154e+00 2.537591919219268043e-03 5.120489202737716508e-06 7.626173977800931355e-06
6.199999999999999956e-01 1.020704458143344873e+00 2.605116404164425220e-03 5.377299986978733770e-06 8.007731227365048638e-06
6.250000000000000000e-01 1.021151599727719406e+00 2.673952118867106102e-03 5.644807192292276744e-06 8.405119980771374541e-06
6.300000000000000044e-01 1.021603076229795626e+00 2.744116965199038319e-03 5.923367555706903257e-06 8.818864776041951514e-06
6.350000000000000089e-01 1.022058873235258902e+00 2.815628677203092789e-03 6.213346780045963555e-06 9.249503157808116479e-06
6.400000000000000133e-01 1.022518976421092685e+00 2.888505141929342823e-03 6.515119704078791853e-06 9.697585941616514464e-06
6.450000000000000178e-01 1.022983371554301524e+00 2.962764820875873895e-03 6.829071807969626866e-06 1.016367942543046129e-05
6.500000000000000222e-01 1.023452044490649859e+00 3.038425723153976351e-03 7.155595324666917449e-06 1.064835956853555041e-05
6.550000000000000266e-01 1.023924981173411908e+00 3.115506776279604057e-03 7.495094769874724582e-06 1.115222025755900853e-05
6.600000000000000311e-01 1.024402167632133542e+00 3.194026454220554381e-03 7.847983120374925413e-06 1.167586756634377994e-05
6.650000000000000355e-01 1.024883589981409493e+00 3.274003608578614308e-03 8.214684714915825280e-06 1.221992407547208775e-05
6.700000000000000400e-01 1.025369234419667430e+00 3.355457639902254072e-03 8.595634129956447527e-06 1.278502717286999461e-05
6.750000000000000444e-01 1.025859087227968924e+00 3.438408024551319313e-03 8.991273078892683535e-06 1.337182444275376273e-05
6.800000000000000488e-01 1.026353134768820174e+00 3.522873508097025975e-03 9.402058444070098513e-06 1.398098557300272461e-05
6.850000000000000533e-01 1.026851363484993174e+00 3.608874527205147356e-03 9.828456240227497463e-06 1.461319341239380292e-05
6.900000000000000577e-01 1.027353759898360641e+00 3.696430685060238686e-03 1.027093998752433763e-05 1.526914144832337649e-05
6.950000000000000622e-01 1.027860310608740946e+00 3.785562074476932562e-03 1.072999735367634798e-05 1.594954375688912397e-05
7.000000000000000666e-01 1.028371002292754355e+00 3.876289067240905762e-03 1.120613080999073082e-05 1.665513592845713849e-05
7.049999999999999600e-01 1.028885821702690384e+00 3.968631957937593206e-03 1.169984545773744406e-05 1.738665692115906074e-05
7.099999999999999645e-01 1.029404755665387139e+00 4.062611426606950980e-03 1.221166669323288800e-05 1.814487535263809286e-05
7.149999999999999689e-01 1.029927791081118427e+00 4.158248468228212084e-03 1.274212818963236518e-05 1.893057158834223977e-05
7.199999999999999734e-01 1.030454914922495746e+00 4.255564259118222413e-03 1.329177364659753331e-05 1.974454034010578830e-05
7.249999999999999778e-01 1.030986114233377604e+00 4.354579876255124798e-03 1.386116059130879373e-05 2.058759625429246206e-05
7.299999999999999822e-01 1.031521376127789047e+00 4.455317201699726670e-03 1.445086290964503001e-05 2.146057778979972339e-05
7.349999999999999867e-01 1.032060687788854958e+00 4.557797272206920783e-03 1.506145897716664047e-05 2.236432929851977890e-05
7.399999999999999911e-01 1.032604036467738684e+00 4.662042818386796621e-03 1.569354794048884348e-05 2.329972552542448297e-05
7.449999999999999956e-01 1.033151409482594651e+00 4.768075655208558507e-03 1.634773564323277990e-05 2.426765040527610156e-05
7.500000000000000000e-01 1.033702794217528753e+00 4.875917858893210471e-03 1.702464509093390581e-05 2.526901275194720137e-05
7.550000000000000044e-01 1.034258178121568061e+00 4.985592206450427562e-03 1.772491278203737141e-05 2.630474069407150772e-05
7.600000000000000089e-01 1.034817548707643198e+00 5.097121750405759696e-03 1.844918641947338668e-05 2.737577830643620459e-05
7.650000000000000133e-01 1.035380893551575587e+00 5.210529236810595641e-03 1.919812961608120241e-05 2.848309260999390069e-05
7.700000000000000178e-01 1.035948200291078702e+00 5.325837866602071285e-03 1.997241997932996013e-05 2.962767056275115204e-05
7.750000000000000222e-01 1.036519456624765523e+00 5.443071234370186300e-03 2.077274201913543658e-05 3.081050870349370834e-05
7.800000000000000266e-01 1.037094650311166655e+00 5.562253165936299065e-03 2.159981375382955663e-05 3.203265245924627946e-05
7.850000000000000311e-01 1.037673769167756666e+00 5.683407186945439726e-03 2.245434103762067863e-05 3.329512839870221215e-05
7.900000000000000355e-01 1.038256801069989743e+00 5.806557663783130409e-03 2.333706895317895865e-05 3.459902050805310612e-05
7.950000000000000400e-01 1.038843733950345127e+00 5.931729050505559972e-03 2.424874278237431317e-05 3.594541222175113437e-05
8.000000000000000444e-01 1.039434555797379867e+00 6.058945876053417785e-03 2.519013311779609427e-05 3.733542364006863022e-05
8.050000000000000488e-01 1.040029254654790458e+00 6.188233207433993174e-03 2.616201540350639998e-05 3.877018109419300964e-05
8.100000000000000533e-01 1.040627818620484257e+00 6.319615272373470781e-03 2.716519163278494935e-05 4.025084951899580787e-05
8.150000000000000577e-01 1.041230235845658436e+00 6.453118765500451097e-03 2.820046845896368904e-05 4.177859970204399751e-05
8.200000000000000622e-01 1.041836494533886492e+00 6.588768067142835617e-03 2.926867977511980501e-05 4.335464189529105572e-05
8.250000000000000666e-01 1.042446582940215416e+00 6.726589570769446295e-03 3.037066428017163984e-05 4.498019247838578211e-05
8.300000000000000711e-01 1.043060489370268407e+00 6.866609203346268724e-03 3.150729481568250210e-05 4.665651751746278443e-05
8.349999999999999645e-01 1.043678202179357140e+00 7.008853205214283719e-03 3.267944939271896375e-05 4.838488962346887510e-05
8.399999999999999689e-01 1.044299709771603135e+00 7.153347905447844310e-03 3.388801689878747541e-05 5.016659633089297105e-05
8.449999999999999734e-01 1.044925000599063569e+00 7.300121070579464709e-03 3.513391541177390701e-05 5.200296758641016547e-05
8.499999999999999778e-01 1.045554063160868408e+00 7.449198193671189953e-03 3.641807447158684535e-05 5.389534907754138672e-05
8.549999999999999822e-01 1.046186886002363758e+00 7.600608138184954815e-03 3.774144746705593165e-05 5.584512071828431169e-05
8.599999999999999867e-01 1.046823457714263217e+00 7.754377388376029918e-03 3.910500638326265809e-05 5.785368877463846281e-05
8.649999999999999911e-01 1.047463766931806317e+00 7.910533824749368600e-03 4.050972116873678312e-05 5.992245513825220050e-05
8.699999999999999956e-01 1.048107802333925420e+00 8.069105856284194619e-03 4.195661366432877366e-05 6.205289760866217045e-05
8.750000000000000000e-01 1.048755552642418598e+00 8.230122047839365587e-03 4.344670445739565314e-05 6.424649081106450111e-05
8.800000000000000044e-01 1.049407006621131844e+00 8.393610679002924332e-03 4.498102583292469552e-05 6.650472504047428570e-05
8.850000000000000089e-01 1.050062153075147497e+00 8.559600316978553322e-03 4.656065039198683039e-05 6.882914948695714285e-05
8.900000000000000133e-01 1.050720980849978670e+00 8.728120175270146289e-03 4.818666337385414867e-05 7.122133031268929775e-05
8.950000000000000178e-01 1.051383478830772988e+00 8.899200353716621437e-03 4.986015496476410466e-05 7.368283978119914647e-05
9.000000000000000222e-01 1.052049635941522787e+00 9.072869925541115002e-03 5.158225771572139844e-05 7.621531131825509838e-05
9.050000000000000266e-01 1.052719441144281065e+00 9.249158843998942295e-03 5.335410912525472189e-05 7.882038434359244167e-05
9.100000000000000311e-01 1.053392883438386107e+00 9.428097103145703650e-03 5.517688315745085192e-05 8.149975086395532225e-05
9.150000000000000355e-01 1.054069951859691656e+00 9.609715756523732125e-03 5.705175089205538239e-05 8.425509663216482030e-05
9.200000000000000400e-01 1.054750635479804632e+00 9.794045250237403202e-03 5.897992802617370853e-05 8.708817225556311574e-05
9.250000000000000444e-01 1.055434923405329073e+00 9.981117122019289925e-03 6.096264418678500020e-05 9.000074743587250473e-05
9.300000000000000488e-01 1.056122804777117841e+00 1.017096150508321577e-02 6.300114197913296099e-05 9.299460890004506081e-05
9.350000000000000533e-01 1.056814268769528553e+00 1.036361117574348574e-02 6.509669424292602021e-05 9.607158693294576290e-05
9.400000000000000577e-01 1.057509304589689725e+00 1.055909720963704029e-02 6.725060478610077883e-05 9.923355581454375339e-05
9.450000000000000622e-01 1.058207901476769797e+00 1.075745267718479330e-02 6.946418280641155328e-05 1.024823959520106934e-04
9.500000000000000666e-01 1.058910048701254603e+00 1.095870929190267441e-02 7.173876849030754648e-05 1.058200316572384354e-04
9.550000000000000711e-01 1.059615735564230832e+00 1.116290059563762420e-02 7.407573434565305052e-05 1.092484334362471749e-04
9.599999999999999645e-01 1.060324951396675930e+00 1.137005861115976402e-02 7.647645857156920373e-05 1.127695783739809688e-04
9.649999999999999689e-01 1.061037685558753330e+00 1.158021750086218014e-02 7.894236056137635994e-05 1.163855021191655326e-04
9.699999999999999734e-01 1.061753927439116119e+00 1.179341083932066575e-02 8.147486572993196952e-05 1.200982476650018163e-04
9.749999999999999778e-01 1.062473666454213594e+00 1.200967202650699353e-02 8.407545179335268579e-05 1.239099335421858924e-04
9.799999999999999822e-01 1.063196892047607145e+00 1.222903571121031555e-02 8.674560259679124283e-05 1.278226846470570486e-04
9.849999999999999867e-01 1.063923593689290348e+00 1.245153700067829286e-02 8.948681641400118561e-05 1.318386453976751432e-04
9.899999999999999911e-01 1.064653760875015509e+00 1.267720948537135427e-02 9.230063657946263925e-05 1.359600247754685887e-04
9.949999999999999956e-01 1.065387383125626419e+00 1.290608935975494712e-02 9.518861150545855827e-05 1.401890366100639750e-04
1.000000000000000000e+00 1.066124449986396217e+00 1.313821235344733544e-02 9.815235665380949077e-05 1.445279925341714220e-04
1.005000000000000115e+00 1.066864951026373021e+00 1.337363316521286184e-02 1.011936962065487560e-04 1.489795267452726825e-04
1.010000000000000009e+00 1.067608875837728233e+00 1.361236954375334880e-02 1.043140511207747999e-04 1.535456420745820547e-04
1.015000000000000124e+00 1.068356214035114826e+00 1.385445818135652013e-02 1.075151400504540387e-04 1.582287961681169794e-04
1.020000000000000018e+00 1.069106955255026969e+00 1.409993455106474565e-02 1.107986001863715142e-04 1.630313222983216894e-04
1.024999999999999911e+00 1.069861089155168976e+00 1.434883720395929707e-02 1.141662057484306669e-04 1.679557541270343521e-04
1.030000000000000027e+00 1.070618605413826918e+00 1.460120316968612462e-02 1.176196704001384382e-04 1.730045334775511554e-04
1.034999999999999920e+00 1.071379493729249344e+00 1.485707100050874530e-02 1.211608258949763085e-04 1.781802744825946173e-04
1.040000000000000036e+00 1.072143743819029771e+00 1.511647620912623044e-02 1.247914176062379932e-04 1.834854597258718685e-04
1.044999999999999929e+00 1.072911345419497398e+00 1.537946041726918206e-02 1.285133597538802715e-04 1.889228198217807251e-04
1.050000000000000044e+00 1.073682288285112474e+00 1.564606037880317616e-02 1.323284540052323320e-04 1.944949154530205705e-04
1.054999999999999938e+00 1.074456562187866782e+00 1.591631467716305565e-02 1.362386508786205647e-04 2.002045249848470945e-04
1.060000000000000053e+00 1.075234156916690775e+00 1.619026464894827988e-02 1.402458588655928454e-04 2.060543613212199355e-04
1.064999999999999947e+00 1.076015062276864054e+00 1.646794921092016931e-02 1.443520654495186240e-04 2.120472515377106208e-04
1.070000000000000062e+00 1.076799268089433603e+00 1.674940727868156135e-02 1.485592134487995545e-04 2.181859533259120261e-04
1.074999999999999956e+00 1.077586764190635593e+00 1.703468144391550101e-02 1.528693519193566417e-04 2.244733782121956559e-04
1.080000000000000071e+00 1.078377540431322945e+00 1.732381000965121237e-02 1.572845366815420827e-04 2.309124447319959683e-04
1.084999999999999964e+00 1.079171586676399119e+00 1.761683650541931781e-02 1.618068816074499548e-04 2.375061545568744729e-04
1.090000000000000080e+00 1.079968892804255898e+00 1.791380170705267338e-02 1.664384792000955196e-04 2.442574736065171253e-04
1.094999999999999973e+00 1.080769448706216718e+00 1.821474578990684573e-02 1.711814537778579134e-04 2.511694111082252959e-04
1.100000000000000089e+00 1.081573244285985780e+00 1.851971199826946829e-02 1.760380436642317058e-04 2.582451430720751747e-04
1.104999999999999982e+00 1.082380269459101152e+00 1.882874417844526346e-02 1.810104675080844946e-04 2.654878108051880324e-04
1.110000000000000098e+00 1.083190514152395201e+00 1.914188375924760765e-02 1.861009479539773020e-04 2.729005597135552002e-04
1.114999999999999991e+00 1.084003968303457022e+00 1.945917490279085171e-02 1.913117688187771404e-04 2.804866209769938225e-04
1.120000000000000107e+00 1.084820621860102863e+00 1.978065937805518343e-02 1.966452784926659249e-04 2.882493172275571816e-04
1.125000000000000000e+00 1.085640464779849657e+00 2.010638317749416717e-02 2.021038297198646185e-04 2.961919744088738573e-04
1.130000000000000115e+00 1.086463487029394992e+00 2.043638992088948544e-02 2.076898424800158681e-04 3.043180145786833490e-04
1.135000000000000009e+00 1.087289678584100638e+00 2.077072382533989153e-02 2.134056792667900942e-04 3.126307686156454073e-04
1.140000000000000124e+00 1.088119029427482509e+00 2.110943090892590177e-02 2.192538921105855821e-04 3.211338464040242101e-04
1.145000000000000018e+00 1.088951529550704622e+00 2.145255602817408569e-02 2.252369147975847121e-04 3.298306759310115524e-04
1.150000000000000133e+00 1.089787168952079055e+00 2.180014588166132375e-02 2.313573105468870483e-04 3.387248749754796480e-04
1.155000000000000027e+00 1.090625937636568565e+00 2.215224530129513217e-02 2.376176816706328894e-04 3.478201130706515157e-04
1.159999999999999920e+00 1.091467825615297427e+00 2.250890159159588469e-02 2.440206015624907232e-04 3.571200125116470421e-04
1.165000000000000036e+00 1.092312822905064262e+00 2.287016208269605083e-02 2.505687809586186867e-04 3.666283964558504898e-04
1.169999999999999929e+00 1.093160919527861763e+00 2.323607288421148179e-02 2.572648354024143955e-04 3.763489404722285053e-04
1.175000000000000044e+00 1.094012105510399513e+00 2.360668375685453721e-02 2.641115869626613970e-04 3.862856213297322853e-04
1.179999999999999938e+00 1.094866370883633921e+00 2.398204144171041732e-02 2.711117631353059110e-04 3.964422716419494365e-04
1.185000000000000053e+00 1.095723705682299487e+00 2.436219449691219216e-02 2.782681973509459417e-04 4.068228751043689493e-04
1.189999999999999947e+00 1.096584099944449830e+00 2.474719216022708626e-02 2.855836938911389985e-04 4.174313687765912498e-04
1.195000000000000062e+00 1.097447543710998508e+00 2.513708420159932455e-02 2.930612032145445351e-04 4.282718995213279545e-04
1.199999999999999956e+00 1.098314027025267592e+00 2.553192045640661351e-02 3.007036826283838700e-04 4.393486195011525207e-04
1.205000000000000071e+00 1.099183539932540254e+00 2.593174892649357383e-02 3.085140201017737283e-04 4.506655736229914417e-04
1.209999999999999964e+00 1.100056072479618674e+00 2.633662252582078325e-02 3.164953289374007801e-04 4.622271349328913623e-04
1.215000000000000080e+00 1.100931614714385054e+00 2.674659168769505033e-02 3.246506178950972878e-04 4.740375154654444863e-04
1.219999999999999973e+00 1.101810156685369746e+00 2.716170750807208462e-02 3.329830495898571975e-04 4.861011501009345165e-04
1.225000000000000089e+00 1.102691688441321372e+00 2.758202169053904432e-02 3.414956766984139202e-04 4.984223044865405744e-04
1.229999999999999982e+00 1.103576200030784493e+00 2.800758595160121600e-02 3.501918292064908197e-04 5.110056506944378159e-04
1.235000000000000098e+00 1.104463681501680172e+00 2.843845445951805398e-02 3.590746859227079806e-04 5.238556291685216894e-04
1.239999999999999991e+00 1.105354122900890967e+00 2.887467892364276381e-02 3.681474668570243231e-04 5.369767367372433589e-04
1.245000000000000107e+00 1.106247514273852595e+00 2.931631232324466083e-02 3.774135994559337849e-04 5.503737713649480955e-04
1.250000000000000000e+00 1.107143845664148030e+00 2.976341072449533234e-02 3.868764767448084805e-04 5.640514723543573264e-04
1.255000000000000115e+00 1.108043107113107384e+00 3.021602519793088401e-02 3.965393697798735026e-04 5.780143933906817504e-04
1.260000000000000009e+00 1.108945288659413109e+00 3.067421369151295679e-02 4.064059314725244204e-04 5.922676472657661039e-04
1.265000000000000124e+00 1.109850380338708309e+00 3.113803101001396886e-02 4.164796090328958737e-04 6.068160348971575772e-04
1.270000000000000018e+00 1.110758372183210829e+00 3.160753079350046846e-02 4.267639817463443554e-04 6.216645454427965770e-04
1.275000000000000133e+00 1.111669254221331116e+00 3.208276969636742609e-02 4.372626787792874997e-04 6.368182377505008599e-04
1.280000000000000027e+00 1.112583016477296738e+00 3.256380446144186563e-02 4.479793750525123638e-04 6.522822306980269932e-04
1.284999999999999920e+00 1.113499648970778022e+00 3.305069117769614262e-02 4.589177056463478155e-04 6.680615739970274932e-04
1.290000000000000036e+00 1.114419141716522343e+00 3.354349084631970401e-02 4.700814432384096942e-04 6.841615184800892363e-04
1.294999999999999929e+00 1.115341484723989307e+00 3.404225588528115437e-02 4.814745974155278194e-04 7.005876536754564480e-04
1.300000000000000044e+00 1.116266667996994588e+00 3.454704857231007120e-02 4.931007626933779685e-04 7.173449541404161665e-04
1.304999999999999938e+00 1.117194681533353773e+00 3.505792564012366608e-02 5.049640526162079389e-04 7.344391474217667765e-04
1.310000000000000053e+00 1.118125515324534858e+00 3.557494692501076555e-02 5.170684456463043406e-04 7.518757589773079160e-04
1.314999999999999947e+00 1.119059159355313193e+00 3.609817347525588055e-02 5.294178754989960168e-04 7.696602393907192976e-04
1.320000000000000062e+00 1.119995603603431533e+00 3.662766145436790327e-02 5.420164217578015168e-04 7.877982472976526604e-04
1.324999999999999956e+00 1.120934838039265857e+00 3.716347558143973107e-02 5.548682182206422136e-04 8.062955095096116433e-04
1.330000000000000071e+00 1.121876852625492305e+00 3.770567699685261481e-02 5.679775523777285187e-04 8.251579791030203134e-04
1.334999999999999964e+00 1.122821637316764765e+00 3.825432061996576066e-02 5.813486700938452984e-04 8.443915338578546247e-04
1.340000000000000080e+00 1.123769182059389804e+00 3.880947860143724171e-02 5.949856595643279820e-04 8.640018128905251667e-04
1.344999999999999973e+00 1.124719476791012696e+00 3.937120346521075925e-02 6.088930801116476752e-04 8.839951437837748668e-04
1.350000000000000089e+00 1.125672511440304557e+00 3.993956495080888680e-02 6.230753391914638228e-04 9.043776163838409318e-04
1.354999999999999982e+00 1.126628275926654377e+00 4.051462536270281772e-02 6.375367949260472584e-04 9.251552478930076496e-04
1.360000000000000098e+00 1.127586760159866808e+00 4.109644585492681912e-02 6.522820745212513796e-04 9.463344344294193685e-04
1.364999999999999991e+00 1.128547954039863965e+00 4.168509252550622185e-02 6.673157558974272558e-04 9.679214984653427374e-04
1.370000000000000107e+00 1.129511847456391438e+00 4.228062893806045636e-02 6.826423644441166096e-04 9.899226722095814685e-04
1.375000000000000000e+00 1.130478430288730518e+00 4.288312240259514047e-02 6.982667010187677869e-04 1.012344584767699849e-03
1.380000000000000115e+00 1.131447692405412875e+00 4.349264024546631302e-02 7.141935199985963850e-04 1.035193786486402487e-03
1.385000000000000009e+00 1.132419623663941444e+00 4.410924366209349051e-02 7.304277472195697118e-04 1.058477076494893912e-03
1.390000000000000124e+00 1.133394213910515980e+00 4.473300241924050430e-02 7.469741419160839946e-04 1.082200992008364084e-03
1.395000000000000018e+00 1.134371452979762385e+00 4.536398509966907411e-02 7.638376344720539547e-04 1.106372321427174805e-03
1.400000000000000133e+00 1.135351330694467364e+00 4.600225901031899933e-02 7.810233349130598973e-04 1.130998097621295842e-03
1.405000000000000027e+00 1.136333836865317526e+00 4.664789036757936019e-02 7.985363017973704869e-04 1.156085277545895176e-03
1.409999999999999920e+00 1.137318961290643582e+00 4.730094773711969458e-02 8.163815298600960411e-04 1.181640708644933393e-03
1.415000000000000036e+00 1.138306693756168331e+00 4.796150707148076620e-02 8.345644422843330598e-04 1.207671862764401593e-03
1.419999999999999929e+00 1.139297024034760630e+00 4.862962837603126282e-02 8.530901612558021473e-04 1.234185750625386557e-03
1.425000000000000044e+00 1.140289941886192482e+00 4.930539018396730422e-02 8.719641197181988166e-04 1.261189839532106611e-03
1.429999999999999938e+00 1.141285437056903218e+00 4.998885861512697426e-02 8.911915641733556557e-04 1.288691306266128789e-03
1.435000000000000053e+00 1.142283499279765024e+00 5.068010725042286502e-02 9.107781883184166332e-04 1.316697979469761293e-03
1.439999999999999947e+00 1.143284118273856675e+00 5.137920964285939973e-02 9.307293666794122424e-04 1.345217201169468134e-03
1.445000000000000062e+00 1.144287283744239936e+00 5.208623322801718414e-02 9.510506703453287759e-04 1.374256595839617795e-03
1.449999999999999956e+00 1.145292985381740625e+00 5.280125654874816277e-02 9.717478679860352790e-04 1.403824065945656618e-03
1.455000000000000071e+00 1.146301212862736563e+00 5.352435195384498690e-02 9.928266633406534949e-04 1.433927412190354536e-03
1.459999999999999964e+00 1.147311955848947074e+00 5.425559060812162188e-02 1.014292964485991695e-03 1.464574710944550363e-03
1.465000000000000080e+00 1.148325203987230259e+00 5.499504979030794827e-02 1.036152483055008356e-03 1.495773751521454163e-03
1.469999999999999973e+00 1.149340946909383598e+00 5.574280441033258038e-02 1.058411263022730102e-03 1.527532800218879506e-03
1.475000000000000089e+00 1.150359174231948334e+00 5.649893051658441689e-02 1.081075427480077946e-03 1.559860222339219888e-03
1.479999999999999982e+00 1.151379875556021837e+00 5.726350301330692533e-02 1.104150891959074883e-03 1.592764054182960621e-03
1.485000000000000098e+00 1.152403040467071982e+00 5.803660043549487696e-02 1.127643920399450670e-03 1.626252858342578560e-03
1.489999999999999991e+00 1.153428658534756623e+00 5.881829777794352759e-02 1.151560710453434187e-03 1.660335069069841622e-03
1.495000000000000107e+00 1.154456719312749513e+00 5.960867722621511489e-02 1.175907674009205560e-03 1.695019429521959315e-03
1.500000000000000000e+00 1.155487212338569769e+00 6.040781377187978696e-02 1.200691157803193947e-03 1.730314562600035510e-03
1.505000000000000115e+00 1.156520127133416675e+00 6.121578723266647010e-02 1.225917725386808108e-03 1.766229417303588406e-03
1.510000000000000009e+00 1.157555453202008700e+00 6.203267993960969590e-02 1.251593722985508330e-03 1.802772591454596032e-03
1.515000000000000124e+00 1.158593180032429393e+00 6.285856924807191326e-02 1.277726016035578543e-03 1.839953445350452771e-03
1.520000000000000018e+00 1.159633297095975069e+00 6.369353757704723784e-02 1.304320944714804521e-03 1.877780543198079299e-03
1.525000000000000133e+00 1.160675793847010029e+00 6.453766722223107377e-02 1.331385842282033216e-03 1.916263899516831111e-03
1.530000000000000027e+00 1.161720659722826676e+00 6.539103565398859952e-02 1.358927200425960342e-03 1.955412289167551138e-03
1.535000000000000142e+00 1.162767884143507846e+00 6.625373011420668257e-02 1.386952053732376511e-03 1.995235248926336292e-03
1.540000000000000036e+00 1.163817456511797577e+00 6.712583550231283891e-02 1.415467194193367230e-03 2.035741960562427975e-03
1.544999999999999929e+00 1.164869366212974766e+00 6.800742921830056631e-02 1.444480459348494077e-03 2.076943118696638387e-03
1.550000000000000044e+00 1.165923602614732379e+00 6.889859865061563615e-02 1.473998160075148901e-03 2.118847172755830999e-03
1.554999999999999938e+00 1.166980155067061542e+00 6.979943111744275897e-02 1.504027976703398509e-03 2.161464544115096822e-03
1.560000000000000053e+00 1.168039012902141183e+00 7.071000656520746996e-02 1.534577350812410881e-03 2.204805320113125029e-03
1.564999999999999947e+00 1.169100165434231231e+00 7.163041971537056907e-02 1.565653478991973439e-03 2.248879192513268850e-03
1.570000000000000062e+00 1.170163601959574473e+00 7.256075057131119999e-02 1.597264307195359143e-03 2.293696944352403150e-03
1.574999999999999956e+00 1.171229311756297298e+00 7.350108892883501499e-02 1.629416856356160747e-03 2.339267981487486246e-03
1.580000000000000071e+00 1.172297284084322211e+00 7.445152716896918932e-02 1.662119243980865555e-03 2.385603299901864222e-03
1.584999999999999964e+00 1.173367508185281460e+00 7.541214765274663334e-02 1.695379346380763378e-03 2.432713537505146271e-03
1.590000000000000080e+00 1.174439973282435989e+00 7.638303546167768410e-02 1.729204774068374964e-03 2.480608910947584324e-03
1.594999999999999973e+00 1.175514668580601496e+00 7.736429271155569054e-02 1.763603566787761128e-03 2.529300273353531602e-03
1.600000000000000089e+00 1.176591583266077601e+00 7.835600676370352291e-02 1.798583864974850509e-03 2.578798570783474506e-03
1.604999999999999982e+00 1.177670706506583453e+00 7.935826026271507183e-02 1.834153891463176757e-03 2.629114893921887137e-03
1.610000000000000098e+00 1.178752027451198003e+00 8.037116023730284109e-02 1.870321601540160658e-03 2.680259893640706947e-03
1.614999999999999991e+00 1.179835535230304933e+00 8.139478194742792716e-02 1.907095767738077033e-03 2.732245426176065691e-03
1.620000000000000107e+00 1.180921218955544472e+00 8.242922995446499979e-02 1.944484150222284278e-03 2.785081823704951918e-03
1.625000000000000000e+00 1.182009067719768769e+00 8.347459432697690307e-02 1.982496088948116058e-03 2.838781723443825969e-03
1.630000000000000115e+00 1.183099070597002811e+00 8.453097239367304838e-02 2.021139512516082447e-03 2.893355686278698165e-03
1.635000000000000009e+00 1.184191216642411337e+00 8.559845400983107089e-02 2.060423586700484231e-03 2.948816053994333247e-03
1.640000000000000124e+00 1.185285494892271307e+00 8.667713663908849231e-02 2.100357191270153540e-03 3.005174736380873159e-03
1.645000000000000018e+00 1.186381894363947032e+00 8.776712008797570019e-02 2.140948519025969929e-03 3.062442624152226286e-03
1.650000000000000133e+00 1.187480404055874628e+00 8.886850421793379695e-02 2.182207424449770280e-03 3.120633003137866963e-03
1.655000000000000027e+00 1.188581012947548476e+00 8.998137655866610130e-02 2.224142677431414482e-03 3.179757578055857157e-03
1.660000000000000142e+00 1.189683709999514560e+00 9.110584433887224109e-02 2.266763149146144418e-03 3.239828172307542518e-03
1.665000000000000036e+00 1.190788484153369131e+00 9.224200503553987851e-02 2.310079009870948281e-03 3.300858475156595757e-03
1.669999999999999929e+00 1.191895324331762041e+00 9.338995600843336131e-02 2.354098502319152634e-03 3.362859351014628548e-03
1.675000000000000044e+00 1.193004219438406732e+00 9.454979964461020236e-02 2.398832434375521711e-03 3.425845396878660423e-03
1.679999999999999938e+00 1.194115158358093565e+00 9.572163094753888268e-02 2.444289219475055414e-03 3.489827676644593254e-03
1.685000000000000053e+00 1.195228129956711127e+00 9.690556708864835056e-02 2.490479474899553580e-03 3.554820500354462925e-03
1.689999999999999947e+00 1.196343123081270665e+00 9.810169568523795236e-02 2.537412655370077392e-03 3.620836359103952844e-03
1.695000000000000062e+00 1.197460126559938276e+00 9.931012408527559177e-02 2.585098737172512352e-03 3.687888603672796056e-03
1.699999999999999956e+00 1.198579129202069993e+00 1.005309620380783753e-01 2.633547371365566742e-03 3.755989991567954423e-03
1.705000000000000071e+00 1.199700119798254416e+00 1.017643095642356554e-01 2.682769623718119899e-03 3.825155387959799057e-03
1.709999999999999964e+00 1.200823087120360011e+00 1.030102715657504331e-01 2.732774918535366138e-03 3.895397219043717288e-03
1.715000000000000080e+00 1.201948019921588173e+00 1.042689530037279322e-01 2.783574101741237428e-03 3.966729944434006262e-03
1.719999999999999973e+00 1.203074906936531852e+00 1.055404636387956840e-01 2.835177237293763555e-03 4.039166881898972536e-03
1.725000000000000089e+00 1.204203736881238829e+00 1.068249085035072182e-01 2.887595407879704149e-03 4.112722819155244583e-03
1.729999999999999982e+00 1.205334498453282777e+00 1.081224072807376591e-01 2.940838891572084262e-03 4.187411321777998602e-03
1.735000000000000098e+00 1.206467180331836975e+00 1.094330550924292322e-01 2.994918527738276316e-03 4.263246775716092105e-03
1.739999999999999991e+00 1.207601771177756689e+00 1.107569618533273542e-01 3.049845748437031781e-03 4.340244413627572344e-03
1.745000000000000107e+00 1.208738259633664436e+00 1.120942522342278508e-01 3.105631158761029686e-03 4.418418191660701544e-03
1.750000000000000000e+00 1.209876634324042799e+00 1.134450264089267857e-01 3.162285944031473141e-03 4.497782934727294346e-03
1.755000000000000115e+00 1.211016883855332349e+00 1.148093892080227912e-01 3.219821401070637953e-03 4.578353585388967618e-03
1.760000000000000009e+00 1.212158996816034451e+00 1.161874754177002894e-01 3.278248947806434999e-03 4.660145263607823156e-03
1.765000000000000124e+00 1.213302961776821398e+00 1.175793801019720808e-01 3.337580119515129711e-03 4.743173191315375702e-03
1.770000000000000018e+00 1.214448767290650766e+00 1.189852230967859276e-01 3.397826564988311402e-03 4.827452754697921650e-03
1.775000000000000133e+00 1.215596401892885980e+00 1.204051242861293725e-01 3.459000056495636129e-03 4.912999495305678775e-03
1.780000000000000027e+00 1.216745854101423552e+00 1.218391887415349456e-01 3.521112987160567118e-03 4.999829860334725241e-03
1.785000000000000142e+00 1.217897112416823635e+00 1.232875411943529370e-01 3.584176367820284762e-03 5.087958188066169472e-03
1.790000000000000036e+00 1.219050165322449919e+00 1.247503065002943945e-01 3.648202829738064409e-03 5.177401223680076076e-03
1.794999999999999929e+00 1.220205001284612623e+00 1.262275848864678474e-01 3.713204625168021415e-03 5.268175086136256922e-03
1.800000000000000044e+00 1.221361608752716377e+00 1.277195109249393834e-01 3.779194139615524480e-03 5.360296090970845077e-03
1.804999999999999938e+00 1.222519976159418986e+00 1.292261898675077791e-01 3.846183339505268063e-03 5.453779887871138335e-03
1.810000000000000053e+00 1.223680091920789526e+00 1.307477613637494374e-01 3.914185912852675975e-03 5.548644639226917204e-03
1.814999999999999947e+00 1.224841944436477315e+00 1.322843353447634152e-01 3.983214086843027239e-03 5.644906323729945510e-03
1.820000000000000062e+00 1.226005522089884225e+00 1.338360318726934950e-01 4.053280745112295899e-03 5.742581827364769652e-03
1.824999999999999956e+00 1.227170813248343206e+00 1.354029758672914419e-01 4.124398345299933218e-03 5.841687462811145232e-03
1.830000000000000071e+00 1.228337806263303689e+00 1.369852921757343800e-01 4.196581117883370175e-03 5.942242047958213279e-03
1.834999999999999964e+00 1.229506489470522324e+00 1.385831106789900957e-01 4.269841795756658398e-03 6.044262143017413783e-03
1.840000000000000080e+00 1.230676851190258825e+00 1.401965514087139542e-01 4.344193762941886416e-03 6.147765324305967845e-03
1.844999999999999973e+00 1.231848879727479362e+00 1.418257441186152323e-01 4.419650561291994448e-03 6.252769328716998969e-03
1.850000000000000089e+00 1.233022563372064173e+00 1.434708139641606151e-01 4.496226417860537707e-03 6.359292798506450961e-03
1.854999999999999982e+00 1.234197890399023168e+00 1.451318807923363263e-01 4.573933995286316549e-03 6.467352161574186319e-03
1.860000000000000098e+00 1.235374849068715752e+00 1.468090942923282183e-01 4.652788370159389834e-03 6.576967264931074877e-03
1.864999999999999991e+00 1.236553427627077095e+00 1.485025648355790817e-01 4.732803624078329649e-03 6.688156513095139082e-03
1.870000000000000107e+00 1.237733614305851271e+00 1.502124270177835619e-01 4.813992787190259602e-03 6.800936719816796060e-03
1.875000000000000000e+00 1.238915397322829737e+00 1.519388208306767241e-01 4.896371975395636712e-03 6.915329183892842367e-03
1.880000000000000115e+00 1.240098764882095139e+00 1.536818713243235657e-01 4.979954488714416136e-03 7.031351056512650383e-03
1.885000000000000009e+00 1.241283705174272667e+00 1.554417132858103012e-01 5.064754949909069243e-03 7.149021407078245439e-03
1.890000000000000124e+00 1.242470206376787178e+00 1.572184866306648998e-01 5.150789337361853099e-03 7.268361155349915316e-03
1.895000000000000018e+00 1.243658256654124994e+00 1.590123114179533004e-01 5.238071344912584998e-03 7.389387990766475671e-03
1.900000000000000133e+00 1.244847844158103012e+00 1.608233425331951627e-01 5.326617248108467435e-03 7.512123257689509379e-03
1.905000000000000027e+00 1.246038957028144711e+00 1.626517048863914960e-01 5.416441017889036744e-03 7.636584868891951525e-03
1.910000000000000142e+00 1.247231583391559262e+00 1.644975383987436757e-01 5.507558603414066181e-03 7.762793690693114285e-03
1.915000000000000036e+00 1.248425711363831514e+00 1.663609780943643979e-01 5.599986137044288617e-03 7.890770737655755998e-03
1.919999999999999929e+00 1.249621329048912655e+00 1.682421737309643950e-01 5.693739902272066701e-03 8.020537234843637051e-03
1.925000000000000044e+00 1.250818424539521745e+00 1.701412603000470869e-01 5.788832472718410255e-03 8.152108967853526414e-03
1.929999999999999938e+00 1.252016985917450365e+00 1.720583680727268971e-01 5.885284310532673535e-03 8.285513132979470743e-03
1.935000000000000053e+00 1.253217001253874363e+00 1.739936564719283263e-01 5.983108248077762328e-03 8.420765874238282656e-03
1.939999999999999947e+00 1.254418458609672937e+00 1.759472607854405402e-01 6.082322499620591676e-03 8.557891028925210947e-03
1.945000000000000062e+00 1.255621346035752151e+00 1.779193257510270909e-01 6.182941458740541171e-03 8.696906915348513040e-03
1.949999999999999956e+00 1.256825651573374891e+00 1.799100062770948860e-01 6.284985017267085208e-03 8.837839722508259929e-03
1.955000000000000071e+00 1.258031363254499713e+00 1.819194325315338367e-01 6.388466525137324013e-03 8.980706256212936042e-03
1.959999999999999964e+00 1.259238469102119673e+00 1.839477543111988078e-01 6.493406226700051270e-03 9.125533078458371652e-03
1.965000000000000080e+00 1.260446957130616275e+00 1.859951216183471923e-01 6.599817727175461349e-03 9.272337229592485935e-03
1.969999999999999973e+00 1.261656815346111182e+00 1.880616844574280189e-01 6.707721642780477105e-03 9.421145802251675375e-03
1.975000000000000089e+00 1.262868031746829489e+00 1.901476023751440536e-01 6.817133233385473667e-03 9.571978154362408356e-03
1.979999999999999982e+00 1.264080594323466533e+00 1.922530158312880377e-01 6.928070690135230796e-03 9.724857861987023372e-03
1.985000000000000098e+00 1.265294491059563597e+00 1.943780744569071073e-01 7.040552382621544092e-03 9.879808582287579605e-03
1.989999999999999991e+00 1.266509709931886274e+00 1.965229381540415377e-01 7.154595431774964445e-03 1.003685220075412922e-02
1.995000000000000107e+00 1.267726238910813485e+00 1.986877570350269184e-01 7.270218536538179503e-03 1.019601297058528658e-02
2.000000000000000000e+00 1.268944065960727619e+00 2.008726711684651611e-01 7.387440587750615864e-03 1.035731512304104325e-02
2.004999999999999893e+00 1.270163179040415979e+00 2.030778700272377613e-01 7.506277706509899630e-03 1.052077910556903188e-02
2.010000000000000231e+00 1.271383566103475360e+00 2.053034839778828113e-01 7.626750582946132187e-03 1.068643174439559002e-02
2.015000000000000124e+00 1.272605215098723486e+00 2.075496826737921185e-01 7.748878639782977307e-03 1.085429812064810096e-02
2.020000000000000018e+00 1.273828113970618237e+00 2.098166064355666549e-01 7.872678456375481817e-03 1.102439902362269651e-02
2.024999999999999911e+00 1.275052250659680864e+00 2.121044448225735679e-01 7.998171294333973960e-03 1.119676211432308818e-02
2.030000000000000249e+00 1.276277613102927866e+00 2.144133379348824309e-01 8.125375574488277047e-03 1.137141068873213229e-02
2.035000000000000142e+00 1.277504189234306420e+00 2.167434556344081109e-01 8.254309871852539421e-03 1.154836851961175623e-02
2.040000000000000036e+00 1.278731966985139357e+00 2.190949580159151366e-01 8.384996019336066198e-03 1.172766381767726025e-02
2.044999999999999929e+00 1.279960934284574359e+00 2.214680048657397538e-01 8.517452968638008354e-03 1.190932067373864922e-02
2.049999999999999822e+00 1.281191079060038929e+00 2.238627662528607232e-01 8.651701378859903008e-03 1.209336551371777146e-02
2.055000000000000160e+00 1.282422389237703575e+00 2.262794120038999768e-01 8.787758932236287845e-03 1.227982049920734765e-02
2.060000000000000053e+00 1.283654852742951435e+00 2.287180922536211081e-01 8.925648240947403958e-03 1.246871495187273741e-02
2.064999999999999947e+00 1.284888457500850345e+00 2.311790064843149417e-01 9.065390550083455776e-03 1.266007594211055430e-02
2.069999999999999840e+00 1.286123191436637780e+00 2.336622952350371207e-01 9.207005652851788999e-03 1.285392854662174497e-02
2.075000000000000178e+00 1.287359042476205584e+00 2.361681381609390951e-01 9.350513517110546624e-03 1.305029805072228412e-02
2.080000000000000071e+00 1.288595998546594679e+00 2.386967248577606115e-01 9.495937589131924969e-03 1.324921456767810292e-02
2.084999999999999964e+00 1.289834047576496001e+00 2.412481958648239333e-01 9.643298192805812782e-03 1.345070395573933625e-02
2.089999999999999858e+00 1.291073177496757207e+00 2.438227407947861913e-01 9.792615865737309272e-03 1.365479196207798444e-02
2.095000000000000195e+00 1.292313376240894485e+00 2.464205298128184785e-01 9.943912952367593705e-03 1.386150718985359846e-02
2.100000000000000089e+00 1.293554631745612582e+00 2.490417624267173557e-01 1.009721374240933611e-02 1.407088077529977839e-02
2.104999999999999982e+00 1.294796931951329721e+00 2.516865790406345171e-01 1.025253588387403658e-02 1.428293437413969726e-02
2.109999999999999876e+00 1.296040264802710951e+00 2.543551793300468100e-01 1.040990579175709620e-02 1.449770225843358129e-02
2.115000000000000213e+00 1.297284618249205046e+00 2.570477433592949223e-01 1.056934491500896578e-02 1.471521122497527166e-02
2.120000000000000107e+00 1.298529980245588522e+00 2.597644409524118569e-01 1.073087488533057583e-02 1.493548861241487079e-02
2.125000000000000000e+00 1.299776338752518745e+00 2.625054621411891387e-01 1.089451927011216882e-02 1.515856434792214012e-02
2.129999999999999893e+00 1.301023681737088600e+00 2.652709768108303945e-01 1.106030187255374435e-02 1.538446856570863108e-02
2.135000000000000231e+00 1.302271997173391371e+00 2.680612045268019328e-01 1.122824489008802766e-02 1.561322918638993057e-02
2.140000000000000124e+00 1.303521273043090511e+00 2.708762761627171445e-01 1.139837251206897613e-02 1.584487678509640188e-02
2.145000000000000018e+00 1.304771497335994956e+00 2.737164306612247522e-01 1.157070916664854586e-02 1.607944232683213015e-02
2.149999999999999911e+00 1.306022658050641327e+00 2.765818284376856395e-01 1.174527762239635335e-02 1.631695439421639721e-02
2.155000000000000249e+00 1.307274743194883682e+00 2.794726494826906826e-01 1.192210274584856386e-02 1.655744440572323034e-02
2.160000000000000142e+00 1.308527740786487481e+00 2.823891133600279768e-01 1.210120956032046009e-02 1.680094390488945724e-02
2.165000000000000036e+00 1.309781638853730668e+00 2.853313803037921814e-01 1.228262146230437064e-02 1.704748224452568364e-02
2.169999999999999929e+00 1.311036425436011399e+00 2.882996699952261044e-01 1.246636392157666161e-02 1.729709151099835182e-02
2.175000000000000266e+00 1.312292088584462002e+00 2.912941626680308760e-01 1.265246264881425727e-02 1.754980419143935613e-02
2.180000000000000160e+00 1.313548616362568033e+00 2.943150381556454143e-01 1.284094165407197174e-02 1.780565026493428557e-02
2.185000000000000053e+00 1.314805996846795111e+00 2.973625163402686122e-01 1.303182705096163699e-02 1.806466248697360250e-02
2.189999999999999947e+00 1.316064218127219965e+00 3.004367870327286916e-01 1.322514519466562975e-02 1.832687417801863797e-02
2.194999999999999840e+00 1.317323268308171258e+00 3.035380402925261789e-01 1.342092073654754109e-02 1.859231589287248243e-02
2.200000000000000178e+00 1.318583135508872406e+00 3.066664959754226705e-01 1.361918046758655090e-02 1.886102146671470373e-02
2.205000000000000071e+00 1.319843807864092611e+00 3.098223439668909562e-01 1.381995140616108612e-02 1.913302472038742527e-02
2.209999999999999964e+00 1.321105273524805224e+00 3.130057839674130760e-01 1.402326085612121478e-02 1.940836003903630841e-02
2.214999999999999858e+00 1.322367520658849438e+00 3.162170065657027296e-01 1.422913224688253202e-02 1.968705604246854396e-02
2.220000000000000195e+00 1.323630537451601530e+00 3.194562409891796850e-01 1.443759531869824239e-02 1.996915049392224140e-02
2.225000000000000089e+00 1.324894312106648098e+00 3.227236874760648910e-01 1.464867805523750559e-02 2.025467827012512184e-02
2.229999999999999982e+00 1.326158832846469293e+00 3.260195558097329638e-01 1.486240656634150482e-02 2.054367196239565221e-02
2.234999999999999876e+00 1.327424087913126938e+00 3.293440359127706163e-01 1.507880930058253660e-02 2.083616709638225553e-02
2.240000000000000213e+00 1.328690065568957523e+00 3.326973479218749974e-01 1.529791278973787784e-02 2.113219615870710888e-02
2.245000000000000107e+00 1.329956754097271210e+00 3.360797213783605075e-01 1.551974594411264716e-02 2.143179580535527207e-02
2.250000000000000000e+00 1.331224141803060590e+00 3.394913364470386608e-01 1.574434002213544181e-02 2.173500518889182748e-02
2.254999999999999893e+00 1.332492217013710345e+00 3.429324427787417418e-01 1.597172014252518091e-02 2.204185477651306874e-02
2.260000000000000231e+00 1.333760968079716003e+00 3.464032403225487111e-01 1.620191590309031510e-02 2.235238181340041402e-02
2.265000000000000124e+00 1.335030383375409135e+00 3.499039193588692753e-01 1.643495935055587845e-02 2.266662638705991759e-02
2.270000000000000018e+00 1.336300451299685221e+00 3.534347589351315433e-01 1.667087625468885448e-02 2.298461970519032060e-02
2.274999999999999911e+00 1.337571160276742388e+00 3.569959298634657885e-01 1.690969914960790965e-02 2.330640303443367797e-02
2.280000000000000249e+00 1.338842498756821042e+00 3.605876515865774068e-01 1.715145420492441078e-02 2.363200781339909809e-02
2.285000000000000142e+00 1.340114455216953049e+00 3.642101642094167091e-01 1.739617674184818288e-02 2.396147897329208021e-02
2.290000000000000036e+00 1.341387018161716460e+00 3.678637070484686578e-01 1.764389339272643201e-02 2.429484867344778448e-02
2.294999999999999929e+00 1.342660176123993576e+00 3.715484804763067306e-01 1.789463777931541918e-02 2.463215905465183930e-02
2.300000000000000266e+00 1.343933917665737443e+00 3.752647044934671050e-01 1.814843928361241712e-02 2.497344632736125253e-02
2.305000000000000160e+00 1.345208231378743458e+00 3.790126385347368787e-01 1.840532744915683236e-02 2.531874617349784071e-02
2.310000000000000053e+00 1.346483105885426967e+00 3.827924828477239361e-01 1.866533672220289583e-02 2.566810235137786250e-02
2.314999999999999947e+00 1.347758529839606201e+00 3.866044968058575670e-01 1.892849718698833353e-02 2.602155141720613810e-02
2.319999999999999840e+00 1.349034491927291413e+00 3.904488808196086014e-01 1.919484149719328028e-02 2.637913354466989158e-02
2.325000000000000178e+00 1.350310980867478472e+00 3.943258942581154280e-01 1.946440256851966408e-02 2.674088982546925231e-02
2.330000000000000071e+00 1.351587985412951776e+00 3.982357574229894448e-01 1.973721125398853610e-02 2.710685750066146871e-02
2.334999999999999964e+00 1.352865494351088493e+00 4.021787100416345795e-01 2.001330095915002452e-02 2.747707823743695058e-02
2.339999999999999858e+00 1.354143496504671029e+00 4.061550116480918127e-01 2.029270543373836236e-02 2.785159323544927901e-02
2.345000000000000195e+00 1.355421980732705700e+00 4.101648822993300136e-01 2.057545866396347928e-02 2.823044486504900849e-02
2.350000000000000089e+00 1.356700935931243857e+00 4.142085421308640547e-01 2.086159249184428577e-02 2.861367166589931163e-02
2.354999999999999982e+00 1.357980351034212774e+00 4.182862706838995637e-01 2.115114142346279091e-02 2.900131611681935895e-02
2.359999999999999876e+00 1.359260215014249207e+00 4.223983075884034655e-01 2.144413781080341252e-02 2.939341735470200542e-02
2.365000000000000213e+00 1.360540516883539608e+00 4.265448732747411098e-01 2.174062170346308109e-02 2.979002610778494486e-02
2.370000000000000107e+00 1.361821245694665894e+00 4.307262667801169398e-01 2.204062353310176983e-02 3.019117810757048978e-02
2.375000000000000000e+00 1.363102390541456321e+00 4.349426486900924704e-01 2.234417887210582085e-02 3.059691776768563160e-02
2.379999999999999893e+00 1.364383940559842134e+00 4.391943585798315786e-01 2.265132372520475487e-02 3.100728862393841573e-02
2.385000000000000231e+00 1.365665884928720875e+00 4.434816353467435635e-01 2.296208911940741254e-02 3.142232794737225693e-02
2.390000000000000124e+00 1.366948212870820356e+00 4.478047000493814433e-01 2.327651667740270047e-02 3.184208785300665645e-02
2.395000000000000018e+00 1.368230913653576408e+00 4.521638121614576789e-01 2.359464324756914422e-02 3.226661330913701414e-02
2.399999999999999911e+00 1.369513976590007287e+00 4.565592118507730279e-01 2.391650066524574070e-02 3.269594250870982294e-02
2.405000000000000249e+00 1.370797391039600077e+00 4.609912177897283470e-01 2.424212628601867675e-02 3.313012071099692007e-02
2.410000000000000142e+00 1.372081146409197538e+00 4.654600505329110072e-01 2.457156308770759578e-02 3.356920162835563826e-02
2.415000000000000036e+00 1.373365232153893167e+00 4.699659696580091861e-01 2.490483834774489050e-02 3.401321643971532555e-02
2.419999999999999929e+00 1.374649637777930256e+00 4.745092551143385018e-01 2.524200103797980335e-02 3.446222723202346100e-02
2.425000000000000266e+00 1.375934352835608943e+00 4.790901666633679556e-01 2.558307893161776078e-02 3.491626549113463485e-02
2.430000000000000160e+00 1.377219366932191491e+00 4.837089641272149798e-01 2.592811626806574773e-02 3.537538634572900270e-02
2.435000000000000053e+00 1.378504669724822440e+00 4.883659267237239199e-01 2.627715225408566724e-02 3.583963717772162272e-02
2.439999999999999947e+00 1.379790250923445205e+00 4.930613346060698232e-01 2.663021524357376754e-02 3.630905077944148601e-02
2.444999999999999840e+00 1.381076100291728892e+00 4.977954083352963410e-01 2.698736165205718393e-02 3.678369865404313571e-02
2.450000000000000178e+00 1.382362207647998886e+00 5.025684663735520141e-01 2.734861480313299786e-02 3.726360568839943294e-02
2.455000000000000071e+00 1.383648562866170106e+00 5.073807889180949049e-01 2.771402630593756619e-02 3.774883739859179188e-02
2.459999999999999964e+00 1.384935155876690471e+00 5.122326555929467284e-01 2.808363123225623634e-02 3.823943447848567739e-02
2.464999999999999858e+00 1.386221976667483702e+00 5.171243066490863738e-01 2.845746479467018211e-02 3.873543881907078046e-02
2.470000000000000195e+00 1.387509015284901448e+00 5.220560613364498836e-01 2.883557980279159369e-02 3.923691677677259432e-02
2.475000000000000089e+00 1.388796261834676082e+00 5.270281797624841724e-01 2.921800637922228328e-02 3.974390228821264581e-02
2.479999999999999982e+00 1.390083706482882597e+00 5.320409607389630091e-01 2.960478636542977077e-02 4.025644583858176834e-02
2.484999999999999876e+00 1.391371339456903167e+00 5.370946851947964173e-01 2.999597380333948737e-02 4.077461553876746830e-02
2.490000000000000213e+00 1.392659151046396371e+00 5.421896320826272708e-01 3.039159357829743918e-02 4.129843751942237351e-02
2.495000000000000107e+00 1.393947131604270639e+00 5.473261012102130785e-01 3.079170046129614535e-02 4.182798016997062163e-02
2.500000000000000000e+00 1.395235271547664579e+00 5.525043923292982662e-01 3.119633171459608098e-02 4.236328763491595262e-02
2.504999999999999893e+00 1.396523561358930632e+00 5.577247653242416447e-01 3.160553089082777239e-02 4.290441179958412454e-02
2.510000000000000231e+00 1.397811991586621838e+00 5.629875592684945307e-01 3.201934187824855699e-02 4.345140605798854250e-02
2.515000000000000124e+00 1.399100552846486600e+00 5.682930542269735152e-01 3.243780274791829149e-02 4.400431456768411770e-02
2.520000000000000018e+00 1.400389235822465217e+00 5.736415298947418195e-01 3.286097034673710754e-02 4.456320869951835989e-02
2.524999999999999911e+00 1.401678031267691527e+00 5.790333060393011433e-01 3.328887724929994324e-02 4.512812456363467922e-02
2.530000000000000249e+00 1.402966930005501656e+00 5.844687020548231526e-01 3.372157487265615289e-02 4.569912527281643627e-02
2.535000000000000142e+00 1.404255922930439437e+00 5.899479778264655749e-01 3.415910250975798257e-02 4.627625658137302783e-02
2.540000000000000036e+00 1.405545001009279815e+00 5.954723955974919880e-01 3.460151327304419877e-02 4.685958368565554949e-02
2.544999999999999929e+00 1.406834155282040921e+00 6.010404589926306995e-01 3.504884535011912328e-02 4.744915110879473208e-02
2.550000000000000266e+00 1.408123376863012810e+00 6.066533219433869473e-01 3.550114615357498338e-02 4.804501542287444721e-02
2.555000000000000160e+00 1.409412656941783526e+00 6.123113623892432189e-01 3.595846263339562421e-02 4.864723252759918515e-02
2.560000000000000053e+00 1.410701986784272943e+00 6.180148612926903429e-01 3.642084855718086267e-02 4.925586824424525723e-02
2.564999999999999947e+00 1.411991357733769048e+00 6.237641177585065977e-01 3.688833858334183979e-02 4.987096136133333663e-02
2.569999999999999840e+00 1.413280761211968217e+00 6.295594908651891419e-01 3.736098720155324460e-02 5.049257756628867944e-02
2.575000000000000178e+00 1.414570188720020605e+00 6.354012417899610465e-01 3.783884271450696501e-02 5.112077607699869186e-02
2.580000000000000071e+00 1.415859631839580635e+00 6.412897286619774206e-01 3.832194726352626535e-02 5.175560416921134999e-02
2.584999999999999964e+00 1.417149082233858159e+00 6.472252912040599160e-01 3.881035655986623395e-02 5.239712951924971329e-02
2.589999999999999858e+00 1.418438531648677170e+00 6.532082686561796470e-01 3.930412002662153625e-02 5.304541259753161458e-02
2.595000000000000195e+00 1.419727971913536280e+00 6.592389418545301361e-01 3.980328073346747764e-02 5.370050161960887580e-02
2.600000000000000089e+00 1.421017394942674095e+00 6.653176690866413612e-01 4.030788881421216996e-02 5.436245595476901782e-02
2.604999999999999982e+00 1.422306792736138581e+00 6.714447505788841974e-01 4.081800162418328798e-02 5.503134642059301362e-02
2.609999999999999876e+00 1.423596157380858207e+00 6.776205656278698752e-01 4.133366319262096050e-02 5.570722345099022449e-02
2.615000000000000213e+00 1.424885481051721747e+00 6.838454536115090576e-01 4.185491780811365775e-02 5.639013712261072009e-02
2.620000000000000107e+00 1.426174756012655642e+00 6.901196943836037656e-01 4.238183102654979190e-02 5.708016888023647456e-02
2.625000000000000000e+00 1.427463974617710019e+00 6.964436674577316744e-01 4.291444789616942479e-02 5.777737023111425424e-02
2.629999999999999893e+00 1.428753129312145598e+00 7.028177118656265820e-01 4.345282086366783481e-02 5.848180309668243176e-02
2.635000000000000231e+00 1.430042212633526821e+00 7.092421868817558872e-01 4.399699549836460361e-02 5.919352017557058532e-02
2.640000000000000124e+00 1.431331217212814755e+00 7.157174331390216970e-01 4.454703930078279112e-02 5.991260447417666446e-02
2.645000000000000018e+00 1.432620135775467096e+00 7.222437885750299102e-01 4.510299149862558726e-02 6.063909806137408182e-02
2.649999999999999911e+00 1.433908961142540850e+00 7.288216337006021561e-01 4.566490590055893861e-02 6.137306497409515671e-02
2.655000000000000249e+00 1.435197686231796554e+00 7.354512873969948350e-01 4.623284409425492542e-02 6.211458010320851375e-02
2.660000000000000142e+00 1.436486304058808727e+00 7.421331096844349107e-01 4.680686087744813373e-02 6.286370654149472936e-02
2.665000000000000036e+00 1.437774807738079197e+00 7.488674792904272959e-01 4.738700398563200356e-02 6.362049998546295826e-02
2.669999999999999929e+00 1.439063190484150212e+00 7.556547357617693361e-01 4.797332885902878125e-02 6.438502483811214816e-02
2.675000000000000266e+00 1.440351445612727099e+00 7.624952591953191305e-01 4.856589134680418945e-02 6.515734659747100810e-02
2.680000000000000160e+00 1.441639566541798700e+00 7.693894273792865057e-01 4.916475529955322693e-02 6.593754274520151337e-02
2.685000000000000053e+00 1.442927546792763360e+00 7.763375810856980586e-01 4.976996990037414748e-02 6.672566837456507527e-02
2.689999999999999947e+00 1.444215379991559578e+00 7.833400798136450627e-01 5.038159222714885116e-02 6.752179110063562251e-02
2.694999999999999840e+00 1.445503059869796658e+00 7.903973420541507977e-01 5.099967982258285515e-02 6.832597827834475945e-02
2.700000000000000178e+00 1.446790580265890691e+00 7.975096872178011331e-01 5.162429052764266890e-02 6.913829681066023525e-02
2.705000000000000071e+00 1.448077935126202975e+00 8.046775550500027130e-01 5.225548282072885881e-02 6.995881519368044033e-02
2.709999999999999964e+00 1.449365118506182437e+00 8.119012446363088609e-01 5.289331531844240070e-02 7.078760257634589270e-02
2.714999999999999858e+00 1.450652124571508272e+00 8.191812351796889935e-01 5.353784729881340410e-02 7.162472746882138364e-02
2.720000000000000195e+00 1.451938947599239915e+00 8.265178258789374066e-01 5.418913038429679085e-02 7.247024818769680354e-02
2.725000000000000089e+00 1.453225581978965009e+00 8.339114561531787428e-01 5.484723249810846690e-02 7.332424667296237597e-02
2.729999999999999982e+00 1.454512022213955591e+00 8.413624454528314534e-01 5.551221410355879071e-02 7.418679187528343100e-02
2.734999999999999876e+00 1.455798262922322506e+00 8.488712726018408095e-01 5.618413609243565893e-02 7.505795630259202988e-02
2.740000000000000213e+00 1.457084298838174696e+00 8.564382971169964831e-01 5.686305168419723138e-02 7.593779910667007582e-02
2.745000000000000107e+00 1.458370124812782276e+00 8.640639180707486711e-01 5.754902252350905384e-02 7.682639126827636722e-02
2.750000000000000000e+00 1.459655735815740485e+00 8.717484946677642732e-01 5.824212717214518470e-02 7.772382903858654490e-02
2.754999999999999893e+00 1.460941126936137202e+00 8.794925054266944375e-01 5.894240354056826808e-02 7.863014941783613709e-02
2.760000000000000231e+00 1.462226293383724007e+00 8.872962314253836080e-01 5.964993108832595398e-02 7.954544887826249522e-02
2.765000000000000124e+00 1.463511230490086357e+00 8.951602298270402436e-01 6.036477346521811060e-02 8.046980215533354464e-02
2.770000000000000018e+00 1.464795933709824194e+00 9.030848204174507510e-01 6.108698619928396023e-02 8.140326993473194495e-02
2.774999999999999911e+00 1.466080398621724123e+00 9.110704424070241725e-01 6.181663356203803000e-02 8.234592744072126436e-02
2.780000000000000249e+00 1.467364620929943797e+00 9.191174554696901478e-01 6.255378036701680911e-02 8.329784906728877891e-02
2.785000000000000142e+00 1.468648596465194744e+00 9.272263376925308220e-01 6.329850037508703842e-02 8.425912226254089754e-02
2.790000000000000036e+00 1.469932321185927426e+00 9.353974886517525400e-01 6.405085086890083268e-02 8.522981044060008726e-02
2.794999999999999929e+00 1.471215791179520282e+00 9.436313474942810142e-01 6.481089781942822592e-02 8.620999136217009917e-02
2.800000000000000266e+00 1.472499002663467449e+00 9.519282727009911182e-01 6.557871672568656163e-02 8.719975220065077914e-02
2.805000000000000160e+00 1.473781951986576466e+00 9.602887447782235686e-01 6.635435712738114999e-02 8.819914636697984145e-02
2.810000000000000053e+00 1.475064635630160437e+00 9.687132399232308844e-01 6.713790413599794726e-02 8.920827666273770107e-02
2.814999999999999947e+00 1.476347050209237288e+00 9.772020798627339966e-01 6.792941703662833119e-02 9.022720759257255030e-02
2.819999999999999840e+00 1.477629192473728592e+00 9.857557829051736276e-01 6.872896422505871128e-02 9.125601953277720502e-02
2.825000000000000178e+00 1.478911059309663267e+00 9.943747472591883962e-01 6.953661470338962092e-02 9.229479036210011533e-02
2.830000000000000071e+00 1.480192647740382617e+00 1.003059412260497441e+00 7.035243791541877234e-02 9.334360005760981849e-02
2.834999999999999964e+00 1.481473954927746250e+00 1.011810296504902507e+00 7.117651286401249777e-02 9.440254090973514145e-02
2.839999999999999858e+00 1.482754978173340454e+00 1.020627719843135273e+00 7.200889173841330815e-02 9.547166911080379181e-02
2.845000000000000195e+00 1.484035714919693882e+00 1.029512161345957244e+00 7.284966370927593859e-02 9.655109104027108369e-02
2.850000000000000089e+00 1.485316162751484814e+00 1.038464177412430578e+00 7.369888180645753351e-02 9.764086100694671644e-02
2.854999999999999982e+00 1.486596319396762178e+00 1.047484129279550480e+00 7.455663633517849165e-02 9.874108923175058117e-02
2.859999999999999876e+00 1.487876182728162133e+00 1.056572495204410433e+00 7.542298105025745103e-02 9.985182988038086849e-02
2.865000000000000213e+00 1.489155750764126207e+00 1.065729714124292293e+00 7.629800746880567586e-02 1.009731944699389372e-01
2.870000000000000107e+00 1.490435021670126092e+00 1.074956264395641181e+00 7.718177969899547852e-02 1.021052522933182244e-01
2.875000000000000000e+00 1.491713993759884893e+00 1.084252625053130803e+00 7.807437144818830943e-02 1.032480875744318516e-01
2.879999999999999893e+00 1.492992665496607696e+00 1.093619273949953730e+00 7.897585711550517140e-02 1.044017845427794161e-01
2.885000000000000231e+00 1.494271035494205480e+00 1.103056612054817309e+00 7.988631159450763908e-02 1.055664280258286764e-01
2.890000000000000124e+00 1.495549102518527240e+00 1.112565235814622522e+00 8.080581019841782953e-02 1.067421048438863956e-01
2.895000000000000018e+00 1.496826865488593894e+00 1.122145465581003698e+00 8.173443856818525532e-02 1.079289136304353997e-01
2.899999999999999911e+00 1.498104323477830180e+00 1.131797938366047696e+00 8.267225352116701342e-02 1.091269148233069280e-01
2.905000000000000249e+00 1.499381475715303225e+00 1.141523053195879989e+00 8.361935167901973776e-02 1.103362211462163844e-01
2.910000000000000142e+00 1.500658321586958444e+00 1.151321211485730522e+00 8.457580060156710822e-02 1.115569088252702373e-01
2.915000000000000036e+00 1.501934860636862323e+00 1.161193048356484070e+00 8.554166825115111505e-02 1.127890497909011663e-01
2.919999999999999929e+00 1.503211092568443430e+00 1.171139043171289140e+00 8.651705300273794530e-02 1.140327621630822796e-01
2.925000000000000266e+00 1.504487017245737190e+00 1.181159595727870437e+00 8.750204409502795877e-02 1.152881493612665648e-01
2.930000000000000160e+00 1.505762634694630231e+00 1.191255303420775569e+00 8.849669095247700290e-02 1.165552574245816431e-01
2.935000000000000053e+00 1.507037945104112264e+00 1.201426566053893197e+00 8.950108352690036573e-02 1.178341932268885395e-01
2.939999999999999947e+00 1.508312948827522426e+00 1.211673941363180962e+00 9.051529225821014490e-02 1.191250310365004200e-01
2.944999999999999840e+00 1.509587646383803383e+00 1.221997985859109903e+00 9.153942913743454146e-02 1.204279043908316610e-01
2.950000000000000178e+00 1.510862038458753664e+00 1.232399179950822710e+00 9.257356552713584541e-02 1.217428950799687021e-01
2.955000000000000071e+00 1.512136125906285322e+00 1.242877924590685579e+00 9.361777346565328117e-02 1.230700782691670353e-01
2.959999999999999964e+00 1.513409909749681370e+00 1.253434932691485093e+00 9.467214634455181632e-02 1.244095604388038290e-01
2.964999999999999858e+00 1.514683391182853445e+00 1.264070488013302240e+00 9.573675684575141953e-02 1.257614230613885442e-01
2.970000000000000195e+00 1.515956571571605682e+00 1.274785345563010042e+00 9.681169946013157279e-02 1.271257757285387258e-01
2.975000000000000089e+00 1.517229452454897709e+00 1.285579904370559801e+00 9.789704813306925046e-02 1.285026952274312961e-01
2.979999999999999982e+00 1.518502035546109630e+00 1.296454722930211689e+00 9.899289861343120445e-02 1.298922926668111821e-01
2.984999999999999876e+00 1.519774322734309235e+00 1.307410319080093863e+00 1.000993256073298837e-01 1.312946492148898137e-01
2.990000000000000213e+00 1.521046316085523209e+00 1.318447172923991717e+00 1.012164479324427074e-01 1.327099059753777122e-01
2.995000000000000107e+00 1.522318017844006111e+00 1.329565999428284684e+00 1.023443197979596042e-01 1.341381170413729618e-01
3.000000000000000000e+00 1.523589430433515579e+00 1.340767199988655012e+00 1.034830395509952483e-01 1.355793921326126084e-01
3.004999999999999893e+00 1.524860556458587313e+00 1.352051291405327538e+00 1.046326838986438995e-01 1.370338166425532633e-01
3.010000000000000231e+00 1.526131398705811604e+00 1.363418911634001862e+00 1.057933746717471535e-01 1.385015327137352481e-01
3.015000000000000124e+00 1.527401960145112314e+00 1.374870500116818883e+00 1.069651678112022025e-01 1.399825941209257296e-01
3.020000000000000018e+00 1.528672243931031183e+00 1.386406771874999944e+00 1.081481639701659808e-01 1.414771168520674027e-01
3.024999999999999911e+00 1.529942253404009023e+00 1.398028207945584356e+00 1.093424872177080898e-01 1.429852496951979635e-01
3.030000000000000249e+00 1.531211992091669805e+00 1.409735326161335234e+00 1.105481722762158003e-01 1.445070116639339264e-01
3.035000000000000142e+00 1.532481463710112957e+00 1.421528763475172097e+00 1.117653444398717805e-01 1.460425549877797102e-01
3.040000000000000036e+00 1.533750672165198337e+00 1.433408998989507799e+00 1.129941072749740399e-01 1.475919967661136201e-01
3.044999999999999929e+00 1.535019621553841640e+00 1.445376709793917414e+00 1.142345191670734172e-01 1.491553927514817357e-01
3.050000000000000266e+00 1.536288316165307810e+00 1.457432412640994546e+00 1.154867081470560691e-01 1.507328917794659440e-01
3.055000000000000160e+00 1.537556760482504448e+00 1.469576667527653591e+00 1.167507564795228769e-01 1.523245847356669014e-01
3.060000000000000053e+00 1.538824959183287211e+00 1.481810032155268519e+00 1.180267470560129872e-01 1.539305587349502069e-01
3.064999999999999947e+00 1.540092917141751672e+00 1.494133223745830685e+00 1.193148104447429164e-01 1.555509675524673341e-01
3.070000000000000284e+00 1.541360639429545376e+00 1.506546679422444690e+00 1.206150070943806801e-01 1.571858687384531661e-01
3.075000000000000178e+00 1.542628131317168361e+00 1.519051118047730409e+00 1.219274690216937546e-01 1.588354195628363941e-01
3.080000000000000071e+00 1.543895398275281439e+00 1.531647017927990184e+00 1.232522576497256939e-01 1.604996762333844584e-01
3.084999999999999964e+00 1.545162445976019150e+00 1.544335094978001477e+00 1.245895067140086188e-01 1.621787958965503207e-01
3.089999999999999858e+00 1.546429280294300046e+00 1.557115867530833642e+00 1.259393026668299831e-01 1.638728712809999211e-01
3.095000000000000195e+00 1.547695907309144969e+00 1.569989934269886867e+00 1.273017324289026087e-01 1.655819936220108701e-01
3.100000000000000089e+00 1.548962333304992001e+00 1.582957972506188193e+00 1.286769077563183761e-01 1.673062905756591001e-01
3.104999999999999982e+00 1.550228564773019402e+00 1.596020538441953684e+00 1.300649412374200176e-01 1.690458909007954980e-01
3.109999999999999876e+00 1.551494608412467890e+00 1.609178310723653693e+00 1.314659466278960687e-01 1.708009200292690266e-01
3.115000000000000213e+00 1.552760471131968911e+00 1.622431806083964201e+00 1.328799883777270208e-01 1.725714388566021162e-01
3.120000000000000107e+00 1.554026160050869576e+00 1.635781744240761393e+00 1.343071812210595295e-01 1.743575783975501725e-01
3.125000000000000000e+00 1.555291682500568706e+00 1.649228759444856696e+00 1.357476405305399481e-01 1.761594676191713393e-01
3.129999999999999893e+00 1.556557046025848434e+00 1.662773411961596448e+00 1.372014827845506046e-01 1.779772371781070117e-01
3.135000000000000231e+00 1.557822258386214909e+00 1.676416336981078281e+00 1.386687998040801728e-01 1.798109851855128893e-01
3.140000000000000124e+00 1.559087327557234559e+00 1.690158252959660601e+00 1.401497093511878123e-01 1.816608455474221506e-01
3.145000000000000018e+00 1.560352261731882795e+00 1.703999718302072308e+00 1.416443046005160245e-01 1.835269130546321736e-01
3.149999999999999911e+00 1.561617069321888263e+00 1.717941447127166787e+00 1.431527306397303023e-01 1.854093618387943065e-01
3.155000000000000249e+00 1.562881758959084433e+00 1.731984079013801914e+00 1.446750301250176451e-01 1.873082153397647720e-01
3.160000000000000142e+00 1.564146339496760740e+00 1.746128211593447999e+00 1.462113756912590545e-01 1.892236832564908600e-01
3.165000000000000036e+00 1.565410820011023496e+00 1.760374520873738691e+00 1.477618369454497815e-01 1.911558286075449309e-01
3.169999999999999929e+00 1.566675209802153468e+00 1.774723723947039922e+00 1.493265622633787038e-01 1.931048288529316204e-01
3.175000000000000266e+00 1.567939518395971676e+00 1.789176418147929937e+00 1.509056490885559709e-01 1.950707805498879399e-01
3.180000000000000160e+00 1.569203755545205192e+00 1.803733321174479487e+00 1.524991946349169292e-01 1.970537892535573765e-01
3.185000000000000053e+00 1.570467931230861369e+00 1.818395107943810096e+00 1.541073236304808525e-01 1.990539937874432619e-01
3.189999999999999947e+00 1.571732055663601191e+00 1.833162338587587259e+00 1.557301617684448969e-01 2.010715340887195834e-01
3.195000000000000284e+00 1.572996139285118833e+00 1.848035807999333535e+00 1.573678084598689464e-01 2.031065179692250477e-01
3.200000000000000178e+00 1.574260192769525224e+00 1.863016232737591871e+00 1.590204182874526417e-01 2.051591198237050495e-01
3.205000000000000071e+00 1.575524227024737378e+00 1.878104250501419603e+00 1.606880649572089426e-01 2.072294113399461013e-01
3.209999999999999964e+00 1.576788253193867284e+00 1.893300498011817989e+00 1.623708773060126287e-01 2.093175329262919604e-01
3.214999999999999858e+00 1.578052282656617233e+00 1.908605691808079374e+00 1.640689848464996492e-01 2.114236332319973932e-01
3.220000000000000195e+00 1.579316327030685141e+00 1.924020707652409179e+00 1.657825183481966558e-01 2.135478573392677604e-01
3.225000000000000089e+00 1.580580398173165202e+00 1.939545944853773518e+00 1.675115537009255195e-01 2.156902712422914536e-01
3.229999999999999982e+00 1.581844508181959430e+00 1.955182357361205714e+00 1.692562788592251177e-01 2.178511039242095326e-01
3.234999999999999876e+00 1.583108669397191415e+00 1.970930503481751472e+00 1.710167427413009367e-01 2.200303856222110555e-01
3.240000000000000213e+00 1.584372894402625409e+00 1.986791177698083555e+00 1.727931356488006109e-01 2.222283431204109816e-01
3.245000000000000107e+00 1.585637196027092743e+00 2.002765098614057493e+00 1.745855642548117537e-01 2.244450887536113826e-01
3.250000000000000000e+00 1.586901587345919129e+00 2.018852981219569909e+00 1.763941072414007272e-01 2.266806909178800122e-01
3.254999999999999893e+00 1.588166081682362174e+00 2.035055542911296644e+00 1.782189583341810268e-01 2.289353824807266735e-01
3.260000000000000231e+00 1.589430692609048013e+00 2.051373421466584634e+00 1.800602262306918167e-01 2.312092779592290204e-01
3.265000000000000124e+00 1.590695433949419924e+00 2.067807567775486799e+00 1.819179915462111330e-01 2.335024497349547368e-01
3.270000000000000018e+00 1.591960319779189614e+00 2.084358543786870577e+00 1.837924512756191064e-01 2.358151346786563907e-01
3.274999999999999911e+00 1.593225364427793389e+00 2.101027144644330047e+00 1.856836874103046375e-01 2.381474034971099163e-01
3.280000000000000249e+00 1.594490582479856755e+00 2.117814163091895630e+00 1.875918407355602058e-01 2.404994143269761353e-01
3.285000000000000142e+00 1.595755988776664358e+00 2.134720238230099820e+00 1.895170828667692431e-01 2.428713645166944435e-01
3.290000000000000036e+00 1.597021598417631694e+00 2.151746244681151943e+00 1.914594972334985323e-01 2.452633346709217343e-01
3.294999999999999929e+00 1.598287426761794583e+00 2.168892820833312474e+00 1.934192275559833973e-01 2.476754771295779090e-01
3.300000000000000266e+00 1.599553489429289543e+00 2.186160760156447669e+00 1.953964183790668774e-01 2.501079567587458641e-01
3.305000000000000160e+00 1.600819802302856587e+00 2.203550939841146583e+00 1.973912153785825352e-01 2.525609333893295561e-01
3.310000000000000053e+00 1.602086381529337800e+00 2.221064233002811417e+00 1.994037350268158815e-01 2.550345266367310959e-01
3.314999999999999947e+00 1.603353243521186133e+00 2.238700959733598950e+00 2.014341244172288548e-01 2.575288980261006277e-01
3.320000000000000284e+00 1.604620404957985969e+00 2.256462311547314137e+00 2.034825323466047386e-01 2.600442137837536971e-01
3.325000000000000178e+00 1.605887882787973897e+00 2.274348926987230790e+00 2.055491081661188213e-01 2.625806405704564916e-01
3.330000000000000071e+00 1.607155694229572163e+00 2.292361680188053086e+00 2.076339404514380427e-01 2.651382579472940093e-01
3.334999999999999964e+00 1.608423856772927873e+00 2.310501129287259481e+00 2.097372112804702093e-01 2.677172716078013437e-01
3.339999999999999858e+00 1.609692388181460876e+00 2.328768305286544660e+00 2.118590733157056372e-01 2.703178546856910280e-01
3.345000000000000195e+00 1.610961306493419842e+00 2.347164004799828341e+00 2.139996484174666314e-01 2.729401286378632663e-01
3.350000000000000089e+00 1.612230630023444355e+00 2.365688867185487432e+00 2.161590906744870200e-01 2.755842681534978467e-01
3.354999999999999982e+00 1.613500377364142535e+00 2.384343844812422120e+00 2.183375555342881857e-01 2.782504434618091604e-01
3.359999999999999876e+00 1.614770567387667999e+00 2.403129651986374515e+00 2.205351676419077811e-01 2.809387787648201518e-01
3.365000000000000213e+00 1.616041219247312144e+00 2.422047085953560330e+00 2.227520838517065283e-01 2.836494515488942603e-01
3.370000000000000107e+00 1.617312352379102647e+00 2.441097100300087419e+00 2.249884627639447965e-01 2.863826323043529576e-01
3.375000000000000000e+00 1.618583986503417060e+00 2.460280569335753231e+00 2.272444311789097449e-01 2.891384528861603576e-01
3.379999999999999893e+00 1.619856141626595081e+00 2.479598127648078965e+00 2.295201816863691735e-01 2.919171396134336849e-01
3.385000000000000231e+00 1.621128838042573905e+00 2.499050575260056473e+00 2.318158437214433154e-01 2.947188152316700394e-01
3.390000000000000124e+00 1.622402096334521149e+00 2.518638941646652807e+00 2.341315792703241305e-01 2.975436685623352728e-01
3.395000000000000018e+00 1.623675937376488410e+00 2.538363945405239797e+00 2.364675192358490219e-01 3.003918240154887509e-01
3.399999999999999911e+00 1.624950382335069499e+00 2.558226535914526423e+00 2.388238608801342144e-01 3.032635153252687399e-01
3.405000000000000249e+00 1.626225452671069327e+00 2.578227354616600131e+00 2.412007370652095584e-01 3.061588749411460753e-01
3.410000000000000142e+00 1.627501170141188780e+00 2.598367432318640091e+00 2.435983142534542956e-01 3.090780871061333812e-01
3.415000000000000036e+00 1.628777556799715365e+00 2.618647721040271659e+00 2.460167265058310626e-01 3.120212912422906104e-01
3.419999999999999929e+00 1.630054635000228513e+00 2.639068938317926882e+00 2.484561764525299865e-01 3.149887211637708018e-01
3.425000000000000266e+00 1.631332427397314877e+00 2.659631877868196437e+00 2.509168006629487468e-01 3.179805066430179128e-01
3.430000000000000160e+00 1.632610956948298497e+00 2.680337576024412360e+00 2.533987698176327630e-01 3.209968422991842374e-01
3.435000000000000053e+00 1.633890246914980304e+00 2.701186745172036829e+00 2.559022560886855535e-01 3.240379193978265016e-01
3.439999999999999947e+00 1.635170320865392934e+00 2.722180336586226712e+00 2.584273985001962481e-01 3.271038752791928239e-01
3.445000000000000284e+00 1.636451202675564431e+00 2.743319308654056154e+00 2.609744058693045932e-01 3.301949569920633598e-01
3.450000000000000178e+00 1.637732916531301264e+00 2.764604375525967939e+00 2.635434194173638112e-01 3.333112983506299476e-01
3.455000000000000071e+00 1.639015486929979559e+00 2.786036645514402554e+00 2.661346161168719471e-01 3.364530951109765411e-01
3.459999999999999964e+00 1.640298938682350771e+00 2.807616758964389891e+00 2.687481731436947019e-01 3.396205493322561608e-01
3.464999999999999858e+00 1.641583296914366441e+00 2.829345905661375227e+00 2.713842349246435859e-01 3.428138042920969575e-01
3.470000000000000195e+00 1.642868587069010289e+00 2.851224720956463177e+00 2.740430165639495819e-01 3.460331073642681776e-01
3.475000000000000089e+00 1.644154834908149621e+00 2.873254239540394828e+00 2.767246645232461222e-01 3.492786038579709373e-01
3.479999999999999982e+00 1.645442066514400281e+00 2.895435330937092822e+00 2.794293966803256812e-01 3.525505503651734096e-01
3.484999999999999876e+00 1.646730308293007594e+00 2.917769109009691331e+00 2.821573258404108664e-01 3.558490387631419449e-01
3.490000000000000213e+00 1.648019586973742623e+00 2.940256211194781422e+00 2.849086720363994685e-01 3.591743346095999101e-01
3.495000000000000107e+00 1.649309929612814640e+00 2.962897588175151142e+00 2.876836221415456918e-01 3.625266310976920092e-01
3.500000000000000000e+00 1.650601363594798476e+00 2.985694351301725558e+00 2.904823272760324038e-01 3.659060841953683529e-01
3.504999999999999893e+00 1.651893916634581849e+00 3.008670105254829252e+00 2.933027581482811064e-01 3.693079994321622483e-01
3.510000000000000231e+00 1.653187616779326907e+00 3.031803776118958460e+00 2.961472783946140219e-01 3.727373810340600668e-01
3.515000000000000124e+00 1.654482492410449757e+00 3.055096011875788165e+00 2.990161159759202603e-01 3.761944820674680279e-01
3.520000000000000018e+00 1.655778572245619973e+00 3.078547854987090826e+00 3.019093878940162790e-01 3.796794169985050482e-01
3.524999999999999911e+00 1.657075885340773880e+00 3.102160506534005435e+00 3.048273248602894059e-01 3.831924490541323003e-01
3.530000000000000249e+00 1.658374461092151142e+00 3.125934696664752543e+00 3.077701213384698709e-01 3.867337844957008386e-01
3.535000000000000142e+00 1.659674329238346902e+00 3.149871544098141740e+00 3.107379738328227003e-01 3.903036314959897335e-01
3.540000000000000036e+00 1.660975519862385452e+00 3.173971856332059804e+00 3.137310785996209606e-01 3.939022186623886701e-01
3.544999999999999929e+00 1.662278063393811456e+00 3.198236601026507309e+00 3.167495967313812000e-01 3.975296984711271242e-01
3.550000000000000266e+00 1.663581990610803807e+00 3.222666980684308680e+00 3.197937657290667590e-01 4.011863478788527115e-01
3.555000000000000160e+00 1.664887332642308815e+00 3.247263798867508378e+00 3.228637483245452300e-01 4.048723344374030586e-01
3.560000000000000053e+00 1.666194120970192039e+00 3.272027942911902354e+00 3.259597467158971140e-01 4.085878726161153995e-01
3.564999999999999947e+00 1.667502387431416100e+00 3.296960615322408472e+00 3.290820037670477705e-01 4.123332383949980251e-01
3.570000000000000284e+00 1.668812164220237593e+00 3.322062942361739157e+00 3.322306861152220514e-01 4.161086036068503136e-01
3.575000000000000178e+00 1.670123483890425531e+00 3.347335416060177149e+00 3.354059995528754223e-01 4.199141856160312769e-01
3.580000000000000071e+00 1.671436379357503110e+00 3.372779548362305757e+00 3.386081519389760874e-01 4.237502265538929391e-01
3.584999999999999964e+00 1.672750883901015451e+00 3.398396076920839448e+00 3.418373522352246563e-01 4.276169473352584016e-01
3.589999999999999858e+00 1.674067031166816655e+00 3.424186121102105407e+00 3.450938519998995035e-01 4.315146269139670809e-01
3.595000000000000195e+00 1.675384855169382847e+00 3.450150567297921800e+00 3.483778231870603981e-01 4.354434419559036207e-01
3.600000000000000089e+00 1.676704390294149860e+00 3.476290546295183415e+00 3.516895195388146100e-01 4.394036882271710187e-01
3.604999999999999982e+00 1.678025671299876453e+00 3.502607016620540747e+00 3.550290343176417118e-01 4.433954339337586870e-01
3.609999999999999876e+00 1.679348733321033071e+00 3.529101267090302141e+00 3.583967063109279594e-01 4.474190756715926143e-01
3.615000000000000213e+00 1.680673611870211692e+00 3.555773789967146215e+00 3.617927122025137998e-01 4.514747954178348066e-01
3.620000000000000107e+00 1.682000342840573426e+00 3.582626101429648546e+00 3.652173129237425431e-01 4.555628886938501432e-01
3.625000000000000000e+00 1.683328962508309878e+00 3.609659173048294978e+00 3.686706879884626420e-01 4.596835482677464335e-01
3.629999999999999893e+00 1.684659507535143819e+00 3.636873729008706313e+00 3.721530183039438722e-01 4.638369526301142631e-01
3.635000000000000231e+00 1.685992014970846498e+00 3.664271060341529385e+00 3.756645691094593342e-01 4.680234028627801024e-01
3.640000000000000124e+00 1.687326522255794936e+00 3.691852370163816399e+00 3.792056914146458846e-01 4.722433246934306661e-01
3.645000000000000018e+00 1.688663067223552527e+00 3.719618308073501023e+00 3.827764030413457474e-01 4.764966640373137219e-01
3.649999999999999911e+00 1.690001688103477839e+00 3.747570236553995127e+00 3.863770579304026676e-01 4.807838575828831118e-01
3.655000000000000249e+00 1.691342423523365834e+00 3.775709202224930117e+00 3.900078438502361244e-01 4.851050986744777083e-01
3.660000000000000142e+00 1.692685312512123508e+00 3.804036018231887084e+00 3.936690356881351049e-01 4.894606838246413627e-01
3.665000000000000036e+00 1.694030394502469727e+00 3.832551969456527097e+00 3.973609087852200683e-01 4.938509487997134739e-01
3.669999999999999929e+00 1.695377709333675487e+00 3.861258101793450859e+00 4.010835700490585909e-01 4.982759592810769855e-01
3.675000000000000266e+00 1.696727297254325917e+00 3.890155543129691917e+00 4.048373853730456440e-01 5.027361503163947365e-01
3.680000000000000160e+00 1.698079198925130706e+00 3.919245260205167281e+00 4.086225489795871080e-01 5.072317296002409881e-01
3.685000000000000053e+00 1.699433455421752726e+00 3.948528296422679773e+00 4.124393449301191339e-01 5.117630198118046092e-01
3.689999999999999947e+00 1.700790108237682396e+00 3.978005792652643979e+00 4.162878828631824679e-01 5.163301042259751394e-01
3.695000000000000284e+00 1.702149199287140036e+00 4.007678940895701203e+00 4.201686257304774186e-01 5.209335488396069636e-01
3.700000000000000178e+00 1.703510770908022831e+00 4.037548485356304617e+00 4.240815972864541705e-01 5.255733271223974601e-01
3.705000000000000071e+00 1.704874865864877798e+00 4.067615862971245555e+00 4.280272661554293534e-01 5.302500036315900278e-01
3.709999999999999964e+00 1.706241527351919807e+00 4.097882281382023706e+00 4.320057478205340806e-01 5.349636675116474782e-01
3.714999999999999858e+00 1.707610798996081591e+00 4.128348236263820858e+00 4.360173348195515164e-01 5.397146675650088543e-01
3.720000000000000195e+00 1.708982724860113711e+00 4.159015489886992434e+00 4.400623262417378001e-01 5.445033260749858606e-01
3.725000000000000089e+00 1.710357349445704500e+00 4.189884854893664468e+00 4.441409287236091630e-01 5.493298724841655378e-01
3.729999999999999982e+00 1.711734717696661745e+00 4.220957297213393744e+00 4.482535352466136547e-01 5.541947660910339080e-01
3.734999999999999876e+00 1.713114875002117454e+00 4.252234425467606549e+00 4.524001744477064713e-01 5.590979834529390402e-01
3.740000000000000213e+00 1.714497867199787251e+00 4.283716729753014540e+00 4.565813335155833874e-01 5.640401206390466271e-01
3.745000000000000107e+00 1.715883740579261962e+00 4.315405660431549606e+00 4.607971351242657887e-01 5.690212810941179811e-01
3.750000000000000000e+00 1.717272541885350057e+00 4.347302346096582504e+00 4.650479813537015117e-01 5.740419350319377889e-01
3.754999999999999893e+00 1.718664318321458495e+00 4.379407598652231393e+00 4.693340890354970596e-01 5.791023233943349835e-01
3.760000000000000231e+00 1.720059117553022654e+00 4.411723176819844383e+00 4.736557735512343936e-01 5.842027866964562000e-01
3.765000000000000124e+00 1.721456987710977105e+00 4.444249584816775567e+00 4.780132540260049190e-01 5.893435777375644058e-01
3.770000000000000018e+00 1.722857977395276574e+00 4.476987945060523444e+00 4.824068491424294280e-01 5.945250418403944526e-01
3.774999999999999911e+00 1.724262135678464647e+00 4.509939550207438863e+00 4.868367822956138902e-01 5.997474264588465998e-01
3.780000000000000249e+00 1.725669512109285098e+00 4.543106159105649411e+00 4.913034711684324818e-01 6.050112281864447050e-01
3.785000000000000142e+00 1.727080156716347847e+00 4.576487796831175459e+00 4.958071434211304140e-01 6.103166835034565807e-01
3.790000000000000036e+00 1.728494120011841551e+00 4.610086072238908983e+00 5.003480291404922564e-01 6.156640401985473687e-01
3.794999999999999929e+00 1.729911452995299248e+00 4.643902584630319019e+00 5.049265533299697184e-01 6.210538023187415213e-01
3.800000000000000266e+00 1.731332207157411762e+00 4.677937830674457231e+00 5.095428524213561072e-01 6.264860906564864163e-01
3.805000000000000160e+00 1.732756434483898600e+00 4.712193263778430286e+00 5.141974527522723548e-01 6.319615545134538159e-01
3.810000000000000053e+00 1.734184187459427706e+00 4.746669851440935339e+00 5.188903978483161428e-01 6.374801695179188599e-01
3.814999999999999947e+00 1.735615519071593615e+00 4.781368879904327684e+00 5.236222194855165712e-01 6.430426004822250574e-01
3.820000000000000284e+00 1.737050482814948671e+00 4.816291648949895254e+00 5.283931609136438556e-01 6.486490934891295801e-01
3.825000000000000178e+00 1.738489132695088868e+00 4.851438811836314535e+00 5.332034637677361966e-01 6.542999184991453721e-01
3.830000000000000071e+00 1.739931523232801869e+00 4.886811968354356495e+00 5.380534721434397927e-01 6.599954665863734249e-01
3.834999999999999964e+00 1.741377709468272084e+00 4.922411937364808310e+00 5.429436327768175641e-01 6.657362776718261932e-01
3.839999999999999858e+00 1.742827746965340152e+00 4.958240006511323017e+00 5.478740941650235285e-01 6.715224836966712241e-01
3.845000000000000195e+00 1.744281691815829705e+00 4.994297631203920673e+00 5.528452080389310019e-01 6.773544864447514913e-01
3.850000000000000089e+00 1.745739600643932299e+00 5.030585306480611862e+00 5.578574295596945287e-01 6.832328249700782008e-01
3.854999999999999982e+00 1.747201530610656750e+00 5.067104950752326253e+00 5.629110137338808606e-01 6.891577849275165590e-01
3.859999999999999876e+00 1.748667539418339745e+00 5.103856912448054395e+00 5.680062163565758881e-01 6.951296462874573256e-01
3.865000000000000213e+00 1.750137685315223512e+00 5.140842949545811003e+00 5.731435025895149638e-01 7.011489494826174118e-01
3.870000000000000107e+00 1.751612027100100555e+00 5.178063887730899317e+00 5.783231325212372376e-01 7.072159986169740398e-01
3.875000000000000000e+00 1.753090624127023878e+00 5.215521006723767172e+00 5.835455772763523674e-01 7.133313415505738719e-01
3.879999999999999893e+00 1.754573536310083837e+00 5.253215607469404524e+00 5.888109978445464909e-01 7.194951370308680927e-01
3.885000000000000231e+00 1.756060824128258258e+00 5.291148656135431061e+00 5.941197656043011310e-01 7.257078069053251035e-01
3.890000000000000124e+00 1.757552548630337386e+00 5.329321135445550084e+00 5.994724638747325196e-01 7.319700822961756614e-01
3.895000000000000018e+00 1.759048771439909009e+00 5.367734804992727149e+00 6.048691556382506107e-01 7.382819660705669529e-01
3.899999999999999911e+00 1.760549554760425739e+00 5.406390008497815813e+00 6.103104310956145584e-01 7.446441878234159040e-01
3.905000000000000249e+00 1.762054961380348228e+00 5.445288510718880204e+00 6.157964594485348941e-01 7.510569234026115426e-01
3.910000000000000142e+00 1.763565054678360111e+00 5.484431287598418692e+00 6.213278418018702842e-01 7.575208761456994067e-01
3.915000000000000036e+00 1.765079898628665322e+00 5.523819478303015451e+00 6.269047503589936232e-01 7.640362464914348672e-01
3.919999999999999929e+00 1.766599557806353804e+00 5.563454054273165639e+00 6.325275764555353675e-01 7.706034508101615721e-01
3.925000000000000266e+00 1.768124097392861804e+00 5.603336458060788949e+00 6.381968208959362121e-01 7.772231355963075128e-01
3.930000000000000160e+00 1.769653583181507006e+00 5.643467516398704475e+00 6.439126615682546628e-01 7.838954683359943276e-01
3.935000000000000053e+00 1.771188081583099816e+00 5.683848839270703834e+00 6.496757189901181118e-01 7.906211741468296417e-01
3.939999999999999947e+00 1.772727659631656794e+00 5.724481397317447318e+00 6.554862829742155172e-01 7.974006330865849312e-01
3.945000000000000284e+00 1.774272384990179141e+00 5.765366000509224875e+00 6.613447623241888174e-01 8.042342633400334506e-01
3.950000000000000178e+00 1.775822325956536885e+00 5.806503794738638646e+00 6.672515617327315907e-01 8.111225996785346171e-01
3.955000000000000071e+00 1.777377551469432548e+00 5.847896546629188563e+00 6.732069844184090934e-01 8.180659358686823701e-01
3.959999999999999964e+00 1.778938131114458976e+00 5.889544903678510579e+00 6.792115541934720113e-01 8.250649267224520189e-01
3.965000000000000302e+00 1.780504135130244192e+00 5.931450017670738539e+00 6.852655754566463475e-01 8.321199298718715553e-01
3.970000000000000195e+00 1.782075634414699072e+00 5.973613322221850375e+00 6.913695836561706276e-01 8.392315523090586593e-01
3.975000000000000089e+00 1.783652700531359159e+00 6.016035487553502925e+00 6.975238851641153426e-01 8.464001949868920072e-01
3.979999999999999982e+00 1.785235405715812629e+00 6.058718120893611392e+00 7.037290240740764480e-01 8.536264768134532721e-01
3.984999999999999876e+00 1.786823822882243729e+00 6.101662033282712727e+00 7.099853146631236456e-01 8.609107671564204534e-01
3.990000000000000213e+00 1.788418025630066133e+00 6.144868209148673266e+00 7.162931895538580118e-01 8.682535750203158598e-01
3.995000000000000107e+00 1.790018088250662442e+00 6.188338252225096703e+00 7.226530844116678676e-01 8.756554334815165319e-01
4.000000000000000000e+00 1.791624085734228267e+00 6.232072977873391650e+00 7.290655553823116586e-01 8.831169966696614804e-01
