% raindrop T-matrix calculations using the code of Leinonen, J., "Python code for T-matrix scattering calculations". Available at https://github.com/jleinonen/pytmatrix/. 
% 
% refractive index calculations after Ray, P., 1972:  Broadband Complex Refractive Indices of Ice and Water, Appl. Opt. 11, 1836-1844 
% 
% raindrop aspect ratio estimated with the methodology of Brandes, Edward & Zhang, Guifu & Vivekanandan, Jothiram. (2005). Corrigendum. Journal of Applied Meteorology. 44. 186-. 10.1175/1520-0450(2005)44<186:C>2.0.CO;2. 
% 
% wave length: 3.189281 mm 
% temperature: 308.15 K 
% refractive index: 3.845045804977416992e+00 + 2.313719749450683594e+00 i 
% 
%r_eqv[mm]               axial ratio              ext[mm2]                 sca[mm2]                 back[mm2]
5.000000000000000104e-03 9.999900000999989436e-01 3.695598796936836868e-07 1.709360225961762885e-12 2.563808929985942560e-12
1.000000000000000021e-02 9.999900000999989436e-01 2.962009672592323059e-06 1.094332611121306578e-10 1.640906444608754486e-10
1.499999999999999944e-02 9.999900000999989436e-01 1.002825621116903374e-05 1.247161754087685260e-09 1.869224851100761272e-09
2.000000000000000042e-02 9.999900000999989436e-01 2.387640845209255228e-05 7.012467633019713682e-09 1.050355121506943594e-08
2.500000000000000139e-02 9.999900000999989436e-01 4.690249440928646635e-05 2.677541940822729510e-08 4.007290864650644146e-08
2.999999999999999889e-02 9.999900000999989436e-01 8.162291218607339274e-05 8.004211673449871108e-08 1.196756780442404670e-07
3.500000000000000333e-02 9.999900000999989436e-01 1.307087437845315739e-04 2.021079528962813588e-07 3.018337293346776177e-07
4.000000000000000083e-02 9.999900000999989436e-01 1.970222320196488941e-04 4.510330332559783596e-07 6.726900996503838845e-07
4.499999999999999833e-02 9.999900000999989436e-01 2.836554933650180634e-04 9.159800195138087464e-07 1.364085067350240004e-06
5.000000000000000278e-02 9.999900000999989436e-01 3.939717381122988878e-04 1.726961251659788994e-06 2.567524563995994107e-06
5.500000000000000028e-02 9.999900000999989436e-01 5.316492926627305621e-04 3.066052002500698875e-06 4.550062991270449115e-06
5.999999999999999778e-02 9.999900000999989436e-01 7.007282470068899481e-04 5.180134254568967830e-06 7.672127869428834964e-06
6.500000000000000222e-02 9.999900000999989436e-01 9.056606430777259164e-04 8.395239176093328970e-06 1.240731473197672212e-05
7.000000000000000666e-02 9.999900000999989436e-01 1.151363379865588286e-03 1.313258195169920253e-05 1.936421535417286210e-05
7.499999999999999722e-02 9.999900000999989436e-01 1.443275040509474838e-03 1.992635774144344487e-05 2.931030421164368459e-05
8.000000000000000167e-02 9.999900000999989436e-01 1.787416463611053632e-03 2.944343991190052611e-05 4.319801615810081976e-05
8.500000000000000611e-02 9.999900000999989436e-01 2.190454073808992871e-03 4.250503009294525990e-05 6.219301660459827666e-05
8.999999999999999667e-02 9.999900000999989436e-01 2.659768585406491800e-03 6.011046444703554422e-05 8.770490127344767741e-05
9.500000000000000111e-02 9.999900000999989436e-01 3.203526774820350618e-03 8.346322839907967543e-05 1.214203491670868315e-04
1.000000000000000056e-01 9.999900000999989436e-01 3.830756385188492912e-03 1.139993495709199986e-04 1.653389417836766335e-04
1.049999999999999961e-01 9.999900000999989436e-01 4.551426941009416999e-03 1.534184593266718860e-04 2.218120596279608500e-04
1.100000000000000006e-01 9.999900000999989436e-01 5.376532877466340746e-03 2.037173262997361335e-04 2.935845787019646038e-04
1.150000000000000050e-01 9.999900000999989436e-01 6.318179502105857916e-03 2.672265807670239557e-04 3.838404748949180790e-04
1.199999999999999956e-01 9.999900000999989436e-01 7.389674171045862959e-03 3.466502150628143959e-04 4.962518094309792361e-04
1.250000000000000000e-01 9.999900000999989436e-01 8.605618368633076096e-03 4.451088485121738750e-04 6.350327029292611317e-04
1.300000000000000044e-01 9.999900000999989436e-01 9.982001683880430479e-03 5.661856316513913219e-04 8.049968393061979893e-04
1.350000000000000089e-01 9.999900000999989436e-01 1.153629805645814757e-02 7.139769110661884841e-04 1.011621901369928441e-03
1.400000000000000133e-01 9.999900000999989436e-01 1.328756068091909055e-02 8.931459472030488797e-04 1.261118782060189269e-03
1.449999999999999900e-01 9.999900000999989436e-01 1.525651815210256508e-02 1.108981462849796019e-03 1.560508650637734392e-03
1.499999999999999944e-01 9.999900000999989436e-01 1.746566013336478193e-02 1.367459902910225442e-03 1.917706769490791540e-03
1.549999999999999989e-01 9.999900000999989436e-01 1.993933217918229805e-02 1.675311750993098295e-03 2.341614215021854163e-03
1.600000000000000033e-01 9.999900000999989436e-01 2.270380652173188338e-02 2.040095357175129766e-03 2.842223381718465055e-03
1.650000000000000078e-01 9.999900000999989436e-01 2.578735664710879449e-02 2.470270414296672160e-03 3.430726544711365251e-03
1.700000000000000122e-01 9.999900000999989436e-01 2.922031898895962806e-02 2.975282289170270295e-03 4.119644925428675095e-03
1.750000000000000167e-01 9.999900000999989436e-01 3.303512669052537792e-02 3.565645748319367508e-03 4.922962485399655710e-03
1.799999999999999933e-01 9.999900000999989436e-01 3.726634184716741405e-02 4.253037237767572434e-03 5.856278900655587788e-03
1.849999999999999978e-01 9.999900000999989436e-01 4.195066588867463891e-02 5.050389942354374835e-03 6.936974320394154181e-03
1.900000000000000022e-01 1.000338260324268314e+00 4.713325132504725401e-02 5.973683651432042455e-03 8.187062233965885019e-03
1.950000000000000067e-01 1.000344839311130496e+00 5.284308853249449628e-02 7.035635026187095180e-03 9.623247846761150484e-03
2.000000000000000111e-01 1.000357515291503407e+00 5.912882805273769055e-02 8.255003521046565609e-03 1.127167499478390865e-02
2.050000000000000155e-01 1.000376259251188893e+00 6.603529016931231066e-02 9.650804598630421949e-03 1.315883655815207505e-02
2.099999999999999922e-01 1.000401042453005207e+00 7.360905323969731129e-02 1.124384529013246550e-02 1.531406101612030855e-02
2.149999999999999967e-01 1.000431836433301802e+00 8.189830544874057705e-02 1.305682752288274406e-02 1.776974740137406486e-02
2.200000000000000011e-01 1.000468612998516083e+00 9.095262849192686794e-02 1.511445539811141076e-02 2.056161336718487567e-02
2.250000000000000056e-01 1.000511344221778787e+00 1.008227974778593133e-01 1.744353621695494266e-02 2.372893855738663141e-02
2.300000000000000100e-01 1.000560002439564444e+00 1.115605066529168771e-01 2.007306873176139053e-02 2.731479134655057442e-02
2.350000000000000144e-01 1.000614560248383578e+00 1.232181444053474101e-01 2.303432912304295352e-02 3.136624703766922873e-02
2.399999999999999911e-01 1.000674990501522643e+00 1.358485031522845832e-01 2.636093167295562242e-02 3.593456084882010182e-02
2.449999999999999956e-01 1.000741266305821942e+00 1.495044903841395156e-01 3.008887249085078278e-02 4.107530049352260682e-02
2.500000000000000000e-01 1.000813361018499714e+00 1.642388898641262973e-01 3.425657367214138271e-02 4.684845503640588243e-02
2.550000000000000044e-01 1.000891248244015541e+00 1.801041011824607574e-01 3.890483336662987207e-02 5.331837375097552012e-02
2.600000000000000089e-01 1.000974901830975039e+00 1.971518855552995830e-01 4.407684426124686833e-02 6.055377130012941367e-02
2.650000000000000133e-01 1.001064295869075416e+00 2.154332210670387993e-01 4.981807304286037241e-02 6.862747307458727519e-02
2.700000000000000178e-01 1.001159404686088994e+00 2.349980395647738030e-01 5.617614277403450845e-02 7.761612435642920027e-02
2.750000000000000222e-01 1.001260202844886926e+00 2.558951563264977302e-01 6.320069442343878574e-02 8.759980127585012544e-02
2.800000000000000266e-01 1.001366665140501100e+00 2.781721254966675327e-01 7.094311485046388144e-02 9.866136908791624249e-02
2.850000000000000311e-01 1.001478766597222014e+00 3.018751310881077066e-01 7.945630018074738288e-02 1.108858341768842459e-01
2.899999999999999800e-01 1.001596482465736404e+00 3.270488389499029980e-01 8.879427701350520175e-02 1.243594313308440530e-01
2.949999999999999845e-01 1.001719788220298835e+00 3.537363454248578232e-01 9.901178959148014547e-02 1.391686004060927739e-01
2.999999999999999889e-01 1.001848659555939935e+00 3.819789622223759840e-01 1.101638112816681891e-01 1.553988202731740320e-01
3.049999999999999933e-01 1.001983072385710605e+00 4.118160082637412067e-01 1.223050562964998755e-01 1.731334203739453015e-01
3.099999999999999978e-01 1.002123002837959964e+00 4.432844842300317501e-01 1.354892298941602624e-01 1.924519627318432291e-01
3.150000000000000022e-01 1.002268427253648841e+00 4.764187022260826798e-01 1.497684430623755503e-01 2.134289016663075966e-01
3.200000000000000067e-01 1.002419322183694117e+00 5.112496967142827753e-01 1.651924212859999797e-01 2.361319589948035202e-01
3.250000000000000111e-01 1.002575664386349930e+00 5.478047250596063122e-01 1.818077483839118658e-01 2.606205421659742449e-01
3.300000000000000155e-01 1.002737430824617970e+00 5.861063519239132491e-01 1.996569126888453338e-01 2.869439926136627683e-01
3.350000000000000200e-01 1.002904598663692415e+00 6.261715819610331746e-01 2.187775280364048225e-01 3.151401082293448508e-01
3.400000000000000244e-01 1.003077145268434833e+00 6.680110451186814791e-01 2.392013684233918469e-01 3.452335110687971276e-01
3.450000000000000289e-01 1.003255048200880628e+00 7.116278202013639476e-01 2.609536234217768036e-01 3.772344174075910050e-01
3.500000000000000333e-01 1.003438285217776782e+00 7.570164936945890100e-01 2.840519280469120944e-01 4.111371799668289140e-01
3.549999999999999822e-01 1.003626834268148693e+00 8.041619840944730369e-01 3.085056615509891853e-01 4.469193685367913726e-01
3.599999999999999867e-01 1.003820673490896542e+00 8.530388296315293273e-01 3.343152122952396388e-01 4.845408306803805631e-01
3.649999999999999911e-01 1.004019781212422524e+00 9.036101730997845305e-01 3.614715489369105805e-01 5.239434297427388865e-01
3.699999999999999956e-01 1.004224135944284502e+00 9.558271201594490396e-01 3.899556635085924539e-01 5.650505953242835888e-01
3.750000000000000000e-01 1.004433716380879638e+00 1.009628557859148401e+00 4.197384175016844465e-01 6.077675391167315366e-01
3.800000000000000044e-01 1.004648501397155336e+00 1.064940792121325863e+00 4.507804745943644331e-01 6.519818032496819127e-01
3.850000000000000089e-01 1.004868470046347273e+00 1.121677857357073149e+00 4.830326252626127026e-01 6.975643393168621254e-01
3.900000000000000133e-01 1.005093601557745631e+00 1.179741899753237844e+00 5.164360148521024430e-01 7.443704703608503559e-01
3.950000000000000178e-01 1.005323875334485528e+00 1.239024141436829263e+00 5.509227160874509144e-01 7.922413757138661028e-01
4.000000000000000222e-01 1.005559270951367434e+00 1.299406029190819156e+00 5.864169521749635905e-01 8.410066790126672354e-01
4.050000000000000266e-01 1.005799768152698448e+00 1.360760603716031358e+00 6.228356790096962747e-01 8.904858095316184885e-01
4.100000000000000311e-01 1.006045346850164002e+00 1.422954072509678758e+00 6.600899218898444998e-01 9.404906098704122197e-01
4.150000000000000355e-01 1.006295987120720881e+00 1.485847998184353980e+00 6.980863490938856719e-01 9.908281720741894949e-01
4.199999999999999845e-01 1.006551669204517108e+00 1.549301075842950182e+00 7.367282561088075443e-01 1.041302738954195561e+00
4.249999999999999889e-01 1.006812373502834479e+00 1.613171337682757445e+00 7.759174707612377375e-01 1.091718767944196422e+00
4.299999999999999933e-01 1.007078080576055967e+00 1.677318177063673144e+00 8.155554797899580155e-01 1.141882984925507438e+00
4.349999999999999978e-01 1.007348771141657329e+00 1.741604558414742598e+00 8.555449937176059505e-01 1.191606566818857127e+00
4.400000000000000022e-01 1.007624426072219359e+00 1.805898318270231506e+00 8.957911550189090466e-01 1.240707323440815246e+00
4.450000000000000067e-01 1.007905026393466796e+00 1.870074643839825024e+00 9.362028733618010801e-01 1.289011241140150199e+00
4.500000000000000111e-01 1.008190553282325652e+00 1.934017255285314096e+00 9.766941291664856806e-01 1.336354474458299357e+00
4.550000000000000155e-01 1.008480988065006079e+00 1.997619292347951880e+00 1.017184266859334052e+00 1.382583642436576277e+00
4.600000000000000200e-01 1.008776312215104998e+00 2.060784647226992838e+00 1.057599005657297031e+00 1.427556708251766615e+00
4.650000000000000244e-01 1.009076507351731156e+00 2.123428347952719619e+00 1.097871150455565603e+00 1.471144261693622113e+00
4.700000000000000289e-01 1.009381555237651273e+00 2.185477475642460199e+00 1.137940893433877498e+00 1.513229044522192313e+00
4.750000000000000333e-01 1.009691437777457068e+00 2.246870422923592514e+00 1.177755466557572683e+00 1.553705657154011321e+00
4.799999999999999822e-01 1.010006137015752481e+00 2.307557616734573269e+00 1.217269816128575100e+00 1.592480862825584875e+00
4.849999999999999867e-01 1.010325635135361333e+00 2.367500853591999022e+00 1.256446105076704178e+00 1.629472575147842051e+00
4.899999999999999911e-01 1.010649914455556075e+00 2.426672679928234544e+00 1.295253546488091434e+00 1.664609569410387291e+00
4.949999999999999956e-01 1.010978957430304748e+00 2.485056261445602654e+00 1.333668164870644990e+00 1.697830550186593346e+00
5.000000000000000000e-01 1.011312746646537475e+00 2.542644048506787158e+00 1.371672025181872590e+00 1.729082913479999206e+00
5.050000000000000044e-01 1.011651264822433394e+00 2.599437209481272770e+00 1.409253060418522052e+00 1.758322856532145595e+00
5.100000000000000089e-01 1.011994494805724676e+00 2.655445420531361123e+00 1.446404867467640409e+00 1.785513911486506844e+00
5.150000000000000133e-01 1.012342419572020980e+00 2.710685153038796091e+00 1.483125427500301630e+00 1.810625735347529464e+00
5.200000000000000178e-01 1.012695022223150554e+00 2.765178968268636517e+00 1.519417009761459880e+00 1.833633706749036918e+00
5.250000000000000222e-01 1.013052285985520662e+00 2.818955304246032689e+00 1.555285825540750233e+00 1.854518498421060091e+00
5.300000000000000266e-01 1.013414194208494434e+00 2.872046984219390087e+00 1.590741205684725657e+00 1.873264721834060564e+00
5.350000000000000311e-01 1.013780730362787486e+00 2.924491353969135954e+00 1.625795659697888418e+00 1.889861142436188413e+00
5.400000000000000355e-01 1.014151878038878962e+00 2.976328295811217384e+00 1.660463593858088283e+00 1.904299178063070919e+00
5.450000000000000400e-01 1.014527620945441466e+00 3.027600965275712763e+00 1.694761812936294243e+00 1.916573238025869097e+00
5.500000000000000444e-01 1.014907942907788518e+00 3.078354496765506099e+00 1.728708718487803830e+00 1.926680167406229494e+00
5.550000000000000488e-01 1.015292827866336012e+00 3.128635911796521896e+00 1.762324261207925069e+00 1.934618950044382668e+00
5.600000000000000533e-01 1.015682259875082316e+00 3.178493072354731108e+00 1.795629230116500441e+00 1.940390201880979104e+00
5.650000000000000577e-01 1.016076223100103704e+00 3.227975201209190015e+00 1.828645834523543234e+00 1.943996905215899629e+00
5.700000000000000622e-01 1.016474701818065096e+00 3.277131594149079952e+00 1.861396236007395455e+00 1.945442694560645780e+00
5.750000000000000666e-01 1.016877680414747243e+00 3.326012361969336251e+00 1.893904065333545494e+00 1.944734059803869375e+00
5.799999999999999600e-01 1.017285143383589441e+00 3.374667394123694653e+00 1.926193022688140077e+00 1.941878931011443266e+00
5.849999999999999645e-01 1.017697075324246692e+00 3.423146580301504649e+00 1.958287190609586670e+00 1.936886811257259478e+00
5.899999999999999689e-01 1.018113460941162618e+00 3.471499331002922517e+00 1.990210644220117286e+00 1.929768763667320863e+00
5.949999999999999734e-01 1.018534285042156151e+00 3.519775324818413154e+00 2.021988459937619886e+00 1.920539035587614185e+00
5.999999999999999778e-01 1.018959532537025314e+00 3.568023010373595039e+00 2.053645155089249830e+00 1.909213128750187449e+00
6.049999999999999822e-01 1.019389188436160998e+00 3.616290676976497753e+00 2.085205634835153088e+00 1.895809394007285764e+00
6.099999999999999867e-01 1.019823237849180497e+00 3.664626134003574620e+00 2.116695246279143294e+00 1.880349177212089495e+00
6.149999999999999911e-01 1.020261665983570154e+00 3.713075794640408489e+00 2.148138650341207434e+00 1.862855840116430794e+00
6.199999999999999956e-01 1.020704458143344873e+00 3.761686755527741344e+00 2.179561925822021351e+00 1.843357184940567217e+00
6.250000000000000000e-01 1.021151599727719406e+00 3.810503903065612263e+00 2.210989902342960889e+00 1.821883155808764920e+00
6.300000000000000044e-01 1.021603076229795626e+00 3.859572089764705005e+00 2.242447933496412027e+00 1.798467629463844197e+00
6.350000000000000089e-01 1.022058873235258902e+00 3.908935793940295333e+00 2.273962387027184118e+00 1.773149402021702903e+00
6.400000000000000133e-01 1.022518976421092685e+00 3.958637746134880508e+00 2.305558204085622176e+00 1.745969884207701162e+00
6.450000000000000178e-01 1.022983371554301524e+00 4.008720431739504875e+00 2.337261365279875047e+00 1.716975893759457916e+00
6.500000000000000222e-01 1.023452044490649859e+00 4.059225686736986027e+00 2.369098101352201002e+00 1.686219024565658753e+00
6.550000000000000266e-01 1.023924981173411908e+00 4.110193375652981373e+00 2.401093489496259892e+00 1.653754514122500741e+00
6.600000000000000311e-01 1.024402167632133542e+00 4.161663798116838286e+00 2.433274061102985275e+00 1.619644151249181929e+00
6.650000000000000355e-01 1.024883589981409493e+00 4.213675404426463267e+00 2.465665527722855632e+00 1.583954315191222761e+00
6.700000000000000400e-01 1.025369234419667430e+00 4.266266187147233602e+00 2.498294095556982342e+00 1.546757254417979732e+00
6.750000000000000444e-01 1.025859087227968924e+00 4.319472020503557275e+00 2.531184913664985103e+00 1.508130161027513294e+00
6.800000000000000488e-01 1.026353134768820174e+00 4.373329022292011814e+00 2.564364475108620756e+00 1.468157356967818794e+00
6.850000000000000533e-01 1.026851363484993174e+00 4.427871051150279236e+00 2.597857874827253610e+00 1.426927998364728944e+00
6.900000000000000577e-01 1.027353759898360641e+00 4.483131458355991583e+00 2.631691040243177682e+00 1.384538182106551885e+00
6.950000000000000622e-01 1.027860310608740946e+00 4.539141312081440560e+00 2.665888127560958054e+00 1.341089791966076028e+00
7.000000000000000666e-01 1.028371002292754355e+00 4.595931180543421313e+00 2.700475188933678883e+00 1.296691154393485146e+00
7.049999999999999600e-01 1.028885821702690384e+00 4.653529096015851962e+00 2.735475452030074361e+00 1.251456062264723723e+00
7.099999999999999645e-01 1.029404755665387139e+00 4.711962579273811791e+00 2.770913921441482408e+00 1.205506434588965226e+00
7.149999999999999689e-01 1.029927791081118427e+00 4.771256517862610735e+00 2.806813166845261609e+00 1.158968755925048999e+00
7.199999999999999734e-01 1.030454914922495746e+00 4.831434008098936417e+00 2.843195745360456161e+00 1.111975841503289208e+00
7.249999999999999778e-01 1.030986114233377604e+00 4.892517362134853443e+00 2.880084536597061984e+00 1.064667616949317663e+00
7.299999999999999822e-01 1.031521376127789047e+00 4.954525476352976021e+00 2.917499994721137302e+00 1.017188242433303413e+00
7.349999999999999867e-01 1.032060687788854958e+00 5.017475607021165018e+00 2.955462424460729043e+00 9.696884574190157702e-01
7.399999999999999911e-01 1.032604036467738684e+00 5.081383031453691856e+00 2.993991191121848416e+00 9.223238891087878200e-01
7.449999999999999956e-01 1.033151409482594651e+00 5.146260378173121097e+00 3.033104221342873608e+00 8.752550895728558045e-01
7.500000000000000000e-01 1.033702794217528753e+00 5.212118102154542854e+00 3.072818435703486450e+00 8.286468993915452330e-01
7.550000000000000044e-01 1.034258178121568061e+00 5.278964278345944727e+00 3.113149679921915158e+00 7.826685846381585820e-01
7.600000000000000089e-01 1.034817548707643198e+00 5.346803877995884413e+00 3.154111433573574708e+00 7.374922619264321355e-01
7.650000000000000133e-01 1.035380893551575587e+00 5.415640242238830560e+00 3.195717450887813005e+00 6.932943854255186888e-01
7.700000000000000178e-01 1.035948200291078702e+00 5.485472830645463205e+00 3.237977779914186005e+00 6.502518478831036397e-01
7.750000000000000222e-01 1.036519456624765523e+00 5.556299460007329216e+00 3.280902664279136793e+00 6.085448155432722217e-01
7.800000000000000266e-01 1.037094650311166655e+00 5.628114650921914652e+00 3.324499371136887316e+00 5.683537489766826711e-01
7.850000000000000311e-01 1.037673769167756666e+00 5.700910805071401022e+00 3.368774750992104661e+00 5.298598832591687735e-01
7.900000000000000355e-01 1.038256801069989743e+00 5.774676704532274663e+00 3.413732033318888082e+00 4.932429559438666899e-01
7.950000000000000400e-01 1.038843733950345127e+00 5.849399511446360833e+00 3.459374350759258032e+00 4.586827040425600077e-01
8.000000000000000444e-01 1.039434555797379867e+00 5.925062821983942740e+00 3.505701697871886235e+00 4.263556723503137968e-01
8.050000000000000488e-01 1.040029254654790458e+00 6.001648367370824744e+00 3.552712922484409397e+00 3.964362458010415868e-01
8.100000000000000533e-01 1.040627818620484257e+00 6.079134930304336493e+00 3.600404778675464712e+00 3.690945647776887606e-01
8.150000000000000577e-01 1.041230235845658436e+00 6.157499063107795045e+00 3.648771623926540641e+00 3.444960594599247306e-01
8.200000000000000622e-01 1.041836494533886492e+00 6.236715529689926818e+00 3.697807011606184524e+00 3.228009581340630652e-01
8.250000000000000666e-01 1.042446582940215416e+00 6.316756118160326672e+00 3.747501379890435302e+00 3.041629482042030319e-01
8.300000000000000711e-01 1.043060489370268407e+00 6.397590894902545955e+00 3.797844073298628498e+00 2.887287623271338477e-01
8.349999999999999645e-01 1.043678202179357140e+00 6.479188689099108167e+00 3.848823037441499118e+00 2.766369419925862050e-01
8.399999999999999689e-01 1.044299709771603135e+00 6.561516130359270171e+00 3.900423974080604150e+00 2.680178443297490110e-01
8.449999999999999734e-01 1.044925000599063569e+00 6.644538533430108806e+00 3.952631137864325517e+00 2.629918178738223089e-01
8.499999999999999778e-01 1.045554063160868408e+00 6.728220098283984818e+00 4.005427341524521623e+00 2.616696305101133269e-01
8.549999999999999822e-01 1.046186886002363758e+00 6.812523842954888664e+00 4.058794174989590609e+00 2.641513286983350750e-01
8.599999999999999867e-01 1.046823457714263217e+00 6.897411891577287513e+00 4.112711479234879342e+00 2.705258609514796797e-01
8.649999999999999911e-01 1.047463766931806317e+00 6.982846162256407752e+00 4.167158604447066317e+00 2.808703879386119096e-01
8.699999999999999956e-01 1.048107802333925420e+00 7.068787824008414766e+00 4.222113341052861735e+00 2.952503925249252981e-01
8.750000000000000000e-01 1.048755552642418598e+00 7.155198059392526844e+00 4.277553118803796295e+00 3.137185568861466933e-01
8.800000000000000044e-01 1.049407006621131844e+00 7.242038198713128594e+00 4.333454286773457120e+00 3.363155018769353188e-01
8.850000000000000089e-01 1.050062153075147497e+00 7.329269960032153364e+00 4.389792612634314750e+00 3.630684007098852750e-01
8.900000000000000133e-01 1.050720980849978670e+00 7.416855762591647583e+00 4.446543963513967412e+00 3.939921783287512191e-01
8.950000000000000178e-01 1.051383478830772988e+00 7.504758198451854767e+00 4.503683197210385458e+00 4.290882974102415148e-01
9.000000000000000222e-01 1.052049635941522787e+00 7.592941225831252083e+00 4.561185241911797306e+00 4.683459496144909417e-01
9.050000000000000266e-01 1.052719441144281065e+00 7.681370136422728478e+00 4.619025537867592845e+00 5.117405947124213927e-01
9.100000000000000311e-01 1.053392883438386107e+00 7.770011200140074514e+00 4.677179398835435542e+00 5.592359012259439099e-01
9.150000000000000355e-01 1.054069951859691656e+00 7.858832681783995966e+00 4.735622240912277903e+00 6.107829285337493808e-01
9.200000000000000400e-01 1.054750635479804632e+00 7.947803867857536453e+00 4.794329871219657591e+00 6.663201761735407791e-01
9.250000000000000444e-01 1.055434923405329073e+00 8.036895844642476305e+00 4.853278634111210188e+00 7.257752636434122717e-01
9.300000000000000488e-01 1.056122804777117841e+00 8.126082475440012942e+00 4.912446196087357109e+00 7.890635663103007236e-01
9.350000000000000533e-01 1.056814268769528553e+00 8.215338826685110618e+00 4.971810219686949139e+00 8.560897536626829174e-01
9.400000000000000577e-01 1.057509304589689725e+00 8.304642824547320501e+00 5.031350243089445229e+00 9.267480328604317252e-01
9.450000000000000622e-01 1.058207901476769797e+00 8.393973374031324042e+00 5.091044812640529216e+00 1.000922478659095116e+00
9.500000000000000666e-01 1.058910048701254603e+00 8.483313014323986323e+00 5.150876128724002356e+00 1.078488056993506028e+00
9.550000000000000711e-01 1.059615735564230832e+00 8.572645784418293502e+00 5.210825708455108618e+00 1.159310165727769348e+00
9.599999999999999645e-01 1.060324951396675930e+00 8.661958241677028880e+00 5.270876843864001238e+00 1.243245817715221913e+00
9.649999999999999689e-01 1.061037685558753330e+00 8.751240826640954040e+00 5.331013741008559848e+00 1.330148719027736348e+00
9.699999999999999734e-01 1.061753927439116119e+00 8.840481795245411334e+00 5.391222832925027575e+00 1.419852562162811749e+00
9.749999999999999778e-01 1.062473666454213594e+00 8.929676172031200565e+00 5.451491046590041023e+00 1.512196572929412008e+00
9.799999999999999822e-01 1.063196892047607145e+00 9.018820232319265884e+00 5.511807302218499238e+00 1.607009380127631504e+00
9.849999999999999867e-01 1.063923593689290348e+00 9.107911427283928774e+00 5.572160867328872946e+00 1.704113440292275961e+00
9.899999999999999911e-01 1.064653760875015509e+00 9.196950744870552086e+00 5.632543659230474731e+00 1.803328024760830761e+00
9.949999999999999956e-01 1.065387383125626419e+00 9.285940391397403459e+00 5.692948301497665398e+00 1.904465530413769425e+00
1.000000000000000000e+00 1.066124449986396217e+00 9.374885088513972065e+00 5.753368941907493372e+00 2.007335130336934892e+00
1.005000000000000115e+00 1.066864951026373021e+00 9.463800853459018114e+00 5.813810251732449252e+00 2.111739399852488042e+00
1.010000000000000009e+00 1.067608875837728233e+00 9.552687130563814577e+00 5.874260616389054945e+00 2.217483955796110795e+00
1.015000000000000124e+00 1.068356214035114826e+00 9.641554352677758288e+00 5.934717917040170043e+00 2.324368490230045659e+00
1.020000000000000018e+00 1.069106955255026969e+00 9.730415068117176602e+00 5.995182165965246668e+00 2.432191148796045255e+00
1.024999999999999911e+00 1.069861089155168976e+00 9.819282939815815681e+00 6.055654381477124204e+00 2.540746610179734244e+00
1.030000000000000027e+00 1.070618605413826918e+00 9.908173097130692497e+00 6.116136460073645864e+00 2.649829302856087754e+00
1.034999999999999920e+00 1.071379493729249344e+00 9.997102238132923091e+00 6.176631374026005261e+00 2.759232466593425581e+00
1.040000000000000036e+00 1.072143743819029771e+00 1.008608896001791422e+01 6.237144540880033006e+00 2.868748211702826900e+00
1.044999999999999929e+00 1.072911345419497398e+00 1.017515251605330207e+01 6.297681122341630022e+00 2.978169826717223856e+00
1.050000000000000044e+00 1.073682288285112474e+00 1.026431377109721765e+01 6.358248350779517999e+00 3.087289552505651180e+00
1.054999999999999938e+00 1.074456562187866782e+00 1.035359352953653023e+01 6.418853395802714523e+00 3.195898321182433222e+00
1.060000000000000053e+00 1.075234156916690775e+00 1.044301520087355861e+01 6.479505786265089107e+00 3.303793001347851366e+00
1.064999999999999947e+00 1.076015062276864054e+00 1.053260151074580975e+01 6.540214882080781500e+00 3.410765640025634315e+00
1.070000000000000062e+00 1.076799268089433603e+00 1.062237671062355027e+01 6.600991275265715608e+00 3.516614402486336832e+00
1.074999999999999956e+00 1.077586764190635593e+00 1.071236521916222806e+01 6.661846236482669603e+00 3.621136541004724041e+00
1.080000000000000071e+00 1.078377540431322945e+00 1.080259201758439502e+01 6.722791753201198262e+00 3.724132533462072292e+00
1.084999999999999964e+00 1.079171586676399119e+00 1.089308281394449018e+01 6.783841001585327213e+00 3.825405307658034992e+00
1.090000000000000080e+00 1.079968892804255898e+00 1.098386307845331622e+01 6.845007156140165527e+00 3.924760654024372464e+00
1.094999999999999973e+00 1.080769448706216718e+00 1.107495906909359284e+01 6.906304351142184217e+00 4.022008329915662372e+00
1.100000000000000089e+00 1.081573244285985780e+00 1.116639633119306829e+01 6.967746919700569919e+00 4.116959510285075119e+00
1.104999999999999982e+00 1.082380269459101152e+00 1.125820121821040587e+01 7.029350025740983554e+00 4.209432103206574460e+00
1.110000000000000098e+00 1.083190514152395201e+00 1.135039893891612905e+01 7.091128584654693867e+00 4.299245676479519496e+00
1.114999999999999991e+00 1.084003968303457022e+00 1.144301510211204054e+01 7.153098125459247392e+00 4.386226581501959210e+00
1.120000000000000107e+00 1.084820621860102863e+00 1.153607606664963292e+01 7.215275593804304499e+00 4.470205844548742036e+00
1.125000000000000000e+00 1.085640464779849657e+00 1.162960073195659660e+01 7.277674641786354037e+00 4.551017854857230205e+00
1.130000000000000115e+00 1.086463487029394992e+00 1.172362291495831244e+01 7.340314491980725720e+00 4.628505478322116673e+00
1.135000000000000009e+00 1.087289678584100638e+00 1.181816202579335240e+01 7.403209672266956254e+00 4.702515901186749225e+00
1.140000000000000124e+00 1.088119029427482509e+00 1.191324161474759968e+01 7.466377143374246295e+00 4.772903500922343945e+00
1.145000000000000018e+00 1.088951529550704622e+00 1.200888359991197163e+01 7.529832904535849636e+00 4.839530100732739371e+00
1.150000000000000133e+00 1.089787168952079055e+00 1.210510962064310370e+01 7.593592713713745113e+00 4.902264454013295136e+00
1.155000000000000027e+00 1.090625937636568565e+00 1.220194050604412617e+01 7.657673137793178597e+00 4.960982654540807779e+00
1.159999999999999920e+00 1.091467825615297427e+00 1.229939613377554863e+01 7.722089791341409715e+00 5.015570697508583642e+00
1.165000000000000036e+00 1.092312822905064262e+00 1.239749535820274851e+01 7.786858333526181397e+00 5.065921829337137083e+00
1.169999999999999929e+00 1.093160919527861763e+00 1.249625512809037708e+01 7.851993247978570345e+00 5.111937195468456707e+00
1.175000000000000044e+00 1.094012105510399513e+00 1.259569311580924911e+01 7.917510400309407892e+00 5.153531142312847813e+00
1.179999999999999938e+00 1.094866370883633921e+00 1.269582338087434081e+01 7.983422803532277179e+00 5.190623827875780805e+00
1.185000000000000053e+00 1.095723705682299487e+00 1.279666111181590082e+01 8.049745554117482271e+00 5.223146495453854676e+00
1.189999999999999947e+00 1.096584099944449830e+00 1.289821838767180218e+01 8.116491304806192630e+00 5.251042810269022532e+00
1.195000000000000062e+00 1.097447543710998508e+00 1.300050628499428740e+01 8.183672428639683361e+00 5.274264786996582188e+00
1.199999999999999956e+00 1.098314027025267592e+00 1.310353619837690609e+01 8.251302056895610804e+00 5.292779384341653959e+00
1.205000000000000071e+00 1.099183539932540254e+00 1.320731555038663174e+01 8.319390665444890587e+00 5.306559232313360575e+00
1.209999999999999964e+00 1.100056072479618674e+00 1.331185025813352851e+01 8.387949403360160261e+00 5.315591140423224559e+00
1.215000000000000080e+00 1.100931614714385054e+00 1.341715044977888027e+01 8.456988867260493592e+00 5.319880748511295998e+00
1.219999999999999973e+00 1.101810156685369746e+00 1.352321779081330888e+01 8.526517368183466061e+00 5.319435983443336013e+00
1.225000000000000089e+00 1.102691688441321372e+00 1.363005556715795308e+01 8.596543519091667918e+00 5.314281269987214174e+00
1.229999999999999982e+00 1.103576200030784493e+00 1.373766503560910834e+01 8.667074546283284775e+00 5.304452545544937614e+00
1.235000000000000098e+00 1.104463681501680172e+00 1.384604704016899213e+01 8.738117988318679252e+00 5.290001585220901248e+00
1.239999999999999991e+00 1.105354122900890967e+00 1.395519960959310701e+01 8.809678974792429784e+00 5.270988871840732060e+00
1.245000000000000107e+00 1.106247514273852595e+00 1.406511990582755622e+01 8.881762613141994223e+00 5.247489585721783811e+00
1.250000000000000000e+00 1.107143845664148030e+00 1.417580365750837146e+01 8.954372818481921570e+00 5.219591097875302843e+00
1.255000000000000115e+00 1.108043107113107384e+00 1.428724609253727174e+01 9.027513119876090286e+00 5.187394580558820856e+00
1.260000000000000009e+00 1.108945288659413109e+00 1.439943950907417047e+01 9.101185137315958684e+00 5.151012863597538960e+00
1.265000000000000124e+00 1.109850380338708309e+00 1.451237598806441298e+01 9.175390282731477498e+00 5.110569700074496957e+00
1.270000000000000018e+00 1.110758372183210829e+00 1.462604683288149587e+01 9.250129463452829270e+00 5.066204155937191977e+00
1.275000000000000133e+00 1.111669254221331116e+00 1.474044008520426807e+01 9.325400566039228067e+00 5.018063151953628065e+00
1.280000000000000027e+00 1.112583016477296738e+00 1.485554551224646325e+01 9.401203705032497027e+00 4.966309247132643989e+00
1.284999999999999920e+00 1.113499648970778022e+00 1.497134942190164786e+01 9.477535498121032020e+00 4.911114598617965399e+00
1.290000000000000036e+00 1.114419141716522343e+00 1.508783890169400088e+01 9.554393228268651228e+00 4.852660898032605807e+00
1.294999999999999929e+00 1.115341484723989307e+00 1.520499923962608513e+01 9.631773204431711477e+00 4.791143176624917288e+00
1.300000000000000044e+00 1.116266667996994588e+00 1.532281492299008896e+01 9.709670086428427993e+00 4.726763843489649730e+00
1.304999999999999938e+00 1.117194681533353773e+00 1.544126921943225561e+01 9.788077396673376285e+00 4.659734359122039926e+00
1.310000000000000053e+00 1.118125515324534858e+00 1.556034655988022841e+01 9.866990214130133552e+00 4.590278604806258933e+00
1.314999999999999947e+00 1.119059159355313193e+00 1.568002752090811036e+01 9.946400905906145340e+00 4.518627413542366078e+00
1.320000000000000062e+00 1.119995603603431533e+00 1.580029727633647063e+01 1.002630202229747525e+01 4.445015289278138049e+00
1.324999999999999956e+00 1.120934838039265857e+00 1.592113563913369134e+01 1.010668457937782350e+01 4.369687578833193697e+00
1.330000000000000071e+00 1.121876852625492305e+00 1.604252486427565927e+01 1.018754039654633559e+01 4.292894872135448736e+00
1.334999999999999964e+00 1.122821637316764765e+00 1.616444538663690267e+01 1.026885896042636048e+01 4.214894049128290909e+00
1.340000000000000080e+00 1.123769182059389804e+00 1.628687976480269484e+01 1.035063238953492082e+01 4.135949084919971597e+00
1.344999999999999973e+00 1.124719476791012696e+00 1.640980772394138754e+01 1.043284879700749812e+01 4.056322921615398869e+00
1.350000000000000089e+00 1.125672511440304557e+00 1.653321181960803088e+01 1.051549826765699258e+01 3.976284905695651073e+00
1.354999999999999982e+00 1.126628275926654377e+00 1.665707238239917132e+01 1.059856969113837621e+01 3.896107080444867865e+00
1.360000000000000098e+00 1.127586760159866808e+00 1.678137179556127023e+01 1.068205198581559578e+01 3.816063011393360682e+00
1.364999999999999991e+00 1.128547954039863965e+00 1.690609207249693213e+01 1.076593432992385857e+01 3.736428876624177775e+00
1.370000000000000107e+00 1.129511847456391438e+00 1.703121481532070547e+01 1.085020393279387463e+01 3.657477966987471074e+00
1.375000000000000000e+00 1.130478430288730518e+00 1.715672387036171997e+01 1.093485065812748935e+01 3.579486361129648575e+00
1.380000000000000115e+00 1.131447692405412875e+00 1.728260240969841277e+01 1.101986261128384648e+01 3.502728206146997536e+00
1.385000000000000009e+00 1.132419623663941444e+00 1.740883514690628076e+01 1.110522871189423100e+01 3.427474231958713258e+00
1.390000000000000124e+00 1.133394213910515980e+00 1.753540550645141138e+01 1.119093648001266317e+01 3.353995569379098818e+00
1.395000000000000018e+00 1.134371452979762385e+00 1.766230018258645984e+01 1.127697522837137178e+01 3.282557528419551840e+00
1.400000000000000133e+00 1.135351330694467364e+00 1.778950553370527388e+01 1.136333431425039997e+01 3.213422340480408756e+00
1.405000000000000027e+00 1.136333836865317526e+00 1.791700862858456844e+01 1.145000275778338406e+01 3.146849911785576825e+00
1.409999999999999920e+00 1.137318961290643582e+00 1.804479789828415903e+01 1.153696999090547592e+01 3.083090743378426257e+00
1.415000000000000036e+00 1.138306693756168331e+00 1.817286241454920059e+01 1.162422599930307143e+01 3.022393307561582088e+00
1.419999999999999929e+00 1.139297024034760630e+00 1.830119241955353004e+01 1.171176070625050158e+01 2.964997265484797584e+00
1.425000000000000044e+00 1.140289941886192482e+00 1.842977930869509251e+01 1.179956543232672672e+01 2.911137479665189876e+00
1.429999999999999938e+00 1.141285437056903218e+00 1.855861483675857571e+01 1.188763004985933591e+01 2.861039073129289179e+00
1.435000000000000053e+00 1.142283499279765024e+00 1.868769324969735024e+01 1.197594768884368222e+01 2.814921670858662406e+00
1.439999999999999947e+00 1.143284118273856675e+00 1.881700791393904737e+01 1.206450904997752360e+01 2.772995365300359616e+00
1.445000000000000062e+00 1.144287283744239936e+00 1.894655499663520715e+01 1.215330735060337375e+01 2.735461095706124723e+00
1.449999999999999956e+00 1.145292985381740625e+00 1.907633160131544159e+01 1.224233666030286116e+01 2.702510840393345326e+00
1.455000000000000071e+00 1.146301212862736563e+00 1.920633461654319163e+01 1.233158971152268180e+01 2.674328719500073337e+00
1.459999999999999964e+00 1.147311955848947074e+00 1.933656372184389838e+01 1.242106130829138166e+01 2.651085652472885634e+00
1.465000000000000080e+00 1.148325203987230259e+00 1.946701781311328006e+01 1.251074636132339180e+01 2.632944848799954940e+00
1.469999999999999973e+00 1.149340946909383598e+00 1.959769858551427291e+01 1.260064051616211067e+01 2.620058299013366732e+00
1.475000000000000089e+00 1.150359174231948334e+00 1.972860806069811801e+01 1.269074026383129095e+01 2.612567777799932323e+00
1.479999999999999982e+00 1.151379875556021837e+00 1.985974941748183298e+01 1.278104263754520531e+01 2.610602144887145482e+00
1.485000000000000098e+00 1.152403040467071982e+00 1.999112576229811467e+01 1.287154431221106066e+01 2.614281853362523389e+00
1.489999999999999991e+00 1.153428658534756623e+00 2.012274152268524219e+01 1.296224568257762400e+01 2.623712460282477288e+00
1.495000000000000107e+00 1.154456719312749513e+00 2.025460637962092392e+01 1.305314426684418905e+01 2.638993208981727179e+00
1.500000000000000000e+00 1.155487212338569769e+00 2.038672412867100547e+01 1.314423882964429069e+01 2.660206859571017102e+00
1.505000000000000115e+00 1.156520127133416675e+00 2.051910387635348698e+01 1.323553142511158853e+01 2.687426097115024337e+00
1.510000000000000009e+00 1.157555453202008700e+00 2.065175395458640040e+01 1.332702210404076482e+01 2.720710981476970325e+00
1.515000000000000124e+00 1.158593180032429393e+00 2.078468299597248858e+01 1.341871168194883523e+01 2.760110678239840354e+00
1.520000000000000018e+00 1.159633297095975069e+00 2.091790178082633744e+01 1.351060355128512214e+01 2.805661644129609833e+00
1.525000000000000133e+00 1.160675793847010029e+00 2.105142092413570154e+01 1.360269983516512227e+01 2.857389097592673011e+00
1.530000000000000027e+00 1.161720659722826676e+00 2.118525149077920133e+01 1.369500313687350612e+01 2.915304229798826086e+00
1.535000000000000142e+00 1.162767884143507846e+00 2.131940541876143413e+01 1.378751762959826266e+01 2.979408066582287518e+00
1.540000000000000036e+00 1.163817456511797577e+00 2.145389636332926031e+01 1.388024916348398463e+01 3.049688960140795047e+00
1.544999999999999929e+00 1.164869366212974766e+00 2.158873611031071249e+01 1.397320071811165221e+01 3.126122122878096210e+00
1.550000000000000044e+00 1.165923602614732379e+00 2.172393808584984498e+01 1.406637812177497437e+01 3.208673001538658198e+00
1.554999999999999938e+00 1.166980155067061542e+00 2.185951681786550793e+01 1.415978766524037979e+01 3.297292381947549700e+00
1.560000000000000053e+00 1.168039012902141183e+00 2.199548596921191290e+01 1.425343518488075034e+01 3.391920704538295972e+00
1.564999999999999947e+00 1.169100165434231231e+00 2.213185884074001564e+01 1.434732683462650904e+01 3.492488016568610298e+00
1.570000000000000062e+00 1.170163601959574473e+00 2.226865214077579580e+01 1.444147164089836721e+01 3.598909585677411815e+00
1.574999999999999956e+00 1.171229311756297298e+00 2.240587939592318634e+01 1.453587539996090960e+01 3.711090191639113911e+00
1.580000000000000071e+00 1.172297284084322211e+00 2.254355422617980409e+01 1.463054508731453396e+01 3.828924523116599588e+00
1.584999999999999964e+00 1.173367508185281460e+00 2.268169346659999874e+01 1.472549051873659209e+01 3.952295701062360056e+00
1.590000000000000080e+00 1.174439973282435989e+00 2.282031059962931963e+01 1.482071922868107094e+01 4.081073530723140053e+00
1.594999999999999973e+00 1.175514668580601496e+00 2.295942064754140688e+01 1.491623963748672921e+01 4.215119657725131752e+00
1.600000000000000089e+00 1.176591583266077601e+00 2.309903773931026549e+01 1.501205999623018883e+01 4.354284305321398207e+00
1.604999999999999982e+00 1.177670706506583453e+00 2.323917648092056965e+01 1.510818933544408083e+01 4.498404016025664198e+00
1.610000000000000098e+00 1.178752027451198003e+00 2.337985179556265791e+01 1.520463739753300025e+01 4.647311937583459951e+00
1.614999999999999991e+00 1.179835535230304933e+00 2.352107565228321562e+01 1.530141311624438494e+01 4.800816866937080540e+00
1.620000000000000107e+00 1.180921218955544472e+00 2.366286379870570755e+01 1.539852483648129144e+01 4.958742712189235569e+00
1.625000000000000000e+00 1.182009067719768769e+00 2.380522769600402100e+01 1.549598108809345653e+01 5.120884845425733189e+00
1.630000000000000115e+00 1.183099070597002811e+00 2.394818099314771587e+01 1.559379215420091391e+01 5.287030853345219938e+00
1.635000000000000009e+00 1.184191216642411337e+00 2.409173574946729346e+01 1.569196723999074905e+01 5.456965581899442697e+00
1.640000000000000124e+00 1.185285494892271307e+00 2.423590340564367551e+01 1.579051450601198070e+01 5.630462533950470139e+00
1.645000000000000018e+00 1.186381894363947032e+00 2.438069495484028693e+01 1.588944289639371732e+01 5.807287335250141069e+00
1.650000000000000133e+00 1.187480404055874628e+00 2.452612191637476613e+01 1.598876189891798205e+01 5.987199022610893984e+00
1.655000000000000027e+00 1.188581012947548476e+00 2.467219353134986903e+01 1.608847925323961192e+01 6.169946498904387511e+00
1.660000000000000142e+00 1.189683709999514560e+00 2.481891932113266819e+01 1.618860396211563213e+01 6.355278155882811753e+00
1.665000000000000036e+00 1.190788484153369131e+00 2.496630797601191176e+01 1.628914348520648403e+01 6.542930394959638463e+00
1.669999999999999929e+00 1.191895324331762041e+00 2.511436756089066691e+01 1.639010642493751391e+01 6.732634519319804056e+00
1.675000000000000044e+00 1.193004219438406732e+00 2.526310578486562974e+01 1.649150044225269696e+01 6.924120020517615437e+00
1.679999999999999938e+00 1.194115158358093565e+00 2.541252824767934371e+01 1.659333203107232180e+01 7.117108331722911352e+00
1.685000000000000053e+00 1.195228129956711127e+00 2.556264176124188481e+01 1.669560920822161876e+01 7.311317674454111959e+00
1.689999999999999947e+00 1.196343123081270665e+00 2.571345000111063683e+01 1.679833736751811557e+01 7.506465820886051077e+00
1.695000000000000062e+00 1.197460126559938276e+00 2.586495885456111665e+01 1.690152423909258061e+01 7.702260261867242441e+00
1.699999999999999956e+00 1.198579129202069993e+00 2.601717059205121529e+01 1.700517433713256921e+01 7.898414257475328881e+00
1.705000000000000071e+00 1.199700119798254416e+00 2.617008774372003543e+01 1.710929347754132479e+01 8.094633268294613160e+00
1.709999999999999964e+00 1.200823087120360011e+00 2.632371297346582040e+01 1.721388682658842129e+01 8.290625256090825346e+00
1.715000000000000080e+00 1.201948019921588173e+00 2.647804689462482841e+01 1.731895888669460959e+01 8.486094332544595886e+00
1.719999999999999973e+00 1.203074906936531852e+00 2.663308998858840937e+01 1.742451406195645092e+01 8.680749179594243969e+00
1.725000000000000089e+00 1.204203736881238829e+00 2.678884146166187818e+01 1.753055564315271653e+01 8.874294067829817223e+00
1.729999999999999982e+00 1.205334498453282777e+00 2.694530017168755620e+01 1.763708708398666403e+01 9.066439691022067038e+00
1.735000000000000098e+00 1.206467180331836975e+00 2.710246433329935911e+01 1.774411087242557983e+01 9.256893363367815653e+00
1.739999999999999991e+00 1.207601771177756689e+00 2.726033071096171767e+01 1.785162899175732321e+01 9.445371503826306636e+00
1.745000000000000107e+00 1.208738259633664436e+00 2.741889604996774210e+01 1.795964356110908611e+01 9.631588116792658028e+00
1.750000000000000000e+00 1.209876634324042799e+00 2.757815696635815073e+01 1.806815680036062233e+01 9.815266181294195036e+00
1.755000000000000115e+00 1.211016883855332349e+00 2.773810751343575376e+01 1.817716755453974997e+01 9.996129401701663753e+00
1.760000000000000009e+00 1.212158996816034451e+00 2.789874284712967523e+01 1.828667747696835022e+01 1.017390835647095848e+01
1.765000000000000124e+00 1.213302961776821398e+00 2.806005615186275648e+01 1.839668506642289714e+01 1.034834075652526053e+01
1.770000000000000018e+00 1.214448767290650766e+00 2.822204184824622786e+01 1.850719132132488554e+01 1.051916902336552262e+01
1.775000000000000133e+00 1.215596401892885980e+00 2.838469187066654698e+01 1.861819345239705825e+01 1.068614552479369273e+01
1.780000000000000027e+00 1.216745854101423552e+00 2.854799959784941521e+01 1.872969153517214380e+01 1.084902834502170421e+01
1.785000000000000142e+00 1.217897112416823635e+00 2.871196852622977858e+01 1.884168516737152999e+01 1.100760188965556452e+01
1.790000000000000036e+00 1.219050165322449919e+00 2.887656587538653596e+01 1.895416627417797173e+01 1.116160878923762034e+01
1.794999999999999929e+00 1.220205001284612623e+00 2.904179537972989777e+01 1.906713614365219200e+01 1.131085055991176169e+01
1.800000000000000044e+00 1.221361608752716377e+00 2.920764666461462866e+01 1.918059049552933715e+01 1.145512655237661193e+01
1.804999999999999938e+00 1.222519976159418986e+00 2.937411069284375742e+01 1.929452539979898162e+01 1.159424080847289140e+01
1.810000000000000053e+00 1.223680091920789526e+00 2.954117794559384791e+01 1.940893814662089767e+01 1.172801231597065907e+01
1.814999999999999947e+00 1.224841944436477315e+00 2.970883785282737932e+01 1.952382290722810154e+01 1.185626920767736969e+01
1.820000000000000062e+00 1.226005522089884225e+00 2.987708104180818580e+01 1.963917659405440119e+01 1.197885394668136883e+01
1.824999999999999956e+00 1.227170813248343206e+00 3.004589766010852614e+01 1.975499467448359781e+01 1.209562251728923066e+01
1.830000000000000071e+00 1.228337806263303689e+00 3.021527608334466919e+01 1.987127050228060554e+01 1.220643824914809450e+01
1.834999999999999964e+00 1.229506489470522324e+00 3.038520651234457048e+01 1.998799923491391439e+01 1.231118393717433435e+01
1.840000000000000080e+00 1.230676851190258825e+00 3.055567944629518706e+01 2.010517613535706971e+01 1.240974918486139877e+01
1.844999999999999973e+00 1.231848879727479362e+00 3.072668364013278364e+01 2.022279404863475705e+01 1.250204487185803792e+01
1.850000000000000089e+00 1.233022563372064173e+00 3.089820983396045051e+01 2.034084863406457799e+01 1.258798873745939950e+01
1.854999999999999982e+00 1.234197890399023168e+00 3.107024825141284552e+01 2.045933325955742532e+01 1.266751617290115384e+01
1.860000000000000098e+00 1.235374849068715752e+00 3.124278886736164296e+01 2.057824237810425672e+01 1.274057626824910905e+01
1.864999999999999991e+00 1.236553427627077095e+00 3.141582250788518138e+01 2.069756973848086901e+01 1.280713136416612841e+01
1.870000000000000107e+00 1.237733614305851271e+00 3.158935277784459927e+01 2.081731032071971654e+01 1.286713466763878877e+01
1.875000000000000000e+00 1.238915397322829737e+00 3.176334700100594333e+01 2.093745527600853151e+01 1.292062375688737497e+01
1.880000000000000115e+00 1.240098764882095139e+00 3.193780810263735148e+01 2.105800055984744290e+01 1.296758451378323329e+01
1.885000000000000009e+00 1.241283705174272667e+00 3.211272801072735206e+01 2.117893903552317170e+01 1.300803492607812650e+01
1.890000000000000124e+00 1.242470206376787178e+00 3.228810014541146245e+01 2.130026675100308964e+01 1.304201075641672958e+01
1.895000000000000018e+00 1.243658256654124994e+00 3.246391575309262834e+01 2.142197495502085758e+01 1.306956301706378731e+01
1.900000000000000133e+00 1.244847844158103012e+00 3.264017026481865003e+01 2.154406040308688119e+01 1.309075114395738026e+01
1.905000000000000027e+00 1.246038957028144711e+00 3.281685585779032266e+01 2.166651588571480858e+01 1.310565446791997779e+01
1.910000000000000142e+00 1.247231583391559262e+00 3.299396760495169900e+01 2.178933674855760216e+01 1.311436262600696345e+01
1.915000000000000036e+00 1.248425711363831514e+00 3.317150096444137830e+01 2.191251788270669465e+01 1.311697909292009356e+01
1.919999999999999929e+00 1.249621329048912655e+00 3.334945179924145009e+01 2.203605470423988777e+01 1.311362650253322215e+01
1.925000000000000044e+00 1.250818424539521745e+00 3.352781698690261436e+01 2.215994158818507742e+01 1.310442914690511707e+01
1.929999999999999938e+00 1.252016985917450365e+00 3.370659092566376813e+01 2.228417481471601036e+01 1.308953630815174662e+01
1.935000000000000053e+00 1.253217001253874363e+00 3.388577166718086175e+01 2.240874888395141085e+01 1.306909801482385802e+01
1.939999999999999947e+00 1.254418458609672937e+00 3.406535798187448449e+01 2.253366145031949941e+01 1.304328739525823089e+01
1.945000000000000062e+00 1.255621346035752151e+00 3.424534837447824742e+01 2.265890814559535826e+01 1.301228100123908149e+01
1.949999999999999956e+00 1.256825651573374891e+00 3.442574147682556429e+01 2.278448501827595152e+01 1.297627054137519309e+01
1.955000000000000071e+00 1.258031363254499713e+00 3.460653863678296460e+01 2.291039086708186190e+01 1.293546029921559182e+01
1.959999999999999964e+00 1.259238469102119673e+00 3.478773861839830062e+01 2.303662104026905411e+01 1.289006264655510314e+01
1.965000000000000080e+00 1.260446957130616275e+00 3.496934314224193940e+01 2.316317435493276022e+01 1.284029914325878607e+01
1.969999999999999973e+00 1.261656815346111182e+00 3.515135476493269806e+01 2.329004947847779761e+01 1.278640298510203088e+01
1.975000000000000089e+00 1.262868031746829489e+00 3.533377434161120334e+01 2.341724346391713496e+01 1.272861702518755145e+01
1.979999999999999982e+00 1.264080594323466533e+00 3.551660637216691896e+01 2.354475629172303286e+01 1.266719178337988794e+01
1.985000000000000098e+00 1.265294491059563597e+00 3.569985239592255510e+01 2.367258621063819390e+01 1.260238720857205408e+01
1.989999999999999991e+00 1.266509709931886274e+00 3.588351670291888240e+01 2.380073241406384454e+01 1.253446994637632983e+01
1.995000000000000107e+00 1.267726238910813485e+00 3.606760481342087843e+01 2.392919603779698789e+01 1.246371417774494184e+01
2.000000000000000000e+00 1.268944065960727619e+00 3.625212086569356984e+01 2.405797622152162774e+01 1.239040387485109562e+01
2.004999999999999893e+00 1.270163179040415979e+00 3.643707177831906563e+01 2.418707545211357512e+01 1.231482114297794084e+01
2.010000000000000231e+00 1.271383566103475360e+00 3.662246112092005745e+01 2.431649173410950482e+01 1.223726556146463906e+01
2.015000000000000124e+00 1.272605215098723486e+00 3.680829731073286126e+01 2.444622931317175585e+01 1.215803157817734181e+01
2.020000000000000018e+00 1.273828113970618237e+00 3.699458494886646065e+01 2.457628679356865575e+01 1.207742556000595791e+01
2.024999999999999911e+00 1.275052250659680864e+00 3.718133331786932416e+01 2.470666915453714552e+01 1.199575712131140293e+01
2.030000000000000249e+00 1.276277613102927866e+00 3.736854887006170856e+01 2.483737685466405054e+01 1.191333110227982317e+01
2.035000000000000142e+00 1.277504189234306420e+00 3.755623972930439436e+01 2.496841372729283393e+01 1.183047054802598197e+01
2.040000000000000036e+00 1.278731966985139357e+00 3.774441382860041472e+01 2.509978185976675746e+01 1.174748775660559019e+01
2.044999999999999929e+00 1.279960934284574359e+00 3.793307935338530967e+01 2.523148470623653594e+01 1.166470478070253414e+01
2.049999999999999822e+00 1.281191079060038929e+00 3.812224478286375273e+01 2.536352557185500700e+01 1.158243996173424151e+01
2.055000000000000160e+00 1.282422389237703575e+00 3.831191984187716315e+01 2.549590894471154812e+01 1.150101682996476349e+01
2.060000000000000053e+00 1.283654852742951435e+00 3.850211178839909110e+01 2.562863744106914154e+01 1.142075899928571836e+01
2.064999999999999947e+00 1.284888457500850345e+00 3.869283076867942128e+01 2.576171625851626601e+01 1.134198554216599852e+01
2.069999999999999840e+00 1.286123191436637780e+00 3.888408664986380359e+01 2.589515129779003644e+01 1.126501985087583080e+01
2.075000000000000178e+00 1.287359042476205584e+00 3.907589007630102174e+01 2.602894274911670891e+01 1.119022462797668993e+01
2.080000000000000071e+00 1.288595998546594679e+00 3.926824540628032167e+01 2.616310024011946211e+01 1.111783534079275881e+01
2.084999999999999964e+00 1.289834047576496001e+00 3.946116468765345076e+01 2.629762818936215041e+01 1.104820790303149636e+01
2.089999999999999858e+00 1.291073177496757207e+00 3.965465599083393045e+01 2.643252865463122703e+01 1.098165208469375465e+01
2.095000000000000195e+00 1.292313376240894485e+00 3.984873041267985627e+01 2.656781059987281068e+01 1.091848067108643683e+01
2.100000000000000089e+00 1.293554631745612582e+00 4.004339575188767242e+01 2.670347717121286735e+01 1.085899465844828704e+01
2.104999999999999982e+00 1.294796931951329721e+00 4.023866105743906729e+01 2.683953468541167098e+01 1.080349860252843897e+01
2.109999999999999876e+00 1.296040264802710951e+00 4.043453490428420594e+01 2.697598784789913751e+01 1.075228625708617436e+01
2.115000000000000213e+00 1.297284618249205046e+00 4.063102635539554086e+01 2.711284325942702367e+01 1.070564367250103288e+01
2.120000000000000107e+00 1.298529980245588522e+00 4.082814264834578211e+01 2.725010557036345205e+01 1.066385956429907189e+01
2.125000000000000000e+00 1.299776338752518745e+00 4.102589382135948881e+01 2.738778175278314109e+01 1.062720390319539732e+01
2.129999999999999893e+00 1.301023681737088600e+00 4.122428579408239102e+01 2.752587627018681005e+01 1.059595014050238149e+01
2.135000000000000231e+00 1.302271997173391371e+00 4.142332717836813316e+01 2.766439590677433458e+01 1.057035469521702886e+01
2.140000000000000124e+00 1.303521273043090511e+00 4.162302380145396086e+01 2.780334395832051797e+01 1.055067397137864837e+01
2.145000000000000018e+00 1.304771497335994956e+00 4.182338375834434174e+01 2.794272775452181534e+01 1.053714886619883018e+01
2.149999999999999911e+00 1.306022658050641327e+00 4.202441361532390829e+01 2.808255272340120712e+01 1.053001349396566333e+01
2.155000000000000249e+00 1.307274743194883682e+00 4.222612040020539581e+01 2.822282242050461321e+01 1.052946977769675385e+01
2.160000000000000142e+00 1.308527740786487481e+00 4.242850768163529551e+01 2.836354496101033362e+01 1.053577485226200672e+01
2.165000000000000036e+00 1.309781638853730668e+00 4.263158016785460092e+01 2.850472247646452573e+01 1.054910937703348672e+01
2.169999999999999929e+00 1.311036425436011399e+00 4.283534463808923931e+01 2.864636187554989988e+01 1.056966699907995633e+01
2.175000000000000266e+00 1.312292088584462002e+00 4.303980395913718837e+01 2.878846581361202794e+01 1.059762629612520968e+01
2.180000000000000160e+00 1.313548616362568033e+00 4.324496302865925657e+01 2.893104036899723042e+01 1.063315738430026514e+01
2.185000000000000053e+00 1.314805996846795111e+00 4.345082531912863999e+01 2.907408991141019783e+01 1.067641432618529151e+01
2.189999999999999947e+00 1.316064218127219965e+00 4.365739277687404751e+01 2.921761681900277807e+01 1.072753787423557448e+01
2.194999999999999840e+00 1.317323268308171258e+00 4.386466895656459997e+01 2.936162638538796443e+01 1.078665876396019208e+01
2.200000000000000178e+00 1.318583135508872406e+00 4.407265457084354665e+01 2.950612158441568766e+01 1.085389167071150496e+01
2.205000000000000071e+00 1.319843807864092611e+00 4.428135293247269999e+01 2.965110669187105330e+01 1.092934264237965714e+01
2.209999999999999964e+00 1.321105273524805224e+00 4.449076473640329965e+01 2.979658494181208539e+01 1.101309546771215686e+01
2.214999999999999858e+00 1.322367520658849438e+00 4.470088823655466115e+01 2.994255676223579954e+01 1.110522847768020149e+01
2.220000000000000195e+00 1.323630537451601530e+00 4.491172555019916501e+01 3.008902683885047580e+01 1.120579565134634237e+01
2.225000000000000089e+00 1.324894312106648098e+00 4.512327510436858802e+01 3.023599623579199402e+01 1.131484582529919969e+01
2.229999999999999982e+00 1.326158832846469293e+00 4.533553789079358154e+01 3.038346890019338531e+01 1.143240675443661303e+01
2.234999999999999876e+00 1.327424087913126938e+00 4.554851042345303114e+01 3.053144435993709749e+01 1.155849160150883925e+01
2.240000000000000213e+00 1.328690065568957523e+00 4.576219216396488321e+01 3.067992574060031075e+01 1.169310527619440876e+01
2.245000000000000107e+00 1.329956754097271210e+00 4.597658058643266799e+01 3.082891287156733640e+01 1.183622573957816293e+01
2.250000000000000000e+00 1.331224141803060590e+00 4.619167254647499732e+01 3.097840676696445428e+01 1.198782730836640731e+01
2.254999999999999893e+00 1.332492217013710345e+00 4.640746460420840691e+01 3.112840759172011218e+01 1.214786156588214361e+01
2.260000000000000231e+00 1.333760968079716003e+00 4.662395504662190149e+01 3.127891760997427895e+01 1.231626722995798318e+01
2.265000000000000124e+00 1.335030383375409135e+00 4.684113762654494195e+01 3.142993334233474201e+01 1.249296967013731852e+01
2.270000000000000018e+00 1.336300451299685221e+00 4.705901019875589952e+01 3.158145761680913211e+01 1.267787831150942246e+01
2.274999999999999911e+00 1.337571160276742388e+00 4.727756728859138491e+01 3.173348792564591747e+01 1.287088473445893300e+01
2.280000000000000249e+00 1.338842498756821042e+00 4.749680456735357126e+01 3.188602452185256197e+01 1.307186746412477518e+01
2.285000000000000142e+00 1.340114455216953049e+00 4.771671635459446748e+01 3.203906548383454833e+01 1.328069271762054981e+01
2.290000000000000036e+00 1.341387018161716460e+00 4.793729759998255702e+01 3.219260927751849266e+01 1.349721055924094060e+01
2.294999999999999929e+00 1.342660176123993576e+00 4.815854317132463080e+01 3.234665548274995217e+01 1.372125654005920836e+01
2.300000000000000266e+00 1.343933917665737443e+00 4.838044605788474684e+01 3.250120003256448342e+01 1.395265186852754624e+01
2.305000000000000160e+00 1.345208231378743458e+00 4.860300121819615526e+01 3.265624211364770701e+01 1.419120416057079481e+01
2.310000000000000053e+00 1.346483105885426967e+00 4.882620314922163374e+01 3.281178060128860352e+01 1.443671297200806869e+01
2.314999999999999947e+00 1.347758529839606201e+00 4.905004405653971844e+01 3.296781003674236388e+01 1.468895583527647375e+01
2.319999999999999840e+00 1.349034491927291413e+00 4.927451889846083333e+01 3.312433000897217994e+01 1.494770748694506857e+01
2.325000000000000178e+00 1.350310980867478472e+00 4.949962010128771794e+01 3.328133569582891482e+01 1.521272316193899599e+01
2.330000000000000071e+00 1.351587985412951776e+00 4.972534227289389008e+01 3.343882623766056383e+01 1.548375032572253929e+01
2.334999999999999964e+00 1.352865494351088493e+00 4.995167867644983772e+01 3.359679667513163537e+01 1.576052363003176104e+01
2.339999999999999858e+00 1.354143496504671029e+00 5.017862293211395297e+01 3.375524485157725962e+01 1.604277212720948498e+01
2.345000000000000195e+00 1.355421980732705700e+00 5.040616839700771834e+01 3.391416617355926633e+01 1.633019895916878284e+01
2.350000000000000089e+00 1.356700935931243857e+00 5.063431050464786409e+01 3.407355863533237539e+01 1.662252329410322815e+01
2.354999999999999982e+00 1.357980351034212774e+00 5.086303982146799285e+01 3.423341658628933004e+01 1.691943513452129366e+01
2.359999999999999876e+00 1.359260215014249207e+00 5.109231925693951126e+01 3.439373095039476169e+01 1.722053690167849993e+01
2.365000000000000213e+00 1.360540516883539608e+00 5.132220736655769144e+01 3.455451088384778302e+01 1.752567435384035122e+01
2.370000000000000107e+00 1.361821245694665894e+00 5.155266594143097336e+01 3.471574521446640915e+01 1.783444128349963620e+01
2.375000000000000000e+00 1.363102390541456321e+00 5.178369032375648118e+01 3.487743188610350131e+01 1.814650064386393780e+01
2.379999999999999893e+00 1.364383940559842134e+00 5.201527558119840933e+01 3.503956586262211914e+01 1.846152097612616316e+01
2.385000000000000231e+00 1.365665884928720875e+00 5.224741670093712997e+01 3.520214507631723677e+01 1.877914906797536787e+01
2.390000000000000124e+00 1.366948212870820356e+00 5.248010744417646123e+01 3.536516278679093261e+01 1.909903998032223171e+01
2.395000000000000018e+00 1.368230913653576408e+00 5.271334493777482066e+01 3.552861812553269516e+01 1.942083813446881635e+01
2.399999999999999911e+00 1.369513976590007287e+00 5.294712404566371333e+01 3.569250628899468580e+01 1.974418190900679804e+01
2.405000000000000249e+00 1.370797391039600077e+00 5.318144167820010892e+01 3.585682393204637464e+01 2.006872551584726239e+01
2.410000000000000142e+00 1.372081146409197538e+00 5.341629331655404656e+01 3.602156790367570949e+01 2.039409974775351131e+01
2.415000000000000036e+00 1.373365232153893167e+00 5.365167710461873440e+01 3.618673490890628841e+01 2.071993376825679078e+01
2.419999999999999929e+00 1.374649637777930256e+00 5.388758812961965816e+01 3.635232033269575425e+01 2.104587866873583835e+01
2.425000000000000266e+00 1.375934352835608943e+00 5.412402610786165980e+01 3.651832294580262328e+01 2.137156085141061723e+01
2.430000000000000160e+00 1.377219366932191491e+00 5.436098802850011680e+01 3.668473950274690054e+01 2.169661770084647756e+01
2.435000000000000053e+00 1.378504669724822440e+00 5.459847231978714888e+01 3.685156711676872732e+01 2.202069680061344314e+01
2.439999999999999947e+00 1.379790250923445205e+00 5.483647715785518528e+01 3.701880262563513924e+01 2.234343010198782054e+01
2.444999999999999840e+00 1.381076100291728892e+00 5.507500207658871005e+01 3.718644426566906702e+01 2.266446381872881588e+01
2.450000000000000178e+00 1.382362207647998886e+00 5.531404728065655974e+01 3.735449014969906045e+01 2.298344794365347710e+01
2.455000000000000071e+00 1.383648562866170106e+00 5.555361085098402896e+01 3.752293736383839473e+01 2.330003056033256570e+01
2.459999999999999964e+00 1.384935155876690471e+00 5.579363269577827111e+01 3.769176909583546831e+01 2.361412600831477349e+01
2.464999999999999858e+00 1.386221976667483702e+00 5.603423210058477366e+01 3.786101465294369461e+01 2.392490175347367654e+01
2.470000000000000195e+00 1.387509015284901448e+00 5.627535215712466510e+01 3.803065690744971050e+01 2.423226161038721571e+01
2.475000000000000089e+00 1.388796261834676082e+00 5.651699433226227853e+01 3.820069493199004285e+01 2.453587462947746900e+01
2.479999999999999982e+00 1.390083706482882597e+00 5.675916051443718402e+01 3.837112812296108899e+01 2.483542311102693390e+01
2.484999999999999876e+00 1.391371339456903167e+00 5.700185510144547152e+01 3.854195792037144486e+01 2.513059539097590545e+01
2.490000000000000213e+00 1.392659151046396371e+00 5.724507681243153456e+01 3.871317987227442359e+01 2.542108549388576577e+01
2.495000000000000107e+00 1.393947131604270639e+00 5.748883103828931951e+01 3.888479622132554425e+01 2.570659468282726579e+01
2.500000000000000000e+00 1.395235271547664579e+00 5.773312088616366111e+01 3.905680705394033225e+01 2.598684702628153431e+01
2.504999999999999893e+00 1.396523561358930632e+00 5.797794922866577139e+01 3.922921231900328110e+01 2.626155474910835252e+01
2.510000000000000231e+00 1.397811991586621838e+00 5.822332028866267706e+01 3.940201301836565051e+01 2.653045091910710340e+01
2.515000000000000124e+00 1.399100552846486600e+00 5.846923734501401526e+01 3.957520808151549119e+01 2.679328931802620062e+01
2.520000000000000018e+00 1.400389235822465217e+00 5.871570610755229325e+01 3.974880039305072899e+01 2.704981906116949375e+01
2.524999999999999911e+00 1.401678031267691527e+00 5.896273113581285230e+01 3.992279150289330403e+01 2.729980880092343654e+01
2.530000000000000249e+00 1.402966930005501656e+00 5.921031597117352874e+01 4.009718035617527221e+01 2.754303577814619075e+01
2.535000000000000142e+00 1.404255922930439437e+00 5.945846740221620053e+01 4.027197077034264794e+01 2.777929238242062127e+01
2.540000000000000036e+00 1.405545001009279815e+00 5.970719000535359555e+01 4.044716398442223237e+01 2.800838007440048116e+01
2.544999999999999929e+00 1.406834155282040921e+00 5.995648934619642745e+01 4.062276248396898382e+01 2.823011924755527957e+01
2.550000000000000266e+00 1.408123376863012810e+00 6.020637211702687352e+01 4.079876808535754407e+01 2.844434236094820889e+01
2.555000000000000160e+00 1.409412656941783526e+00 6.045684358042348805e+01 4.097518377981815263e+01 2.865089005334552397e+01
2.560000000000000053e+00 1.410701986784272943e+00 6.070789785677126105e+01 4.115201136272675342e+01 2.884968008486121960e+01
2.564999999999999947e+00 1.411991357733769048e+00 6.095956274594949775e+01 4.132925326756008388e+01 2.904047895468283613e+01
2.569999999999999840e+00 1.413280761211968217e+00 6.121183412400049662e+01 4.150691280357144564e+01 2.922322409479853533e+01
2.575000000000000178e+00 1.414570188720020605e+00 6.146471912639218260e+01 4.168499388810592166e+01 2.939781356416451530e+01
2.580000000000000071e+00 1.415859631839580635e+00 6.171822243754739645e+01 4.186349849941278478e+01 2.956417553147149491e+01
2.584999999999999964e+00 1.417149082233858159e+00 6.197235145905311526e+01 4.204243052215309007e+01 2.972223726878801031e+01
2.589999999999999858e+00 1.418438531648677170e+00 6.222711211263556663e+01 4.222179287665234426e+01 2.987195699710633079e+01
2.595000000000000195e+00 1.419727971913536280e+00 6.248250912265361734e+01 4.240158811763107849e+01 3.001328642730430118e+01
2.600000000000000089e+00 1.421017394942674095e+00 6.273855179828414208e+01 4.258182338990052074e+01 3.014621075489423419e+01
2.604999999999999982e+00 1.422306792736138581e+00 6.299524361024490560e+01 4.276249916994446920e+01 3.027073479662677258e+01
2.609999999999999876e+00 1.423596157380858207e+00 6.325259049729456962e+01 4.294361816561513479e+01 3.038686475612887961e+01
2.615000000000000213e+00 1.424885481051721747e+00 6.351059976745534641e+01 4.312518747490716464e+01 3.049462737207257490e+01
2.620000000000000107e+00 1.426174756012655642e+00 6.376927758365506094e+01 4.330721073313394243e+01 3.059407295897482015e+01
2.625000000000000000e+00 1.427463974617710019e+00 6.402862646380744138e+01 4.348968791622363028e+01 3.068526199123870413e+01
2.629999999999999893e+00 1.428753129312145598e+00 6.428865499083876500e+01 4.367262619489113717e+01 3.076825751849915491e+01
2.635000000000000231e+00 1.430042212633526821e+00 6.454936606626718287e+01 4.385602797142409770e+01 3.084317534297256458e+01
2.640000000000000124e+00 1.431331217212814755e+00 6.481076614284476989e+01 4.403989785949575975e+01 3.091011415009316821e+01
2.645000000000000018e+00 1.432620135775467096e+00 6.507285286728057372e+01 4.422423769591907217e+01 3.096914178074917956e+01
2.649999999999999911e+00 1.433908961142540850e+00 6.533564364305965455e+01 4.440905398468256493e+01 3.102050179236544381e+01
2.655000000000000249e+00 1.435197686231796554e+00 6.559913483635891396e+01 4.459434763617076669e+01 3.106430582706657972e+01
2.660000000000000142e+00 1.436486304058808727e+00 6.586333249518479249e+01 4.478012314833011942e+01 3.110071845563587800e+01
2.665000000000000036e+00 1.437774807738079197e+00 6.612823896759303466e+01 4.496638466454442096e+01 3.112993486573363455e+01
2.669999999999999929e+00 1.439063190484150212e+00 6.639385780942876636e+01 4.515313395564672305e+01 3.115214736222049297e+01
2.675000000000000266e+00 1.440351445612727099e+00 6.666019248270133346e+01 4.534037537800578832e+01 3.116757881995176405e+01
2.680000000000000160e+00 1.441639566541798700e+00 6.692724691728275843e+01 4.552811247752144652e+01 3.117645007241689115e+01
2.685000000000000053e+00 1.442927546792763360e+00 6.719502158748683485e+01 4.571634708402841341e+01 3.117901066040376179e+01
2.689999999999999947e+00 1.444215379991559578e+00 6.746351904460432536e+01 4.590508208071076268e+01 3.117552375157350397e+01
2.694999999999999840e+00 1.445503059869796658e+00 6.773274181743693134e+01 4.609432145884949250e+01 3.116625049591314323e+01
2.700000000000000178e+00 1.446790580265890691e+00 6.800269100637916608e+01 4.628406663232669871e+01 3.115147927023085828e+01
2.705000000000000071e+00 1.448077935126202975e+00 6.827336747497091096e+01 4.647431997609798060e+01 3.113149844707794855e+01
2.709999999999999964e+00 1.449365118506182437e+00 6.854477093330260118e+01 4.666508252166755710e+01 3.110663062328803008e+01
2.714999999999999858e+00 1.450652124571508272e+00 6.881690504593787239e+01 4.685635941036248653e+01 3.107717908678263541e+01
2.720000000000000195e+00 1.451938947599239915e+00 6.908976733108003998e+01 4.704815053050388940e+01 3.104348436080040230e+01
2.725000000000000089e+00 1.453225581978965009e+00 6.936335651328626284e+01 4.724045581690815254e+01 3.100587776020260122e+01
2.729999999999999982e+00 1.454512022213955591e+00 6.963767684447509509e+01 4.743328081456979817e+01 3.096472135882529031e+01
2.734999999999999876e+00 1.455798262922322506e+00 6.991272255806285330e+01 4.762662376420855992e+01 3.092036296809190787e+01
2.740000000000000213e+00 1.457084298838174696e+00 7.018849445541246723e+01 4.782048616732671320e+01 3.087317534010200148e+01
2.745000000000000107e+00 1.458370124812782276e+00 7.046499039131101938e+01 4.801486833352441863e+01 3.082352901009434376e+01
2.750000000000000000e+00 1.459655735815740485e+00 7.074222226996856477e+01 4.820977632370393451e+01 3.077173246883252489e+01
2.754999999999999893e+00 1.460941126936137202e+00 7.102016517329623468e+01 4.840520302153328203e+01 3.071832921007907657e+01
2.760000000000000231e+00 1.462226293383724007e+00 7.129882371131724028e+01 4.860115123838141926e+01 3.066363106128878613e+01
2.765000000000000124e+00 1.463511230490086357e+00 7.157819950326675951e+01 4.879762101168338972e+01 3.060805459465479927e+01
2.770000000000000018e+00 1.464795933709824194e+00 7.185828960332031556e+01 4.899461526134625444e+01 3.055198193687311914e+01
2.774999999999999911e+00 1.466080398621724123e+00 7.213908567650182135e+01 4.919212570266335405e+01 3.049584738464064770e+01
2.780000000000000249e+00 1.467364620929943797e+00 7.242059239388395042e+01 4.939016179407653340e+01 3.044005397559998016e+01
2.785000000000000142e+00 1.468648596465194744e+00 7.270279971457088664e+01 4.958871516289453041e+01 3.038500450982445145e+01
2.790000000000000036e+00 1.469932321185927426e+00 7.298570831395754510e+01 4.978778963316943162e+01 3.033113337436121171e+01
2.794999999999999929e+00 1.471215791179520282e+00 7.326931381252919095e+01 4.998738312862357702e+01 3.027885537212388556e+01
2.800000000000000266e+00 1.472499002663467449e+00 7.355360805778016697e+01 5.018749221622240952e+01 3.022857040180612387e+01
2.805000000000000160e+00 1.473781951986576466e+00 7.383859290678812215e+01 5.038812033832223847e+01 3.018069850912938179e+01
2.810000000000000053e+00 1.475064635630160437e+00 7.412426056323140244e+01 5.058925949349735873e+01 3.013568019197272463e+01
2.814999999999999947e+00 1.476347050209237288e+00 7.441060826009318419e+01 5.079091187426492127e+01 3.009391356597936351e+01
2.819999999999999840e+00 1.477629192473728592e+00 7.469762914304588719e+01 5.099307667116364939e+01 3.005578793944971139e+01
2.825000000000000178e+00 1.478911059309663267e+00 7.498532099592759437e+01 5.119574860172370734e+01 3.002173078589680344e+01
2.830000000000000071e+00 1.480192647740382617e+00 7.527367849398241617e+01 5.139892751770612733e+01 2.999213862344757686e+01
2.834999999999999964e+00 1.481473954927746250e+00 7.556270587051083965e+01 5.160262004747346509e+01 2.996749079088803569e+01
2.839999999999999858e+00 1.482754978173340454e+00 7.585237981590871925e+01 5.180680285176404709e+01 2.994804186148607172e+01
2.845000000000000195e+00 1.484035714919693882e+00 7.614271489090995715e+01 5.201149678354143191e+01 2.993418173782504965e+01
2.850000000000000089e+00 1.485316162751484814e+00 7.643369304429310773e+01 5.221668122888236496e+01 2.992637180161953836e+01
2.854999999999999982e+00 1.486596319396762178e+00 7.672531510589148240e+01 5.242236037112350289e+01 2.992497670221427697e+01
2.859999999999999876e+00 1.487876182728162133e+00 7.701757865900161448e+01 5.262853395955701785e+01 2.993032449528320527e+01
2.865000000000000213e+00 1.489155750764126207e+00 7.731048305827421530e+01 5.283520694491021175e+01 2.994271956732459472e+01
2.870000000000000107e+00 1.490435021670126092e+00 7.760400902725429262e+01 5.304235632843311521e+01 2.996260357257769513e+01
2.875000000000000000e+00 1.491713993759884893e+00 7.789817283062866693e+01 5.324999821920080478e+01 2.999021052366927620e+01
2.879999999999999893e+00 1.492992665496607696e+00 7.819295070040875828e+01 5.345811601730368778e+01 3.002593484110674638e+01
2.885000000000000231e+00 1.494271035494205480e+00 7.848835399123363743e+01 5.366671785677164763e+01 3.007004049170848958e+01
2.890000000000000124e+00 1.495549102518527240e+00 7.878437936404343134e+01 5.387580109401127970e+01 3.012282163540901436e+01
2.895000000000000018e+00 1.496826865488593894e+00 7.908101518963368903e+01 5.408535689645738387e+01 3.018458519865676593e+01
2.899999999999999911e+00 1.498104323477830180e+00 7.937825517697694977e+01 5.429537751481177565e+01 3.025563822085507226e+01
2.905000000000000249e+00 1.499381475715303225e+00 7.967610983702981287e+01 5.450587625887990839e+01 3.033613760291012085e+01
2.910000000000000142e+00 1.500658321586958444e+00 7.997457356614023638e+01 5.471684482873695998e+01 3.042635250438939920e+01
2.915000000000000036e+00 1.501934860636862323e+00 8.027364025183854324e+01 5.492828009775832498e+01 3.052653156769077114e+01
2.919999999999999929e+00 1.503211092568443430e+00 8.057331063872038612e+01 5.514018060980757951e+01 3.063687703778196081e+01
2.925000000000000266e+00 1.504487017245737190e+00 8.087357489424401535e+01 5.535253141961632650e+01 3.075759240004099127e+01
2.930000000000000160e+00 1.505762634694630231e+00 8.117444047400836382e+01 5.556534660247239543e+01 3.088885801190666314e+01
2.935000000000000053e+00 1.507037945104112264e+00 8.147591462084318437e+01 5.577863498283925026e+01 3.103080246619727234e+01
2.939999999999999947e+00 1.508312948827522426e+00 8.177796907794024150e+01 5.599235973663516575e+01 3.118357760085337205e+01
2.944999999999999840e+00 1.509587646383803383e+00 8.208062706194631630e+01 5.620654491296696165e+01 3.134738049209944322e+01
2.950000000000000178e+00 1.510862038458753664e+00 8.238388058386533430e+01 5.642118649201953673e+01 3.152220925052450440e+01
2.955000000000000071e+00 1.512136125906285322e+00 8.268772620085445624e+01 5.663627680727613267e+01 3.170826479414825272e+01
2.959999999999999964e+00 1.513409909749681370e+00 8.299215906560903022e+01 5.685181030693595972e+01 3.190550995363586040e+01
2.964999999999999858e+00 1.514683391182853445e+00 8.329721215131745282e+01 5.706781411532263348e+01 3.211408945477438692e+01
2.970000000000000195e+00 1.515956571571605682e+00 8.360285314187626682e+01 5.728425534520833651e+01 3.233402040240875408e+01
2.975000000000000089e+00 1.517229452454897709e+00 8.390907968418036944e+01 5.750113652304759171e+01 3.256536795146370622e+01
2.979999999999999982e+00 1.518502035546109630e+00 8.421592064539832734e+01 5.771847743569287559e+01 3.280804685045520586e+01
2.984999999999999876e+00 1.519774322734309235e+00 8.452336675441129898e+01 5.793626432240810686e+01 3.306207265593178590e+01
2.990000000000000213e+00 1.521046316085523209e+00 8.483139406937415572e+01 5.815448066576750819e+01 3.332739482512205598e+01
2.995000000000000107e+00 1.522318017844006111e+00 8.514003210925631038e+01 5.837315158068420828e+01 3.360404553913029702e+01
3.000000000000000000e+00 1.523589430433515579e+00 8.544931405150451553e+01 5.859230269316353201e+01 3.389185232570518735e+01
3.004999999999999893e+00 1.524860556458587313e+00 8.575916446960343364e+01 5.881185823755313180e+01 3.419087647801632812e+01
3.010000000000000231e+00 1.526131398705811604e+00 8.606967562505391811e+01 5.903188483366369610e+01 3.450081089009698587e+01
3.015000000000000124e+00 1.527401960145112314e+00 8.638076121713122291e+01 5.925234654502517628e+01 3.482178424651099391e+01
3.020000000000000018e+00 1.528672243931031183e+00 8.669249544147677966e+01 5.947327736561281597e+01 3.515336972209991018e+01
3.024999999999999911e+00 1.529942253404009023e+00 8.700483553204608711e+01 5.969463784703739861e+01 3.549555228738790191e+01
3.030000000000000249e+00 1.531211992091669805e+00 8.731778139831016006e+01 5.991643239113453490e+01 3.584822716409870225e+01
3.035000000000000142e+00 1.532481463710112957e+00 8.763141277709138421e+01 6.013873588856542085e+01 3.621115785078783489e+01
3.040000000000000036e+00 1.533750672165198337e+00 8.794565356439849779e+01 6.036146320873550053e+01 3.658389389643886602e+01
3.044999999999999929e+00 1.535019621553841640e+00 8.826053729383261270e+01 6.058464760027084139e+01 3.696676969625578124e+01
3.050000000000000266e+00 1.536288316165307810e+00 8.857605078670067655e+01 6.080826719503048849e+01 3.735891200568614323e+01
3.055000000000000160e+00 1.537556760482504448e+00 8.889222905795324436e+01 6.103237880030353324e+01 3.776047514716181297e+01
3.060000000000000053e+00 1.538824959183287211e+00 8.920907160590560636e+01 6.125694665603575118e+01 3.817115997318526155e+01
3.064999999999999947e+00 1.540092917141751672e+00 8.952656017713836434e+01 6.148198073082623694e+01 3.859040347977062169e+01
3.070000000000000284e+00 1.541360639429545376e+00 8.984468888994416602e+01 6.170744958907454247e+01 3.901823580094313826e+01
3.075000000000000178e+00 1.542628131317168361e+00 9.016351530082120291e+01 6.193342590671826997e+01 3.945430155192158850e+01
3.080000000000000071e+00 1.543895398275281439e+00 9.048301358213483070e+01 6.215986413502368180e+01 3.989794010477282882e+01
3.084999999999999964e+00 1.545162445976019150e+00 9.080321162481973829e+01 6.238679795068473766e+01 4.034893962856430960e+01
3.089999999999999858e+00 1.546429280294300046e+00 9.112400421519228644e+01 6.261412168118217636e+01 4.080738038102851561e+01
3.095000000000000195e+00 1.547695907309144969e+00 9.144558786953965068e+01 6.284201878644919503e+01 4.127215325562126225e+01
3.100000000000000089e+00 1.548962333304992001e+00 9.176783352468382304e+01 6.307036560164721806e+01 4.174360704116852361e+01
3.104999999999999982e+00 1.550228564773019402e+00 9.209073603755219040e+01 6.329918083235061488e+01 4.222104271662461628e+01
3.109999999999999876e+00 1.551494608412467890e+00 9.241438602102316224e+01 6.352850348416380655e+01 4.270406918219488546e+01
3.115000000000000213e+00 1.552760471131968911e+00 9.273873808248457351e+01 6.375832444092316109e+01 4.319247119301636673e+01
3.120000000000000107e+00 1.554026160050869576e+00 9.306379689099000529e+01 6.398865261997783449e+01 4.368527542361609051e+01
3.125000000000000000e+00 1.555291682500568706e+00 9.338956280723864722e+01 6.421943524396263570e+01 4.418272873600120931e+01
3.129999999999999893e+00 1.556557046025848434e+00 9.371603673930165712e+01 6.445070636407049847e+01 4.468396289977195579e+01
3.135000000000000231e+00 1.557822258386214909e+00 9.404326169947708536e+01 6.468254783669783592e+01 4.518898252252340342e+01
3.140000000000000124e+00 1.559087327557234559e+00 9.437123415327593534e+01 6.491485809907717908e+01 4.569645506908543098e+01
3.145000000000000018e+00 1.560352261731882795e+00 9.469992152344968872e+01 6.514770463949093937e+01 4.620656858735765837e+01
3.149999999999999911e+00 1.561617069321888263e+00 9.502930761980721286e+01 6.538101118937393608e+01 4.671891702555753767e+01
3.155000000000000249e+00 1.562881758959084433e+00 9.535947506961650788e+01 6.561484742509152568e+01 4.723345130964275285e+01
3.160000000000000142e+00 1.564146339496760740e+00 9.569039581851752985e+01 6.584928457181433714e+01 4.774911793571630625e+01
3.165000000000000036e+00 1.565410820011023496e+00 9.602203709205549842e+01 6.608412587745183941e+01 4.826530366389906135e+01
3.169999999999999929e+00 1.566675209802153468e+00 9.635443963928332778e+01 6.631955120585459440e+01 4.878207951968347089e+01
3.175000000000000266e+00 1.567939518395971676e+00 9.668755675808854733e+01 6.655547872931576592e+01 4.929873001897447438e+01
3.180000000000000160e+00 1.569203755545205192e+00 9.702154162938465731e+01 6.679202280412727077e+01 4.981479962034028119e+01
3.185000000000000053e+00 1.570467931230861369e+00 9.735614601640874355e+01 6.702896043804817339e+01 5.032907230133932330e+01
3.189999999999999947e+00 1.571732055663601191e+00 9.769167204596898557e+01 6.726659361180749386e+01 5.084262242475263349e+01
3.195000000000000284e+00 1.572996139285118833e+00 9.802768429235327119e+01 6.750451233730009903e+01 5.135358708093842495e+01
3.200000000000000178e+00 1.574260192769525224e+00 9.836468822740668827e+01 6.774320083692852279e+01 5.186274026090611500e+01
3.205000000000000071e+00 1.575524227024737378e+00 9.870241706153157679e+01 6.798231653513877859e+01 5.236817852540375640e+01
3.209999999999999964e+00 1.576788253193867284e+00 9.904096532753295890e+01 6.822210664551454329e+01 5.287058884763352040e+01
3.214999999999999858e+00 1.578052282656617233e+00 9.937998503515342463e+01 6.846219672264840028e+01 5.337083584403246306e+01
3.220000000000000195e+00 1.579316327030685141e+00 9.972017386184248267e+01 6.870309863929530536e+01 5.386438263464526699e+01
3.225000000000000089e+00 1.580580398173165202e+00 1.000608282350139149e+02 6.894434096696154768e+01 5.435572755130942824e+01
3.229999999999999982e+00 1.581844508181959430e+00 1.004025478984874553e+02 6.918637621638896462e+01 5.484051848146660291e+01
3.234999999999999876e+00 1.583108669397191415e+00 1.007447442725362379e+02 6.942873583382385050e+01 5.532085793558438525e+01
3.240000000000000213e+00 1.584372894402625409e+00 1.010879685250438058e+02 6.967186748614740566e+01 5.579351393605775655e+01
3.245000000000000107e+00 1.585637196027092743e+00 1.014319086379241526e+02 6.991542956233126915e+01 5.626168458304984199e+01
3.250000000000000000e+00 1.586901587345919129e+00 1.017763326166968483e+02 7.015939598225909890e+01 5.672208548222744895e+01
3.254999999999999893e+00 1.588166081682362174e+00 1.021216761305385319e+02 7.040398219345351549e+01 5.717652213970523434e+01
3.260000000000000231e+00 1.589430692609048013e+00 1.024678355339450491e+02 7.064928530373738624e+01 5.762440698818047480e+01
3.265000000000000124e+00 1.590695433949419924e+00 1.028146794194562688e+02 7.089497181900767941e+01 5.806273296840440423e+01
3.270000000000000018e+00 1.591960319779189614e+00 1.031625173711105248e+02 7.114142684722300203e+01 5.849424941899223995e+01
3.274999999999999911e+00 1.593225364427793389e+00 1.035110628121995688e+02 7.138850407906352302e+01 5.891680291460512819e+01
3.280000000000000249e+00 1.594490582479856755e+00 1.038603888549901058e+02 7.163599957999269918e+01 5.933248406463085445e+01
3.285000000000000142e+00 1.595755988776664358e+00 1.042102915676326091e+02 7.188394657550918510e+01 5.973751299218147892e+01
3.290000000000000036e+00 1.597021598417631694e+00 1.045607230056675689e+02 7.213230033577733025e+01 6.013491621058572179e+01
3.294999999999999929e+00 1.598287426761794583e+00 1.049125382784841349e+02 7.238184041645160960e+01 6.052132075397190647e+01
3.300000000000000266e+00 1.599553489429289543e+00 1.052650438583738861e+02 7.263175679191101608e+01 6.089771949832320530e+01
3.305000000000000160e+00 1.600819802302856587e+00 1.056176368780200363e+02 7.288145848990251352e+01 6.126546300279706969e+01
3.310000000000000053e+00 1.602086381529337800e+00 1.059714995491088843e+02 7.313261066856182424e+01 6.162687736057853272e+01
3.314999999999999947e+00 1.603353243521186133e+00 1.063257502545485096e+02 7.338386998803619576e+01 6.197305178294345751e+01
3.320000000000000284e+00 1.604620404957985969e+00 1.066805712926755803e+02 7.363520884543606826e+01 6.230749770793295994e+01
3.325000000000000178e+00 1.605887882787973897e+00 1.070372618082836311e+02 7.388843008315657812e+01 6.263908001061449227e+01
3.330000000000000071e+00 1.607155694229572163e+00 1.073937618146347859e+02 7.414133498821992418e+01 6.295225417748196861e+01
3.334999999999999964e+00 1.608423856772927873e+00 1.077509996119417792e+02 7.439466183714266379e+01 6.326104168079746159e+01
3.339999999999999858e+00 1.609692388181460876e+00 1.081091594506861640e+02 7.464887329756724910e+01 6.355872143198904922e+01
3.345000000000000195e+00 1.610961306493419842e+00 1.084682668184048566e+02 7.490395964925087924e+01 6.384375760122553345e+01
3.350000000000000089e+00 1.612230630023444355e+00 1.088277608518478274e+02 7.515899969543021086e+01 6.411489784479348941e+01
3.354999999999999982e+00 1.613500377364142535e+00 1.091882072784786715e+02 7.541457863542012774e+01 6.437555765656661322e+01
3.359999999999999876e+00 1.614770567387667999e+00 1.095496750089819216e+02 7.567175870487290013e+01 6.463544916675063234e+01
3.365000000000000213e+00 1.616041219247312144e+00 1.099113553550746474e+02 7.592813241963845883e+01 6.487159343858576221e+01
3.370000000000000107e+00 1.617312352379102647e+00 1.102735731124425911e+02 7.618533915124459099e+01 6.509926487208882406e+01
3.375000000000000000e+00 1.618583986503417060e+00 1.106369225705703343e+02 7.644365160044021934e+01 6.531856360738595413e+01
3.379999999999999893e+00 1.619856141626595081e+00 1.110013699072933093e+02 7.670249871213273707e+01 6.552640954550928143e+01
3.385000000000000231e+00 1.621128838042573905e+00 1.113645499989182497e+02 7.696032521418753447e+01 6.572757235432369782e+01
3.390000000000000124e+00 1.622402096334521149e+00 1.117305008931347743e+02 7.722045416502315618e+01 6.591616831728758541e+01
3.395000000000000018e+00 1.623675937376488410e+00 1.120970682892298527e+02 7.748136225312896386e+01 6.609987760217411790e+01
3.399999999999999911e+00 1.624950382335069499e+00 1.124631692788851609e+02 7.774138885911527552e+01 6.626476019246486260e+01
3.405000000000000249e+00 1.626225452671069327e+00 1.128313784839496208e+02 7.800327160615665889e+01 6.642764267149983937e+01
3.410000000000000142e+00 1.627501170141188780e+00 1.132000808937770842e+02 7.826521003005268540e+01 6.656788487564929824e+01
3.415000000000000036e+00 1.628777556799715365e+00 1.135680835181164809e+02 7.852673991135281995e+01 6.670592399542091755e+01
3.419999999999999929e+00 1.630054635000228513e+00 1.139386451345286417e+02 7.879069059634502992e+01 6.684465448672406751e+01
3.425000000000000266e+00 1.631332427397314877e+00 1.143083455112332132e+02 7.905304825191471707e+01 6.695893156172337513e+01
3.430000000000000160e+00 1.632610956948298497e+00 1.146802554182927167e+02 7.931802691109464831e+01 6.707008899940440472e+01
3.435000000000000053e+00 1.633890246914980304e+00 1.150500825919254027e+02 7.958078735907139389e+01 6.718105230100564995e+01
3.439999999999999947e+00 1.635170320865392934e+00 1.154234720526708031e+02 7.984716167741262893e+01 6.729061459004699941e+01
3.445000000000000284e+00 1.636451202675564431e+00 1.157967367627588402e+02 8.011244279768021670e+01 6.737595761066154409e+01
3.450000000000000178e+00 1.637732916531301264e+00 1.161704127569814489e+02 8.037825901061522416e+01 6.745151535209109284e+01
3.455000000000000071e+00 1.639015486929979559e+00 1.165453476043174135e+02 8.064466800153132908e+01 6.751649864275618995e+01
3.459999999999999964e+00 1.640298938682350771e+00 1.169206695943966139e+02 8.091240042347332917e+01 6.759702159445680536e+01
3.464999999999999858e+00 1.641583296914366441e+00 1.172963794233532582e+02 8.117949173866649915e+01 6.765110050018944321e+01
3.470000000000000195e+00 1.642868587069010289e+00 1.176731881469513183e+02 8.144795884394446261e+01 6.771235747826246154e+01
3.475000000000000089e+00 1.644154834908149621e+00 1.180519857087682141e+02 8.171791195122834495e+01 6.776883978185789204e+01
3.479999999999999982e+00 1.645442066514400281e+00 1.184279588917757451e+02 8.198489459415969804e+01 6.780435562211135903e+01
3.484999999999999876e+00 1.646730308293007594e+00 1.188071902687665045e+02 8.225525716047647506e+01 6.784650734187938781e+01
3.490000000000000213e+00 1.648019586973742623e+00 1.191886432905141788e+02 8.252708684469888567e+01 6.789302530318360596e+01
3.495000000000000107e+00 1.649309929612814640e+00 1.195682413784161469e+02 8.279730640231980487e+01 6.791535169618983048e+01
3.500000000000000000e+00 1.650601363594798476e+00 1.199494924376933085e+02 8.306902206479801976e+01 6.795475599907420872e+01
3.504999999999999893e+00 1.651893916634581849e+00 1.203311850778255803e+02 8.334077857568085790e+01 6.797095765282338675e+01
3.510000000000000231e+00 1.653187616779326907e+00 1.207108228259781413e+02 8.361012766158090415e+01 6.797079199503602354e+01
3.515000000000000124e+00 1.654482492410449757e+00 1.210957850365844592e+02 8.388491956555554907e+01 6.799820845794779700e+01
3.520000000000000018e+00 1.655778572245619973e+00 1.214788788557223000e+02 8.415824029408842932e+01 6.802489869936054845e+01
3.524999999999999911e+00 1.657075885340773880e+00 1.218635596457451271e+02 8.443185011877855572e+01 6.804064492729064284e+01
3.530000000000000249e+00 1.658374461092151142e+00 1.222481981122438981e+02 8.470609124684573032e+01 6.805516105299653873e+01
3.535000000000000142e+00 1.659674329238346902e+00 1.226346961745827144e+02 8.498172240729149962e+01 6.807194125682738672e+01
3.540000000000000036e+00 1.660975519862385452e+00 1.230198638951870151e+02 8.525591335784133662e+01 6.809255325748540599e+01
3.544999999999999929e+00 1.662278063393811456e+00 1.234066826452517063e+02 8.553142912726835334e+01 6.810818299304895618e+01
3.550000000000000266e+00 1.663581990610803807e+00 1.237955088326963846e+02 8.580840886557430736e+01 6.812956024899716567e+01
3.555000000000000160e+00 1.664887332642308815e+00 1.241849988431712717e+02 8.608616519539992851e+01 6.815295460233637925e+01
3.560000000000000053e+00 1.666194120970192039e+00 1.245741156707387916e+02 8.636245863687246072e+01 6.816053217161275768e+01
3.564999999999999947e+00 1.667502387431416100e+00 1.249616449746730638e+02 8.663855332921964703e+01 6.818666378499497682e+01
3.570000000000000284e+00 1.668812164220237593e+00 1.253557892310741551e+02 8.692041411307467058e+01 6.824573987329804936e+01
3.575000000000000178e+00 1.670123483890425531e+00 1.257442886798595509e+02 8.719652413415758474e+01 6.827100395517044262e+01
3.580000000000000071e+00 1.671436379357503110e+00 1.261386186328712569e+02 8.747705395964477759e+01 6.830833419475581536e+01
3.584999999999999964e+00 1.672750883901015451e+00 1.265350482388515445e+02 8.776043468675538861e+01 6.837899693012633406e+01
3.589999999999999858e+00 1.674067031166816655e+00 1.269265066658182661e+02 8.803874988722429862e+01 6.842008427020653016e+01
3.595000000000000195e+00 1.675384855169382847e+00 1.273229876440018984e+02 8.832219286374999001e+01 6.851332242437706554e+01
3.600000000000000089e+00 1.676704390294149860e+00 1.277169157130646084e+02 8.860135152188500740e+01 6.854421959080410431e+01
3.604999999999999982e+00 1.678025671299876453e+00 1.281155730976595066e+02 8.888568357274772325e+01 6.861916590083647804e+01
3.609999999999999876e+00 1.679348733321033071e+00 1.285131432316819655e+02 8.916862701728480545e+01 6.869866054546642431e+01
3.615000000000000213e+00 1.680673611870211692e+00 1.289133411238143765e+02 8.945394187041077316e+01 6.879506323850172578e+01
3.620000000000000107e+00 1.682000342840573426e+00 1.293119684436590546e+02 8.973849410939308768e+01 6.890572221865411962e+01
3.625000000000000000e+00 1.683328962508309878e+00 1.297120696141964231e+02 9.002274957653665410e+01 6.900069899042378552e+01
3.629999999999999893e+00 1.684659507535143819e+00 1.301146334269212446e+02 9.030992607340262168e+01 6.912617151132629090e+01
3.635000000000000231e+00 1.685992014970846498e+00 1.305146035046665531e+02 9.059525666645288311e+01 6.926440254110232786e+01
3.640000000000000124e+00 1.687326522255794936e+00 1.309178222977589314e+02 9.088218403462222739e+01 6.940069952581887947e+01
3.645000000000000018e+00 1.688663067223552527e+00 1.313225807654748678e+02 9.117092231284011916e+01 6.955505846816883775e+01
3.649999999999999911e+00 1.690001688103477839e+00 1.317262470274826853e+02 9.145801402556394066e+01 6.970228848272850541e+01
3.655000000000000249e+00 1.691342423523365834e+00 1.321323784272385353e+02 9.174662651209571607e+01 6.986707493694332527e+01
3.660000000000000142e+00 1.692685312512123508e+00 1.325354047092532142e+02 9.203438367965667055e+01 7.009007991071929666e+01
3.665000000000000036e+00 1.694030394502469727e+00 1.329462254711613127e+02 9.232640067930682903e+01 7.026413067156454417e+01
3.669999999999999929e+00 1.695377709333675487e+00 1.333517346569189215e+02 9.261697474154624388e+01 7.051842485040373276e+01
3.675000000000000266e+00 1.696727297254325917e+00 1.337632607748151941e+02 9.290798236744919336e+01 7.070339555131040754e+01
3.680000000000000160e+00 1.698079198925130706e+00 1.341734206757446657e+02 9.320111140591698984e+01 7.095907030921398473e+01
3.685000000000000053e+00 1.699433455421752726e+00 1.345843325633307472e+02 9.349330792840248705e+01 7.119869208857703313e+01
3.689999999999999947e+00 1.700790108237682396e+00 1.349948663420594812e+02 9.378721485072686903e+01 7.151241544263386629e+01
3.695000000000000284e+00 1.702149199287140036e+00 1.354109265347534858e+02 9.408283058118993836e+01 7.177077129103798825e+01
3.700000000000000178e+00 1.703510770908022831e+00 1.358209266988787647e+02 9.437445033144088313e+01 7.203024547546122847e+01
3.705000000000000071e+00 1.704874865864877798e+00 1.362387544082047839e+02 9.467398069515888892e+01 7.237140467445330216e+01
3.709999999999999964e+00 1.706241527351919807e+00 1.366544445331754218e+02 9.497016267356698904e+01 7.270988093994010626e+01
3.714999999999999858e+00 1.707610798996081591e+00 1.370707721006095596e+02 9.526527536051945333e+01 7.302552560653266767e+01
3.720000000000000195e+00 1.708982724860113711e+00 1.374883061018566650e+02 9.556421513833041104e+01 7.339637074883920320e+01
3.725000000000000089e+00 1.710357349445704500e+00 1.379071470839508606e+02 9.586110678732811152e+01 7.374379494744950136e+01
3.729999999999999982e+00 1.711734717696661745e+00 1.383241221064700994e+02 9.615954549596915513e+01 7.414358262250246412e+01
3.734999999999999876e+00 1.713114875002117454e+00 1.387470399823455693e+02 9.646080416795274459e+01 7.452948267555798623e+01
3.740000000000000213e+00 1.714497867199787251e+00 1.391666424685820402e+02 9.675888558798801853e+01 7.492657879788997377e+01
3.745000000000000107e+00 1.715883740579261962e+00 1.395837470352085745e+02 9.705613325050359208e+01 7.538259398301204328e+01
3.750000000000000000e+00 1.717272541885350057e+00 1.400085822169245660e+02 9.735885548133623502e+01 7.582062582370492976e+01
3.754999999999999893e+00 1.718664318321458495e+00 1.404376320185021427e+02 9.766619648900554296e+01 7.628070903580110951e+01
3.760000000000000231e+00 1.720059117553022654e+00 1.408631879418028063e+02 9.796823478783875316e+01 7.676850671586987573e+01
3.765000000000000124e+00 1.721456987710977105e+00 1.412839492753068384e+02 9.826699859754418753e+01 7.725357234847248833e+01
3.770000000000000018e+00 1.722857977395276574e+00 1.417106609278545761e+02 9.857238354107167311e+01 7.776814692790556194e+01
3.774999999999999911e+00 1.724262135678464647e+00 1.421438937343461930e+02 9.887896776209139205e+01 7.817564403975194409e+01
3.780000000000000249e+00 1.725669512109285098e+00 1.425764652827913608e+02 9.919189023920702653e+01 7.873070008125176855e+01
3.785000000000000142e+00 1.727080156716347847e+00 1.430006042878665937e+02 9.949087550111440237e+01 7.935466822824760413e+01
3.790000000000000036e+00 1.728494120011841551e+00 1.434327318927776105e+02 9.980039188471829448e+01 7.987264498330770834e+01
3.794999999999999929e+00 1.729911452995299248e+00 1.438564414484350777e+02 1.001014239074405339e+02 8.046853884398534262e+01
3.800000000000000266e+00 1.731332207157411762e+00 1.443000757610013522e+02 1.004204564067969301e+02 8.107142563338527452e+01
3.805000000000000160e+00 1.732756434483898600e+00 1.447282193443807330e+02 1.007226653376615388e+02 8.154587966229789231e+01
3.810000000000000053e+00 1.734184187459427706e+00 1.451665361010932429e+02 1.010350537510245061e+02 8.234697000153931867e+01
3.814999999999999947e+00 1.735615519071593615e+00 1.456066143103391823e+02 1.013553908963813512e+02 8.295564892064280116e+01
3.820000000000000284e+00 1.737050482814948671e+00 1.460412178189279189e+02 1.016641354105254607e+02 8.357579142972529951e+01
3.825000000000000178e+00 1.738489132695088868e+00 1.464664230343926192e+02 1.019665486739543496e+02 8.426522732999215748e+01
3.830000000000000071e+00 1.739931523232801869e+00 1.469222444891880457e+02 1.022888281731960944e+02 8.485574622097081487e+01
3.834999999999999964e+00 1.741377709468272084e+00 1.473577922716255557e+02 1.026013730281831329e+02 8.546716913753108713e+01
3.839999999999999858e+00 1.742827746965340152e+00 1.477967062247553258e+02 1.029177678362445931e+02 8.629291099950096111e+01
3.845000000000000195e+00 1.744281691815829705e+00 1.482270384468805275e+02 1.032232228575050499e+02 8.692713483199320024e+01
3.850000000000000089e+00 1.745739600643932299e+00 1.486808252475818222e+02 1.035443807880626963e+02 8.765435932671751118e+01
3.854999999999999982e+00 1.747201530610656750e+00 1.491224121091720178e+02 1.038648315982479460e+02 8.837865321297917376e+01
3.859999999999999876e+00 1.748667539418339745e+00 1.495577552240928867e+02 1.041719217103348143e+02 8.907872248108867552e+01
3.865000000000000213e+00 1.750137685315223512e+00 1.500242699936258930e+02 1.045040820614765664e+02 8.991860884972567192e+01
3.870000000000000107e+00 1.751612027100100555e+00 1.504547886595647697e+02 1.048183871773392184e+02 9.058873833456043201e+01
3.875000000000000000e+00 1.753090624127023878e+00 1.509021509503258187e+02 1.051277481312718862e+02 9.131864379621848116e+01
3.879999999999999893e+00 1.754573536310083837e+00 1.513507112354230344e+02 1.054509222424251220e+02 9.212541910869370554e+01
3.885000000000000231e+00 1.756060824128258258e+00 1.518278356680836509e+02 1.057930408483114917e+02 9.293477007062595874e+01
3.890000000000000124e+00 1.757552548630337386e+00 1.522621742333328427e+02 1.061013968730878219e+02 9.367770046129929540e+01
3.895000000000000018e+00 1.759048771439909009e+00 1.527069447646939864e+02 1.064277203595445656e+02 9.437356208310498573e+01
3.899999999999999911e+00 1.760549554760425739e+00 1.531736811359229762e+02 1.067597559368129652e+02 9.515033858967615288e+01
3.905000000000000249e+00 1.762054961380348228e+00 1.536114966534675261e+02 1.070695012550437468e+02 9.608917307737264935e+01
3.910000000000000142e+00 1.763565054678360111e+00 1.540904990333589240e+02 1.074182143473214808e+02 9.687086993072712460e+01
3.915000000000000036e+00 1.765079898628665322e+00 1.545189935766318001e+02 1.077195128486534941e+02 9.745635854381073671e+01
3.919999999999999929e+00 1.766599557806353804e+00 1.549798654970299765e+02 1.080450552987872044e+02 9.849639190789542909e+01
3.925000000000000266e+00 1.768124097392861804e+00 1.554457005025784611e+02 1.083757966417933289e+02 9.907076008533547906e+01
3.930000000000000160e+00 1.769653583181507006e+00 1.558686908540398406e+02 1.087090846015954355e+02 1.002527013331241221e+02
3.935000000000000053e+00 1.771188081583099816e+00 1.563563663245600139e+02 1.090313069837542628e+02 1.009504866918396431e+02
3.939999999999999947e+00 1.772727659631656794e+00 1.568103160292091331e+02 1.093658407733787499e+02 1.016464699762616988e+02
3.945000000000000284e+00 1.774272384990179141e+00 1.572670414682582987e+02 1.096996637947427757e+02 1.024293729902899912e+02
3.950000000000000178e+00 1.775822325956536885e+00 1.577679506681396902e+02 1.100337959502639080e+02 1.030912601994989473e+02
3.955000000000000071e+00 1.777377551469432548e+00 1.581970590246429254e+02 1.103461930449187776e+02 1.043069733707615114e+02
3.959999999999999964e+00 1.778938131114458976e+00 1.586787329040441819e+02 1.106872751165882818e+02 1.047602722074821315e+02
3.965000000000000302e+00 1.780504135130244192e+00 1.591410647937127294e+02 1.110143585481419706e+02 1.053609390242519623e+02
3.970000000000000195e+00 1.782075634414699072e+00 1.595818823408343974e+02 1.113538973688483793e+02 1.067440034434331153e+02
3.975000000000000089e+00 1.783652700531359159e+00 1.601019183481824655e+02 1.117115871973491323e+02 1.073074925492811076e+02
3.979999999999999982e+00 1.785235405715812629e+00 1.605525806892463265e+02 1.120773525911672834e+02 1.080497041950622332e+02
3.984999999999999876e+00 1.786823822882243729e+00 1.610172422165237265e+02 1.123501299830318345e+02 1.087383894693896877e+02
3.990000000000000213e+00 1.788418025630066133e+00 1.615421966331047656e+02 1.127457505312522699e+02 1.097367953521215327e+02
3.995000000000000107e+00 1.790018088250662442e+00 1.619586544188377673e+02 1.130296026381220855e+02 1.102261192957898999e+02
4.000000000000000000e+00 1.791624085734228267e+00 1.624923317489009094e+02 1.134388922626362870e+02 1.110386019517330141e+02
