% raindrop T-matrix calculations using the code of Leinonen, J., "Python code for T-matrix scattering calculations". Available at https://github.com/jleinonen/pytmatrix/. 
% 
% refractive index calculations after Ray, P., 1972:  Broadband Complex Refractive Indices of Ice and Water, Appl. Opt. 11, 1836-1844 
% 
% raindrop aspect ratio estimated with the methodology of Brandes, Edward & Zhang, Guifu & Vivekanandan, Jothiram. (2005). Corrigendum. Journal of Applied Meteorology. 44. 186-. 10.1175/1520-0450(2005)44<186:C>2.0.CO;2. 
% 
% wave length: 327.642031 mm 
% temperature: 298.15 K 
% refractive index: 8.850778579711914062e+00 + 2.113706171512603760e-01 i 
% 
%r_eqv[mm]               axial ratio              ext[mm2]                 sca[mm2]                 back[mm2]
5.000000000000000104e-03 9.999900000999989436e-01 5.233500195106778250e-11 1.640798703710987259e-20 2.461198054920567468e-20
1.000000000000000021e-02 9.999900000999989436e-01 4.186808460062676308e-10 1.050111170374984660e-18 1.575166515305066833e-18
1.499999999999999944e-02 9.999900000999989436e-01 1.413052598505826640e-09 1.196142415367542837e-17 1.794212894053906610e-17
2.000000000000000042e-02 9.999900000999989436e-01 3.349473669033937030e-09 6.720712778260223180e-17 1.008106148972907346e-16
2.500000000000000139e-02 9.999900000999989436e-01 6.541980892280430883e-09 2.563748251363081452e-16 3.845617691575026254e-16
2.999999999999999889e-02 9.999900000999989436e-01 1.130462659845787005e-08 7.655313220902329037e-16 1.148294942955931100e-15
3.500000000000000333e-02 9.999900000999989436e-01 1.795148591859497793e-08 1.930384012465551716e-15 2.895568963564283430e-15
4.000000000000000083e-02 9.999900000999989436e-01 2.679666126665531510e-08 4.301257837913713367e-15 6.451866124667312472e-15
4.499999999999999833e-02 9.999900000999989436e-01 3.815427731731280695e-08 8.719883514363305002e-15 1.307977215826898944e-14
5.000000000000000278e-02 9.999900000999989436e-01 5.233850151096867426e-08 1.640800168748379056e-14 2.461187885437559026e-14
5.500000000000000028e-02 9.999900000999989436e-01 6.966353861306754402e-08 2.906778417919955942e-14 4.360141069377395012e-14
5.999999999999999778e-02 9.999900000999989436e-01 9.044363218101627540e-08 4.899406009714058668e-14 7.349055672352690104e-14
6.500000000000000222e-02 9.999900000999989436e-01 1.149930686746545142e-07 7.919835258168976167e-14 1.187965158588049091e-13
7.000000000000000666e-02 9.999900000999989436e-01 1.436262119842049464e-07 1.235447711656387042e-13 1.853153225441365964e-13
7.499999999999999722e-02 9.999900000999989436e-01 1.766574413504055691e-07 1.868976471315303427e-13 2.803432832732160457e-13
8.000000000000000167e-02 9.999900000999989436e-01 2.144012160293311144e-07 2.752810811729704538e-13 4.129162772966667102e-13
8.500000000000000611e-02 9.999900000999989436e-01 2.571720796057856193e-07 3.960501100449559906e-13 5.940664808643791425e-13
8.999999999999999667e-02 9.999900000999989436e-01 3.052846204508378605e-07 5.580739720158257168e-13 8.370972339927562810e-13
9.500000000000000111e-02 9.999900000999989436e-01 3.590534970144626198e-07 7.719310737491167559e-13 1.157875452915301647e-12
1.000000000000000056e-01 9.999900000999989436e-01 4.187934866280399897e-07 1.050115405045173821e-12 1.575141207036040474e-12
1.049999999999999961e-01 9.999900000999989436e-01 4.848193580601251747e-07 1.407255817028676538e-12 2.110836582872701943e-12
1.100000000000000006e-01 9.999900000999989436e-01 5.574460937448693065e-07 1.860345318613132071e-12 2.790449566315480273e-12
1.150000000000000050e-01 9.999900000999989436e-01 6.369886554874850699e-07 2.428984274218151611e-12 3.643378766678941359e-12
1.199999999999999956e-01 9.999900000999989436e-01 7.237621377958825731e-07 3.135634089655174633e-12 4.703313861880204520e-12
1.250000000000000000e-01 9.999900000999989436e-01 8.180817776124629663e-07 4.005881857746608787e-12 6.008632471049605347e-12
1.300000000000000044e-01 9.999900000999989436e-01 9.202629083621250314e-07 5.068721716897574878e-12 7.602822083097542129e-12
1.350000000000000089e-01 9.999900000999989436e-01 1.030620838222137271e-06 6.356838080864796070e-12 9.534904777836033990e-12
1.400000000000000133e-01 9.999900000999989436e-01 1.149471246433002239e-06 7.906913984235854184e-12 1.185989960453947042e-11
1.449999999999999900e-01 9.999900000999989436e-01 1.277129658665198299e-06 9.759938968582201205e-12 1.463928425472616694e-11
1.499999999999999944e-01 9.999900000999989436e-01 1.413911896063327236e-06 1.196153561982516641e-11 1.794148469356101840e-11
1.549999999999999989e-01 9.999900000999989436e-01 1.560133984211406646e-06 1.456229466161745847e-11 2.184237760485885074e-11
1.600000000000000033e-01 9.999900000999989436e-01 1.716111639428501417e-06 1.761813100150773371e-11 2.642582424470420979e-11
1.650000000000000078e-01 9.999900000999989436e-01 1.882161403772474375e-06 2.119063091245024665e-11 3.178419097517255668e-11
1.700000000000000122e-01 9.999900000999989436e-01 2.058599341943599484e-06 2.534743788379148565e-11 3.801892777830873595e-11
1.750000000000000167e-01 9.999900000999989436e-01 2.245741828302310352e-06 3.016262279147565597e-11 4.524112322241265178e-11
1.799999999999999933e-01 9.999900000999989436e-01 2.443905732084588999e-06 3.571709957401098673e-11 5.357212765981271528e-11
1.849999999999999978e-01 9.999900000999989436e-01 2.653407714377408772e-06 4.209900776545356862e-11 6.314412668214778355e-11
1.900000000000000022e-01 1.000338260324268314e+00 2.875303023601263246e-06 4.941685992423959956e-11 7.411986184271628155e-11
1.950000000000000067e-01 1.000344839311130496e+00 3.108506899987476206e-06 5.775154736914402002e-11 8.662063902233772263e-11
2.000000000000000111e-01 1.000357515291503407e+00 3.354020729250318681e-06 6.722647637171787259e-11 1.008315320215808269e-10
2.050000000000000155e-01 1.000376259251188893e+00 3.612165893317587125e-06 7.796324519447745211e-11 1.169348978073505665e-10
2.099999999999999922e-01 1.000401042453005207e+00 3.883263239300262912e-06 9.009296796275654514e-11 1.351273617588541478e-10
2.149999999999999967e-01 1.000431836433301802e+00 4.167635522454374331e-06 1.037566862263269153e-10 1.556204344513376400e-10
2.200000000000000011e-01 1.000468612998516083e+00 4.465605306786475645e-06 1.191060019635168585e-10 1.786414605615781710e-10
2.250000000000000056e-01 1.000511344221778787e+00 4.777495684769384178e-06 1.363034144082870222e-10 2.044341234607243442e-10
2.300000000000000100e-01 1.000560002439564444e+00 5.103630618279725470e-06 1.555230276558770837e-10 2.332595059309128316e-10
2.350000000000000144e-01 1.000614560248383578e+00 5.444334590277257622e-06 1.769508850924573704e-10 2.653965910735472511e-10
2.399999999999999911e-01 1.000674990501522643e+00 5.799932269747384816e-06 2.007857517891031837e-10 3.011434350877869261e-10
2.449999999999999956e-01 1.000741266305821942e+00 6.170749548227818628e-06 2.272393814385189256e-10 3.408175668611554239e-10
2.500000000000000000e-01 1.000813361018499714e+00 6.557112534367555777e-06 2.565373911146325245e-10 3.847572991760167410e-10
2.550000000000000044e-01 1.000891248244015541e+00 6.959348186926074358e-06 2.889197322089255531e-10 4.333224341522861275e-10
2.600000000000000089e-01 1.000974901830975039e+00 7.377783680323193886e-06 3.246410899733774751e-10 4.868948615693358461e-10
2.650000000000000133e-01 1.001064295869075416e+00 7.812748505689552422e-06 3.639718067969142872e-10 5.458799426797293725e-10
2.700000000000000178e-01 1.001159404686088994e+00 8.264570223995055888e-06 4.071984178059387282e-10 6.107073124219034225e-10
2.750000000000000222e-01 1.001260202844886926e+00 8.733580133409180808e-06 4.546241002818813273e-10 6.818315523854331592e-10
2.800000000000000266e-01 1.001366665140501100e+00 9.220106906717780265e-06 5.065696341090718519e-10 7.597336301347526443e-10
2.850000000000000311e-01 1.001478766597222014e+00 9.724482271862743273e-06 5.633736669655621633e-10 8.449212956943549415e-10
2.899999999999999800e-01 1.001596482465736404e+00 1.024703883899016199e-05 6.253939540314124354e-10 9.379309395750797350e-10
2.949999999999999845e-01 1.001719788220298835e+00 1.078810947295045879e-05 6.930073093917329218e-10 1.039327518433943493e-09
2.999999999999999889e-01 1.001848659555939935e+00 1.134802653443177539e-05 7.666110696306133081e-10 1.149706748829649398e-09
3.049999999999999933e-01 1.001983072385710605e+00 1.192712472932416876e-05 8.466233586117750322e-10 1.269695502665217998e-09
3.099999999999999978e-01 1.002123002837959964e+00 1.252573970032025363e-05 9.334837829231581106e-10 1.399952848640979464e-09
3.150000000000000022e-01 1.002268427253648841e+00 1.314420660809604731e-05 1.027654551613231391e-09 1.541171729873852286e-09
3.200000000000000067e-01 1.002419322183694117e+00 1.378286299085788555e-05 1.129620753632819781e-09 1.694079378260492665e-09
3.250000000000000111e-01 1.002575664386349930e+00 1.444204658676021649e-05 1.239891302317891130e-09 1.859438728997498943e-09
3.300000000000000155e-01 1.002737430824617970e+00 1.512209541808140550e-05 1.359000389145488142e-09 2.038050598968067157e-09
3.350000000000000200e-01 1.002904598663692415e+00 1.582334912986193691e-05 1.487506735737767557e-09 2.230752562734487263e-09
3.400000000000000244e-01 1.003077145268434833e+00 1.654614905655546296e-05 1.625996207174956773e-09 2.438422869816396207e-09
3.450000000000000289e-01 1.003255048200880628e+00 1.729083536922453783e-05 1.775081246773756578e-09 2.661979594615195888e-09
3.500000000000000333e-01 1.003438285217776782e+00 1.805774988653071594e-05 1.935402413297431372e-09 2.902382939435786233e-09
3.549999999999999822e-01 1.003626834268148693e+00 1.884723755655167427e-05 2.107629302685573664e-09 3.160636614353027583e-09
3.599999999999999867e-01 1.003820673490896542e+00 1.965964073201297797e-05 2.292460523777360388e-09 3.437787798248037354e-09
3.649999999999999911e-01 1.004019781212422524e+00 2.049530626459688713e-05 2.490626026561263376e-09 3.734930627614453878e-09
3.699999999999999956e-01 1.004224135944284502e+00 2.135457990661963787e-05 2.702886526796315436e-09 4.053205330847273229e-09
3.750000000000000000e-01 1.004433716380879638e+00 2.223780764345133115e-05 2.930035644709727314e-09 4.393801433018257385e-09
3.800000000000000044e-01 1.004648501397155336e+00 2.314533860673628063e-05 3.172900206694218568e-09 4.757958204432574101e-09
3.850000000000000089e-01 1.004868470046347273e+00 2.407752359243791042e-05 3.432340836965891771e-09 5.146965545888572684e-09
3.900000000000000133e-01 1.005093601557745631e+00 2.503470804312063936e-05 3.709253531293248493e-09 5.562166343907886453e-09
3.950000000000000178e-01 1.005323875334485528e+00 2.601725043296442715e-05 4.004570327452981831e-09 6.004957473945347133e-09
4.000000000000000222e-01 1.005559270951367434e+00 2.702549532745416249e-05 4.319261067715928346e-09 6.476792439306000469e-09
4.050000000000000266e-01 1.005799768152698448e+00 2.805980460794018426e-05 4.654331941220036761e-09 6.979179181567937759e-09
4.100000000000000311e-01 1.006045346850164002e+00 2.912052631387129892e-05 5.010831541734788398e-09 7.513689160843495421e-09
4.150000000000000355e-01 1.006295987120720881e+00 3.020802012788489631e-05 5.389845043018475718e-09 8.081948617198558311e-09
4.199999999999999845e-01 1.006551669204517108e+00 3.132264030843908564e-05 5.792500394558258056e-09 8.685647857584473862e-09
4.249999999999999889e-01 1.006812373502834479e+00 3.246474713934054135e-05 6.219968620266759164e-09 9.326541698865178570e-09
4.299999999999999933e-01 1.007078080576055967e+00 3.363469842569272443e-05 6.673463060552788894e-09 1.000644832778267011e-08
4.349999999999999978e-01 1.007348771141657329e+00 3.483285779766230264e-05 7.154240144713791810e-09 1.072725045305733925e-08
4.400000000000000022e-01 1.007624426072219359e+00 3.605958372305978509e-05 7.663604768772040698e-09 1.149090336626664233e-08
4.450000000000000067e-01 1.007905026393466796e+00 3.731523773834155680e-05 8.202907378576549210e-09 1.229943056181172283e-08
4.500000000000000111e-01 1.008190553282325652e+00 3.860018744326935102e-05 8.773543619918439450e-09 1.315492320660954169e-08
4.550000000000000155e-01 1.008480988065006079e+00 3.991479778191516631e-05 9.376962505334479314e-09 1.405955238329096264e-08
4.600000000000000200e-01 1.008776312215104998e+00 4.125943422619112908e-05 1.001465939148135123e-08 1.501555855073850122e-08
4.650000000000000244e-01 1.009076507351731156e+00 4.263446526262647935e-05 1.068818178980422259e-08 1.602526025315114849e-08
4.700000000000000289e-01 1.009381555237651273e+00 4.404025703733614321e-05 1.139913212079332126e-08 1.709105824566385655e-08
4.750000000000000333e-01 1.009691437777457068e+00 4.547718713377673467e-05 1.214916219686083689e-08 1.821542721111237927e-08
4.799999999999999822e-01 1.010006137015752481e+00 4.694561967233595119e-05 1.293998406293384183e-08 1.940093201334353268e-08
4.849999999999999867e-01 1.010325635135361333e+00 4.844593295482168855e-05 1.377335844129638699e-08 2.065021035948746351e-08
4.899999999999999911e-01 1.010649914455556075e+00 4.997849731040433872e-05 1.465111195544777851e-08 2.196599862557006436e-08
4.949999999999999956e-01 1.010978957430304748e+00 5.154369198263552366e-05 1.557512363500034952e-08 2.335111160471232648e-08
5.000000000000000000e-01 1.011312746646537475e+00 5.314189359742198140e-05 1.654733534695529977e-08 2.480845815055823358e-08
5.050000000000000044e-01 1.011651264822433394e+00 5.477348476745823666e-05 1.756974992389523538e-08 2.634103836197472537e-08
5.100000000000000089e-01 1.011994494805724676e+00 5.643883744856464089e-05 1.864442901285221536e-08 2.795194033860492972e-08
5.150000000000000133e-01 1.012342419572020980e+00 5.813833511155308152e-05 1.977350465446787778e-08 2.964435755197323069e-08
5.200000000000000178e-01 1.012695022223150554e+00 5.987236148247014248e-05 2.095917055496299422e-08 3.142157573518278448e-08
5.250000000000000222e-01 1.013052285985520662e+00 6.164130083323285153e-05 2.220368656971097947e-08 3.328697960498381514e-08
5.300000000000000266e-01 1.013414194208494434e+00 6.344553781823310419e-05 2.350938418388714271e-08 3.524406107066440264e-08
5.350000000000000311e-01 1.013780730362787486e+00 6.528546870112212621e-05 2.487865609820030499e-08 3.729640360572560675e-08
5.400000000000000355e-01 1.014151878038878962e+00 6.716146765721014685e-05 2.631397721297014495e-08 3.944771370320727039e-08
5.450000000000000400e-01 1.014527620945441466e+00 6.907393182281101787e-05 2.781788672408254293e-08 4.170179402542428846e-08
5.500000000000000444e-01 1.014907942907788518e+00 7.102325289949508837e-05 2.939299662474369467e-08 4.406255613398310876e-08
5.550000000000000488e-01 1.015292827866336012e+00 7.300982327008822875e-05 3.104199815497708573e-08 4.653403015910047616e-08
5.600000000000000533e-01 1.015682259875082316e+00 7.503404117370371536e-05 3.276766324204942651e-08 4.912036693143469493e-08
5.650000000000000577e-01 1.016076223100103704e+00 7.709629980685533501e-05 3.457283761110339339e-08 5.182582766246232873e-08
5.700000000000000622e-01 1.016474701818065096e+00 7.919699261076930082e-05 3.646043654908011852e-08 5.465477757687412511e-08
5.750000000000000666e-01 1.016877680414747243e+00 8.133652482008366764e-05 3.843347999368711465e-08 5.761173849439827103e-08
5.799999999999999600e-01 1.017285143383589441e+00 8.351529633768223291e-05 4.049504604100080956e-08 6.070131912887283477e-08
5.849999999999999645e-01 1.017697075324246692e+00 8.573370776460385596e-05 4.264831153097942024e-08 6.392827592562171635e-08
5.899999999999999689e-01 1.018113460941162618e+00 8.799216555297307109e-05 4.489653880350655776e-08 6.729749317952116738e-08
5.949999999999999734e-01 1.018534285042156151e+00 9.029107083268020926e-05 4.724307229575358210e-08 7.081397793141038308e-08
5.999999999999999778e-01 1.018959532537025314e+00 9.263083681319440725e-05 4.969135610847702046e-08 7.448288629527642925e-08
6.049999999999999822e-01 1.019389188436160998e+00 9.501187129395938756e-05 5.224490209444215944e-08 7.830947558253001432e-08
6.099999999999999867e-01 1.019823237849180497e+00 9.743457684344950138e-05 5.490735456026353424e-08 8.229920131966488989e-08
6.149999999999999911e-01 1.020261665983570154e+00 9.989937898102783443e-05 5.768240466579979563e-08 8.645758886556546569e-08
6.199999999999999956e-01 1.020704458143344873e+00 1.024066870431872430e-04 6.057387422649904847e-08 9.079035906327655042e-08
6.250000000000000000e-01 1.021151599727719406e+00 1.049569161430414778e-04 6.358568329145694253e-08 9.530337960227122459e-08
6.300000000000000044e-01 1.021603076229795626e+00 1.075504821208266449e-04 6.672181267651043140e-08 1.000026088493452741e-07
6.350000000000000089e-01 1.022058873235258902e+00 1.101878013370091394e-04 6.998639445002720398e-08 1.048942314632605601e-07
6.400000000000000133e-01 1.022518976421092685e+00 1.128693013293693948e-04 7.338362418042391039e-08 1.099845268416124158e-07
6.450000000000000178e-01 1.022983371554301524e+00 1.155953994600676513e-04 7.691784216861195033e-08 1.152799908807215659e-07
6.500000000000000222e-01 1.023452044490649859e+00 1.183665244954299416e-04 8.059345340062281543e-08 1.207872159380333436e-07
6.550000000000000266e-01 1.023924981173411908e+00 1.211830944448494106e-04 8.441498351443909095e-08 1.265129747572205361e-07
6.600000000000000311e-01 1.024402167632133542e+00 1.240455507044884765e-04 8.838709771726121690e-08 1.324642487688773633e-07
6.650000000000000355e-01 1.024883589981409493e+00 1.269543233355517511e-04 9.251454323857211179e-08 1.386481418088980355e-07
6.700000000000000400e-01 1.025369234419667430e+00 1.299098207985759903e-04 9.680218027626882194e-08 1.450719265401524471e-07
6.750000000000000444e-01 1.025859087227968924e+00 1.329125078964810613e-04 1.012550154977029979e-07 1.517430945597827215e-07
6.800000000000000488e-01 1.026353134768820174e+00 1.359627942340575876e-04 1.058781250613118913e-07 1.586692410985046943e-07
6.850000000000000533e-01 1.026851363484993174e+00 1.390611342365006609e-04 1.106767523668155780e-07 1.658582114226668728e-07
6.900000000000000577e-01 1.027353759898360641e+00 1.422079610245944464e-04 1.156562288755964666e-07 1.733179821937650383e-07
6.950000000000000622e-01 1.027860310608740946e+00 1.454037190313399246e-04 1.208220437990191944e-07 1.810567659094838386e-07
7.000000000000000666e-01 1.028371002292754355e+00 1.486488419596641831e-04 1.261797760362564152e-07 1.890829088061534533e-07
7.049999999999999600e-01 1.028885821702690384e+00 1.519437754726695637e-04 1.317351489291263901e-07 1.974049729601924900e-07
7.099999999999999645e-01 1.029404755665387139e+00 1.552889769895687627e-04 1.374940336894370552e-07 2.060317413807232459e-07
7.149999999999999689e-01 1.029927791081118427e+00 1.586848818232171224e-04 1.434623954115636158e-07 2.149721370842869994e-07
7.199999999999999734e-01 1.030454914922495746e+00 1.621319597141407149e-04 1.496463504531649705e-07 2.242353090458664421e-07
7.249999999999999778e-01 1.030986114233377604e+00 1.656306467331952617e-04 1.560521897315529725e-07 2.338306671039752076e-07
7.299999999999999822e-01 1.031521376127789047e+00 1.691814027804851447e-04 1.626862838446098765e-07 2.437677398071372941e-07
7.349999999999999867e-01 1.032060687788854958e+00 1.727846874513919997e-04 1.695551608453898191e-07 2.540562908044996925e-07
7.399999999999999911e-01 1.032604036467738684e+00 1.764409503573492516e-04 1.766655328059636795e-07 2.647063587318670288e-07
7.449999999999999956e-01 1.033151409482594651e+00 1.801506632372589379e-04 1.840241930621994484e-07 2.757281032010685177e-07
7.500000000000000000e-01 1.033702794217528753e+00 1.839142770868550352e-04 1.916381006526112553e-07 2.871319313085378599e-07
7.550000000000000044e-01 1.034258178121568061e+00 1.877322650506405043e-04 1.995144299817612569e-07 2.989285719411018275e-07
7.600000000000000089e-01 1.034817548707643198e+00 1.916051006954057009e-04 2.076603946244060282e-07 3.111288118641300250e-07
7.650000000000000133e-01 1.035380893551575587e+00 1.955332366058219436e-04 2.160834974196348323e-07 3.237438703232538937e-07
7.700000000000000178e-01 1.035948200291078702e+00 1.995171586445765820e-04 2.247912575850402008e-07 3.367849901176317250e-07
7.750000000000000222e-01 1.036519456624765523e+00 2.035573203462530943e-04 2.337913975446474423e-07 3.502637177601626756e-07
7.800000000000000266e-01 1.037094650311166655e+00 2.076542198479092605e-04 2.430918947201266361e-07 3.641919805932543224e-07
7.850000000000000311e-01 1.037673769167756666e+00 2.118083117694971704e-04 2.527007950644737176e-07 3.785818078593059082e-07
7.900000000000000355e-01 1.038256801069989743e+00 2.160200953546501828e-04 2.626263064791348376e-07 3.934454702741292940e-07
7.950000000000000400e-01 1.038843733950345127e+00 2.202900266339070684e-04 2.728768540306657314e-07 4.087955629017820361e-07
8.000000000000000444e-01 1.039434555797379867e+00 2.246186288336707597e-04 2.834610338406611553e-07 4.246449359974626412e-07
8.050000000000000488e-01 1.040029254654790458e+00 2.290063583172918219e-04 2.943875059426573883e-07 4.410065344742896699e-07
8.100000000000000533e-01 1.040627818620484257e+00 2.334537172540208276e-04 3.056653217988524733e-07 4.578938884945699925e-07
8.150000000000000577e-01 1.041230235845658436e+00 2.379611861659009127e-04 3.173034340183387714e-07 4.753203790039713626e-07
8.200000000000000622e-01 1.041836494533886492e+00 2.425292676691794729e-04 3.293112537667141807e-07 4.933000726463735419e-07
8.250000000000000666e-01 1.042446582940215416e+00 2.471584209490507167e-04 3.416982063570168166e-07 5.118470561279712550e-07
8.300000000000000711e-01 1.043060489370268407e+00 2.518491956076513404e-04 3.544738966003399696e-07 5.309756837047328590e-07
8.349999999999999645e-01 1.043678202179357140e+00 2.566020739735873813e-04 3.676482366631600873e-07 5.507007687405170796e-07
8.399999999999999689e-01 1.044299709771603135e+00 2.614175387602796154e-04 3.812312096672688105e-07 5.710372297954525221e-07
8.449999999999999734e-01 1.044925000599063569e+00 2.662960971793836939e-04 3.952331123254271322e-07 5.920004535736138445e-07
8.499999999999999778e-01 1.045554063160868408e+00 2.712382779576419096e-04 4.096642460921229068e-07 6.136058325473960165e-07
8.549999999999999822e-01 1.046186886002363758e+00 2.762445661983919704e-04 4.245353683329214767e-07 6.358694408568872449e-07
8.599999999999999867e-01 1.046823457714263217e+00 2.813154696512427271e-04 4.398572414519102025e-07 6.588073585535193611e-07
8.649999999999999911e-01 1.047463766931806317e+00 2.864515421903473733e-04 4.556408955128163380e-07 6.824360652026396968e-07
8.699999999999999956e-01 1.048107802333925420e+00 2.916532480969839369e-04 4.718974963039070632e-07 7.067722420657377524e-07
8.750000000000000000e-01 1.048755552642418598e+00 2.969211423721683204e-04 4.886386960058370575e-07 7.318332975198568410e-07
8.800000000000000044e-01 1.049407006621131844e+00 3.022557127392634679e-04 5.058759415534456838e-07 7.576363309543268504e-07
8.850000000000000089e-01 1.050062153075147497e+00 3.076575160270208359e-04 5.236212412802275378e-07 7.841992805300568896e-07
8.900000000000000133e-01 1.050720980849978670e+00 3.131270407203649722e-04 5.418866099964698596e-07 8.115400930298735214e-07
8.950000000000000178e-01 1.051383478830772988e+00 3.186648447113928713e-04 5.606845005592754010e-07 8.396773693313633626e-07
9.000000000000000222e-01 1.052049635941522787e+00 3.242714403977377540e-04 5.800273684164473695e-07 8.686297124655515730e-07
9.050000000000000266e-01 1.052719441144281065e+00 3.299473646375783008e-04 5.999279647534488021e-07 8.984161664636982702e-07
9.100000000000000311e-01 1.053392883438386107e+00 3.356931536379105258e-04 6.203992686810807847e-07 9.290561150946938083e-07
9.150000000000000355e-01 1.054069951859691656e+00 3.415093454425834323e-04 6.414546506950133467e-07 9.605695263466536922e-07
9.200000000000000400e-01 1.054750635479804632e+00 3.473964773795671160e-04 6.631075590723352896e-07 9.929764826669368933e-07
9.250000000000000444e-01 1.055434923405329073e+00 3.533550894899407067e-04 6.853715955046014729e-07 1.026297294403734604e-06
9.300000000000000488e-01 1.056122804777117841e+00 3.593857195760308027e-04 7.082608464576838924e-07 1.060552995632705781e-06
9.350000000000000533e-01 1.056814268769528553e+00 3.654889315726349720e-04 7.317894822120959818e-07 1.095764744423247716e-06
9.400000000000000577e-01 1.057509304589689725e+00 3.716652650203483045e-04 7.559719125019450671e-07 1.131954054833948310e-06
9.450000000000000622e-01 1.058207901476769797e+00 3.779152839699880841e-04 7.808228846738843840e-07 1.169142944609292700e-06
9.500000000000000666e-01 1.058910048701254603e+00 3.842395082667434498e-04 8.063573114148070314e-07 1.207353676922648600e-06
9.550000000000000711e-01 1.059615735564230832e+00 3.906385258442158365e-04 8.325905422843200292e-07 1.246609166547792363e-06
9.599999999999999645e-01 1.060324951396675930e+00 3.971128791144051622e-04 8.595380057718085818e-07 1.286932444719264243e-06
9.649999999999999689e-01 1.061037685558753330e+00 4.036631801783970106e-04 8.872155803769326595e-07 1.328347213552116941e-06
9.699999999999999734e-01 1.061753927439116119e+00 4.102899059527731832e-04 9.156390280193861290e-07 1.370876998644645932e-06
9.749999999999999778e-01 1.062473666454213594e+00 4.169937144830181022e-04 9.448247631596308554e-07 1.414546300262924317e-06
9.799999999999999822e-01 1.063196892047607145e+00 4.237750840922790258e-04 9.747894725125998810e-07 1.459380023496428871e-06
9.849999999999999867e-01 1.063923593689290348e+00 4.306346746783975654e-04 1.005549723391641991e-06 1.505402892553855709e-06
9.899999999999999911e-01 1.064653760875015509e+00 4.375730098072937776e-04 1.037122965279113841e-06 1.552640949494806538e-06
9.949999999999999956e-01 1.065387383125626419e+00 4.445906603695658579e-04 1.069526526901986082e-06 1.601120053405817522e-06
1.000000000000000000e+00 1.066124449986396217e+00 4.516882432010271365e-04 1.102778230434800717e-06 1.650866798478910936e-06
1.005000000000000115e+00 1.066864951026373021e+00 4.588672998067724082e-04 1.136898258344962747e-06 1.701911443895867432e-06
1.010000000000000009e+00 1.067608875837728233e+00 4.661274824787624456e-04 1.171902720345424561e-06 1.754277896178789968e-06
1.015000000000000124e+00 1.068356214035114826e+00 4.734694099549495612e-04 1.207810545637714515e-06 1.807994398993365616e-06
1.020000000000000018e+00 1.069106955255026969e+00 4.808936132194521914e-04 1.244640090565176026e-06 1.863088337624752594e-06
1.024999999999999911e+00 1.069861089155168976e+00 4.884007587885113525e-04 1.282411120305487614e-06 1.919589202504643823e-06
1.030000000000000027e+00 1.070618605413826918e+00 4.959914220024841608e-04 1.321143042583455995e-06 1.977525945120247028e-06
1.034999999999999920e+00 1.071379493729249344e+00 5.036661816348161815e-04 1.360855574231516296e-06 2.036927978212902565e-06
1.040000000000000036e+00 1.072143743819029771e+00 5.114256609255660429e-04 1.401568726356827142e-06 2.097825150824480716e-06
1.044999999999999929e+00 1.072911345419497398e+00 5.192704387745411760e-04 1.443303564398477781e-06 2.160248887690182004e-06
1.050000000000000044e+00 1.073682288285112474e+00 5.272011860436741013e-04 1.486080261291115189e-06 2.224229273419756510e-06
1.054999999999999938e+00 1.074456562187866782e+00 5.352184369457305309e-04 1.529920541113059239e-06 2.289798712975346649e-06
1.060000000000000053e+00 1.075234156916690775e+00 5.433228618543500940e-04 1.574845467725434821e-06 2.356988617704519810e-06
1.064999999999999947e+00 1.076015062276864054e+00 5.515150895475249204e-04 1.620876931245895654e-06 2.425831633708200017e-06
1.070000000000000062e+00 1.076799268089433603e+00 5.597956564992517467e-04 1.668037425826332815e-06 2.496361306822399079e-06
1.074999999999999956e+00 1.077586764190635593e+00 5.681652823867325199e-04 1.716349010039725947e-06 2.568610528402540900e-06
1.080000000000000071e+00 1.078377540431322945e+00 5.766245511536421215e-04 1.765834864970318744e-06 2.642613865018290103e-06
1.084999999999999964e+00 1.079171586676399119e+00 5.851740920792472675e-04 1.816518272104357313e-06 2.718406031261807352e-06
1.090000000000000080e+00 1.079968892804255898e+00 5.938145365295739329e-04 1.868422584497989464e-06 2.796021843344072123e-06
1.094999999999999973e+00 1.080769448706216718e+00 6.025465156850722545e-04 1.921571791850951116e-06 2.875497068920096519e-06
1.100000000000000089e+00 1.081573244285985780e+00 6.113707059158587226e-04 1.975989947760597332e-06 2.956867564225099520e-06
1.104999999999999982e+00 1.082380269459101152e+00 6.202876971803925922e-04 2.031702337365159155e-06 3.040171027941581053e-06
1.110000000000000098e+00 1.083190514152395201e+00 6.292981673488343662e-04 2.088733764022162285e-06 3.125444431500444105e-06
1.114999999999999991e+00 1.084003968303457022e+00 6.384027507746257817e-04 2.147109390152300466e-06 3.212725280194451210e-06
1.120000000000000107e+00 1.084820621860102863e+00 6.476020824856004330e-04 2.206855345003226459e-06 3.302052522401639354e-06
1.125000000000000000e+00 1.085640464779849657e+00 6.568967989987443577e-04 2.267997544603126969e-06 3.393464783505474998e-06
1.130000000000000115e+00 1.086463487029394992e+00 6.662876274281423180e-04 2.330563202741783069e-06 3.487002624015375361e-06
1.135000000000000009e+00 1.087289678584100638e+00 6.757752051624590570e-04 2.394578391550663298e-06 3.582704894916931573e-06
1.140000000000000124e+00 1.088119029427482509e+00 6.853601239055327364e-04 2.460071118208709352e-06 3.680613337215603723e-06
1.145000000000000018e+00 1.088951529550704622e+00 6.950431614892119830e-04 2.527069172121090027e-06 3.780769360221535221e-06
1.150000000000000133e+00 1.089787168952079055e+00 7.048248647934109807e-04 2.595600753281180058e-06 3.883214984541448529e-06
1.155000000000000027e+00 1.090625937636568565e+00 7.147060103238564183e-04 2.665694128470168966e-06 3.987992326064459298e-06
1.159999999999999920e+00 1.091467825615297427e+00 7.246871943969685837e-04 2.737378634580345086e-06 4.095145096141936548e-06
1.165000000000000036e+00 1.092312822905064262e+00 7.347691055750282373e-04 2.810683695947164394e-06 4.204717131758866289e-06
1.169999999999999929e+00 1.093160919527861763e+00 7.449524744480223249e-04 2.885639168282657591e-06 4.316752911576402403e-06
1.175000000000000044e+00 1.094012105510399513e+00 7.552379940988646068e-04 2.962275664029151295e-06 4.431298041337663989e-06
1.179999999999999938e+00 1.094866370883633921e+00 7.656262579714684510e-04 3.040623540012731331e-06 4.548397737709463879e-06
1.185000000000000053e+00 1.095723705682299487e+00 7.761180072554580735e-04 3.120713929847699624e-06 4.668098376430435326e-06
1.189999999999999947e+00 1.096584099944449830e+00 7.867139323521368756e-04 3.202578753924469074e-06 4.790447503407525299e-06
1.195000000000000062e+00 1.097447543710998508e+00 7.974147652898206425e-04 3.286250035414133787e-06 4.915492814262421152e-06
1.199999999999999956e+00 1.098314027025267592e+00 8.082212049927796132e-04 3.371760980227538851e-06 5.043283766477648909e-06
1.205000000000000071e+00 1.099183539932540254e+00 8.191338538211722850e-04 3.459143015124414656e-06 5.173867153547047218e-06
1.209999999999999964e+00 1.100056072479618674e+00 8.301534495874430446e-04 3.548431008641260714e-06 5.307294908296778053e-06
1.215000000000000080e+00 1.100931614714385054e+00 8.412808210674077710e-04 3.639658806983311157e-06 5.443617431246729774e-06
1.219999999999999973e+00 1.101810156685369746e+00 8.525165337631645211e-04 3.732860722690568076e-06 5.582885813636209455e-06
1.225000000000000089e+00 1.102691688441321372e+00 8.638614165539173920e-04 3.828070733574507149e-06 5.725150640752851707e-06
1.229999999999999982e+00 1.103576200030784493e+00 8.753161220549558839e-04 3.925324874456460707e-06 5.870465568400354769e-06
1.235000000000000098e+00 1.104463681501680172e+00 8.868813950721970247e-04 4.024659666763433119e-06 6.018884973071009844e-06
1.239999999999999991e+00 1.105354122900890967e+00 8.985578893976861646e-04 4.126111363578319376e-06 6.170462827045497935e-06
1.245000000000000107e+00 1.106247514273852595e+00 9.103464403479897627e-04 4.229715816942297170e-06 6.325252488425625423e-06
1.250000000000000000e+00 1.107143845664148030e+00 9.222477035869657697e-04 4.335511069262706060e-06 6.483310596500435684e-06
1.255000000000000115e+00 1.108043107113107384e+00 9.342624245590964776e-04 4.443534810429868120e-06 6.644693248483781340e-06
1.260000000000000009e+00 1.108945288659413109e+00 9.463913556584000689e-04 4.553826106314388101e-06 6.809458596298481631e-06
1.265000000000000124e+00 1.109850380338708309e+00 9.586353284917358735e-04 4.666422809157013608e-06 6.977662969296979013e-06
1.270000000000000018e+00 1.110758372183210829e+00 9.709949185081239234e-04 4.781365895227562314e-06 7.149367360794951300e-06
1.275000000000000133e+00 1.111669254221331116e+00 9.834709624851093682e-04 4.898693345259165927e-06 7.324628278206070851e-06
1.280000000000000027e+00 1.112583016477296738e+00 9.960642095768416221e-04 5.018448128782571391e-06 7.503509684603683988e-06
1.284999999999999920e+00 1.113499648970778022e+00 1.008775415735900950e-03 5.140669253557333204e-06 7.686069610312059290e-06
1.290000000000000036e+00 1.114419141716522343e+00 1.021605333648463974e-03 5.265398956484915818e-06 7.872370901892666433e-06
1.294999999999999929e+00 1.115341484723989307e+00 1.034554712650069845e-03 5.392680060114857811e-06 8.062477283575049993e-06
1.300000000000000044e+00 1.116266667996994588e+00 1.047624308234917445e-03 5.522554054335911937e-06 8.256450475733262534e-06
1.304999999999999938e+00 1.117194681533353773e+00 1.060814879427342348e-03 5.655065817437892589e-06 8.454357253832857583e-06
1.310000000000000053e+00 1.118125515324534858e+00 1.074127265648655658e-03 5.790257947620555276e-06 8.656260980639913849e-06
1.314999999999999947e+00 1.119059159355313193e+00 1.087562138883122267e-03 5.928174505193954029e-06 8.862227194282061766e-06
1.320000000000000062e+00 1.119995603603431533e+00 1.101120434085102635e-03 6.068863159108737339e-06 9.072326830675306829e-06
1.324999999999999956e+00 1.120934838039265857e+00 1.114802733592164469e-03 6.212366134133927119e-06 9.286622660157902809e-06
1.330000000000000071e+00 1.121876852625492305e+00 1.128609972435276219e-03 6.358732283881666536e-06 9.505187366492416016e-06
1.334999999999999964e+00 1.122821637316764765e+00 1.142542911627088351e-03 6.508007009026669365e-06 9.728088469257338428e-06
1.340000000000000080e+00 1.123769182059389804e+00 1.156602223414351970e-03 6.660237288582158906e-06 9.955395825412826922e-06
1.344999999999999973e+00 1.124719476791012696e+00 1.170788938694902704e-03 6.815472783911455162e-06 1.018718330164468349e-05
1.350000000000000089e+00 1.125672511440304557e+00 1.185103547117194065e-03 6.973760649026697549e-06 1.042352100550956326e-05
1.354999999999999982e+00 1.126628275926654377e+00 1.199547182004389017e-03 7.135151818853087771e-06 1.066448469092121130e-05
1.360000000000000098e+00 1.127586760159866808e+00 1.214120415174102085e-03 7.299694634843225092e-06 1.091014622184174556e-05
1.364999999999999991e+00 1.128547954039863965e+00 1.228824113077303919e-03 7.467440215379582299e-06 1.116058160886441545e-05
1.370000000000000107e+00 1.129511847456391438e+00 1.243659124201392267e-03 7.638439185106592056e-06 1.141586610391277775e-05
1.375000000000000000e+00 1.130478430288730518e+00 1.258626219486102139e-03 7.812743968159370102e-06 1.167607766111256821e-05
1.380000000000000115e+00 1.131447692405412875e+00 1.273726254319997768e-03 7.990406455674355955e-06 1.194129340812156970e-05
1.385000000000000009e+00 1.132419623663941444e+00 1.288959997618279113e-03 8.171481514318018618e-06 1.221159492055990349e-05
1.390000000000000124e+00 1.133394213910515980e+00 1.304328311466195931e-03 8.356021210958454823e-06 1.248705957959421761e-05
1.395000000000000018e+00 1.134371452979762385e+00 1.319832054764649145e-03 8.544079370815738030e-06 1.276776737951484474e-05
1.400000000000000133e+00 1.135351330694467364e+00 1.335472088727390760e-03 8.735712877709435917e-06 1.305380288379028835e-05
1.405000000000000027e+00 1.136333836865317526e+00 1.351249189253123052e-03 8.930976931589680603e-06 1.334524812217366760e-05
1.409999999999999920e+00 1.137318961290643582e+00 1.367164122035740377e-03 9.129928586081115867e-06 1.364218788679354187e-05
1.415000000000000036e+00 1.138306693756168331e+00 1.383217938378347635e-03 9.332623168739355145e-06 1.394470438476363186e-05
1.419999999999999929e+00 1.139297024034760630e+00 1.399411224362065095e-03 9.539120319920061145e-06 1.425288624860824296e-05
1.425000000000000044e+00 1.140289941886192482e+00 1.415745037061292557e-03 9.749479237788424580e-06 1.456682144800505330e-05
1.429999999999999938e+00 1.141285437056903218e+00 1.432220235782756708e-03 9.963757263068611240e-06 1.488659516323593451e-05
1.435000000000000053e+00 1.142283499279765024e+00 1.448837504488955730e-03 1.018201492991151961e-05 1.521229733508021507e-05
1.439999999999999947e+00 1.143284118273856675e+00 1.465597808191288322e-03 1.040431488119647072e-05 1.554402105052644334e-05
1.445000000000000062e+00 1.144287283744239936e+00 1.482502105446897433e-03 1.063071650718271896e-05 1.588185451243445388e-05
1.449999999999999956e+00 1.145292985381740625e+00 1.499551088159068379e-03 1.086128257715487182e-05 1.622589097223928661e-05
1.455000000000000071e+00 1.146301212862736563e+00 1.516745796990271421e-03 1.109607658967399687e-05 1.657622475781286758e-05
1.459999999999999964e+00 1.147311955848947074e+00 1.534086936426132209e-03 1.133516280698699189e-05 1.693295131878610601e-05
1.465000000000000080e+00 1.148325203987230259e+00 1.551575552753137882e-03 1.157860490484469978e-05 1.729616523329407976e-05
1.469999999999999973e+00 1.149340946909383598e+00 1.569212433835428903e-03 1.182646724785310327e-05 1.766596208127497222e-05
1.475000000000000089e+00 1.150359174231948334e+00 1.586998537312535665e-03 1.207881917181396273e-05 1.804244486533261528e-05
1.479999999999999982e+00 1.151379875556021837e+00 1.604934560074683597e-03 1.233572235017290513e-05 1.842570512870025188e-05
1.485000000000000098e+00 1.152403040467071982e+00 1.623021743090304883e-03 1.259725201185854683e-05 1.881585463994810771e-05
1.489999999999999991e+00 1.153428658534756623e+00 1.641260692411699879e-03 1.286346844634109493e-05 1.921298287178372223e-05
1.495000000000000107e+00 1.154456719312749513e+00 1.659652462624523501e-03 1.313444709199671195e-05 1.961720186016888181e-05
1.500000000000000000e+00 1.155487212338569769e+00 1.678197756307850744e-03 1.341025258735621824e-05 2.002860756190228975e-05
1.505000000000000115e+00 1.156520127133416675e+00 1.696897812701091916e-03 1.369096214529356985e-05 2.044731464272731103e-05
1.510000000000000009e+00 1.157555453202008700e+00 1.715753330099860840e-03 1.397664190008831938e-05 2.087342124495204164e-05
1.515000000000000124e+00 1.158593180032429393e+00 1.734765194716009901e-03 1.426736778972024304e-05 2.130704012473289330e-05
1.520000000000000018e+00 1.159633297095975069e+00 1.753934282572530874e-03 1.456321051536776126e-05 2.174827621419457544e-05
1.525000000000000133e+00 1.160675793847010029e+00 1.773261845424414654e-03 1.486424778409474279e-05 2.219724488228679585e-05
1.530000000000000027e+00 1.161720659722826676e+00 1.792748576331319732e-03 1.517055192104092571e-05 2.265405346609660500e-05
1.535000000000000142e+00 1.162767884143507846e+00 1.812395376259894400e-03 1.548219919106981913e-05 2.311881514802685851e-05
1.540000000000000036e+00 1.163817456511797577e+00 1.832203293607962509e-03 1.579926998371774749e-05 2.359164928287394428e-05
1.544999999999999929e+00 1.164869366212974766e+00 1.852173049631328922e-03 1.612183586061644646e-05 2.407266199890384804e-05
1.550000000000000044e+00 1.165923602614732379e+00 1.872305889718754723e-03 1.644997893650077168e-05 2.456197519095595932e-05
1.554999999999999938e+00 1.166980155067061542e+00 1.892602696992285458e-03 1.678377900845984594e-05 2.505970727753316658e-05
1.560000000000000053e+00 1.168039012902141183e+00 1.913064188603289580e-03 1.712331675330933402e-05 2.556597797245535456e-05
1.564999999999999947e+00 1.169100165434231231e+00 1.933691604257983896e-03 1.746867373378723797e-05 2.608090828332809070e-05
1.570000000000000062e+00 1.170163601959574473e+00 1.954485839977574205e-03 1.781992903365725524e-05 2.660461552501131941e-05
1.574999999999999956e+00 1.171229311756297298e+00 1.975447623947436653e-03 1.817716945160131932e-05 2.713722850744812971e-05
1.580000000000000071e+00 1.172297284084322211e+00 1.996578188481311442e-03 1.854047579261050243e-05 2.767886706208510264e-05
1.584999999999999964e+00 1.173367508185281460e+00 2.017878430800885709e-03 1.890993323467768148e-05 2.822965755807957419e-05
1.590000000000000080e+00 1.174439973282435989e+00 2.039349259366530186e-03 1.928563147448276991e-05 2.878973308871195957e-05
1.594999999999999973e+00 1.175514668580601496e+00 2.060991930217630653e-03 1.966765402817443570e-05 2.935921748965528784e-05
1.600000000000000089e+00 1.176591583266077601e+00 2.082806958191306228e-03 2.005609259846742980e-05 2.993824681892034379e-05
1.604999999999999982e+00 1.177670706506583453e+00 2.104795621064382664e-03 2.045103254510335935e-05 3.052694764480193642e-05
1.610000000000000098e+00 1.178752027451198003e+00 2.126958996147299170e-03 2.085256377453890706e-05 3.112545330000684231e-05
1.614999999999999991e+00 1.179835535230304933e+00 2.149297801066904750e-03 2.126077724220049782e-05 3.173389866826042217e-05
1.620000000000000107e+00 1.180921218955544472e+00 2.171813292187020541e-03 2.167576477408987652e-05 3.235241991582302461e-05
1.625000000000000000e+00 1.182009067719768769e+00 2.194506366181563518e-03 2.209762316882372192e-05 3.298116063153378521e-05
1.630000000000000115e+00 1.183099070597002811e+00 2.217377943063287594e-03 2.252643860977956994e-05 3.362024852081348645e-05
1.635000000000000009e+00 1.184191216642411337e+00 2.240429100734762924e-03 2.296231373130568263e-05 3.426983585465888399e-05
1.640000000000000124e+00 1.185285494892271307e+00 2.263660914835132799e-03 2.340534052917719011e-05 3.493005895132162710e-05
1.645000000000000018e+00 1.186381894363947032e+00 2.287074485723906460e-03 2.385561596734612385e-05 3.560106158879510597e-05
1.650000000000000133e+00 1.187480404055874628e+00 2.310670520111494583e-03 2.431323799929561777e-05 3.628298898441527273e-05
1.655000000000000027e+00 1.188581012947548476e+00 2.334450476187143169e-03 2.477830557428511944e-05 3.697598780935768491e-05
1.660000000000000142e+00 1.189683709999514560e+00 2.358414904630074492e-03 2.525092278159331554e-05 3.768021238293830827e-05
1.665000000000000036e+00 1.190788484153369131e+00 2.382565253641080478e-03 2.573118258548536094e-05 3.839580042951181609e-05
1.669999999999999929e+00 1.191895324331762041e+00 2.406902252721708838e-03 2.621919532141069145e-05 3.912291556869390802e-05
1.675000000000000044e+00 1.193004219438406732e+00 2.431427180390386984e-03 2.671506013902878786e-05 3.986170471388489312e-05
1.679999999999999938e+00 1.194115158358093565e+00 2.456140922624300629e-03 2.721888549309857026e-05 4.061232862640157346e-05
1.685000000000000053e+00 1.195228129956711127e+00 2.481044606276184596e-03 2.773076827550691694e-05 4.137493079530042825e-05
1.689999999999999947e+00 1.196343123081270665e+00 2.506139293095212706e-03 2.825082353040364954e-05 4.214968181089019574e-05
1.695000000000000062e+00 1.197460126559938276e+00 2.531425929907465174e-03 2.877915447016774292e-05 4.293673453589427758e-05
1.699999999999999956e+00 1.198579129202069993e+00 2.556905760652993659e-03 2.931587420864996863e-05 4.373625663700720078e-05
1.705000000000000071e+00 1.199700119798254416e+00 2.582579730365863486e-03 2.986108813871920066e-05 4.454840421955957917e-05
1.709999999999999964e+00 1.200823087120360011e+00 2.608448916437940482e-03 3.041491160721413779e-05 4.537334820387464983e-05
1.715000000000000080e+00 1.201948019921588173e+00 2.634514432729893278e-03 3.097745230504145503e-05 4.621124810289394420e-05
1.719999999999999973e+00 1.203074906936531852e+00 2.660777363867681232e-03 3.154882788748399405e-05 4.706227825482638409e-05
1.725000000000000089e+00 1.204203736881238829e+00 2.687238827853113965e-03 3.212915278477562514e-05 4.792660816270508643e-05
1.729999999999999982e+00 1.205334498453282777e+00 2.713899729830588844e-03 3.271853787269740497e-05 4.880440201532559272e-05
1.735000000000000098e+00 1.206467180331836975e+00 2.740761354499483566e-03 3.331710923410655518e-05 4.969584663325984805e-05
1.739999999999999991e+00 1.207601771177756689e+00 2.767824631530760738e-03 3.392497537024402664e-05 5.060110264413545896e-05
1.745000000000000107e+00 1.208738259633664436e+00 2.795090843875756674e-03 3.454226484157744297e-05 5.152036056095053002e-05
1.750000000000000000e+00 1.209876634324042799e+00 2.822561103122903786e-03 3.516908839020189764e-05 5.245378427649027549e-05
1.755000000000000115e+00 1.211016883855332349e+00 2.850236319216369833e-03 3.580557708848738929e-05 5.340156793683318161e-05
1.760000000000000009e+00 1.212158996816034451e+00 2.878117795342356993e-03 3.645185371103251107e-05 5.436389341967421416e-05
1.765000000000000124e+00 1.213302961776821398e+00 2.906206445149181559e-03 3.710803244438540575e-05 5.534092966854626286e-05
1.770000000000000018e+00 1.214448767290650766e+00 2.934503568539049371e-03 3.777425318525826211e-05 5.633288395487955123e-05
1.775000000000000133e+00 1.215596401892885980e+00 2.963010090472943236e-03 3.845063252923572810e-05 5.733992882966541717e-05
1.780000000000000027e+00 1.216745854101423552e+00 2.991727492510607832e-03 3.913730312805167324e-05 5.836226073903845468e-05
1.785000000000000142e+00 1.217897112416823635e+00 3.020656508651306006e-03 3.983439391059571602e-05 5.940007051461111844e-05
1.790000000000000036e+00 1.219050165322449919e+00 3.049798630018207574e-03 4.054203510899491371e-05 6.045355098902165271e-05
1.794999999999999929e+00 1.220205001284612623e+00 3.079154770940152608e-03 4.126035817326052227e-05 6.152289668110942080e-05
1.800000000000000044e+00 1.221361608752716377e+00 3.108726064389136408e-03 4.198949597106850967e-05 6.260830431157986264e-05
1.804999999999999938e+00 1.222519976159418986e+00 3.138513615785442495e-03 4.272958774643005408e-05 6.370998000749043789e-05
1.810000000000000053e+00 1.223680091920789526e+00 3.168518916930756525e-03 4.348076908163128989e-05 6.482812449654379446e-05
1.814999999999999947e+00 1.224841944436477315e+00 3.198742704076563189e-03 4.424317123895489014e-05 6.596293186324694315e-05
1.820000000000000062e+00 1.226005522089884225e+00 3.229186446335484406e-03 4.501693769730804971e-05 6.711461461620522840e-05
1.824999999999999956e+00 1.227170813248343206e+00 3.259851125317193496e-03 4.580220777375048827e-05 6.828337884103553791e-05
1.830000000000000071e+00 1.228337806263303689e+00 3.290738210508524757e-03 4.659912788126549207e-05 6.946944129770327657e-05
1.834999999999999964e+00 1.229506489470522324e+00 3.321848438736176370e-03 4.740783447476872627e-05 7.067300379222885237e-05
1.840000000000000080e+00 1.230676851190258825e+00 3.353183123350369447e-03 4.822847107997032005e-05 7.189427872358930668e-05
1.844999999999999973e+00 1.231848879727479362e+00 3.384743580753370260e-03 4.906118814308763353e-05 7.313348873099800634e-05
1.850000000000000089e+00 1.233022563372064173e+00 3.416530723393252072e-03 4.990613766811049254e-05 7.439085875166276808e-05
1.854999999999999982e+00 1.234197890399023168e+00 3.448546252144432320e-03 5.076346165209472079e-05 7.566659874698235006e-05
1.860000000000000098e+00 1.235374849068715752e+00 3.480791119163387931e-03 5.163330332905653909e-05 7.696092062244201735e-05
1.864999999999999991e+00 1.236553427627077095e+00 3.513266239210170901e-03 5.251581879895801902e-05 7.827405525420383045e-05
1.870000000000000107e+00 1.237733614305851271e+00 3.545973290851576337e-03 5.341117779503139055e-05 7.960625397831115689e-05
1.875000000000000000e+00 1.238915397322829737e+00 3.578912866200946539e-03 5.431950399518921694e-05 8.095769936661662512e-05
1.880000000000000115e+00 1.240098764882095139e+00 3.612087007834688130e-03 5.524098199119496978e-05 8.232866471911661150e-05
1.885000000000000009e+00 1.241283705174272667e+00 3.645495925543619075e-03 5.617574998573465902e-05 8.371935427653954458e-05
1.890000000000000124e+00 1.242470206376787178e+00 3.679141682192108281e-03 5.712398407575123405e-05 8.513002866764337966e-05
1.895000000000000018e+00 1.243658256654124994e+00 3.713025187995626017e-03 5.808582493806395527e-05 8.656089565142028285e-05
1.900000000000000133e+00 1.244847844158103012e+00 3.747147808102293132e-03 5.906145188674117035e-05 8.801222070459284983e-05
1.905000000000000027e+00 1.246038957028144711e+00 3.781510812459978714e-03 6.005102097275984288e-05 8.948423440191472032e-05
1.910000000000000142e+00 1.247231583391559262e+00 3.816114822197228928e-03 6.105470216215420074e-05 9.097718814384661893e-05
1.915000000000000036e+00 1.248425711363831514e+00 3.850961876410711766e-03 6.207264155876647787e-05 9.249129770071476669e-05
1.919999999999999929e+00 1.249621329048912655e+00 3.886052928240177080e-03 6.310503789406623478e-05 9.402685730886986115e-05
1.925000000000000044e+00 1.250818424539521745e+00 3.921388917854811730e-03 6.415204027555561437e-05 9.558408712444176037e-05
1.929999999999999938e+00 1.252016985917450365e+00 3.956971565566637025e-03 6.521383807315475221e-05 9.716326733158115229e-05
1.935000000000000053e+00 1.253217001253874363e+00 3.992801808117949977e-03 6.629058306138459157e-05 9.876462204896502295e-05
1.939999999999999947e+00 1.254418458609672937e+00 4.028880962711760445e-03 6.738245476315836402e-05 1.003884167055577839e-04
1.945000000000000062e+00 1.255621346035752151e+00 4.065210707052372037e-03 6.848963435148701644e-05 1.020349191884214693e-04
1.949999999999999956e+00 1.256825651573374891e+00 4.101791684793653671e-03 6.961230477401575466e-05 1.037043999195941398e-04
1.955000000000000071e+00 1.258031363254499713e+00 4.138625553724734410e-03 7.075063714776713491e-05 1.053971117308603162e-04
1.959999999999999964e+00 1.259238469102119673e+00 4.175713629204095244e-03 7.190481767470498480e-05 1.071133299075693510e-04
1.965000000000000080e+00 1.260446957130616275e+00 4.213056915933887508e-03 7.307503436696980142e-05 1.088533323662266322e-04
1.969999999999999973e+00 1.261656815346111182e+00 4.250656687858498685e-03 7.426144903229956948e-05 1.106173579112213731e-04
1.975000000000000089e+00 1.262868031746829489e+00 4.288514689694245506e-03 7.546428103288729068e-05 1.124057310672769386e-04
1.979999999999999982e+00 1.264080594323466533e+00 4.326632220275182170e-03 7.668368104208791558e-05 1.142186741865670706e-04
1.985000000000000098e+00 1.265294491059563597e+00 4.365009897388366297e-03 7.791987223462745814e-05 1.160565172822631001e-04
1.989999999999999991e+00 1.266509709931886274e+00 4.403649426116863948e-03 7.917302256925640950e-05 1.179195082789194894e-04
1.995000000000000107e+00 1.267726238910813485e+00 4.442552483149328491e-03 8.044334478067574558e-05 1.198079617141755131e-04
2.000000000000000000e+00 1.268944065960727619e+00 4.481719689917812444e-03 8.173102443196553202e-05 1.217221516448059089e-04
2.004999999999999893e+00 1.270163179040415979e+00 4.521152750585665306e-03 8.303624864426188679e-05 1.236623543886684450e-04
2.010000000000000231e+00 1.271383566103475360e+00 4.560852980250038047e-03 8.435922086101356996e-05 1.256288705131770834e-04
2.015000000000000124e+00 1.272605215098723486e+00 4.600821724897431741e-03 8.570014651178280444e-05 1.276220036233787565e-04
2.020000000000000018e+00 1.273828113970618237e+00 4.641060347627697265e-03 8.705923302921351429e-05 1.296420600444359115e-04
2.024999999999999911e+00 1.275052250659680864e+00 4.681570166621761876e-03 8.843667418790419866e-05 1.316893260203211378e-04
2.030000000000000249e+00 1.276277613102927866e+00 4.722352141167434486e-03 8.983266549307743719e-05 1.337640900056360571e-04
2.035000000000000142e+00 1.277504189234306420e+00 4.763408381151998210e-03 9.124745062298382189e-05 1.358667124644738684e-04
2.040000000000000036e+00 1.278731966985139357e+00 4.804739483653799881e-03 9.268119771892937978e-05 1.379974411552963216e-04
2.044999999999999929e+00 1.279960934284574359e+00 4.846347154205110468e-03 9.413413871921041151e-05 1.401566188687037380e-04
2.049999999999999822e+00 1.281191079060038929e+00 4.888232731704072499e-03 9.560647624892144945e-05 1.423445447033785981e-04
2.055000000000000160e+00 1.282422389237703575e+00 4.930397582453481704e-03 9.709844652697163217e-05 1.445615676571442997e-04
2.060000000000000053e+00 1.283654852742951435e+00 4.972843027829776039e-03 9.861023950944266701e-05 1.468079679274459498e-04
2.064999999999999947e+00 1.284888457500850345e+00 5.015570790221785154e-03 1.001420794172330482e-04 1.490840767299515324e-04
2.069999999999999840e+00 1.286123191436637780e+00 5.058581516814966185e-03 1.016942083507348912e-04 1.513902515764701585e-04
2.075000000000000178e+00 1.287359042476205584e+00 5.101877205602081689e-03 1.032668215799605277e-04 1.537267805039665232e-04
2.080000000000000071e+00 1.288595998546594679e+00 5.145459329004308836e-03 1.048601657638363686e-04 1.560940279908264400e-04
2.084999999999999964e+00 1.289834047576496001e+00 5.189328761437152042e-03 1.064744559255714366e-04 1.584923112491639068e-04
2.089999999999999858e+00 1.291073177496757207e+00 5.233486911663639413e-03 1.081099092182870493e-04 1.609219505874802446e-04
2.095000000000000195e+00 1.292313376240894485e+00 5.277935508532813173e-03 1.097667782304862172e-04 1.633833193005382030e-04
2.100000000000000089e+00 1.293554631745612582e+00 5.322676229272023385e-03 1.114452839818220407e-04 1.658767434121714986e-04
2.104999999999999982e+00 1.294796931951329721e+00 5.367709720745693185e-03 1.131456666355436978e-04 1.684025774053892670e-04
2.109999999999999876e+00 1.296040264802710951e+00 5.413037754612591915e-03 1.148681503241205274e-04 1.709611518853319670e-04
2.115000000000000213e+00 1.297284618249205046e+00 5.458661967018571190e-03 1.166129794256335874e-04 1.735528277757113875e-04
2.120000000000000107e+00 1.298529980245588522e+00 5.504583767362874157e-03 1.183803995442365373e-04 1.761779672994684604e-04
2.125000000000000000e+00 1.299776338752518745e+00 5.550804119484204976e-03 1.201706414012824515e-04 1.788369109563164091e-04
2.129999999999999893e+00 1.301023681737088600e+00 5.597324794212090067e-03 1.219839729305147998e-04 1.815300544098026776e-04
2.135000000000000231e+00 1.302271997173391371e+00 5.644147111513837627e-03 1.238206105693598997e-04 1.842577165369356420e-04
2.140000000000000124e+00 1.303521273043090511e+00 5.691272844272618654e-03 1.256808084008291906e-04 1.870202722287431099e-04
2.145000000000000018e+00 1.304771497335994956e+00 5.738702953952505570e-03 1.275648412161047636e-04 1.898181273914371252e-04
2.149999999999999911e+00 1.306022658050641327e+00 5.786439167608099267e-03 1.294729495756189786e-04 1.926516367356669414e-04
2.155000000000000249e+00 1.307274743194883682e+00 5.834482894855469448e-03 1.314053757694138148e-04 1.955211574975650255e-04
2.160000000000000142e+00 1.308527740786487481e+00 5.882835821064155354e-03 1.333623824108938461e-04 1.984270770077426469e-04
2.165000000000000036e+00 1.309781638853730668e+00 5.931498949565737998e-03 1.353442347013088134e-04 2.013697867705996954e-04
2.169999999999999929e+00 1.311036425436011399e+00 5.980474055841877509e-03 1.373512000183580437e-04 2.043496810940710531e-04
2.175000000000000266e+00 1.312292088584462002e+00 6.029762460183482609e-03 1.393835289236160365e-04 2.073671294585765850e-04
2.180000000000000160e+00 1.313548616362568033e+00 6.079365573918973746e-03 1.414414930475569004e-04 2.104225323993434010e-04
2.185000000000000053e+00 1.314805996846795111e+00 6.129285127507507966e-03 1.435253665292633262e-04 2.135162946738200062e-04
2.189999999999999947e+00 1.316064218127219965e+00 6.179522845503945296e-03 1.456353861366917646e-04 2.166487645708658507e-04
2.194999999999999840e+00 1.317323268308171258e+00 6.230079419780671507e-03 1.477718697858503775e-04 2.198204118392399226e-04
2.200000000000000178e+00 1.318583135508872406e+00 6.280957214573655925e-03 1.499350784649247095e-04 2.230316209898484101e-04
2.205000000000000071e+00 1.319843807864092611e+00 6.332157005525301287e-03 1.521252752949797627e-04 2.262827798018941317e-04
2.209999999999999964e+00 1.321105273524805224e+00 6.383680791337755824e-03 1.543427455461047993e-04 2.295743091593441699e-04
2.214999999999999858e+00 1.322367520658849438e+00 6.435529985939186792e-03 1.565877766248608804e-04 2.329066326612228444e-04
2.220000000000000195e+00 1.323630537451601530e+00 6.487705645084487424e-03 1.588606588480029357e-04 2.362801786656585289e-04
2.225000000000000089e+00 1.324894312106648098e+00 6.540210213184812112e-03 1.611616637965552091e-04 2.396953472157447370e-04
2.229999999999999982e+00 1.326158832846469293e+00 6.593044339616048119e-03 1.634910652425243115e-04 2.431525417123873284e-04
2.234999999999999876e+00 1.327424087913126938e+00 6.646209796605330455e-03 1.658492018463977272e-04 2.466522621201155258e-04
2.240000000000000213e+00 1.328690065568957523e+00 6.699708630972783970e-03 1.682363101391105126e-04 2.501948562434656940e-04
2.245000000000000107e+00 1.329956754097271210e+00 6.753541578581281034e-03 1.706527339668173417e-04 2.537808315495839102e-04
2.250000000000000000e+00 1.331224141803060590e+00 6.807711089196422094e-03 1.730987350625005884e-04 2.574105735285209706e-04
2.254999999999999893e+00 1.332492217013710345e+00 6.862217450325959998e-03 1.755746411542480302e-04 2.610845653013475851e-04
2.260000000000000231e+00 1.333760968079716003e+00 6.917063153203315690e-03 1.780807399982817566e-04 2.648032309919660932e-04
2.265000000000000124e+00 1.335030383375409135e+00 6.972249933077187371e-03 1.806173428048672789e-04 2.685670291136843827e-04
2.270000000000000018e+00 1.336300451299685221e+00 7.027778841820550917e-03 1.831847415750442916e-04 2.723763898083477191e-04
2.274999999999999911e+00 1.337571160276742388e+00 7.083651602919461589e-03 1.857832748585399197e-04 2.762318124956388487e-04
2.280000000000000249e+00 1.338842498756821042e+00 7.139869994891779280e-03 1.884132168178233660e-04 2.801337005799967484e-04
2.285000000000000142e+00 1.340114455216953049e+00 7.196435075250080630e-03 1.910749338633558204e-04 2.840825948366310777e-04
2.290000000000000036e+00 1.341387018161716460e+00 7.253348566542167086e-03 1.937686820636331717e-04 2.880788712056422301e-04
2.294999999999999929e+00 1.342660176123993576e+00 7.310612244789783248e-03 1.964948331431324929e-04 2.921230785578928109e-04
2.300000000000000266e+00 1.343933917665737443e+00 7.368227846258325331e-03 1.992536703222642870e-04 2.962156332599275780e-04
2.305000000000000160e+00 1.345208231378743458e+00 7.426197137094224694e-03 2.020455715123964705e-04 3.003570931156293675e-04
2.310000000000000053e+00 1.346483105885426967e+00 7.484521218078022710e-03 2.048708243650462053e-04 3.045478810373058922e-04
2.314999999999999947e+00 1.347758529839606201e+00 7.543201060324900703e-03 2.077297657568559584e-04 3.087884935870969204e-04
2.319999999999999840e+00 1.349034491927291413e+00 7.602239870583835275e-03 2.106226875094813829e-04 3.130793599576031281e-04
2.325000000000000178e+00 1.350310980867478472e+00 7.661638759717228492e-03 2.135500262460766148e-04 3.174211244344098473e-04
2.330000000000000071e+00 1.351587985412951776e+00 7.721397960514188655e-03 2.165120316976443769e-04 3.218141540341790943e-04
2.334999999999999964e+00 1.352865494351088493e+00 7.781521504813357359e-03 2.195090504653960241e-04 3.262589590907178207e-04
2.339999999999999858e+00 1.354143496504671029e+00 7.842008916907649771e-03 2.225414807252628561e-04 3.307561267000961366e-04
2.345000000000000195e+00 1.355421980732705700e+00 7.902862736646596234e-03 2.256096269185622709e-04 3.353061047376812605e-04
2.350000000000000089e+00 1.356700935931243857e+00 7.964084693540792251e-03 2.287137942833242156e-04 3.399093417990057121e-04
2.354999999999999982e+00 1.357980351034212774e+00 8.025675889598215748e-03 2.318544397909903343e-04 3.445665129617502052e-04
2.359999999999999876e+00 1.359260215014249207e+00 8.087638775563555510e-03 2.350318747250789569e-04 3.492780753956189056e-04
2.365000000000000213e+00 1.360540516883539608e+00 8.149973731422741410e-03 2.382464127518364890e-04 3.540444905957340410e-04
2.370000000000000107e+00 1.361821245694665894e+00 8.212683926537539536e-03 2.414984698258685421e-04 3.588663714908791312e-04
2.375000000000000000e+00 1.363102390541456321e+00 8.275770421542915159e-03 2.447883643754763671e-04 3.637441866270762526e-04
2.379999999999999893e+00 1.364383940559842134e+00 8.339235036433335913e-03 2.481164678865386435e-04 3.686784826012978419e-04
2.385000000000000231e+00 1.365665884928720875e+00 8.403078778482056185e-03 2.514831545953033465e-04 3.736698105306817189e-04
2.390000000000000124e+00 1.366948212870820356e+00 8.467303468765645033e-03 2.548888018713967463e-04 3.787187265315296010e-04
2.395000000000000018e+00 1.368230913653576408e+00 8.531911651958063586e-03 2.583337898798276368e-04 3.838257895096512510e-04
2.399999999999999911e+00 1.369513976590007287e+00 8.596904250059775668e-03 2.618185017599103468e-04 3.889915642440004706e-04
2.405000000000000249e+00 1.370797391039600077e+00 8.662283891924790757e-03 2.653433238398879811e-04 3.942166190756532301e-04
2.410000000000000142e+00 1.372081146409197538e+00 8.728050871864033444e-03 2.689085380103134861e-04 3.995013675622224349e-04
2.415000000000000036e+00 1.373365232153893167e+00 8.794207727806455793e-03 2.725146423050460779e-04 4.048465438424519135e-04
2.419999999999999929e+00 1.374649637777930256e+00 8.860755472841014280e-03 2.761619779725661846e-04 4.102526502508273059e-04
2.425000000000000266e+00 1.375934352835608943e+00 8.927697369897860669e-03 2.798509967769564921e-04 4.157203520719054404e-04
2.430000000000000160e+00 1.377219366932191491e+00 8.995033800798765342e-03 2.835819899409352499e-04 4.212500764868534384e-04
2.435000000000000053e+00 1.378504669724822440e+00 9.062766586718389028e-03 2.873554155842290197e-04 4.268424980847029620e-04
2.439999999999999947e+00 1.379790250923445205e+00 9.130898091746537590e-03 2.911716243995445008e-04 4.324981328146836946e-04
2.444999999999999840e+00 1.381076100291728892e+00 9.199429507573424550e-03 2.950310809101529957e-04 4.382176642976734243e-04
2.450000000000000178e+00 1.382362207647998886e+00 9.268362566095414076e-03 2.989341417017645744e-04 4.440016169884140472e-04
2.455000000000000071e+00 1.383648562866170106e+00 9.337699898691272093e-03 3.028812785316760381e-04 4.498506862503444848e-04
2.459999999999999964e+00 1.384935155876690471e+00 9.407442430821380541e-03 3.068728532044728645e-04 4.557654026115653544e-04
2.464999999999999858e+00 1.386221976667483702e+00 9.477591349220536657e-03 3.109092870906162548e-04 4.617463866755636592e-04
2.470000000000000195e+00 1.387509015284901448e+00 9.548149834924192850e-03 3.149909465148392892e-04 4.677941765961667812e-04
2.475000000000000089e+00 1.388796261834676082e+00 9.619118984572863629e-03 3.191183748359919603e-04 4.739095729555815851e-04
2.479999999999999982e+00 1.390083706482882597e+00 9.690500623020400356e-03 3.232918865798192353e-04 4.800930374237639161e-04
2.484999999999999876e+00 1.391371339456903167e+00 9.762295854649832502e-03 3.275119149122917629e-04 4.863452065133044562e-04
2.490000000000000213e+00 1.392659151046396371e+00 9.834507852169261516e-03 3.317789554414775832e-04 4.926668107364783880e-04
2.495000000000000107e+00 1.393947131604270639e+00 9.907136995902982024e-03 3.360933892540215215e-04 4.990584093657517237e-04
2.500000000000000000e+00 1.395235271547664579e+00 9.980185922648061175e-03 3.404556589657102106e-04 5.055206535078594519e-04
2.504999999999999893e+00 1.396523561358930632e+00 1.005365627706231342e-02 3.448662109059346856e-04 5.120541993127100677e-04
2.510000000000000231e+00 1.397811991586621838e+00 1.012754996854933580e-02 3.493255556903918611e-04 5.186597997639762724e-04
2.515000000000000124e+00 1.399100552846486600e+00 1.020186873127770094e-02 3.538339628960926789e-04 5.253378469907602584e-04
2.520000000000000018e+00 1.400389235822465217e+00 1.027661457255465982e-02 3.583920721639434611e-04 5.320892855850479271e-04
2.524999999999999911e+00 1.401678031267691527e+00 1.035178832203226956e-02 3.630002199949937261e-04 5.389146082913910370e-04
2.530000000000000249e+00 1.402966930005501656e+00 1.042739342948467013e-02 3.676588677861440321e-04 5.458144932362394381e-04
2.535000000000000142e+00 1.404255922930439437e+00 1.050343009219008132e-02 3.723685440916397267e-04 5.527897187488945308e-04
2.540000000000000036e+00 1.405545001009279815e+00 1.057990103689871418e-02 3.771296556353843899e-04 5.598408819358164029e-04
2.544999999999999929e+00 1.406834155282040921e+00 1.065680872029507384e-02 3.819426741143760518e-04 5.669686759203808064e-04
2.550000000000000266e+00 1.408123376863012810e+00 1.073415352368213560e-02 3.868080113626478429e-04 5.741737057123507326e-04
2.555000000000000160e+00 1.409412656941783526e+00 1.081193871162200622e-02 3.917262745437948262e-04 5.814568657153001714e-04
2.560000000000000053e+00 1.410701986784272943e+00 1.089016539118263516e-02 3.966978171210223210e-04 5.888186734728283536e-04
2.564999999999999947e+00 1.411991357733769048e+00 1.096883538634092423e-02 4.017231897405487825e-04 5.962599393402147948e-04
2.569999999999999840e+00 1.413280761211968217e+00 1.104795042894872459e-02 4.068028162566990043e-04 6.037812855930299767e-04
2.575000000000000178e+00 1.414570188720020605e+00 1.112751324842651927e-02 4.119372548330710640e-04 6.113835336939030468e-04
2.580000000000000071e+00 1.415859631839580635e+00 1.120752476489800080e-02 4.171268689999078710e-04 6.190672153385861015e-04
2.584999999999999964e+00 1.417149082233858159e+00 1.128798770766069846e-02 4.223722911288280363e-04 6.268332628088455752e-04
2.589999999999999858e+00 1.418438531648677170e+00 1.136890372054536261e-02 4.276739573309792973e-04 6.346823155740280832e-04
2.595000000000000195e+00 1.419727971913536280e+00 1.145027408615257453e-02 4.330323741747736004e-04 6.426151178639369528e-04
2.600000000000000089e+00 1.421017394942674095e+00 1.153210198515493279e-02 4.384479835555126002e-04 6.506323183963018918e-04
2.604999999999999982e+00 1.422306792736138581e+00 1.161438779478469671e-02 4.439213668219472823e-04 6.587347723456539158e-04
2.609999999999999876e+00 1.423596157380858207e+00 1.169713478939226649e-02 4.494530408907697143e-04 6.669232393510068262e-04
2.615000000000000213e+00 1.424885481051721747e+00 1.178034416327025831e-02 4.550434578625248312e-04 6.751983822053785750e-04
2.620000000000000107e+00 1.426174756012655642e+00 1.186401764541215528e-02 4.606931407801008764e-04 6.835609702884983593e-04
2.625000000000000000e+00 1.427463974617710019e+00 1.194815797050565939e-02 4.664026875228464183e-04 6.920118821496603657e-04
2.629999999999999893e+00 1.428753129312145598e+00 1.203276605568514776e-02 4.721725596687670378e-04 7.005517952903193802e-04
2.635000000000000231e+00 1.430042212633526821e+00 1.211784526404894799e-02 4.780032203947293871e-04 7.091813884044850325e-04
2.640000000000000124e+00 1.431331217212814755e+00 1.220339678984025747e-02 4.838953513126065297e-04 7.179016662815430232e-04
2.645000000000000018e+00 1.432620135775467096e+00 1.228942237074182042e-02 4.898493503193243224e-04 7.267132096143869707e-04
2.649999999999999911e+00 1.433908961142540850e+00 1.237592382940512666e-02 4.958658359779863356e-04 7.356169294962405271e-04
2.655000000000000249e+00 1.435197686231796554e+00 1.246290389584783949e-02 5.019452849385955652e-04 7.446135242425928934e-04
2.660000000000000142e+00 1.436486304058808727e+00 1.255036430111195096e-02 5.080883234957660546e-04 7.537039147945917388e-04
2.665000000000000036e+00 1.437774807738079197e+00 1.263830615914087775e-02 5.142954351307889391e-04 7.628888102970375618e-04
2.669999999999999929e+00 1.439063190484150212e+00 1.272673273182864037e-02 5.205671805719768504e-04 7.721690341566518579e-04
2.675000000000000266e+00 1.440351445612727099e+00 1.281564603069163845e-02 5.269041986889056286e-04 7.815455254066703454e-04
2.680000000000000160e+00 1.441639566541798700e+00 1.290504706995896506e-02 5.333069082308922876e-04 7.910188968577659989e-04
2.685000000000000053e+00 1.442927546792763360e+00 1.299493839593846879e-02 5.397760319860534037e-04 8.005902133737792612e-04
2.689999999999999947e+00 1.444215379991559578e+00 1.308532264736985209e-02 5.463119943522054545e-04 8.102600929889131574e-04
2.694999999999999840e+00 1.445503059869796658e+00 1.317620020819102421e-02 5.529154514030641936e-04 8.200295032215471199e-04
2.700000000000000178e+00 1.446790580265890691e+00 1.326757507221164659e-02 5.595869867132498895e-04 8.298992983889110636e-04
2.705000000000000071e+00 1.448077935126202975e+00 1.335944779938759430e-02 5.663271108984943136e-04 8.398702284820184008e-04
2.709999999999999964e+00 1.449365118506182437e+00 1.345182076209710913e-02 5.731364146671419010e-04 8.499431603248862105e-04
2.714999999999999858e+00 1.450652124571508272e+00 1.354469668961345678e-02 5.800155720878186552e-04 8.601190850969210556e-04
2.720000000000000195e+00 1.451938947599239915e+00 1.363807813030442663e-02 5.869651036506570154e-04 8.703987646358243672e-04
2.725000000000000089e+00 1.453225581978965009e+00 1.373196483488966189e-02 5.939856127610245373e-04 8.807830856424707627e-04
2.729999999999999982e+00 1.454512022213955591e+00 1.382636070732692207e-02 6.010777867405063925e-04 8.912730572993213642e-04
2.734999999999999876e+00 1.455798262922322506e+00 1.392126766614804230e-02 6.082420762922390685e-04 9.018693391808106294e-04
2.740000000000000213e+00 1.457084298838174696e+00 1.401668762496828882e-02 6.154791779514862766e-04 9.125729550444797557e-04
2.745000000000000107e+00 1.458370124812782276e+00 1.411262241683474902e-02 6.227896281571632239e-04 9.233846891852638379e-04
2.750000000000000000e+00 1.459655735815740485e+00 1.420907387011263734e-02 6.301742149630924121e-04 9.343057041114673396e-04
2.754999999999999893e+00 1.460941126936137202e+00 1.430604534239977507e-02 6.376334015119394447e-04 9.453366742369884689e-04
2.760000000000000231e+00 1.462226293383724007e+00 1.440353875114654646e-02 6.451678194567325979e-04 9.564785268996715438e-04
2.765000000000000124e+00 1.463511230490086357e+00 1.450155592923345858e-02 6.527781869707561689e-04 9.677323170312019740e-04
2.770000000000000018e+00 1.464795933709824194e+00 1.460009734956538817e-02 6.604650606284824315e-04 9.790988603065645633e-04
2.774999999999999911e+00 1.466080398621724123e+00 1.469916763390169238e-02 6.682290844297739379e-04 9.905791026979949686e-04
2.780000000000000249e+00 1.467364620929943797e+00 1.479876726168802281e-02 6.760709918589736123e-04 1.002174120268634018e-03
2.785000000000000142e+00 1.468648596465194744e+00 1.489889968449401372e-02 6.839912643572915955e-04 1.013884616862838640e-03
2.790000000000000036e+00 1.469932321185927426e+00 1.499956673228950224e-02 6.919906440525081231e-04 1.025711683544440131e-03
2.794999999999999929e+00 1.471215791179520282e+00 1.510076878665401849e-02 7.000698780003490693e-04 1.037656416302723062e-03
2.800000000000000266e+00 1.472499002663467449e+00 1.520251074621649726e-02 7.082294597054068774e-04 1.049719537182379698e-03
2.805000000000000160e+00 1.473781951986576466e+00 1.530479425633515279e-02 7.164700563741334188e-04 1.061902023818118036e-03
2.810000000000000053e+00 1.475064635630160437e+00 1.540761988802179065e-02 7.247925174255484071e-04 1.074205125932848519e-03
2.814999999999999947e+00 1.476347050209237288e+00 1.551099109175000344e-02 7.331973461277629467e-04 1.086629579299109097e-03
2.819999999999999840e+00 1.477629192473728592e+00 1.561490951248514260e-02 7.416852240331155838e-04 1.099176382305755949e-03
2.825000000000000178e+00 1.478911059309663267e+00 1.571937879075179650e-02 7.502569263325438009e-04 1.111846674137910093e-03
2.830000000000000071e+00 1.480192647740382617e+00 1.582439894663382682e-02 7.589130553972736311e-04 1.124641336551694942e-03
2.834999999999999964e+00 1.481473954927746250e+00 1.592997379671411834e-02 7.676543067694597622e-04 1.137561389836257066e-03
2.839999999999999858e+00 1.482754978173340454e+00 1.603610480701050944e-02 7.764814708017709222e-04 1.150607993156073762e-03
2.845000000000000195e+00 1.484035714919693882e+00 1.614279561643879729e-02 7.853950701935223655e-04 1.163781911639830916e-03
2.850000000000000089e+00 1.485316162751484814e+00 1.625004642751049985e-02 7.943960885145864501e-04 1.177084591575708675e-03
2.854999999999999982e+00 1.486596319396762178e+00 1.635786087348093179e-02 8.034849643462083904e-04 1.190516670464043195e-03
2.859999999999999876e+00 1.487876182728162133e+00 1.646624060375347781e-02 8.126623212541938396e-04 1.204079060898564230e-03
2.865000000000000213e+00 1.489155750764126207e+00 1.657518907579890247e-02 8.219293476378362667e-04 1.217773515561067915e-03
2.870000000000000107e+00 1.490435021670126092e+00 1.668470811702924342e-02 8.312863040331613679e-04 1.231600406880855193e-03
2.875000000000000000e+00 1.491713993759884893e+00 1.679479829580231287e-02 8.407340137240043457e-04 1.245560942017841710e-03
2.879999999999999893e+00 1.492992665496607696e+00 1.690546432829787352e-02 8.502733083661267099e-04 1.259656342953510266e-03
2.885000000000000231e+00 1.494271035494205480e+00 1.701670660262251389e-02 8.599050249494577568e-04 1.273887840241009171e-03
2.890000000000000124e+00 1.495549102518527240e+00 1.712852856823768311e-02 8.696296216309444375e-04 1.288256097061423128e-03
2.895000000000000018e+00 1.496826865488593894e+00 1.724093350657950746e-02 8.794481380535518937e-04 1.302762644902577581e-03
2.899999999999999911e+00 1.498104323477830180e+00 1.735392054289038033e-02 8.893610381786693983e-04 1.317408155898382258e-03
2.905000000000000249e+00 1.499381475715303225e+00 1.746749583117198495e-02 8.993693750485349950e-04 1.332194182790782163e-03
2.910000000000000142e+00 1.500658321586958444e+00 1.758165993956128936e-02 9.094736184876266172e-04 1.347121404528864351e-03
2.915000000000000036e+00 1.501934860636862323e+00 1.769641452599767309e-02 9.196746359216316415e-04 1.362191096424102870e-03
2.919999999999999929e+00 1.503211092568443430e+00 1.781176321973763563e-02 9.299733008129610831e-04 1.377404540590019188e-03
2.925000000000000266e+00 1.504487017245737190e+00 1.792770929781319772e-02 9.403702923656456335e-04 1.392762729711046442e-03
2.930000000000000160e+00 1.505762634694630231e+00 1.804425296705471776e-02 9.508662935621639166e-04 1.408266661660873692e-03
2.935000000000000053e+00 1.507037945104112264e+00 1.816139659942918663e-02 9.614623963088461504e-04 1.423917944359882849e-03
2.939999999999999947e+00 1.508312948827522426e+00 1.827914472963114781e-02 9.721590898469096437e-04 1.439717287318471612e-03
2.944999999999999840e+00 1.509587646383803383e+00 1.839749793828574648e-02 9.829572746212296343e-04 1.455666012821823889e-03
2.950000000000000178e+00 1.510862038458753664e+00 1.851646075200196959e-02 9.938576507287761024e-04 1.471765144339141646e-03
2.955000000000000071e+00 1.512136125906285322e+00 1.863603266150682877e-02 1.004861336313726990e-03 1.488016325600431157e-03
2.959999999999999964e+00 1.513409909749681370e+00 1.875621947249701132e-02 1.015968834513248124e-03 1.504420287563441394e-03
2.964999999999999858e+00 1.514683391182853445e+00 1.887702047759508631e-02 1.027181068209236060e-03 1.520978384233327967e-03
2.970000000000000195e+00 1.515956571571605682e+00 1.899844040792683653e-02 1.038498755448476240e-03 1.537691666417690013e-03
2.975000000000000089e+00 1.517229452454897709e+00 1.912048127682787133e-02 1.049922828898589965e-03 1.554561500851238181e-03
2.979999999999999982e+00 1.518502035546109630e+00 1.924314491093067139e-02 1.061454229129316085e-03 1.571589267599436722e-03
2.984999999999999876e+00 1.519774322734309235e+00 1.936643476281175655e-02 1.073093690797522707e-03 1.588776042678643899e-03
2.990000000000000213e+00 1.521046316085523209e+00 1.949035105169305213e-02 1.084841733931699720e-03 1.606122578985690963e-03
2.995000000000000107e+00 1.522318017844006111e+00 1.961490047798855954e-02 1.096699745128120254e-03 1.623630919074602703e-03
3.000000000000000000e+00 1.523589430433515579e+00 1.974008162359922741e-02 1.108668255470897195e-03 1.641301832494014654e-03
3.004999999999999893e+00 1.524860556458587313e+00 1.986589957239651150e-02 1.120748233915049626e-03 1.659136744293964209e-03
3.010000000000000231e+00 1.526131398705811604e+00 1.999235633215104557e-02 1.132940654865225230e-03 1.677137081507385245e-03
3.015000000000000124e+00 1.527401960145112314e+00 2.011945357005171658e-02 1.145246058735550432e-03 1.695303627575352147e-03
3.020000000000000018e+00 1.528672243931031183e+00 2.024719346253590208e-02 1.157665429246138630e-03 1.713637826644806919e-03
3.024999999999999911e+00 1.529942253404009023e+00 2.037558055492682402e-02 1.170199757956479070e-03 1.732141132068892040e-03
3.030000000000000249e+00 1.531211992091669805e+00 2.050461705690749190e-02 1.182850044731093876e-03 1.750815010793128727e-03
3.035000000000000142e+00 1.532481463710112957e+00 2.063430495795427061e-02 1.195617070150135431e-03 1.769660603390039045e-03
3.040000000000000036e+00 1.533750672165198337e+00 2.076464718992227301e-02 1.208501389438946649e-03 1.788678716062275156e-03
3.044999999999999929e+00 1.535019621553841640e+00 2.089564612518208381e-02 1.221504473671322644e-03 1.807871513793801298e-03
3.050000000000000266e+00 1.536288316165307810e+00 2.102730359980797478e-02 1.234626889008240457e-03 1.827239818676173978e-03
3.055000000000000160e+00 1.537556760482504448e+00 2.115962414495686436e-02 1.247869663197506218e-03 1.846785138002973725e-03
3.060000000000000053e+00 1.538824959183287211e+00 2.129260870211694898e-02 1.261233599271147738e-03 1.866508643389332492e-03
3.064999999999999947e+00 1.540092917141751672e+00 2.142626181172808258e-02 1.274719737872499759e-03 1.886411860238102053e-03
3.070000000000000284e+00 1.541360639429545376e+00 2.156058421753879670e-02 1.288328891928059231e-03 1.906495980032422424e-03
3.075000000000000178e+00 1.542628131317168361e+00 2.169558047078418844e-02 1.302062350275744271e-03 1.926762893344367063e-03
3.080000000000000071e+00 1.543895398275281439e+00 2.183125258041784464e-02 1.315920701892383995e-03 1.947213452920984293e-03
3.084999999999999964e+00 1.545162445976019150e+00 2.196760256284313942e-02 1.329904772704300743e-03 1.967848869408113550e-03
3.089999999999999858e+00 1.546429280294300046e+00 2.210463388075236540e-02 1.344015872860076155e-03 1.988671067633701606e-03
3.095000000000000195e+00 1.547695907309144969e+00 2.224234980150347277e-02 1.358254841637920960e-03 2.009681271473742498e-03
3.100000000000000089e+00 1.548962333304992001e+00 2.238075217013085760e-02 1.372622765409557341e-03 2.030881072884845734e-03
3.104999999999999982e+00 1.550228564773019402e+00 2.251984462949418314e-02 1.387120250137078518e-03 2.052271352083162147e-03
3.109999999999999876e+00 1.551494608412467890e+00 2.265962900499591745e-02 1.401748635869263680e-03 2.073854077026612494e-03
3.115000000000000213e+00 1.552760471131968911e+00 2.280010857802312885e-02 1.416508782914124723e-03 2.095630505580744606e-03
3.120000000000000107e+00 1.554026160050869576e+00 2.294128699505893279e-02 1.431401802717035317e-03 2.117602265626858729e-03
3.125000000000000000e+00 1.555291682500568706e+00 2.308316590075670111e-02 1.446428566531446358e-03 2.139770628704653482e-03
3.129999999999999893e+00 1.556557046025848434e+00 2.322574750144012351e-02 1.461589948233979952e-03 2.162136872224852506e-03
3.135000000000000231e+00 1.557822258386214909e+00 2.336903796454990745e-02 1.476887328148436236e-03 2.184703022477790975e-03
3.140000000000000124e+00 1.559087327557234559e+00 2.351303640752359578e-02 1.492321341980320376e-03 2.207470003324265781e-03
3.145000000000000018e+00 1.560352261731882795e+00 2.365774774787401252e-02 1.507893131927409485e-03 2.230439487563072674e-03
3.149999999999999911e+00 1.561617069321888263e+00 2.380317507844884398e-02 1.523603848751139576e-03 2.253613160297754901e-03
3.155000000000000249e+00 1.562881758959084433e+00 2.394932059438779556e-02 1.539454651814826068e-03 2.276992722630829559e-03
3.160000000000000142e+00 1.564146339496760740e+00 2.409618776194810685e-02 1.555446192835623596e-03 2.300579118208775746e-03
3.165000000000000036e+00 1.565410820011023496e+00 2.424377823181360012e-02 1.571579899850638696e-03 2.324374446222452362e-03
3.169999999999999929e+00 1.566675209802153468e+00 2.439209709271357093e-02 1.587856693845153110e-03 2.348380047389447573e-03
3.175000000000000266e+00 1.567939518395971676e+00 2.454114636584070822e-02 1.604277497964854988e-03 2.372597273236202921e-03
3.180000000000000160e+00 1.569203755545205192e+00 2.469092769855841391e-02 1.620843504526923344e-03 2.397027867669574569e-03
3.185000000000000053e+00 1.570467931230861369e+00 2.484144636425004993e-02 1.637555912218708947e-03 2.421673587844880467e-03
3.189999999999999947e+00 1.571732055663601191e+00 2.499270527857435156e-02 1.654415664434285161e-03 2.446535813568845655e-03
3.195000000000000284e+00 1.572996139285118833e+00 2.514470538349702564e-02 1.671423705685122539e-03 2.471615917644096484e-03
3.200000000000000178e+00 1.574260192769525224e+00 2.529745121287855017e-02 1.688581525005593666e-03 2.496916093361434101e-03
3.205000000000000071e+00 1.575524227024737378e+00 2.545094641666910407e-02 1.705890083309769076e-03 2.522437738801289447e-03
3.209999999999999964e+00 1.576788253193867284e+00 2.560519138098103081e-02 1.723350072316349969e-03 2.548181854007530549e-03
3.214999999999999858e+00 1.578052282656617233e+00 2.576019391704903114e-02 1.740963276890291180e-03 2.574151070962575876e-03
3.220000000000000195e+00 1.579316327030685141e+00 2.591595295517885866e-02 1.758730676235101351e-03 2.600346816663536616e-03
3.225000000000000089e+00 1.580580398173165202e+00 2.607247322887572966e-02 1.776652978801009303e-03 2.626770114173003143e-03
3.229999999999999982e+00 1.581844508181959430e+00 2.622975694295314950e-02 1.794731721476125518e-03 2.653423224686253783e-03
3.234999999999999876e+00 1.583108669397191415e+00 2.638780918214648011e-02 1.812968179477839580e-03 2.680308016036497386e-03
3.240000000000000213e+00 1.584372894402625409e+00 2.654663286001953879e-02 1.831363073742573811e-03 2.707425527038110919e-03
3.245000000000000107e+00 1.585637196027092743e+00 2.670622873821875201e-02 1.849917689541554248e-03 2.734777646755377854e-03
3.250000000000000000e+00 1.586901587345919129e+00 2.686660298891647980e-02 1.868633602959298996e-03 2.762366687673177990e-03
3.254999999999999893e+00 1.588166081682362174e+00 2.702775781148498632e-02 1.887511552101904478e-03 2.790193715331886013e-03
3.260000000000000231e+00 1.589430692609048013e+00 2.718969649185901463e-02 1.906552844158537286e-03 2.818260652199299290e-03
3.265000000000000124e+00 1.590695433949419924e+00 2.735242085709252771e-02 1.925758797048343195e-03 2.846569421274472086e-03
3.270000000000000018e+00 1.591960319779189614e+00 2.751593745471141161e-02 1.945130447974498201e-03 2.875121536879874339e-03
3.274999999999999911e+00 1.593225364427793389e+00 2.768024666905892148e-02 1.964669129437429142e-03 2.903918953589495686e-03
3.280000000000000249e+00 1.594490582479856755e+00 2.784535179124699236e-02 1.984376183071487592e-03 2.932963634742330114e-03
3.285000000000000142e+00 1.595755988776664358e+00 2.801126043822354736e-02 2.004252373135676207e-03 2.962256689619077472e-03
3.290000000000000036e+00 1.597021598417631694e+00 2.817797082746481899e-02 2.024299641644393671e-03 2.991800969670161629e-03
3.294999999999999929e+00 1.598287426761794583e+00 2.834548878147665277e-02 2.044518469942020571e-03 3.021597163328828325e-03
3.300000000000000266e+00 1.599553489429289543e+00 2.851381469254147052e-02 2.064910820802244411e-03 3.051648156293825225e-03
3.305000000000000160e+00 1.600819802302856587e+00 2.868295834623066712e-02 2.085477481302230353e-03 3.081955093989079478e-03
3.310000000000000053e+00 1.602086381529337800e+00 2.885291688684902753e-02 2.106219838666366709e-03 3.112520000199734023e-03
3.314999999999999947e+00 1.603353243521186133e+00 2.902369938206371403e-02 2.127139288762737793e-03 3.143344923904830852e-03
3.320000000000000284e+00 1.604620404957985969e+00 2.919530405088799352e-02 2.148237238013663356e-03 3.174431923297886191e-03
3.325000000000000178e+00 1.605887882787973897e+00 2.936773671278174527e-02 2.169514491978627967e-03 3.205782167183250219e-03
3.330000000000000071e+00 1.607155694229572163e+00 2.954100065274134837e-02 2.190972775582788329e-03 3.237398183510901192e-03
3.334999999999999964e+00 1.608423856772927873e+00 2.971510277009297568e-02 2.212613519969552217e-03 3.269282069145341887e-03
3.339999999999999858e+00 1.609692388181460876e+00 2.989004020383990989e-02 2.234437547955530918e-03 3.301435015575257797e-03
3.345000000000000195e+00 1.610961306493419842e+00 3.006582239067547707e-02 2.256446613866516706e-03 3.333859599686379328e-03
3.350000000000000089e+00 1.612230630023444355e+00 3.024244934938900148e-02 2.278641861697341172e-03 3.366557491723842690e-03
3.354999999999999982e+00 1.613500377364142535e+00 3.041992510553529622e-02 2.301024754741543606e-03 3.399530828934529091e-03
3.359999999999999876e+00 1.614770567387667999e+00 3.059825293234188712e-02 2.323596451835462096e-03 3.432781304976911980e-03
3.365000000000000213e+00 1.616041219247312144e+00 3.077744190565879709e-02 2.346358748244984846e-03 3.466311552118976104e-03
3.370000000000000107e+00 1.617312352379102647e+00 3.095748952503473220e-02 2.369312499880686478e-03 3.500122812155101026e-03
3.375000000000000000e+00 1.618583986503417060e+00 3.113839943803614271e-02 2.392459523951010174e-03 3.534217752417988679e-03
3.379999999999999893e+00 1.619856141626595081e+00 3.132018036313186787e-02 2.415800684766449338e-03 3.568597625607608861e-03
3.385000000000000231e+00 1.621128838042573905e+00 3.150283050808428548e-02 2.439338142731022844e-03 3.603265607797797362e-03
3.390000000000000124e+00 1.622402096334521149e+00 3.168635895476444586e-02 2.463072776831923185e-03 3.638222969345177461e-03
3.395000000000000018e+00 1.623675937376488410e+00 3.187076573317178946e-02 2.487006119459242350e-03 3.673471952143568184e-03
3.399999999999999911e+00 1.624950382335069499e+00 3.205605775664753521e-02 2.511139714870038071e-03 3.709014824760266220e-03
3.405000000000000249e+00 1.626225452671069327e+00 3.224223504549201397e-02 2.535475115260946329e-03 3.744853851880334313e-03
3.410000000000000142e+00 1.627501170141188780e+00 3.242930414438687653e-02 2.560013221302114960e-03 3.780990344795871240e-03
3.415000000000000036e+00 1.628777556799715365e+00 3.261726833975935741e-02 2.584756266548990898e-03 3.817427579267043160e-03
3.419999999999999929e+00 1.630054635000228513e+00 3.280613128452582183e-02 2.609705165388528317e-03 3.854166888364748966e-03
3.425000000000000266e+00 1.631332427397314877e+00 3.299589880121035768e-02 2.634861506192279126e-03 3.891210589295302207e-03
3.430000000000000160e+00 1.632610956948298497e+00 3.318657199582187439e-02 2.660226885323075177e-03 3.928561027512429520e-03
3.435000000000000053e+00 1.633890246914980304e+00 3.337815670043489669e-02 2.685802911494583958e-03 3.966220548237598884e-03
3.439999999999999947e+00 1.635170320865392934e+00 3.357065619742671814e-02 2.711591205709572381e-03 4.004191532569909874e-03
3.445000000000000284e+00 1.636451202675564431e+00 3.376407413456967987e-02 2.737592711117065036e-03 4.042475343311051697e-03
3.450000000000000178e+00 1.637732916531301264e+00 3.395841705730503340e-02 2.763809404335338532e-03 4.081074879387322149e-03
3.455000000000000071e+00 1.639015486929979559e+00 3.415368789161577628e-02 2.790242933335065987e-03 4.119992555448523386e-03
3.459999999999999964e+00 1.640298938682350771e+00 3.434988704057578834e-02 2.816894610368198167e-03 4.159230284914311633e-03
3.464999999999999858e+00 1.641583296914366441e+00 3.454702429101783739e-02 2.843766099569560238e-03 4.198790504322655673e-03
3.470000000000000195e+00 1.642868587069010289e+00 3.474510258267123064e-02 2.870859078851405784e-03 4.238675669659503972e-03
3.475000000000000089e+00 1.644154834908149621e+00 3.494412266613128315e-02 2.898174880084874658e-03 4.278887722482529847e-03
3.479999999999999982e+00 1.645442066514400281e+00 3.514409325326674910e-02 2.925715555075280184e-03 4.319429674670588991e-03
3.484999999999999876e+00 1.646730308293007594e+00 3.534501511541167373e-02 2.953482100076727183e-03 4.360302970484062832e-03
3.490000000000000213e+00 1.648019586973742623e+00 3.554689477891784938e-02 2.981476585322398454e-03 4.401510641812955184e-03
3.495000000000000107e+00 1.649309929612814640e+00 3.574973519014214285e-02 3.009700739224603107e-03 4.443055228966708882e-03
3.500000000000000000e+00 1.650601363594798476e+00 3.595354287562770729e-02 3.038155940275705669e-03 4.484938732321887105e-03
3.504999999999999893e+00 1.651893916634581849e+00 3.615812047792591605e-02 3.066820365786760740e-03 4.527118439091734441e-03
3.510000000000000231e+00 1.653187616779326907e+00 3.636367275037009211e-02 3.095718144806702127e-03 4.569640181535564172e-03
3.515000000000000124e+00 1.654482492410449757e+00 3.657020009016657969e-02 3.124852130795849857e-03 4.612508157622969771e-03
3.520000000000000018e+00 1.655778572245619973e+00 3.677771191773510778e-02 3.154222999608203865e-03 4.655723328424113926e-03
3.524999999999999911e+00 1.657075885340773880e+00 3.698620898244719957e-02 3.183833636818182451e-03 4.699289932646278506e-03
3.530000000000000249e+00 1.658374461092151142e+00 3.719569673015497846e-02 3.213684734362206100e-03 4.743208966706358685e-03
3.535000000000000142e+00 1.659674329238346902e+00 3.740617881012477802e-02 3.243778463533788722e-03 4.787483602861011475e-03
3.540000000000000036e+00 1.660975519862385452e+00 3.761765885870595877e-02 3.274116268080908259e-03 4.832115955433112509e-03
3.544999999999999929e+00 1.662278063393811456e+00 3.783014594564013122e-02 3.304700348095134139e-03 4.877109227562501093e-03
3.550000000000000266e+00 1.663581990610803807e+00 3.804364298013017398e-02 3.335532167710961431e-03 4.922465575958253313e-03
3.555000000000000160e+00 1.664887332642308815e+00 3.825815108442227885e-02 3.366613193581061841e-03 4.968187114588250991e-03
3.560000000000000053e+00 1.666194120970192039e+00 3.847367860276190016e-02 3.397946429208435933e-03 5.014278276804497343e-03
3.564999999999999947e+00 1.667502387431416100e+00 3.869022953064595732e-02 3.429532605864949249e-03 5.060740094125394314e-03
3.570000000000000284e+00 1.668812164220237593e+00 3.890781004916625541e-02 3.461373985826445444e-03 5.107575893537248148e-03
3.575000000000000178e+00 1.670123483890425531e+00 3.912642306704841588e-02 3.493472081763003122e-03 5.154787861071756516e-03
3.580000000000000071e+00 1.671436379357503110e+00 3.934607513749640434e-02 3.525828406952819915e-03 5.202378213530179339e-03
3.584999999999999964e+00 1.672750883901015451e+00 3.956676627131972684e-02 3.558446046137385410e-03 5.250351474065570977e-03
3.589999999999999858e+00 1.674067031166816655e+00 3.978850916481670857e-02 3.591325760138929478e-03 5.298708744425364298e-03
3.595000000000000195e+00 1.675384855169382847e+00 4.001130383560867060e-02 3.624470669390699850e-03 5.347454609859733643e-03
3.600000000000000089e+00 1.676704390294149860e+00 4.023515356510199564e-02 3.657880755703361072e-03 5.396588978490885445e-03
3.604999999999999982e+00 1.678025671299876453e+00 4.046007068768571469e-02 3.691559960117115659e-03 5.446117687645361978e-03
3.609999999999999876e+00 1.679348733321033071e+00 4.068605196565225346e-02 3.725508272924818801e-03 5.496040649361139292e-03
3.615000000000000213e+00 1.680673611870211692e+00 4.091310755835243090e-02 3.759729680527621951e-03 5.546363751993791356e-03
3.620000000000000107e+00 1.682000342840573426e+00 4.114124290872864936e-02 3.794224985145098865e-03 5.597088145787442078e-03
3.625000000000000000e+00 1.683328962508309878e+00 4.137045841963913478e-02 3.828995794827759133e-03 5.648216161711020616e-03
3.629999999999999893e+00 1.684659507535143819e+00 4.160076387513621243e-02 3.864045350599658226e-03 5.699752559890637095e-03
3.635000000000000231e+00 1.685992014970846498e+00 4.183216473225658677e-02 3.899374473049370231e-03 5.751698528823600762e-03
3.640000000000000124e+00 1.687326522255794936e+00 4.206466463168491432e-02 3.934985618906241579e-03 5.804057665356876852e-03
3.645000000000000018e+00 1.688663067223552527e+00 4.229826939156110244e-02 3.970881265864834378e-03 5.856833588491016859e-03
3.649999999999999911e+00 1.690001688103477839e+00 4.253298265771240927e-02 4.007063081425902423e-03 5.910028742429167085e-03
3.655000000000000249e+00 1.691342423523365834e+00 4.276881386135098634e-02 4.043532739283013135e-03 5.963645561755990740e-03
3.660000000000000142e+00 1.692685312512123508e+00 4.300576520026630489e-02 4.080292756510810713e-03 6.017687722319969325e-03
3.665000000000000036e+00 1.694030394502469727e+00 4.324384104847009413e-02 4.117345669393696408e-03 6.072158955392861421e-03
3.669999999999999929e+00 1.695377709333675487e+00 4.348305263479267102e-02 4.154693191505923200e-03 6.127061753653981722e-03
3.675000000000000266e+00 1.696727297254325917e+00 4.372340108871045766e-02 4.192337043774842231e-03 6.182398632070193467e-03
3.680000000000000160e+00 1.698079198925130706e+00 4.396489148736648644e-02 4.230279801450168367e-03 6.238173347370141834e-03
3.685000000000000053e+00 1.699433455421752726e+00 4.420753075027894496e-02 4.268524067435074121e-03 6.294389724910106829e-03
3.689999999999999947e+00 1.700790108237682396e+00 4.445132793249585018e-02 4.307070739249050512e-03 6.351049053494874433e-03
3.695000000000000284e+00 1.702149199287140036e+00 4.469628307485992713e-02 4.345923299478676900e-03 6.408156446939786317e-03
3.700000000000000178e+00 1.703510770908022831e+00 4.494240560792867739e-02 4.385083533567785130e-03 6.465714515147428197e-03
3.705000000000000071e+00 1.704874865864877798e+00 4.518970098562689885e-02 4.424554103897134633e-03 6.523727145755025235e-03
3.709999999999999964e+00 1.706241527351919807e+00 4.543817322046220936e-02 4.464336815233649856e-03 6.582196980977465285e-03
3.714999999999999858e+00 1.707610798996081591e+00 4.568783066183240010e-02 4.504433484436451418e-03 6.641126668381749920e-03
3.720000000000000195e+00 1.708982724860113711e+00 4.593867984632155066e-02 4.544846814764386123e-03 6.700520163782056234e-03
3.725000000000000089e+00 1.710357349445704500e+00 4.619072406485192489e-02 4.585579532440917962e-03 6.760381469241155683e-03
3.729999999999999982e+00 1.711734717696661745e+00 4.644397167634456425e-02 4.626634386233053481e-03 6.820714620159796203e-03
3.734999999999999876e+00 1.713114875002117454e+00 4.669843028297870902e-02 4.668012352787332363e-03 6.881520999851872648e-03
3.740000000000000213e+00 1.714497867199787251e+00 4.695410138301603364e-02 4.709716203251957875e-03 6.942804688548164134e-03
3.745000000000000107e+00 1.715883740579261962e+00 4.721099440876545816e-02 4.751748725694875802e-03 7.004569764845002856e-03
3.750000000000000000e+00 1.717272541885350057e+00 4.746911301204527478e-02 4.794112738065235343e-03 7.066820359187980273e-03
3.754999999999999893e+00 1.718664318321458495e+00 4.772846951439300295e-02 4.836809250846498161e-03 7.129557924373408455e-03
3.760000000000000231e+00 1.720059117553022654e+00 4.798906251055182898e-02 4.879842013944956855e-03 7.192787977630595367e-03
3.765000000000000124e+00 1.721456987710977105e+00 4.825090576216525817e-02 4.923212979108343608e-03 7.256513361751090047e-03
3.770000000000000018e+00 1.722857977395276574e+00 4.851400149680087925e-02 4.966925025682941523e-03 7.320738290484209848e-03
3.774999999999999911e+00 1.724262135678464647e+00 4.877835551957495491e-02 5.010981059626305918e-03 7.385467043096281478e-03
3.780000000000000249e+00 1.725669512109285098e+00 4.904397726605692204e-02 5.055382139416948230e-03 7.450701129319360454e-03
3.785000000000000142e+00 1.727080156716347847e+00 4.931087256274141462e-02 5.100132129518784863e-03 7.516446228852845940e-03
3.790000000000000036e+00 1.728494120011841551e+00 4.957905084467793821e-02 5.145232109473821952e-03 7.582703897015177080e-03
3.794999999999999929e+00 1.729911452995299248e+00 4.984851143831592335e-02 5.190686928121483225e-03 7.649481279675965188e-03
3.800000000000000266e+00 1.731332207157411762e+00 5.011927026011673419e-02 5.236497695896582226e-03 7.716779966467251714e-03
3.805000000000000160e+00 1.732756434483898600e+00 5.039132665558592600e-02 5.282666466549889965e-03 7.784602958374397912e-03
3.810000000000000053e+00 1.734184187459427706e+00 5.066469221202610229e-02 5.329198174092899219e-03 7.852957528216285635e-03
3.814999999999999947e+00 1.735615519071593615e+00 5.093937348843095847e-02 5.376092999219012070e-03 7.921843872870239223e-03
3.820000000000000284e+00 1.737050482814948671e+00 5.121537701840972456e-02 5.423354963309762709e-03 7.991267935677755577e-03
3.825000000000000178e+00 1.738489132695088868e+00 5.149270791738750491e-02 5.470987155683003020e-03 8.061234238775916161e-03
3.830000000000000071e+00 1.739931523232801869e+00 5.177137777887334813e-02 5.518991716607791337e-03 8.131745898508523779e-03
3.834999999999999964e+00 1.741377709468272084e+00 5.205139027250380024e-02 5.567370791713041785e-03 8.202806048096573585e-03
3.839999999999999858e+00 1.742827746965340152e+00 5.233275193102465001e-02 5.616128502865800828e-03 8.274420742580492968e-03
3.845000000000000195e+00 1.744281691815829705e+00 5.261547293252058499e-02 5.665268027329609275e-03 8.346594660454424372e-03
3.850000000000000089e+00 1.745739600643932299e+00 5.289956052441384393e-02 5.714789588352491359e-03 8.419328083691607692e-03
3.854999999999999982e+00 1.747201530610656750e+00 5.318502345671696774e-02 5.764699358923233881e-03 8.492630093981689762e-03
3.859999999999999876e+00 1.748667539418339745e+00 5.347186754264966757e-02 5.814997589587624950e-03 8.566501028792016317e-03
3.865000000000000213e+00 1.750137685315223512e+00 5.376009787544013679e-02 5.865688520159651441e-03 8.640947127080919957e-03
3.870000000000000107e+00 1.751612027100100555e+00 5.404972750923953823e-02 5.916775424824737874e-03 8.715973182981999468e-03
3.875000000000000000e+00 1.753090624127023878e+00 5.434075795456777547e-02 5.968260587973157547e-03 8.791582535449963057e-03
3.879999999999999893e+00 1.754573536310083837e+00 5.463320587095042008e-02 6.020146306181401070e-03 8.867778543082257756e-03
3.885000000000000231e+00 1.756060824128258258e+00 5.492706913240318067e-02 6.072437946155906201e-03 8.944569113461328311e-03
3.890000000000000124e+00 1.757552548630337386e+00 5.522236369636412956e-02 6.125135804757453686e-03 9.021954638653311223e-03
3.895000000000000018e+00 1.759048771439909009e+00 5.551909538287844170e-02 6.178245304757306808e-03 9.099943097307936976e-03
3.899999999999999911e+00 1.760549554760425739e+00 5.581727002346440619e-02 6.231768827607676343e-03 9.178537973432241565e-03
3.905000000000000249e+00 1.762054961380348228e+00 5.611689851183400413e-02 6.285708759670372708e-03 9.257742766590724287e-03
3.910000000000000142e+00 1.763565054678360111e+00 5.641799100969551589e-02 6.340068539204751080e-03 9.337562511732667297e-03
3.915000000000000036e+00 1.765079898628665322e+00 5.672055191051125073e-02 6.394851635147173578e-03 9.418002317429638101e-03
3.919999999999999929e+00 1.766599557806353804e+00 5.702458776102797833e-02 6.450062593213529843e-03 9.499068847562030377e-03
3.925000000000000266e+00 1.768124097392861804e+00 5.733011015815459022e-02 6.505701769838042291e-03 9.580762604047089737e-03
3.930000000000000160e+00 1.769653583181507006e+00 5.763713075172773037e-02 6.561774812276004523e-03 9.663091886864493690e-03
3.935000000000000053e+00 1.771188081583099816e+00 5.794566115031526965e-02 6.618285294446441848e-03 9.746061970596537477e-03
3.939999999999999947e+00 1.772727659631656794e+00 5.825569559203985087e-02 6.675234668862257623e-03 9.829674929840562236e-03
3.945000000000000284e+00 1.774272384990179141e+00 5.856725656626973753e-02 6.732627612933291504e-03 9.913937673863480043e-03
3.950000000000000178e+00 1.775822325956536885e+00 5.888034555683271248e-02 6.790466688636722509e-03 9.998853940629626527e-03
3.955000000000000071e+00 1.777377551469432548e+00 5.919497851365804891e-02 6.848756634867075692e-03 1.008443070361908500e-02
3.959999999999999964e+00 1.778938131114458976e+00 5.951116127674387080e-02 6.907500057643903117e-03 1.017067177686913591e-02
3.965000000000000302e+00 1.780504135130244192e+00 5.982890041637815848e-02 6.966700663286667927e-03 1.025758259792395113e-02
3.970000000000000195e+00 1.782075634414699072e+00 6.014820752084074074e-02 7.026361094046506758e-03 1.034516705241031106e-02
3.975000000000000089e+00 1.783652700531359159e+00 6.046908700836549355e-02 7.086487306946821947e-03 1.043343391669841226e-02
3.979999999999999982e+00 1.785235405715812629e+00 6.079155771099337136e-02 7.147080892447102429e-03 1.052238548390074455e-02
3.984999999999999876e+00 1.786823822882243729e+00 6.111562474283553648e-02 7.208145658536273259e-03 1.061202736137346371e-02
3.990000000000000213e+00 1.788418025630066133e+00 6.144129902018173606e-02 7.269686558837427752e-03 1.070236683967064166e-02
3.995000000000000107e+00 1.790018088250662442e+00 6.176858708990867058e-02 7.331705228343230601e-03 1.079340629330012395e-02
4.000000000000000000e+00 1.791624085734228267e+00 6.209750562792991369e-02 7.394207799180552328e-03 1.088515476998746720e-02
