% raindrop T-matrix calculations using the code of Leinonen, J., "Python code for T-matrix scattering calculations". Available at https://github.com/jleinonen/pytmatrix/. 
% 
% refractive index calculations after Ray, P., 1972:  Broadband Complex Refractive Indices of Ice and Water, Appl. Opt. 11, 1836-1844 
% 
% raindrop aspect ratio estimated with the methodology of Brandes, Edward & Zhang, Guifu & Vivekanandan, Jothiram. (2005). Corrigendum. Journal of Applied Meteorology. 44. 186-. 10.1175/1520-0450(2005)44<186:C>2.0.CO;2. 
% 
% wave length: 12.491352 mm 
% temperature: 308.15 K 
% refractive index: 6.925799846649169922e+00 + 2.518910408020019531e+00 i 
% 
%r_eqv[mm]               axial ratio              ext[mm2]                 sca[mm2]                 back[mm2]
5.000000000000000104e-03 9.999900000999989436e-01 2.651138451863164452e-08 7.700820482756669977e-15 1.155100656053746410e-14
1.000000000000000021e-02 9.999900000999989436e-01 2.122366997062452088e-07 4.928630453061772717e-13 7.392370684894961800e-13
1.499999999999999944e-02 9.999900000999989436e-01 7.171197265783669778e-07 5.614219236873986892e-12 8.419854606688194837e-12
2.000000000000000042e-02 9.999900000999989436e-01 1.702570298754288399e-06 3.154594933037237380e-11 4.730419531772880943e-11
2.500000000000000139e-02 9.999900000999989436e-01 3.332208301352321219e-06 1.203460024869904969e-10 1.804312014808995754e-10
2.999999999999999889e-02 9.999900000999989436e-01 5.772618909008200435e-06 3.593795700011599152e-10 5.386917707372363569e-10
3.500000000000000333e-02 9.999900000999989436e-01 9.194117848116878833e-06 9.063055173847298838e-10 1.358162144484409363e-09
4.000000000000000083e-02 9.999900000999989436e-01 1.377152889945573856e-05 2.019635830440409261e-09 3.025681059640130945e-09
4.499999999999999833e-02 9.999900000999989436e-01 1.968498217702452545e-05 4.094880612768419919e-09 6.132639407008210239e-09
5.000000000000000278e-02 9.999900000999989436e-01 2.712071715688303713e-05 7.706291707330778985e-09 1.153694275187338719e-08
5.500000000000000028e-02 9.999900000999989436e-01 3.627191266375565147e-05 1.365422877680159847e-08 2.043311393862451377e-08
5.999999999999999778e-02 9.999900000999989436e-01 4.733953469038747430e-05 2.301814889079550558e-08 3.443045959437440308e-08
6.500000000000000222e-02 9.999900000999989436e-01 6.053320223256858666e-05 3.721527566830251462e-08 5.563929734933121532e-08
7.000000000000000666e-02 9.999900000999989436e-01 7.607207502213413433e-05 5.806493480695158934e-08 8.676512752061888198e-08
7.499999999999999722e-02 9.999900000999989436e-01 9.418577616509814254e-05 8.785857614721103401e-08 1.312106734209254804e-07
8.000000000000000167e-02 9.999900000999989436e-01 1.151153060841955444e-04 1.294356282944165250e-07 1.931858933397526203e-07
8.500000000000000611e-02 9.999900000999989436e-01 1.391140614154256659e-04 1.862649866496839944e-07 2.778255406563816743e-07
8.999999999999999667e-02 9.999900000999989436e-01 1.664487571115941245e-04 2.625323937118427905e-07 3.913145255009262633e-07
9.500000000000000111e-02 9.999900000999989436e-01 1.974005511569194751e-04 3.632337068061423267e-07 5.410209239147555306e-07
1.000000000000000056e-01 9.999900000999989436e-01 2.322660243669924345e-04 4.942739002874646162e-07 7.356362546255045083e-07
1.049999999999999961e-01 9.999900000999989436e-01 2.713582820722679678e-04 6.625721725958301602e-07 9.853234082360040379e-07
1.100000000000000006e-01 9.999900000999989436e-01 3.150081980290524424e-04 8.761728029856854544e-07 1.301871529497941802e-06
1.150000000000000050e-01 9.999900000999989436e-01 3.635653926817754896e-04 1.144362274702935651e-06 1.698858431875833583e-06
1.199999999999999956e-01 9.999900000999989436e-01 4.173996932543145156e-04 1.477792758558468144e-06 2.191820500018053828e-06
1.250000000000000000e-01 9.999900000999989436e-01 4.769021974110092743e-04 1.888610490560575880e-06 2.798427676351689548e-06
1.300000000000000044e-01 9.999900000999989436e-01 5.424866654470460008e-04 2.390591655078738002e-06 3.538667227358752667e-06
1.350000000000000089e-01 9.999900000999989436e-01 6.145908826187548120e-04 2.999284240857951019e-06 4.435033747770053338e-06
1.400000000000000133e-01 9.999900000999989436e-01 6.936780061520157270e-04 3.732155961797851087e-06 5.512725372646653637e-06
1.449999999999999900e-01 9.999900000999989436e-01 7.802381163639307993e-04 4.608749131357340380e-06 6.799847165445605807e-06
1.499999999999999944e-01 9.999900000999989436e-01 8.747897737447749055e-04 5.650839824459096733e-06 8.327617564784460378e-06
1.549999999999999989e-01 9.999900000999989436e-01 9.778813842533018094e-04 6.882609054620296616e-06 1.013058908525285897e-05
1.600000000000000033e-01 9.999900000999989436e-01 1.090093011878408074e-03 8.330809285258636049e-06 1.224685813530227967e-05
1.650000000000000078e-01 9.999900000999989436e-01 1.212038210627889179e-03 1.002495735260486118e-05 1.471831001707874398e-05
1.700000000000000122e-01 9.999900000999989436e-01 1.344365492978493891e-03 1.199751177997081788e-05 1.759083604975362385e-05
1.750000000000000167e-01 9.999900000999989436e-01 1.487760454874435291e-03 1.428406890064697690e-05 2.091457420808803645e-05
1.799999999999999933e-01 9.999900000999989436e-01 1.642947578597405084e-03 1.692356939261779617e-05 2.474415974198871927e-05
1.849999999999999978e-01 9.999900000999989436e-01 1.810692076016078445e-03 1.995850615933171039e-05 2.913897267562805810e-05
1.900000000000000022e-01 1.000338260324268314e+00 1.992131874253452901e-03 2.344119198359156565e-05 3.417251068666631952e-05
1.950000000000000067e-01 1.000344839311130496e+00 2.187492577834218056e-03 2.741092158529886483e-05 3.989789997512616901e-05
2.000000000000000111e-01 1.000357515291503407e+00 2.397982045043992733e-03 3.192738964094170496e-05 4.639816032171023146e-05
2.050000000000000155e-01 1.000376259251188893e+00 2.624552803942984281e-03 3.704962480021376095e-05 5.375437629107172795e-05
2.099999999999999922e-01 1.000401042453005207e+00 2.868209213414537381e-03 4.284136067715507891e-05 6.205369031002319765e-05
2.149999999999999967e-01 1.000431836433301802e+00 3.130010920937260823e-03 4.937135475337190013e-05 7.138967514427447495e-05
2.200000000000000011e-01 1.000468612998516083e+00 3.411074877080168526e-03 5.671357142511170696e-05 8.186249851711896637e-05
2.250000000000000056e-01 1.000511344221778787e+00 3.712578726248211541e-03 6.494754339695007681e-05 9.357934141314023786e-05
2.300000000000000100e-01 1.000560002439564444e+00 4.035763001905854318e-03 7.415859340261841503e-05 1.066546028736999356e-04
2.350000000000000144e-01 1.000614560248383578e+00 4.381934986518853242e-03 8.443813731050996097e-05 1.212102160981779533e-04
2.399999999999999911e-01 1.000674990501522643e+00 4.752471238121187998e-03 9.588403898883499327e-05 1.373760317072220062e-04
2.449999999999999956e-01 1.000741266305821942e+00 5.148820795856370522e-03 1.086008450100427023e-04 1.552900133431224907e-04
2.500000000000000000e-01 1.000813361018499714e+00 5.572508967704450748e-03 1.227001340454699288e-04 1.750985942195636060e-04
2.550000000000000044e-01 1.000891248244015541e+00 6.025140633013474981e-03 1.383009412065322279e-04 1.969571305806052124e-04
2.600000000000000089e-01 1.000974901830975039e+00 6.508404814049476017e-03 1.555299267850188539e-04 2.210299747815906517e-04
2.650000000000000133e-01 1.001064295869075416e+00 7.024077050186594562e-03 1.745218555470084195e-04 2.474909888073144066e-04
2.700000000000000178e-01 1.001159404686088994e+00 7.574024137982545909e-03 1.954199717770696554e-04 2.765238911010369622e-04
2.750000000000000222e-01 1.001260202844886926e+00 8.160208609314071812e-03 2.183762990264803596e-04 3.083224946400301954e-04
2.800000000000000266e-01 1.001366665140501100e+00 8.784692007689821197e-03 2.435520775405713913e-04 3.430911188789477679e-04
2.850000000000000311e-01 1.001478766597222014e+00 9.449642238533981914e-03 2.711181326622260279e-04 3.810449005230808340e-04
2.899999999999999800e-01 1.001596482465736404e+00 1.015733412562326229e-02 3.012553886956892977e-04 4.224103056748958391e-04
2.949999999999999845e-01 1.001719788220298835e+00 1.091015674225604901e-02 3.341550554566022975e-04 4.674251431602349598e-04
2.999999999999999889e-01 1.001848659555939935e+00 1.171061912739570880e-02 3.700195268394082765e-04 5.163396088634665797e-04
3.049999999999999933e-01 1.001983072385710605e+00 1.256135385091635900e-02 4.090622226723720448e-04 5.694157898794393984e-04
3.099999999999999978e-01 1.002123002837959964e+00 1.346512405943905283e-02 4.515085643523306970e-04 6.269287944065664742e-04
3.150000000000000022e-01 1.002268427253648841e+00 1.442482623759315519e-02 4.975963318697893510e-04 6.891669681425985957e-04
3.200000000000000067e-01 1.002419322183694117e+00 1.544350103277753426e-02 5.475758938306790830e-04 7.564319400474320493e-04
3.250000000000000111e-01 1.002575664386349930e+00 1.652433495916784401e-02 6.017111551403092357e-04 8.290396618426418372e-04
3.300000000000000155e-01 1.002737430824617970e+00 1.767066852892572662e-02 6.602798401967812335e-04 9.073205178009138882e-04
3.350000000000000200e-01 1.002904598663692415e+00 1.888600227014243169e-02 7.235741337361672630e-04 9.916198962252478852e-04
3.400000000000000244e-01 1.003077145268434833e+00 2.017400535603119591e-02 7.919009284617433645e-04 1.082298236187484485e-03
3.450000000000000289e-01 1.003255048200880628e+00 2.153852009173514576e-02 8.655831652983166568e-04 1.179732596096474007e-03
3.500000000000000333e-01 1.003438285217776782e+00 2.298356835934963621e-02 9.449596906350712575e-04 1.284316134400732704e-03
3.549999999999999822e-01 1.003626834268148693e+00 2.451336625855509571e-02 1.030386210109743295e-03 1.396459096897634082e-03
3.599999999999999867e-01 1.003820673490896542e+00 2.613231838794333184e-02 1.122235941458151311e-03 1.516589436604143509e-03
3.649999999999999911e-01 1.004019781212422524e+00 2.784504250605809514e-02 1.220900291898934517e-03 1.645153437238100654e-03
3.699999999999999956e-01 1.004224135944284502e+00 2.965636330240940463e-02 1.326789430804976855e-03 1.782616145245813528e-03
3.750000000000000000e-01 1.004433716380879638e+00 3.157132751065527126e-02 1.440333724191346235e-03 1.929463195068352498e-03
3.800000000000000044e-01 1.004648501397155336e+00 3.359521484508238426e-02 1.561982908218507516e-03 2.086199181782636639e-03
3.850000000000000089e-01 1.004868470046347273e+00 3.573353794095454616e-02 1.692208755257704417e-03 2.253351247514858227e-03
3.900000000000000133e-01 1.005093601557745631e+00 3.799205779697652219e-02 1.831504728287619089e-03 2.431468268366825721e-03
3.950000000000000178e-01 1.005323875334485528e+00 4.037679646359297603e-02 1.980386404928850645e-03 2.621121160471321255e-03
4.000000000000000222e-01 1.005559270951367434e+00 4.289403638370101191e-02 2.139394391222020249e-03 2.822906887425309045e-03
4.050000000000000266e-01 1.005799768152698448e+00 4.555033858726859064e-02 2.309092856537773436e-03 3.037446050946314077e-03
4.100000000000000311e-01 1.006045346850164002e+00 4.835254300452221377e-02 2.490071434695412429e-03 3.265385438153942804e-03
4.150000000000000355e-01 1.006295987120720881e+00 5.130778989009000118e-02 2.682947405125254720e-03 3.507401178102282323e-03
4.199999999999999845e-01 1.006551669204517108e+00 5.442352009060055090e-02 2.888364399765656378e-03 3.764196553120015103e-03
4.249999999999999889e-01 1.006812373502834479e+00 5.770748806068190517e-02 3.106995398437954921e-03 4.036506510460157252e-03
4.299999999999999933e-01 1.007078080576055967e+00 6.116777048609475104e-02 3.339542595046382858e-03 4.325097333691427758e-03
4.349999999999999978e-01 1.007348771141657329e+00 6.481277098927036573e-02 3.586738943079674589e-03 4.630769194473654052e-03
4.400000000000000022e-01 1.007624426072219359e+00 6.865124348388125519e-02 3.849349774615627891e-03 4.954358453618697145e-03
4.450000000000000067e-01 1.007905026393466796e+00 7.269229056602341532e-02 4.128173630813052573e-03 5.296739437740461028e-03
4.500000000000000111e-01 1.008190553282325652e+00 7.694536122259601485e-02 4.424043444802489879e-03 5.658826292064911799e-03
4.550000000000000155e-01 1.008480988065006079e+00 8.142028766563617903e-02 4.737829023320485992e-03 6.041577500670257221e-03
4.600000000000000200e-01 1.008776312215104998e+00 8.612727031805011979e-02 5.070434614148198842e-03 6.445992696954403259e-03
4.650000000000000244e-01 1.009076507351731156e+00 9.107688437281002969e-02 5.422805602916170274e-03 6.873123492862146140e-03
4.700000000000000289e-01 1.009381555237651273e+00 9.628010363479208578e-02 5.795928163216306460e-03 7.324073738441941664e-03
4.750000000000000333e-01 1.009691437777457068e+00 1.017482939930850067e-01 6.190828244396002350e-03 7.799999812788774821e-03
4.799999999999999822e-01 1.010006137015752481e+00 1.074932116936029719e-01 6.608575552529576125e-03 8.302117161840266366e-03
4.849999999999999867e-01 1.010325635135361333e+00 1.135270288908734188e-01 7.050283841397933168e-03 8.831703123637565239e-03
4.899999999999999911e-01 1.010649914455556075e+00 1.198623080234191007e-01 7.517117984133897882e-03 9.390108630068035381e-03
4.949999999999999956e-01 1.010978957430304748e+00 1.265120320459598713e-01 8.010285328529199306e-03 9.978748098986783138e-03
5.000000000000000000e-01 1.011312746646537475e+00 1.334895658850920319e-01 8.531046390027816062e-03 1.059911771989039200e-02
5.050000000000000044e-01 1.011651264822433394e+00 1.408087011134939726e-01 9.080716171825778393e-03 1.125279969792936964e-02
5.100000000000000089e-01 1.011994494805724676e+00 1.484836092925728990e-01 9.660659926923933702e-03 1.194146021870215631e-02
5.150000000000000133e-01 1.012342419572020980e+00 1.565288589120518992e-01 1.027230114041435306e-02 1.266686400285661936e-02
5.200000000000000178e-01 1.012695022223150554e+00 1.649593976502192194e-01 1.091712215859519039e-02 1.343087963769384365e-02
5.250000000000000222e-01 1.013052285985520662e+00 1.737905318457170223e-01 1.159666484482525101e-02 1.423548496453549278e-02
5.300000000000000266e-01 1.013414194208494434e+00 1.830379384518675545e-01 1.231253437411291077e-02 1.508277758670771053e-02
5.350000000000000311e-01 1.013780730362787486e+00 1.927176091251894818e-01 1.306639966329017563e-02 1.597498122256453199e-02
5.400000000000000355e-01 1.014151878038878962e+00 2.028458632792807803e-01 1.385999936962717047e-02 1.691445998336073980e-02
5.450000000000000400e-01 1.014527620945441466e+00 2.134392830336299396e-01 1.469513872929877930e-02 1.790372162907401601e-02
5.500000000000000444e-01 1.014907942907788518e+00 2.245147350241137318e-01 1.557369966506347292e-02 1.894543690919685969e-02
5.550000000000000488e-01 1.015292827866336012e+00 2.360892706613804404e-01 1.649763336511246223e-02 2.004243995312153179e-02
5.600000000000000533e-01 1.015682259875082316e+00 2.481801425582000065e-01 1.746897276864052551e-02 2.119775217819045224e-02
5.650000000000000577e-01 1.016076223100103704e+00 2.608047328281061228e-01 1.848982924404550879e-02 2.241458772069040636e-02
5.700000000000000622e-01 1.016474701818065096e+00 2.739805242598434831e-01 1.956239271348393302e-02 2.369636402148959931e-02
5.750000000000000666e-01 1.016877680414747243e+00 2.877249734903627454e-01 2.068894252949934551e-02 2.504672549538208837e-02
5.799999999999999600e-01 1.017285143383589441e+00 3.020555854271530505e-01 2.187184416574223036e-02 2.646955262079208823e-02
5.849999999999999645e-01 1.017697075324246692e+00 3.169896954892895136e-01 2.311355352476093805e-02 2.796897829480169545e-02
5.899999999999999689e-01 1.018113460941162618e+00 3.325444761320535680e-01 2.441661232370047341e-02 2.954939405452550877e-02
5.949999999999999734e-01 1.018534285042156151e+00 3.487368930911276532e-01 2.578366494986322061e-02 3.121548610862636200e-02
5.999999999999999778e-01 1.018959532537025314e+00 3.655835204076342548e-01 2.721745109595906723e-02 3.297224082414105389e-02
6.049999999999999822e-01 1.019389188436160998e+00 3.831005094057678417e-01 2.872080300182202478e-02 3.482495117263952750e-02
6.099999999999999867e-01 1.019823237849180497e+00 4.013035352831157421e-01 3.029666297592928728e-02 3.677925959411742357e-02
6.149999999999999911e-01 1.020261665983570154e+00 4.202075739246501906e-01 3.194807511200920686e-02 3.884115689708159125e-02
6.199999999999999956e-01 1.020704458143344873e+00 4.398268570020495982e-01 3.367818122454777074e-02 4.101699656316741549e-02
6.250000000000000000e-01 1.021151599727719406e+00 4.601748442587400567e-01 3.549024026704716839e-02 4.331353231944810173e-02
6.300000000000000044e-01 1.021603076229795626e+00 4.812639586200667674e-01 3.738760564315636581e-02 4.573790374035343470e-02
6.350000000000000089e-01 1.022058873235258902e+00 5.031055551551016913e-01 3.937376277295588645e-02 4.829770263998779678e-02
6.400000000000000133e-01 1.022518976421092685e+00 5.257097437713679211e-01 4.145227544278241860e-02 5.100091404063022971e-02
6.450000000000000178e-01 1.022983371554301524e+00 5.490853502376045192e-01 4.362685456391878630e-02 5.385602421766277209e-02
6.500000000000000222e-01 1.023452044490649859e+00 5.732396677339983704e-01 4.590129602096972017e-02 5.687194710933075187e-02
6.550000000000000266e-01 1.023924981173411908e+00 5.981784888211461038e-01 4.827951281405238465e-02 6.005808264328500734e-02
6.600000000000000311e-01 1.024402167632133542e+00 6.239058640646765186e-01 5.076554130198415032e-02 6.342433485817522421e-02
6.650000000000000355e-01 1.024883589981409493e+00 6.504239724279898827e-01 5.336351397109975053e-02 6.698108365833341238e-02
6.700000000000000400e-01 1.025369234419667430e+00 6.777331710884254568e-01 5.607768028053735504e-02 7.073922179618792605e-02
6.750000000000000444e-01 1.025859087227968924e+00 7.058317203258969164e-01 5.891240441412871898e-02 7.471015702661402968e-02
6.800000000000000488e-01 1.026353134768820174e+00 7.347157401597822490e-01 6.187214264794938662e-02 7.890578273647659568e-02
6.850000000000000533e-01 1.026851363484993174e+00 7.643791989938459874e-01 6.496147912289067239e-02 8.333853255153886308e-02
6.900000000000000577e-01 1.027353759898360641e+00 7.948137256317060473e-01 6.818506910364444118e-02 8.802129251013277034e-02
6.950000000000000622e-01 1.027860310608740946e+00 8.260088158059395447e-01 7.154770256703017750e-02 9.296749301227252849e-02
7.000000000000000666e-01 1.028371002292754355e+00 8.579514037266826598e-01 7.505424052816414560e-02 9.819100647548935357e-02
7.049999999999999600e-01 1.028885821702690384e+00 8.906263028228790235e-01 7.870965931527597326e-02 1.037061994775238527e-01
7.099999999999999645e-01 1.029404755665387139e+00 9.240157170238614270e-01 8.251902331772796584e-02 1.095278818480720923e-01
7.149999999999999689e-01 1.029927791081118427e+00 9.580997679520990573e-01 8.648744745173397863e-02 1.156712322499758722e-01
7.199999999999999734e-01 1.030454914922495746e+00 9.928563586950178710e-01 9.062021158415539679e-02 1.221519431289350699e-01
7.249999999999999778e-01 1.030986114233377604e+00 1.028261041605272874e+00 9.492259687647144895e-02 1.289859616557414157e-01
7.299999999999999822e-01 1.031521376127789047e+00 1.064287497850497921e+00 9.939998319850773534e-02 1.361895991276304008e-01
7.349999999999999867e-01 1.032060687788854958e+00 1.100907454816569597e+00 1.040578657513948485e-01 1.437795257693504081e-01
7.399999999999999911e-01 1.032604036467738684e+00 1.138090858691533924e+00 1.089017566824579258e-01 1.517725961923397093e-01
7.449999999999999956e-01 1.033151409482594651e+00 1.175806224275479872e+00 1.139372821547999515e-01 1.601859506514567155e-01
7.500000000000000000e-01 1.033702794217528753e+00 1.214020597106677979e+00 1.191700754994772793e-01 1.690368225839242733e-01
7.550000000000000044e-01 1.034258178121568061e+00 1.252699994880636547e+00 1.246059016470511260e-01 1.783426803503291302e-01
7.600000000000000089e-01 1.034817548707643198e+00 1.291809556552033778e+00 1.302505306650018624e-01 1.881209969433755014e-01
7.650000000000000133e-01 1.035380893551575587e+00 1.331313792949673891e+00 1.361098189682958814e-01 1.983893332295793288e-01
7.700000000000000178e-01 1.035948200291078702e+00 1.371177118856009125e+00 1.421896521006655867e-01 2.091651967059720008e-01
7.750000000000000222e-01 1.036519456624765523e+00 1.411363754373676782e+00 1.484960447299115138e-01 2.204661645449990104e-01
7.800000000000000266e-01 1.037094650311166655e+00 1.451838212000163164e+00 1.550349908228971230e-01 2.323096048425758176e-01
7.850000000000000311e-01 1.037673769167756666e+00 1.492565693704698271e+00 1.618125580438702082e-01 2.447127801317350582e-01
7.900000000000000355e-01 1.038256801069989743e+00 1.533512369550207755e+00 1.688349118972965190e-01 2.576928442470164393e-01
7.950000000000000400e-01 1.038843733950345127e+00 1.574645399433375115e+00 1.761082415441739268e-01 2.712666945724597212e-01
8.000000000000000444e-01 1.039434555797379867e+00 1.615933656128631490e+00 1.836388241416619105e-01 2.854510330400356066e-01
8.050000000000000488e-01 1.040029254654790458e+00 1.657347557481978262e+00 1.914329918215510185e-01 3.002622850831014878e-01
8.100000000000000533e-01 1.040627818620484257e+00 1.698859864520574581e+00 1.994971508347892497e-01 3.157165939330932591e-01
8.150000000000000577e-01 1.041230235845658436e+00 1.740445505242940172e+00 2.078378051352710032e-01 3.318298484718021357e-01
8.200000000000000622e-01 1.041836494533886492e+00 1.782081645472643805e+00 2.164614696277173123e-01 3.486175117965121806e-01
8.250000000000000666e-01 1.042446582940215416e+00 1.823748496364113292e+00 2.253748381229123687e-01 3.660948756263061044e-01
8.300000000000000711e-01 1.043060489370268407e+00 1.865428810192730769e+00 2.345846006366862913e-01 3.842767617234795763e-01
8.349999999999999645e-01 1.043678202179357140e+00 1.907108706290299605e+00 2.440976433485875785e-01 4.031778272798317575e-01
8.399999999999999689e-01 1.044299709771603135e+00 1.948776981766445315e+00 2.539208530981508782e-01 4.228122547977912205e-01
8.449999999999999734e-01 1.044925000599063569e+00 1.990425860618447729e+00 2.640612624898024396e-01 4.431939604531682231e-01
8.499999999999999778e-01 1.045554063160868408e+00 2.032051020245325468e+00 2.745260017193159041e-01 4.643365635313638773e-01
8.549999999999999822e-01 1.046186886002363758e+00 2.073650769532658700e+00 2.853223610774174857e-01 4.862534623829176117e-01
8.599999999999999867e-01 1.046823457714263217e+00 2.115227390692215881e+00 2.964576643918087062e-01 5.089576358510052856e-01
8.649999999999999911e-01 1.047463766931806317e+00 2.156786002719511597e+00 3.079394210633517037e-01 5.324619407750892375e-01
8.699999999999999956e-01 1.048107802333925420e+00 2.198334837637415440e+00 3.197752444977866593e-01 5.567789534852427558e-01
8.750000000000000000e-01 1.048755552642418598e+00 2.239885246861348822e+00 3.319728332119188940e-01 5.819209890162098109e-01
8.800000000000000044e-01 1.049407006621131844e+00 2.281451961549307406e+00 3.445400843453365614e-01 6.079002715749231012e-01
8.850000000000000089e-01 1.050062153075147497e+00 2.323051977441591198e+00 3.574850618544936909e-01 6.347289559588783492e-01
8.900000000000000133e-01 1.050720980849978670e+00 2.364705295397430795e+00 3.708156863811806203e-01 6.624185801654458583e-01
8.950000000000000178e-01 1.051383478830772988e+00 2.406434521507142321e+00 3.845404295968264385e-01 6.909813016764893012e-01
9.000000000000000222e-01 1.052049635941522787e+00 2.448264719421602287e+00 3.986675340372357046e-01 7.204285595215326188e-01
9.050000000000000266e-01 1.052719441144281065e+00 2.490223075485530568e+00 4.132055784816304755e-01 7.507720757173748094e-01
9.100000000000000311e-01 1.053392883438386107e+00 2.532338823337394018e+00 4.281630500974203946e-01 7.820231679103548661e-01
9.150000000000000355e-01 1.054069951859691656e+00 2.574643254902823752e+00 4.435488674913597995e-01 8.141936461836422056e-01
9.200000000000000400e-01 1.054750635479804632e+00 2.617168949718557514e+00 4.593718322091620010e-01 8.472949344705243968e-01
9.250000000000000444e-01 1.055434923405329073e+00 2.659950614933380475e+00 4.756409662318559772e-01 8.813385785077688661e-01
9.300000000000000488e-01 1.056122804777117841e+00 2.703023706019341610e+00 4.923652292887248372e-01 9.163358868001579838e-01
9.350000000000000533e-01 1.056814268769528553e+00 2.746425044228193446e+00 5.095538587848055245e-01 9.522985089162406824e-01
9.400000000000000577e-01 1.057509304589689725e+00 2.790192339857675563e+00 5.272162016866446255e-01 9.892380889925502796e-01
9.450000000000000622e-01 1.058207901476769797e+00 2.834364326496110031e+00 5.453615586108156998e-01 1.027166141755719631e+00
9.500000000000000666e-01 1.058910048701254603e+00 2.878980087124263676e+00 5.639993878871434330e-01 1.066094302356719981e+00
9.550000000000000711e-01 1.059615735564230832e+00 2.924079036276282739e+00 5.831392383913024391e-01 1.106034322723691954e+00
9.599999999999999645e-01 1.060324951396675930e+00 2.969701354283813988e+00 6.027905825847083010e-01 1.146997703743216634e+00
9.649999999999999689e-01 1.061037685558753330e+00 3.015886874836489095e+00 6.229633004150407771e-01 1.188996603666150120e+00
9.699999999999999734e-01 1.061753927439116119e+00 3.062675703328939569e+00 6.436669078557453183e-01 1.232042559307817253e+00
9.749999999999999778e-01 1.062473666454213594e+00 3.110107620742079249e+00 6.649111253018985535e-01 1.276147325419047851e+00
9.799999999999999822e-01 1.063196892047607145e+00 3.158222333024731210e+00 6.867058466842163034e-01 1.321323030112398600e+00
9.849999999999999867e-01 1.063923593689290348e+00 3.207059069125834938e+00 7.090607858162081278e-01 1.367581393204261753e+00
9.899999999999999911e-01 1.064653760875015509e+00 3.256656322373196577e+00 7.319857836997902822e-01 1.414934432723217617e+00
9.949999999999999956e-01 1.065387383125626419e+00 3.307052651803761290e+00 7.554905992720247765e-01 1.463393888777802632e+00
1.000000000000000000e+00 1.066124449986396217e+00 3.358285321024495840e+00 7.795851817256691518e-01 1.512971922361961097e+00
1.005000000000000115e+00 1.066864951026373021e+00 3.410393000385668394e+00 8.042812396608921555e-01 1.563683948970062465e+00
1.010000000000000009e+00 1.067608875837728233e+00 3.463409939341978383e+00 8.295868177431608981e-01 1.615538661087560390e+00
1.015000000000000124e+00 1.068356214035114826e+00 3.517370892871901855e+00 8.555118001893717850e-01 1.668548099185635625e+00
1.020000000000000018e+00 1.069106955255026969e+00 3.572310005867737726e+00 8.820658275983824792e-01 1.722723844331527809e+00
1.024999999999999911e+00 1.069861089155168976e+00 3.628260111881580485e+00 9.092588077487535614e-01 1.778078091250282711e+00
1.030000000000000027e+00 1.070618605413826918e+00 3.685253155169632144e+00 9.371004456850532405e-01 1.834622503137515848e+00
1.034999999999999920e+00 1.071379493729249344e+00 3.743319915461821967e+00 9.656003898950793474e-01 1.892368846699171714e+00
1.040000000000000036e+00 1.072143743819029771e+00 3.802489995773076448e+00 9.947683934131391625e-01 1.951328949593296613e+00
1.044999999999999929e+00 1.072911345419497398e+00 3.862791948728924840e+00 1.024614130647794497e+00 2.011514636765983965e+00
1.050000000000000044e+00 1.073682288285112474e+00 3.924252747411942632e+00 1.055147112962355749e+00 2.072937354095147455e+00
1.054999999999999938e+00 1.074456562187866782e+00 3.986898558420366889e+00 1.086376983456599055e+00 2.135608809315882706e+00
1.060000000000000053e+00 1.075234156916690775e+00 4.050754522166614358e+00 1.118313388685269860e+00 2.199540784719617115e+00
1.064999999999999947e+00 1.076015062276864054e+00 4.115843730172699999e+00 1.150965771744338006e+00 2.264744731607566397e+00
1.070000000000000062e+00 1.076799268089433603e+00 4.182189032274913565e+00 1.184343703804614290e+00 2.331232209339817452e+00
1.074999999999999956e+00 1.077586764190635593e+00 4.249811369721265386e+00 1.218456695581236593e+00 2.399014839624084239e+00
1.080000000000000071e+00 1.078377540431322945e+00 4.318730872546495902e+00 1.253314215290368905e+00 2.468104092575083452e+00
1.084999999999999964e+00 1.079171586676399119e+00 4.388966424510655884e+00 1.288925680281347574e+00 2.538511384783699310e+00
1.090000000000000080e+00 1.079968892804255898e+00 4.460535528517002746e+00 1.325300798500846478e+00 2.610248561162782810e+00
1.094999999999999973e+00 1.080769448706216718e+00 4.533455136563909527e+00 1.362448899683537995e+00 2.683326954601517045e+00
1.100000000000000089e+00 1.081573244285985780e+00 4.607740353649611542e+00 1.400379566367891959e+00 2.757758240167139441e+00
1.104999999999999982e+00 1.082380269459101152e+00 4.683406133116332803e+00 1.439102527500149886e+00 2.833554374475530047e+00
1.110000000000000098e+00 1.083190514152395201e+00 4.760465439929524756e+00 1.478627237065351263e+00 2.910726844861806661e+00
1.114999999999999991e+00 1.084003968303457022e+00 4.838931463490538931e+00 1.518963588583028601e+00 2.989287873763846637e+00
1.120000000000000107e+00 1.084820621860102863e+00 4.918815392177258161e+00 1.560121357800895892e+00 3.069249607773410826e+00
1.125000000000000000e+00 1.085640464779849657e+00 5.000128348436255976e+00 1.602110262887977088e+00 3.150623755173528551e+00
1.130000000000000115e+00 1.086463487029394992e+00 5.082880354427294023e+00 1.644939993136220080e+00 3.233422323467257886e+00
1.135000000000000009e+00 1.087289678584100638e+00 5.167080203573081398e+00 1.688621047917088003e+00 3.317658650247460539e+00
1.140000000000000124e+00 1.088119029427482509e+00 5.252737172544454047e+00 1.733163610364389484e+00 3.403345184811480184e+00
1.145000000000000018e+00 1.088951529550704622e+00 5.339859193105402468e+00 1.778577861813724015e+00 3.490494808861892118e+00
1.150000000000000133e+00 1.089787168952079055e+00 5.428453426191368614e+00 1.824874199941819430e+00 3.579120561633759134e+00
1.155000000000000027e+00 1.090625937636568565e+00 5.518526738646691854e+00 1.872063309939635101e+00 3.669235850367448037e+00
1.159999999999999920e+00 1.091467825615297427e+00 5.610086283889076597e+00 1.920155983364087104e+00 3.760854333781978642e+00
1.165000000000000036e+00 1.092312822905064262e+00 5.703137845636396364e+00 1.969163578399160563e+00 3.853990904163556941e+00
1.169999999999999929e+00 1.093160919527861763e+00 5.797687598578245449e+00 2.019096853527738045e+00 3.948658888515150345e+00
1.175000000000000044e+00 1.094012105510399513e+00 5.893740897231692699e+00 2.069966880827712075e+00 4.044872380410857282e+00
1.179999999999999938e+00 1.094866370883633921e+00 5.991303082729706908e+00 2.121786164009686004e+00 4.142648205286779017e+00
1.185000000000000053e+00 1.095723705682299487e+00 6.090380026881859088e+00 2.174565946732171628e+00 4.242000476655581664e+00
1.189999999999999947e+00 1.096584099944449830e+00 6.190976897572486592e+00 2.228318164870300322e+00 4.342944595740134694e+00
1.195000000000000062e+00 1.097447543710998508e+00 6.293098724552425693e+00 2.283055576136764575e+00 4.445497672999915828e+00
1.199999999999999956e+00 1.098314027025267592e+00 6.396751080368999531e+00 2.338790022634475108e+00 4.549674913010478328e+00
1.205000000000000071e+00 1.099183539932540254e+00 6.501938692685301113e+00 2.395535133055514354e+00 4.655494830501682557e+00
1.209999999999999964e+00 1.100056072479618674e+00 6.608667961889011622e+00 2.453303034230001511e+00 4.762972717793839017e+00
1.215000000000000080e+00 1.100931614714385054e+00 6.716943872345877864e+00 2.512107712502577250e+00 4.872127902681224754e+00
1.219999999999999973e+00 1.101810156685369746e+00 6.826772286028312209e+00 2.571961889597937478e+00 4.982976847149298116e+00
1.225000000000000089e+00 1.102691688441321372e+00 6.938159466393532426e+00 2.632880307821088284e+00 5.095539706979124617e+00
1.229999999999999982e+00 1.103576200030784493e+00 7.051111714428004440e+00 2.694875718937568720e+00 5.209833122355844282e+00
1.235000000000000098e+00 1.104463681501680172e+00 7.165635865691045048e+00 2.757963285433778111e+00 5.325877767512691818e+00
1.239999999999999991e+00 1.105354122900890967e+00 7.281738186244805178e+00 2.822157252561628749e+00 5.443693043793809139e+00
1.245000000000000107e+00 1.106247514273852595e+00 7.399426674148482874e+00 2.887471779852005316e+00 5.563297550496554500e+00
1.250000000000000000e+00 1.107143845664148030e+00 7.518708515569491269e+00 2.953922389391096193e+00 5.684712899057932312e+00
1.255000000000000115e+00 1.108043107113107384e+00 7.639591304076185807e+00 3.021524038004192114e+00 5.807959235352798011e+00
1.260000000000000009e+00 1.108945288659413109e+00 7.762084248455967561e+00 3.090291705390423971e+00 5.933056736713134605e+00
1.265000000000000124e+00 1.109850380338708309e+00 7.886194834523779562e+00 3.160240812237626429e+00 6.060026537213397013e+00
1.270000000000000018e+00 1.110758372183210829e+00 8.011933567285938196e+00 3.231387317717818952e+00 6.188890130987478422e+00
1.275000000000000133e+00 1.111669254221331116e+00 8.139307845477842918e+00 3.303746724479505126e+00 6.319669002431253624e+00
1.280000000000000027e+00 1.112583016477296738e+00 8.268328894041834687e+00 3.377335640947785045e+00 6.452385840640529224e+00
1.284999999999999920e+00 1.113499648970778022e+00 8.399005773865120261e+00 3.452168959847071950e+00 6.587060632315663078e+00
1.290000000000000036e+00 1.114419141716522343e+00 8.531349398491400393e+00 3.528264193069313048e+00 6.723717698517087449e+00
1.294999999999999929e+00 1.115341484723989307e+00 8.665370178009677460e+00 3.605636434579434280e+00 6.862376959838194956e+00
1.300000000000000044e+00 1.116266667996994588e+00 8.801078497122366784e+00 3.684302882766829157e+00 7.003062691722100830e+00
1.304999999999999938e+00 1.117194681533353773e+00 8.938486710895857001e+00 3.764279365988295378e+00 7.145795598327033815e+00
1.310000000000000053e+00 1.118125515324534858e+00 9.077605006892403239e+00 3.845583131113378350e+00 7.290600096313494483e+00
1.314999999999999947e+00 1.119059159355313193e+00 9.218444958804090206e+00 3.928229546867981092e+00 7.437496225062015576e+00
1.320000000000000062e+00 1.119995603603431533e+00 9.361019007243875478e+00 4.012236130127254441e+00 7.586508084925275952e+00
1.324999999999999956e+00 1.120934838039265857e+00 9.505339102599720036e+00 4.097618487769066675e+00 7.737656538087246183e+00
1.330000000000000071e+00 1.121876852625492305e+00 9.651416428571959472e+00 4.184393538183774908e+00 7.890964752456143927e+00
1.334999999999999964e+00 1.122821637316764765e+00 9.799264158047893858e+00 4.272577421316685609e+00 8.046454064272920093e+00
1.340000000000000080e+00 1.123769182059389804e+00 9.948893585288475450e+00 4.362186731586582766e+00 8.204147006548614840e+00
1.344999999999999973e+00 1.124719476791012696e+00 1.010031666860457022e+01 4.453237338703439185e+00 8.364064516779720293e+00
1.350000000000000089e+00 1.125672511440304557e+00 1.025354696414284739e+01 4.545744760515278315e+00 8.526227086563990198e+00
1.354999999999999982e+00 1.126628275926654377e+00 1.040859479086597617e+01 4.639725532663800500e+00 8.690656564182290822e+00
1.360000000000000098e+00 1.127586760159866808e+00 1.056547256349356978e+01 4.735195355133456907e+00 8.857373918749649633e+00
1.364999999999999991e+00 1.128547954039863965e+00 1.072419274123966915e+01 4.832169162141799035e+00 9.026398083551795182e+00
1.370000000000000107e+00 1.129511847456391438e+00 1.088476639786917488e+01 4.930662234323289539e+00 9.197749012832801441e+00
1.375000000000000000e+00 1.130478430288730518e+00 1.104720508408652790e+01 5.030689578773340997e+00 9.371445713167281255e+00
1.380000000000000115e+00 1.131447692405412875e+00 1.121151976657159466e+01 5.132266285993003940e+00 9.547507658691804622e+00
1.385000000000000009e+00 1.132419623663941444e+00 1.137772197470773250e+01 5.235406322048651973e+00 9.725952321761583974e+00
1.390000000000000124e+00 1.133394213910515980e+00 1.154582088700933618e+01 5.340123610311610314e+00 9.906796927765448402e+00
1.395000000000000018e+00 1.134371452979762385e+00 1.171582855974866000e+01 5.446432256633685576e+00 1.009005846477660562e+01
1.400000000000000133e+00 1.135351330694467364e+00 1.188775327463058495e+01 5.554344784944300173e+00 1.027575206389754925e+01
1.405000000000000027e+00 1.136333836865317526e+00 1.206160566840453896e+01 5.663875257490692761e+00 1.046389478442914189e+01
1.409999999999999920e+00 1.137318961290643582e+00 1.223739342335493241e+01 5.775035026335276989e+00 1.065449916965133426e+01
1.415000000000000036e+00 1.138306693756168331e+00 1.241512519171404350e+01 5.887836789142935068e+00 1.084758019717131461e+01
1.419999999999999929e+00 1.139297024034760630e+00 1.259480947167907416e+01 6.002291635403497416e+00 1.104314933354225658e+01
1.425000000000000044e+00 1.140289941886192482e+00 1.277645260590632681e+01 6.118411267846630253e+00 1.124122022939585719e+01
1.429999999999999938e+00 1.141285437056903218e+00 1.296006225410325996e+01 6.236205402449527924e+00 1.144180149797554868e+01
1.435000000000000053e+00 1.142283499279765024e+00 1.314564365204119945e+01 6.355683693850481042e+00 1.164490241558226735e+01
1.439999999999999947e+00 1.143284118273856675e+00 1.333320301854388390e+01 6.476856740007756130e+00 1.185053459251726160e+01
1.445000000000000062e+00 1.144287283744239936e+00 1.352274370397487502e+01 6.599732418511171872e+00 1.205870339826178039e+01
1.449999999999999956e+00 1.145292985381740625e+00 1.371427153626631679e+01 6.724319781617785985e+00 1.226941670490646530e+01
1.455000000000000071e+00 1.146301212862736563e+00 1.390778875440821416e+01 6.850625857986685219e+00 1.248267922015873488e+01
1.459999999999999964e+00 1.147311955848947074e+00 1.410329766719671873e+01 6.978656231045584413e+00 1.269849276705386210e+01
1.465000000000000080e+00 1.148325203987230259e+00 1.430080097797852012e+01 7.108419854783014635e+00 1.291686467290145224e+01
1.469999999999999973e+00 1.149340946909383598e+00 1.450029876160455267e+01 7.239920289882863180e+00 1.313779337258826274e+01
1.475000000000000089e+00 1.150359174231948334e+00 1.470179155155126338e+01 7.373162137563929797e+00 1.336127859808891749e+01
1.479999999999999982e+00 1.151379875556021837e+00 1.490527835113210386e+01 7.508150384414009615e+00 1.358732080486976734e+01
1.485000000000000098e+00 1.152403040467071982e+00 1.511075794805230821e+01 7.644888567794021483e+00 1.381591758544705328e+01
1.489999999999999991e+00 1.153428658534756623e+00 1.531822692020009136e+01 7.783378327820344111e+00 1.404706424529956443e+01
1.495000000000000107e+00 1.154456719312749513e+00 1.552768270085831936e+01 7.923622118904817491e+00 1.428075625812127036e+01
1.500000000000000000e+00 1.155487212338569769e+00 1.573912151095490586e+01 8.065619435637582768e+00 1.451698356555966996e+01
1.505000000000000115e+00 1.156520127133416675e+00 1.595253731343109749e+01 8.209372440089200751e+00 1.475574247223421764e+01
1.510000000000000009e+00 1.157555453202008700e+00 1.616792438215080452e+01 8.354880427673439414e+00 1.499702286209267044e+01
1.515000000000000124e+00 1.158593180032429393e+00 1.638527530445206892e+01 8.502139268006978057e+00 1.524080803497142256e+01
1.520000000000000018e+00 1.159633297095975069e+00 1.660458323641016420e+01 8.651149805973933127e+00 1.548709201421022641e+01
1.525000000000000133e+00 1.160675793847010029e+00 1.682583832777874733e+01 8.801907232208611376e+00 1.573585626264504533e+01
1.530000000000000027e+00 1.161720659722826676e+00 1.704903105562910071e+01 8.954406915103536591e+00 1.598708453735314272e+01
1.535000000000000142e+00 1.162767884143507846e+00 1.727415126682311808e+01 9.108645679085906721e+00 1.624076267172193155e+01
1.540000000000000036e+00 1.163817456511797577e+00 1.750118479635559154e+01 9.264615896837847586e+00 1.649686823330512198e+01
1.544999999999999929e+00 1.164869366212974766e+00 1.773012203079289861e+01 9.422311099171805537e+00 1.675538002661469150e+01
1.550000000000000044e+00 1.165923602614732379e+00 1.796094750343274526e+01 9.581724621626900529e+00 1.701627837638915963e+01
1.554999999999999938e+00 1.166980155067061542e+00 1.819364750114019813e+01 9.742848725889647454e+00 1.727954062834517046e+01
1.560000000000000053e+00 1.168039012902141183e+00 1.842820460024184825e+01 9.905670931055531980e+00 1.754513602899372415e+01
1.564999999999999947e+00 1.169100165434231231e+00 1.866460542435263648e+01 1.007018357031268252e+01 1.781304111567931869e+01
1.570000000000000062e+00 1.170163601959574473e+00 1.890282983758435620e+01 1.023637563562880537e+01 1.808322820600499270e+01
1.574999999999999956e+00 1.171229311756297298e+00 1.914285979377384450e+01 1.040423249455645660e+01 1.835566283225553263e+01
1.580000000000000071e+00 1.172297284084322211e+00 1.938467821230094401e+01 1.057374434981960931e+01 1.863031788104398956e+01
1.584999999999999964e+00 1.173367508185281460e+00 1.962826238447792804e+01 1.074489566735150170e+01 1.890715750044386212e+01
1.590000000000000080e+00 1.174439973282435989e+00 1.987359248522822952e+01 1.091767161484374604e+01 1.918614655608197239e+01
1.594999999999999973e+00 1.175514668580601496e+00 2.012064585274045925e+01 1.109205655466092821e+01 1.946724877952491894e+01
1.600000000000000089e+00 1.176591583266077601e+00 2.036940098996258897e+01 1.126803596986643718e+01 1.975042938829067296e+01
1.604999999999999982e+00 1.177670706506583453e+00 2.061983276129901199e+01 1.144559003780250173e+01 2.003564398064207452e+01
1.610000000000000098e+00 1.178752027451198003e+00 2.087191693838429885e+01 1.162470305242361057e+01 2.032285726042711715e+01
1.614999999999999991e+00 1.179835535230304933e+00 2.112562835477790912e+01 1.180535351991671256e+01 2.061202138422283170e+01
1.620000000000000107e+00 1.180921218955544472e+00 2.138094253009255397e+01 1.198752509167148617e+01 2.090309883571884342e+01
1.625000000000000000e+00 1.182009067719768769e+00 2.163783012479824208e+01 1.217119578609944952e+01 2.119604309443120016e+01
1.630000000000000115e+00 1.183099070597002811e+00 2.189626388973282900e+01 1.235634327571489521e+01 2.149080542044098863e+01
1.635000000000000009e+00 1.184191216642411337e+00 2.215621749392680329e+01 1.254294774640695209e+01 2.178734201544230942e+01
1.640000000000000124e+00 1.185285494892271307e+00 2.241765920590320249e+01 1.273098475968894583e+01 2.208560209205565883e+01
1.645000000000000018e+00 1.186381894363947032e+00 2.268056154925371004e+01 1.292043188633909701e+01 2.238553675764829265e+01
1.650000000000000133e+00 1.187480404055874628e+00 2.294489297336037836e+01 1.311126559988503892e+01 2.268709627849243304e+01
1.655000000000000027e+00 1.188581012947548476e+00 2.321062299146332819e+01 1.330346196052612306e+01 2.299023082379094163e+01
1.660000000000000142e+00 1.189683709999514560e+00 2.347772075340069264e+01 1.349699432942801813e+01 2.329488434648051509e+01
1.665000000000000036e+00 1.190788484153369131e+00 2.374615259717142735e+01 1.369183662265118961e+01 2.360100353080762403e+01
1.669999999999999929e+00 1.191895324331762041e+00 2.401588628179125351e+01 1.388796384175661025e+01 2.390853577222330628e+01
1.675000000000000044e+00 1.193004219438406732e+00 2.428688981936902991e+01 1.408534874032279305e+01 2.421742483651897260e+01
1.679999999999999938e+00 1.194115158358093565e+00 2.455912951716087633e+01 1.428396386617372649e+01 2.452761472786234265e+01
1.685000000000000053e+00 1.195228129956711127e+00 2.483257106797573854e+01 1.448378163629267057e+01 2.483904884033356808e+01
1.689999999999999947e+00 1.196343123081270665e+00 2.510717785252248291e+01 1.468477401486324929e+01 2.515167124356840844e+01
1.695000000000000062e+00 1.197460126559938276e+00 2.538291947571207885e+01 1.488691223450665646e+01 2.546542204173962887e+01
1.699999999999999956e+00 1.198579129202069993e+00 2.565975965143691795e+01 1.509016752414467177e+01 2.578024328507450491e+01
1.705000000000000071e+00 1.199700119798254416e+00 2.593766180386123210e+01 1.529451039302902871e+01 2.609607648927074308e+01
1.709999999999999964e+00 1.200823087120360011e+00 2.621659094182960104e+01 1.549990970925994915e+01 2.641285875818770634e+01
1.715000000000000080e+00 1.201948019921588173e+00 2.649651150254204524e+01 1.570633872886555871e+01 2.673053665560794201e+01
1.719999999999999973e+00 1.203074906936531852e+00 2.677738900265307009e+01 1.591376773444025439e+01 2.704905019363678775e+01
1.725000000000000089e+00 1.204203736881238829e+00 2.705918548455864681e+01 1.612216211960314283e+01 2.736833082704849573e+01
1.729999999999999982e+00 1.205334498453282777e+00 2.734186450866751628e+01 1.633149510704512863e+01 2.768832585526126167e+01
1.735000000000000098e+00 1.206467180331836975e+00 2.762539267352628158e+01 1.654173621064836297e+01 2.800897420612720623e+01
1.739999999999999991e+00 1.207601771177756689e+00 2.790973481697955094e+01 1.675285534455856151e+01 2.833021477397321775e+01
1.745000000000000107e+00 1.208738259633664436e+00 2.819484953783749148e+01 1.696481905699621251e+01 2.865198473798444212e+01
1.750000000000000000e+00 1.209876634324042799e+00 2.848070644808614560e+01 1.717759989405514176e+01 2.897422705870259207e+01
1.755000000000000115e+00 1.211016883855332349e+00 2.876726744852079065e+01 1.739116550361582014e+01 2.929687916607396403e+01
1.760000000000000009e+00 1.212158996816034451e+00 2.905449700563136162e+01 1.760548549273982033e+01 2.961988045346406295e+01
1.765000000000000124e+00 1.213302961776821398e+00 2.934235747717806930e+01 1.782053036956206427e+01 2.994317452935459656e+01
1.770000000000000018e+00 1.214448767290650766e+00 2.963081756604431760e+01 1.803626947997384633e+01 3.026669958752609801e+01
1.775000000000000133e+00 1.215596401892885980e+00 2.991983995047718281e+01 1.825267290094299710e+01 3.059039695700031203e+01
1.780000000000000027e+00 1.216745854101423552e+00 3.020939047128207022e+01 1.846971159808862595e+01 3.091421040165762335e+01
1.785000000000000142e+00 1.217897112416823635e+00 3.049943699987063894e+01 1.868735559685813641e+01 3.123807871610650366e+01
1.790000000000000036e+00 1.219050165322449919e+00 3.078994081124269044e+01 1.890557594399878028e+01 3.156194817672540509e+01
1.794999999999999929e+00 1.220205001284612623e+00 3.108087074628534907e+01 1.912434066506020258e+01 3.188575500117391570e+01
1.800000000000000044e+00 1.221361608752716377e+00 3.137219434660085327e+01 1.934362391878150689e+01 3.220944715319157581e+01
1.804999999999999938e+00 1.222519976159418986e+00 3.166387677921667887e+01 1.956339706261596234e+01 3.253296990683600853e+01
1.810000000000000053e+00 1.223680091920789526e+00 3.195588987649542645e+01 1.978363234852505315e+01 3.285626579791614432e+01
1.814999999999999947e+00 1.224841944436477315e+00 3.224819682337790283e+01 2.000430006425466800e+01 3.317928048223926396e+01
1.820000000000000062e+00 1.226005522089884225e+00 3.254076730399999917e+01 2.022537420785078410e+01 3.350196056402158007e+01
1.824999999999999956e+00 1.227170813248343206e+00 3.283357330169561550e+01 2.044682945063324908e+01 3.382425497716102569e+01
1.830000000000000071e+00 1.228337806263303689e+00 3.312658344677799249e+01 2.066863845012747092e+01 3.414610970335222362e+01
1.834999999999999964e+00 1.229506489470522324e+00 3.341976772560572329e+01 2.089077341879330874e+01 3.446747169010161826e+01
1.840000000000000080e+00 1.230676851190258825e+00 3.371309670631115551e+01 2.111321158534437714e+01 3.478829345946500951e+01
1.844999999999999973e+00 1.231848879727479362e+00 3.400654270680765023e+01 2.133592862357716768e+01 3.510852742640666690e+01
1.850000000000000089e+00 1.233022563372064173e+00 3.430007766010135839e+01 2.155889745728725870e+01 3.542811905523726068e+01
1.854999999999999982e+00 1.234197890399023168e+00 3.459367344210479445e+01 2.178209416968423895e+01 3.574702162380616244e+01
1.860000000000000098e+00 1.235374849068715752e+00 3.488730712320271721e+01 2.200549902879785691e+01 3.606519354140474576e+01
1.864999999999999991e+00 1.236553427627077095e+00 3.518095012483911432e+01 2.222908787703330802e+01 3.638258606517717197e+01
1.870000000000000107e+00 1.237733614305851271e+00 3.547457755480051134e+01 2.245283695229866439e+01 3.669915313717554994e+01
1.875000000000000000e+00 1.238915397322829737e+00 3.576816438178725832e+01 2.267672426739038016e+01 3.701484839435604357e+01
1.880000000000000115e+00 1.240098764882095139e+00 3.606164098514796734e+01 2.290070205252948909e+01 3.732957674853037133e+01
1.885000000000000009e+00 1.241283705174272667e+00 3.635507606963473393e+01 2.312480633205479919e+01 3.764340652878274796e+01
1.890000000000000124e+00 1.242470206376787178e+00 3.664840321063295647e+01 2.334898986445525892e+01 3.795624225103001237e+01
1.895000000000000018e+00 1.243658256654124994e+00 3.694159923695676184e+01 2.357323125551139853e+01 3.826804137553531149e+01
1.900000000000000133e+00 1.244847844158103012e+00 3.723464514015934412e+01 2.379751434958637546e+01 3.857876786019580351e+01
1.905000000000000027e+00 1.246038957028144711e+00 3.752752128443697899e+01 2.402182084014451036e+01 3.888838264165714520e+01
1.910000000000000142e+00 1.247231583391559262e+00 3.782020782034499007e+01 2.424613450003936421e+01 3.919685343405537736e+01
1.915000000000000036e+00 1.248425711363831514e+00 3.811268399661884843e+01 2.447043337390979900e+01 3.950413239821639166e+01
1.919999999999999929e+00 1.249621329048912655e+00 3.840493285902277876e+01 2.469470607308344157e+01 3.981019505946891712e+01
1.925000000000000044e+00 1.250818424539521745e+00 3.869693879788987800e+01 2.491893540128703322e+01 4.011500264777223634e+01
1.929999999999999938e+00 1.252016985917450365e+00 3.898868449452438512e+01 2.514310781390607019e+01 4.041852645499647423e+01
1.935000000000000053e+00 1.253217001253874363e+00 3.928015291488649297e+01 2.536720670284657686e+01 4.072072891093345248e+01
1.939999999999999947e+00 1.254418458609672937e+00 3.957133072007540875e+01 2.559121876404643814e+01 4.102158057359033450e+01
1.945000000000000062e+00 1.255621346035752151e+00 3.986220160016242886e+01 2.581513039058868486e+01 4.132105124753890379e+01
1.949999999999999956e+00 1.256825651573374891e+00 4.015275401999141991e+01 2.603893098020469310e+01 4.161911465490845075e+01
1.955000000000000071e+00 1.258031363254499713e+00 4.044297190192173730e+01 2.626260457313053109e+01 4.191573559207656530e+01
1.959999999999999964e+00 1.259238469102119673e+00 4.073284565539105984e+01 2.648614396638114599e+01 4.221089478124408600e+01
1.965000000000000080e+00 1.260446957130616275e+00 4.102236315480211459e+01 2.670953411929207277e+01 4.250455769461913746e+01
1.969999999999999973e+00 1.261656815346111182e+00 4.131151009246289618e+01 2.693276624788448714e+01 4.279670423479288388e+01
1.975000000000000089e+00 1.262868031746829489e+00 4.160028014094758930e+01 2.715583091402904614e+01 4.308730833356786150e+01
1.979999999999999982e+00 1.264080594323466533e+00 4.188866095343524165e+01 2.737871567534655526e+01 4.337634139057158933e+01
1.985000000000000098e+00 1.265294491059563597e+00 4.217664189492114701e+01 2.760141388993588052e+01 4.366378534304558912e+01
1.989999999999999991e+00 1.266509709931886274e+00 4.246421699437215125e+01 2.782391590767151612e+01 4.394961452190957374e+01
1.995000000000000107e+00 1.267726238910813485e+00 4.275137697831490868e+01 2.804621307296519461e+01 4.423380694425875959e+01
2.000000000000000000e+00 1.268944065960727619e+00 4.303811350239455891e+01 2.826829866603717889e+01 4.451634338552513270e+01
2.004999999999999893e+00 1.270163179040415979e+00 4.332442140181665735e+01 2.849016662187685611e+01 4.479720573402611450e+01
2.010000000000000231e+00 1.271383566103475360e+00 4.361029161706871093e+01 2.871180827685645198e+01 4.507637357207154594e+01
2.015000000000000124e+00 1.272605215098723486e+00 4.389571997067708509e+01 2.893321695138288874e+01 4.535382325174339968e+01
2.020000000000000018e+00 1.273828113970618237e+00 4.418069832740039971e+01 2.915438548775024330e+01 4.562953948408363658e+01
2.024999999999999911e+00 1.275052250659680864e+00 4.446522441429426920e+01 2.937531009841991647e+01 4.590350393106976412e+01
2.030000000000000249e+00 1.276277613102927866e+00 4.474929058091950651e+01 2.959598540257411514e+01 4.617570409931750675e+01
2.035000000000000142e+00 1.277504189234306420e+00 4.503289558185892361e+01 2.981640536692268029e+01 4.644611872072641745e+01
2.040000000000000036e+00 1.278731966985139357e+00 4.531603630981356901e+01 3.003656956212451945e+01 4.671474017091897224e+01
2.044999999999999929e+00 1.279960934284574359e+00 4.559870547523705397e+01 3.025646653097710725e+01 4.698154100541505329e+01
2.049999999999999822e+00 1.281191079060038929e+00 4.588090576786562025e+01 3.047610015547662954e+01 4.724651972832791813e+01
2.055000000000000160e+00 1.282422389237703575e+00 4.616262897867792248e+01 3.069545969629503901e+01 4.750965255003819721e+01
2.060000000000000053e+00 1.283654852742951435e+00 4.644387622232038382e+01 3.091454686177709021e+01 4.777093413667684985e+01
2.064999999999999947e+00 1.284888457500850345e+00 4.672464393214080758e+01 3.113335654522521168e+01 4.803034716783665914e+01
2.069999999999999840e+00 1.286123191436637780e+00 4.700493486818709954e+01 3.135188852494888678e+01 4.828788379918230333e+01
2.075000000000000178e+00 1.287359042476205584e+00 4.728474491229057008e+01 3.157013798892426237e+01 4.854352915906983412e+01
2.080000000000000071e+00 1.288595998546594679e+00 4.756407225499685154e+01 3.178810331699276404e+01 4.879727428737273698e+01
2.084999999999999964e+00 1.289834047576496001e+00 4.784292012954674789e+01 3.200578305070433771e+01 4.904910602694964439e+01
2.089999999999999858e+00 1.291073177496757207e+00 4.812128667351768740e+01 3.222317638699713171e+01 4.929901753707729029e+01
2.095000000000000195e+00 1.292313376240894485e+00 4.839916668916274745e+01 3.244027852007871360e+01 4.954699283223177275e+01
2.100000000000000089e+00 1.293554631745612582e+00 4.867657069060715003e+01 3.265709266485382756e+01 4.979303353367373575e+01
2.104999999999999982e+00 1.294796931951329721e+00 4.895349806822168404e+01 3.287361979673443813e+01 5.003713043615234568e+01
2.109999999999999876e+00 1.296040264802710951e+00 4.922994580783046814e+01 3.308985266761667532e+01 5.027926454244803978e+01
2.115000000000000213e+00 1.297284618249205046e+00 4.950591983999007795e+01 3.330579709502457320e+01 5.051943975462270942e+01
2.120000000000000107e+00 1.298529980245588522e+00 4.978141863477771523e+01 3.352144995588644605e+01 5.075764397371006709e+01
2.125000000000000000e+00 1.299776338752518745e+00 5.005644487527866460e+01 3.373681076442944970e+01 5.099386911128783595e+01
2.129999999999999893e+00 1.301023681737088600e+00 5.033100248271376387e+01 3.395188221385904370e+01 5.122811341016376474e+01
2.135000000000000231e+00 1.302271997173391371e+00 5.060509532519255060e+01 3.416666414188477319e+01 5.146036594374141515e+01
2.140000000000000124e+00 1.303521273043090511e+00 5.087872208525815410e+01 3.438115472827436037e+01 5.169062251374392503e+01
2.145000000000000018e+00 1.304771497335994956e+00 5.115188844045893291e+01 3.459535883413370527e+01 5.191888211985473589e+01
2.149999999999999911e+00 1.306022658050641327e+00 5.142459680167400649e+01 3.480927205090521426e+01 5.214512977661845383e+01
2.155000000000000249e+00 1.307274743194883682e+00 5.169685211531025004e+01 3.502290111464299827e+01 5.236937219395463217e+01
2.160000000000000142e+00 1.308527740786487481e+00 5.196865853634537302e+01 3.523624653681559238e+01 5.259160341919441350e+01
2.165000000000000036e+00 1.309781638853730668e+00 5.224002188899756760e+01 3.544930988329416266e+01 5.281181557083792910e+01
2.169999999999999929e+00 1.311036425436011399e+00 5.251094149295826696e+01 3.566208991224862501e+01 5.303000611952074195e+01
2.175000000000000266e+00 1.312292088584462002e+00 5.278142377830848631e+01 3.587458953046782995e+01 5.324617065068341759e+01
2.180000000000000160e+00 1.313548616362568033e+00 5.305147234920805488e+01 3.608680952150273669e+01 5.346030564809888830e+01
2.185000000000000053e+00 1.314805996846795111e+00 5.332109331640284466e+01 3.629875509085430707e+01 5.367241102768296912e+01
2.189999999999999947e+00 1.316064218127219965e+00 5.359029583709446598e+01 3.651043031245549741e+01 5.388248857455126029e+01
2.194999999999999840e+00 1.317323268308171258e+00 5.385908018259660679e+01 3.672183473117581798e+01 5.409053235367387202e+01
2.200000000000000178e+00 1.318583135508872406e+00 5.412745211102409826e+01 3.693296868888312900e+01 5.429653505284952075e+01
2.205000000000000071e+00 1.319843807864092611e+00 5.439542166780883292e+01 3.714384221326496061e+01 5.450050791412978413e+01
2.209999999999999964e+00 1.321105273524805224e+00 5.466298934844952129e+01 3.735445170582134011e+01 5.470244008273833458e+01
2.214999999999999858e+00 1.322367520658849438e+00 5.493016495055063331e+01 3.756480363710250003e+01 5.490233346017600979e+01
2.220000000000000195e+00 1.323630537451601530e+00 5.519695011754625114e+01 3.777489626666469036e+01 5.510018325328635314e+01
2.225000000000000089e+00 1.324894312106648098e+00 5.546335485202695281e+01 3.798473723901204124e+01 5.529599206197632100e+01
2.229999999999999982e+00 1.326158832846469293e+00 5.572938842028199957e+01 3.819433529811826844e+01 5.548977095560462658e+01
2.234999999999999876e+00 1.327424087913126938e+00 5.599504877326820917e+01 3.840368053342497490e+01 5.568149789702566466e+01
2.240000000000000213e+00 1.328690065568957523e+00 5.626035097657214124e+01 3.861278706101390412e+01 5.587118554855702257e+01
2.245000000000000107e+00 1.329956754097271210e+00 5.652529980683291200e+01 3.882165711206228309e+01 5.605883752456965397e+01
2.250000000000000000e+00 1.331224141803060590e+00 5.678990182675856602e+01 3.903029216782258715e+01 5.624444654296826229e+01
2.254999999999999893e+00 1.332492217013710345e+00 5.705416812704172713e+01 3.923870302682568223e+01 5.642802388164430027e+01
2.260000000000000231e+00 1.333760968079716003e+00 5.731810001914181640e+01 3.944688580678377576e+01 5.660956020067774119e+01
2.265000000000000124e+00 1.335030383375409135e+00 5.758170426044024737e+01 3.965484319537844726e+01 5.678905363256566829e+01
2.270000000000000018e+00 1.336300451299685221e+00 5.784500013532604612e+01 3.986259312664917331e+01 5.696652409737841793e+01
2.274999999999999911e+00 1.337571160276742388e+00 5.810798140412034485e+01 4.007012460269864818e+01 5.714195212868941809e+01
2.280000000000000249e+00 1.338842498756821042e+00 5.837066810609649536e+01 4.027745310372441168e+01 5.731535103537731857e+01
2.285000000000000142e+00 1.340114455216953049e+00 5.863305713008190168e+01 4.048457491104634443e+01 5.748671708032749450e+01
2.290000000000000036e+00 1.341387018161716460e+00 5.889516999680461851e+01 4.069150623727245630e+01 5.765606062970402235e+01
2.294999999999999929e+00 1.342660176123993576e+00 5.915700339311375444e+01 4.089824095330708076e+01 5.782337383534336084e+01
2.300000000000000266e+00 1.343933917665737443e+00 5.941857489721796526e+01 4.110479367034891141e+01 5.798867021425813562e+01
2.305000000000000160e+00 1.345208231378743458e+00 5.967988580226959527e+01 4.131115989794012933e+01 5.815193708874629408e+01
2.310000000000000053e+00 1.346483105885426967e+00 5.994094825622389777e+01 4.151735105507170687e+01 5.831318795975892755e+01
2.314999999999999947e+00 1.347758529839606201e+00 6.020177426113133379e+01 4.172337387558664545e+01 5.847242482962817434e+01
2.319999999999999840e+00 1.349034491927291413e+00 6.046237110177442275e+01 4.192923244382551928e+01 5.862964991033503281e+01
2.325000000000000178e+00 1.350310980867478472e+00 6.072274009242241277e+01 4.213493387113783939e+01 5.878488267417750279e+01
2.330000000000000071e+00 1.351587985412951776e+00 6.098290510807661491e+01 4.234047904341154123e+01 5.893808826940426826e+01
2.334999999999999964e+00 1.352865494351088493e+00 6.124286891846094960e+01 4.254587588890425565e+01 5.908928700167829362e+01
2.339999999999999858e+00 1.354143496504671029e+00 6.150264245393158546e+01 4.275113367730437375e+01 5.923848707609995046e+01
2.345000000000000195e+00 1.355421980732705700e+00 6.176223397984086461e+01 4.295625624189989367e+01 5.938569150348325820e+01
2.350000000000000089e+00 1.356700935931243857e+00 6.202165341372104024e+01 4.316124703686698183e+01 5.953089397688543727e+01
2.354999999999999982e+00 1.357980351034212774e+00 6.228091508557074718e+01 4.336612061141869390e+01 5.967411315602510768e+01
2.359999999999999876e+00 1.359260215014249207e+00 6.254002420912670601e+01 4.357087723614803565e+01 5.981534361453230986e+01
2.365000000000000213e+00 1.360540516883539608e+00 6.279898920889634439e+01 4.377551983688469761e+01 5.995458367148010126e+01
2.370000000000000107e+00 1.361821245694665894e+00 6.305783059889436259e+01 4.398006626493702242e+01 6.009185060707872594e+01
2.375000000000000000e+00 1.363102390541456321e+00 6.331654453217948486e+01 4.418450821573397036e+01 6.022713058676838926e+01
2.379999999999999893e+00 1.364383940559842134e+00 6.357515612594790611e+01 4.438886977880446949e+01 6.036045091608631452e+01
2.385000000000000231e+00 1.365665884928720875e+00 6.383366659458110348e+01 4.459314437650624541e+01 6.049179341077542205e+01
2.390000000000000124e+00 1.366948212870820356e+00 6.409208930803218607e+01 4.479734221548121553e+01 6.062116712480961667e+01
2.395000000000000018e+00 1.368230913653576408e+00 6.435043560317048161e+01 4.500147273636540035e+01 6.074858239682218652e+01
2.399999999999999911e+00 1.369513976590007287e+00 6.460871479511170890e+01 4.520553937304540426e+01 6.087403566204605454e+01
2.405000000000000249e+00 1.370797391039600077e+00 6.486694150736975928e+01 4.540955541762925662e+01 6.099753971961411736e+01
2.410000000000000142e+00 1.372081146409197538e+00 6.512512372392690452e+01 4.561352283863568147e+01 6.111909259182865384e+01
2.415000000000000036e+00 1.373365232153893167e+00 6.538327390507276959e+01 4.581745127648706983e+01 6.123870109163859610e+01
2.419999999999999929e+00 1.374649637777930256e+00 6.564140306456371832e+01 4.602134691424865309e+01 6.135636655997259226e+01
2.425000000000000266e+00 1.375934352835608943e+00 6.589951945439651126e+01 4.622521343973052410e+01 6.147208728117089294e+01
2.430000000000000160e+00 1.377219366932191491e+00 6.615764185426108668e+01 4.642906774397040692e+01 6.158588223733322309e+01
2.435000000000000053e+00 1.378504669724822440e+00 6.641577325525378228e+01 4.663290789967607708e+01 6.169774206169583408e+01
2.439999999999999947e+00 1.379790250923445205e+00 6.667393376963951823e+01 4.683675081107344340e+01 6.180768381991735794e+01
2.444999999999999840e+00 1.381076100291728892e+00 6.693212215677479549e+01 4.704059069726255160e+01 6.191569484190669925e+01
2.450000000000000178e+00 1.382362207647998886e+00 6.719036271809028449e+01 4.724444621690555124e+01 6.202179012784878154e+01
2.455000000000000071e+00 1.383648562866170106e+00 6.744866379690574831e+01 4.744832559676814299e+01 6.212597773300242210e+01
2.459999999999999964e+00 1.384935155876690471e+00 6.770703526975889019e+01 4.765223325571923851e+01 6.222825815648849357e+01
2.464999999999999858e+00 1.386221976667483702e+00 6.796548358422232639e+01 4.785617183205079073e+01 6.232862475460164831e+01
2.470000000000000195e+00 1.387509015284901448e+00 6.822402854233523328e+01 4.806015624675437437e+01 6.242709626313669702e+01
2.475000000000000089e+00 1.388796261834676082e+00 6.848268139774717156e+01 4.826419516631735718e+01 6.252367700070977463e+01
2.479999999999999982e+00 1.390083706482882597e+00 6.874145126514815729e+01 4.846829162687611614e+01 6.261836487868655610e+01
2.484999999999999876e+00 1.391371339456903167e+00 6.900034871469956954e+01 4.867245417568663157e+01 6.271116280631284923e+01
2.490000000000000213e+00 1.392659151046396371e+00 6.925938679537050291e+01 4.887669234853813549e+01 6.280207886369237968e+01
2.495000000000000107e+00 1.393947131604270639e+00 6.951858143107557453e+01 4.908101795865983519e+01 6.289112385029800123e+01
2.500000000000000000e+00 1.395235271547664579e+00 6.977793522156083839e+01 4.928542729343988071e+01 6.297828543423300829e+01
2.504999999999999893e+00 1.396523561358930632e+00 7.003746780925726512e+01 4.948994201755012057e+01 6.306358819640404079e+01
2.510000000000000231e+00 1.397811991586621838e+00 7.029718970850423432e+01 4.969456443399821666e+01 6.314702534424934299e+01
2.515000000000000124e+00 1.399100552846486600e+00 7.055710618398788370e+01 4.989929474723466285e+01 6.322859548673526575e+01
2.520000000000000018e+00 1.400389235822465217e+00 7.081723822737055229e+01 5.010415451324888636e+01 6.330831836275976343e+01
2.524999999999999911e+00 1.401678031267691527e+00 7.107759284908310349e+01 5.030914593497912790e+01 6.338619495856032415e+01
2.530000000000000249e+00 1.402966930005501656e+00 7.133817994314522082e+01 5.051427273072513913e+01 6.346221975906566115e+01
2.535000000000000142e+00 1.404255922930439437e+00 7.159901347136876382e+01 5.071954635535290379e+01 6.353640454077169153e+01
2.540000000000000036e+00 1.405545001009279815e+00 7.186010682132942406e+01 5.092497745302772927e+01 6.360875890095898200e+01
2.544999999999999929e+00 1.406834155282040921e+00 7.212147049550507916e+01 5.113057431870160485e+01 6.367928730513371249e+01
2.550000000000000266e+00 1.408123376863012810e+00 7.238311354782975116e+01 5.133633940717162858e+01 6.374798754461194505e+01
2.555000000000000160e+00 1.409412656941783526e+00 7.264505159077133101e+01 5.154228535760148588e+01 6.381486722105561427e+01
2.560000000000000053e+00 1.410701986784272943e+00 7.290729053967449147e+01 5.174841752566700848e+01 6.387993654651580044e+01
2.564999999999999947e+00 1.411991357733769048e+00 7.316984937543388412e+01 5.195474744558327984e+01 6.394319841787939396e+01
2.569999999999999840e+00 1.413280761211968217e+00 7.343273013918309289e+01 5.216127638717476600e+01 6.400465486296492656e+01
2.575000000000000178e+00 1.414570188720020605e+00 7.369595233748029273e+01 5.236801750988912829e+01 6.406431432797779735e+01
2.580000000000000071e+00 1.415859631839580635e+00 7.395952585812568714e+01 5.257497969734420451e+01 6.412218236208131827e+01
2.584999999999999964e+00 1.417149082233858159e+00 7.422345884249739356e+01 5.278216947595474551e+01 6.417826843272429471e+01
2.589999999999999858e+00 1.418438531648677170e+00 7.448776146071649862e+01 5.298959007642388030e+01 6.423257168957944430e+01
2.595000000000000195e+00 1.419727971913536280e+00 7.475244886296361813e+01 5.319725466852433726e+01 6.428510227234956176e+01
2.600000000000000089e+00 1.421017394942674095e+00 7.501752996280255559e+01 5.340516813159393905e+01 6.433586357832766112e+01
2.604999999999999982e+00 1.422306792736138581e+00 7.528301653220094636e+01 5.361334385834908289e+01 6.438487440427755359e+01
2.609999999999999876e+00 1.423596157380858207e+00 7.554891657005234151e+01 5.382177785320019581e+01 6.443211609090839431e+01
2.615000000000000213e+00 1.424885481051721747e+00 7.581524787872771753e+01 5.403049038858033271e+01 6.447761655763035549e+01
2.620000000000000107e+00 1.426174756012655642e+00 7.608201307958296411e+01 5.423948132113419263e+01 6.452137718073176131e+01
2.625000000000000000e+00 1.427463974617710019e+00 7.634922795827220909e+01 5.444876143186491646e+01 6.456340276593954286e+01
2.629999999999999893e+00 1.428753129312145598e+00 7.661690147036144083e+01 5.465833779577020834e+01 6.460370193856741139e+01
2.635000000000000231e+00 1.430042212633526821e+00 7.688504275066493676e+01 5.486821320130106017e+01 6.464227524772203992e+01
2.640000000000000124e+00 1.431331217212814755e+00 7.715366386043932323e+01 5.507840304652452801e+01 6.467914370637546995e+01
2.645000000000000018e+00 1.432620135775467096e+00 7.742277674879238702e+01 5.528891117394323373e+01 6.471430544376416094e+01
2.649999999999999911e+00 1.433908961142540850e+00 7.769238787689072012e+01 5.549974260358847999e+01 6.474776972222204563e+01
2.655000000000000249e+00 1.435197686231796554e+00 7.796251242018166749e+01 5.571091231802301280e+01 6.477955371815470187e+01
2.660000000000000142e+00 1.436486304058808727e+00 7.823315381084250930e+01 5.592241498737205063e+01 6.480964407848313158e+01
2.665000000000000036e+00 1.437774807738079197e+00 7.850432559845960157e+01 5.613426619923029648e+01 6.483806931317427313e+01
2.669999999999999929e+00 1.439063190484150212e+00 7.877603849329710783e+01 5.634647147247013521e+01 6.486483127974936735e+01
2.675000000000000266e+00 1.440351445612727099e+00 7.904829861477055886e+01 5.655903638595605543e+01 6.488993590059725136e+01
2.680000000000000160e+00 1.441639566541798700e+00 7.932112077481275492e+01 5.677197302034045379e+01 6.491340090486829695e+01
2.685000000000000053e+00 1.442927546792763360e+00 7.959451258216002145e+01 5.698528381289150957e+01 6.493523068571263934e+01
2.689999999999999947e+00 1.444215379991559578e+00 7.986847918332517793e+01 5.719897232671065979e+01 6.495542795849009110e+01
2.694999999999999840e+00 1.445503059869796658e+00 8.014303381386774561e+01 5.741304988165563827e+01 6.497400877113152262e+01
2.700000000000000178e+00 1.446790580265890691e+00 8.041818807765184829e+01 5.762752664788544621e+01 6.499099283999615295e+01
2.705000000000000071e+00 1.448077935126202975e+00 8.069394788946470953e+01 5.784240457896727605e+01 6.500637741248300472e+01
2.709999999999999964e+00 1.449365118506182437e+00 8.097032036113695597e+01 5.805768721491445916e+01 6.502017395097493591e+01
2.714999999999999858e+00 1.450652124571508272e+00 8.124731879623065822e+01 5.827338810715107797e+01 6.503239836911325256e+01
2.720000000000000195e+00 1.451938947599239915e+00 8.152495042844478235e+01 5.848951092571357435e+01 6.504306410516316816e+01
2.725000000000000089e+00 1.453225581978965009e+00 8.180322044637051704e+01 5.870605886731928535e+01 6.505217626792550334e+01
2.729999999999999982e+00 1.454512022213955591e+00 8.208214007380051669e+01 5.892304055071801372e+01 6.505975086230913007e+01
2.734999999999999876e+00 1.455798262922322506e+00 8.236172408028018310e+01 5.914046999549396588e+01 6.506580532799327443e+01
2.740000000000000213e+00 1.457084298838174696e+00 8.264196895195492232e+01 5.935833865128546449e+01 6.507033705311106075e+01
2.745000000000000107e+00 1.458370124812782276e+00 8.292288935747139078e+01 5.957666098693304946e+01 6.507336955966997039e+01
2.750000000000000000e+00 1.459655735815740485e+00 8.320447972293972327e+01 5.979544649042415472e+01 6.507490908353749148e+01
2.754999999999999893e+00 1.460941126936137202e+00 8.348677651902026753e+01 6.001469538080901600e+01 6.507498082113295368e+01
2.760000000000000231e+00 1.462226293383724007e+00 8.376976770196151278e+01 6.023440835989448772e+01 6.507358186080570306e+01
2.765000000000000124e+00 1.463511230490086357e+00 8.405346787690953647e+01 6.045460325451980310e+01 6.507074745140815253e+01
2.770000000000000018e+00 1.464795933709824194e+00 8.433788213582843696e+01 6.067527885059252668e+01 6.506647612855950058e+01
2.774999999999999911e+00 1.466080398621724123e+00 8.462302074031093468e+01 6.089644865015968378e+01 6.506080127924113299e+01
2.780000000000000249e+00 1.467364620929943797e+00 8.490888521981840142e+01 6.111810434205862208e+01 6.505371043587587110e+01
2.785000000000000142e+00 1.468648596465194744e+00 8.519548486017814071e+01 6.134025836542177501e+01 6.504523314373632559e+01
2.790000000000000036e+00 1.469932321185927426e+00 8.548283169837282003e+01 6.156292303812654154e+01 6.503539474671603671e+01
2.794999999999999929e+00 1.471215791179520282e+00 8.577092950406489535e+01 6.178609568102946525e+01 6.502420001478576239e+01
2.800000000000000266e+00 1.472499002663467449e+00 8.605977976182255418e+01 6.200977868292454076e+01 6.501166491745685505e+01
2.805000000000000160e+00 1.473781951986576466e+00 8.634940045421386401e+01 6.223398765472023086e+01 6.499780903490855621e+01
2.810000000000000053e+00 1.475064635630160437e+00 8.663978922949920047e+01 6.245871948872306234e+01 6.498265305965946936e+01
2.814999999999999947e+00 1.476347050209237288e+00 8.693096058317698294e+01 6.268398832425356204e+01 6.496621825097071223e+01
2.819999999999999840e+00 1.477629192473728592e+00 8.722291454035391212e+01 6.290979101110988125e+01 6.494851743082131179e+01
2.825000000000000178e+00 1.478911059309663267e+00 8.751565628339965031e+01 6.313612989925618280e+01 6.492956001434096436e+01
2.830000000000000071e+00 1.480192647740382617e+00 8.780919661758804295e+01 6.336301683826604858e+01 6.490937970902943732e+01
2.834999999999999964e+00 1.481473954927746250e+00 8.810354082434012923e+01 6.359045570068715847e+01 6.488799444498204139e+01
2.839999999999999858e+00 1.482754978173340454e+00 8.839869191862699438e+01 6.381844588284734243e+01 6.486541237901268175e+01
2.845000000000000195e+00 1.484035714919693882e+00 8.869466320150651484e+01 6.404700336785080594e+01 6.484167081000252608e+01
2.850000000000000089e+00 1.485316162751484814e+00 8.899145300117808688e+01 6.427612247151999725e+01 6.481678098738487392e+01
2.854999999999999982e+00 1.486596319396762178e+00 8.928906983659942398e+01 6.450581119447457468e+01 6.479076206449369124e+01
2.859999999999999876e+00 1.487876182728162133e+00 8.958751755555637430e+01 6.473607031670945844e+01 6.476363386794970722e+01
2.865000000000000213e+00 1.489155750764126207e+00 8.988680450414466350e+01 6.496691103402790191e+01 6.473542974045466281e+01
2.870000000000000107e+00 1.490435021670126092e+00 9.018693556081838381e+01 6.519833562075366729e+01 6.470616626144791894e+01
2.875000000000000000e+00 1.491713993759884893e+00 9.048791480509490270e+01 6.543034389068732537e+01 6.467586111875274923e+01
2.879999999999999893e+00 1.492992665496607696e+00 9.078974869791591118e+01 6.566294803611570785e+01 6.464455163264435100e+01
2.885000000000000231e+00 1.494271035494205480e+00 9.109244398331127002e+01 6.589615000775080489e+01 6.461224836774569269e+01
2.890000000000000124e+00 1.495549102518527240e+00 9.139600160244491178e+01 6.612994764304330886e+01 6.457898109168561973e+01
2.895000000000000018e+00 1.496826865488593894e+00 9.170042647374955891e+01 6.636434902068995711e+01 6.454476994206117979e+01
2.899999999999999911e+00 1.498104323477830180e+00 9.200572108695961049e+01 6.659935268930911434e+01 6.450963983018509396e+01
2.905000000000000249e+00 1.499381475715303225e+00 9.231189997746949416e+01 6.683497625055753133e+01 6.447362972962655192e+01
2.910000000000000142e+00 1.500658321586958444e+00 9.261895930248704190e+01 6.707120960624280315e+01 6.443674723021588591e+01
2.915000000000000036e+00 1.501934860636862323e+00 9.292690495224043445e+01 6.730806372955694883e+01 6.439903535943996360e+01
2.919999999999999929e+00 1.503211092568443430e+00 9.323574241341984248e+01 6.754554033381205613e+01 6.436050798731936595e+01
2.925000000000000266e+00 1.504487017245737190e+00 9.354547181168392456e+01 6.778363855646628622e+01 6.432119647594294065e+01
2.930000000000000160e+00 1.505762634694630231e+00 9.385610743727426097e+01 6.802238350768359965e+01 6.428115391898577968e+01
2.935000000000000053e+00 1.507037945104112264e+00 9.416764245120205601e+01 6.826174692993890858e+01 6.424035843059994022e+01
2.939999999999999947e+00 1.508312948827522426e+00 9.448008255865177318e+01 6.850174592714357402e+01 6.419886837395375778e+01
2.944999999999999840e+00 1.509587646383803383e+00 9.479343982171491234e+01 6.874239209880019530e+01 6.415671564592081211e+01
2.950000000000000178e+00 1.510862038458753664e+00 9.510770677899762404e+01 6.898367552895599886e+01 6.411391899928112537e+01
2.955000000000000071e+00 1.512136125906285322e+00 9.542289245650896135e+01 6.922560555137746974e+01 6.407051253762230658e+01
2.959999999999999964e+00 1.513409909749681370e+00 9.573900178140735306e+01 6.946818574072349861e+01 6.402652791539165378e+01
2.964999999999999858e+00 1.514683391182853445e+00 9.605603599652059188e+01 6.971141993667697534e+01 6.398199966923711202e+01
2.970000000000000195e+00 1.515956571571605682e+00 9.637399841544032597e+01 6.995530955133682482e+01 6.393695291480835863e+01
2.975000000000000089e+00 1.517229452454897709e+00 9.669289335992552026e+01 7.019985847722091421e+01 6.389142829971418536e+01
2.979999999999999982e+00 1.518502035546109630e+00 9.701272218187850171e+01 7.044506744989104163e+01 6.384544556865544962e+01
2.984999999999999876e+00 1.519774322734309235e+00 9.733348905121823691e+01 7.069094275997090904e+01 6.379904980940104053e+01
2.990000000000000213e+00 1.521046316085523209e+00 9.765519395830690996e+01 7.093747957311165919e+01 6.375226090920133970e+01
2.995000000000000107e+00 1.522318017844006111e+00 9.797784504397074556e+01 7.118469260745158067e+01 6.370513286811578979e+01
3.000000000000000000e+00 1.523589430433515579e+00 9.830143710698416726e+01 7.143256917914283122e+01 6.365767363403878676e+01
3.004999999999999893e+00 1.524860556458587313e+00 9.862598050053536269e+01 7.168112615851228497e+01 6.360994210642839874e+01
3.010000000000000231e+00 1.526131398705811604e+00 9.895147420687804640e+01 7.193035803694721153e+01 6.356195705153562159e+01
3.015000000000000124e+00 1.527401960145112314e+00 9.927792151277772348e+01 7.218027100806533269e+01 6.351376320878238602e+01
3.020000000000000018e+00 1.528672243931031183e+00 9.960532608038721492e+01 7.243087089789153765e+01 6.346540086485018151e+01
3.024999999999999911e+00 1.529942253404009023e+00 9.993368342372038171e+01 7.268214555616106054e+01 6.341688645700858729e+01
3.030000000000000249e+00 1.531211992091669805e+00 1.002630015133720462e+02 7.293411147776335213e+01 6.336827974795907181e+01
3.035000000000000142e+00 1.532481463710112957e+00 1.005932796406847700e+02 7.318676084135455540e+01 6.331959758697118446e+01
3.040000000000000036e+00 1.533750672165198337e+00 1.009245256259238346e+02 7.344010851304460630e+01 6.327090074552513954e+01
3.044999999999999929e+00 1.535019621553841640e+00 1.012567302656543973e+02 7.369414092001386507e+01 6.322220622335157714e+01
3.050000000000000266e+00 1.536288316165307810e+00 1.015899052217066156e+02 7.394887102895316389e+01 6.317356060379790250e+01
3.055000000000000160e+00 1.537556760482504448e+00 1.019240481165818153e+02 7.420429943567577880e+01 6.312501344830404548e+01
3.060000000000000053e+00 1.538824959183287211e+00 1.022591565424722972e+02 7.446042020219769597e+01 6.307658347079414085e+01
3.064999999999999947e+00 1.540092917141751672e+00 1.025952382354419825e+02 7.471724333766083248e+01 6.302832441623479554e+01
3.070000000000000284e+00 1.541360639429545376e+00 1.029322907856304994e+02 7.497476722727192566e+01 6.298027827056221639e+01
3.075000000000000178e+00 1.542628131317168361e+00 1.032703192264147560e+02 7.523299975263276451e+01 6.293248942400743573e+01
3.080000000000000071e+00 1.543895398275281439e+00 1.036093215271306889e+02 7.549193006834522635e+01 6.288497276076297737e+01
3.084999999999999964e+00 1.545162445976019150e+00 1.039492955823716756e+02 7.575156670888947019e+01 6.283779464018790861e+01
3.089999999999999858e+00 1.546429280294300046e+00 1.042902462355380493e+02 7.601191176920272596e+01 6.279099975849788962e+01
3.095000000000000195e+00 1.547695907309144969e+00 1.046321744379251442e+02 7.627296547064521803e+01 6.274461365894774190e+01
3.100000000000000089e+00 1.548962333304992001e+00 1.049750777095179473e+02 7.653472755007345540e+01 6.269868548245001705e+01
3.104999999999999982e+00 1.550228564773019402e+00 1.053189635716871919e+02 7.679720681253901660e+01 6.265327370123467432e+01
3.109999999999999876e+00 1.551494608412467890e+00 1.056638241940667058e+02 7.706039071949595609e+01 6.260839355120761951e+01
3.115000000000000213e+00 1.552760471131968911e+00 1.060096633014837977e+02 7.732428926422181803e+01 6.256411222243386305e+01
3.120000000000000107e+00 1.554026160050869576e+00 1.063564788757103514e+02 7.758890091871009531e+01 6.252046263872757947e+01
3.125000000000000000e+00 1.555291682500568706e+00 1.067042778078984924e+02 7.785422881760948144e+01 6.247748913584428720e+01
3.129999999999999893e+00 1.556557046025848434e+00 1.070530563348931281e+02 7.812027568113632015e+01 6.243524677489470065e+01
3.135000000000000231e+00 1.557822258386214909e+00 1.074028138180858889e+02 7.838703753629891935e+01 6.239377600328484874e+01
3.140000000000000124e+00 1.559087327557234559e+00 1.077535473946183089e+02 7.865451719128557784e+01 6.235312230737249450e+01
3.145000000000000018e+00 1.560352261731882795e+00 1.081052594456156157e+02 7.892271012704057398e+01 6.231332670669807072e+01
3.149999999999999911e+00 1.561617069321888263e+00 1.084579527798924374e+02 7.919162672968178640e+01 6.227444615954816953e+01
3.155000000000000249e+00 1.562881758959084433e+00 1.088116223779422000e+02 7.946125991448478487e+01 6.223651737785284865e+01
3.160000000000000142e+00 1.564146339496760740e+00 1.091662707419722409e+02 7.973161579329584470e+01 6.219959731142471071e+01
3.165000000000000036e+00 1.565410820011023496e+00 1.095218945292350980e+02 8.000268822862922491e+01 6.216372912201337186e+01
3.169999999999999929e+00 1.566675209802153468e+00 1.098784963750728707e+02 8.027448217844218448e+01 6.212895735453839308e+01
3.175000000000000266e+00 1.567939518395971676e+00 1.102360745853901278e+02 8.054700062268511829e+01 6.209534470731448863e+01
3.180000000000000160e+00 1.569203755545205192e+00 1.105946246020363901e+02 8.082023398155010341e+01 6.206292128791655927e+01
3.185000000000000053e+00 1.570467931230861369e+00 1.109541514104934947e+02 8.109419014771110312e+01 6.203173796402953144e+01
3.189999999999999947e+00 1.571732055663601191e+00 1.113146502074255721e+02 8.136886916763648969e+01 6.200186214135465690e+01
3.195000000000000284e+00 1.572996139285118833e+00 1.116761219813823942e+02 8.164426957828646891e+01 6.197332753592264964e+01
3.200000000000000178e+00 1.574260192769525224e+00 1.120385655189314775e+02 8.192039019041541792e+01 6.194619077676667729e+01
3.205000000000000071e+00 1.575524227024737378e+00 1.124019736264347955e+02 8.219722710352661466e+01 6.192049656328255480e+01
3.209999999999999964e+00 1.576788253193867284e+00 1.127663554104778001e+02 8.247479009558264806e+01 6.189629483927889453e+01
3.214999999999999858e+00 1.578052282656617233e+00 1.131317031298290914e+02 8.275307752996633326e+01 6.187365589941189370e+01
3.220000000000000195e+00 1.579316327030685141e+00 1.134980105334680189e+02 8.303207526870971833e+01 6.185260303040993790e+01
3.225000000000000089e+00 1.580580398173165202e+00 1.138652879611438351e+02 8.331179869610235755e+01 6.183320785032870504e+01
3.229999999999999982e+00 1.581844508181959430e+00 1.142335244544086379e+02 8.359224115310689740e+01 6.181551119594110588e+01
3.234999999999999876e+00 1.583108669397191415e+00 1.146027219497564715e+02 8.387340287863341359e+01 6.179956891971112753e+01
3.240000000000000213e+00 1.584372894402625409e+00 1.149728807135897313e+02 8.415528613629820143e+01 6.178543629640217461e+01
3.245000000000000107e+00 1.585637196027092743e+00 1.153439921264979944e+02 8.443788080746105607e+01 6.177315741557040951e+01
3.250000000000000000e+00 1.586901587345919129e+00 1.157160582399179987e+02 8.472119564454574459e+01 6.176279526731683944e+01
3.254999999999999893e+00 1.588166081682362174e+00 1.160890780240723359e+02 8.500522835955979417e+01 6.175439932730115800e+01
3.260000000000000231e+00 1.589430692609048013e+00 1.164630486667623472e+02 8.528997886253480942e+01 6.174802233581527133e+01
3.265000000000000124e+00 1.590695433949419924e+00 1.168379691039326644e+02 8.557544271240301725e+01 6.174371286057128572e+01
3.270000000000000018e+00 1.591960319779189614e+00 1.172138314005516406e+02 8.586161543718907296e+01 6.174152947268389369e+01
3.274999999999999911e+00 1.593225364427793389e+00 1.175906405353228763e+02 8.614850617093816254e+01 6.174152871354990424e+01
3.280000000000000249e+00 1.594490582479856755e+00 1.179684838252443058e+02 8.643619216175926567e+01 6.174351008261556473e+01
3.285000000000000142e+00 1.595755988776664358e+00 1.183471784391193466e+02 8.672451369383139763e+01 6.174802655687907560e+01
3.290000000000000036e+00 1.597021598417631694e+00 1.187268075516974903e+02 8.701353886448136166e+01 6.175486829622010987e+01
3.294999999999999929e+00 1.598287426761794583e+00 1.191073725579372820e+02 8.730327802183668950e+01 6.176411712259314157e+01
3.300000000000000266e+00 1.599553489429289543e+00 1.194888700366856256e+02 8.759372744445983017e+01 6.177581496438864406e+01
3.305000000000000160e+00 1.600819802302856587e+00 1.198712964603852811e+02 8.788488194374809837e+01 6.179002209142496582e+01
3.310000000000000053e+00 1.602086381529337800e+00 1.202546461718295632e+02 8.817674470554199218e+01 6.180679632960257663e+01
3.314999999999999947e+00 1.603353243521186133e+00 1.206389172759201074e+02 8.846930442553750140e+01 6.182617784659296944e+01
3.320000000000000284e+00 1.604620404957985969e+00 1.210241087001280960e+02 8.876256659212972977e+01 6.184822786373129588e+01
3.325000000000000178e+00 1.605887882787973897e+00 1.214102212956245381e+02 8.905653924510613706e+01 6.187302106093930831e+01
3.330000000000000071e+00 1.607155694229572163e+00 1.217972460226748410e+02 8.935120912241639246e+01 6.190059253397654970e+01
3.334999999999999964e+00 1.608423856772927873e+00 1.221851846902087715e+02 8.964657925358292800e+01 6.193100070990453077e+01
3.339999999999999858e+00 1.609692388181460876e+00 1.225740265153912532e+02 8.994264277445873290e+01 6.196430730929795061e+01
3.345000000000000195e+00 1.610961306493419842e+00 1.229637775707404614e+02 9.023940385285916932e+01 6.200055999138012908e+01
3.350000000000000089e+00 1.612230630023444355e+00 1.233544309417987250e+02 9.053686257041229624e+01 6.203983010954758015e+01
3.354999999999999982e+00 1.613500377364142535e+00 1.237459796375501782e+02 9.083501121198480632e+01 6.208216352354804712e+01
3.359999999999999876e+00 1.614770567387667999e+00 1.241384246590585292e+02 9.113384865098214505e+01 6.212761099610015236e+01
3.365000000000000213e+00 1.616041219247312144e+00 1.245317622008987257e+02 9.143337832657346098e+01 6.217624192945734052e+01
3.370000000000000107e+00 1.617312352379102647e+00 1.249259891026638769e+02 9.173359437096962665e+01 6.222810055373123816e+01
3.375000000000000000e+00 1.618583986503417060e+00 1.253211015264094783e+02 9.203449637425661933e+01 6.228325150907302543e+01
3.379999999999999893e+00 1.619856141626595081e+00 1.257170919338991126e+02 9.233608141999201280e+01 6.234175371717090997e+01
3.385000000000000231e+00 1.621128838042573905e+00 1.261139645133915934e+02 9.263835003698622472e+01 6.240365214936731064e+01
3.390000000000000124e+00 1.622402096334521149e+00 1.265117115736192801e+02 9.294129995624737717e+01 6.246901458197809376e+01
3.395000000000000018e+00 1.623675937376488410e+00 1.269103276504728370e+02 9.324492303483810929e+01 6.253788720011311142e+01
3.399999999999999911e+00 1.624950382335069499e+00 1.273098132246569065e+02 9.354922683716688425e+01 6.261034087098767742e+01
3.405000000000000249e+00 1.626225452671069327e+00 1.277101650817120770e+02 9.385420605993752474e+01 6.268641629239870383e+01
3.410000000000000142e+00 1.627501170141188780e+00 1.281113716860499778e+02 9.415985435926822333e+01 6.276618659641344777e+01
3.415000000000000036e+00 1.628777556799715365e+00 1.285134444768821709e+02 9.446617824478154546e+01 6.284969076634719443e+01
3.419999999999999929e+00 1.630054635000228513e+00 1.289163646241933918e+02 9.477316881904175716e+01 6.293700360686074902e+01
3.425000000000000266e+00 1.631332427397314877e+00 1.293201334632317980e+02 9.508082369908778730e+01 6.302817003716020139e+01
3.430000000000000160e+00 1.632610956948298497e+00 1.297247536898013607e+02 9.538914629413994817e+01 6.312324356620049315e+01
3.435000000000000053e+00 1.633890246914980304e+00 1.301302105086636232e+02 9.569813054439367761e+01 6.322229490620306080e+01
3.439999999999999947e+00 1.635170320865392934e+00 1.305365056836807014e+02 9.600777038007748843e+01 6.332536438366317810e+01
3.445000000000000284e+00 1.636451202675564431e+00 1.309436392519364176e+02 9.631807237966825141e+01 6.343251828420854110e+01
3.450000000000000178e+00 1.637732916531301264e+00 1.313516045771607708e+02 9.662903467793495338e+01 6.354381713599058656e+01
3.455000000000000071e+00 1.639015486929979559e+00 1.317603959855927371e+02 9.694064631552835465e+01 6.365930308517841496e+01
3.459999999999999964e+00 1.640298938682350771e+00 1.321700054637847472e+02 9.725290464065264473e+01 6.377904298305729469e+01
3.464999999999999858e+00 1.641583296914366441e+00 1.325804451042359347e+02 9.756582709623185679e+01 6.390309599986115074e+01
3.470000000000000195e+00 1.642868587069010289e+00 1.329916957059609501e+02 9.787938721105720674e+01 6.403150069677205636e+01
3.475000000000000089e+00 1.644154834908149621e+00 1.334037533692365685e+02 9.819358984190699857e+01 6.416433262399041837e+01
3.479999999999999982e+00 1.645442066514400281e+00 1.338166295006765836e+02 9.850844678141186250e+01 6.430164335085855498e+01
3.484999999999999876e+00 1.646730308293007594e+00 1.342303048709127893e+02 9.882393667122053671e+01 6.444347440172030872e+01
3.490000000000000213e+00 1.648019586973742623e+00 1.346447821293396316e+02 9.914006627586439890e+01 6.458990085720574825e+01
3.495000000000000107e+00 1.649309929612814640e+00 1.350600568929163785e+02 9.945683466189188948e+01 6.474096761692007362e+01
3.500000000000000000e+00 1.650601363594798476e+00 1.354761272128736493e+02 9.977424061732702398e+01 6.489673170284564208e+01
3.504999999999999893e+00 1.651893916634581849e+00 1.358922504673595313e+02 1.000914589442641187e+02 6.505068828542628978e+01
3.510000000000000231e+00 1.653187616779326907e+00 1.363091603777188254e+02 1.004093077724780585e+02 6.520940028343558481e+01
3.515000000000000124e+00 1.654482492410449757e+00 1.367268504829650340e+02 1.007277765528596092e+02 6.537292112534638022e+01
3.520000000000000018e+00 1.655778572245619973e+00 1.371453234997960067e+02 1.010468809622969815e+02 6.554131476012371138e+01
3.524999999999999911e+00 1.657075885340773880e+00 1.375645711477123712e+02 1.013666062186005945e+02 6.571461979263443709e+01
3.530000000000000249e+00 1.658374461092151142e+00 1.379845924241515434e+02 1.016869573871440480e+02 6.589291266231892052e+01
3.535000000000000142e+00 1.659674329238346902e+00 1.384053773520826667e+02 1.020079189247297791e+02 6.607622311242197100e+01
3.540000000000000036e+00 1.660975519862385452e+00 1.388269296892288196e+02 1.023295038646354556e+02 6.626461839404989007e+01
3.544999999999999929e+00 1.662278063393811456e+00 1.392492402474191238e+02 1.026517007188721635e+02 6.645814944527313628e+01
3.550000000000000266e+00 1.663581990610803807e+00 1.396723113041418856e+02 1.029745135918356027e+02 6.665687175043575508e+01
3.555000000000000160e+00 1.664887332642308815e+00 1.400961369379825783e+02 1.032979375074219206e+02 6.686082580044762835e+01
3.560000000000000053e+00 1.666194120970192039e+00 1.405207070288770979e+02 1.036219613476906147e+02 6.707007926649932017e+01
3.564999999999999947e+00 1.667502387431416100e+00 1.409460288921242466e+02 1.039466003780699737e+02 6.728468756082587277e+01
3.570000000000000284e+00 1.668812164220237593e+00 1.413720948886063127e+02 1.042718431661147918e+02 6.750468441824425270e+01
3.575000000000000178e+00 1.670123483890425531e+00 1.417988961370306811e+02 1.045976859193213784e+02 6.773014300945385457e+01
3.580000000000000071e+00 1.671436379357503110e+00 1.422264380845681160e+02 1.049241308294869555e+02 6.796110009587874856e+01
3.584999999999999964e+00 1.672750883901015451e+00 1.426547135255176784e+02 1.052511756197455526e+02 6.819762167026941313e+01
3.589999999999999858e+00 1.674067031166816655e+00 1.430837157794993004e+02 1.055788111053724521e+02 6.843973776400106601e+01
3.595000000000000195e+00 1.675384855169382847e+00 1.435134499773356254e+02 1.059070481386523852e+02 6.868752139165688675e+01
3.600000000000000089e+00 1.676704390294149860e+00 1.439439044913102066e+02 1.062358757586474951e+02 6.894101362091646479e+01
3.604999999999999982e+00 1.678025671299876453e+00 1.443750839278376361e+02 1.065652968127269276e+02 6.920026622010351502e+01
3.609999999999999876e+00 1.679348733321033071e+00 1.448069773424747950e+02 1.068953034312551438e+02 6.946532894892116872e+01
3.615000000000000213e+00 1.680673611870211692e+00 1.452395895594671913e+02 1.072259014084472994e+02 6.973625424631815406e+01
3.620000000000000107e+00 1.682000342840573426e+00 1.456729107972161898e+02 1.075570830093299435e+02 7.001309524578255150e+01
3.625000000000000000e+00 1.683328962508309878e+00 1.461070812678824495e+02 1.078889088190413759e+02 7.029582111275675516e+01
3.629999999999999893e+00 1.684659507535143819e+00 1.465418269895610592e+02 1.082212628221819841e+02 7.058463185877894830e+01
3.635000000000000231e+00 1.685992014970846498e+00 1.469772773260037582e+02 1.085541941063235640e+02 7.087949474770603331e+01
3.640000000000000124e+00 1.687326522255794936e+00 1.474134264704239001e+02 1.088877077730692520e+02 7.118047211308322630e+01
3.645000000000000018e+00 1.688663067223552527e+00 1.478502775266482558e+02 1.092218001423760541e+02 7.148760968182465092e+01
3.649999999999999911e+00 1.690001688103477839e+00 1.482878234743306223e+02 1.095564678547713697e+02 7.180094830903908587e+01
3.655000000000000249e+00 1.691342423523365834e+00 1.487260632257233510e+02 1.098917046593182647e+02 7.212052772539865941e+01
3.660000000000000142e+00 1.692685312512123508e+00 1.491649973556013720e+02 1.102275271570622976e+02 7.244643212830443701e+01
3.665000000000000036e+00 1.694030394502469727e+00 1.496046198172801951e+02 1.105639127217282009e+02 7.277866895448784135e+01
3.669999999999999929e+00 1.695377709333675487e+00 1.500449318214318168e+02 1.109008742206236207e+02 7.311729957022738802e+01
3.675000000000000266e+00 1.696727297254325917e+00 1.504859249488721957e+02 1.112384026411777427e+02 7.346238896988637634e+01
3.680000000000000160e+00 1.698079198925130706e+00 1.509276021245204618e+02 1.115765009435087336e+02 7.381396064986071792e+01
3.685000000000000053e+00 1.699433455421752726e+00 1.513699584235554312e+02 1.119151617482359882e+02 7.417206349987891656e+01
3.689999999999999947e+00 1.700790108237682396e+00 1.518129996128627965e+02 1.122543997690432036e+02 7.453676071276288440e+01
3.695000000000000284e+00 1.702149199287140036e+00 1.522567127096843649e+02 1.125941912816693531e+02 7.490806832016110661e+01
3.700000000000000178e+00 1.703510770908022831e+00 1.527011067149535393e+02 1.129345507897159564e+02 7.528605792754339632e+01
3.705000000000000071e+00 1.704874865864877798e+00 1.531461748292888672e+02 1.132754795638211078e+02 7.567076668651989735e+01
3.709999999999999964e+00 1.706241527351919807e+00 1.535919103178513865e+02 1.136169588265081956e+02 7.606223136669973428e+01
3.714999999999999858e+00 1.707610798996081591e+00 1.540383253816587228e+02 1.139590150294561539e+02 7.646052470496832143e+01
3.720000000000000195e+00 1.708982724860113711e+00 1.544854049729037513e+02 1.143016209870821314e+02 7.686564472430846706e+01
3.725000000000000089e+00 1.710357349445704500e+00 1.549331518493406747e+02 1.146447867018433158e+02 7.727767762896520765e+01
3.729999999999999982e+00 1.711734717696661745e+00 1.553815671515529857e+02 1.149885145034985214e+02 7.769664405435685239e+01
3.734999999999999876e+00 1.713114875002117454e+00 1.558306517878560840e+02 1.153328029704643427e+02 7.812259310574840754e+01
3.740000000000000213e+00 1.714497867199787251e+00 1.562804026797294341e+02 1.156776515093236526e+02 7.855557566746503539e+01
3.745000000000000107e+00 1.715883740579261962e+00 1.567308139254982677e+02 1.160230520041340725e+02 7.899561808314224720e+01
3.750000000000000000e+00 1.717272541885350057e+00 1.571818912232533023e+02 1.163690151766484462e+02 7.944278733442838814e+01
3.754999999999999893e+00 1.718664318321458495e+00 1.576336313871450159e+02 1.167155312102726299e+02 7.989709636017424543e+01
3.760000000000000231e+00 1.720059117553022654e+00 1.580860379738354879e+02 1.170626124783073863e+02 8.035861272751898809e+01
3.765000000000000124e+00 1.721456987710977105e+00 1.585391025653275960e+02 1.174102413760727472e+02 8.082735895245865265e+01
3.770000000000000018e+00 1.722857977395276574e+00 1.589928284797407798e+02 1.177584298284428996e+02 8.130340506104346332e+01
3.774999999999999911e+00 1.724262135678464647e+00 1.594472150035180391e+02 1.181071717507683445e+02 8.178674728813534500e+01
3.780000000000000249e+00 1.725669512109285098e+00 1.599022695659861313e+02 1.184564783990590797e+02 8.227747277255437552e+01
3.785000000000000142e+00 1.727080156716347847e+00 1.603579790311388535e+02 1.188063331306186399e+02 8.277558950520305814e+01
3.790000000000000036e+00 1.728494120011841551e+00 1.608143544741156177e+02 1.191567493773020345e+02 8.328115251217184323e+01
3.794999999999999929e+00 1.729911452995299248e+00 1.612713903579940222e+02 1.195077255846425430e+02 8.379421189791584368e+01
3.800000000000000266e+00 1.731332207157411762e+00 1.617290887075380112e+02 1.198592561904622187e+02 8.431477481992268963e+01
3.805000000000000160e+00 1.732756434483898600e+00 1.621874483507304774e+02 1.202113420162422273e+02 8.484291325931124561e+01
3.810000000000000053e+00 1.734184187459427706e+00 1.626464733284528563e+02 1.205639919100523940e+02 8.537866200834109520e+01
3.814999999999999947e+00 1.735615519071593615e+00 1.631061612474082665e+02 1.209172007810512355e+02 8.592205161514345946e+01
3.820000000000000284e+00 1.737050482814948671e+00 1.635665096807969690e+02 1.212709636578709365e+02 8.647311863304979340e+01
3.825000000000000178e+00 1.738489132695088868e+00 1.640275262368664642e+02 1.216252861231898521e+02 8.703190156994912741e+01
3.830000000000000071e+00 1.739931523232801869e+00 1.644892079391052846e+02 1.219801748018414571e+02 8.759845943801570911e+01
3.834999999999999964e+00 1.741377709468272084e+00 1.649515590944407677e+02 1.223356234360466601e+02 8.817279610539431189e+01
3.839999999999999858e+00 1.742827746965340152e+00 1.654145813877117916e+02 1.226916420060766484e+02 8.875499184469454406e+01
3.845000000000000195e+00 1.744281691815829705e+00 1.658782746200551514e+02 1.230482240817430011e+02 8.934504688600296163e+01
3.850000000000000089e+00 1.745739600643932299e+00 1.663426644075346985e+02 1.234053649775098620e+02 8.994305460247542783e+01
3.854999999999999982e+00 1.747201530610656750e+00 1.668076993124565774e+02 1.237630744815136978e+02 9.054898278758005858e+01
3.859999999999999876e+00 1.748667539418339745e+00 1.672734100488543731e+02 1.241213505063581977e+02 9.116289366642253356e+01
3.865000000000000213e+00 1.750137685315223512e+00 1.677397978354746897e+02 1.244801953080690566e+02 9.178482256357281699e+01
3.870000000000000107e+00 1.751612027100100555e+00 1.682068666596430262e+02 1.248396176332087890e+02 9.241483782777915224e+01
3.875000000000000000e+00 1.753090624127023878e+00 1.686746154166719123e+02 1.251996088606612858e+02 9.305293283163136664e+01
3.879999999999999893e+00 1.754573536310083837e+00 1.691430428150201237e+02 1.255601706566938560e+02 9.369917116990332318e+01
3.885000000000000231e+00 1.756060824128258258e+00 1.696121589869373452e+02 1.259213086280767726e+02 9.435357655900099871e+01
3.890000000000000124e+00 1.757552548630337386e+00 1.700819638728811469e+02 1.262830261600144865e+02 9.501619500228555637e+01
3.895000000000000018e+00 1.759048771439909009e+00 1.705524622834630293e+02 1.266453281038901082e+02 9.568705684836808700e+01
3.899999999999999911e+00 1.760549554760425739e+00 1.710236509167494603e+02 1.270082100050309322e+02 9.636620628867282790e+01
3.905000000000000249e+00 1.762054961380348228e+00 1.714955416142557851e+02 1.273716780900556103e+02 9.705367144101381882e+01
3.910000000000000142e+00 1.763565054678360111e+00 1.719681224744196015e+02 1.277357193476480717e+02 9.774948291299504888e+01
3.915000000000000036e+00 1.765079898628665322e+00 1.724414120655561362e+02 1.281003605880043779e+02 9.845369275511967544e+01
3.919999999999999929e+00 1.766599557806353804e+00 1.729154050682021477e+02 1.284655904600867871e+02 9.916632825050616873e+01
3.925000000000000266e+00 1.768124097392861804e+00 1.733901090127957616e+02 1.288314153062648586e+02 9.988742449748018259e+01
3.930000000000000160e+00 1.769653583181507006e+00 1.738655222424882254e+02 1.291978339695178875e+02 1.006170187451400153e+02
3.935000000000000053e+00 1.771188081583099816e+00 1.743416561989944000e+02 1.295648495383583736e+02 1.013551364733550173e+02
3.939999999999999947e+00 1.772727659631656794e+00 1.748185078734391880e+02 1.299324672314080544e+02 1.021018341923429915e+02
3.945000000000000284e+00 1.774272384990179141e+00 1.752960868684490947e+02 1.303006945073007046e+02 1.028571331772945854e+02
3.950000000000000178e+00 1.775822325956536885e+00 1.757743969087936193e+02 1.306695306813325885e+02 1.036210688851949868e+02
3.955000000000000071e+00 1.777377551469432548e+00 1.762534367283058430e+02 1.310389746000086575e+02 1.043936839230484139e+02
3.959999999999999964e+00 1.778938131114458976e+00 1.767332087367507825e+02 1.314090274927582982e+02 1.051750105292604047e+02
3.965000000000000302e+00 1.780504135130244192e+00 1.772137292961659512e+02 1.317797028155747512e+02 1.059650680936551623e+02
3.970000000000000195e+00 1.782075634414699072e+00 1.776949920956224673e+02 1.321509990021586987e+02 1.067639137846230994e+02
3.975000000000000089e+00 1.783652700531359159e+00 1.781770097782172400e+02 1.325229195556757418e+02 1.075715801046875129e+02
3.979999999999999982e+00 1.785235405715812629e+00 1.786597765834581253e+02 1.328954586097130459e+02 1.083880918618492473e+02
3.984999999999999876e+00 1.786823822882243729e+00 1.791433124945571080e+02 1.332686406116346802e+02 1.092134897095469341e+02
3.990000000000000213e+00 1.788418025630066133e+00 1.796276119049360318e+02 1.336424545037260714e+02 1.100478137141171260e+02
3.995000000000000107e+00 1.790018088250662442e+00 1.801126854155295121e+02 1.340169122904989081e+02 1.108910934199356007e+02
4.000000000000000000e+00 1.791624085734228267e+00 1.805985742878424105e+02 1.343920180764764041e+02 1.117433567015801685e+02
