% raindrop T-matrix calculations using the code of Leinonen, J., "Python code for T-matrix scattering calculations". Available at https://github.com/jleinonen/pytmatrix/. 
% 
% refractive index calculations after Ray, P., 1972:  Broadband Complex Refractive Indices of Ice and Water, Appl. Opt. 11, 1836-1844 
% 
% raindrop aspect ratio estimated with the methodology of Brandes, Edward & Zhang, Guifu & Vivekanandan, Jothiram. (2005). Corrigendum. Journal of Applied Meteorology. 44. 186-. 10.1175/1520-0450(2005)44<186:C>2.0.CO;2. 
% 
% wave length: 3.189281 mm 
% temperature: 273.15 K 
% refractive index: 2.813427925109863281e+00 + 1.382594585418701172e+00 i 
% 
%r_eqv[mm]               axial ratio              ext[mm2]                 sca[mm2]                 back[mm2]
5.000000000000000104e-03 9.999900000999989436e-01 5.798717137210492211e-07 1.354365710162888585e-12 2.031409583390749974e-12
1.000000000000000021e-02 9.999900000999989436e-01 4.642485949949562664e-06 8.670175088769645853e-11 1.300170257199009373e-10
1.499999999999999944e-02 9.999900000999989436e-01 1.568839718635521615e-05 9.880100187567043910e-10 1.481102461606018083e-09
2.000000000000000042e-02 9.999900000999989436e-01 3.725457637841236397e-05 5.554602354632404736e-09 8.322786856975951791e-09
2.500000000000000139e-02 9.999900000999989436e-01 7.293399600234853680e-05 2.120532307569753854e-08 3.175363648201289728e-08
2.999999999999999889e-02 9.999900000999989436e-01 1.263962794088582743e-04 6.337768621109163442e-08 9.483279949525656273e-08
3.500000000000000333e-02 9.999900000999989436e-01 2.014094751259569384e-04 1.599898702374566575e-07 2.391824227231713718e-07
4.000000000000000083e-02 9.999900000999989436e-01 3.018629651403320928e-04 3.569360765306321263e-07 5.330683734881549035e-07
4.499999999999999833e-02 9.999900000999989436e-01 4.317917712208160503e-04 7.246394495222242624e-07 1.080964471740759831e-06
5.000000000000000278e-02 9.999900000999989436e-01 5.954019239273941871e-04 1.365692389277628316e-06 2.034608117382210996e-06
5.500000000000000028e-02 9.999900000999989436e-01 7.970977095030725877e-04 2.423616461077710475e-06 3.605552931061207323e-06
5.999999999999999778e-02 9.999900000999989436e-01 1.041509744480949252e-03 4.092779790878350056e-06 6.079226664436350205e-06
6.500000000000000222e-02 9.999900000999989436e-01 1.333525464683996044e-03 6.629513680814902743e-06 9.830502461190832793e-06
7.000000000000000666e-02 9.999900000999989436e-01 1.678320740597110403e-03 1.036447464593213760e-05 1.534079211974275603e-05
7.499999999999999722e-02 9.999900000999989436e-01 2.081392864976257338e-03 1.571629861605106915e-05 2.321666501413566369e-05
8.000000000000000167e-02 9.999900000999989436e-01 2.548596616494240834e-03 2.320660237901664687e-05 3.421000208035001114e-05
8.500000000000000611e-02 9.999900000999989436e-01 3.086180963123612113e-03 3.347640122247426029e-05 4.923970972609712041e-05
8.999999999999999667e-02 9.999900000999989436e-01 3.700829174384983114e-03 4.730396443851945452e-05 6.941494047435416582e-05
9.500000000000000111e-02 9.999900000999989436e-01 4.399698976370863129e-03 6.562424072886234778e-05 9.605992706657611759e-05
1.000000000000000056e-01 9.999900000999989436e-01 5.190468267006058053e-03 8.954983428615415097e-05 1.307403031250889793e-04
1.049999999999999961e-01 9.999900000999989436e-01 6.081377808675456249e-03 1.203937089152714267e-04 1.752910733465897061e-04
1.100000000000000006e-01 9.999900000999989436e-01 7.081283799127873965e-03 1.596935117611452109e-04 2.318459597560337620e-04
1.150000000000000050e-01 9.999900000999989436e-01 8.199705491275048261e-03 2.092378944636782577e-04 3.028685746847960898e-04
1.199999999999999956e-01 9.999900000999989436e-01 9.446878933591397465e-03 2.710945463203675155e-04 3.911848751430385359e-04
1.250000000000000000e-01 9.999900000999989436e-01 1.083381391648343892e-02 3.476401702834168417e-04 5.000171124563544027e-04
1.300000000000000044e-01 9.999900000999989436e-01 1.237235338827138119e-02 4.415927166442472373e-04 6.330196222642199338e-04
1.350000000000000089e-01 9.999900000999989436e-01 1.407523077957722329e-02 5.560455228494870332e-04 7.943157991358553360e-04
1.400000000000000133e-01 9.999900000999989436e-01 1.595613709032790706e-02 6.945035530607491766e-04 9.885364046719089751e-04
1.449999999999999900e-01 9.999900000999989436e-01 1.802978642247270169e-02 8.609219118082387821e-04 1.220859321953730956e-03
1.499999999999999944e-01 9.999900000999989436e-01 2.031198430387038539e-02 1.059747150904903580e-03 1.497051422044208937e-03
1.549999999999999989e-01 9.999900000999989436e-01 2.281969629224154389e-02 1.295959342925021452e-03 1.823509368310447746e-03
1.600000000000000033e-01 9.999900000999989436e-01 2.557112881512068822e-02 1.575119109388747017e-03 2.207305450041916611e-03
1.650000000000000078e-01 9.999900000999989436e-01 2.858579039779921005e-02 1.903413742117993426e-03 2.656229643553110076e-03
1.700000000000000122e-01 9.999900000999989436e-01 3.188458923610648643e-02 2.287708843337586673e-03 3.178837294377174442e-03
1.750000000000000167e-01 9.999900000999989436e-01 3.548988538075185245e-02 2.735599234270768166e-03 3.784493095431472939e-03
1.799999999999999933e-01 9.999900000999989436e-01 3.942559532579487103e-02 3.255465729176637395e-03 4.483420994021822432e-03
1.849999999999999978e-01 9.999900000999989436e-01 4.371724882017147956e-02 3.856529535024171701e-03 5.286747819763128534e-03
1.900000000000000022e-01 1.000338260324268314e+00 4.840104790439530430e-02 4.550035059380445022e-03 6.208383250837238611e-03
1.950000000000000067e-01 1.000344839311130496e+00 5.348915499861509049e-02 5.345047947322737955e-03 7.258122612281791772e-03
2.000000000000000111e-01 1.000357515291503407e+00 5.902062882103475960e-02 6.254635613243693382e-03 8.451654373759895714e-03
2.050000000000000155e-01 1.000376259251188893e+00 6.502832657850644849e-02 7.292009285765540909e-03 9.804226601542462630e-03
2.099999999999999922e-01 1.000401042453005207e+00 7.154711024804369379e-02 8.471533072282896523e-03 1.133222830188510694e-02
2.149999999999999967e-01 1.000431836433301802e+00 7.861391049348380455e-02 9.808796842033295355e-03 1.305324437871021453e-02
2.200000000000000011e-01 1.000468612998516083e+00 8.626777207656302626e-02 1.132066805809820061e-02 1.498607893184777419e-02
2.250000000000000056e-01 1.000511344221778787e+00 9.454991378590682505e-02 1.302536776510931221e-02 1.715081091784024375e-02
2.300000000000000100e-01 1.000560002439564444e+00 1.035037322011238686e-01 1.494252999436660595e-02 1.956882604441143730e-02
2.350000000000000144e-01 1.000614560248383578e+00 1.131748569782066449e-01 1.709325814764413656e-02 2.226284226381615092e-02
2.399999999999999911e-01 1.000674990501522643e+00 1.236111505498252161e-01 1.950018505238423211e-02 2.525694145769724619e-02
2.449999999999999956e-01 1.000741266305821942e+00 1.348626404600551110e-01 2.218752202461084233e-02 2.857658754961132225e-02
2.500000000000000000e-01 1.000813361018499714e+00 1.469815640419843972e-01 2.518110820116629955e-02 3.224864282866785753e-02
2.550000000000000044e-01 1.000891248244015541e+00 1.600222343411977777e-01 2.850844646687023670e-02 3.630137320609273105e-02
2.600000000000000089e-01 1.000974901830975039e+00 1.740409731346802547e-01 3.219872282646667888e-02 4.076442897645751740e-02
2.650000000000000133e-01 1.001064295869075416e+00 1.890959847918097514e-01 3.628284175756470165e-02 4.566885686317077170e-02
2.700000000000000178e-01 1.001159404686088994e+00 2.052472183194643252e-01 4.079341223550426998e-02 5.104704370315950313e-02
2.750000000000000222e-01 1.001260202844886926e+00 2.225560831850054988e-01 4.576472997113061741e-02 5.693267002150643324e-02
2.800000000000000266e-01 1.001366665140501100e+00 2.410853302154781219e-01 5.123277243574460293e-02 6.336068220111347460e-02
2.850000000000000311e-01 1.001478766597222014e+00 2.608986507022771351e-01 5.723512538579556691e-02 7.036718207947534331e-02
2.899999999999999800e-01 1.001596482465736404e+00 2.820603941778339618e-01 6.381090378308681976e-02 7.798932392204212249e-02
2.949999999999999845e-01 1.001719788220298835e+00 3.046351385813803603e-01 7.100065701064178780e-02 8.626519553307826493e-02
2.999999999999999889e-01 1.001848659555939935e+00 3.286872626232548167e-01 7.884622800894673655e-02 9.523365246829681996e-02
3.049999999999999933e-01 1.001983072385710605e+00 3.542804757056681186e-01 8.739061981075949004e-02 1.049341774454715936e-01
3.099999999999999978e-01 1.002123002837959964e+00 3.814771807595295217e-01 9.667773200909941800e-02 1.154065755966263568e-01
3.150000000000000022e-01 1.002268427253648841e+00 4.103379439509415860e-01 1.067521984503269211e-01 1.266908166705603411e-01
3.200000000000000067e-01 1.002419322183694117e+00 4.409207598380579518e-01 1.176590643043551321e-01 1.388266860661166169e-01
3.250000000000000111e-01 1.002575664386349930e+00 4.732803872356738384e-01 1.294434550746630386e-01 1.518534272325439416e-01
3.300000000000000155e-01 1.002737430824617970e+00 5.074676453528333964e-01 1.421502811671625233e-01 1.658094429151886207e-01
3.350000000000000200e-01 1.002904598663692415e+00 5.435284764570280647e-01 1.558237465560961821e-01 1.807317606442254698e-01
3.400000000000000244e-01 1.003077145268434833e+00 5.815032785575267038e-01 1.705070097477744406e-01 1.966556917882243405e-01
3.450000000000000289e-01 1.003255048200880628e+00 6.214260850339016207e-01 1.862416163450032192e-01 2.136141953644757341e-01
3.500000000000000333e-01 1.003438285217776782e+00 6.633236223279255217e-01 2.030670303414123523e-01 2.316373973358505090e-01
3.549999999999999822e-01 1.003626834268148693e+00 7.072146044911871154e-01 2.210200252479467553e-01 2.507518911980528564e-01
3.599999999999999867e-01 1.003820673490896542e+00 7.531090358679400909e-01 2.401342113309597737e-01 2.709802203888929117e-01
3.649999999999999911e-01 1.004019781212422524e+00 8.010073024143190557e-01 2.604393615705395959e-01 2.923401437596041541e-01
3.699999999999999956e-01 1.004224135944284502e+00 8.508996786834791548e-01 2.819608045374140115e-01 3.148438870670978718e-01
3.750000000000000000e-01 1.004433716380879638e+00 9.027658583874402787e-01 3.047189096058513513e-01 3.384975676356434815e-01
3.800000000000000044e-01 1.004648501397155336e+00 9.565742040511669986e-01 3.287283906724858262e-01 3.633003785212011727e-01
3.850000000000000089e-01 1.004868470046347273e+00 1.012281648951210977e+00 3.539978129984211463e-01 3.892439728731379445e-01
3.900000000000000133e-01 1.005093601557745631e+00 1.069833713723073787e+00 3.805290717651118593e-01 4.163117819800460362e-01
3.950000000000000178e-01 1.005323875334485528e+00 1.129163998111219813e+00 4.083169699440046818e-01 4.444785837158828912e-01
4.000000000000000222e-01 1.005559270951367434e+00 1.190194763840443537e+00 4.373487460117561620e-01 4.737098108903432525e-01
4.050000000000000266e-01 1.005799768152698448e+00 1.252837118648928882e+00 4.676038283886515545e-01 5.039612503598047688e-01
4.100000000000000311e-01 1.006045346850164002e+00 1.316991345556357107e+00 4.990536501275906756e-01 5.351788167788564810e-01
4.150000000000000355e-01 1.006295987120720881e+00 1.382547970518172686e+00 5.316614911773793750e-01 5.672982548717914186e-01
4.199999999999999845e-01 1.006551669204517108e+00 1.449388090625762793e+00 5.653825512406760456e-01 6.002453395475148001e-01
4.249999999999999889e-01 1.006812373502834479e+00 1.517384884084686192e+00 6.001641972506370770e-01 6.339360712851902502e-01
4.299999999999999933e-01 1.007078080576055967e+00 1.586404507942356767e+00 6.359459613157290025e-01 6.682766251098787302e-01
4.349999999999999978e-01 1.007348771141657329e+00 1.656307202098270759e+00 6.726603733868128376e-01 7.031646205105974712e-01
4.400000000000000022e-01 1.007624426072219359e+00 1.726949125137030361e+00 7.102330417153744913e-01 7.384889283697841922e-01
4.450000000000000067e-01 1.007905026393466796e+00 1.798183434617055543e+00 7.485838196050200732e-01 7.741314845326510152e-01
4.500000000000000111e-01 1.008190553282325652e+00 1.869861809300900291e+00 7.876271579530804701e-01 8.099675418492338075e-01
4.550000000000000155e-01 1.008480988065006079e+00 1.941836410553782422e+00 8.272731492430359657e-01 8.458670962219020373e-01
4.600000000000000200e-01 1.008776312215104998e+00 2.013960979055200440e+00 8.674286263105378536e-01 8.816963912833564176e-01
4.650000000000000244e-01 1.009076507351731156e+00 2.086092206512903946e+00 9.079977568085376705e-01 9.173186088035432117e-01
4.700000000000000289e-01 1.009381555237651273e+00 2.158091704551426293e+00 9.488836326672768218e-01 9.525960192219601330e-01
4.750000000000000333e-01 1.009691437777457068e+00 2.229827296314361273e+00 9.899890041729071388e-01 9.873907541679023403e-01
4.799999999999999822e-01 1.010006137015752481e+00 2.301173572263283784e+00 1.031217222261678668e+00 1.021566264734471652e+00
4.849999999999999867e-01 1.010325635135361333e+00 2.372013759052270299e+00 1.072473692248507415e+00 1.054988997712877463e+00
4.899999999999999911e-01 1.010649914455556075e+00 2.442240477835110557e+00 1.113666339844482822e+00 1.087528814701276936e+00
4.949999999999999956e-01 1.010978957430304748e+00 2.511756436882598642e+00 1.154707224372431229e+00 1.119061356441546362e+00
5.000000000000000000e-01 1.011312746646537475e+00 2.580475316789565099e+00 1.195512564017215507e+00 1.149467402549477546e+00
5.050000000000000044e-01 1.011651264822433394e+00 2.648321885378372542e+00 1.236004170266924440e+00 1.178635395858442347e+00
5.100000000000000089e-01 1.011994494805724676e+00 2.715232534630260819e+00 1.276109542029594479e+00 1.206460732581362549e+00
5.150000000000000133e-01 1.012342419572020980e+00 2.781155718702672974e+00 1.315762953639003419e+00 1.232847103575696934e+00
5.200000000000000178e-01 1.012695022223150554e+00 2.846051720561349807e+00 1.354905481223309005e+00 1.257706427938924509e+00
5.250000000000000222e-01 1.013052285985520662e+00 2.909892137408177426e+00 1.393485327423293452e+00 1.280959397517305698e+00
5.300000000000000266e-01 1.013414194208494434e+00 2.972660133072333455e+00 1.431458162892524477e+00 1.302535175169767356e+00
5.350000000000000311e-01 1.013780730362787486e+00 3.034350049763300472e+00 1.468787240036581343e+00 1.322371579252206608e+00
5.400000000000000355e-01 1.014151878038878962e+00 3.094966418557636434e+00 1.505443211331167763e+00 1.340414945866795104e+00
5.450000000000000400e-01 1.014527620945441466e+00 3.154524266806621124e+00 1.541404375720253794e+00 1.356619478325342465e+00
5.500000000000000444e-01 1.014907942907788518e+00 3.213047151483335639e+00 1.576655742717578024e+00 1.370947072877038542e+00
5.550000000000000488e-01 1.015292827866336012e+00 3.270567840433870277e+00 1.611189897081870992e+00 1.383367170272451485e+00
5.600000000000000533e-01 1.015682259875082316e+00 3.327126755345086728e+00 1.645005648853453462e+00 1.393855581809382072e+00
5.650000000000000577e-01 1.016076223100103704e+00 3.382771609427564830e+00 1.678108422657545118e+00 1.402394570984488498e+00
5.700000000000000622e-01 1.016474701818065096e+00 3.437556297461489496e+00 1.710509396154137551e+00 1.408972150625434905e+00
5.750000000000000666e-01 1.016877680414747243e+00 3.491540394767330469e+00 1.742225460114815938e+00 1.413581771975542134e+00
5.799999999999999600e-01 1.017285143383589441e+00 3.544788094401686962e+00 1.773278067874465513e+00 1.416220999416477389e+00
5.849999999999999645e-01 1.017697075324246692e+00 3.597368034979421925e+00 1.803693745126955017e+00 1.416892081571225148e+00
5.899999999999999689e-01 1.018113460941162618e+00 3.649352530196801059e+00 1.833503446347496624e+00 1.415601644862970021e+00
5.949999999999999734e-01 1.018534285042156151e+00 3.700816179287900631e+00 1.862741224632014747e+00 1.412358982328786317e+00
5.999999999999999778e-01 1.018959532537025314e+00 3.751835931364340126e+00 1.891444628883458545e+00 1.407176934077009056e+00
6.049999999999999822e-01 1.019389188436160998e+00 3.802490336153720563e+00 1.919654306780825159e+00 1.400071911691973758e+00
6.099999999999999867e-01 1.019823237849180497e+00 3.852859100706726547e+00 1.947413124126130102e+00 1.391062544033164317e+00
6.149999999999999911e-01 1.020261665983570154e+00 3.903022644837921717e+00 1.974766334582446881e+00 1.380170682695138096e+00
6.199999999999999956e-01 1.020704458143344873e+00 3.953060567947437765e+00 2.001759956991448597e+00 1.367420452687526211e+00
6.250000000000000000e-01 1.021151599727719406e+00 4.003053579628104153e+00 2.028442837393071407e+00 1.352839941877747920e+00
6.300000000000000044e-01 1.021603076229795626e+00 4.053080775734066776e+00 2.054863657367460128e+00 1.336458985278887290e+00
6.350000000000000089e-01 1.022058873235258902e+00 4.103220565870491221e+00 2.081072425543654791e+00 1.318311327148484757e+00
6.400000000000000133e-01 1.022518976421092685e+00 4.153549498685456420e+00 2.107118890801312094e+00 1.298433633061727654e+00
6.450000000000000178e-01 1.022983371554301524e+00 4.204143545299265483e+00 2.133054159041150033e+00 1.276867011343383540e+00
6.500000000000000222e-01 1.023452044490649859e+00 4.255075552686265361e+00 2.158927753113193848e+00 1.253655212104884509e+00
6.550000000000000266e-01 1.023924981173411908e+00 4.306417507052255900e+00 2.184790450060206890e+00 1.228847774799549208e+00
6.600000000000000311e-01 1.024402167632133542e+00 4.358238319006673578e+00 2.210691524789333950e+00 1.202497931605345682e+00
6.650000000000000355e-01 1.024883589981409493e+00 4.410604232313285245e+00 2.236679459290203287e+00 1.174663841995920777e+00
6.700000000000000400e-01 1.025369234419667430e+00 4.463579211674854719e+00 2.262802381765638415e+00 1.145409667931494235e+00
6.750000000000000444e-01 1.025859087227968924e+00 4.517224502949537701e+00 2.289107420278447158e+00 1.114805042271123536e+00
6.800000000000000488e-01 1.026353134768820174e+00 4.571597623166248958e+00 2.315639855198538655e+00 1.082925150703280881e+00
6.850000000000000533e-01 1.026851363484993174e+00 4.626752931052877216e+00 2.342443610699439294e+00 1.049851739844693155e+00
6.900000000000000577e-01 1.027353759898360641e+00 4.682741916273046812e+00 2.369561846437247432e+00 1.015673606786904992e+00
6.950000000000000622e-01 1.027860310608740946e+00 4.739612128339246944e+00 2.397035420290346330e+00 9.804857027613224085e-01
7.000000000000000666e-01 1.028371002292754355e+00 4.797407265610178939e+00 2.424903454333346087e+00 9.443901945191439662e-01
7.049999999999999600e-01 1.028885821702690384e+00 4.856167009618775232e+00 2.453202935595487855e+00 9.074958242072190817e-01
7.099999999999999645e-01 1.029404755665387139e+00 4.915927494152239952e+00 2.481969291421921575e+00 8.699188475777647200e-01
7.149999999999999689e-01 1.029927791081118427e+00 4.976720393769949347e+00 2.511235492372705380e+00 8.317821753293390685e-01
7.199999999999999734e-01 1.030454914922495746e+00 5.038572687593808830e+00 2.541031791753004310e+00 7.932148518722601516e-01
7.249999999999999778e-01 1.030986114233377604e+00 5.101507464795682623e+00 2.571386824519676040e+00 7.543534702665574132e-01
7.299999999999999822e-01 1.031521376127789047e+00 5.165543637207404615e+00 2.602326304602643248e+00 7.153406057240900839e-01
7.349999999999999867e-01 1.032060687788854958e+00 5.230693975927139583e+00 2.633873398614955175e+00 6.763228777564945782e-01
7.399999999999999911e-01 1.032604036467738684e+00 5.296967736280941530e+00 2.666048536632593446e+00 6.374538742721060913e-01
7.449999999999999956e-01 1.033151409482594651e+00 5.364369445990174512e+00 2.698869554808123628e+00 5.988909202629703055e-01
7.500000000000000000e-01 1.033702794217528753e+00 5.432898533735556867e+00 2.732351651719703511e+00 5.607955210027396609e-01
7.550000000000000044e-01 1.034258178121568061e+00 5.502550356225895278e+00 2.766507345317597899e+00 5.233320480193747182e-01
7.600000000000000089e-01 1.034817548707643198e+00 5.573314630511746692e+00 2.801345572748159984e+00 4.866666166784069381e-01
7.650000000000000133e-01 1.035380893551575587e+00 5.645177046834236378e+00 2.836873178632354442e+00 4.509675125604720169e-01
7.700000000000000178e-01 1.035948200291078702e+00 5.718119243425001663e+00 2.873094140057355084e+00 4.164025429389369704e-01
7.750000000000000222e-01 1.036519456624765523e+00 5.792118384719555202e+00 2.910009762339433426e+00 3.831393341991085610e-01
7.800000000000000266e-01 1.037094650311166655e+00 5.867146937260633521e+00 2.947617963953849340e+00 3.513433862543621777e-01
7.850000000000000311e-01 1.037673769167756666e+00 5.943174644324773048e+00 2.985915127245771128e+00 3.211780457175125170e-01
7.900000000000000355e-01 1.038256801069989743e+00 6.020167059080839600e+00 3.024894166523008021e+00 2.928021295708358451e-01
7.950000000000000400e-01 1.038843733950345127e+00 6.098086515423070786e+00 3.064546047574579823e+00 2.663703814947702697e-01
8.000000000000000444e-01 1.039434555797379867e+00 6.176892953389272911e+00 3.104859693238119167e+00 2.420313242816904686e-01
8.050000000000000488e-01 1.040029254654790458e+00 6.256543395474985836e+00 3.145821189642657334e+00 2.199268620065905344e-01
8.100000000000000533e-01 1.040627818620484257e+00 6.336992368148569810e+00 3.187415051753315076e+00 2.001914387277769214e-01
8.150000000000000577e-01 1.041230235845658436e+00 6.418193317022623745e+00 3.229623861266412987e+00 1.829507856646322150e-01
8.200000000000000622e-01 1.041836494533886492e+00 6.500098464304577384e+00 3.272429067034722028e+00 1.683216014157796481e-01
8.250000000000000666e-01 1.042446582940215416e+00 6.582658573287092807e+00 3.315810369576841499e+00 1.564111510174781006e-01
8.300000000000000711e-01 1.043060489370268407e+00 6.665823876958643979e+00 3.359745943942781476e+00 1.473156497170712564e-01
8.349999999999999645e-01 1.043678202179357140e+00 6.749545021780671838e+00 3.404213342355094429e+00 1.411209339472095647e-01
8.399999999999999689e-01 1.044299709771603135e+00 6.833772464453731210e+00 3.449189055526336922e+00 1.379013844618810214e-01
8.449999999999999734e-01 1.044925000599063569e+00 6.918457882771064327e+00 3.494649635680540101e+00 1.377202176593143867e-01
8.499999999999999778e-01 1.045554063160868408e+00 7.003553318965905383e+00 3.540570340052253684e+00 1.406288546841140963e-01
8.549999999999999822e-01 1.046186886002363758e+00 7.089012913119014492e+00 3.586926902853719401e+00 1.466669562030648299e-01
8.599999999999999867e-01 1.046823457714263217e+00 7.174792054284091947e+00 3.633694649993670200e+00 1.558624305698897428e-01
8.649999999999999911e-01 1.047463766931806317e+00 7.260847959240221527e+00 3.680849123668235023e+00 1.682320184511252870e-01
8.699999999999999956e-01 1.048107802333925420e+00 7.347140877501623812e+00 3.728366892976902491e+00 1.837806418191559044e-01
8.750000000000000000e-01 1.048755552642418598e+00 7.433632568277982244e+00 3.776223866300815857e+00 2.025025708214023279e-01
8.800000000000000044e-01 1.049407006621131844e+00 7.520287743340985820e+00 3.824397060981507224e+00 2.243808970853277129e-01
8.850000000000000089e-01 1.050062153075147497e+00 7.607073943219933909e+00 3.872864555289834421e+00 2.493885782545147423e-01
8.900000000000000133e-01 1.050720980849978670e+00 7.693962274452743166e+00 3.921605359736799468e+00 2.774883069128649682e-01
8.950000000000000178e-01 1.051383478830772988e+00 7.780925283886128696e+00 3.970598766222896536e+00 3.086337034587592343e-01
9.000000000000000222e-01 1.052049635941522787e+00 7.867940109048336517e+00 4.019825812401086829e+00 3.427693336844293559e-01
9.050000000000000266e-01 1.052719441144281065e+00 7.954985627592797037e+00 4.069267855864790562e+00 3.798306952183603813e-01
9.100000000000000311e-01 1.053392883438386107e+00 8.042044936837870139e+00 4.118908544218731649e+00 4.197459396159530232e-01
9.150000000000000355e-01 1.054069951859691656e+00 8.129103243900761555e+00 4.168731769658869268e+00 4.624353633082947113e-01
9.200000000000000400e-01 1.054750635479804632e+00 8.216149556292855038e+00 4.218723285103981091e+00 5.078127241992040908e-01
9.250000000000000444e-01 1.055434923405329073e+00 8.303174847913572520e+00 4.268869397583314296e+00 5.557850397004244769e-01
9.300000000000000488e-01 1.056122804777117841e+00 8.390174783376812329e+00 4.319158598500468571e+00 6.062535071204120385e-01
9.350000000000000533e-01 1.056814268769528553e+00 8.477143626536456367e+00 4.369579574607612038e+00 6.591137274227207854e-01
9.400000000000000577e-01 1.057509304589689725e+00 8.564082193883736593e+00 4.420123060151708749e+00 7.142566427207949209e-01
9.450000000000000622e-01 1.058207901476769797e+00 8.650992532309599525e+00 4.470780790035455254e+00 7.715683306169794919e-01
9.500000000000000666e-01 1.058910048701254603e+00 8.737878630611806585e+00 4.521545635130992835e+00 8.309312665584588364e-01
9.550000000000000711e-01 1.059615735564230832e+00 8.824747220822757754e+00 4.572411753800357914e+00 8.922238963284485624e-01
9.599999999999999645e-01 1.060324951396675930e+00 8.911606106798968696e+00 4.623373943515098894e+00 9.553215253771702997e-01
9.649999999999999689e-01 1.061037685558753330e+00 8.998466130171667743e+00 4.674428715755515995e+00 1.020096340629434328e+00
9.699999999999999734e-01 1.061753927439116119e+00 9.085339223235504136e+00 4.725573484614228548e+00 1.086417480269801894e+00
9.749999999999999778e-01 1.062473666454213594e+00 9.172238491988196074e+00 4.776806010612121511e+00 1.154153327795953032e+00
9.799999999999999822e-01 1.063196892047607145e+00 9.259179713426693326e+00 4.828126244083774665e+00 1.223168162452674901e+00
9.849999999999999867e-01 1.063923593689290348e+00 9.346178694308814983e+00 4.879533768344017197e+00 1.293326505023314255e+00
9.899999999999999911e-01 1.064653760875015509e+00 9.433252973390775509e+00 4.931029765172720403e+00 1.364489559890815995e+00
9.949999999999999956e-01 1.065387383125626419e+00 9.520421153659587077e+00 4.982616006866254388e+00 1.436519049236011369e+00
1.000000000000000000e+00 1.066124449986396217e+00 9.607702238133583705e+00 5.034294947197645698e+00 1.509274034463033320e+00
1.005000000000000115e+00 1.066864951026373021e+00 9.695124867969642679e+00 5.086077549308707368e+00 1.582612193397604727e+00
1.010000000000000009e+00 1.067608875837728233e+00 9.782701892628931972e+00 5.137960351904861334e+00 1.656394403782463831e+00
1.015000000000000124e+00 1.068356214035114826e+00 9.870454417746604037e+00 5.189947858566990035e+00 1.730478869648003792e+00
1.020000000000000018e+00 1.069106955255026969e+00 9.958404408144197362e+00 5.242045484346157025e+00 1.804723517557119017e+00
1.024999999999999911e+00 1.069861089155168976e+00 1.004657389606643392e+01 5.294258778874896265e+00 1.878986547086475056e+00
1.030000000000000027e+00 1.070618605413826918e+00 1.013498490160917420e+01 5.346593823103026111e+00 1.953126379977705218e+00
1.034999999999999920e+00 1.071379493729249344e+00 1.022365982809578533e+01 5.399057440516752848e+00 2.027001781941389247e+00
1.040000000000000036e+00 1.072143743819029771e+00 1.031262110757728578e+01 5.451656437242697884e+00 2.100472108755004896e+00
1.044999999999999929e+00 1.072911345419497398e+00 1.040189136897128641e+01 5.504398687779503696e+00 2.173398125626075927e+00
1.050000000000000044e+00 1.073682288285112474e+00 1.049149249070991807e+01 5.557291616112626897e+00 2.245640776543235351e+00
1.054999999999999938e+00 1.074456562187866782e+00 1.058144645088804658e+01 5.610343572943434332e+00 2.317062491140848390e+00
1.060000000000000053e+00 1.075234156916690775e+00 1.067177509852747619e+01 5.663562607481218869e+00 2.387527810573770726e+00
1.064999999999999947e+00 1.076015062276864054e+00 1.076249985893315397e+01 5.716957784504898221e+00 2.456901940588078315e+00
1.070000000000000062e+00 1.076799268089433603e+00 1.085364187365924593e+01 5.770537797169197347e+00 2.525052913360238183e+00
1.074999999999999956e+00 1.077586764190635593e+00 1.094522137847470411e+01 5.824311689274830783e+00 2.591850808178931320e+00
1.080000000000000071e+00 1.078377540431322945e+00 1.103725871517683110e+01 5.878288722651308973e+00 2.657168319434611181e+00
1.084999999999999964e+00 1.079171586676399119e+00 1.112977307178466191e+01 5.932477980643048099e+00 2.720879142706924103e+00
1.090000000000000080e+00 1.079968892804255898e+00 1.122278387687632595e+01 5.986889436519354568e+00 2.782862103495345352e+00
1.094999999999999973e+00 1.080769448706216718e+00 1.131630843475860004e+01 6.041531821709498651e+00 2.842998269075258211e+00
1.100000000000000089e+00 1.081573244285985780e+00 1.141036535264604090e+01 6.096415669756988009e+00 2.901171768296355591e+00
1.104999999999999982e+00 1.082380269459101152e+00 1.150497078222088199e+01 6.151549874497639792e+00 2.957271024586687780e+00
1.110000000000000098e+00 1.083190514152395201e+00 1.160014045720701148e+01 6.206943782675609533e+00 3.011187304623492267e+00
1.114999999999999991e+00 1.084003968303457022e+00 1.169589058512028679e+01 6.262607838874663990e+00 3.062818633363232568e+00
1.120000000000000107e+00 1.084820621860102863e+00 1.179223444909068164e+01 6.318550327524604882e+00 3.112064832990415031e+00
1.125000000000000000e+00 1.085640464779849657e+00 1.188918621209348281e+01 6.374781482673023802e+00 3.158831374606029474e+00
1.130000000000000115e+00 1.086463487029394992e+00 1.198675830254127384e+01 6.431310207033198445e+00 3.203029913454141120e+00
1.135000000000000009e+00 1.087289678584100638e+00 1.208496228632618852e+01 6.488145434568329151e+00 3.244576024029081740e+00
1.140000000000000124e+00 1.088119029427482509e+00 1.218380915585934687e+01 6.545296240699421730e+00 3.283390875499213379e+00
1.145000000000000018e+00 1.088951529550704622e+00 1.228330838315980067e+01 6.602771086723930871e+00 3.319402591618714204e+00
1.150000000000000133e+00 1.089787168952079055e+00 1.238347165198636191e+01 6.660578757235321667e+00 3.352539427261094662e+00
1.155000000000000027e+00 1.090625937636568565e+00 1.248430142859204928e+01 6.718726941858723656e+00 3.382751071539204180e+00
1.159999999999999920e+00 1.091467825615297427e+00 1.258580743232255550e+01 6.777224437612558106e+00 3.409980099549277277e+00
1.165000000000000036e+00 1.092312822905064262e+00 1.268799518957479044e+01 6.836078241453691362e+00 3.434179354881459201e+00
1.169999999999999929e+00 1.093160919527861763e+00 1.279086960066035950e+01 6.895295842148850163e+00 3.455309583548600294e+00
1.175000000000000044e+00 1.094012105510399513e+00 1.289443379160944403e+01 6.954883673168214209e+00 3.473337444578100452e+00
1.179999999999999938e+00 1.094866370883633921e+00 1.299869149985679151e+01 7.014849144977233664e+00 3.488239024263325216e+00
1.185000000000000053e+00 1.095723705682299487e+00 1.310364392707502823e+01 7.075198187147749174e+00 3.499996944191276160e+00
1.189999999999999947e+00 1.096584099944449830e+00 1.320929227504478654e+01 7.135936777920676377e+00 3.508601488404799795e+00
1.195000000000000062e+00 1.097447543710998508e+00 1.331563552035683706e+01 7.197069608979893118e+00 3.514050050334581954e+00
1.199999999999999956e+00 1.098314027025267592e+00 1.342267269123093421e+01 7.258602067743362696e+00 3.516349963656227207e+00
1.205000000000000071e+00 1.099183539932540254e+00 1.353040198807808991e+01 7.320538732858240749e+00 3.515514797703313654e+00
1.209999999999999964e+00 1.100056072479618674e+00 1.363881971478621402e+01 7.382883266832980240e+00 3.511567393737593079e+00
1.215000000000000080e+00 1.100931614714385054e+00 1.374792194990154570e+01 7.445639305795390683e+00 3.504538197558519474e+00
1.219999999999999973e+00 1.101810156685369746e+00 1.385770422462628382e+01 7.508810482411584886e+00 3.494466133137925201e+00
1.225000000000000089e+00 1.102691688441321372e+00 1.396815962506964404e+01 7.572398066314006471e+00 3.481397628839600689e+00
1.229999999999999982e+00 1.103576200030784493e+00 1.407928251903151562e+01 7.636405330557591853e+00 3.465388409715908669e+00
1.235000000000000098e+00 1.104463681501680172e+00 1.419106476313196552e+01 7.700832905313369281e+00 3.446501157111505620e+00
1.239999999999999991e+00 1.105354122900890967e+00 1.430349822257783110e+01 7.765681911947388549e+00 3.424807843857236911e+00
1.245000000000000107e+00 1.106247514273852595e+00 1.441657481205380087e+01 7.830954108893685373e+00 3.400387824728647423e+00
1.250000000000000000e+00 1.107143845664148030e+00 1.453028307964145505e+01 7.896647095916611292e+00 3.373325963095218150e+00
1.255000000000000115e+00 1.108043107113107384e+00 1.464461446872833683e+01 7.962762251467816910e+00 3.343718867539090756e+00
1.260000000000000009e+00 1.108945288659413109e+00 1.475955747042593380e+01 8.029298053884691200e+00 3.311667928073995348e+00
1.265000000000000124e+00 1.109850380338708309e+00 1.487510035883095227e+01 8.096252517653839575e+00 3.277281096616737610e+00
1.270000000000000018e+00 1.110758372183210829e+00 1.499123176462416573e+01 8.163623993721481398e+00 3.240676167555057496e+00
1.275000000000000133e+00 1.111669254221331116e+00 1.510794007300641262e+01 8.231410754543373898e+00 3.201975419245028043e+00
1.280000000000000027e+00 1.112583016477296738e+00 1.522521142587547516e+01 8.299608704771850753e+00 3.161306646710803303e+00
1.284999999999999920e+00 1.113499648970778022e+00 1.534303359400570521e+01 8.368214981630977434e+00 3.118806453003079238e+00
1.290000000000000036e+00 1.114419141716522343e+00 1.546139308183314043e+01 8.437225576457837661e+00 3.074614694286591732e+00
1.294999999999999929e+00 1.115341484723989307e+00 1.558027658387754144e+01 8.506636546899862594e+00 3.028878264320061575e+00
1.300000000000000044e+00 1.116266667996994588e+00 1.569967081695326883e+01 8.576443385956523002e+00 2.981748490192468015e+00
1.304999999999999938e+00 1.117194681533353773e+00 1.581956251313775397e+01 8.646641289621690873e+00 2.933381587589218409e+00
1.310000000000000053e+00 1.118125515324534858e+00 1.593993759550087574e+01 8.717224646455054682e+00 2.883937054811139600e+00
1.314999999999999947e+00 1.119059159355313193e+00 1.606078277345180538e+01 8.788188265098627383e+00 2.833579315663484088e+00
1.320000000000000062e+00 1.119995603603431533e+00 1.618208513900175305e+01 8.859526592118136534e+00 2.782476659469540703e+00
1.324999999999999956e+00 1.120934838039265857e+00 1.630383089088100590e+01 8.931233197991357287e+00 2.730797958639166634e+00
1.330000000000000071e+00 1.121876852625492305e+00 1.642600738150689921e+01 9.003301858202377161e+00 2.678717134363003183e+00
1.334999999999999964e+00 1.122821637316764765e+00 1.654860162549739400e+01 9.075726228894982484e+00 2.626408388042175801e+00
1.340000000000000080e+00 1.123769182059389804e+00 1.667160160633141430e+01 9.148499633418644805e+00 2.574049078100226318e+00
1.344999999999999973e+00 1.124719476791012696e+00 1.679499575498070030e+01 9.221616215918107429e+00 2.521816875982049844e+00
1.350000000000000089e+00 1.125672511440304557e+00 1.691877214364367887e+01 9.295068436698681325e+00 2.469890003674410917e+00
1.354999999999999982e+00 1.126628275926654377e+00 1.704291946825004445e+01 9.368849221775173319e+00 2.418447012712039434e+00
1.360000000000000098e+00 1.127586760159866808e+00 1.716742837948756417e+01 9.442952964872418420e+00 2.367667054080279332e+00
1.364999999999999991e+00 1.128547954039863965e+00 1.729228792176031604e+01 9.517371343758046720e+00 2.317726302273856565e+00
1.370000000000000107e+00 1.129511847456391438e+00 1.741748888945426899e+01 9.592098168264300284e+00 2.268802678672828588e+00
1.375000000000000000e+00 1.130478430288730518e+00 1.754302340873204358e+01 9.667127652732606435e+00 2.221072302079923233e+00
1.380000000000000115e+00 1.131447692405412875e+00 1.766888258319084315e+01 9.742451233524304754e+00 2.174705508680620181e+00
1.385000000000000009e+00 1.132419623663941444e+00 1.779506065331000286e+01 9.818064985170288139e+00 2.129875884771991412e+00
1.390000000000000124e+00 1.133394213910515980e+00 1.792154973451984645e+01 9.893960374813499214e+00 2.086749534474613199e+00
1.395000000000000018e+00 1.134371452979762385e+00 1.804834428647395939e+01 9.970132338380798487e+00 2.045493280116138290e+00
1.400000000000000133e+00 1.135351330694467364e+00 1.817544040104424141e+01 1.004657505680562934e+01 2.006265300971653343e+00
1.405000000000000027e+00 1.136333836865317526e+00 1.830283258886685616e+01 1.012328213826859624e+01 1.969225148535254766e+00
1.409999999999999920e+00 1.137318961290643582e+00 1.843051793794840876e+01 1.020024849331178274e+01 1.934525061569590365e+00
1.415000000000000036e+00 1.138306693756168331e+00 1.855849411532083337e+01 1.027746941986832496e+01 1.902313832614124012e+00
1.419999999999999929e+00 1.139297024034760630e+00 1.868675925625527512e+01 1.035493954643824921e+01 1.872733880892025082e+00
1.425000000000000044e+00 1.140289941886192482e+00 1.881531234767802019e+01 1.043265439556004814e+01 1.845923466228499565e+00
1.429999999999999938e+00 1.141285437056903218e+00 1.894415299407917885e+01 1.051060986002340591e+01 1.822015199272499553e+00
1.435000000000000053e+00 1.142283499279765024e+00 1.907328239693980265e+01 1.058880242729918209e+01 1.801136038883694335e+00
1.439999999999999947e+00 1.143284118273856675e+00 1.920270182870300246e+01 1.066722866545961779e+01 1.783405703599116876e+00
1.445000000000000062e+00 1.144287283744239936e+00 1.933241255931574543e+01 1.074588403622439259e+01 1.768938255145594107e+00
1.449999999999999956e+00 1.145292985381740625e+00 1.946241877530250264e+01 1.082476767452284427e+01 1.757841936647311032e+00
1.455000000000000071e+00 1.146301212862736563e+00 1.959272360683106839e+01 1.090387665955384300e+01 1.750217303394521640e+00
1.459999999999999964e+00 1.147311955848947074e+00 1.972333125555125477e+01 1.098320826744832956e+01 1.746156865617322307e+00
1.465000000000000080e+00 1.148325203987230259e+00 1.985422172128297902e+01 1.106275245234001758e+01 1.745723995039865750e+00
1.469999999999999973e+00 1.149340946909383598e+00 1.998544867313442452e+01 1.114252556010088924e+01 1.749040027148166310e+00
1.475000000000000089e+00 1.150359174231948334e+00 2.011699612283373995e+01 1.122251929859608310e+01 1.756158822097990457e+00
1.479999999999999982e+00 1.151379875556021837e+00 2.024887033657963897e+01 1.130273214790855718e+01 1.767141939528152239e+00
1.485000000000000098e+00 1.152403040467071982e+00 2.038107883374113882e+01 1.138316435704432905e+01 1.782046411474497161e+00
1.489999999999999991e+00 1.153428658534756623e+00 2.051362965440068820e+01 1.146381599951239494e+01 1.800919294241390300e+00
1.495000000000000107e+00 1.154456719312749513e+00 2.064653241086473301e+01 1.154468971007953826e+01 1.823802336025096782e+00
1.500000000000000000e+00 1.155487212338569769e+00 2.077979478200193242e+01 1.162578482227613819e+01 1.850725324998747867e+00
1.505000000000000115e+00 1.156520127133416675e+00 2.091342720312975345e+01 1.170710416274221544e+01 1.881713700201478767e+00
1.510000000000000009e+00 1.157555453202008700e+00 2.104743843484822818e+01 1.178864905932951856e+01 1.916783321237497395e+00
1.515000000000000124e+00 1.158593180032429393e+00 2.118183956177095695e+01 1.187042205899201974e+01 1.955939723804329011e+00
1.520000000000000018e+00 1.159633297095975069e+00 2.131664050888209516e+01 1.195242606537143182e+01 1.999183770270872795e+00
1.525000000000000133e+00 1.160675793847010029e+00 2.145185216472895107e+01 1.203466376735722498e+01 2.046504838192807263e+00
1.530000000000000027e+00 1.161720659722826676e+00 2.158748542360725509e+01 1.211713911731050430e+01 2.097886714422901644e+00
1.535000000000000142e+00 1.162767884143507846e+00 2.172355064874637876e+01 1.219985432621424337e+01 2.153302266311531543e+00
1.540000000000000036e+00 1.163817456511797577e+00 2.186005991432508111e+01 1.228281482991786433e+01 2.212718083408593550e+00
1.544999999999999929e+00 1.164869366212974766e+00 2.199702450950351462e+01 1.236602496853390321e+01 2.276092158238615326e+00
1.550000000000000044e+00 1.165923602614732379e+00 2.213445471842695156e+01 1.244948753985336687e+01 2.343373614903096147e+00
1.554999999999999938e+00 1.166980155067061542e+00 2.227236250407106155e+01 1.253320843861215117e+01 2.414503951063213805e+00
1.560000000000000053e+00 1.168039012902141183e+00 2.241075919368892144e+01 1.261719281067800935e+01 2.489417176386407693e+00
1.564999999999999947e+00 1.169100165434231231e+00 2.254965516972029960e+01 1.270144459358616018e+01 2.568037285475389009e+00
1.570000000000000062e+00 1.170163601959574473e+00 2.268906181477998274e+01 1.278596955504153954e+01 2.650283744885104653e+00
1.574999999999999956e+00 1.171229311756297298e+00 2.282899033099692332e+01 1.287077387100663906e+01 2.736066069052994987e+00
1.580000000000000071e+00 1.172297284084322211e+00 2.296945006195780792e+01 1.295586129894229899e+01 2.825287005049994526e+00
1.584999999999999964e+00 1.173367508185281460e+00 2.311045239826062669e+01 1.304123891211869335e+01 2.917841443959972025e+00
1.590000000000000080e+00 1.174439973282435989e+00 2.325200283003251656e+01 1.312691108970082610e+01 3.013611042278268926e+00
1.594999999999999973e+00 1.175514668580601496e+00 2.339411935663271436e+01 1.321288571281155200e+01 3.112489029965210374e+00
1.600000000000000089e+00 1.176591583266077601e+00 2.353680660903282984e+01 1.329916680618607394e+01 3.214343858649607810e+00
1.604999999999999982e+00 1.177670706506583453e+00 2.368007413327514854e+01 1.338576081387088479e+01 3.319043111628805942e+00
1.610000000000000098e+00 1.178752027451198003e+00 2.382392984219818288e+01 1.347267306182168767e+01 3.426448698591188613e+00
1.614999999999999991e+00 1.179835535230304933e+00 2.396838301001151450e+01 1.355991065457854994e+01 3.536414843800046004e+00
1.620000000000000107e+00 1.180921218955544472e+00 2.411343949976837919e+01 1.364747707485285133e+01 3.648791410945154468e+00
1.625000000000000000e+00 1.182009067719768769e+00 2.425910749756392093e+01 1.373537946512123398e+01 3.763421668867615644e+00
1.630000000000000115e+00 1.183099070597002811e+00 2.440539315521107611e+01 1.382362296474655672e+01 3.880145205055719693e+00
1.635000000000000009e+00 1.184191216642411337e+00 2.455230314971840500e+01 1.391221406193710308e+01 3.998795689404093689e+00
1.640000000000000124e+00 1.185285494892271307e+00 2.469984168568024785e+01 1.400115628328686412e+01 4.119201502934329184e+00
1.645000000000000018e+00 1.186381894363947032e+00 2.484801490944711588e+01 1.409045633433519384e+01 4.241187446824237206e+00
1.650000000000000133e+00 1.187480404055874628e+00 2.499682617119269423e+01 1.418011838445885253e+01 4.364575298431383921e+00
1.655000000000000027e+00 1.188581012947548476e+00 2.514627951142605511e+01 1.427014730880670790e+01 4.489181622090625545e+00
1.660000000000000142e+00 1.189683709999514560e+00 2.529637883829613898e+01 1.436054920739463014e+01 4.614821185087228272e+00
1.665000000000000036e+00 1.190788484153369131e+00 2.544712557897619831e+01 1.445132643833060726e+01 4.741304972854462285e+00
1.669999999999999929e+00 1.191895324331762041e+00 2.559852145279979041e+01 1.454248375360997869e+01 4.868443496028043604e+00
1.675000000000000044e+00 1.193004219438406732e+00 2.575056898493220814e+01 1.463402620858225411e+01 4.996042909266685150e+00
1.679999999999999938e+00 1.194115158358093565e+00 2.590326770787200061e+01 1.472595600900444879e+01 5.123908984880599427e+00
1.685000000000000053e+00 1.195228129956711127e+00 2.605661823817768763e+01 1.481827756619357572e+01 5.251846177793082049e+00
1.689999999999999947e+00 1.196343123081270665e+00 2.621062082279858174e+01 1.491099480588021819e+01 5.379660723456612281e+00
1.695000000000000062e+00 1.197460126559938276e+00 2.636527257282948256e+01 1.500410839736039748e+01 5.507153686872701570e+00
1.699999999999999956e+00 1.198579129202069993e+00 2.652057367815042355e+01 1.509762274920067071e+01 5.634130752812355425e+00
1.705000000000000071e+00 1.199700119798254416e+00 2.667652126081588548e+01 1.519153999432372260e+01 5.760397394215336142e+00
1.709999999999999964e+00 1.200823087120360011e+00 2.683311275445636568e+01 1.528586175424518956e+01 5.885759295959601012e+00
1.715000000000000080e+00 1.201948019921588173e+00 2.699034499615772020e+01 1.538059015206603419e+01 6.010023488905853917e+00
1.719999999999999973e+00 1.203074906936531852e+00 2.714821366659462498e+01 1.547572537372126078e+01 6.132999627667000020e+00
1.725000000000000089e+00 1.204203736881238829e+00 2.730671589074424688e+01 1.557127083529719513e+01 6.254501913988580242e+00
1.729999999999999982e+00 1.205334498453282777e+00 2.746584570595899066e+01 1.566722463536184762e+01 6.374343597041418619e+00
1.735000000000000098e+00 1.206467180331836975e+00 2.762560022661971715e+01 1.576359057277736753e+01 6.492345786082905690e+00
1.739999999999999991e+00 1.207601771177756689e+00 2.778597221512690396e+01 1.586036610159395721e+01 6.608329913214001650e+00
1.745000000000000107e+00 1.208738259633664436e+00 2.794695681338442128e+01 1.595755269148305899e+01 6.722123348312406321e+00
1.750000000000000000e+00 1.209876634324042799e+00 2.810854741984584848e+01 1.605514897709690558e+01 6.833557977985064369e+00
1.755000000000000115e+00 1.211016883855332349e+00 2.827073871014492923e+01 1.615315546127536805e+01 6.942470103623675115e+00
1.760000000000000009e+00 1.212158996816034451e+00 2.843352376312634533e+01 1.625157079350779554e+01 7.048703237068099092e+00
1.765000000000000124e+00 1.213302961776821398e+00 2.859689605487303155e+01 1.635039385153037728e+01 7.152104328874388628e+00
1.770000000000000018e+00 1.214448767290650766e+00 2.876083803270455519e+01 1.644962121251653286e+01 7.252539808345743744e+00
1.775000000000000133e+00 1.215596401892885980e+00 2.892536238154096750e+01 1.654925516112734840e+01 7.349850225358133926e+00
1.780000000000000027e+00 1.216745854101423552e+00 2.909045262697880929e+01 1.664929151002544572e+01 7.443912508949706464e+00
1.785000000000000142e+00 1.217897112416823635e+00 2.925610144656796763e+01 1.674972866577606823e+01 7.534603615617315953e+00
1.790000000000000036e+00 1.219050165322449919e+00 2.942230215764966061e+01 1.685056502965498737e+01 7.621806970387065228e+00
1.794999999999999929e+00 1.220205001284612623e+00 2.958904637300447149e+01 1.695179685176314166e+01 7.705412286453187320e+00
1.800000000000000044e+00 1.221361608752716377e+00 2.975632776883397668e+01 1.705342217230056079e+01 7.785318162084732485e+00
1.804999999999999938e+00 1.222519976159418986e+00 2.992413893310496320e+01 1.715543858584553405e+01 7.861432430576707375e+00
1.810000000000000053e+00 1.223680091920789526e+00 3.009247311884138298e+01 1.725784270321952363e+01 7.933672170961255432e+00
1.814999999999999947e+00 1.224841944436477315e+00 3.026132269639258254e+01 1.736063129141317773e+01 8.001959487136883098e+00
1.820000000000000062e+00 1.226005522089884225e+00 3.043068171969353131e+01 1.746380223574114154e+01 8.066230326037954868e+00
1.824999999999999956e+00 1.227170813248343206e+00 3.060054330539198375e+01 1.756735140213547552e+01 8.126426207673979718e+00
1.830000000000000071e+00 1.228337806263303689e+00 3.077090061495566431e+01 1.767127532683773694e+01 8.182498645159453687e+00
1.834999999999999964e+00 1.229506489470522324e+00 3.094174864967683547e+01 1.777557171734514441e+01 8.234409602369867187e+00
1.840000000000000080e+00 1.230676851190258825e+00 3.111308064231071668e+01 1.788023645556910424e+01 8.282127398930121842e+00
1.844999999999999973e+00 1.231848879727479362e+00 3.128489141886878144e+01 1.798526591145655473e+01 8.325633729345044642e+00
1.850000000000000089e+00 1.233022563372064173e+00 3.145717617900728769e+01 1.809065766366489569e+01 8.364916571852107907e+00
1.854999999999999982e+00 1.234197890399023168e+00 3.162992967937380229e+01 1.819640743000805116e+01 8.399975892671427857e+00
1.860000000000000098e+00 1.235374849068715752e+00 3.180314723247890996e+01 1.830251170519381532e+01 8.430819644315461048e+00
1.864999999999999991e+00 1.236553427627077095e+00 3.197682532629579200e+01 1.840896781364011048e+01 8.457462925040339030e+00
1.870000000000000107e+00 1.237733614305851271e+00 3.215096056549568004e+01 1.851577290443596979e+01 8.479935521405916887e+00
1.875000000000000000e+00 1.238915397322829737e+00 3.232554865177733205e+01 1.862292258009295765e+01 8.498273045421630201e+00
1.880000000000000115e+00 1.240098764882095139e+00 3.250058768110174157e+01 1.873041441637845850e+01 8.512519937647930135e+00
1.885000000000000009e+00 1.241283705174272667e+00 3.267607448858697694e+01 1.883824538862005937e+01 8.522729338827717882e+00
1.890000000000000124e+00 1.242470206376787178e+00 3.285200814912756329e+01 1.894641287980135047e+01 8.528968092583875560e+00
1.895000000000000018e+00 1.243658256654124994e+00 3.302838609084512456e+01 1.905491337721394984e+01 8.531307386697603690e+00
1.900000000000000133e+00 1.244847844158103012e+00 3.320520795962270455e+01 1.916374498369772539e+01 8.529825203446371518e+00
1.905000000000000027e+00 1.246038957028144711e+00 3.338247279857202443e+01 1.927290495834151329e+01 8.524613946621297345e+00
1.910000000000000142e+00 1.247231583391559262e+00 3.356018033905264275e+01 1.938239090995693914e+01 8.515770543959776617e+00
1.915000000000000036e+00 1.248425711363831514e+00 3.373832388869698917e+01 1.949220079660118188e+01 8.503403032917439930e+00
1.919999999999999929e+00 1.249621329048912655e+00 3.391691819073579950e+01 1.960233298965206927e+01 8.487619869034014997e+00
1.925000000000000044e+00 1.250818424539521745e+00 3.409595810569206265e+01 1.971278567831027928e+01 8.468545932025966394e+00
1.929999999999999938e+00 1.252016985917450365e+00 3.427544401790020601e+01 1.982355648463352793e+01 8.446307036126331269e+00
1.935000000000000053e+00 1.253217001253874363e+00 3.445537919697250828e+01 1.993464513226509638e+01 8.421042559629794866e+00
1.939999999999999947e+00 1.254418458609672937e+00 3.463576539796351028e+01 2.004604962622940434e+01 8.392891104816918357e+00
1.945000000000000062e+00 1.255621346035752151e+00 3.481660583854491620e+01 2.015776965373242291e+01 8.362004344307036874e+00
1.949999999999999956e+00 1.256825651573374891e+00 3.499790409938379554e+01 2.026980475177752794e+01 8.328537019939709296e+00
1.955000000000000071e+00 1.258031363254499713e+00 3.517966221139859329e+01 2.038215237311456818e+01 8.292648567587312058e+00
1.959999999999999964e+00 1.259238469102119673e+00 3.536188663526067444e+01 2.049481531381907828e+01 8.254507763348540195e+00
1.965000000000000080e+00 1.260446957130616275e+00 3.554457935656292733e+01 2.060779074511240339e+01 8.214287006361336907e+00
1.969999999999999973e+00 1.261656815346111182e+00 3.572774560419775725e+01 2.072107927884784928e+01 8.172161518210039333e+00
1.975000000000000089e+00 1.262868031746829489e+00 3.591139155674650141e+01 2.083468294003677812e+01 8.128315542857523113e+00
1.979999999999999982e+00 1.264080594323466533e+00 3.609552229107483612e+01 2.094860153781229428e+01 8.082932730973181989e+00
1.985000000000000098e+00 1.265294491059563597e+00 3.628014143142494419e+01 2.106283410531514377e+01 8.036206194247323964e+00
1.989999999999999991e+00 1.266509709931886274e+00 3.646525587690965153e+01 2.117738317870148279e+01 7.988327242263643768e+00
1.995000000000000107e+00 1.267726238910813485e+00 3.665087223460874810e+01 2.129225025238480029e+01 7.939493308728454934e+00
2.000000000000000000e+00 1.268944065960727619e+00 3.683699537837386373e+01 2.140743537672855012e+01 7.889904972872452404e+00
2.004999999999999893e+00 1.270163179040415979e+00 3.702363187547739187e+01 2.152294048744160904e+01 7.839765119563391060e+00
2.010000000000000231e+00 1.271383566103475360e+00 3.721078895637443651e+01 2.163876798245313182e+01 7.789277001026014169e+00
2.015000000000000124e+00 1.272605215098723486e+00 3.739847243485166928e+01 2.175491911076918328e+01 7.738647816867509022e+00
2.020000000000000018e+00 1.273828113970618237e+00 3.758668868671405505e+01 2.187139596553821264e+01 7.688085652312588003e+00
2.024999999999999911e+00 1.275052250659680864e+00 3.777544530448357563e+01 2.198820066866256440e+01 7.637799442199102451e+00
2.030000000000000249e+00 1.276277613102927866e+00 3.796474828934327661e+01 2.210533620006823696e+01 7.587998929141724247e+00
2.035000000000000142e+00 1.277504189234306420e+00 3.815460581187541322e+01 2.222280508656962894e+01 7.538893118837711960e+00
2.040000000000000036e+00 1.278731966985139357e+00 3.834502253973602137e+01 2.234060903964896738e+01 7.490691574933740604e+00
2.044999999999999929e+00 1.279960934284574359e+00 3.853600693798581034e+01 2.245875180485488443e+01 7.443605191707392876e+00
2.049999999999999822e+00 1.281191079060038929e+00 3.872756453725923365e+01 2.257723546215945731e+01 7.397841430260351459e+00
2.055000000000000160e+00 1.282422389237703575e+00 3.891970184009159084e+01 2.269606245545494616e+01 7.353605397637747565e+00
2.060000000000000053e+00 1.283654852742951435e+00 3.911242750596994000e+01 2.281523817266413090e+01 7.311104957676130667e+00
2.064999999999999947e+00 1.284888457500850345e+00 3.930574487915220772e+01 2.293476288774431282e+01 7.270543440469666940e+00
2.069999999999999840e+00 1.286123191436637780e+00 3.949966012604183874e+01 2.305464394847394516e+01 7.232084488341619988e+00
2.075000000000000178e+00 1.287359042476205584e+00 3.969418316141291569e+01 2.317487977534619503e+01 7.195995907076652820e+00
2.080000000000000071e+00 1.288595998546594679e+00 3.988931795946601966e+01 2.329547613793924654e+01 7.162440545051394380e+00
2.084999999999999964e+00 1.289834047576496001e+00 4.008506993484553504e+01 2.341643628204032268e+01 7.131608036145640206e+00
2.089999999999999858e+00 1.291073177496757207e+00 4.028144455761514564e+01 2.353776266224137714e+01 7.103687615331211624e+00
2.095000000000000195e+00 1.292313376240894485e+00 4.047844726819608496e+01 2.365945978807914329e+01 7.078861580881977922e+00
2.100000000000000089e+00 1.293554631745612582e+00 4.067608304253025864e+01 2.378153066099694968e+01 7.057307899925478800e+00
2.104999999999999982e+00 1.294796931951329721e+00 4.087435604730402616e+01 2.390397788124935374e+01 7.039200296378069766e+00
2.109999999999999876e+00 1.296040264802710951e+00 4.107327203768444690e+01 2.402680605068394470e+01 7.024709393508577371e+00
2.115000000000000213e+00 1.297284618249205046e+00 4.127283380768759713e+01 2.415001736423795009e+01 7.013994338509832005e+00
2.120000000000000107e+00 1.298529980245588522e+00 4.147304694579835882e+01 2.427361673900648142e+01 7.007214237667303891e+00
2.125000000000000000e+00 1.299776338752518745e+00 4.167391308178575571e+01 2.439760518169980230e+01 7.004517520864259161e+00
2.129999999999999893e+00 1.301023681737088600e+00 4.187543606001719354e+01 2.452198630193367990e+01 7.006047608477811828e+00
2.135000000000000231e+00 1.302271997173391371e+00 4.207761963099892455e+01 2.464676466530983134e+01 7.011943308283288268e+00
2.140000000000000124e+00 1.303521273043090511e+00 4.228046570401036064e+01 2.477194187838565043e+01 7.022332986950081235e+00
2.145000000000000018e+00 1.304771497335994956e+00 4.248397690707288632e+01 2.489752183105697725e+01 7.037338424181791119e+00
2.149999999999999911e+00 1.306022658050641327e+00 4.268815410399772503e+01 2.502350576742205135e+01 7.057072998882006232e+00
2.155000000000000249e+00 1.307274743194883682e+00 4.289299902403755027e+01 2.514989648688813517e+01 7.081642156308300962e+00
2.160000000000000142e+00 1.308527740786487481e+00 4.309851506332389448e+01 2.527669915114947230e+01 7.111147054929357836e+00
2.165000000000000036e+00 1.309781638853730668e+00 4.330470035566680309e+01 2.540391237196470442e+01 7.145671842443580779e+00
2.169999999999999929e+00 1.311036425436011399e+00 4.351155686429255809e+01 2.553154130688501411e+01 7.185302152894483818e+00
2.175000000000000266e+00 1.312292088584462002e+00 4.371908320517626123e+01 2.565958552250337732e+01 7.230107148675690709e+00
2.180000000000000160e+00 1.313548616362568033e+00 4.392728175163711057e+01 2.578804962944052193e+01 7.280150165957333108e+00
2.185000000000000053e+00 1.314805996846795111e+00 4.413615058227236432e+01 2.591693669406107858e+01 7.335522850453382482e+00
2.189999999999999947e+00 1.316064218127219965e+00 4.434568908231277362e+01 2.604624362298663698e+01 7.396193197754908688e+00
2.194999999999999840e+00 1.317323268308171258e+00 4.455589497015314748e+01 2.617597291071184173e+01 7.462235950627347236e+00
2.200000000000000178e+00 1.318583135508872406e+00 4.476676877106644525e+01 2.630612807400147091e+01 7.533672480735693178e+00
2.205000000000000071e+00 1.319843807864092611e+00 4.497830781829048874e+01 2.643670978426208862e+01 7.610520647461377131e+00
2.209999999999999964e+00 1.321105273524805224e+00 4.519051032755291430e+01 2.656771777168098225e+01 7.692782354938221268e+00
2.214999999999999858e+00 1.322367520658849438e+00 4.540337334766947208e+01 2.669915357849046700e+01 7.780458329232985193e+00
2.220000000000000195e+00 1.323630537451601530e+00 4.561689596501737043e+01 2.683101926777814583e+01 7.873532798225657992e+00
2.225000000000000089e+00 1.324894312106648098e+00 4.583107380440080902e+01 2.696331306673288708e+01 7.971979301551800567e+00
2.229999999999999982e+00 1.326158832846469293e+00 4.604590455983102970e+01 2.709603631024085502e+01 8.075769270250791720e+00
2.234999999999999876e+00 1.327424087913126938e+00 4.626138505480409435e+01 2.722918931307685853e+01 8.184855956930833898e+00
2.240000000000000213e+00 1.328690065568957523e+00 4.647751244349863953e+01 2.736277214145134096e+01 8.299187163665186162e+00
2.245000000000000107e+00 1.329956754097271210e+00 4.669428272997907214e+01 2.749678444218623952e+01 8.418698310746821178e+00
2.250000000000000000e+00 1.331224141803060590e+00 4.691169238763260552e+01 2.763122585490324212e+01 8.543323956411716935e+00
2.254999999999999893e+00 1.332492217013710345e+00 4.712973767695298477e+01 2.776609650324378009e+01 8.672979217249388029e+00
2.260000000000000231e+00 1.333760968079716003e+00 4.734841387314324379e+01 2.790139435209905372e+01 8.807572312046849206e+00
2.265000000000000124e+00 1.335030383375409135e+00 4.756771791467549093e+01 2.803711982885386078e+01 8.947003724283238313e+00
2.270000000000000018e+00 1.336300451299685221e+00 4.778764572557521007e+01 2.817327194232048981e+01 9.091166212817332948e+00
2.274999999999999911e+00 1.337571160276742388e+00 4.800819300351512453e+01 2.830984974841313573e+01 9.239945401019010518e+00
2.280000000000000249e+00 1.338842498756821042e+00 4.822935587126638524e+01 2.844685220572405981e+01 9.393211984441064644e+00
2.285000000000000142e+00 1.340114455216953049e+00 4.845112993447738603e+01 2.858427780842061949e+01 9.550833793307827335e+00
2.290000000000000036e+00 1.341387018161716460e+00 4.867351043811953559e+01 2.872212507161988171e+01 9.712666457088705130e+00
2.294999999999999929e+00 1.342660176123993576e+00 4.889649341053216602e+01 2.886039220425720586e+01 9.878566918107946293e+00
2.300000000000000266e+00 1.343933917665737443e+00 4.912008245651746563e+01 2.899908232278584208e+01 1.004836215719167569e+01
2.305000000000000160e+00 1.345208231378743458e+00 4.934425970854747590e+01 2.913818606313898130e+01 1.022190984916229439e+01
2.310000000000000053e+00 1.346483105885426967e+00 4.956902804749088176e+01 2.927770600752164398e+01 1.039903208801597856e+01
2.314999999999999947e+00 1.347758529839606201e+00 4.979438283139033672e+01 2.941763903073993802e+01 1.057954519136047367e+01
2.319999999999999840e+00 1.349034491927291413e+00 5.002032213222014434e+01 2.955798585827011493e+01 1.076327312491033972e+01
2.325000000000000178e+00 1.350310980867478472e+00 5.024684023076167705e+01 2.969874165715159364e+01 1.095002263590298774e+01
2.330000000000000071e+00 1.351587985412951776e+00 5.047393429608592186e+01 2.983990579092544237e+01 1.113960453148863827e+01
2.334999999999999964e+00 1.352865494351088493e+00 5.070160125184101219e+01 2.998147701247441077e+01 1.133181206448105804e+01
2.339999999999999858e+00 1.354143496504671029e+00 5.092983948902232783e+01 3.012345392657292820e+01 1.152644134715024293e+01
2.345000000000000195e+00 1.355421980732705700e+00 5.115864256278099731e+01 3.026583128981859616e+01 1.172328971421425514e+01
2.350000000000000089e+00 1.356700935931243857e+00 5.138801152857983112e+01 3.040861170978876515e+01 1.192214255300121550e+01
2.354999999999999982e+00 1.357980351034212774e+00 5.161794061245867482e+01 3.055178935629749049e+01 1.212278130405550236e+01
2.359999999999999876e+00 1.359260215014249207e+00 5.184842968056820922e+01 3.069536465462810781e+01 1.232499041536493323e+01
2.365000000000000213e+00 1.360540516883539608e+00 5.207947620154847357e+01 3.083933535822395555e+01 1.252854338190254957e+01
2.370000000000000107e+00 1.361821245694665894e+00 5.231107809375598094e+01 3.098369905412342007e+01 1.273322162298000393e+01
2.375000000000000000e+00 1.363102390541456321e+00 5.254323377074162948e+01 3.112845462167569721e+01 1.293879774767111179e+01
2.379999999999999893e+00 1.364383940559842134e+00 5.277594242203484498e+01 3.127360019957818693e+01 1.314504383551195588e+01
2.385000000000000231e+00 1.365665884928720875e+00 5.300920132832694520e+01 3.141913258572994394e+01 1.335173260060256339e+01
2.390000000000000124e+00 1.366948212870820356e+00 5.324301297055723836e+01 3.156505360257700232e+01 1.355863649821359651e+01
2.395000000000000018e+00 1.368230913653576408e+00 5.347737340568793485e+01 3.171135835789475266e+01 1.376552506175778845e+01
2.399999999999999911e+00 1.369513976590007287e+00 5.371228428674367450e+01 3.185804771459494944e+01 1.397217019818311812e+01
2.405000000000000249e+00 1.370797391039600077e+00 5.394774579408122150e+01 3.200511958143763991e+01 1.417834790694183944e+01
2.410000000000000142e+00 1.372081146409197538e+00 5.418375661337653781e+01 3.215257209518217962e+01 1.438382705535943096e+01
2.415000000000000036e+00 1.373365232153893167e+00 5.442031911224336227e+01 3.230040529639752833e+01 1.458838430405953623e+01
2.419999999999999929e+00 1.374649637777930256e+00 5.465743283163107691e+01 3.244861688674546940e+01 1.479179784994529179e+01
2.425000000000000266e+00 1.375934352835608943e+00 5.489509914866937379e+01 3.259720636252050951e+01 1.499384578176139371e+01
2.430000000000000160e+00 1.377219366932191491e+00 5.513332017603433144e+01 3.274617444917934250e+01 1.519431103031476127e+01
2.435000000000000053e+00 1.378504669724822440e+00 5.537209554704774916e+01 3.289551723493509883e+01 1.539297824075482524e+01
2.439999999999999947e+00 1.379790250923445205e+00 5.561142947572513862e+01 3.304523739333497900e+01 1.558963996335119440e+01
2.444999999999999840e+00 1.381076100291728892e+00 5.585132224034325077e+01 3.319533270029401706e+01 1.578408757665719087e+01
2.450000000000000178e+00 1.382362207647998886e+00 5.609177643114028911e+01 3.334580228670667168e+01 1.597611276803321445e+01
2.455000000000000071e+00 1.383648562866170106e+00 5.633279586317772925e+01 3.349664848110298010e+01 1.616552655888011003e+01
2.459999999999999964e+00 1.384935155876690471e+00 5.657438143046967127e+01 3.364786868653298768e+01 1.635212963574025480e+01
2.464999999999999858e+00 1.386221976667483702e+00 5.681656391252119676e+01 3.379947135513856438e+01 1.653566955130834515e+01
2.470000000000000195e+00 1.387509015284901448e+00 5.705929372362356844e+01 3.395144151590864823e+01 1.671609617747700582e+01
2.475000000000000089e+00 1.388796261834676082e+00 5.730260078349056130e+01 3.410378856194224539e+01 1.689317043412442843e+01
2.479999999999999982e+00 1.390083706482882597e+00 5.754648692686414080e+01 3.425651046968150126e+01 1.706671907424944123e+01
2.484999999999999876e+00 1.391371339456903167e+00 5.779095740001231718e+01 3.440961053897362376e+01 1.723658709573224357e+01
2.490000000000000213e+00 1.392659151046396371e+00 5.803601390782319669e+01 3.456308646644571070e+01 1.740261638731874783e+01
2.495000000000000107e+00 1.393947131604270639e+00 5.828166193207650281e+01 3.471694117276173586e+01 1.756465322192518030e+01
2.500000000000000000e+00 1.395235271547664579e+00 5.852790426283655734e+01 3.487117419637399962e+01 1.772257018858945088e+01
2.504999999999999893e+00 1.396523561358930632e+00 5.877474546038337877e+01 3.502578656049496431e+01 1.787622568671412182e+01
2.510000000000000231e+00 1.397811991586621838e+00 5.902218988455603466e+01 3.518078174581756201e+01 1.802549549668574258e+01
2.515000000000000124e+00 1.399100552846486600e+00 5.927024118808291320e+01 3.533615740361265978e+01 1.817026684522555868e+01
2.520000000000000018e+00 1.400389235822465217e+00 5.951890325547686444e+01 3.549191743766797913e+01 1.831043070605542411e+01
2.524999999999999911e+00 1.401678031267691527e+00 5.976818173712979387e+01 3.564806297883249186e+01 1.844589030090893189e+01
2.530000000000000249e+00 1.402966930005501656e+00 6.001807925365149288e+01 3.580459441614388538e+01 1.857655126321120065e+01
2.535000000000000142e+00 1.404255922930439437e+00 6.026861273800085428e+01 3.596151833061099978e+01 1.870237512007295777e+01
2.540000000000000036e+00 1.405545001009279815e+00 6.051976416207462250e+01 3.611882883166237690e+01 1.882322368999491147e+01
2.544999999999999929e+00 1.406834155282040921e+00 6.077154795852787572e+01 3.627653044759072287e+01 1.893906173800603554e+01
2.550000000000000266e+00 1.408123376863012810e+00 6.102396834640268963e+01 3.643462520260439419e+01 1.904984001834969121e+01
2.555000000000000160e+00 1.409412656941783526e+00 6.127703035107077767e+01 3.659311683331910103e+01 1.915552298659898511e+01
2.560000000000000053e+00 1.410701986784272943e+00 6.153073741639008887e+01 3.675200486358940566e+01 1.925607378914214607e+01
2.564999999999999947e+00 1.411991357733769048e+00 6.178509230443933120e+01 3.691129162240230954e+01 1.935146651511618643e+01
2.569999999999999840e+00 1.413280761211968217e+00 6.204010147111510776e+01 3.707098009811801376e+01 1.944169458231001713e+01
2.575000000000000178e+00 1.414570188720020605e+00 6.229576657647669435e+01 3.723107229586392464e+01 1.952675730961114198e+01
2.580000000000000071e+00 1.415859631839580635e+00 6.255209235767487996e+01 3.739157037457919586e+01 1.960665599114694047e+01
2.584999999999999964e+00 1.417149082233858159e+00 6.280908154043941494e+01 3.755247489392262139e+01 1.968141414964327751e+01
2.589999999999999858e+00 1.418438531648677170e+00 6.306673858056802828e+01 3.771379034346267645e+01 1.975106342280602689e+01
2.595000000000000195e+00 1.419727971913536280e+00 6.332506572441188553e+01 3.787551665502868303e+01 1.981564465808235198e+01
2.600000000000000089e+00 1.421017394942674095e+00 6.358406631215461147e+01 3.803765741584636118e+01 1.987519695256409591e+01
2.604999999999999982e+00 1.422306792736138581e+00 6.384374377784466503e+01 3.820021417590350410e+01 1.992977842312848935e+01
2.609999999999999876e+00 1.423596157380858207e+00 6.410409888069797546e+01 3.836318762637110069e+01 1.997947259154864597e+01
2.615000000000000213e+00 1.424885481051721747e+00 6.436513676904669978e+01 3.852658270586181288e+01 2.002435176391520599e+01
2.620000000000000107e+00 1.426174756012655642e+00 6.462685823753744785e+01 3.869039931315927561e+01 2.006449209993531468e+01
2.625000000000000000e+00 1.427463974617710019e+00 6.488926563524663038e+01 3.885464027886206395e+01 2.010001488233712408e+01
2.629999999999999893e+00 1.428753129312145598e+00 6.515236180352542306e+01 3.901930816736415153e+01 2.013100816468984888e+01
2.635000000000000231e+00 1.430042212633526821e+00 6.541614562938397626e+01 3.918440201699188918e+01 2.015760749905184568e+01
2.640000000000000124e+00 1.431331217212814755e+00 6.568062340151463729e+01 3.934992843397087370e+01 2.017992429890940898e+01
2.645000000000000018e+00 1.432620135775467096e+00 6.594579046039065418e+01 3.951588354396291436e+01 2.019810738133733352e+01
2.649999999999999911e+00 1.433908961142540850e+00 6.621165316459759254e+01 3.968227401233259144e+01 2.021229083822025885e+01
2.655000000000000249e+00 1.435197686231796554e+00 6.647820886361053283e+01 3.984909825711248743e+01 2.022263286527864423e+01
2.660000000000000142e+00 1.436486304058808727e+00 6.674546913269274739e+01 4.001636062304992691e+01 2.022926125893264526e+01
2.665000000000000036e+00 1.437774807738079197e+00 6.701341637484260616e+01 4.018406018583283412e+01 2.023241705622437792e+01
2.669999999999999929e+00 1.439063190484150212e+00 6.728205803023678300e+01 4.035219827456769082e+01 2.023223356773732817e+01
2.675000000000000266e+00 1.440351445612727099e+00 6.755139626378576168e+01 4.052077831214725734e+01 2.022890892838475452e+01
2.680000000000000160e+00 1.441639566541798700e+00 6.782142840489458990e+01 4.068979872069561310e+01 2.022263145703974985e+01
2.685000000000000053e+00 1.442927546792763360e+00 6.809215651309540362e+01 4.085926299886431678e+01 2.021359862902198756e+01
2.689999999999999947e+00 1.444215379991559578e+00 6.836357779698704462e+01 4.102917119442678029e+01 2.020201634614100783e+01
2.694999999999999840e+00 1.445503059869796658e+00 6.863569269699031850e+01 4.119952448752005125e+01 2.018810082309999387e+01
2.700000000000000178e+00 1.446790580265890691e+00 6.890849935772973822e+01 4.137032218048166499e+01 2.017206604872707132e+01
2.705000000000000071e+00 1.448077935126202975e+00 6.918199848817555164e+01 4.154156885355153861e+01 2.015413806382060713e+01
2.709999999999999964e+00 1.449365118506182437e+00 6.945618512844555426e+01 4.171325991040198744e+01 2.013454577958257019e+01
2.714999999999999858e+00 1.450652124571508272e+00 6.973106094713276093e+01 4.188539978455047930e+01 2.011351826488173344e+01
2.720000000000000195e+00 1.451938947599239915e+00 7.000662345722385282e+01 4.205798781367343508e+01 2.009130240925577482e+01
2.725000000000000089e+00 1.453225581978965009e+00 7.028287037515354996e+01 4.223102410866338374e+01 2.006813152661487010e+01
2.729999999999999982e+00 1.454512022213955591e+00 7.055979839980797408e+01 4.240450742608290113e+01 2.004425544147816396e+01
2.734999999999999876e+00 1.455798262922322506e+00 7.083740864724440200e+01 4.257844072721898954e+01 2.001991554951197116e+01
2.740000000000000213e+00 1.457084298838174696e+00 7.111569627490963796e+01 4.275282132484543496e+01 1.999536868675086865e+01
2.745000000000000107e+00 1.458370124812782276e+00 7.139466050728407254e+01 4.292765187510857317e+01 1.997086795228473832e+01
2.750000000000000000e+00 1.459655735815740485e+00 7.167429760395798155e+01 4.310292926589819729e+01 1.994666399362863984e+01
2.754999999999999893e+00 1.460941126936137202e+00 7.195460642352421132e+01 4.327865551521616538e+01 1.992300984669781627e+01
2.760000000000000231e+00 1.462226293383724007e+00 7.223558249596474923e+01 4.345482811018901970e+01 1.990016950702045406e+01
2.765000000000000124e+00 1.463511230490086357e+00 7.251722625830643665e+01 4.363144893648406963e+01 1.987839299618496014e+01
2.770000000000000018e+00 1.464795933709824194e+00 7.279954246736807022e+01 4.380851550406553230e+01 1.985798148714174616e+01
2.774999999999999911e+00 1.466080398621724123e+00 7.308251053954997190e+01 4.398602882667063341e+01 1.983910631235861288e+01
2.780000000000000249e+00 1.467364620929943797e+00 7.336613596461458542e+01 4.416398626130694538e+01 1.982206237649187486e+01
2.785000000000000142e+00 1.468648596465194744e+00 7.365041735115184451e+01 4.434238877695439385e+01 1.980710276071312848e+01
2.790000000000000036e+00 1.469932321185927426e+00 7.393535217110640190e+01 4.452123566951578937e+01 1.979447689095316321e+01
2.794999999999999929e+00 1.471215791179520282e+00 7.422093642459472562e+01 4.470052430291574552e+01 1.978443724534330883e+01
2.800000000000000266e+00 1.472499002663467449e+00 7.450716828279175274e+01 4.488025451515575526e+01 1.977722635239435078e+01
2.805000000000000160e+00 1.473781951986576466e+00 7.479404507472339958e+01 4.506042509694525222e+01 1.977308016925138645e+01
2.810000000000000053e+00 1.475064635630160437e+00 7.508156468970011588e+01 4.524103675294888660e+01 1.977225102806875867e+01
2.814999999999999947e+00 1.476347050209237288e+00 7.536972353229491262e+01 4.542208510575680691e+01 1.977494914132616444e+01
2.819999999999999840e+00 1.477629192473728592e+00 7.565852095255004883e+01 4.560357128143542127e+01 1.978141986329646684e+01
2.825000000000000178e+00 1.478911059309663267e+00 7.594795542924734377e+01 4.578549614143558699e+01 1.979188556271664368e+01
2.830000000000000071e+00 1.480192647740382617e+00 7.623802241484187903e+01 4.596785505026261376e+01 1.980656331814816085e+01
2.834999999999999964e+00 1.481473954927746250e+00 7.652871985075415751e+01 4.615064612216087170e+01 1.982564824468439468e+01
2.839999999999999858e+00 1.482754978173340454e+00 7.682004869171009886e+01 4.633387274042827642e+01 1.984937545180475382e+01
2.845000000000000195e+00 1.484035714919693882e+00 7.711200411005357580e+01 4.651752932049072342e+01 1.987792348457677960e+01
2.850000000000000089e+00 1.485316162751484814e+00 7.740458686935208732e+01 4.670161749975802934e+01 1.991148307590252742e+01
2.854999999999999982e+00 1.486596319396762178e+00 7.769779488874283402e+01 4.688613541925730033e+01 1.995024781358751653e+01
2.859999999999999876e+00 1.487876182728162133e+00 7.799162496803917577e+01 4.707108048571569725e+01 1.999439108476695992e+01
2.865000000000000213e+00 1.489155750764126207e+00 7.828607837749045473e+01 4.725645307304962728e+01 2.004407557541811258e+01
2.870000000000000107e+00 1.490435021670126092e+00 7.858115305756874136e+01 4.744225213107066708e+01 2.009946862092024489e+01
2.875000000000000000e+00 1.491713993759884893e+00 7.887684901018276662e+01 4.762847673298273321e+01 2.016070912031839413e+01
2.879999999999999893e+00 1.492992665496607696e+00 7.917316493961683932e+01 4.781512523421503147e+01 2.022794980386147756e+01
2.885000000000000231e+00 1.494271035494205480e+00 7.947009940626236357e+01 4.800219607125461607e+01 2.030132790215199279e+01
2.890000000000000124e+00 1.495549102518527240e+00 7.976765436828277700e+01 4.818968983209546764e+01 2.038095015399403920e+01
2.895000000000000018e+00 1.496826865488593894e+00 8.006582761049095609e+01 4.837760356320367805e+01 2.046693165097062206e+01
2.899999999999999911e+00 1.498104323477830180e+00 8.036462107036787472e+01 4.856593977607115420e+01 2.055938985199872349e+01
2.905000000000000249e+00 1.499381475715303225e+00 8.066403304889870185e+01 4.875469396184163884e+01 2.065840620223013246e+01
2.910000000000000142e+00 1.500658321586958444e+00 8.096406509477093039e+01 4.894386775280032964e+01 2.076406740288929598e+01
2.915000000000000036e+00 1.501934860636862323e+00 8.126471965975628109e+01 4.913346200104528094e+01 2.087644621339163109e+01
2.919999999999999929e+00 1.503211092568443430e+00 8.156599400712288173e+01 4.932347170402364611e+01 2.099559738219666727e+01
2.925000000000000266e+00 1.504487017245737190e+00 8.186789169699399338e+01 4.951390088052539085e+01 2.112157601851961175e+01
2.930000000000000160e+00 1.505762634694630231e+00 8.217041246398429166e+01 4.970474566152759621e+01 2.125442391155613109e+01
2.935000000000000053e+00 1.507037945104112264e+00 8.247355881772499231e+01 4.989600865482830727e+01 2.139416778631703053e+01
2.939999999999999947e+00 1.508312948827522426e+00 8.277733811797997987e+01 5.008768543565238929e+01 2.154080413483531586e+01
2.944999999999999840e+00 1.509587646383803383e+00 8.308173926135427223e+01 5.027978135098788925e+01 2.169438259731697727e+01
2.950000000000000178e+00 1.510862038458753664e+00 8.338677119000935534e+01 5.047229352526819923e+01 2.185487139467158357e+01
2.955000000000000071e+00 1.512136125906285322e+00 8.369243477617618510e+01 5.066522259123678396e+01 2.202226334083901449e+01
2.959999999999999964e+00 1.513409909749681370e+00 8.399873285938768674e+01 5.085856828983051514e+01 2.219653608306679970e+01
2.964999999999999858e+00 1.514683391182853445e+00 8.430566754475967173e+01 5.105233088764948945e+01 2.237763296544204294e+01
2.970000000000000195e+00 1.515956571571605682e+00 8.461324093280842362e+01 5.124651156078769532e+01 2.256552507382886219e+01
2.975000000000000089e+00 1.517229452454897709e+00 8.492145500205795372e+01 5.144110813235428736e+01 2.276013923941629002e+01
2.979999999999999982e+00 1.518502035546109630e+00 8.523031378128484903e+01 5.163612463652167861e+01 2.296140766273612854e+01
2.984999999999999876e+00 1.519774322734309235e+00 8.553981763510824976e+01 5.183155764954619116e+01 2.316925483394481944e+01
2.990000000000000213e+00 1.521046316085523209e+00 8.584997290262217007e+01 5.202741221307974229e+01 2.338358458101004089e+01
2.995000000000000107e+00 1.522318017844006111e+00 8.616077898571492710e+01 5.222368530162097500e+01 2.360429350846721164e+01
3.000000000000000000e+00 1.523589430433515579e+00 8.647224124790211874e+01 5.242038064323554636e+01 2.383126934005851538e+01
3.004999999999999893e+00 1.524860556458587313e+00 8.678436096373243913e+01 5.261749652435554481e+01 2.406438881107386152e+01
3.010000000000000231e+00 1.526131398705811604e+00 8.709714273670213913e+01 5.281503596541503498e+01 2.430351274496681313e+01
3.015000000000000124e+00 1.527401960145112314e+00 8.741058946569576449e+01 5.301300019516418871e+01 2.454850941942713760e+01
3.020000000000000018e+00 1.528672243931031183e+00 8.772470396932041581e+01 5.321138822398891932e+01 2.479922348034508772e+01
3.024999999999999911e+00 1.529942253404009023e+00 8.803948884764541560e+01 5.341020355549900245e+01 2.505548463700348805e+01
3.030000000000000249e+00 1.531211992091669805e+00 8.835494799642457053e+01 5.360944583131137620e+01 2.531712731692358176e+01
3.035000000000000142e+00 1.532481463710112957e+00 8.867108559420653080e+01 5.380911802951222001e+01 2.558397452866383404e+01
3.040000000000000036e+00 1.533750672165198337e+00 8.898790260271921682e+01 5.400921917301151609e+01 2.585583449254053434e+01
3.044999999999999929e+00 1.535019621553841640e+00 8.930540221824838909e+01 5.420975110468735636e+01 2.613251000613824715e+01
3.050000000000000266e+00 1.536288316165307810e+00 8.962359036261332790e+01 5.441071765466735144e+01 2.641380038053699764e+01
3.055000000000000160e+00 1.537556760482504448e+00 8.994246862948229193e+01 5.461211930089525168e+01 2.669948463855975618e+01
3.060000000000000053e+00 1.538824959183287211e+00 9.026203964746713382e+01 5.481395610153894893e+01 2.698935058696881839e+01
3.064999999999999947e+00 1.540092917141751672e+00 9.058230655253146324e+01 5.501623123390544379e+01 2.728317706233341511e+01
3.070000000000000284e+00 1.541360639429545376e+00 9.090327243616492581e+01 5.521894504612245669e+01 2.758071782047249698e+01
3.075000000000000178e+00 1.542628131317168361e+00 9.122494073772865875e+01 5.542210100970950748e+01 2.788175231855742098e+01
3.080000000000000071e+00 1.543895398275281439e+00 9.154731281293312861e+01 5.562569874819265436e+01 2.818601960739194823e+01
3.084999999999999964e+00 1.545162445976019150e+00 9.187039328362828883e+01 5.582974192115101886e+01 2.849327927742880462e+01
3.089999999999999858e+00 1.546429280294300046e+00 9.219418224581453103e+01 5.603422883040583002e+01 2.880327255387604879e+01
3.095000000000000195e+00 1.547695907309144969e+00 9.251868498398427221e+01 5.623916515750175904e+01 2.911574392343758788e+01
3.100000000000000089e+00 1.548962333304992001e+00 9.284390383953683568e+01 5.644455254215992568e+01 2.943042860910516367e+01
3.104999999999999982e+00 1.550228564773019402e+00 9.316983845998878166e+01 5.665038901981692732e+01 2.974706072612760721e+01
3.109999999999999876e+00 1.551494608412467890e+00 9.349649240445319265e+01 5.685667847874859149e+01 3.006537597663029615e+01
3.115000000000000213e+00 1.552760471131968911e+00 9.382386839419709190e+01 5.706342323716788201e+01 3.038509259120524675e+01
3.120000000000000107e+00 1.554026160050869576e+00 9.415196753626204895e+01 5.727062372365846699e+01 3.070594460865216035e+01
3.125000000000000000e+00 1.555291682500568706e+00 9.448079281223232329e+01 5.747828286000259368e+01 3.102765277204442640e+01
3.129999999999999893e+00 1.556557046025848434e+00 9.481034409120198347e+01 5.768640159606508888e+01 3.134994387458653264e+01
3.135000000000000231e+00 1.557822258386214909e+00 9.514062346581319218e+01 5.789497972001463921e+01 3.167253374620793238e+01
3.140000000000000124e+00 1.559087327557234559e+00 9.547163314080317775e+01 5.810402217872995578e+01 3.199514613922231021e+01
3.145000000000000018e+00 1.560352261731882795e+00 9.580337362410770652e+01 5.831352774822057938e+01 3.231751383326317040e+01
3.149999999999999911e+00 1.561617069321888263e+00 9.613584634583999389e+01 5.852349834105625348e+01 3.263934698436721504e+01
3.155000000000000249e+00 1.562881758959084433e+00 9.646898417611130583e+01 5.873390289128358432e+01 3.296013858750378489e+01
3.160000000000000142e+00 1.564146339496760740e+00 9.680291924118010627e+01 5.894480770567524530e+01 3.328008111948184933e+01
3.165000000000000036e+00 1.565410820011023496e+00 9.713758788190659743e+01 5.915618101902860104e+01 3.359867542884586555e+01
3.169999999999999929e+00 1.566675209802153468e+00 9.747299253856671442e+01 5.936802684808571229e+01 3.391565217328450643e+01
3.175000000000000266e+00 1.567939518395971676e+00 9.780913194882568007e+01 5.958034421581660212e+01 3.423074366681987613e+01
3.180000000000000160e+00 1.569203755545205192e+00 9.814600511556248819e+01 5.979313278058232584e+01 3.454369299043091956e+01
3.185000000000000053e+00 1.570467931230861369e+00 9.848361484060389159e+01 6.000639707249774091e+01 3.485424085830491236e+01
3.189999999999999947e+00 1.571732055663601191e+00 9.882196141347752416e+01 6.022013758206166756e+01 3.516212774315754785e+01
3.195000000000000284e+00 1.572996139285118833e+00 9.916104319282418089e+01 6.043435428657797814e+01 3.546711771279235137e+01
3.200000000000000178e+00 1.574260192769525224e+00 9.950085909151678720e+01 6.064904689266454341e+01 3.576896218802023952e+01
3.205000000000000071e+00 1.575524227024737378e+00 9.984141049130185763e+01 6.086421831155677609e+01 3.606742602457011770e+01
3.209999999999999964e+00 1.576788253193867284e+00 1.001826958406580985e+02 6.107986781174744806e+01 3.636228038628215131e+01
3.214999999999999858e+00 1.578052282656617233e+00 1.005247159078860903e+02 6.129599806805525475e+01 3.665330441402968376e+01
3.220000000000000195e+00 1.579316327030685141e+00 1.008674688695230515e+02 6.151260791301740483e+01 3.694028120973709406e+01
3.225000000000000089e+00 1.580580398173165202e+00 1.012109542610413513e+02 6.172969825094766350e+01 3.722299834349682612e+01
3.229999999999999982e+00 1.581844508181959430e+00 1.015551723417223542e+02 6.194727104762931447e+01 3.750126708121124608e+01
3.234999999999999876e+00 1.583108669397191415e+00 1.019001195792068160e+02 6.216532363686647500e+01 3.777488739322799915e+01
3.240000000000000213e+00 1.584372894402625409e+00 1.022457978972325350e+02 6.238385899826507597e+01 3.804368267852157715e+01
3.245000000000000107e+00 1.585637196027092743e+00 1.025922034737968431e+02 6.260287624212602964e+01 3.830747853714353113e+01
3.250000000000000000e+00 1.586901587345919129e+00 1.029393398320749640e+02 6.282237867938201248e+01 3.856611368152585584e+01
3.254999999999999893e+00 1.588166081682362174e+00 1.032871897566051445e+02 6.304235873225701425e+01 3.881937761896554662e+01
3.260000000000000231e+00 1.589430692609048013e+00 1.036357764266496417e+02 6.326282473483325930e+01 3.906723680873199100e+01
3.265000000000000124e+00 1.590695433949419924e+00 1.039850881956616604e+02 6.348377439054898019e+01 3.930949264882428906e+01
3.270000000000000018e+00 1.591960319779189614e+00 1.043351241623457213e+02 6.370520815742054310e+01 3.954604013052247780e+01
3.274999999999999911e+00 1.593225364427793389e+00 1.046858832704515834e+02 6.392712626628060946e+01 3.977676520079287315e+01
3.280000000000000249e+00 1.594490582479856755e+00 1.050373629260904522e+02 6.414952600785846926e+01 4.000155724405583868e+01
3.285000000000000142e+00 1.595755988776664358e+00 1.053895627644516253e+02 6.437240980500972398e+01 4.022033587268738586e+01
3.290000000000000036e+00 1.597021598417631694e+00 1.057424832286048968e+02 6.459577746586074909e+01 4.043302632664707374e+01
3.294999999999999929e+00 1.598287426761794583e+00 1.060961215558950812e+02 6.481962764753986050e+01 4.063955905527144097e+01
3.300000000000000266e+00 1.599553489429289543e+00 1.064504783129294623e+02 6.504396229368015270e+01 4.083987924331545827e+01
3.305000000000000160e+00 1.600819802302856587e+00 1.068055497581824227e+02 6.526877768709995564e+01 4.103395207289785418e+01
3.310000000000000053e+00 1.602086381529337800e+00 1.071613387812118958e+02 6.549407772398612337e+01 4.122173971449478813e+01
3.314999999999999947e+00 1.603353243521186133e+00 1.075178425389623698e+02 6.571986004229046330e+01 4.140322624946991681e+01
3.320000000000000284e+00 1.604620404957985969e+00 1.078750606936071250e+02 6.594612424423958430e+01 4.157841428002267037e+01
3.325000000000000178e+00 1.605887882787973897e+00 1.082329919283982349e+02 6.617287094466431085e+01 4.174729852749676695e+01
3.330000000000000071e+00 1.607155694229572163e+00 1.085916376312219711e+02 6.640009975869946857e+01 4.190990387480731982e+01
3.334999999999999964e+00 1.608423856772927873e+00 1.089509957852305604e+02 6.662781054387228608e+01 4.206627109198249315e+01
3.339999999999999858e+00 1.609692388181460876e+00 1.093110681281071379e+02 6.685600450977062792e+01 4.221643085022923714e+01
3.345000000000000195e+00 1.610961306493419842e+00 1.096718516493584019e+02 6.708467885510370365e+01 4.236044739537412340e+01
3.350000000000000089e+00 1.612230630023444355e+00 1.100333467903324021e+02 6.731383305061575584e+01 4.249837828222021585e+01
3.354999999999999982e+00 1.613500377364142535e+00 1.103955563820908452e+02 6.754347099042226432e+01 4.263031498164632183e+01
3.359999999999999876e+00 1.614770567387667999e+00 1.107584784449794881e+02 6.777358902779853622e+01 4.275634352579717756e+01
3.365000000000000213e+00 1.616041219247312144e+00 1.111221130987504466e+02 6.800418779688324378e+01 4.287656826824648704e+01
3.370000000000000107e+00 1.617312352379102647e+00 1.114864354371416511e+02 6.823526199353551647e+01 4.299116167551708401e+01
3.375000000000000000e+00 1.618583986503417060e+00 1.118514958621050113e+02 6.846682232002646629e+01 4.310013338418413298e+01
3.379999999999999893e+00 1.619856141626595081e+00 1.122172725667963675e+02 6.869886543641095500e+01 4.320368441587911690e+01
3.385000000000000231e+00 1.621128838042573905e+00 1.125837647371457564e+02 6.893138924455175243e+01 4.330195518183709424e+01
3.390000000000000124e+00 1.622402096334521149e+00 1.129509746688718366e+02 6.916439504912987957e+01 4.339511722779496949e+01
3.395000000000000018e+00 1.623675937376488410e+00 1.133189010940043175e+02 6.939788063840789789e+01 4.348333120903683380e+01
3.399999999999999911e+00 1.624950382335069499e+00 1.136875475674796263e+02 6.963184848252222992e+01 4.356677318574406144e+01
3.405000000000000249e+00 1.626225452671069327e+00 1.140569154195940200e+02 6.986629893784795797e+01 4.364564459994544876e+01
3.410000000000000142e+00 1.627501170141188780e+00 1.144270055629063449e+02 7.010123182251768981e+01 4.372012503079456991e+01
3.415000000000000036e+00 1.628777556799715365e+00 1.147978206287773446e+02 7.033664829712444089e+01 4.379045381007030358e+01
3.419999999999999929e+00 1.630054635000228513e+00 1.151693621923308228e+02 7.057254784118237012e+01 4.385681929832669823e+01
3.425000000000000266e+00 1.631332427397314877e+00 1.155416319777172447e+02 7.080893126618992994e+01 4.391946950709496633e+01
3.430000000000000160e+00 1.632610956948298497e+00 1.159146303395879443e+02 7.104579628785481304e+01 4.397862820139886963e+01
3.435000000000000053e+00 1.633890246914980304e+00 1.162883648108799264e+02 7.128315068950048783e+01 4.403453827471108895e+01
3.439999999999999947e+00 1.635170320865392934e+00 1.166628345564778897e+02 7.152099141243458291e+01 4.408745775904805697e+01
3.445000000000000284e+00 1.636451202675564431e+00 1.170380404830853820e+02 7.175931582113288698e+01 4.413762788985568619e+01
3.450000000000000178e+00 1.637732916531301264e+00 1.174139884377416791e+02 7.199812980988573941e+01 4.418532462016229090e+01
3.455000000000000071e+00 1.639015486929979559e+00 1.177906783783804343e+02 7.223743044457411600e+01 4.423081663695133869e+01
3.459999999999999964e+00 1.640298938682350771e+00 1.181681171220298410e+02 7.247722369618851701e+01 4.427437762002333699e+01
3.464999999999999858e+00 1.641583296914366441e+00 1.185463048426713755e+02 7.271750687179611816e+01 4.431628772049543841e+01
3.470000000000000195e+00 1.642868587069010289e+00 1.189252321232180662e+02 7.295827744717738028e+01 4.435678406969250176e+01
3.475000000000000089e+00 1.644154834908149621e+00 1.193049282240668134e+02 7.319954597338499980e+01 4.439624938899476803e+01
3.479999999999999982e+00 1.645442066514400281e+00 1.196853836906103652e+02 7.344130906299480444e+01 4.443493687144260917e+01
3.484999999999999876e+00 1.646730308293007594e+00 1.200666023689992414e+02 7.368356949832246983e+01 4.447314160161822372e+01
3.490000000000000213e+00 1.648019586973742623e+00 1.204485888074268587e+02 7.392632746567079494e+01 4.451116515980039878e+01
3.495000000000000107e+00 1.649309929612814640e+00 1.208313427280799885e+02 7.416958257923855058e+01 4.454931219721248681e+01
3.500000000000000000e+00 1.650601363594798476e+00 1.212148737292261131e+02 7.441334188816354356e+01 4.458787354448325146e+01
3.504999999999999893e+00 1.651893916634581849e+00 1.215985101201648320e+02 7.465714174797997771e+01 4.462296526957780429e+01
3.510000000000000231e+00 1.653187616779326907e+00 1.219829238301361443e+02 7.490144363133404681e+01 4.465907932464461538e+01
3.515000000000000124e+00 1.654482492410449757e+00 1.223681187907739911e+02 7.514625065137670390e+01 4.469652014896903580e+01
3.520000000000000018e+00 1.655778572245619973e+00 1.227540963368330296e+02 7.539156022307520288e+01 4.473560784226459219e+01
3.524999999999999911e+00 1.657075885340773880e+00 1.231408602572089563e+02 7.563737552688508003e+01 4.477664627340532633e+01
3.530000000000000249e+00 1.658374461092151142e+00 1.235284167076221564e+02 7.588370063716152458e+01 4.481996364742497718e+01
3.535000000000000142e+00 1.659674329238346902e+00 1.239167671157613881e+02 7.613053429579008480e+01 4.486585268665581339e+01
3.540000000000000036e+00 1.660975519862385452e+00 1.243059189782718192e+02 7.637788338325097470e+01 4.491462158063902876e+01
3.544999999999999929e+00 1.662278063393811456e+00 1.246958711323997306e+02 7.662574382938765893e+01 4.496657870609371344e+01
3.550000000000000266e+00 1.663581990610803807e+00 1.250866328800113934e+02 7.687412397673372766e+01 4.502201715356325451e+01
3.555000000000000160e+00 1.664887332642308815e+00 1.254782047506729867e+02 7.712302335453844648e+01 4.508124427488444042e+01
3.560000000000000053e+00 1.666194120970192039e+00 1.258705926638647412e+02 7.737244429333564710e+01 4.514454401812282924e+01
3.564999999999999947e+00 1.667502387431416100e+00 1.262637975809533089e+02 7.762238763992206714e+01 4.521220761633339436e+01
3.570000000000000284e+00 1.668812164220237593e+00 1.266578267872229588e+02 7.787285893128114367e+01 4.528451442873646471e+01
3.575000000000000178e+00 1.670123483890425531e+00 1.270526826350449454e+02 7.812385880000179839e+01 4.536173378875829343e+01
3.580000000000000071e+00 1.671436379357503110e+00 1.274483679227778339e+02 7.837538952557409289e+01 4.544415964504239014e+01
3.584999999999999964e+00 1.672750883901015451e+00 1.278448873844723437e+02 7.862745330960001411e+01 4.553202687853626429e+01
3.589999999999999858e+00 1.674067031166816655e+00 1.282422445254078980e+02 7.888005331412240650e+01 4.562561485784799942e+01
3.595000000000000195e+00 1.675384855169382847e+00 1.286404446611342394e+02 7.913319391826897231e+01 4.572515515972946787e+01
3.600000000000000089e+00 1.676704390294149860e+00 1.290394871979963511e+02 7.938687281861834322e+01 4.583090790816503812e+01
3.604999999999999982e+00 1.678025671299876453e+00 1.294393688825419133e+02 7.964109782287393102e+01 4.594296301889303891e+01
3.609999999999999876e+00 1.679348733321033071e+00 1.298401118157617589e+02 7.989586618264738149e+01 4.606178966980753842e+01
3.615000000000000213e+00 1.680673611870211692e+00 1.302417098900426424e+02 8.015118479397949613e+01 4.618749603078578048e+01
3.620000000000000107e+00 1.682000342840573426e+00 1.306441685995926321e+02 8.040705549453853962e+01 4.632027635809803456e+01
3.625000000000000000e+00 1.683328962508309878e+00 1.310474878271440389e+02 8.066347948439864979e+01 4.646032426742784338e+01
3.629999999999999893e+00 1.684659507535143819e+00 1.314516704248720771e+02 8.092045756083868469e+01 4.660783469136672608e+01
3.635000000000000231e+00 1.685992014970846498e+00 1.318567221339095568e+02 8.117799572911627592e+01 4.676297736105975389e+01
3.640000000000000124e+00 1.687326522255794936e+00 1.322626447785690118e+02 8.143609517210848026e+01 4.692592120523400467e+01
3.645000000000000018e+00 1.688663067223552527e+00 1.326694413115552038e+02 8.169475835226180038e+01 4.709680020782383991e+01
3.649999999999999911e+00 1.690001688103477839e+00 1.330771133282057406e+02 8.195398632815734175e+01 4.727577595924174148e+01
3.655000000000000249e+00 1.691342423523365834e+00 1.334856666883971457e+02 8.221378550478422653e+01 4.746296909364302508e+01
3.660000000000000142e+00 1.692685312512123508e+00 1.338950915908866364e+02 8.247415560210268382e+01 4.765860707266475771e+01
3.665000000000000036e+00 1.694030394502469727e+00 1.343054067609879212e+02 8.273509496843870181e+01 4.786258376091607403e+01
3.669999999999999929e+00 1.695377709333675487e+00 1.347166115860626974e+02 8.299661250007889635e+01 4.807509117298350532e+01
3.675000000000000266e+00 1.696727297254325917e+00 1.351287082278750802e+02 8.325871052374012038e+01 4.829622644246926910e+01
3.680000000000000160e+00 1.698079198925130706e+00 1.355416937753098807e+02 8.352138449209573423e+01 4.852602697784492847e+01
3.685000000000000053e+00 1.699433455421752726e+00 1.359555742045549778e+02 8.378464261202098839e+01 4.876457513821393519e+01
3.689999999999999947e+00 1.700790108237682396e+00 1.363703519800243100e+02 8.404848758933715658e+01 4.901191867217627163e+01
3.695000000000000284e+00 1.702149199287140036e+00 1.367860276374016735e+02 8.431291839268280341e+01 4.926805573434189256e+01
3.700000000000000178e+00 1.703510770908022831e+00 1.372026058673505133e+02 8.457793985531012027e+01 4.953303767637216737e+01
3.705000000000000071e+00 1.704874865864877798e+00 1.376200852066863831e+02 8.484355161313774829e+01 4.980683993670993459e+01
3.709999999999999964e+00 1.706241527351919807e+00 1.380384702892495170e+02 8.510975756919353330e+01 5.008947912573425043e+01
3.714999999999999858e+00 1.707610798996081591e+00 1.384577645852091337e+02 8.537656121735226122e+01 5.038090544605212528e+01
3.720000000000000195e+00 1.708982724860113711e+00 1.388779643922935065e+02 8.564396012186151097e+01 5.068111932091787963e+01
3.725000000000000089e+00 1.710357349445704500e+00 1.392990771851396801e+02 8.591195999438556896e+01 5.099004211972212630e+01
3.729999999999999982e+00 1.711734717696661745e+00 1.397211047496655283e+02 8.618056423527636412e+01 5.130764021670009356e+01
3.734999999999999876e+00 1.713114875002117454e+00 1.401440442906980763e+02 8.644976965029009364e+01 5.163380505099262052e+01
3.740000000000000213e+00 1.714497867199787251e+00 1.405679034826726479e+02 8.671958391474791483e+01 5.196848377963992505e+01
3.745000000000000107e+00 1.715883740579261962e+00 1.409926807891629608e+02 8.699000535944713874e+01 5.231155882918200462e+01
3.750000000000000000e+00 1.717272541885350057e+00 1.414183816102851949e+02 8.726104020175469600e+01 5.266294970150490684e+01
3.754999999999999893e+00 1.718664318321458495e+00 1.418450002078724310e+02 8.753268057372248734e+01 5.302249787457228081e+01
3.760000000000000231e+00 1.720059117553022654e+00 1.422725479350017110e+02 8.780493996221383668e+01 5.339010261216510855e+01
3.765000000000000124e+00 1.721456987710977105e+00 1.427010232705553108e+02 8.807781534460426087e+01 5.376558339264101960e+01
3.770000000000000018e+00 1.722857977395276574e+00 1.431304241685742227e+02 8.835130570358339241e+01 5.414882298817236972e+01
3.774999999999999911e+00 1.724262135678464647e+00 1.435607610983398672e+02 8.862542112361171576e+01 5.453964146200389251e+01
3.780000000000000249e+00 1.725669512109285098e+00 1.439920285236356392e+02 8.890015514517924089e+01 5.493786108940825130e+01
3.785000000000000142e+00 1.727080156716347847e+00 1.444242338936326746e+02 8.917551415874771692e+01 5.534327258746439782e+01
3.790000000000000036e+00 1.728494120011841551e+00 1.448573763204327349e+02 8.945149855373107073e+01 5.575571649386597528e+01
3.794999999999999929e+00 1.729911452995299248e+00 1.452914618951108991e+02 8.972811271903867691e+01 5.617493842258966907e+01
3.800000000000000266e+00 1.731332207157411762e+00 1.457264841508280711e+02 9.000535014307158121e+01 5.660077211702586197e+01
3.805000000000000160e+00 1.732756434483898600e+00 1.461624574417071756e+02 9.028322458995177158e+01 5.703295962375938188e+01
3.810000000000000053e+00 1.734184187459427706e+00 1.465993788847536052e+02 9.056173305027851939e+01 5.747128441290649903e+01
3.814999999999999947e+00 1.735615519071593615e+00 1.470372511359724967e+02 9.084087637929233949e+01 5.791547832465661116e+01
3.820000000000000284e+00 1.737050482814948671e+00 1.474760767005976163e+02 9.112065615293116139e+01 5.836531565905198704e+01
3.825000000000000178e+00 1.738489132695088868e+00 1.479158586744152331e+02 9.140107557714958375e+01 5.882055058008480586e+01
3.830000000000000071e+00 1.739931523232801869e+00 1.483566016437601718e+02 9.168213764088378070e+01 5.928088692992902509e+01
3.834999999999999964e+00 1.741377709468272084e+00 1.487983093980467117e+02 9.196384503398007837e+01 5.974596791593974388e+01
3.839999999999999858e+00 1.742827746965340152e+00 1.492409792194902707e+02 9.224619378837405748e+01 6.021571539595021960e+01
3.845000000000000195e+00 1.744281691815829705e+00 1.496846231678274535e+02 9.252919430032983428e+01 6.068975681866115934e+01
3.850000000000000089e+00 1.745739600643932299e+00 1.501292384652844021e+02 9.281284336446125849e+01 6.116777400783050211e+01
3.854999999999999982e+00 1.747201530610656750e+00 1.505748328371483353e+02 9.309714498067297939e+01 6.164953728775878972e+01
3.859999999999999876e+00 1.748667539418339745e+00 1.510214069057621202e+02 9.338210227098213068e+01 6.213472765069013093e+01
3.865000000000000213e+00 1.750137685315223512e+00 1.514689672323413276e+02 9.366771655862720536e+01 6.262301535430626132e+01
3.870000000000000107e+00 1.751612027100100555e+00 1.519175183740143495e+02 9.395399137244572785e+01 6.311415583292184550e+01
3.875000000000000000e+00 1.753090624127023878e+00 1.523670615300393933e+02 9.424092663409376769e+01 6.360779742134294423e+01
3.879999999999999893e+00 1.754573536310083837e+00 1.528176052840149737e+02 9.452852876770076307e+01 6.410366327143135834e+01
3.885000000000000231e+00 1.756060824128258258e+00 1.532691491491623879e+02 9.481679580456574286e+01 6.460144017340662970e+01
3.890000000000000124e+00 1.757552548630337386e+00 1.537217012439857626e+02 9.510573228484315678e+01 6.510080159421525536e+01
3.895000000000000018e+00 1.759048771439909009e+00 1.541752651762348023e+02 9.539534276076602737e+01 6.560147925637639332e+01
3.899999999999999911e+00 1.760549554760425739e+00 1.546298496863032597e+02 9.568562879037507685e+01 6.610315686428261017e+01
3.905000000000000249e+00 1.762054961380348228e+00 1.550854551629676621e+02 9.597659231535763524e+01 6.660550976120076427e+01
3.910000000000000142e+00 1.763565054678360111e+00 1.555420930250600691e+02 9.626824164976568454e+01 6.710824330901060364e+01
3.915000000000000036e+00 1.765079898628665322e+00 1.559997638200556764e+02 9.656057363379551362e+01 6.761106078267715702e+01
3.919999999999999929e+00 1.766599557806353804e+00 1.564584705694563525e+02 9.685358949221577518e+01 6.811366833148471756e+01
3.925000000000000266e+00 1.768124097392861804e+00 1.569182262876900893e+02 9.714730135886927087e+01 6.861579044122350979e+01
3.930000000000000160e+00 1.769653583181507006e+00 1.573790301697556515e+02 9.744170280118945016e+01 6.911706405757703919e+01
3.935000000000000053e+00 1.771188081583099816e+00 1.578408964140026853e+02 9.773680543055900216e+01 6.961725763751691431e+01
3.939999999999999947e+00 1.772727659631656794e+00 1.583038241750354871e+02 9.803260732221491480e+01 7.011611116264303689e+01
3.945000000000000284e+00 1.774272384990179141e+00 1.587678228244692207e+02 9.832911419111718487e+01 7.061324873741165220e+01
3.950000000000000178e+00 1.775822325956536885e+00 1.592329005776319093e+02 9.862633124394058370e+01 7.110846633236666037e+01
3.955000000000000071e+00 1.777377551469432548e+00 1.596990582513015511e+02 9.892425786697549484e+01 7.160151246299611216e+01
3.959999999999999964e+00 1.778938131114458976e+00 1.601663069251387697e+02 9.922289954106086896e+01 7.209209728378907300e+01
3.965000000000000302e+00 1.780504135130244192e+00 1.606346987117171352e+02 9.952228641326948377e+01 7.257996849876710144e+01
3.970000000000000195e+00 1.782075634414699072e+00 1.611041555650632233e+02 9.982237741636262740e+01 7.306478260633633681e+01
3.975000000000000089e+00 1.783652700531359159e+00 1.615747231371953205e+02 1.001231949712197888e+02 7.354642816488440360e+01
3.979999999999999982e+00 1.785235405715812629e+00 1.620464146271857828e+02 1.004247476369937431e+02 7.402468262615553840e+01
3.984999999999999876e+00 1.786823822882243729e+00 1.625192236011142484e+02 1.007270303778719835e+02 7.449927597510806265e+01
3.990000000000000213e+00 1.788418025630066133e+00 1.629931745908099288e+02 1.010300580922478275e+02 7.496994196602729232e+01
3.995000000000000107e+00 1.790018088250662442e+00 1.634682639945380060e+02 1.013338303655968957e+02 7.543655631176717691e+01
4.000000000000000000e+00 1.791624085734228267e+00 1.639445014263930887e+02 1.016383484483497170e+02 7.589889652768646044e+01
