% raindrop T-matrix calculations using the code of Leinonen, J., "Python code for T-matrix scattering calculations". Available at https://github.com/jleinonen/pytmatrix/. 
% 
% refractive index calculations after Ray, P., 1972:  Broadband Complex Refractive Indices of Ice and Water, Appl. Opt. 11, 1836-1844 
% 
% raindrop aspect ratio estimated with the methodology of Brandes, Edward & Zhang, Guifu & Vivekanandan, Jothiram. (2005). Corrigendum. Journal of Applied Meteorology. 44. 186-. 10.1175/1520-0450(2005)44<186:C>2.0.CO;2. 
% 
% wave length: 107.068735 mm 
% temperature: 288.15 K 
% refractive index: 8.941805839538574219e+00 + 8.112868666648864746e-01 i 
% 
%r_eqv[mm]               axial ratio              ext[mm2]                 sca[mm2]                 back[mm2]
5.000000000000000104e-03 9.999900000999989436e-01 5.883215224213668674e-10 1.443415416095611180e-18 2.165122191918645271e-18
1.000000000000000021e-02 9.999900000999989436e-01 4.706666161168426217e-09 9.237862583368621075e-17 1.385676791104357741e-16
1.499999999999999944e-02 9.999900000999989436e-01 1.588552661865854971e-08 1.052250777562922847e-15 1.578369412410266041e-15
2.000000000000000042e-02 9.999900000999989436e-01 3.765633676333472766e-08 5.912238387118035815e-15 8.868289768936965386e-15
2.500000000000000139e-02 9.999900000999989436e-01 7.355194315992223000e-08 2.255342279610172220e-14 3.382972904152612178e-14
2.999999999999999889e-02 9.999900000999989436e-01 1.271070748128466760e-07 6.734422883486595041e-14 1.010145989138393265e-13
3.500000000000000333e-02 9.999900000999989436e-01 2.018588197926607771e-07 1.698171911879162193e-13 2.547197951462884281e-13
4.000000000000000083e-02 9.999900000999989436e-01 3.013471303962013024e-07 3.783850355314795558e-13 5.675601069894732322e-13
4.499999999999999833e-02 9.999900000999989436e-01 4.291151878550326223e-07 7.670962104779320193e-13 1.150599536340098608e-12
5.000000000000000278e-02 9.999900000999989436e-01 5.887100991171754382e-07 1.443429486060768284e-12 2.165040177143226918e-12
5.500000000000000028e-02 9.999900000999989436e-01 7.836830878887090478e-07 2.557129060901918050e-12 3.835470503134523282e-12
5.999999999999999778e-02 9.999900000999989436e-01 1.017590200570505098e-06 4.310076491956367837e-12 6.464667177579233709e-12
6.500000000000000222e-02 9.999900000999989436e-01 1.293992785118651528e-06 6.967206138059706781e-12 1.044996002241097360e-11
7.000000000000000666e-02 9.999900000999989436e-01 1.616457731462654463e-06 1.086845798180620481e-11 1.630115050241999741e-11
7.499999999999999722e-02 9.999900000999989436e-01 1.988558233934511025e-06 1.644176852189247882e-11 2.465998427873299194e-11
8.000000000000000167e-02 9.999900000999989436e-01 2.413874107714774759e-06 2.421710281246194392e-11 3.632118192170716204e-11
8.500000000000000611e-02 9.999900000999989436e-01 2.895992699184488624e-06 3.484153162513388754e-11 5.225503317550433658e-11
8.999999999999999667e-02 9.999900000999989436e-01 3.438508144243829962e-06 4.909533645432107345e-11 7.363152825179809394e-11
9.500000000000000111e-02 9.999900000999989436e-01 4.045023653918663516e-06 6.790916208569991382e-11 1.018460550742879468e-10
1.000000000000000056e-01 9.999900000999989436e-01 4.719150749405093956e-06 9.238221664300806868e-11 1.385466616469212138e-10
1.049999999999999961e-01 9.999900000999989436e-01 5.464509754997662896e-06 1.238015201695118742e-10 1.856628844106791145e-10
1.100000000000000006e-01 9.999900000999989436e-01 6.284731146667235226e-06 1.636621003981285727e-10 2.454359897846872709e-10
1.150000000000000050e-01 9.999900000999989436e-01 7.183455126518434964e-06 2.136883941176952686e-10 3.204510156466867916e-10
1.199999999999999956e-01 9.999900000999989436e-01 8.164332994590542007e-06 2.758566358484182879e-10 4.136702845029302720e-10
1.250000000000000000e-01 9.999900000999989436e-01 9.231026702376973590e-06 3.524180583712468917e-10 5.284681242933584810e-10
1.300000000000000044e-01 9.999900000999989436e-01 1.038720932489674340e-05 4.459234969132662797e-10 6.686676834371600584e-10
1.350000000000000089e-01 9.999900000999989436e-01 1.163656733440456325e-05 5.592488080574782907e-10 8.385789559036094244e-10
1.400000000000000133e-01 9.999900000999989436e-01 1.298279930925054595e-05 6.956216019111068335e-10 1.043038762906127035e-09
1.449999999999999900e-01 9.999900000999989436e-01 1.442961567251816391e-05 8.586481781359333793e-10 1.287451026442697753e-09
1.499999999999999944e-01 9.999900000999989436e-01 1.598074355426189620e-05 1.052343089399225773e-09 1.577830967898285126e-09
1.549999999999999989e-01 9.999900000999989436e-01 1.763991990563422267e-05 1.281157622368179315e-09 1.920847667425774437e-09
1.600000000000000033e-01 9.999900000999989436e-01 1.941090164710482677e-05 1.550011905750448871e-09 2.323872045138458940e-09
1.650000000000000078e-01 9.999900000999989436e-01 2.129745528635386116e-05 1.864324762420187098e-09 2.795021440416582565e-09
1.700000000000000122e-01 9.999900000999989436e-01 2.330336831943971291e-05 2.230048463789248969e-09 3.343211523355135375e-09
1.750000000000000167e-01 9.999900000999989436e-01 2.543243869715411753e-05 2.653700850880187907e-09 3.978204235516498315e-09
1.799999999999999933e-01 9.999900000999989436e-01 2.768848630655171934e-05 3.142402196284672063e-09 4.710662817830964201e-09
1.849999999999999978e-01 9.999900000999989436e-01 3.007534492769942547e-05 3.703908091532911521e-09 5.552200853961936412e-09
1.900000000000000022e-01 1.000338260324268314e+00 3.260515331704676547e-05 4.347769782315486180e-09 6.517122527401974827e-09
1.950000000000000067e-01 1.000344839311130496e+00 3.526605313045462313e-05 5.081102724294819636e-09 7.616074854379231517e-09
2.000000000000000111e-01 1.000357515291503407e+00 3.806960680818559237e-05 5.914768839003711037e-09 8.865321062273754807e-09
2.050000000000000155e-01 1.000376259251188893e+00 4.101976703328409147e-05 6.859468051949084737e-09 1.028087726658720231e-08
2.099999999999999922e-01 1.000401042453005207e+00 4.412050736458262282e-05 7.926740006602220092e-09 1.188001465967422472e-08
2.149999999999999967e-01 1.000431836433301802e+00 4.737582765645329393e-05 9.128998042571018551e-09 1.368131001328054498e-08
2.200000000000000011e-01 1.000468612998516083e+00 5.078974715856807224e-05 1.047958285795370099e-08 1.570472566993735239e-08
2.250000000000000056e-01 1.000511344221778787e+00 5.436631480656440983e-05 1.199279855553257244e-08 1.797166306827696560e-08
2.300000000000000100e-01 1.000560002439564444e+00 5.810960940622832252e-05 1.368396484144253022e-08 2.050504046460456967e-08
2.350000000000000144e-01 1.000614560248383578e+00 6.202372597998025931e-05 1.556946298654949135e-08 2.332936125020808241e-08
2.399999999999999911e-01 1.000674990501522643e+00 6.611280006017630545e-05 1.766677986455912203e-08 2.647077935596290109e-08
2.449999999999999956e-01 1.000741266305821942e+00 7.038097952449992296e-05 1.999456102356531064e-08 2.995717813706889515e-08
2.500000000000000000e-01 1.000813361018499714e+00 7.483245850940199999e-05 2.257266636523643698e-08 3.381825314298475660e-08
2.550000000000000044e-01 1.000891248244015541e+00 7.947144906033527508e-05 2.542220737350460183e-08 3.808556716095660729e-08
2.600000000000000089e-01 1.000974901830975039e+00 8.430219644583432446e-05 2.856561444611771665e-08 4.279265035356125240e-08
2.650000000000000133e-01 1.001064295869075416e+00 8.932897390887397997e-05 3.202667718265831316e-08 4.797505978795659471e-08
2.700000000000000178e-01 1.001159404686088994e+00 9.455609866422225326e-05 3.583062271248243556e-08 5.367049594165532780e-08
2.750000000000000222e-01 1.001260202844886926e+00 9.998790754399876303e-05 4.000414930796452013e-08 5.991885213109983001e-08
2.800000000000000266e-01 1.001366665140501100e+00 1.056287627012270845e-04 4.457547526886450625e-08 6.676228675290416541e-08
2.850000000000000311e-01 1.001478766597222014e+00 1.114830807513337234e-04 4.957444384350896264e-08 7.424537950353914285e-08
2.899999999999999800e-01 1.001596482465736404e+00 1.175552947407238879e-04 5.503252192245249952e-08 8.241512822757771687e-08
2.949999999999999845e-01 1.001719788220298835e+00 1.238498834403201792e-04 6.098290978333376507e-08 9.132111226717787895e-08
2.999999999999999889e-01 1.001848659555939935e+00 1.303713631530136580e-04 6.746058217607820820e-08 1.010155527053907467e-07
3.049999999999999933e-01 1.001983072385710605e+00 1.371242765642157531e-04 7.450235092538894774e-08 1.115534049387503128e-07
3.099999999999999978e-01 1.002123002837959964e+00 1.441132044433013934e-04 8.214693793346130143e-08 1.229924665836635008e-07
3.150000000000000022e-01 1.002268427253648841e+00 1.513427762077676595e-04 9.043501146879966465e-08 1.353934304442077662e-07
3.200000000000000067e-01 1.002419322183694117e+00 1.588176393145785791e-04 9.940932210028675912e-08 1.488200867081524453e-07
3.250000000000000111e-01 1.002575664386349930e+00 1.665425006979744744e-04 1.091146582606552765e-07 1.633392546046148963e-07
3.300000000000000155e-01 1.002737430824617970e+00 1.745220968537019863e-04 1.195980864009831251e-07 1.790211406397068670e-07
3.350000000000000200e-01 1.002904598663692415e+00 1.827611941558346192e-04 1.309088027516014186e-07 1.959391147926931980e-07
3.400000000000000244e-01 1.003077145268434833e+00 1.912646391359193638e-04 1.430983801952541479e-07 2.141700782676072315e-07
3.450000000000000289e-01 1.003255048200880628e+00 2.000372616237677034e-04 1.562207759173451100e-07 2.337944732821352175e-07
3.500000000000000333e-01 1.003438285217776782e+00 2.090839803550529328e-04 1.703324326265052178e-07 2.548964325060515364e-07
3.549999999999999822e-01 1.003626834268148693e+00 2.184097467365126875e-04 1.854922715978287682e-07 2.775637665612347214e-07
3.599999999999999867e-01 1.003820673490896542e+00 2.280195452457784724e-04 2.017618765132056464e-07 3.018882371379829071e-07
3.649999999999999911e-01 1.004019781212422524e+00 2.379184128265503370e-04 2.192055177540565552e-07 3.279655911628528693e-07
3.699999999999999956e-01 1.004224135944284502e+00 2.481114019352434670e-04 2.378902315333087905e-07 3.558956767250637385e-07
3.750000000000000000e-01 1.004433716380879638e+00 2.586036758502367142e-04 2.578859314666411958e-07 3.857826077965015934e-07
3.800000000000000044e-01 1.004648501397155336e+00 2.694003924627052268e-04 2.792653904122383803e-07 4.177347344387113341e-07
3.850000000000000089e-01 1.004868470046347273e+00 2.805067688941016821e-04 3.021044531167446903e-07 4.518649583123553204e-07
3.900000000000000133e-01 1.005093601557745631e+00 2.919280532051571320e-04 3.264820948302776512e-07 4.882908179432751461e-07
3.950000000000000178e-01 1.005323875334485528e+00 3.036695899138160473e-04 3.524804334471423661e-07 5.271345034380115487e-07
4.000000000000000222e-01 1.005559270951367434e+00 3.157367412425905826e-04 3.801848882123441223e-07 5.685230916587391648e-07
4.050000000000000266e-01 1.005799768152698448e+00 3.281348870568862779e-04 4.096842312982287022e-07 6.125886195031073700e-07
4.100000000000000311e-01 1.006045346850164002e+00 3.408695235636883809e-04 4.410705845137579535e-07 6.594680764858170412e-07
4.150000000000000355e-01 1.006295987120720881e+00 3.539461631472148699e-04 4.744398629372351610e-07 7.093040647185821516e-07
4.199999999999999845e-01 1.006551669204517108e+00 3.673703788994148287e-04 5.098913381059896610e-07 7.622441420738837376e-07
4.249999999999999889e-01 1.006812373502834479e+00 3.811478030143548011e-04 5.475282728323944296e-07 8.184417677691219760e-07
4.299999999999999933e-01 1.007078080576055967e+00 3.952840653592013735e-04 5.874573516496599439e-07 8.780554471015917191e-07
4.349999999999999978e-01 1.007348771141657329e+00 4.097849167686090036e-04 6.297897538666858924e-07 9.412503329547432725e-07
4.400000000000000022e-01 1.007624426072219359e+00 4.246561477435519113e-04 6.746401643375418592e-07 1.008196740930398110e-06
4.450000000000000067e-01 1.007905026393466796e+00 4.399035925383216919e-04 7.221275587638381694e-07 1.079071320763552461e-06
4.500000000000000111e-01 1.008190553282325652e+00 4.555331577660158993e-04 7.723752252131799038e-07 1.154057084136829976e-06
4.550000000000000155e-01 1.008480988065006079e+00 4.715508066030716576e-04 8.255107616104537262e-07 1.233343395639581117e-06
4.600000000000000200e-01 1.008776312215104998e+00 4.879624918825327938e-04 8.816659285808707688e-07 1.317125748561801455e-06
4.650000000000000244e-01 1.009076507351731156e+00 5.047743727214362231e-04 9.409773503490682812e-07 1.405606808330709892e-06
4.700000000000000289e-01 1.009381555237651273e+00 5.219924954921781974e-04 1.003586146671267838e-06 1.498995857240292946e-06
4.750000000000000333e-01 1.009691437777457068e+00 5.396231084108186592e-04 1.069638015881145545e-06 1.597508912156607591e-06
4.799999999999999822e-01 1.010006137015752481e+00 5.576724194069486744e-04 1.139283750494639467e-06 1.701369491854845874e-06
4.849999999999999867e-01 1.010325635135361333e+00 5.761467319505329896e-04 1.212678937758477332e-06 1.810808163306134813e-06
4.899999999999999911e-01 1.010649914455556075e+00 5.950524984650518894e-04 1.289984351939840675e-06 1.926063121341671937e-06
4.949999999999999956e-01 1.010978957430304748e+00 6.143960761733802296e-04 1.371365935108694764e-06 2.047380155209098752e-06
5.000000000000000000e-01 1.011312746646537475e+00 6.341839765131846276e-04 1.456994412434665375e-06 2.175012065775389596e-06
5.050000000000000044e-01 1.011651264822433394e+00 6.544228009839332498e-04 1.547047165918458219e-06 2.309221465806785854e-06
5.100000000000000089e-01 1.011994494805724676e+00 6.751191952460660175e-04 1.641705811884924860e-06 2.450277143212423006e-06
5.150000000000000133e-01 1.012342419572020980e+00 6.962797816301110644e-04 1.741157866021892834e-06 2.598456550189375306e-06
5.200000000000000178e-01 1.012695022223150554e+00 7.179113799896065171e-04 1.845597638285316131e-06 2.754047131057019919e-06
5.250000000000000222e-01 1.013052285985520662e+00 7.400207912027716812e-04 1.955223898717635548e-06 2.917342828390411393e-06
5.300000000000000266e-01 1.013414194208494434e+00 7.626148637600823395e-04 2.070242463726122040e-06 3.088647937269783482e-06
5.350000000000000311e-01 1.013780730362787486e+00 7.857007138886500878e-04 2.190864904796129887e-06 3.268275172221639561e-06
5.400000000000000355e-01 1.014151878038878962e+00 8.092852990260409902e-04 2.317308615864465568e-06 3.456545758675224208e-06
5.450000000000000400e-01 1.014527620945441466e+00 8.333756891217891693e-04 2.449798541179401083e-06 3.653792004132235257e-06
5.500000000000000444e-01 1.014907942907788518e+00 8.579791001667267259e-04 2.588564902201408798e-06 3.860353899525202862e-06
5.550000000000000488e-01 1.015292827866336012e+00 8.831027871780330191e-04 2.733845355672201824e-06 4.076582328087748716e-06
5.600000000000000533e-01 1.015682259875082316e+00 9.087540589733923658e-04 2.885883873380487648e-06 4.302837389320941326e-06
5.650000000000000577e-01 1.016076223100103704e+00 9.349403622104122610e-04 3.044931736252473192e-06 4.539489867570807979e-06
5.700000000000000622e-01 1.016474701818065096e+00 9.616691130649073285e-04 3.211247274761101055e-06 4.786920842973457561e-06
5.750000000000000666e-01 1.016877680414747243e+00 9.889478770669355746e-04 3.385095963459504644e-06 5.045521825704499419e-06
5.799999999999999600e-01 1.017285143383589441e+00 1.016784252450578848e-03 3.566749576330603666e-06 5.315693464410710812e-06
5.849999999999999645e-01 1.017697075324246692e+00 1.045186059878732646e-03 3.756489771670782549e-06 5.597850920111938009e-06
5.899999999999999689e-01 1.018113460941162618e+00 1.074160861091234993e-03 3.954602791623239081e-06 5.892415910698284663e-06
5.949999999999999734e-01 1.018534285042156151e+00 1.103716756770069815e-03 4.161385092495843141e-06 6.199825135329271919e-06
5.999999999999999778e-01 1.018959532537025314e+00 1.133861575317570824e-03 4.377140545588820879e-06 6.520526063002936526e-06
6.049999999999999822e-01 1.019389188436160998e+00 1.164603289183351910e-03 4.602179351311370915e-06 6.854975311010012274e-06
6.099999999999999867e-01 1.019823237849180497e+00 1.195950004584239550e-03 4.836822031062173050e-06 7.203644588168387089e-06
6.149999999999999911e-01 1.020261665983570154e+00 1.227909964604962430e-03 5.081396909599989724e-06 7.567016929230610261e-06
6.199999999999999956e-01 1.020704458143344873e+00 1.260491481283101131e-03 5.336240755210844682e-06 7.945587634246564971e-06
6.250000000000000000e-01 1.021151599727719406e+00 1.293702750435401626e-03 5.601696461315245182e-06 8.339860797929508931e-06
6.300000000000000044e-01 1.021603076229795626e+00 1.327552219543861461e-03 5.878121869188772429e-06 8.750362470694732743e-06
6.350000000000000089e-01 1.022058873235258902e+00 1.362048506661841423e-03 6.165876161945142170e-06 9.177620320348920860e-06
6.400000000000000133e-01 1.022518976421092685e+00 1.397200168766902497e-03 6.465335318366375802e-06 9.622186711388986896e-06
6.450000000000000178e-01 1.022983371554301524e+00 1.433015903990526906e-03 6.776876654226243861e-06 1.008461559196229496e-05
6.500000000000000222e-01 1.023452044490649859e+00 1.469504536099918747e-03 7.100894920259774265e-06 1.056548652748166766e-05
6.550000000000000266e-01 1.023924981173411908e+00 1.506674718227861464e-03 7.437787520651447755e-06 1.106538260877878622e-05
6.600000000000000311e-01 1.024402167632133542e+00 1.544535653888409656e-03 7.787967238864836489e-06 1.158490945399214252e-05
6.650000000000000355e-01 1.024883589981409493e+00 1.583096127308477978e-03 8.151852418248400689e-06 1.212468049496281971e-05
6.700000000000000400e-01 1.025369234419667430e+00 1.622365613864802701e-03 8.529874302559174322e-06 1.268532796285399716e-05
6.750000000000000444e-01 1.025859087227968924e+00 1.662353038049947836e-03 8.922472906053472650e-06 1.326749669382807232e-05
6.800000000000000488e-01 1.026353134768820174e+00 1.703067835614627788e-03 9.330100187038920930e-06 1.387184884096415901e-05
6.850000000000000533e-01 1.026851363484993174e+00 1.744519410904501111e-03 9.753218666357559512e-06 1.449906179061706467e-05
6.900000000000000577e-01 1.027353759898360641e+00 1.786717156719549613e-03 1.019230000872328127e-05 1.514982604207282409e-05
6.950000000000000622e-01 1.027860310608740946e+00 1.829670884618365360e-03 1.064782669728005758e-05 1.582484769917788794e-05
7.000000000000000666e-01 1.028371002292754355e+00 1.873390193946944393e-03 1.112029397103133716e-05 1.652485132540705386e-05
7.049999999999999600e-01 1.028885821702690384e+00 1.917884865342140950e-03 1.161021016173546954e-05 1.725058041568169916e-05
7.099999999999999645e-01 1.029404755665387139e+00 1.963164769218242369e-03 1.211808971634760838e-05 1.800278700844380473e-05
7.149999999999999689e-01 1.029927791081118427e+00 2.009239972145962592e-03 1.264446404082770516e-05 1.878224780607565817e-05
7.199999999999999734e-01 1.030454914922495746e+00 2.056120351185047011e-03 1.318987467993353266e-05 1.958975399169351131e-05
7.249999999999999778e-01 1.030986114233377604e+00 2.103816433877332606e-03 1.375487508997303668e-05 2.042611388063918920e-05
7.299999999999999822e-01 1.031521376127789047e+00 2.152338215462133112e-03 1.434002901324840938e-05 2.129215043247889105e-05
7.349999999999999867e-01 1.032060687788854958e+00 2.201696242587737606e-03 1.494591850864976081e-05 2.218871320756937639e-05
7.399999999999999911e-01 1.032604036467738684e+00 2.251900954973542340e-03 1.557313009076954861e-05 2.311665774559804553e-05
7.449999999999999956e-01 1.033151409482594651e+00 2.302962867522317849e-03 1.622227134245077834e-05 2.407687025970824113e-05
7.500000000000000000e-01 1.033702794217528753e+00 2.354892917433652408e-03 1.689395649057395533e-05 2.507024604142639782e-05
7.550000000000000044e-01 1.034258178121568061e+00 2.407701603295938318e-03 1.758881941394550144e-05 2.609770901675334995e-05
7.600000000000000089e-01 1.034817548707643198e+00 2.461400152296776625e-03 1.830749853685364768e-05 2.716018899159092237e-05
7.650000000000000133e-01 1.035380893551575587e+00 2.515999392716545581e-03 1.905065469143166456e-05 2.825864839670362070e-05
7.700000000000000178e-01 1.035948200291078702e+00 2.571510554624803491e-03 1.981896049525085543e-05 2.939406639827776900e-05
7.750000000000000222e-01 1.036519456624765523e+00 2.627944717922976389e-03 2.061310007280655525e-05 3.056743842523254752e-05
7.800000000000000266e-01 1.037094650311166655e+00 2.685313481046859834e-03 2.143377418481639919e-05 3.177978380009907226e-05
7.850000000000000311e-01 1.037673769167756666e+00 2.743628058319439681e-03 2.228169308445580998e-05 3.303213514861912104e-05
7.900000000000000355e-01 1.038256801069989743e+00 2.802900207075572064e-03 2.315759136884594369e-05 3.432556032909998719e-05
7.950000000000000400e-01 1.038843733950345127e+00 2.863141526567039574e-03 2.406220864687754732e-05 3.566113378306577132e-05
8.000000000000000444e-01 1.039434555797379867e+00 2.924363968230053127e-03 2.499630973510647217e-05 3.703996650441078122e-05
8.050000000000000488e-01 1.040029254654790458e+00 2.986579213529508368e-03 2.596066445862138330e-05 3.846317589549705498e-05
8.100000000000000533e-01 1.040627818620484257e+00 3.049799369169983385e-03 2.695606296486886103e-05 3.993190868623947487e-05
8.150000000000000577e-01 1.041230235845658436e+00 3.114036541397747961e-03 2.798331708966656905e-05 4.144734273428008902e-05
8.200000000000000622e-01 1.041836494533886492e+00 3.179303261133623482e-03 2.904324891689836062e-05 4.301067018604751662e-05
8.250000000000000666e-01 1.042446582940215416e+00 3.245611562985485730e-03 3.013669113623309399e-05 4.462309773336849307e-05
8.300000000000000711e-01 1.043060489370268407e+00 3.312974287111111141e-03 3.126450409276585867e-05 4.628587218917671134e-05
8.349999999999999645e-01 1.043678202179357140e+00 3.381403698887299001e-03 3.242755900163386102e-05 4.800025531186584763e-05
8.399999999999999689e-01 1.044299709771603135e+00 3.450912758035862803e-03 3.362674410668066378e-05 4.976753315833758092e-05
8.449999999999999734e-01 1.044925000599063569e+00 3.521514236329993230e-03 3.486296442251451798e-05 5.158901537847090024e-05
8.499999999999999778e-01 1.045554063160868408e+00 3.593221322203285495e-03 3.613715513158358725e-05 5.346605523132684918e-05
8.549999999999999822e-01 1.046186886002363758e+00 3.666047210609285623e-03 3.745024361529615119e-05 5.539999314066684864e-05
8.599999999999999867e-01 1.046823457714263217e+00 3.740004600104298183e-03 3.880319404123253220e-05 5.739222292375091274e-05
8.649999999999999911e-01 1.047463766931806317e+00 3.815107225047520857e-03 4.019698886864411406e-05 5.944416435964875692e-05
8.699999999999999956e-01 1.048107802333925420e+00 3.891368939055977593e-03 4.163262908284785666e-05 6.155726326560005527e-05
8.750000000000000000e-01 1.048755552642418598e+00 3.968802632389950742e-03 4.311111377548335272e-05 6.373296132712136068e-05
8.800000000000000044e-01 1.049407006621131844e+00 4.047422430163357364e-03 4.463349498935345838e-05 6.597277734391362850e-05
8.850000000000000089e-01 1.050062153075147497e+00 4.127242612561055415e-03 4.620082359661012580e-05 6.827822723525822418e-05
8.900000000000000133e-01 1.050720980849978670e+00 4.208276424391062601e-03 4.781416212135429831e-05 7.065084233977816572e-05
8.950000000000000178e-01 1.051383478830772988e+00 4.290538530731996536e-03 4.947461412980944638e-05 7.309221374967397758e-05
9.000000000000000222e-01 1.052049635941522787e+00 4.374042985179214978e-03 5.118328884799454195e-05 7.560393925644322581e-05
9.050000000000000266e-01 1.052719441144281065e+00 4.458804148435323300e-03 5.294132294514997870e-05 7.818765585785595522e-05
9.100000000000000311e-01 1.053392883438386107e+00 4.544837004517013855e-03 5.474987355937744997e-05 8.084502924491516736e-05
9.150000000000000355e-01 1.054069951859691656e+00 4.632156071973023148e-03 5.661011086293259186e-05 8.357774292345138492e-05
9.200000000000000400e-01 1.054750635479804632e+00 4.720775946040323308e-03 5.852323328643301985e-05 8.638752047854548750e-05
9.250000000000000444e-01 1.055434923405329073e+00 4.810711617613086175e-03 6.049046111721319134e-05 8.927611628220702520e-05
9.300000000000000488e-01 1.056122804777117841e+00 4.901978454623969958e-03 6.251302752055070105e-05 9.224530212263885929e-05
9.350000000000000533e-01 1.056814268769528553e+00 4.994591441740036525e-03 6.459220403991436659e-05 9.529690471165162715e-05
9.400000000000000577e-01 1.057509304589689725e+00 5.088565954593487345e-03 6.672926763875950697e-05 9.843275715729256099e-05
9.450000000000000622e-01 1.058207901476769797e+00 5.183917987058725245e-03 6.892553451813798445e-05 1.016547486249353577e-04
9.500000000000000666e-01 1.058910048701254603e+00 5.280662529387174925e-03 7.118231765544896610e-05 1.049647617981648671e-04
9.550000000000000711e-01 1.059615735564230832e+00 5.378816192526589962e-03 7.350098765815575130e-05 1.083647628363332939e-04
9.599999999999999645e-01 1.060324951396675930e+00 5.478394280130399058e-03 7.588291217559142514e-05 1.118567110731504829e-04
9.649999999999999689e-01 1.061037685558753330e+00 5.579412944159652110e-03 7.832949089873661973e-05 1.154426119830940806e-04
9.699999999999999734e-01 1.061753927439116119e+00 5.681888956833127009e-03 8.084215668006103838e-05 1.191245176275847092e-04
9.749999999999999778e-01 1.062473666454213594e+00 5.785838471412403650e-03 8.342234781220364136e-05 1.229044860921473155e-04
9.799999999999999822e-01 1.063196892047607145e+00 5.891277950059134114e-03 8.607155585461472014e-05 1.267846518049709566e-04
9.849999999999999867e-01 1.063923593689290348e+00 5.998224173972321709e-03 8.879125785103339627e-05 1.307671263378845205e-04
9.899999999999999911e-01 1.064653760875015509e+00 6.106693914585932005e-03 9.158298522811961955e-05 1.348540987396673824e-04
9.949999999999999956e-01 1.065387383125626419e+00 6.216704339942007683e-03 9.444827438621955691e-05 1.390477631516953737e-04
1.000000000000000000e+00 1.066124449986396217e+00 6.328272686368250667e-03 9.738872831845517036e-05 1.433504105089772763e-04
1.005000000000000115e+00 1.066864951026373021e+00 6.441426088645840764e-03 1.004061782018104455e-04 1.477646830757675970e-04
1.010000000000000009e+00 1.067608875837728233e+00 6.556172460774849567e-03 1.035019916697278312e-04 1.522925033457483263e-04
1.015000000000000124e+00 1.068356214035114826e+00 6.672529748365383512e-03 1.066778956678361310e-04 1.569363377022224310e-04
1.020000000000000018e+00 1.069106955255026969e+00 6.790515377643802954e-03 1.099355149491828334e-04 1.616984996633552562e-04
1.024999999999999911e+00 1.069861089155168976e+00 6.910147987526485229e-03 1.132766104199831871e-04 1.665815006688252560e-04
1.030000000000000027e+00 1.070618605413826918e+00 7.031445466951151239e-03 1.167028820064480022e-04 1.715877593573270272e-04
1.034999999999999920e+00 1.071379493729249344e+00 7.154426007799736739e-03 1.202161253420152930e-04 1.767198337679101684e-04
1.040000000000000036e+00 1.072143743819029771e+00 7.279107651093980752e-03 1.238181177610623077e-04 1.819802517332325283e-04
1.044999999999999929e+00 1.072911345419497398e+00 7.405509518031010673e-03 1.275106889417920199e-04 1.873716155422215830e-04
1.050000000000000044e+00 1.073682288285112474e+00 7.533650574951217087e-03 1.312956977253346982e-04 1.928965682288972215e-04
1.054999999999999938e+00 1.074456562187866782e+00 7.663549939622655259e-03 1.351750311923829518e-04 1.985577908347848687e-04
1.060000000000000053e+00 1.075234156916690775e+00 7.795225674974389125e-03 1.391505829928095126e-04 2.043579717500683336e-04
1.064999999999999947e+00 1.076015062276864054e+00 7.928698288622842288e-03 1.432243244558893572e-04 2.102999107779337845e-04
1.070000000000000062e+00 1.076799268089433603e+00 8.063986907525981865e-03 1.473982345776284270e-04 2.163864159238020708e-04
1.074999999999999956e+00 1.077586764190635593e+00 8.201110984950214441e-03 1.516743218457748015e-04 2.226203363080722175e-04
1.080000000000000071e+00 1.078377540431322945e+00 8.340090411085831698e-03 1.560545737167526878e-04 2.290044852818691511e-04
1.084999999999999964e+00 1.079171586676399119e+00 8.480945419571325750e-03 1.605411134916187111e-04 2.355418752954429511e-04
1.090000000000000080e+00 1.079968892804255898e+00 8.623696214394235143e-03 1.651360439545482793e-04 2.422354834016229711e-04
1.094999999999999973e+00 1.080769448706216718e+00 8.768362247445125185e-03 1.698414736367280390e-04 2.490882933208435368e-04
1.100000000000000089e+00 1.081573244285985780e+00 8.914965600711562480e-03 1.746595687169076290e-04 2.561033689974738905e-04
1.104999999999999982e+00 1.082380269459101152e+00 9.063525875356890499e-03 1.795925573176863422e-04 2.632838627491702888e-04
1.110000000000000098e+00 1.083190514152395201e+00 9.214064218545396298e-03 1.846426733758890369e-04 2.706329330218317582e-04
1.114999999999999991e+00 1.084003968303457022e+00 9.366601953624400373e-03 1.898121550374920182e-04 2.781537385614508799e-04
1.120000000000000107e+00 1.084820621860102863e+00 9.521159611915011242e-03 1.951033316867023201e-04 2.858495708521624902e-04
1.125000000000000000e+00 1.085640464779849657e+00 9.677760048039177332e-03 2.005185383926101508e-04 2.937237254294350211e-04
1.130000000000000115e+00 1.086463487029394992e+00 9.836423652496924935e-03 2.060601454944391037e-04 3.017795449442855094e-04
1.135000000000000009e+00 1.087289678584100638e+00 9.997172666416824852e-03 2.117305578530652899e-04 3.100204206392645121e-04
1.140000000000000124e+00 1.088119029427482509e+00 1.016002887466454369e-02 2.175322461875455187e-04 3.184498350926810413e-04
1.145000000000000018e+00 1.088951529550704622e+00 1.032501498541130158e-02 2.234676556675710792e-04 3.270712305936378391e-04
1.150000000000000133e+00 1.089787168952079055e+00 1.049215371482552575e-02 2.295393297852138526e-04 3.358881901152134552e-04
1.155000000000000027e+00 1.090625937636568565e+00 1.066146591745281702e-02 2.357498512673228766e-04 3.449043492195434093e-04
1.159999999999999920e+00 1.091467825615297427e+00 1.083297663732076498e-02 2.421017731438435073e-04 3.541232957117856493e-04
1.165000000000000036e+00 1.092312822905064262e+00 1.100670689040762762e-02 2.485977184714655138e-04 3.635487153830896227e-04
1.169999999999999929e+00 1.093160919527861763e+00 1.118268155544239334e-02 2.552404157069870652e-04 3.731844478773953104e-04
1.175000000000000044e+00 1.094012105510399513e+00 1.136092243296441678e-02 2.620325310129454624e-04 3.830342330936747117e-04
1.179999999999999938e+00 1.094866370883633921e+00 1.154145409885970475e-02 2.689768026811682582e-04 3.931019131342781817e-04
1.185000000000000053e+00 1.095723705682299487e+00 1.172430021248643296e-02 2.760760765712629928e-04 4.033914859610780875e-04
1.189999999999999947e+00 1.096584099944449830e+00 1.190948442906487187e-02 2.833331354513840290e-04 4.139068493260208265e-04
1.195000000000000062e+00 1.097447543710998508e+00 1.209703133772981574e-02 2.907508717308456502e-04 4.246520582297156720e-04
1.199999999999999956e+00 1.098314027025267592e+00 1.228696458926763213e-02 2.983321818041646616e-04 4.356311694649578174e-04
1.205000000000000071e+00 1.099183539932540254e+00 1.247931001379024019e-02 3.060800770659222441e-04 4.468484031867030605e-04
1.209999999999999964e+00 1.100056072479618674e+00 1.267409127904790475e-02 3.139974633317416217e-04 4.583078185946155695e-04
1.215000000000000080e+00 1.100931614714385054e+00 1.287133359250965982e-02 3.220874353687260775e-04 4.700137480442399688e-04
1.219999999999999973e+00 1.101810156685369746e+00 1.307106278819119768e-02 3.303530557545780104e-04 4.819704728620921152e-04
1.225000000000000089e+00 1.102691688441321372e+00 1.327330346781224919e-02 3.387975071374052603e-04 4.941824419961851145e-04
1.229999999999999982e+00 1.103576200030784493e+00 1.347808239046994691e-02 3.474238997088067212e-04 5.066539956638016528e-04
1.235000000000000098e+00 1.104463681501680172e+00 1.368542417067431134e-02 3.562353837526681995e-04 5.193895259364407577e-04
1.239999999999999991e+00 1.105354122900890967e+00 1.389535556331273659e-02 3.652353949430084141e-04 5.323938390590300836e-04
1.245000000000000107e+00 1.106247514273852595e+00 1.410790241937598735e-02 3.744270920669116420e-04 5.456713283955727392e-04
1.250000000000000000e+00 1.107143845664148030e+00 1.432309212080562152e-02 3.838138393097815528e-04 5.592266812765951580e-04
1.255000000000000115e+00 1.108043107113107384e+00 1.454095054301392242e-02 3.933991309543235083e-04 5.730647757812108375e-04
1.260000000000000009e+00 1.108945288659413109e+00 1.476150536233802185e-02 4.031862563164078078e-04 5.871901760062213371e-04
1.265000000000000124e+00 1.109850380338708309e+00 1.498478244206423969e-02 4.131788889622688078e-04 6.016080098319011391e-04
1.270000000000000018e+00 1.110758372183210829e+00 1.521081041643383876e-02 4.233804082150167502e-04 6.163229617723013252e-04
1.275000000000000133e+00 1.111669254221331116e+00 1.543961638932466948e-02 4.337944977799117869e-04 6.313401610518101087e-04
1.280000000000000027e+00 1.112583016477296738e+00 1.567122899114489418e-02 4.444247182520739319e-04 6.466645476304477445e-04
1.284999999999999920e+00 1.113499648970778022e+00 1.590567593975517405e-02 4.552748523574822619e-04 6.623013818776625353e-04
1.290000000000000036e+00 1.114419141716522343e+00 1.614298465743468219e-02 4.663485547654143263e-04 6.782557289969186071e-04
1.294999999999999929e+00 1.115341484723989307e+00 1.638318409827008507e-02 4.776497106040999974e-04 6.945329854241478638e-04
1.300000000000000044e+00 1.116266667996994588e+00 1.662630321639620157e-02 4.891819783645838917e-04 7.111382063858919314e-04
1.304999999999999938e+00 1.117194681533353773e+00 1.687237160415106310e-02 5.009494394217794445e-04 7.280770641051578567e-04
1.310000000000000053e+00 1.118125515324534858e+00 1.712141790002289291e-02 5.129558486620289411e-04 7.453547442730464523e-04
1.314999999999999947e+00 1.119059159355313193e+00 1.737347079126156171e-02 5.252053949076014626e-04 7.629770590021012428e-04
1.320000000000000062e+00 1.119995603603431533e+00 1.762856262610115396e-02 5.377019323859179517e-04 7.809493214692656698e-04
1.324999999999999956e+00 1.120934838039265857e+00 1.788672053120273636e-02 5.504496604869269253e-04 7.992773518169720781e-04
1.330000000000000071e+00 1.121876852625492305e+00 1.814797565823504655e-02 5.634528320012597560e-04 8.179670288140590594e-04
1.334999999999999964e+00 1.122821637316764765e+00 1.841235881984915751e-02 5.767154568915702556e-04 8.370238760285734657e-04
1.340000000000000080e+00 1.123769182059389804e+00 1.867989994649273122e-02 5.902418955100165393e-04 8.564539203517413995e-04
1.344999999999999973e+00 1.124719476791012696e+00 1.895063140274507937e-02 6.040363605604314075e-04 8.762629636185279014e-04
1.350000000000000089e+00 1.125672511440304557e+00 1.922458372524916623e-02 6.181034325084896900e-04 8.964573417145601034e-04
1.354999999999999982e+00 1.126628275926654377e+00 1.950178746626921727e-02 6.324474347699196759e-04 9.170429983462483016e-04
1.360000000000000098e+00 1.127586760159866808e+00 1.978227499776381154e-02 6.470728501748294632e-04 9.380261089213668335e-04
1.364999999999999991e+00 1.128547954039863965e+00 2.006607873056698993e-02 6.619842205107962646e-04 9.594129279847092399e-04
1.370000000000000107e+00 1.129511847456391438e+00 2.035322981556529978e-02 6.771861423247746642e-04 9.812097714463877043e-04
1.375000000000000000e+00 1.130478430288730518e+00 2.064376250602749374e-02 6.926832683204252675e-04 1.003423042066539954e-03
1.380000000000000115e+00 1.131447692405412875e+00 2.093770676349480594e-02 7.084803130486950866e-04 1.026059215243484233e-03
1.385000000000000009e+00 1.132419623663941444e+00 2.123509866793715090e-02 7.245821630314131130e-04 1.049125013162206929e-03
1.390000000000000124e+00 1.133394213910515980e+00 2.153596816501761671e-02 7.409936505749188185e-04 1.072627068591906719e-03
1.395000000000000018e+00 1.134371452979762385e+00 2.184035198787698251e-02 7.577195529956427811e-04 1.096571919398248249e-03
1.400000000000000133e+00 1.135351330694467364e+00 2.214828257876285192e-02 7.747649382277966125e-04 1.120966527140471614e-03
1.405000000000000027e+00 1.136333836865317526e+00 2.245979234565603083e-02 7.921347030618250146e-04 1.145817587185960808e-03
1.409999999999999920e+00 1.137318961290643582e+00 2.277491801453724804e-02 8.098341610998490087e-04 1.171132403563910447e-03
1.415000000000000036e+00 1.138306693756168331e+00 2.309369327075715475e-02 8.278683294797658946e-04 1.196917825810073785e-03
1.419999999999999929e+00 1.139297024034760630e+00 2.341615299570581898e-02 8.462425338877250245e-04 1.223181154077930370e-03
1.425000000000000044e+00 1.140289941886192482e+00 2.374233150283095936e-02 8.649619151707658039e-04 1.249929400448447506e-03
1.429999999999999938e+00 1.141285437056903218e+00 2.407226613196239429e-02 8.840319252841718394e-04 1.277170024355362777e-03
1.435000000000000053e+00 1.142283499279765024e+00 2.440598997512409551e-02 9.034579588286149009e-04 1.304910393684323260e-03
1.439999999999999947e+00 1.143284118273856675e+00 2.474354101586782873e-02 9.232454749747197667e-04 1.333157954907173261e-03
1.445000000000000062e+00 1.144287283744239936e+00 2.508495602530845872e-02 9.434001258220304749e-04 1.361920430476902576e-03
1.449999999999999956e+00 1.145292985381740625e+00 2.543026868481354161e-02 9.639273729393589216e-04 1.391205251876407277e-03
1.455000000000000071e+00 1.146301212862736563e+00 2.577951763053720410e-02 9.848330056972480744e-04 1.421020319320190567e-03
1.459999999999999964e+00 1.147311955848947074e+00 2.613274026285543339e-02 1.006122884474225333e-03 1.451373619028454524e-03
1.465000000000000080e+00 1.148325203987230259e+00 2.648997273449167980e-02 1.027802669330642096e-03 1.482272847557039716e-03
1.469999999999999973e+00 1.149340946909383598e+00 2.685125492664158439e-02 1.049878223515116104e-03 1.513725964714195951e-03
1.475000000000000089e+00 1.150359174231948334e+00 2.721662239947824496e-02 1.072355751506570828e-03 1.545741436641951544e-03
1.479999999999999982e+00 1.151379875556021837e+00 2.758611378052596222e-02 1.095241123001046684e-03 1.578327222171331708e-03
1.485000000000000098e+00 1.152403040467071982e+00 2.795976837176806715e-02 1.118540548806879397e-03 1.611491767323622228e-03
1.489999999999999991e+00 1.153428658534756623e+00 2.833762419134363414e-02 1.142260033881236552e-03 1.645243198882610693e-03
1.495000000000000107e+00 1.154456719312749513e+00 2.871972174682480353e-02 1.166406226756689203e-03 1.679590574769057772e-03
1.500000000000000000e+00 1.155487212338569769e+00 2.910609907081685571e-02 1.190984984815099878e-03 1.714541787641634405e-03
1.505000000000000115e+00 1.156520127133416675e+00 2.949679731539925354e-02 1.216003107351390803e-03 1.750106084232968661e-03
1.510000000000000009e+00 1.157555453202008700e+00 2.989185512568779193e-02 1.241466886894317632e-03 1.786291977435211726e-03
1.515000000000000124e+00 1.158593180032429393e+00 3.029131308331277014e-02 1.267382986567897095e-03 1.823108482782935308e-03
1.520000000000000018e+00 1.159633297095975069e+00 3.069521287622372502e-02 1.293757992812087946e-03 1.860564503598523441e-03
1.525000000000000133e+00 1.160675793847010029e+00 3.110359448442155325e-02 1.320598727457872887e-03 1.898669276882603398e-03
1.530000000000000027e+00 1.161720659722826676e+00 3.151649902596381780e-02 1.347911927571805203e-03 1.937431899449408275e-03
1.535000000000000142e+00 1.162767884143507846e+00 3.193396889357854457e-02 1.375704415432810928e-03 1.976861567295427110e-03
1.540000000000000036e+00 1.163817456511797577e+00 3.235604649170484987e-02 1.403982923271090673e-03 2.016967336868759168e-03
1.544999999999999929e+00 1.164869366212974766e+00 3.278277052372566280e-02 1.432755225846469313e-03 2.057759787048832074e-03
1.550000000000000044e+00 1.165923602614732379e+00 3.321418832635854301e-02 1.462027898138611084e-03 2.099247714733323573e-03
1.554999999999999938e+00 1.166980155067061542e+00 3.365034106163308780e-02 1.491808238463218856e-03 2.141440949743150541e-03
1.560000000000000053e+00 1.168039012902141183e+00 3.409127116006473862e-02 1.522103626657304301e-03 2.184349448499267599e-03
1.564999999999999947e+00 1.169100165434231231e+00 3.453701981192709713e-02 1.552921192824852515e-03 2.227982771410667428e-03
1.570000000000000062e+00 1.170163601959574473e+00 3.498763680989232933e-02 1.584268818714686545e-03 2.272351556863015914e-03
1.574999999999999956e+00 1.171229311756297298e+00 3.544316089665040109e-02 1.616153462045195237e-03 2.317465100003144977e-03
1.580000000000000071e+00 1.172297284084322211e+00 3.590364067915777918e-02 1.648583520638649286e-03 2.363334764159144737e-03
1.584999999999999964e+00 1.173367508185281460e+00 3.636911735730942452e-02 1.681566113665514074e-03 2.409970033531375587e-03
1.590000000000000080e+00 1.174439973282435989e+00 3.683963830663884026e-02 1.715109126436041359e-03 2.457381490042479487e-03
1.594999999999999973e+00 1.175514668580601496e+00 3.731524965930119869e-02 1.749220892285882883e-03 2.505580363838618829e-03
1.600000000000000089e+00 1.176591583266077601e+00 3.779599510049282129e-02 1.783909125822797466e-03 2.554576962338989989e-03
1.604999999999999982e+00 1.177670706506583453e+00 3.828191957330548401e-02 1.819181622936055613e-03 2.604381671991300509e-03
1.610000000000000098e+00 1.178752027451198003e+00 3.877307413847699141e-02 1.855046624156823833e-03 2.655005546522683658e-03
1.614999999999999991e+00 1.179835535230304933e+00 3.926950252477329900e-02 1.891512830219824019e-03 2.706460269843345961e-03
1.620000000000000107e+00 1.180921218955544472e+00 3.977125456201425352e-02 1.928588308592257610e-03 2.758756584134938131e-03
1.625000000000000000e+00 1.182009067719768769e+00 4.027837401718102617e-02 1.966281571376547917e-03 2.811905878507185361e-03
1.630000000000000115e+00 1.183099070597002811e+00 4.079091194832951822e-02 2.004601242746167737e-03 2.865919676460921758e-03
1.635000000000000009e+00 1.184191216642411337e+00 4.130891701216934941e-02 2.043555642404066858e-03 2.920809033138288026e-03
1.640000000000000124e+00 1.185285494892271307e+00 4.183243296035936420e-02 2.083153957538811610e-03 2.976586248536472034e-03
1.645000000000000018e+00 1.186381894363947032e+00 4.236151334784310496e-02 2.123404308826143221e-03 3.033262062297283762e-03
1.650000000000000133e+00 1.187480404055874628e+00 4.289620933311757284e-02 2.164316471593542325e-03 3.090849605506925963e-03
1.655000000000000027e+00 1.188581012947548476e+00 4.343656590628636183e-02 2.205898744439223347e-03 3.149359831939074934e-03
1.660000000000000142e+00 1.189683709999514560e+00 4.398263414676673727e-02 2.248160712329628792e-03 3.208805528442921270e-03
1.665000000000000036e+00 1.190788484153369131e+00 4.453446525153264418e-02 2.291111662915412857e-03 3.269199075189555079e-03
1.669999999999999929e+00 1.191895324331762041e+00 4.509211160211301639e-02 2.334760581582090173e-03 3.330552354486958962e-03
1.675000000000000044e+00 1.193004219438406732e+00 4.565562308652391238e-02 2.379116948124136623e-03 3.392877940892997067e-03
1.679999999999999938e+00 1.194115158358093565e+00 4.622504968238919099e-02 2.424190343721193113e-03 3.456188603765739456e-03
1.685000000000000053e+00 1.195228129956711127e+00 4.680044621203656441e-02 2.469990458819508895e-03 3.520497136282150531e-03
1.689999999999999947e+00 1.196343123081270665e+00 4.738186264949301174e-02 2.516527086114555764e-03 3.585816578573008430e-03
1.695000000000000062e+00 1.197460126559938276e+00 4.796935384102640060e-02 2.563810124958102593e-03 3.652160006827901307e-03
1.699999999999999956e+00 1.198579129202069993e+00 4.856296977319476960e-02 2.611849135018841448e-03 3.719540057942785031e-03
1.705000000000000071e+00 1.199700119798254416e+00 4.916276777840019457e-02 2.660654663620162872e-03 3.787970733827440966e-03
1.709999999999999964e+00 1.200823087120360011e+00 4.976879904125750681e-02 2.710236477121389254e-03 3.857464869791697119e-03
1.715000000000000080e+00 1.201948019921588173e+00 5.038111970432072179e-02 2.760605337143084894e-03 3.928036796251736622e-03
1.719999999999999973e+00 1.203074906936531852e+00 5.099978099098485818e-02 2.811770775306077046e-03 3.999698944524125027e-03
1.725000000000000089e+00 1.204203736881238829e+00 5.162484271721074630e-02 2.863744224978246634e-03 4.072466538936741869e-03
1.729999999999999982e+00 1.205334498453282777e+00 5.225635611873144515e-02 2.916535873038269330e-03 4.146352939594526166e-03
1.735000000000000098e+00 1.206467180331836975e+00 5.289438103473342173e-02 2.970156017833599886e-03 4.221371694799262199e-03
1.739999999999999991e+00 1.207601771177756689e+00 5.353897237255562241e-02 3.024615969902286119e-03 4.297537756456634023e-03
1.745000000000000107e+00 1.208738259633664436e+00 5.419018261935210773e-02 3.079927191788481029e-03 4.374866258501915878e-03
1.750000000000000000e+00 1.209876634324042799e+00 5.484807415867726937e-02 3.136099830383951969e-03 4.453370455676021120e-03
1.755000000000000115e+00 1.211016883855332349e+00 5.551270432075095657e-02 3.193145077553372676e-03 4.533065036163490789e-03
1.760000000000000009e+00 1.212158996816034451e+00 5.618412562985996422e-02 3.251074730822890117e-03 4.613965569258991761e-03
1.765000000000000124e+00 1.213302961776821398e+00 5.686240291073497988e-02 3.309900226640474351e-03 4.696087072080260862e-03
1.770000000000000018e+00 1.214448767290650766e+00 5.754759354455064868e-02 3.369632632479540972e-03 4.779444002497836887e-03
1.775000000000000133e+00 1.215596401892885980e+00 5.823975256697754704e-02 3.430283606254406602e-03 4.864051674886056206e-03
1.780000000000000027e+00 1.216745854101423552e+00 5.893894479734702874e-02 3.491865429930342875e-03 4.949926216239146706e-03
1.785000000000000142e+00 1.217897112416823635e+00 5.964522514999046759e-02 3.554390023027107284e-03 5.037083248717365638e-03
1.790000000000000036e+00 1.219050165322449919e+00 6.035865606331933253e-02 3.617868390550130209e-03 5.125537036222562598e-03
1.794999999999999929e+00 1.220205001284612623e+00 6.107929997442032577e-02 3.682313693070539753e-03 5.215304952631433406e-03
1.800000000000000044e+00 1.221361608752716377e+00 6.180721668252884410e-02 3.747738215671240439e-03 5.306403027641033894e-03
1.804999999999999938e+00 1.222519976159418986e+00 6.254246870914145773e-02 3.814153298462262098e-03 5.398845930481009289e-03
1.810000000000000053e+00 1.223680091920789526e+00 6.328511839535139183e-02 3.881572508790110971e-03 5.492651525439993035e-03
1.814999999999999947e+00 1.224841944436477315e+00 6.403523065457579488e-02 3.950007963531784912e-03 5.587835537564110611e-03
1.820000000000000062e+00 1.226005522089884225e+00 6.479286296410047274e-02 4.019472958285127961e-03 5.684415374143160851e-03
1.824999999999999956e+00 1.227170813248343206e+00 6.555808017678338429e-02 4.089979852612065682e-03 5.782407082377961048e-03
1.830000000000000071e+00 1.228337806263303689e+00 6.633095218081275224e-02 4.161541671811811414e-03 5.881827574906388183e-03
1.834999999999999964e+00 1.229506489470522324e+00 6.711153649360476758e-02 4.234172108206843248e-03 5.982694775150959252e-03
1.840000000000000080e+00 1.230676851190258825e+00 6.789990039735474547e-02 4.307883899267053382e-03 6.085025145500477101e-03
1.844999999999999973e+00 1.231848879727479362e+00 6.869610647056144381e-02 4.382690447560340201e-03 6.188836104677990745e-03
1.850000000000000089e+00 1.233022563372064173e+00 6.950022937235893206e-02 4.458605862531733570e-03 6.294146047490339381e-03
1.854999999999999982e+00 1.234197890399023168e+00 7.031232426460946872e-02 4.535643250260603700e-03 6.400971903857842829e-03
1.860000000000000098e+00 1.235374849068715752e+00 7.113246590812601078e-02 4.613817001207382376e-03 6.509332388120629004e-03
1.864999999999999991e+00 1.236553427627077095e+00 7.196071678801854721e-02 4.693140473490912436e-03 6.619244760244017735e-03
1.870000000000000107e+00 1.237733614305851271e+00 7.279715169240799644e-02 4.773628331521372233e-03 6.730728069970032430e-03
1.875000000000000000e+00 1.238915397322829737e+00 7.364183066329889338e-02 4.855294210903368136e-03 6.843799868905621302e-03
1.880000000000000115e+00 1.240098764882095139e+00 7.449482364546518298e-02 4.938153647569319162e-03 6.958480428585780975e-03
1.885000000000000009e+00 1.241283705174272667e+00 7.535620292333135295e-02 5.022219947892976426e-03 7.074786758592090628e-03
1.890000000000000124e+00 1.242470206376787178e+00 7.622603353825931072e-02 5.107508350425967077e-03 7.192738640719777317e-03
1.895000000000000018e+00 1.243658256654124994e+00 7.710439272302951896e-02 5.194033625146169016e-03 7.312355079288294230e-03
1.900000000000000133e+00 1.244847844158103012e+00 7.799134559574105729e-02 5.281810070371488648e-03 7.433654483341845323e-03
1.905000000000000027e+00 1.246038957028144711e+00 7.888696191491972876e-02 5.370854615133494048e-03 7.556658896940838394e-03
1.910000000000000142e+00 1.247231583391559262e+00 7.979132164091959356e-02 5.461179961296924908e-03 7.681384341650825988e-03
1.915000000000000036e+00 1.248425711363831514e+00 8.070448476629926704e-02 5.552804606702089335e-03 7.807855035591863488e-03
1.919999999999999929e+00 1.249621329048912655e+00 8.162653605314414140e-02 5.645740885912547101e-03 7.936086373069540720e-03
1.925000000000000044e+00 1.250818424539521745e+00 8.255753805919259503e-02 5.740007638063962005e-03 8.066103088336910518e-03
1.929999999999999938e+00 1.252016985917450365e+00 8.349757059481816013e-02 5.835617431638242918e-03 8.197920839586913047e-03
1.935000000000000053e+00 1.253217001253874363e+00 8.444671105816001222e-02 5.932589457645117380e-03 8.331564614649400458e-03
1.939999999999999947e+00 1.254418458609672937e+00 8.540502445274483767e-02 6.030936530025139859e-03 8.467050484942818811e-03
1.945000000000000062e+00 1.255621346035752151e+00 8.637259068623998060e-02 6.130678185129685535e-03 8.604403917459568438e-03
1.949999999999999956e+00 1.256825651573374891e+00 8.734948462863874330e-02 6.231830180160127103e-03 8.743645053877742088e-03
1.955000000000000071e+00 1.258031363254499713e+00 8.833578615823370339e-02 6.334407041757531692e-03 8.884792028487109236e-03
1.959999999999999964e+00 1.259238469102119673e+00 8.933157270567212982e-02 6.438427498500163930e-03 9.027869209139170389e-03
1.965000000000000080e+00 1.260446957130616275e+00 9.033691185212824881e-02 6.543909103385710246e-03 9.172899159753942697e-03
1.969999999999999973e+00 1.261656815346111182e+00 9.135189071258113802e-02 6.650866822704692635e-03 9.319900536857085582e-03
1.975000000000000089e+00 1.262868031746829489e+00 9.237658200084877813e-02 6.759319904865920652e-03 9.468898343639476148e-03
1.979999999999999982e+00 1.264080594323466533e+00 9.341107281928635875e-02 6.869283589938824687e-03 9.619911548219251332e-03
1.985000000000000098e+00 1.265294491059563597e+00 9.445543579229044584e-02 6.980777480683045960e-03 9.772965590059292870e-03
1.989999999999999991e+00 1.266509709931886274e+00 9.550974832775921408e-02 7.093819967346578180e-03 9.928083979612417967e-03
1.995000000000000107e+00 1.267726238910813485e+00 9.657410025439942813e-02 7.208426732823492410e-03 1.008528620061559765e-02
2.000000000000000000e+00 1.268944065960727619e+00 9.764855911922054599e-02 7.324616462276584139e-03 1.024459624162834918e-02
2.004999999999999893e+00 1.270163179040415979e+00 9.873321966265642680e-02 7.442409515685666568e-03 1.040604027094174482e-02
2.010000000000000231e+00 1.271383566103475360e+00 9.982816187361120974e-02 7.561820528454277213e-03 1.056963626220824327e-02
2.015000000000000124e+00 1.272605215098723486e+00 1.009334606729919287e-01 7.682871682518502623e-03 1.073541300033981939e-02
2.020000000000000018e+00 1.273828113970618237e+00 1.020492109553184229e-01 7.805580907280619020e-03 1.090339307431597259e-02
2.024999999999999911e+00 1.275052250659680864e+00 1.031754827240615874e-01 7.929966289426007564e-03 1.107359918459046959e-02
2.030000000000000249e+00 1.276277613102927866e+00 1.043123756876885022e-01 8.056046031385532061e-03 1.124605429051668028e-02
2.035000000000000142e+00 1.277504189234306420e+00 1.054599600555414934e-01 8.183841600210245079e-03 1.142078596272041134e-02
2.040000000000000036e+00 1.278731966985139357e+00 1.066183354087888585e-01 8.313373132978819566e-03 1.159781972940411576e-02
2.044999999999999929e+00 1.279960934284574359e+00 1.077875769061681505e-01 8.444657829682107250e-03 1.177717689766324613e-02
2.049999999999999822e+00 1.281191079060038929e+00 1.089677743815249816e-01 8.577716141314941506e-03 1.195888349901395344e-02
2.055000000000000160e+00 1.282422389237703575e+00 1.101590226533467609e-01 8.712568730308855453e-03 1.214296560383923071e-02
2.060000000000000053e+00 1.283654852742951435e+00 1.113614018128514238e-01 8.849236444591674147e-03 1.232944972241296032e-02
2.064999999999999947e+00 1.284888457500850345e+00 1.125750016269462389e-01 8.987737112519178853e-03 1.251835781789551252e-02
2.069999999999999840e+00 1.286123191436637780e+00 1.137999121279987119e-01 9.128095175659064683e-03 1.270972133525925980e-02
2.075000000000000178e+00 1.287359042476205584e+00 1.150362280720891028e-01 9.270328802229247864e-03 1.290356269836968710e-02
2.080000000000000071e+00 1.288595998546594679e+00 1.162840295494700499e-01 9.414459597556672568e-03 1.309990917262782162e-02
2.084999999999999964e+00 1.289834047576496001e+00 1.175434212570541925e-01 9.560507662149830832e-03 1.329878586422708273e-02
2.089999999999999858e+00 1.291073177496757207e+00 1.188144783131966919e-01 9.708496664222040703e-03 1.350022290937597999e-02
2.095000000000000195e+00 1.292313376240894485e+00 1.200973104782837031e-01 9.858447114586450788e-03 1.370424584009286885e-02
2.100000000000000089e+00 1.293554631745612582e+00 1.213919928548176930e-01 1.001037966699818045e-02 1.391088039928517830e-02
2.104999999999999982e+00 1.294796931951329721e+00 1.226986351861932834e-01 1.016431689829426499e-02 1.412015492705938693e-02
2.109999999999999876e+00 1.296040264802710951e+00 1.240173224229810522e-01 1.032028156753263780e-02 1.433209810804851603e-02
2.115000000000000213e+00 1.297284618249205046e+00 1.253481544440417650e-01 1.047829665012548449e-02 1.454673872706334532e-02
2.120000000000000107e+00 1.298529980245588522e+00 1.266912261896758207e-01 1.063838181108331740e-02 1.476410091123246497e-02
2.125000000000000000e+00 1.299776338752518745e+00 1.280466325277413719e-01 1.080056217670149511e-02 1.498421652689374550e-02
2.129999999999999893e+00 1.301023681737088600e+00 1.294144635846744551e-01 1.096486130280220454e-02 1.520711501789800274e-02
2.135000000000000231e+00 1.302271997173391371e+00 1.307948289978135004e-01 1.113129941626775019e-02 1.543282108392768012e-02
2.140000000000000124e+00 1.303521273043090511e+00 1.321878236996179012e-01 1.129990225685001230e-02 1.566136729168723235e-02
2.145000000000000018e+00 1.304771497335994956e+00 1.335935427426656608e-01 1.147069222887993692e-02 1.589278127589235229e-02
2.149999999999999911e+00 1.306022658050641327e+00 1.350120810224052503e-01 1.164369369818030360e-02 1.612709359834048686e-02
2.155000000000000249e+00 1.307274743194883682e+00 1.364435484340255356e-01 1.181893130623262560e-02 1.636433491910107771e-02
2.160000000000000142e+00 1.308527740786487481e+00 1.378880496329837890e-01 1.199642798523853013e-02 1.660453360037052184e-02
2.165000000000000036e+00 1.309781638853730668e+00 1.393456749196294031e-01 1.217620878679450715e-02 1.684772077532437767e-02
2.169999999999999929e+00 1.311036425436011399e+00 1.408165290118085777e-01 1.235829705938464550e-02 1.709392522524576935e-02
2.175000000000000266e+00 1.312292088584462002e+00 1.423007216761711380e-01 1.254272014925872716e-02 1.734318140995059696e-02
2.180000000000000160e+00 1.313548616362568033e+00 1.437983481214122061e-01 1.272949993084854757e-02 1.759551571151232036e-02
2.185000000000000053e+00 1.314805996846795111e+00 1.453095131713111610e-01 1.291866419977245016e-02 1.785096310655292021e-02
2.189999999999999947e+00 1.316064218127219965e+00 1.468343265393742825e-01 1.311023713416908237e-02 1.810955323895377389e-02
2.194999999999999840e+00 1.317323268308171258e+00 1.483728982187118850e-01 1.330424507795685204e-02 1.837131871756980325e-02
2.200000000000000178e+00 1.318583135508872406e+00 1.499253232999999130e-01 1.350071260312563429e-02 1.863628988629073210e-02
2.205000000000000071e+00 1.319843807864092611e+00 1.514917213986634870e-01 1.369966849087094624e-02 1.890450245031946933e-02
2.209999999999999964e+00 1.321105273524805224e+00 1.530721876756684641e-01 1.390113573218354492e-02 1.917598436122574385e-02
2.214999999999999858e+00 1.322367520658849438e+00 1.546668417385415883e-01 1.410514356934649237e-02 1.945077202366162633e-02
2.220000000000000195e+00 1.323630537451601530e+00 1.562757838902262830e-01 1.431171745692339480e-02 1.972889653558649106e-02
2.225000000000000089e+00 1.324894312106648098e+00 1.578991336587308725e-01 1.452088507475469449e-02 2.001039210747690075e-02
2.229999999999999982e+00 1.326158832846469293e+00 1.595369962208558201e-01 1.473267434365746996e-02 2.029529342299036740e-02
2.234999999999999876e+00 1.327424087913126938e+00 1.611894862453344679e-01 1.494711135756529412e-02 2.058363189635161253e-02
2.240000000000000213e+00 1.328690065568957523e+00 1.628567138242873746e-01 1.516422240653361210e-02 2.087543955650569480e-02
2.245000000000000107e+00 1.329956754097271210e+00 1.645387838072165931e-01 1.538404032167647699e-02 2.117075773073654257e-02
2.250000000000000000e+00 1.331224141803060590e+00 1.662358309693724168e-01 1.560658973863418043e-02 2.146961611997670605e-02
2.254999999999999893e+00 1.332492217013710345e+00 1.679479505207670254e-01 1.583189763499516858e-02 2.177204712871020839e-02
2.260000000000000231e+00 1.333760968079716003e+00 1.696752719402168375e-01 1.605999759964626267e-02 2.207809294698030375e-02
2.265000000000000124e+00 1.335030383375409135e+00 1.714179004659297234e-01 1.629091496766738381e-02 2.238778368130434071e-02
2.270000000000000018e+00 1.336300451299685221e+00 1.731759509326664115e-01 1.652467950474577341e-02 2.270115609337286164e-02
2.274999999999999911e+00 1.337571160276742388e+00 1.749495727928603028e-01 1.676132133020034540e-02 2.301824701750350075e-02
2.280000000000000249e+00 1.338842498756821042e+00 1.767388417429219538e-01 1.700086849909092715e-02 2.333909018540865701e-02
2.285000000000000142e+00 1.340114455216953049e+00 1.785438971171438849e-01 1.724335159675209270e-02 2.366372315254023501e-02
2.290000000000000036e+00 1.341387018161716460e+00 1.803648589500974897e-01 1.748880369224845716e-02 2.399218671925234386e-02
2.294999999999999929e+00 1.342660176123993576e+00 1.822018472558104285e-01 1.773725135420753385e-02 2.432451228733291393e-02
2.300000000000000266e+00 1.343933917665737443e+00 1.840549915925006330e-01 1.798872586466929158e-02 2.466073835749630488e-02
2.305000000000000160e+00 1.345208231378743458e+00 1.859244022379968053e-01 1.824325879334222703e-02 2.500090292650253287e-02
2.310000000000000053e+00 1.346483105885426967e+00 1.878101989410667361e-01 1.850088198555498165e-02 2.534504537910110475e-02
2.314999999999999947e+00 1.347758529839606201e+00 1.897125216123558833e-01 1.876162753599763464e-02 2.569320427735619430e-02
2.319999999999999840e+00 1.349034491927291413e+00 1.916314900878618444e-01 1.902552545640275039e-02 2.604541577440237440e-02
2.325000000000000178e+00 1.350310980867478472e+00 1.935672243276400639e-01 1.929260600025069911e-02 2.640171632046748110e-02
2.330000000000000071e+00 1.351587985412951776e+00 1.955198739330684388e-01 1.956290439469296136e-02 2.676214870810046317e-02
2.334999999999999964e+00 1.352865494351088493e+00 1.974895293107834238e-01 1.983645375344469247e-02 2.712675372816686359e-02
2.339999999999999858e+00 1.354143496504671029e+00 1.994763399947081517e-01 2.011328271196951775e-02 2.749556458842964540e-02
2.345000000000000195e+00 1.355421980732705700e+00 2.014804459559381422e-01 2.039342973661570357e-02 2.786862912463122094e-02
2.350000000000000089e+00 1.356700935931243857e+00 2.035019570926533405e-01 2.067692393306695686e-02 2.824598125311405389e-02
2.354999999999999982e+00 1.357980351034212774e+00 2.055410133739048739e-01 2.096379948939691359e-02 2.862766254887528020e-02
2.359999999999999876e+00 1.359260215014249207e+00 2.075977445639992369e-01 2.125409085391524733e-02 2.901371458754867586e-02
2.365000000000000213e+00 1.360540516883539608e+00 2.096722905283947280e-01 2.154783281616785492e-02 2.940417918299282826e-02
2.370000000000000107e+00 1.361821245694665894e+00 2.117647811988251638e-01 2.184505534964115842e-02 2.979909135486916508e-02
2.375000000000000000e+00 1.363102390541456321e+00 2.138753465688724431e-01 2.214579877428849916e-02 3.019850106523364747e-02
2.379999999999999893e+00 1.364383940559842134e+00 2.160041362549466326e-01 2.245009872142346430e-02 3.060245102793222524e-02
2.385000000000000231e+00 1.365665884928720875e+00 2.181512704196365560e-01 2.275798596912832067e-02 3.101097716070513530e-02
2.390000000000000124e+00 1.366948212870820356e+00 2.203168987474783680e-01 2.306949663057078145e-02 3.142412266370887136e-02
2.395000000000000018e+00 1.368230913653576408e+00 2.225011513449951517e-01 2.338466713324624871e-02 3.184193135107133560e-02
2.399999999999999911e+00 1.369513976590007287e+00 2.247041678256541386e-01 2.370353940899272427e-02 3.226445500099670016e-02
2.405000000000000249e+00 1.370797391039600077e+00 2.269260882123468603e-01 2.402613472338456860e-02 3.269171486000574389e-02
2.410000000000000142e+00 1.372081146409197538e+00 2.291670821940401948e-01 2.435250616680496166e-02 3.312377872208759760e-02
2.415000000000000036e+00 1.373365232153893167e+00 2.314272400572288113e-01 2.468268072531855720e-02 3.356067628162191091e-02
2.419999999999999929e+00 1.374649637777930256e+00 2.337067512346430176e-01 2.501670162062007846e-02 3.400246030124839947e-02
2.425000000000000266e+00 1.375934352835608943e+00 2.360057260434649529e-01 2.535460166199001927e-02 3.444916857471790744e-02
2.430000000000000160e+00 1.377219366932191491e+00 2.383243337830165121e-01 2.569641927072819146e-02 3.490084709138412122e-02
2.435000000000000053e+00 1.378504669724822440e+00 2.406627049054300416e-01 2.604219869528758002e-02 3.535754998559560019e-02
2.439999999999999947e+00 1.379790250923445205e+00 2.430209987799149540e-01 2.639196802420519516e-02 3.581930781400632230e-02
2.444999999999999840e+00 1.381076100291728892e+00 2.453993459726354354e-01 2.674577210682032441e-02 3.628617564807654766e-02
2.450000000000000178e+00 1.382362207647998886e+00 2.477979254768850059e-01 2.710365061844550658e-02 3.675820029747887963e-02
2.455000000000000071e+00 1.383648562866170106e+00 2.502168576324684257e-01 2.746563790891074983e-02 3.723542142291776103e-02
2.459999999999999964e+00 1.384935155876690471e+00 2.526563123597649896e-01 2.783177991039714749e-02 3.771789455120880263e-02
2.464999999999999858e+00 1.386221976667483702e+00 2.551164294212723282e-01 2.820211150107612696e-02 3.820566013186098980e-02
2.470000000000000195e+00 1.387509015284901448e+00 2.575973684969705690e-01 2.857667933299440702e-02 3.869877448568716238e-02
2.475000000000000089e+00 1.388796261834676082e+00 2.600992799672720568e-01 2.895551891555936744e-02 3.919727797023690730e-02
2.479999999999999982e+00 1.390083706482882597e+00 2.626223230104296480e-01 2.933866587902553280e-02 3.970121179096727793e-02
2.484999999999999876e+00 1.391371339456903167e+00 2.651666482104823586e-01 2.972617372831981575e-02 4.021064196034579430e-02
2.490000000000000213e+00 1.392659151046396371e+00 2.677324247120341227e-01 3.011807291832825986e-02 4.072560102163074597e-02
2.495000000000000107e+00 1.393947131604270639e+00 2.703198028203097625e-01 3.051441777016333443e-02 4.124615646788772072e-02
2.500000000000000000e+00 1.395235271547664579e+00 2.729289422600421067e-01 3.091523918100584634e-02 4.177234148714403794e-02
2.504999999999999893e+00 1.396523561358930632e+00 2.755599930599211822e-01 3.132058026899330744e-02 4.230420659527846239e-02
2.510000000000000231e+00 1.397811991586621838e+00 2.782131446217244730e-01 3.173049046071053231e-02 4.284181166156671855e-02
2.515000000000000124e+00 1.399100552846486600e+00 2.808885274209750316e-01 3.214500752808392009e-02 4.338519966128655259e-02
2.520000000000000018e+00 1.400389235822465217e+00 2.835863209771760096e-01 3.256417551027483703e-02 4.393442198101422252e-02
2.524999999999999911e+00 1.401678031267691527e+00 2.863067047760240458e-01 3.298803885321410084e-02 4.448953083861417052e-02
2.530000000000000249e+00 1.402966930005501656e+00 2.890498192883999562e-01 3.341664232207119944e-02 4.505057843300686732e-02
2.535000000000000142e+00 1.404255922930439437e+00 2.918158244701099524e-01 3.385003731145774103e-02 4.561762629237933048e-02
2.540000000000000036e+00 1.405545001009279815e+00 2.946049293520387469e-01 3.428825674186671002e-02 4.619071043529014015e-02
2.544999999999999929e+00 1.406834155282040921e+00 2.974172644196855231e-01 3.473134628823815878e-02 4.676988368787705214e-02
2.550000000000000266e+00 1.408123376863012810e+00 3.002535044992452051e-01 3.517936629611652377e-02 4.735522022066172843e-02
2.555000000000000160e+00 1.409412656941783526e+00 3.031128640159712062e-01 3.563234765904469553e-02 4.794675162854188100e-02
2.560000000000000053e+00 1.410701986784272943e+00 3.059959833723788214e-01 3.609033850502307156e-02 4.854453504934347352e-02
2.564999999999999947e+00 1.411991357733769048e+00 3.089030325116357001e-01 3.655338598419875795e-02 4.914862428975463188e-02
2.569999999999999840e+00 1.413280761211968217e+00 3.118341908757282233e-01 3.702154411496731690e-02 4.975908459351736229e-02
2.575000000000000178e+00 1.414570188720020605e+00 3.147896383524830255e-01 3.749485424758785407e-02 5.037596188229250677e-02
2.580000000000000071e+00 1.415859631839580635e+00 3.177695547524756470e-01 3.797336458250850227e-02 5.099931227543352819e-02
2.584999999999999964e+00 1.417149082233858159e+00 3.207741101122481009e-01 3.845712369417536580e-02 5.162919167884163357e-02
2.589999999999999858e+00 1.418438531648677170e+00 3.238034744432564671e-01 3.894617375400510895e-02 5.226564735553233809e-02
2.595000000000000195e+00 1.419727971913536280e+00 3.268578668479011906e-01 3.944057754207641597e-02 5.290875572287074419e-02
2.600000000000000089e+00 1.421017394942674095e+00 3.299374279594807780e-01 3.994037120448155204e-02 5.355855401332060978e-02
2.604999999999999982e+00 1.422306792736138581e+00 3.330423572894275486e-01 4.044560462671369788e-02 5.421510067300114311e-02
2.609999999999999876e+00 1.423596157380858207e+00 3.361728345746590740e-01 4.095634198228704365e-02 5.487847299105751142e-02
2.615000000000000213e+00 1.424885481051721747e+00 3.393290499685595041e-01 4.147261331636987319e-02 5.554870044855760719e-02
2.620000000000000107e+00 1.426174756012655642e+00 3.425111829332506685e-01 4.199448355909230629e-02 5.622586044255096366e-02
2.625000000000000000e+00 1.427463974617710019e+00 3.457194433481860507e-01 4.252200430651299073e-02 5.691001265836705819e-02
2.629999999999999893e+00 1.428753129312145598e+00 3.489540012804896452e-01 4.305521326723844855e-02 5.760119763930405395e-02
2.635000000000000231e+00 1.430042212633526821e+00 3.522150563173309656e-01 4.359417685902666761e-02 5.829949377404844424e-02
2.640000000000000124e+00 1.431331217212814755e+00 3.555028180023118156e-01 4.413894065541108108e-02 5.900495180978670290e-02
2.645000000000000018e+00 1.432620135775467096e+00 3.588174269644565095e-01 4.468955034530227438e-02 5.971762250172883008e-02
2.649999999999999911e+00 1.433908961142540850e+00 3.621591126359631208e-01 4.524607374826331019e-02 6.043758705301479489e-02
2.655000000000000249e+00 1.435197686231796554e+00 3.655280942369951158e-01 4.580855013804611270e-02 6.116488685760957528e-02
2.660000000000000142e+00 1.436486304058808727e+00 3.689245323356543649e-01 4.637704093050220439e-02 6.189959313140212110e-02
2.665000000000000036e+00 1.437774807738079197e+00 3.723486267164105579e-01 4.695160072720396677e-02 6.264176788931441475e-02
2.669999999999999929e+00 1.439063190484150212e+00 3.758006166003223791e-01 4.753228445263078111e-02 6.339147421209247180e-02
2.675000000000000266e+00 1.440351445612727099e+00 3.792806424656320341e-01 4.811913999424070887e-02 6.414876505709957155e-02
2.680000000000000160e+00 1.441639566541798700e+00 3.827889635653903833e-01 4.871222302831006157e-02 6.491370284574100868e-02
2.685000000000000053e+00 1.442927546792763360e+00 3.863257403231642462e-01 4.931159718424066307e-02 6.568636175850063597e-02
2.689999999999999947e+00 1.444215379991559578e+00 3.898911922461475443e-01 4.991731139972095666e-02 6.646679501861517403e-02
2.694999999999999840e+00 1.445503059869796658e+00 3.934855589510633522e-01 5.052943026901885598e-02 6.725507933462140930e-02
2.700000000000000178e+00 1.446790580265890691e+00 3.971090002581834644e-01 5.114799573805259292e-02 6.805125553300064856e-02
2.705000000000000071e+00 1.448077935126202975e+00 4.007617561825302932e-01 5.177308091840443494e-02 6.885541276466856930e-02
2.709999999999999964e+00 1.449365118506182437e+00 4.044440265761535813e-01 5.240473630623582180e-02 6.966760434133960345e-02
2.714999999999999858e+00 1.450652124571508272e+00 4.081560307320227787e-01 5.304302822157011543e-02 7.048790795774255435e-02
2.720000000000000195e+00 1.451938947599239915e+00 4.118979690566164642e-01 5.368799999775334536e-02 7.131636724940887406e-02
2.725000000000000089e+00 1.453225581978965009e+00 4.156700610814815788e-01 5.433971885817480418e-02 7.215306084610793869e-02
2.729999999999999982e+00 1.454512022213955591e+00 4.194725266708514977e-01 5.499824450926009411e-02 7.299805582256509162e-02
2.734999999999999876e+00 1.455798262922322506e+00 4.233056052586941509e-01 5.566363730756756362e-02 7.385141933871385012e-02
2.740000000000000213e+00 1.457084298838174696e+00 4.271694772428599740e-01 5.633594980714428518e-02 7.471320803435971269e-02
2.745000000000000107e+00 1.458370124812782276e+00 4.310644018143846568e-01 5.701525923732291001e-02 7.558351399804473514e-02
2.750000000000000000e+00 1.459655735815740485e+00 4.349905590446282999e-01 5.770161092405531184e-02 7.646238179001312030e-02
2.754999999999999893e+00 1.460941126936137202e+00 4.389481892728213652e-01 5.839507491750851181e-02 7.734989293913985264e-02
2.760000000000000231e+00 1.462226293383724007e+00 4.429375511006123367e-01 5.909570539246374737e-02 7.824610501751433356e-02
2.765000000000000124e+00 1.463511230490086357e+00 4.469588447273479259e-01 5.980357333447829105e-02 7.915110041498395199e-02
2.770000000000000018e+00 1.464795933709824194e+00 4.510122707903641004e-01 6.051874209636893404e-02 8.006494922241810808e-02
2.774999999999999911e+00 1.466080398621724123e+00 4.550981277373622458e-01 6.124126706635141942e-02 8.098771006606392264e-02
2.780000000000000249e+00 1.467364620929943797e+00 4.592165765328657390e-01 6.197122063739401304e-02 8.191946680762274280e-02
2.785000000000000142e+00 1.468648596465194744e+00 4.633678764084188106e-01 6.270865903659698926e-02 8.286027891169901738e-02
2.790000000000000036e+00 1.469932321185927426e+00 4.675523067300811353e-01 6.345364723581536914e-02 8.381021790013069850e-02
2.794999999999999929e+00 1.471215791179520282e+00 4.717700281811003649e-01 6.420625928955774053e-02 8.476936860640985061e-02
2.800000000000000266e+00 1.472499002663467449e+00 4.760213197792040329e-01 6.496655245332219608e-02 8.573779300475956044e-02
2.805000000000000160e+00 1.473781951986576466e+00 4.803064217534844804e-01 6.573460186850252351e-02 8.671557454270265031e-02
2.810000000000000053e+00 1.475064635630160437e+00 4.846255533929432202e-01 6.651045690410614664e-02 8.770276459716305761e-02
2.814999999999999947e+00 1.476347050209237288e+00 4.889789948997901869e-01 6.729421125009837912e-02 8.869947228717292576e-02
2.819999999999999840e+00 1.477629192473728592e+00 4.933669657904307670e-01 6.808590615947975044e-02 8.970573710084871200e-02
2.825000000000000178e+00 1.478911059309663267e+00 4.977897060038197208e-01 6.888562769884114256e-02 9.072165709594456895e-02
2.830000000000000071e+00 1.480192647740382617e+00 5.022474554485538700e-01 6.969342654620731825e-02 9.174728454091238272e-02
2.834999999999999964e+00 1.481473954927746250e+00 5.067405129427413613e-01 7.050938992649095904e-02 9.278271872052476499e-02
2.839999999999999858e+00 1.482754978173340454e+00 5.112690793654267596e-01 7.133358761419135441e-02 9.382803749042674391e-02
2.845000000000000195e+00 1.484035714919693882e+00 5.158334140880803664e-01 7.216607155636689530e-02 9.488329101340664540e-02
2.850000000000000089e+00 1.485316162751484814e+00 5.204337968759661370e-01 7.300693058787061096e-02 9.594858343485100638e-02
2.854999999999999982e+00 1.486596319396762178e+00 5.250704671534328627e-01 7.385622668707746141e-02 9.702397852651058197e-02
2.859999999999999876e+00 1.487876182728162133e+00 5.297436652435240090e-01 7.471402209437073838e-02 9.810954104757807492e-02
2.865000000000000213e+00 1.489155750764126207e+00 5.344536705243642105e-01 7.558041686138360082e-02 9.920539026650784797e-02
2.870000000000000107e+00 1.490435021670126092e+00 5.392007626087701455e-01 7.645545557396776770e-02 1.003115640996456309e-01
2.875000000000000000e+00 1.491713993759884893e+00 5.439851619858305787e-01 7.733922053007800945e-02 1.014281554752351766e-01
2.879999999999999893e+00 1.492992665496607696e+00 5.488071672688700220e-01 7.823179490821791093e-02 1.025552585697393215e-01
2.885000000000000231e+00 1.494271035494205480e+00 5.536670389159800143e-01 7.913324317699496624e-02 1.036929401233958326e-01
2.890000000000000124e+00 1.495549102518527240e+00 5.585650167037901070e-01 8.004364006388578479e-02 1.048412802151055395e-01
2.895000000000000018e+00 1.496826865488593894e+00 5.635014003768629154e-01 8.096306052332376268e-02 1.060003596704636453e-01
2.899999999999999911e+00 1.498104323477830180e+00 5.684764690509526153e-01 8.189158010592433035e-02 1.071702611232688979e-01
2.905000000000000249e+00 1.499381475715303225e+00 5.734904436536095718e-01 8.282928460958750849e-02 1.083510810659758239e-01
2.910000000000000142e+00 1.500658321586958444e+00 5.785436625705461244e-01 8.377624107791298291e-02 1.095428869455088300e-01
2.915000000000000036e+00 1.501934860636862323e+00 5.836363665667618772e-01 8.473251663703511294e-02 1.107457478319011090e-01
2.919999999999999929e+00 1.503211092568443430e+00 5.887688547754813539e-01 8.569822860721024171e-02 1.119598046040830297e-01
2.925000000000000266e+00 1.504487017245737190e+00 5.939413871757518448e-01 8.667340544357438059e-02 1.131850699112170039e-01
2.930000000000000160e+00 1.505762634694630231e+00 5.991542631778401518e-01 8.765815575113726499e-02 1.144216700625225874e-01
2.935000000000000053e+00 1.507037945104112264e+00 6.044077434350704214e-01 8.865254880382117397e-02 1.156696762310169546e-01
2.939999999999999947e+00 1.508312948827522426e+00 6.097021465302139287e-01 8.965667445486731613e-02 1.169291879927188832e-01
2.944999999999999840e+00 1.509587646383803383e+00 6.150377330182379421e-01 9.067060289792040761e-02 1.182002772731859802e-01
2.950000000000000178e+00 1.510862038458753664e+00 6.204148224720111848e-01 9.169442515643462521e-02 1.194830447764987508e-01
2.955000000000000071e+00 1.512136125906285322e+00 6.258336939930025933e-01 9.272821236156369995e-02 1.207775632600313898e-01
2.959999999999999964e+00 1.513409909749681370e+00 6.312946083789479079e-01 9.377205680075602345e-02 1.220839346399900938e-01
2.964999999999999858e+00 1.514683391182853445e+00 6.367979241427986770e-01 9.482603056562999289e-02 1.234022305446468015e-01
2.970000000000000195e+00 1.515956571571605682e+00 6.423439017129064510e-01 9.589022718884721019e-02 1.247325540962978818e-01
2.975000000000000089e+00 1.517229452454897709e+00 6.479328216094533133e-01 9.696471969052451734e-02 1.260749796869398975e-01
2.979999999999999982e+00 1.518502035546109630e+00 6.535650018896885793e-01 9.804962418099018306e-02 1.274296414155125790e-01
2.984999999999999876e+00 1.519774322734309235e+00 6.592407832910184284e-01 9.914497192430177241e-02 1.287965548018664697e-01
2.990000000000000213e+00 1.521046316085523209e+00 6.649604453824207173e-01 1.002509019500682774e-01 1.301758834055425362e-01
2.995000000000000107e+00 1.522318017844006111e+00 6.707242675380330477e-01 1.013674676784537820e-01 1.315676751660690424e-01
3.000000000000000000e+00 1.523589430433515579e+00 6.765325904848957794e-01 1.024947664911699946e-01 1.329720328790320316e-01
3.004999999999999893e+00 1.524860556458587313e+00 6.823857130653314673e-01 1.036328741519425833e-01 1.343890371850838539e-01
3.010000000000000231e+00 1.526131398705811604e+00 6.882839945327704489e-01 1.047819116115306370e-01 1.358188212069391110e-01
3.015000000000000124e+00 1.527401960145112314e+00 6.942276761520248529e-01 1.059419336574632109e-01 1.372614355883340076e-01
3.020000000000000018e+00 1.528672243931031183e+00 7.002171166031233573e-01 1.071130624912925156e-01 1.387170187844974645e-01
3.024999999999999911e+00 1.529942253404009023e+00 7.062526351620449505e-01 1.082953540982393437e-01 1.401856164516712966e-01
3.030000000000000249e+00 1.531211992091669805e+00 7.123345529116658081e-01 1.094889093985307316e-01 1.416673408826254754e-01
3.035000000000000142e+00 1.532481463710112957e+00 7.184632285911369820e-01 1.106938303045005567e-01 1.431622990429485820e-01
3.040000000000000036e+00 1.533750672165198337e+00 7.246389217403791383e-01 1.119102193605570617e-01 1.446706048822647417e-01
3.044999999999999929e+00 1.535019621553841640e+00 7.308619930487759708e-01 1.131381341679883329e-01 1.461923051323021361e-01
3.050000000000000266e+00 1.536288316165307810e+00 7.371327617452972936e-01 1.143777013133738668e-01 1.477275445695437339e-01
3.055000000000000160e+00 1.537556760482504448e+00 7.434516076391507466e-01 1.156290025206386102e-01 1.492764028567874213e-01
3.060000000000000053e+00 1.538824959183287211e+00 7.498188101879055267e-01 1.168921195017124659e-01 1.508389638429453172e-01
3.064999999999999947e+00 1.540092917141751672e+00 7.562347093803567510e-01 1.181671582841257867e-01 1.524153361001338025e-01
3.070000000000000284e+00 1.541360639429545376e+00 7.626996850011640294e-01 1.194542251882051154e-01 1.540056392922627415e-01
3.075000000000000178e+00 1.542628131317168361e+00 7.692140563543818921e-01 1.207534040270568654e-01 1.556099547375277281e-01
3.080000000000000071e+00 1.543895398275281439e+00 7.757781638930785206e-01 1.220648028917287742e-01 1.572283950882364667e-01
3.084999999999999964e+00 1.545162445976019150e+00 7.823923270458109647e-01 1.233885304253560383e-01 1.588610801504832526e-01
3.089999999999999858e+00 1.546429280294300046e+00 7.890570244302843594e-01 1.247246480151549264e-01 1.605080612644231575e-01
3.095000000000000195e+00 1.547695907309144969e+00 7.957724178842374707e-01 1.260732898272305669e-01 1.621694864336663544e-01
3.100000000000000089e+00 1.548962333304992001e+00 8.025389461766174737e-01 1.274345181661382942e-01 1.638454077727749536e-01
3.104999999999999982e+00 1.550228564773019402e+00 8.093570083260306358e-01 1.288084686554815950e-01 1.655359788845254532e-01
3.109999999999999876e+00 1.551494608412467890e+00 8.162269248409288469e-01 1.301952536666929339e-01 1.672413186996944412e-01
3.115000000000000213e+00 1.552760471131968911e+00 8.231490558365455179e-01 1.315949370094290638e-01 1.689614803954058719e-01
3.120000000000000107e+00 1.554026160050869576e+00 8.301237598535232687e-01 1.330076570479605536e-01 1.706966181071090105e-01
3.125000000000000000e+00 1.555291682500568706e+00 8.371513978809648204e-01 1.344334786418618921e-01 1.724467813909954239e-01
3.129999999999999893e+00 1.556557046025848434e+00 8.442323293058223710e-01 1.358725414089374250e-01 1.742121324198409593e-01
3.135000000000000231e+00 1.557822258386214909e+00 8.513669530909426797e-01 1.373249364823596053e-01 1.759927563084034696e-01
3.140000000000000124e+00 1.559087327557234559e+00 8.585556697597563902e-01 1.387907805649763460e-01 1.777887758540031005e-01
3.145000000000000018e+00 1.560352261731882795e+00 8.657987594984012381e-01 1.402701655573924955e-01 1.796002812818067729e-01
3.149999999999999911e+00 1.561617069321888263e+00 8.730966612549578842e-01 1.417631837078832113e-01 1.814273630138390492e-01
3.155000000000000249e+00 1.562881758959084433e+00 8.804497354916497320e-01 1.432699798521036294e-01 1.832701767775712365e-01
3.160000000000000142e+00 1.564146339496760740e+00 8.878583814731195734e-01 1.447906737223607077e-01 1.851288553271672188e-01
3.165000000000000036e+00 1.565410820011023496e+00 8.953229586196441714e-01 1.463253078079841396e-01 1.870034140187412930e-01
3.169999999999999929e+00 1.566675209802153468e+00 9.028439079274528378e-01 1.478740553542834402e-01 1.888940543976468101e-01
3.175000000000000266e+00 1.567939518395971676e+00 9.104215476157634379e-01 1.494370124490776441e-01 1.908008653562312806e-01
3.180000000000000160e+00 1.569203755545205192e+00 9.180562797022399080e-01 1.510143018174327501e-01 1.927239773757272734e-01
3.185000000000000053e+00 1.570467931230861369e+00 9.257485812132434377e-01 1.526059941975971834e-01 1.946634462675854993e-01
3.189999999999999947e+00 1.571732055663601191e+00 9.334987343015694883e-01 1.542122402127537040e-01 1.966194402836252686e-01
3.195000000000000284e+00 1.572996139285118833e+00 9.413072571457089532e-01 1.558331382818061162e-01 1.985920526666460628e-01
3.200000000000000178e+00 1.574260192769525224e+00 9.491744309861716022e-01 1.574688145346981039e-01 2.005814122590863779e-01
3.205000000000000071e+00 1.575524227024737378e+00 9.571007346813755756e-01 1.591193956962644596e-01 2.025876556166071873e-01
3.209999999999999964e+00 1.576788253193867284e+00 9.650865677246309726e-01 1.607849823701332226e-01 2.046108753809726677e-01
3.214999999999999858e+00 1.578052282656617233e+00 9.731322914372836363e-01 1.624656753287864464e-01 2.066511689815662411e-01
3.220000000000000195e+00 1.579316327030685141e+00 9.812383846357984885e-01 1.641616314207352267e-01 2.087087059637829922e-01
3.225000000000000089e+00 1.580580398173165202e+00 9.894052069415940620e-01 1.658729532726107569e-01 2.107835857465179263e-01
3.229999999999999982e+00 1.581844508181959430e+00 9.976332385410325854e-01 1.675997436750059633e-01 2.128759046609230154e-01
3.234999999999999876e+00 1.583108669397191415e+00 1.005922839301212512e+00 1.693421625239666939e-01 2.149858380069028796e-01
3.240000000000000213e+00 1.584372894402625409e+00 1.014274450209242229e+00 1.711003144810201715e-01 2.171134837236045056e-01
3.245000000000000107e+00 1.585637196027092743e+00 1.022688548511210271e+00 1.728743046876906608e-01 2.192589434071680055e-01
3.250000000000000000e+00 1.586901587345919129e+00 1.031165496075551191e+00 1.746642958366523279e-01 2.214223916610141563e-01
3.254999999999999893e+00 1.588166081682362174e+00 1.039705732910731761e+00 1.764703661251087741e-01 2.236038920539716035e-01
3.260000000000000231e+00 1.589430692609048013e+00 1.048309697686709230e+00 1.782926803289974493e-01 2.258036213352761501e-01
3.265000000000000124e+00 1.590695433949419924e+00 1.056977831977161220e+00 1.801313466238421701e-01 2.280216806992880207e-01
3.270000000000000018e+00 1.591960319779189614e+00 1.065710613612893098e+00 1.819864734385697458e-01 2.302581763915107493e-01
3.274999999999999911e+00 1.593225364427793389e+00 1.074508404376260939e+00 1.838582288017353294e-01 2.325132859501851113e-01
3.280000000000000249e+00 1.594490582479856755e+00 1.083371684388476419e+00 1.857467524002479886e-01 2.347871552814893570e-01
3.285000000000000142e+00 1.595755988776664358e+00 1.092300931556153598e+00 1.876521262163474146e-01 2.370798450392584134e-01
3.290000000000000036e+00 1.597021598417631694e+00 1.101296586449890480e+00 1.895744912398751036e-01 2.393915019093814378e-01
3.294999999999999929e+00 1.598287426761794583e+00 1.110359050212039511e+00 1.915140194189506873e-01 2.417223122976976113e-01
3.300000000000000266e+00 1.599553489429289543e+00 1.119488843445970216e+00 1.934708245033002760e-01 2.440723821312551778e-01
3.305000000000000160e+00 1.600819802302856587e+00 1.128686403733133448e+00 1.954450207107058801e-01 2.464418144750564754e-01
3.310000000000000053e+00 1.602086381529337800e+00 1.137952212132389951e+00 1.974367527504702347e-01 2.488307594674100953e-01
3.314999999999999947e+00 1.603353243521186133e+00 1.147286669016658101e+00 1.994461667239005587e-01 2.512393663560600343e-01
3.320000000000000284e+00 1.604620404957985969e+00 1.156690294419012277e+00 2.014734099387258670e-01 2.536677792121068697e-01
3.325000000000000178e+00 1.605887882787973897e+00 1.166163528109641190e+00 2.035185993104099700e-01 2.561161146504196129e-01
3.330000000000000071e+00 1.607155694229572163e+00 1.175706890837916907e+00 2.055818841138329633e-01 2.585845159470042676e-01
3.334999999999999964e+00 1.608423856772927873e+00 1.185320821056400797e+00 2.076633827580355585e-01 2.610730977306902068e-01
3.339999999999999858e+00 1.609692388181460876e+00 1.195005840441241141e+00 2.097632771059887435e-01 2.635820558334787678e-01
3.345000000000000195e+00 1.610961306493419842e+00 1.204762348516106751e+00 2.118816882003722868e-01 2.661114963355385443e-01
3.350000000000000089e+00 1.612230630023444355e+00 1.214590905589228109e+00 2.140187683847038502e-01 2.686615789051823855e-01
3.354999999999999982e+00 1.613500377364142535e+00 1.224491952371649317e+00 2.161746401338788259e-01 2.712324104933447888e-01
3.359999999999999876e+00 1.614770567387667999e+00 1.234466007942232046e+00 2.183494580344746416e-01 2.738241472204416271e-01
3.365000000000000213e+00 1.616041219247312144e+00 1.244513592061754270e+00 2.205434097810544392e-01 2.764369907423077644e-01
3.370000000000000107e+00 1.617312352379102647e+00 1.254635067857770681e+00 2.227565878818223988e-01 2.790710166743761156e-01
3.375000000000000000e+00 1.618583986503417060e+00 1.264831112798978197e+00 2.249891824717286659e-01 2.817264227399927656e-01
3.379999999999999893e+00 1.619856141626595081e+00 1.275102167316726876e+00 2.272412875666087739e-01 2.844032801999646365e-01
3.385000000000000231e+00 1.621128838042573905e+00 1.285448711242079156e+00 2.295131282963841224e-01 2.871018338721249008e-01
3.390000000000000124e+00 1.622402096334521149e+00 1.295871266908499075e+00 2.318047995158492303e-01 2.898221668994704348e-01
3.395000000000000018e+00 1.623675937376488410e+00 1.306370393028882804e+00 2.341164967366395622e-01 2.925644757138600172e-01
3.399999999999999911e+00 1.624950382335069499e+00 1.316946490647529444e+00 2.364483494975403166e-01 2.953288852323363578e-01
3.405000000000000249e+00 1.626225452671069327e+00 1.327600121730875049e+00 2.388005221358125152e-01 2.981155533930163193e-01
3.410000000000000142e+00 1.627501170141188780e+00 1.338331882397008288e+00 2.411731459171716496e-01 3.009246064112933716e-01
3.415000000000000036e+00 1.628777556799715365e+00 1.349142256124294947e+00 2.435664208951122123e-01 3.037562507150904922e-01
3.419999999999999929e+00 1.630054635000228513e+00 1.360031802874348106e+00 2.459804804663459910e-01 3.066106076305769590e-01
3.425000000000000266e+00 1.631332427397314877e+00 1.371000962150320301e+00 2.484155270146611305e-01 3.094878920201162287e-01
3.430000000000000160e+00 1.632610956948298497e+00 1.382050256854842729e+00 2.508716620454447543e-01 3.123881803958499792e-01
3.435000000000000053e+00 1.633890246914980304e+00 1.393180403994655592e+00 2.533490557443430213e-01 3.153116428518136227e-01
3.439999999999999947e+00 1.635170320865392934e+00 1.404391766665378682e+00 2.558479140516820571e-01 3.182584976365389062e-01
3.445000000000000284e+00 1.636451202675564431e+00 1.415684984578221783e+00 2.583684103129494924e-01 3.212289115761635672e-01
3.450000000000000178e+00 1.637732916531301264e+00 1.427060498936981947e+00 2.609106487115150363e-01 3.242229687035417807e-01
3.455000000000000071e+00 1.639015486929979559e+00 1.438518949867719776e+00 2.634748393730014793e-01 3.272408851850973632e-01
3.459999999999999964e+00 1.640298938682350771e+00 1.450060898439336610e+00 2.660611232836674889e-01 3.302827885387316087e-01
3.464999999999999858e+00 1.641583296914366441e+00 1.461686902489862661e+00 2.686697128555081138e-01 3.333489027304431529e-01
3.470000000000000195e+00 1.642868587069010289e+00 1.473397486706554238e+00 2.713007874381546669e-01 3.364393999537770852e-01
3.475000000000000089e+00 1.644154834908149621e+00 1.485193210809935938e+00 2.739544546000196035e-01 3.395543730170373919e-01
3.479999999999999982e+00 1.645442066514400281e+00 1.497074593865193926e+00 2.766309672403465258e-01 3.426940869159513237e-01
3.484999999999999876e+00 1.646730308293007594e+00 1.509042358507614257e+00 2.793304357080578226e-01 3.458586308598983750e-01
3.490000000000000213e+00 1.648019586973742623e+00 1.521096904640889536e+00 2.820530796176434207e-01 3.490482224812758716e-01
3.495000000000000107e+00 1.649309929612814640e+00 1.533238952971822666e+00 2.847990466855723768e-01 3.522630080089173554e-01
3.500000000000000000e+00 1.650601363594798476e+00 1.545468985745874102e+00 2.875685224052672018e-01 3.555031640269454285e-01
3.504999999999999893e+00 1.651893916634581849e+00 1.557797548732033910e+00 2.903595017755037366e-01 3.587638776795779028e-01
3.510000000000000231e+00 1.653187616779326907e+00 1.570215677495992113e+00 2.931743219091976216e-01 3.620502137790405084e-01
3.515000000000000124e+00 1.654482492410449757e+00 1.582723823680419084e+00 2.960131713362770256e-01 3.653623640090236102e-01
3.520000000000000018e+00 1.655778572245619973e+00 1.595322712073345528e+00 2.988762403755035879e-01 3.687005155187781935e-01
3.524999999999999911e+00 1.657075885340773880e+00 1.608012832804983638e+00 3.017636834603651397e-01 3.720647908065457532e-01
3.530000000000000249e+00 1.658374461092151142e+00 1.620794909963387376e+00 3.046757300985674100e-01 3.754554434167842736e-01
3.535000000000000142e+00 1.659674329238346902e+00 1.633669436001391695e+00 3.076125749422032873e-01 3.788726495334939215e-01
3.540000000000000036e+00 1.660975519862385452e+00 1.646637134847140027e+00 3.105743373488485948e-01 3.823165037819029610e-01
3.544999999999999929e+00 1.662278063393811456e+00 1.659698499422025630e+00 3.135613274114129601e-01 3.857873528584717659e-01
3.550000000000000266e+00 1.663581990610803807e+00 1.672854254939045493e+00 3.165736287692057505e-01 3.892852342617622030e-01
3.555000000000000160e+00 1.664887332642308815e+00 1.686104970722851037e+00 3.196115181346957379e-01 3.928104336563161270e-01
3.560000000000000053e+00 1.666194120970192039e+00 1.699451296774919351e+00 3.226751565486588036e-01 3.963631072456129667e-01
3.564999999999999947e+00 1.667502387431416100e+00 1.712893802644551267e+00 3.257647462441525810e-01 3.999434448802164921e-01
3.570000000000000284e+00 1.668812164220237593e+00 1.726433216564368323e+00 3.288804911117951257e-01 4.035516378281773231e-01
3.575000000000000178e+00 1.670123483890425531e+00 1.740070187598756535e+00 3.320225946023131480e-01 4.071878984424550096e-01
3.580000000000000071e+00 1.671436379357503110e+00 1.753805287291390069e+00 3.351912634992597617e-01 4.108524133961555247e-01
3.584999999999999964e+00 1.672750883901015451e+00 1.767639164590207645e+00 3.383867053635340461e-01 4.145453842075909612e-01
3.589999999999999858e+00 1.674067031166816655e+00 1.781572390420245844e+00 3.416091285518870202e-01 4.182670207514548877e-01
3.595000000000000195e+00 1.675384855169382847e+00 1.795605774895113083e+00 3.448587034676801055e-01 4.220174652331931120e-01
3.600000000000000089e+00 1.676704390294149860e+00 1.809740045312411505e+00 3.481356816964089607e-01 4.257969771811480619e-01
3.604999999999999982e+00 1.678025671299876453e+00 1.823975537416347770e+00 3.514403163896729354e-01 4.296058175382101996e-01
3.609999999999999876e+00 1.679348733321033071e+00 1.838313140893865327e+00 3.547727824396904595e-01 4.334441403186849451e-01
3.615000000000000213e+00 1.680673611870211692e+00 1.852753507142751221e+00 3.581332552338044040e-01 4.373120918990588968e-01
3.620000000000000107e+00 1.682000342840573426e+00 1.867297286191456518e+00 3.615219924835998411e-01 4.412099452026912449e-01
3.625000000000000000e+00 1.683328962508309878e+00 1.881945130922040521e+00 3.649391715321592122e-01 4.451378549221823855e-01
3.629999999999999893e+00 1.684659507535143819e+00 1.896697774710328188e+00 3.683850542147449336e-01 4.490960832111520196e-01
3.635000000000000231e+00 1.685992014970846498e+00 1.911555786858361028e+00 3.718599041020734242e-01 4.530849004306440886e-01
3.640000000000000124e+00 1.687326522255794936e+00 1.926519982056019709e+00 3.753639033170936834e-01 4.571044660159511164e-01
3.645000000000000018e+00 1.688663067223552527e+00 1.941590934589668027e+00 3.788973187975188117e-01 4.611550541464696784e-01
3.649999999999999911e+00 1.690001688103477839e+00 1.956769453767446709e+00 3.824602504684699311e-01 4.652367196374037062e-01
3.655000000000000249e+00 1.691342423523365834e+00 1.972056117563472322e+00 3.860531380082157238e-01 4.693499531549150117e-01
3.660000000000000142e+00 1.692685312512123508e+00 1.987451733831568257e+00 3.896759989853711414e-01 4.734946964564717420e-01
3.665000000000000036e+00 1.694030394502469727e+00 2.002956883883006078e+00 3.933291918144674604e-01 4.776713439444896236e-01
3.669999999999999929e+00 1.695377709333675487e+00 2.018572374682081616e+00 3.970129927180353069e-01 4.818801790924248651e-01
3.675000000000000266e+00 1.696727297254325917e+00 2.034298947051645712e+00 4.007275075057412650e-01 4.861212450330327783e-01
3.680000000000000160e+00 1.698079198925130706e+00 2.050137171574027306e+00 4.044731012002872883e-01 4.903949507513161166e-01
3.685000000000000053e+00 1.699433455421752726e+00 2.066087787588390956e+00 4.082498813627248313e-01 4.947013490792745993e-01
3.689999999999999947e+00 1.700790108237682396e+00 2.082151684754233401e+00 4.120582181710750191e-01 4.990408391135815469e-01
3.695000000000000284e+00 1.702149199287140036e+00 2.098329443026409891e+00 4.158983964637871233e-01 5.034137186933591579e-01
3.700000000000000178e+00 1.703510770908022831e+00 2.114621719972281433e+00 4.197705280303779540e-01 5.078200359035567324e-01
3.705000000000000071e+00 1.704874865864877798e+00 2.131029487767503561e+00 4.236749004390887308e-01 5.122600915834718549e-01
3.709999999999999964e+00 1.706241527351919807e+00 2.147553327423642688e+00 4.276118040760838457e-01 5.167341818522744878e-01
3.714999999999999858e+00 1.707610798996081591e+00 2.164193894577523203e+00 4.315815321580885322e-01 5.212425968467591098e-01
3.720000000000000195e+00 1.708982724860113711e+00 2.180952087172544740e+00 4.355842000652960233e-01 5.257853945138786234e-01
3.725000000000000089e+00 1.710357349445704500e+00 2.197828562207690073e+00 4.396201925071606675e-01 5.303630126134670775e-01
3.729999999999999982e+00 1.711734717696661745e+00 2.214824137720880159e+00 4.436898095224777183e-01 5.349757393536994643e-01
3.734999999999999876e+00 1.713114875002117454e+00 2.231939475315638965e+00 4.477931693178120454e-01 5.396236433213004169e-01
3.740000000000000213e+00 1.714497867199787251e+00 2.249175471085761213e+00 4.519306655934675621e-01 5.443071547061131277e-01
3.745000000000000107e+00 1.715883740579261962e+00 2.266532706639099004e+00 4.561025117197183842e-01 5.490264509257913872e-01
3.750000000000000000e+00 1.717272541885350057e+00 2.284012238607433076e+00 4.603090131934789997e-01 5.537818590060690216e-01
3.754999999999999893e+00 1.718664318321458495e+00 2.301614493508993942e+00 4.645503867414262356e-01 5.585735597100671690e-01
3.760000000000000231e+00 1.720059117553022654e+00 2.319340288766345903e+00 4.688269422685162890e-01 5.634018760388794789e-01
3.765000000000000124e+00 1.721456987710977105e+00 2.337190604166337504e+00 4.731389932951752253e-01 5.682671168649506832e-01
3.770000000000000018e+00 1.722857977395276574e+00 2.355166104105363978e+00 4.774868552892729268e-01 5.731696026072254924e-01
3.774999999999999911e+00 1.724262135678464647e+00 2.373267449509558258e+00 4.818706558810241236e-01 5.781094165461492240e-01
3.780000000000000249e+00 1.725669512109285098e+00 2.391495624003651344e+00 4.862908097195537405e-01 5.830869926508482903e-01
3.785000000000000142e+00 1.727080156716347847e+00 2.409851448644528382e+00 4.907475427697330361e-01 5.881025376202093646e-01
3.790000000000000036e+00 1.728494120011841551e+00 2.428335427998231211e+00 4.952411776083891493e-01 5.931563855706786237e-01
3.794999999999999929e+00 1.729911452995299248e+00 2.446948785790024505e+00 4.997720405881569405e-01 5.982488670243915063e-01
3.800000000000000266e+00 1.731332207157411762e+00 2.465691790470653011e+00 5.043403634069735242e-01 6.033801843789282637e-01
3.805000000000000160e+00 1.732756434483898600e+00 2.484565743004632399e+00 5.089464771490627149e-01 6.085506636946154124e-01
3.810000000000000053e+00 1.734184187459427706e+00 2.503571149604104651e+00 5.135907132513201079e-01 6.137606574500745760e-01
3.814999999999999947e+00 1.735615519071593615e+00 2.522708840439953359e+00 5.182733075555514546e-01 6.190103894057309430e-01
3.820000000000000284e+00 1.737050482814948671e+00 2.541979796047447504e+00 5.229946987676218351e-01 6.243002999888702664e-01
3.825000000000000178e+00 1.738489132695088868e+00 2.561384765797880547e+00 5.277550277860666439e-01 6.296304838143740312e-01
3.830000000000000071e+00 1.739931523232801869e+00 2.580924341487823348e+00 5.325548337568412061e-01 6.350015687217716032e-01
3.834999999999999964e+00 1.741377709468272084e+00 2.600599747490600855e+00 5.373941634684230584e-01 6.404135032417077600e-01
3.839999999999999858e+00 1.742827746965340152e+00 2.620411338109617017e+00 5.422734635983026408e-01 6.458667543212651685e-01
3.845000000000000195e+00 1.744281691815829705e+00 2.640360491955921596e+00 5.471931822431934656e-01 6.513618424948867114e-01
3.850000000000000089e+00 1.745739600643932299e+00 2.660447573959878742e+00 5.521534724512380254e-01 6.568988195836963362e-01
3.854999999999999982e+00 1.747201530610656750e+00 2.680673644695954483e+00 5.571546843109480562e-01 6.624780934816600908e-01
3.859999999999999876e+00 1.748667539418339745e+00 2.701039460833930761e+00 5.621971767380532503e-01 6.680999892177256205e-01
3.865000000000000213e+00 1.750137685315223512e+00 2.721545930733949792e+00 5.672813083511031307e-01 6.737648876329193071e-01
3.870000000000000107e+00 1.751612027100100555e+00 2.742193970580603768e+00 5.724074394473048777e-01 6.794731705191016102e-01
3.875000000000000000e+00 1.753090624127023878e+00 2.762984094456267137e+00 5.775758331150567804e-01 6.852250515208531123e-01
3.879999999999999893e+00 1.754573536310083837e+00 2.783917692334659577e+00 5.827869590769756414e-01 6.910210553378605125e-01
3.885000000000000231e+00 1.756060824128258258e+00 2.804995125473875195e+00 5.880409775391060023e-01 6.968612947225555354e-01
3.890000000000000124e+00 1.757552548630337386e+00 2.826217465922292504e+00 5.933383657433520808e-01 7.027462665731896152e-01
3.895000000000000018e+00 1.759048771439909009e+00 2.847585473418944968e+00 5.986794980527202492e-01 7.086763669947003796e-01
3.899999999999999911e+00 1.760549554760425739e+00 2.869100143942543646e+00 6.040646474700450685e-01 7.146518371001209236e-01
3.905000000000000249e+00 1.762054961380348228e+00 2.890762469782737210e+00 6.094942969196545102e-01 7.206732362566021788e-01
3.910000000000000142e+00 1.763565054678360111e+00 2.912572897614967626e+00 6.149687269300048165e-01 7.267407744984131224e-01
3.915000000000000036e+00 1.765079898628665322e+00 2.934532665836536935e+00 6.204883222951828037e-01 7.328548595696409151e-01
3.919999999999999929e+00 1.766599557806353804e+00 2.956642458706064236e+00 6.260533611646323937e-01 7.390157747591489246e-01
3.925000000000000266e+00 1.768124097392861804e+00 2.978903266319093301e+00 6.316643442330226454e-01 7.452240402691595600e-01
3.930000000000000160e+00 1.769653583181507006e+00 3.001316022865722744e+00 6.373216652687214712e-01 7.514800733827426971e-01
3.935000000000000053e+00 1.771188081583099816e+00 3.023881401531933300e+00 6.430257223822581913e-01 7.577842775264715947e-01
3.939999999999999947e+00 1.772727659631656794e+00 3.046600493965634371e+00 6.487766959945091561e-01 7.641367803317578034e-01
3.945000000000000284e+00 1.774272384990179141e+00 3.069474067939656159e+00 6.545752066591710161e-01 7.705382997275669332e-01
3.950000000000000178e+00 1.775822325956536885e+00 3.092503041045344236e+00 6.604215532298878255e-01 7.769890832023773619e-01
3.955000000000000071e+00 1.777377551469432548e+00 3.115688263966251093e+00 6.663161430007519259e-01 7.834895607037597465e-01
3.959999999999999964e+00 1.778938131114458976e+00 3.139030824891303695e+00 6.722593862405816800e-01 7.900401857131860162e-01
3.965000000000000302e+00 1.780504135130244192e+00 3.162531415547138902e+00 6.782516995620994082e-01 7.966413598122169537e-01
3.970000000000000195e+00 1.782075634414699072e+00 3.186191119305807895e+00 6.842935006023574962e-01 8.032935242233558704e-01
3.975000000000000089e+00 1.783652700531359159e+00 3.210010635705491389e+00 6.903850969524901737e-01 8.099969742855652743e-01
3.979999999999999982e+00 1.785235405715812629e+00 3.233990972157148924e+00 6.965270261977219990e-01 8.167522889178558954e-01
3.984999999999999876e+00 1.786823822882243729e+00 3.258133065134000805e+00 7.027197140115042373e-01 8.235599399467293802e-01
3.990000000000000213e+00 1.788418025630066133e+00 3.282437842978490838e+00 7.089635941242659056e-01 8.304203443561016806e-01
3.995000000000000107e+00 1.790018088250662442e+00 3.306906165120344632e+00 7.152589832702926920e-01 8.373338275052525370e-01
4.000000000000000000e+00 1.791624085734228267e+00 3.331538973106992430e+00 7.216065502158944822e-01 8.443011388371118864e-01
