% raindrop T-matrix calculations using the code of Leinonen, J., "Python code for T-matrix scattering calculations". Available at https://github.com/jleinonen/pytmatrix/. 
% 
% refractive index calculations after Ray, P., 1972:  Broadband Complex Refractive Indices of Ice and Water, Appl. Opt. 11, 1836-1844 
% 
% raindrop aspect ratio estimated with the methodology of Brandes, Edward & Zhang, Guifu & Vivekanandan, Jothiram. (2005). Corrigendum. Journal of Applied Meteorology. 44. 186-. 10.1175/1520-0450(2005)44<186:C>2.0.CO;2. 
% 
% wave length: 8.444858 mm 
% temperature: 278.15 K 
% refractive index: 4.295213222503662109e+00 + 2.561214208602905273e+00 i 
% 
%r_eqv[mm]               axial ratio              ext[mm2]                 sca[mm2]                 back[mm2]
5.000000000000000104e-03 9.999900000999989436e-01 1.139613260055329667e-07 3.570912409320171976e-14 5.356287768700980576e-14
1.000000000000000021e-02 9.999900000999989436e-01 9.120292526342204005e-07 2.285488438069586245e-12 3.428025186934121556e-12
1.499999999999999944e-02 9.999900000999989436e-01 3.080010998145778212e-06 2.603512573611705329e-11 3.904736946076160880e-11
2.000000000000000042e-02 9.999900000999989436e-01 7.307137297724004772e-06 1.462979795242034355e-10 2.193938369742100752e-10
2.500000000000000139e-02 9.999900000999989436e-01 1.428781690348517013e-05 5.581588494865516326e-10 8.369216164700833745e-10
2.999999999999999889e-02 9.999900000999989436e-01 2.472341662594661603e-05 1.666932122134449910e-09 2.499036868439568443e-09
3.500000000000000333e-02 9.999900000999989436e-01 3.932408430373859627e-05 4.204210589444339194e-09 6.301644706870623395e-09
4.000000000000000083e-02 9.999900000999989436e-01 5.881058967797726550e-05 9.369901872412890327e-09 1.404126236610371583e-08
4.499999999999999833e-02 9.999900000999989436e-01 8.391622297357370121e-05 1.900037926975007932e-08 2.846571068498929605e-08
5.000000000000000278e-02 9.999900000999989436e-01 1.153887257689120916e-04 3.576287944709526873e-08 5.356337285437881474e-08
5.500000000000000028e-02 9.999900000999989436e-01 1.539922549648234905e-04 6.337631442107029412e-08 9.489103078028606490e-08
5.999999999999999778e-02 9.999900000999989436e-01 2.005093669246478657e-04 1.068586935654118322e-07 1.599403010972110810e-07
6.500000000000000222e-02 9.999900000999989436e-01 2.557431398801381334e-04 1.728013816257124420e-07 2.585427080459219051e-07
7.000000000000000666e-02 9.999900000999989436e-01 3.205192454256263943e-04 2.696702917799735098e-07 4.033132108381151996e-07
7.499999999999999722e-02 9.999900000999989436e-01 3.956880562909413602e-04 4.081346515600990799e-07 6.101327816459970899e-07
8.000000000000000167e-02 9.999900000999989436e-01 4.821269264653680578e-04 6.014228960538849719e-07 8.986689793042909632e-07
8.500000000000000611e-02 9.999900000999989436e-01 5.807424351071636005e-04 8.657070428489317348e-07 1.292936131950069453e-06
8.999999999999999667e-02 9.999900000999989436e-01 6.924727010907408753e-04 1.220514536266280694e-06 1.821893174597378976e-06
9.500000000000000111e-02 9.999900000999989436e-01 8.182897501363104202e-04 1.689169389524111891e-06 2.520081413123314486e-06
1.000000000000000056e-01 9.999900000999989436e-01 9.592018497690443226e-04 2.299261989673670104e-06 3.428300771949848987e-06
1.049999999999999961e-01 9.999900000999989436e-01 1.116256224660345598e-03 3.083148052571332191e-06 4.594324750021016999e-06
1.100000000000000006e-01 9.999900000999989436e-01 1.290541518240919663e-03 4.078477561590623603e-06 6.073654800385043723e-06
1.150000000000000050e-01 9.999900000999989436e-01 1.483190395862458381e-03 5.328752724769513070e-06 7.930312131421680290e-06
1.199999999999999956e-01 9.999900000999989436e-01 1.695382154955484043e-03 6.883921037366800245e-06 1.023767546668409174e-05
1.250000000000000000e-01 9.999900000999989436e-01 1.928345659343923355e-03 8.800993194266793119e-06 1.307934888822279398e-05
1.300000000000000044e-01 9.999900000999989436e-01 2.183362233162493976e-03 1.114469389207316128e-05 1.655007108663481444e-05
1.350000000000000089e-01 9.999900000999989436e-01 2.461768298516794212e-03 1.398815525348922205e-05 2.075668009295202949e-05
1.400000000000000133e-01 9.999900000999989436e-01 2.764958809551978057e-03 1.741362348988972298e-05 2.581908886804061662e-05
1.449999999999999900e-01 9.999900000999989436e-01 3.094389511923187775e-03 2.151322198713087882e-05 3.187133568076541787e-05
1.499999999999999944e-01 9.999900000999989436e-01 3.451581411722776105e-03 2.638972926919029116e-05 3.906264661366013065e-05
1.549999999999999989e-01 9.999900000999989436e-01 3.838122770901536852e-03 3.215739984499163382e-05 4.755855141503933565e-05
1.600000000000000033e-01 9.999900000999989436e-01 4.255672869925581497e-03 3.894282607375610576e-05 5.754204927731110562e-05
1.650000000000000078e-01 9.999900000999989436e-01 4.705965957938440698e-03 4.688581727094642322e-05 6.921478854121366738e-05
1.700000000000000122e-01 9.999900000999989436e-01 5.190813707998021172e-03 5.614035759535311701e-05 8.279835117147319660e-05
1.750000000000000167e-01 9.999900000999989436e-01 5.712109318823464961e-03 6.687554753052412000e-05 9.853550020731616438e-05
1.799999999999999933e-01 9.999900000999989436e-01 6.271832349187525871e-03 7.927661015598214036e-05 1.166915102836460244e-04
1.849999999999999978e-01 9.999900000999989436e-01 6.872049659037777342e-03 9.354595566299599011e-05 1.375555702635523154e-04
1.900000000000000022e-01 1.000338260324268314e+00 7.516478416748803917e-03 1.099324723395091164e-04 1.614850228661583785e-04
1.950000000000000067e-01 1.000344839311130496e+00 8.204422133983625687e-03 1.286252673103349686e-04 1.887438368093102457e-04
2.000000000000000111e-01 1.000357515291503407e+00 8.939680058157860668e-03 1.499092562040189825e-04 2.197384739831778231e-04
2.050000000000000155e-01 1.000376259251188893e+00 9.724724022531452960e-03 1.740673585509091496e-04 2.548691978031102242e-04
2.099999999999999922e-01 1.000401042453005207e+00 1.056213443027942227e-02 2.014055204992229193e-04 2.945677544977742899e-04
2.149999999999999967e-01 1.000431836433301802e+00 1.145460850565784353e-02 2.322542112983430693e-04 3.392993257347222814e-04
2.200000000000000011e-01 1.000468612998516083e+00 1.240495929075029723e-02 2.669697249134435476e-04 3.895641805671836680e-04
2.250000000000000056e-01 1.000511344221778787e+00 1.341612429101152193e-02 3.059355966215171279e-04 4.458994783913327133e-04
2.300000000000000100e-01 1.000560002439564444e+00 1.449117041902680050e-02 3.495641653707205515e-04 5.088812787764635925e-04
2.350000000000000144e-01 1.000614560248383578e+00 1.563329513784242342e-02 3.982978525489300377e-04 5.791261061559786587e-04
2.399999999999999911e-01 1.000674990501522643e+00 1.684583569933656780e-02 4.526111337205538970e-04 6.572935367654803539e-04
2.449999999999999956e-01 1.000741266305821942e+00 1.813226993691945121e-02 5.130117631092500101e-04 7.440876629266266178e-04
2.500000000000000000e-01 1.000813361018499714e+00 1.949622451665914552e-02 5.800427796535147229e-04 8.402596880031929297e-04
2.550000000000000044e-01 1.000891248244015541e+00 2.094147649723153079e-02 6.542841585927943729e-04 9.466100099126614764e-04
2.600000000000000089e-01 1.000974901830975039e+00 2.247196422126363988e-02 7.363546288844692849e-04 1.063990507750666933e-03
2.650000000000000133e-01 1.001064295869075416e+00 2.409178705356916986e-02 8.269133961730339155e-04 1.193306709448113852e-03
2.700000000000000178e-01 1.001159404686088994e+00 2.580520997732776989e-02 9.266623451172354342e-04 1.335520632832147342e-03
2.750000000000000222e-01 1.001260202844886926e+00 2.761667764007235543e-02 1.036347935293020512e-03 1.491653191782610745e-03
2.800000000000000266e-01 1.001366665140501100e+00 2.953080845760837347e-02 1.156763433297819822e-03 1.662787062330917977e-03
2.850000000000000311e-01 1.001478766597222014e+00 3.155240812126253874e-02 1.288750724242761431e-03 1.850068969333040986e-03
2.899999999999999800e-01 1.001596482465736404e+00 3.368646764833092833e-02 1.433202670175587508e-03 2.054712731350117824e-03
2.949999999999999845e-01 1.001719788220298835e+00 3.593818075641865700e-02 1.591065831259845043e-03 2.278002889566639860e-03
2.999999999999999889e-01 1.001848659555939935e+00 3.831293669689724013e-02 1.763342454158386887e-03 2.521297223641095261e-03
3.049999999999999933e-01 1.001983072385710605e+00 4.081633244637014601e-02 1.951092239628290275e-03 2.786028978367662782e-03
3.099999999999999978e-01 1.002123002837959964e+00 4.345418049728437537e-02 2.155437129996504945e-03 3.073713535978332950e-03
3.150000000000000022e-01 1.002268427253648841e+00 4.623250294428287582e-02 2.377560193715415153e-03 3.385946454994120860e-03
3.200000000000000067e-01 1.002419322183694117e+00 4.915755523057609155e-02 2.618713186990281709e-03 3.724414200940468801e-03
3.250000000000000111e-01 1.002575664386349930e+00 5.223580757538153624e-02 2.880215457972060220e-03 4.090892313896453587e-03
3.300000000000000155e-01 1.002737430824617970e+00 5.547398158752836483e-02 3.163457125263176295e-03 4.487249755255590285e-03
3.350000000000000200e-01 1.002904598663692415e+00 5.887902181832315590e-02 3.469904286578384071e-03 4.915456408467941234e-03
3.400000000000000244e-01 1.003077145268434833e+00 6.245813231022917522e-02 3.801101815057960232e-03 5.377586941132872327e-03
3.450000000000000289e-01 1.003255048200880628e+00 6.621875121344626691e-02 4.158673239220487920e-03 5.875820586894201988e-03
3.500000000000000333e-01 1.003438285217776782e+00 7.016857554998473523e-02 4.544328583901999057e-03 6.412452495249498438e-03
3.549999999999999822e-01 1.003626834268148693e+00 7.431557292529564207e-02 4.959863736215020490e-03 6.989892925872254886e-03
3.599999999999999867e-01 1.003820673490896542e+00 7.866795835681730797e-02 5.407168218224125793e-03 7.610678664329210627e-03
3.649999999999999911e-01 1.004019781212422524e+00 8.323422576226634229e-02 5.888223650429416645e-03 8.277470991069454248e-03
3.699999999999999956e-01 1.004224135944284502e+00 8.802313834200226061e-02 6.405111974490844580e-03 8.993067963626569586e-03
3.750000000000000000e-01 1.004433716380879638e+00 9.304372866476939841e-02 6.960017029912416060e-03 9.760407147032173353e-03
3.800000000000000044e-01 1.004648501397155336e+00 9.830532438185192456e-02 7.555229391690620154e-03 1.058257322403895889e-02
3.850000000000000089e-01 1.004868470046347273e+00 1.038175131509498222e-01 8.193148537387005478e-03 1.146280161516583830e-02
3.900000000000000133e-01 1.005093601557745631e+00 1.095901933854462884e-01 8.876291884718473524e-03 1.240449279743058818e-02
3.950000000000000178e-01 1.005323875334485528e+00 1.156335341085567014e-01 9.607291402733926511e-03 1.341120781922977567e-02
4.000000000000000222e-01 1.005559270951367434e+00 1.219579896184118939e-01 1.038890363339858153e-02 1.448668451699894506e-02
4.050000000000000266e-01 1.005799768152698448e+00 1.285743400149973459e-01 1.122401823846412051e-02 1.563485080013271925e-02
4.100000000000000311e-01 1.006045346850164002e+00 1.354936198313322349e-01 1.211564707559535485e-02 1.685981042511629571e-02
4.150000000000000355e-01 1.006295987120720881e+00 1.427271619038055495e-01 1.306695142006603083e-02 1.816588428958541834e-02
4.199999999999999845e-01 1.006551669204517108e+00 1.502866246649398885e-01 1.408122685887719210e-02 1.955759009777584267e-02
4.249999999999999889e-01 1.006812373502834479e+00 1.581839179179191923e-01 1.516191433598355204e-02 2.103966076286340955e-02
4.299999999999999933e-01 1.007078080576055967e+00 1.664312773900601672e-01 1.631261915698985557e-02 2.261707414988124720e-02
4.349999999999999978e-01 1.007348771141657329e+00 1.750412102295952899e-01 1.753709001495508749e-02 2.429502540092411123e-02
4.400000000000000022e-01 1.007624426072219359e+00 1.840265061580787787e-01 1.883925126096579541e-02 2.607897634857902006e-02
4.450000000000000067e-01 1.007905026393466796e+00 1.934002699546358839e-01 2.022318700893071738e-02 2.797463544630581639e-02
4.500000000000000111e-01 1.008190553282325652e+00 2.031758462392982967e-01 2.169316029873984836e-02 2.998798949928817292e-02
4.550000000000000155e-01 1.008480988065006079e+00 2.133668869959292891e-01 2.325361725510670038e-02 3.212531285684446652e-02
4.600000000000000200e-01 1.008776312215104998e+00 2.239873036998802081e-01 2.490918351248079185e-02 3.439316605260889226e-02
4.650000000000000244e-01 1.009076507351731156e+00 2.350512758405007285e-01 2.666468293136643741e-02 3.679842747101579742e-02
4.700000000000000289e-01 1.009381555237651273e+00 2.465732433512160815e-01 2.852513815271068634e-02 3.934829880207714459e-02
4.750000000000000333e-01 1.009691437777457068e+00 2.585678748849644104e-01 3.049577312107070934e-02 4.205031315325855751e-02
4.799999999999999822e-01 1.010006137015752481e+00 2.710501228174510002e-01 3.258202751519690549e-02 4.491236085572622438e-02
4.849999999999999867e-01 1.010325635135361333e+00 2.840351293899437968e-01 3.478955144491360785e-02 4.794268842887926957e-02
4.899999999999999911e-01 1.010649914455556075e+00 2.975383052194633948e-01 3.712422453138085332e-02 5.114993001230878217e-02
4.949999999999999956e-01 1.010978957430304748e+00 3.115752040551015845e-01 3.959217097315966688e-02 5.454313752756583672e-02
5.000000000000000000e-01 1.011312746646537475e+00 3.261616703624922176e-01 4.219971832014809271e-02 5.813172436130852744e-02
5.050000000000000044e-01 1.011651264822433394e+00 3.413136618946131517e-01 4.495347409687315554e-02 6.192558614099191033e-02
5.100000000000000089e-01 1.011994494805724676e+00 3.570473567629772194e-01 4.786027482259101740e-02 6.593503080864446253e-02
5.150000000000000133e-01 1.012342419572020980e+00 3.733790685921342667e-01 5.092722783610326848e-02 7.017084804009120214e-02
5.200000000000000178e-01 1.012695022223150554e+00 3.903252778183420313e-01 5.416170139563537128e-02 7.464430140694862381e-02
5.250000000000000222e-01 1.013052285985520662e+00 4.079025994611987227e-01 5.757133152735963849e-02 7.936714487231405490e-02
5.300000000000000266e-01 1.013414194208494434e+00 4.261277533800667539e-01 6.116403939602209350e-02 8.435165764099589181e-02
5.350000000000000311e-01 1.013780730362787486e+00 4.450175632074933607e-01 6.494803976679308644e-02 8.961066200543824078e-02
5.400000000000000355e-01 1.014151878038878962e+00 4.645889562805300965e-01 6.893180693489972533e-02 9.515748152967368201e-02
5.450000000000000400e-01 1.014527620945441466e+00 4.848589649011691982e-01 7.312415587519223437e-02 1.010060672963077055e-01
5.500000000000000444e-01 1.014907942907788518e+00 5.058445832521337726e-01 7.753418559673933008e-02 1.071709244700694841e-01
5.550000000000000488e-01 1.015292827866336012e+00 5.275629733779222397e-01 8.217131055258510008e-02 1.136671612616342864e-01
5.600000000000000533e-01 1.015682259875082316e+00 5.500312131542781646e-01 8.704525228730372599e-02 1.205104890857089106e-01
5.650000000000000577e-01 1.016076223100103704e+00 5.732664387850938681e-01 9.216609987517691838e-02 1.277173149623339887e-01
5.700000000000000622e-01 1.016474701818065096e+00 5.972857954862410557e-01 9.754421724060097221e-02 1.353046121693939063e-01
5.750000000000000666e-01 1.016877680414747243e+00 6.221064091517846117e-01 1.031903506444481894e-01 1.432900855041819854e-01
5.799999999999999600e-01 1.017285143383589441e+00 6.477454312766952604e-01 1.091155746349486283e-01 1.516920963779346820e-01
5.849999999999999645e-01 1.017697075324246692e+00 6.742198360752466035e-01 1.153313074622474149e-01 1.605296952750189798e-01
5.899999999999999689e-01 1.018113460941162618e+00 7.015466423975553756e-01 1.218493073590464215e-01 1.698226149017836306e-01
5.949999999999999734e-01 1.018534285042156151e+00 7.297428149027577193e-01 1.286817219157233849e-01 1.795913499473527353e-01
5.999999999999999778e-01 1.018959532537025314e+00 7.588252064770025784e-01 1.358410657153213130e-01 1.898571286231658384e-01
6.049999999999999822e-01 1.019389188436160998e+00 7.888106515473740643e-01 1.433401525816258293e-01 2.006418115581672656e-01
6.099999999999999867e-01 1.019823237849180497e+00 8.197158377920125139e-01 1.511922826729208691e-01 2.119681761182968527e-01
6.149999999999999911e-01 1.020261665983570154e+00 8.515574048730305545e-01 1.594110184270560171e-01 2.238595772857698563e-01
6.199999999999999956e-01 1.020704458143344873e+00 8.843518808888720661e-01 1.680103781464811763e-01 2.363402449744238798e-01
6.250000000000000000e-01 1.021151599727719406e+00 9.181157441864975510e-01 1.770047131577684174e-01 2.494350856533056604e-01
6.300000000000000044e-01 1.021603076229795626e+00 9.528653626527182618e-01 1.864087777268500223e-01 2.631697972875208791e-01
6.350000000000000089e-01 1.022058873235258902e+00 9.886169932997243004e-01 1.962376996407086682e-01 2.775708164146260537e-01
6.400000000000000133e-01 1.022518976421092685e+00 1.025386879387500505e+00 2.065069860362633014e-01 2.926653182287031751e-01
6.450000000000000178e-01 1.022983371554301524e+00 1.063191089590066252e+00 2.172325207661333357e-01 3.084812130551781162e-01
6.500000000000000222e-01 1.023452044490649859e+00 1.102045745171690072e+00 2.284306152945331791e-01 3.250472056799839637e-01
6.550000000000000266e-01 1.023924981173411908e+00 1.141966889672006324e+00 2.401178916938419006e-01 3.423926192030549709e-01
6.600000000000000311e-01 1.024402167632133542e+00 1.182970428111086436e+00 2.523114360307768256e-01 3.605476139666003998e-01
6.650000000000000355e-01 1.024883589981409493e+00 1.225072443759411822e+00 2.650286152982354038e-01 3.795428897263778412e-01
6.700000000000000400e-01 1.025369234419667430e+00 1.268288698150559002e+00 2.782872143257551500e-01 3.994098959352924139e-01
6.750000000000000444e-01 1.025859087227968924e+00 1.312635284873069574e+00 2.921053862673949064e-01 4.201807215060177625e-01
6.800000000000000488e-01 1.026353134768820174e+00 1.358128137123299162e+00 3.065016240025026373e-01 4.418880551897165221e-01
6.850000000000000533e-01 1.026851363484993174e+00 1.404783272777301972e+00 3.214948663652857919e-01 4.645653158313983733e-01
6.900000000000000577e-01 1.027353759898360641e+00 1.452616800073932790e+00 3.371042163237114031e-01 4.882462120893319990e-01
6.950000000000000622e-01 1.027860310608740946e+00 1.501644917420430492e+00 3.533492594000759435e-01 5.129651924639248017e-01
7.000000000000000666e-01 1.028371002292754355e+00 1.551883790417250664e+00 3.702498225258373243e-01 5.387570932455374439e-01
7.049999999999999600e-01 1.028885821702690384e+00 1.603349991005838415e+00 3.878261800834644224e-01 5.656573753136501237e-01
7.099999999999999645e-01 1.029404755665387139e+00 1.656059871263167560e+00 4.060987251748959803e-01 5.937016599260479532e-01
7.149999999999999689e-01 1.029927791081118427e+00 1.710030258577664997e+00 4.250882380805400818e-01 6.229260541500560855e-01
7.199999999999999734e-01 1.030454914922495746e+00 1.765278011854193529e+00 4.448158139662676258e-01 6.533670673515440397e-01
7.249999999999999778e-01 1.030986114233377604e+00 1.821820222135104306e+00 4.653027548051873463e-01 6.850613846591080414e-01
7.299999999999999822e-01 1.031521376127789047e+00 1.879674074827033969e+00 4.865705493708609719e-01 7.180458441578831952e-01
7.349999999999999867e-01 1.032060687788854958e+00 1.938857178677864557e+00 5.086409897797964375e-01 7.523575457921339860e-01
7.399999999999999911e-01 1.032604036467738684e+00 1.999387241675026905e+00 5.315360251858480822e-01 7.880336266094705167e-01
7.449999999999999956e-01 1.033151409482594651e+00 2.061282399907192087e+00 5.552778296833696947e-01 8.251113340677908026e-01
7.500000000000000000e-01 1.033702794217528753e+00 2.124560514784353593e+00 5.798886818265656107e-01 8.636278391259748499e-01
7.550000000000000044e-01 1.034258178121568061e+00 2.189240440086742012e+00 6.053910254957515225e-01 9.036202312739839426e-01
7.600000000000000089e-01 1.034817548707643198e+00 2.255340456519080661e+00 6.318073477310927055e-01 9.451254044649484154e-01
7.650000000000000133e-01 1.035380893551575587e+00 2.322879961736148413e+00 6.591603397161688305e-01 9.881801489299137931e-01
7.700000000000000178e-01 1.035948200291078702e+00 2.391877585039545284e+00 6.874725540875905594e-01 1.032820777015338365e+00
7.750000000000000222e-01 1.036519456624765523e+00 2.462353149727356083e+00 7.167666363875021540e-01 1.079083230517964509e+00
7.800000000000000266e-01 1.037094650311166655e+00 2.534325780879358447e+00 7.470653755681933017e-01 1.127003352427313976e+00
7.850000000000000311e-01 1.037673769167756666e+00 2.607815356720956768e+00 7.783912526430826206e-01 1.176616019952374304e+00
7.900000000000000355e-01 1.038256801069989743e+00 2.682841627612848168e+00 8.107668746679107530e-01 1.227955849250016218e+00
7.950000000000000400e-01 1.038843733950345127e+00 2.759424531622115762e+00 8.442145681284015657e-01 1.281056551215658423e+00
8.000000000000000444e-01 1.039434555797379867e+00 2.837584016635563255e+00 8.787566042128893695e-01 1.335951189684671858e+00
8.050000000000000488e-01 1.040029254654790458e+00 2.917339904878696544e+00 9.144150172671093868e-01 1.392672022793845610e+00
8.100000000000000533e-01 1.040627818620484257e+00 2.998712155804596602e+00 9.512114448963918667e-01 1.451250096562303415e+00
8.150000000000000577e-01 1.041230235845658436e+00 3.081720738911424728e+00 9.891673618856066108e-01 1.511715616638998450e+00
8.200000000000000622e-01 1.041836494533886492e+00 3.166384936047608623e+00 1.028304161387405768e+00 1.574098191024713822e+00
8.250000000000000666e-01 1.042446582940215416e+00 3.252724495199873278e+00 1.068642424039516703e+00 1.638425477065149183e+00
8.300000000000000711e-01 1.043060489370268407e+00 3.340758476155403667e+00 1.110202565440739919e+00 1.704724320334227716e+00
8.349999999999999645e-01 1.043678202179357140e+00 3.430505528123701797e+00 1.153004490221571254e+00 1.773020234659818950e+00
8.399999999999999689e-01 1.044299709771603135e+00 3.521984123437101655e+00 1.197067584448689104e+00 1.843337181374436140e+00
8.449999999999999734e-01 1.044925000599063569e+00 3.615212615672317220e+00 1.242410458676959761e+00 1.915697317342488271e+00
8.499999999999999778e-01 1.045554063160868408e+00 3.710207309707687529e+00 1.289051291211672057e+00 1.990121689106462588e+00
8.549999999999999822e-01 1.046186886002363758e+00 3.806985202158115644e+00 1.337007795151163192e+00 2.066629841386237398e+00
8.599999999999999867e-01 1.046823457714263217e+00 3.905562600896612224e+00 1.386296763057813353e+00 2.145239192550024931e+00
8.649999999999999911e-01 1.047463766931806317e+00 4.005954015188385675e+00 1.436933984262475761e+00 2.225965178209448503e+00
8.699999999999999956e-01 1.048107802333925420e+00 4.108173541110775595e+00 1.488934745470369636e+00 2.308821659768216961e+00
8.750000000000000000e-01 1.048755552642418598e+00 4.212234604656048376e+00 1.542313391545956813e+00 2.393820519877678965e+00
8.800000000000000044e-01 1.049407006621131844e+00 4.318149107795534292e+00 1.597083299498342157e+00 2.480971461177734483e+00
8.850000000000000089e-01 1.050062153075147497e+00 4.425927893538649904e+00 1.653256936247756048e+00 2.570282264496975166e+00
8.900000000000000133e-01 1.050720980849978670e+00 4.535580154849420786e+00 1.710845634913501279e+00 2.661758285674131308e+00
8.950000000000000178e-01 1.051383478830772988e+00 4.647114913040391926e+00 1.769860056532734705e+00 2.755403264409116648e+00
9.000000000000000222e-01 1.052049635941522787e+00 4.760538152098705567e+00 1.830308986472629185e+00 2.851217496591003542e+00
9.050000000000000266e-01 1.052719441144281065e+00 4.875855690339322202e+00 1.892200987620894281e+00 2.949200347059204308e+00
9.100000000000000311e-01 1.053392883438386107e+00 4.993071304687163092e+00 1.955542820440127061e+00 3.049347892516051761e+00
9.150000000000000355e-01 1.054069951859691656e+00 5.112186473796632491e+00 2.020340320512451271e+00 3.151654353149087040e+00
9.200000000000000400e-01 1.054750635479804632e+00 5.233202260132625128e+00 2.086597643508337985e+00 3.256110548658180281e+00
9.250000000000000444e-01 1.055434923405329073e+00 5.356117305903168813e+00 2.154318333897630833e+00 3.362706090497642020e+00
9.300000000000000488e-01 1.056122804777117841e+00 5.480927583518699464e+00 2.223503911331031979e+00 3.471427150966959196e+00
9.350000000000000533e-01 1.056814268769528553e+00 5.607628503124947095e+00 2.294155059439614508e+00 3.582257948539530723e+00
9.400000000000000577e-01 1.057509304589689725e+00 5.736213068416777361e+00 2.366270810832064253e+00 3.695179748304176837e+00
9.450000000000000622e-01 1.058207901476769797e+00 5.866672446582854583e+00 2.439848993754863304e+00 3.810171523817844186e+00
9.500000000000000666e-01 1.058910048701254603e+00 5.998995151056922381e+00 2.514886054097964063e+00 3.927210148827152913e+00
9.550000000000000711e-01 1.059615735564230832e+00 6.133168609283321970e+00 2.591376581429019055e+00 4.046268675251379676e+00
9.599999999999999645e-01 1.060324951396675930e+00 6.269177198827629915e+00 2.669314058990035932e+00 4.167318855728312954e+00
9.649999999999999689e-01 1.061037685558753330e+00 6.407004353280334463e+00 2.748690909739137211e+00 4.290329824221377208e+00
9.699999999999999734e-01 1.061753927439116119e+00 6.546630551222492933e+00 2.829497420540983743e+00 4.415267620273086280e+00
9.749999999999999778e-01 1.062473666454213594e+00 6.688034938482037894e+00 2.911723003803020848e+00 4.542096679097574530e+00
9.799999999999999822e-01 1.063196892047607145e+00 6.831194211010487294e+00 2.995355505394369899e+00 4.670778654826793108e+00
9.849999999999999867e-01 1.063923593689290348e+00 6.976083479569225254e+00 3.080381554935004651e+00 4.801273377065625070e+00
9.899999999999999911e-01 1.064653760875015509e+00 7.122674385827118648e+00 3.166785871038658939e+00 4.933537505772793708e+00
9.949999999999999956e-01 1.065387383125626419e+00 7.270939100228535956e+00 3.254552129833324869e+00 5.067525784608223560e+00
1.000000000000000000e+00 1.066124449986396217e+00 7.420845433935777891e+00 3.343662330788956805e+00 5.203190787667064221e+00
1.005000000000000115e+00 1.066864951026373021e+00 7.572375186046794937e+00 3.434108710624996785e+00 5.340504063382519817e+00
1.010000000000000009e+00 1.067608875837728233e+00 7.725480860986316145e+00 3.525861095168697723e+00 5.479395744409854885e+00
1.015000000000000124e+00 1.068356214035114826e+00 7.880125498866748401e+00 3.618898521827007109e+00 5.619813907955300003e+00
1.020000000000000018e+00 1.069106955255026969e+00 8.036271348973734518e+00 3.713197672844588570e+00 5.761702200138172358e+00
1.024999999999999911e+00 1.069861089155168976e+00 8.193879401058548950e+00 3.808735938267489907e+00 5.905006199050416349e+00
1.030000000000000027e+00 1.070618605413826918e+00 8.352907312282107810e+00 3.905487410838979656e+00 6.049666127981470964e+00
1.034999999999999920e+00 1.071379493729249344e+00 8.513313672025340395e+00 4.003427608211004518e+00 6.195624759550912408e+00
1.040000000000000036e+00 1.072143743819029771e+00 8.675054682920563920e+00 4.102529056276125630e+00 6.342820008973875545e+00
1.044999999999999929e+00 1.072911345419497398e+00 8.838084416120137732e+00 4.202764551609524446e+00 6.491191030086856273e+00
1.050000000000000044e+00 1.073682288285112474e+00 9.002358007023303799e+00 4.304105184700571129e+00 6.640673500964665799e+00
1.054999999999999938e+00 1.074456562187866782e+00 9.167827308531293795e+00 4.406522470960718252e+00 6.791205182787421357e+00
1.060000000000000053e+00 1.075234156916690775e+00 9.334445413332645103e+00 4.509985672127238665e+00 6.942719322745787736e+00
1.064999999999999947e+00 1.076015062276864054e+00 9.502162467911587029e+00 4.614465237475873671e+00 7.095152596291630864e+00
1.070000000000000062e+00 1.076799268089433603e+00 9.670930040346837231e+00 4.719929418722650816e+00 7.248437358535326780e+00
1.074999999999999956e+00 1.077586764190635593e+00 9.840697435943367211e+00 4.826346826689605685e+00 7.402507523212221940e+00
1.080000000000000071e+00 1.078377540431322945e+00 1.001141524871932553e+01 4.933685531767266319e+00 7.557295781945152058e+00
1.084999999999999964e+00 1.079171586676399119e+00 1.018303137734329233e+01 5.041912782065642418e+00 7.712734739829062214e+00
1.090000000000000080e+00 1.079968892804255898e+00 1.035549555142832290e+01 5.150996676164270482e+00 7.868758088906474768e+00
1.094999999999999973e+00 1.080769448706216718e+00 1.052875691548978665e+01 5.260903532867509114e+00 8.025296579038633027e+00
1.100000000000000089e+00 1.081573244285985780e+00 1.070276380019468654e+01 5.371600423303918070e+00 8.182283660799319236e+00
1.104999999999999982e+00 1.082380269459101152e+00 1.087746556987815616e+01 5.483054108698748763e+00 8.339651180368008454e+00
1.110000000000000098e+00 1.083190514152395201e+00 1.105281177116489921e+01 5.595232354039664457e+00 8.497334117547131527e+00
1.114999999999999991e+00 1.084003968303457022e+00 1.122875111531212333e+01 5.708100740069208534e+00 8.655263897273734131e+00
1.120000000000000107e+00 1.084820621860102863e+00 1.140523424308337397e+01 5.821627558704388861e+00 8.813376234433677681e+00
1.125000000000000000e+00 1.085640464779849657e+00 1.158221246274790950e+01 5.935778884640805053e+00 8.971603367608599555e+00
1.130000000000000115e+00 1.086463487029394992e+00 1.175963422709646089e+01 6.050522411586562121e+00 9.129882145515596292e+00
1.135000000000000009e+00 1.087289678584100638e+00 1.193745371360765084e+01 6.165826110253194159e+00 9.288147999855402404e+00
1.140000000000000124e+00 1.088119029427482509e+00 1.211562270251511109e+01 6.281657338822797421e+00 9.446336577758263076e+00
1.145000000000000018e+00 1.088951529550704622e+00 1.229409441861330521e+01 6.397985071378903044e+00 9.604386753004581223e+00
1.150000000000000133e+00 1.089787168952079055e+00 1.247282230123068025e+01 6.514777708514852606e+00 9.762236576572629332e+00
1.155000000000000027e+00 1.090625937636568565e+00 1.265176366197398039e+01 6.632004694270480449e+00 9.919825023316722223e+00
1.159999999999999920e+00 1.091467825615297427e+00 1.283087222626573620e+01 6.749635130788767867e+00 1.007709259842315852e+01
1.165000000000000036e+00 1.092312822905064262e+00 1.301010695303343923e+01 6.867640498061766685e+00 1.023398258602372124e+01
1.169999999999999929e+00 1.093160919527861763e+00 1.318942569689561495e+01 6.985990638515328754e+00 1.039043589544211166e+01
1.175000000000000044e+00 1.094012105510399513e+00 1.336878822267843603e+01 7.104657515573953752e+00 1.054639745077824386e+01
1.179999999999999938e+00 1.094866370883633921e+00 1.354815457298141190e+01 7.223612547874623147e+00 1.070181150775024115e+01
1.185000000000000053e+00 1.095723705682299487e+00 1.372748836612139023e+01 7.342828918408234706e+00 1.085662486770893054e+01
1.189999999999999947e+00 1.096584099944449830e+00 1.390675290073788517e+01 7.462280155555141903e+00 1.101078554236788776e+01
1.195000000000000062e+00 1.097447543710998508e+00 1.408591164259440376e+01 7.581941245833225373e+00 1.116424450712020011e+01
1.199999999999999956e+00 1.098314027025267592e+00 1.426493174088388116e+01 7.701785979835280571e+00 1.131694927977859599e+01
1.205000000000000071e+00 1.099183539932540254e+00 1.444378023663655419e+01 7.821790664200261034e+00 1.146885353354957715e+01
1.209999999999999964e+00 1.100056072479618674e+00 1.462242551097829057e+01 7.941930812114980753e+00 1.161990884940423108e+01
1.215000000000000080e+00 1.100931614714385054e+00 1.480083823544413946e+01 8.062184466018019080e+00 1.177007098211045566e+01
1.219999999999999973e+00 1.101810156685369746e+00 1.497899072806755250e+01 8.182529225353619040e+00 1.191929479821381932e+01
1.225000000000000089e+00 1.102691688441321372e+00 1.515685391473829213e+01 8.302943358406905006e+00 1.206753735190557819e+01
1.229999999999999982e+00 1.103576200030784493e+00 1.533440427607119716e+01 8.423407315281263408e+00 1.221475791015032719e+01
1.235000000000000098e+00 1.104463681501680172e+00 1.551161569390288086e+01 8.543900456082869965e+00 1.236091572083328849e+01
1.239999999999999991e+00 1.105354122900890967e+00 1.568846669086271106e+01 8.664404408425777859e+00 1.250597215508060422e+01
1.245000000000000107e+00 1.106247514273852595e+00 1.586493353437642462e+01 8.784899667993729011e+00 1.264988811860186502e+01
1.250000000000000000e+00 1.107143845664148030e+00 1.604099831881297789e+01 8.905370675840561745e+00 1.279262978260287831e+01
1.255000000000000115e+00 1.108043107113107384e+00 1.621664179757234692e+01 9.025800157159984849e+00 1.293416080730374773e+01
1.260000000000000009e+00 1.108945288659413109e+00 1.639184482090834294e+01 9.146171148431763598e+00 1.307444630986875822e+01
1.265000000000000124e+00 1.109850380338708309e+00 1.656659095269554882e+01 9.266469339227560553e+00 1.321345552579753679e+01
1.270000000000000018e+00 1.110758372183210829e+00 1.674086631212898979e+01 9.386679845713205239e+00 1.335115539160662301e+01
1.275000000000000133e+00 1.111669254221331116e+00 1.691465724172757490e+01 9.506790127361155029e+00 1.348751762623506423e+01
1.280000000000000027e+00 1.112583016477296738e+00 1.708794964379431036e+01 9.626785591598681080e+00 1.362251110606259275e+01
1.284999999999999920e+00 1.113499648970778022e+00 1.726073223112230437e+01 9.746653724886487069e+00 1.375610685117267451e+01
1.290000000000000036e+00 1.114419141716522343e+00 1.743299520627319410e+01 9.866384785512780198e+00 1.388828173918573761e+01
1.294999999999999929e+00 1.115341484723989307e+00 1.760472833640884716e+01 9.985965626195957512e+00 1.401900591879160096e+01
1.300000000000000044e+00 1.116266667996994588e+00 1.777592422883597578e+01 1.010538747009515959e+01 1.414825758774034625e+01
1.304999999999999938e+00 1.117194681533353773e+00 1.794657567499432105e+01 1.022464006367361833e+01 1.427601071574891733e+01
1.310000000000000053e+00 1.118125515324534858e+00 1.811667565083643439e+01 1.034371462938342212e+01 1.440224455366902312e+01
1.314999999999999947e+00 1.119059159355313193e+00 1.828622039345338379e+01 1.046260238420011213e+01 1.452693517449769089e+01
1.320000000000000062e+00 1.119995603603431533e+00 1.845520416225361870e+01 1.058129540291660753e+01 1.465006229591418574e+01
1.324999999999999956e+00 1.120934838039265857e+00 1.862362532050688912e+01 1.069978729737317202e+01 1.477160665192545252e+01
1.330000000000000071e+00 1.121876852625492305e+00 1.879148009467343883e+01 1.081807014570993353e+01 1.489154724219767978e+01
1.334999999999999964e+00 1.122821637316764765e+00 1.895876741191039727e+01 1.093613785443904263e+01 1.500986557860134241e+01
1.340000000000000080e+00 1.123769182059389804e+00 1.912548634660013391e+01 1.105398583491177789e+01 1.512654598962116559e+01
1.344999999999999973e+00 1.124719476791012696e+00 1.929163839849683981e+01 1.117160887011509551e+01 1.524157065746424244e+01
1.350000000000000089e+00 1.125672511440304557e+00 1.945722318277326934e+01 1.128900152308218985e+01 1.535492245992760374e+01
1.354999999999999982e+00 1.126628275926654377e+00 1.962224179028621407e+01 1.140615948334444951e+01 1.546658582300935336e+01
1.360000000000000098e+00 1.127586760159866808e+00 1.978669865473548128e+01 1.152308148374277685e+01 1.557654966796610729e+01
1.364999999999999991e+00 1.128547954039863965e+00 1.995059502548404495e+01 1.163976155252701083e+01 1.568479545923029583e+01
1.370000000000000107e+00 1.129511847456391438e+00 2.011393539710818601e+01 1.175619798436855845e+01 1.579131043091120112e+01
1.375000000000000000e+00 1.130478430288730518e+00 2.027672345316851477e+01 1.187238825603285974e+01 1.589608321357092002e+01
1.380000000000000115e+00 1.131447692405412875e+00 2.043896599152999727e+01 1.198833229524303867e+01 1.599910248089425302e+01
1.385000000000000009e+00 1.132419623663941444e+00 2.060066637573705606e+01 1.210402569406556239e+01 1.610035282811443125e+01
1.390000000000000124e+00 1.133394213910515980e+00 2.076183174143151078e+01 1.221946918109048497e+01 1.619982570893442286e+01
1.395000000000000018e+00 1.134371452979762385e+00 2.092246932096927026e+01 1.233466259187232872e+01 1.629751129260829501e+01
1.400000000000000133e+00 1.135351330694467364e+00 2.108258566741629636e+01 1.244960509030718221e+01 1.639339877758735398e+01
1.405000000000000027e+00 1.136333836865317526e+00 2.124218862318398493e+01 1.256429576597959752e+01 1.648747651603127906e+01
1.409999999999999920e+00 1.137318961290643582e+00 2.140128653555986915e+01 1.267873695782738430e+01 1.657973927375866907e+01
1.415000000000000036e+00 1.138306693756168331e+00 2.155988694531280103e+01 1.279292705041610212e+01 1.667017412313254709e+01
1.419999999999999929e+00 1.139297024034760630e+00 2.171800028593308340e+01 1.290686935732432872e+01 1.675877637580110502e+01
1.425000000000000044e+00 1.140289941886192482e+00 2.187563513899722878e+01 1.302056370717622258e+01 1.684553483509836624e+01
1.429999999999999938e+00 1.141285437056903218e+00 2.203280186247721062e+01 1.313401259634786378e+01 1.693044468018565141e+01
1.435000000000000053e+00 1.142283499279765024e+00 2.218951063893056030e+01 1.324721848504197297e+01 1.701349830517136041e+01
1.439999999999999947e+00 1.143284118273856675e+00 2.234577154460367510e+01 1.336018254858881704e+01 1.709468863326345556e+01
1.445000000000000062e+00 1.144287283744239936e+00 2.250159609822901530e+01 1.347290837767407012e+01 1.717400922496682369e+01
1.449999999999999956e+00 1.145292985381740625e+00 2.265699489469770711e+01 1.358539773488743130e+01 1.725145321859349323e+01
1.455000000000000071e+00 1.146301212862736563e+00 2.281197986459714855e+01 1.369765460789619382e+01 1.732701576173016633e+01
1.459999999999999964e+00 1.147311955848947074e+00 2.296656220652891633e+01 1.380968148812670471e+01 1.740069097937578135e+01
1.465000000000000080e+00 1.148325203987230259e+00 2.312075579326743835e+01 1.392148451341996740e+01 1.747247705896592507e+01
1.469999999999999973e+00 1.149340946909383598e+00 2.327457319748897291e+01 1.403306637382630662e+01 1.754236627748633026e+01
1.475000000000000089e+00 1.150359174231948334e+00 2.342802255024324865e+01 1.414442782057654746e+01 1.761035091672501807e+01
1.479999999999999982e+00 1.151379875556021837e+00 2.358112231579404039e+01 1.425557862920141794e+01 1.767643387194675597e+01
1.485000000000000098e+00 1.152403040467071982e+00 2.373388289010835450e+01 1.436651966911078304e+01 1.774060500459919609e+01
1.489999999999999991e+00 1.153428658534756623e+00 2.388631866084981326e+01 1.447725825677350286e+01 1.780286561581914739e+01
1.495000000000000107e+00 1.154456719312749513e+00 2.403844257213431845e+01 1.458779768365918272e+01 1.786320849992189963e+01
1.500000000000000000e+00 1.155487212338569769e+00 2.419026692436121806e+01 1.469814241130373311e+01 1.792163051311173660e+01
1.505000000000000115e+00 1.156520127133416675e+00 2.434180685349810958e+01 1.480829926296776122e+01 1.797813045853948566e+01
1.510000000000000009e+00 1.157555453202008700e+00 2.449307923407260645e+01 1.491827584633423420e+01 1.803270647034035790e+01
1.515000000000000124e+00 1.158593180032429393e+00 2.464409461424819980e+01 1.502807439166861236e+01 1.808535281495228375e+01
1.520000000000000018e+00 1.159633297095975069e+00 2.479486829632577738e+01 1.513770204969927136e+01 1.813606822911584615e+01
1.525000000000000133e+00 1.160675793847010029e+00 2.494541521379840887e+01 1.524716552472323272e+01 1.818485176960327010e+01
1.530000000000000027e+00 1.161720659722826676e+00 2.509574895426362673e+01 1.535646864097566144e+01 1.823169682580400419e+01
1.535000000000000142e+00 1.162767884143507846e+00 2.524588810568145192e+01 1.546562418327135013e+01 1.827661143978638592e+01
1.540000000000000036e+00 1.163817456511797577e+00 2.539584442864576985e+01 1.557463396199688432e+01 1.831958667518985706e+01
1.544999999999999929e+00 1.164869366212974766e+00 2.554563355303983485e+01 1.568350526447183135e+01 1.836062132231004540e+01
1.550000000000000044e+00 1.165923602614732379e+00 2.569527027551965404e+01 1.579224529614779193e+01 1.839971561818709844e+01
1.554999999999999938e+00 1.166980155067061542e+00 2.584475857790022602e+01 1.590085916733435489e+01 1.843689817190854185e+01
1.560000000000000053e+00 1.168039012902141183e+00 2.599413696282375597e+01 1.600935842786418917e+01 1.847211004405945900e+01
1.564999999999999947e+00 1.169100165434231231e+00 2.614341038274423568e+01 1.611774958499863430e+01 1.850538017446634242e+01
1.570000000000000062e+00 1.170163601959574473e+00 2.629259397631534512e+01 1.622603981397300288e+01 1.853670834808897894e+01
1.574999999999999956e+00 1.171229311756297298e+00 2.644170209563501217e+01 1.633423487787309725e+01 1.856609112717773513e+01
1.580000000000000071e+00 1.172297284084322211e+00 2.659075253047409149e+01 1.644234485709501215e+01 1.859353144840479288e+01
1.584999999999999964e+00 1.173367508185281460e+00 2.673976105038456197e+01 1.655037758662306757e+01 1.861902820806942671e+01
1.590000000000000080e+00 1.174439973282435989e+00 2.688874237242866982e+01 1.665834171816990406e+01 1.864258357925867671e+01
1.594999999999999973e+00 1.175514668580601496e+00 2.703771138667466545e+01 1.676624126224776035e+01 1.866419265499684954e+01
1.600000000000000089e+00 1.176591583266077601e+00 2.718668682683054172e+01 1.687408997550335243e+01 1.868386364799676258e+01
1.604999999999999982e+00 1.177670706506583453e+00 2.733568497324741742e+01 1.698189571063008430e+01 1.870159549785795861e+01
1.610000000000000098e+00 1.178752027451198003e+00 2.748471997883478934e+01 1.708966452954010862e+01 1.871738601971731697e+01
1.614999999999999991e+00 1.179835535230304933e+00 2.763380602886382675e+01 1.719740397119558040e+01 1.873123694906747616e+01
1.620000000000000107e+00 1.180921218955544472e+00 2.778296378423940993e+01 1.730512701353816851e+01 1.874315351730149004e+01
1.625000000000000000e+00 1.182009067719768769e+00 2.793220727482685817e+01 1.741284052686756212e+01 1.875313533360217377e+01
1.630000000000000115e+00 1.183099070597002811e+00 2.808155183098897467e+01 1.752055240850950213e+01 1.876118270001936494e+01
1.635000000000000009e+00 1.184191216642411337e+00 2.823101487169137513e+01 1.762827318854741065e+01 1.876729995309069565e+01
1.640000000000000124e+00 1.185285494892271307e+00 2.838061342012073140e+01 1.773601363738331926e+01 1.877149253019800668e+01
1.645000000000000018e+00 1.186381894363947032e+00 2.853036253207851303e+01 1.784378032134035053e+01 1.877375816564836697e+01
1.650000000000000133e+00 1.187480404055874628e+00 2.868027614013687199e+01 1.795158022813646426e+01 1.877409706511498655e+01
1.655000000000000027e+00 1.188581012947548476e+00 2.883037510171007511e+01 1.805942911807109397e+01 1.877252168516885789e+01
1.660000000000000142e+00 1.189683709999514560e+00 2.898067203416526993e+01 1.816733164966932179e+01 1.876902987214106844e+01
1.665000000000000036e+00 1.190788484153369131e+00 2.913118399179544937e+01 1.827529869907505855e+01 1.876362520528155287e+01
1.669999999999999929e+00 1.191895324331762041e+00 2.928192992420565588e+01 1.838334190917615985e+01 1.875631426849301064e+01
1.675000000000000044e+00 1.193004219438406732e+00 2.943292181974463162e+01 1.849146755514907170e+01 1.874709897823869298e+01
1.679999999999999938e+00 1.194115158358093565e+00 2.958417924412438893e+01 1.859968869763646282e+01 1.873598613524425360e+01
1.685000000000000053e+00 1.195228129956711127e+00 2.973571477126856166e+01 1.870801080721973619e+01 1.872297639152627013e+01
1.689999999999999947e+00 1.196343123081270665e+00 2.988754678926892083e+01 1.881644717861923155e+01 1.870807966333091699e+01
1.695000000000000062e+00 1.197460126559938276e+00 3.003969081727591117e+01 1.892500673059508642e+01 1.869130011138899405e+01
1.699999999999999956e+00 1.198579129202069993e+00 3.019216296558677470e+01 1.903369974976346413e+01 1.867264398943805404e+01
1.705000000000000071e+00 1.199700119798254416e+00 3.034498074918198540e+01 1.914253748091839924e+01 1.865211900012718260e+01
1.709999999999999964e+00 1.200823087120360011e+00 3.049815690842756410e+01 1.925152649911994374e+01 1.862972763105126006e+01
1.715000000000000080e+00 1.201948019921588173e+00 3.065170798600023261e+01 1.936067831937496919e+01 1.860547916094991550e+01
1.719999999999999973e+00 1.203074906936531852e+00 3.080565116009769255e+01 1.947000411278592225e+01 1.857938231280745356e+01
1.725000000000000089e+00 1.204203736881238829e+00 3.096000114921255175e+01 1.957951258058917787e+01 1.855144290475574209e+01
1.729999999999999982e+00 1.205334498453282777e+00 3.111477226066209312e+01 1.968921359161459961e+01 1.852167102021341805e+01
1.735000000000000098e+00 1.206467180331836975e+00 3.126998424815054634e+01 1.979912083427775826e+01 1.849007604455580989e+01
1.739999999999999991e+00 1.207601771177756689e+00 3.142564720067183970e+01 1.990923867165781402e+01 1.845666217606281734e+01
1.745000000000000107e+00 1.208738259633664436e+00 3.158177969118997197e+01 2.001958152289822834e+01 1.842144497880808984e+01
1.750000000000000000e+00 1.209876634324042799e+00 3.173839538035518615e+01 2.013015718956049938e+01 1.838443085277214806e+01
1.755000000000000115e+00 1.211016883855332349e+00 3.189551185510994458e+01 2.024097869734079680e+01 1.834563385436140948e+01
1.760000000000000009e+00 1.212158996816034451e+00 3.205314044096325432e+01 2.035205158722921226e+01 1.830505925710557591e+01
1.765000000000000124e+00 1.213302961776821398e+00 3.221129920556600013e+01 2.046339057717140975e+01 1.826272499393728665e+01
1.770000000000000018e+00 1.214448767290650766e+00 3.237000282086276570e+01 2.057500537105448046e+01 1.821864254349110013e+01
1.775000000000000133e+00 1.215596401892885980e+00 3.252926214551664685e+01 2.068690091027894695e+01 1.817281852713000845e+01
1.780000000000000027e+00 1.216745854101423552e+00 3.268909657692663728e+01 2.079909416065512318e+01 1.812527407602414087e+01
1.785000000000000142e+00 1.217897112416823635e+00 3.284951836536104253e+01 2.091159048546916921e+01 1.807601649688499990e+01
1.790000000000000036e+00 1.219050165322449919e+00 3.301053974823288684e+01 2.102439997680341577e+01 1.802506249273786665e+01
1.794999999999999929e+00 1.220205001284612623e+00 3.317217990534172856e+01 2.113753723939051810e+01 1.797243093962761407e+01
1.800000000000000044e+00 1.221361608752716377e+00 3.333444695118592449e+01 2.125100524139699232e+01 1.791812944980852507e+01
1.804999999999999938e+00 1.222519976159418986e+00 3.349736076851496591e+01 2.136482163420736669e+01 1.786218400844914811e+01
1.810000000000000053e+00 1.223680091920789526e+00 3.366092928302094123e+01 2.147898867043491222e+01 1.780460240607532896e+01
1.814999999999999947e+00 1.224841944436477315e+00 3.382517038159461720e+01 2.159352233014278966e+01 1.774540825563733648e+01
1.820000000000000062e+00 1.226005522089884225e+00 3.399009324665187393e+01 2.170842725601517031e+01 1.768461738540791828e+01
1.824999999999999956e+00 1.227170813248343206e+00 3.415571682175612267e+01 2.182371808115103562e+01 1.762224928063717755e+01
1.830000000000000071e+00 1.228337806263303689e+00 3.432204938479598866e+01 2.193940188395319524e+01 1.755832404823164339e+01
1.834999999999999964e+00 1.229506489470522324e+00 3.448910488555282683e+01 2.205548780964058153e+01 1.749286212187551115e+01
1.840000000000000080e+00 1.230676851190258825e+00 3.465689624413209913e+01 2.217198600358605631e+01 1.742588323595777666e+01
1.844999999999999973e+00 1.231848879727479362e+00 3.482543539748690620e+01 2.228890456888274230e+01 1.735740883099323639e+01
1.850000000000000089e+00 1.233022563372064173e+00 3.499473654867171035e+01 2.240625669265648767e+01 1.728746542955275700e+01
1.854999999999999982e+00 1.234197890399023168e+00 3.516480852311132566e+01 2.252404709185854159e+01 1.721607262717547826e+01
1.860000000000000098e+00 1.235374849068715752e+00 3.533566470461821751e+01 2.264228567900320499e+01 1.714325345265129741e+01
1.864999999999999991e+00 1.236553427627077095e+00 3.550731895857339993e+01 2.276098678162430033e+01 1.706904091676400270e+01
1.870000000000000107e+00 1.237733614305851271e+00 3.567977851210591922e+01 2.288015175877774965e+01 1.699344923292360221e+01
1.875000000000000000e+00 1.238915397322829737e+00 3.585305259951594792e+01 2.299979735102764167e+01 1.691652308070574762e+01
1.880000000000000115e+00 1.240098764882095139e+00 3.602715983957413926e+01 2.311992443446251499e+01 1.683826771553749424e+01
1.885000000000000009e+00 1.241283705174272667e+00 3.620211041275825892e+01 2.324054896784173962e+01 1.675872477165200891e+01
1.890000000000000124e+00 1.242470206376787178e+00 3.637790988967974926e+01 2.336167359060323889e+01 1.667791881019303091e+01
1.895000000000000018e+00 1.243658256654124994e+00 3.655456994266185689e+01 2.348330957924806839e+01 1.659588099916367199e+01
1.900000000000000133e+00 1.244847844158103012e+00 3.673210194533849204e+01 2.360546529354979839e+01 1.651264171266765501e+01
1.905000000000000027e+00 1.246038957028144711e+00 3.691051458553891251e+01 2.372814920137610528e+01 1.642823570793346732e+01
1.910000000000000142e+00 1.247231583391559262e+00 3.708981688687737943e+01 2.385136713604728698e+01 1.634269187525775990e+01
1.915000000000000036e+00 1.248425711363831514e+00 3.727001874439892504e+01 2.397512971119545711e+01 1.625604616872545449e+01
1.919999999999999929e+00 1.249621329048912655e+00 3.745112955308488267e+01 2.409944417885275314e+01 1.616833276877764192e+01
1.925000000000000044e+00 1.250818424539521745e+00 3.763315843183577414e+01 2.422431895675486047e+01 1.607958617332173645e+01
1.929999999999999938e+00 1.252016985917450365e+00 3.781611045825069795e+01 2.434975698661857990e+01 1.598984150728382403e+01
1.935000000000000053e+00 1.253217001253874363e+00 3.799999912381236555e+01 2.447577317740198311e+01 1.589913977911612619e+01
1.939999999999999947e+00 1.254418458609672937e+00 3.818482690156487536e+01 2.460236824109914267e+01 1.580751582101421526e+01
1.945000000000000062e+00 1.255621346035752151e+00 3.837060550152994409e+01 2.472955310238665660e+01 1.571501043572558487e+01
1.949999999999999956e+00 1.256825651573374891e+00 3.855734027048377044e+01 2.485733295426892298e+01 1.562166222132924887e+01
1.955000000000000071e+00 1.258031363254499713e+00 3.874503790681001902e+01 2.498571511414809265e+01 1.552751320931233714e+01
1.959999999999999964e+00 1.259238469102119673e+00 3.893370564684747848e+01 2.511470527033722533e+01 1.543260210336836380e+01
1.965000000000000080e+00 1.260446957130616275e+00 3.912334929796202942e+01 2.524431097329437534e+01 1.533697656855222213e+01
1.969999999999999973e+00 1.261656815346111182e+00 3.931397590811385356e+01 2.537453737187093950e+01 1.524067554253100454e+01
1.975000000000000089e+00 1.262868031746829489e+00 3.950559253998000742e+01 2.550539455777738240e+01 1.514374827732883233e+01
1.979999999999999982e+00 1.264080594323466533e+00 3.969819974332791190e+01 2.563688129156820850e+01 1.504623550974498514e+01
1.985000000000000098e+00 1.265294491059563597e+00 3.989180835368672007e+01 2.576901000599055180e+01 1.494818811211837506e+01
1.989999999999999991e+00 1.266509709931886274e+00 4.008642028128072354e+01 2.590178138831706889e+01 1.484964819070372855e+01
1.995000000000000107e+00 1.267726238910813485e+00 4.028204100655094066e+01 2.603520527879553015e+01 1.475066880306282258e+01
2.000000000000000000e+00 1.268944065960727619e+00 4.047867502750901991e+01 2.616928375720643984e+01 1.465129629837648295e+01
2.004999999999999893e+00 1.270163179040415979e+00 4.067632275944043840e+01 2.630402066775556236e+01 1.455158233530143796e+01
2.010000000000000231e+00 1.271383566103475360e+00 4.087499136577274328e+01 2.643942292718603326e+01 1.445157407158078122e+01
2.015000000000000124e+00 1.272605215098723486e+00 4.107468513705109103e+01 2.657549708850139325e+01 1.435132837481310197e+01
2.020000000000000018e+00 1.273828113970618237e+00 4.127540402846696566e+01 2.671224475587693092e+01 1.425089620119205236e+01
2.024999999999999911e+00 1.275052250659680864e+00 4.147715068459701371e+01 2.684966880218622265e+01 1.415032703615040788e+01
2.030000000000000249e+00 1.276277613102927866e+00 4.167992889299238612e+01 2.698777541463359597e+01 1.404967893376780808e+01
2.035000000000000142e+00 1.277504189234306420e+00 4.188374006472628963e+01 2.712656822233127230e+01 1.394900666787562571e+01
2.040000000000000036e+00 1.278731966985139357e+00 4.208858567270631568e+01 2.726605065654348081e+01 1.384836611541923901e+01
2.044999999999999929e+00 1.279960934284574359e+00 4.229446647901610135e+01 2.740622569964422794e+01 1.374781167808139593e+01
2.049999999999999822e+00 1.281191079060038929e+00 4.250138246476892334e+01 2.754709385589609738e+01 1.364740094109953006e+01
2.055000000000000160e+00 1.282422389237703575e+00 4.270933408687855604e+01 2.768866398285394226e+01 1.354719332454257064e+01
2.060000000000000053e+00 1.283654852742951435e+00 4.291832454638669248e+01 2.783093288613254401e+01 1.344724935294968127e+01
2.064999999999999947e+00 1.284888457500850345e+00 4.312835376166910351e+01 2.797390776016531788e+01 1.334762794360282889e+01
2.069999999999999840e+00 1.286123191436637780e+00 4.333942126150049745e+01 2.811759002695206533e+01 1.324838818114728767e+01
2.075000000000000178e+00 1.287359042476205584e+00 4.355152154263006281e+01 2.826197639192300670e+01 1.314958856698802592e+01
2.080000000000000071e+00 1.288595998546594679e+00 4.376465814515844244e+01 2.840707500459723533e+01 1.305129636011299610e+01
2.084999999999999964e+00 1.289834047576496001e+00 4.397883013493460425e+01 2.855288644294031286e+01 1.295357091941640704e+01
2.089999999999999858e+00 1.291073177496757207e+00 4.419403138732128156e+01 2.869940736223955469e+01 1.285647257438313140e+01
2.095000000000000195e+00 1.292313376240894485e+00 4.441026357962053339e+01 2.884664367711007316e+01 1.276006718608196167e+01
2.100000000000000089e+00 1.293554631745612582e+00 4.462752244308641281e+01 2.899459481212272038e+01 1.266442008431808297e+01
2.104999999999999982e+00 1.294796931951329721e+00 4.484580795666970232e+01 2.914326371751866773e+01 1.256959556934461375e+01
2.109999999999999876e+00 1.296040264802710951e+00 4.506511457927898334e+01 2.929264718795081635e+01 1.247565583813448420e+01
2.115000000000000213e+00 1.297284618249205046e+00 4.528543761787980060e+01 2.944274591767512206e+01 1.238266797114916962e+01
2.120000000000000107e+00 1.298529980245588522e+00 4.550677765206292236e+01 2.959356170752828774e+01 1.229069650756891896e+01
2.125000000000000000e+00 1.299776338752518745e+00 4.572912778062149641e+01 2.974509390535317266e+01 1.219981066704631445e+01
2.129999999999999893e+00 1.301023681737088600e+00 4.595248460870065088e+01 2.989734187298845569e+01 1.211007401819931673e+01
2.135000000000000231e+00 1.302271997173391371e+00 4.617684154553233356e+01 3.005030240457783464e+01 1.202155468213388723e+01
2.140000000000000124e+00 1.303521273043090511e+00 4.640219941286497374e+01 3.020398081370630194e+01 1.193432183044305539e+01
2.145000000000000018e+00 1.304771497335994956e+00 4.662854442281804523e+01 3.035836832493784243e+01 1.184843971450708722e+01
2.149999999999999911e+00 1.306022658050641327e+00 4.685588035802309292e+01 3.051347199579066682e+01 1.176398067819444471e+01
2.155000000000000249e+00 1.307274743194883682e+00 4.708419583065559522e+01 3.066928408901240388e+01 1.168100922589267299e+01
2.160000000000000142e+00 1.308527740786487481e+00 4.731348497115651952e+01 3.082580377275782268e+01 1.159959480885019900e+01
2.165000000000000036e+00 1.309781638853730668e+00 4.754374351105712293e+01 3.098303151865907523e+01 1.151980709194694619e+01
2.169999999999999929e+00 1.311036425436011399e+00 4.777496584422423354e+01 3.114096477481577097e+01 1.144171150483343169e+01
2.175000000000000266e+00 1.312292088584462002e+00 4.800714075194695596e+01 3.129959707521157597e+01 1.136538089605870105e+01
2.180000000000000160e+00 1.313548616362568033e+00 4.824026594981267380e+01 3.145893178171397153e+01 1.129088179805263792e+01
2.185000000000000053e+00 1.314805996846795111e+00 4.847433116045274915e+01 3.161896197609404879e+01 1.121828278579376281e+01
2.189999999999999947e+00 1.316064218127219965e+00 4.870933011680649116e+01 3.177968707881010602e+01 1.114765385774724926e+01
2.194999999999999840e+00 1.317323268308171258e+00 4.894525766819306511e+01 3.194110677267045517e+01 1.107906624001425300e+01
2.200000000000000178e+00 1.318583135508872406e+00 4.918210038551424645e+01 3.210321039764358630e+01 1.101258183970489668e+01
2.205000000000000071e+00 1.319843807864092611e+00 4.941985353718678198e+01 3.226599962222452689e+01 1.094827632236804682e+01
2.209999999999999964e+00 1.321105273524805224e+00 4.965850630256809950e+01 3.242946696481946844e+01 1.088621421004838830e+01
2.214999999999999858e+00 1.322367520658849438e+00 4.989805265537098933e+01 3.259361304742174070e+01 1.082646534291826157e+01
2.220000000000000195e+00 1.323630537451601530e+00 5.013848557936002948e+01 3.275843400888663837e+01 1.076909652597298006e+01
2.225000000000000089e+00 1.324894312106648098e+00 5.037978984685864248e+01 3.292391866808172551e+01 1.071417585539993489e+01
2.229999999999999982e+00 1.326158832846469293e+00 5.062196424085054502e+01 3.309007383688238235e+01 1.066177393947957874e+01
2.234999999999999876e+00 1.327424087913126938e+00 5.086499007909019099e+01 3.325688332544555692e+01 1.061195405051937790e+01
2.240000000000000213e+00 1.328690065568957523e+00 5.110886519229593006e+01 3.342434941827337980e+01 1.056478409957558640e+01
2.245000000000000107e+00 1.329956754097271210e+00 5.135357798572015753e+01 3.359246742694345045e+01 1.052033413632361025e+01
2.250000000000000000e+00 1.331224141803060590e+00 5.159911870746693552e+01 3.376123044397500905e+01 1.047866557145709621e+01
2.254999999999999893e+00 1.332492217013710345e+00 5.184547503588196804e+01 3.393063268578102054e+01 1.043984819839345413e+01
2.260000000000000231e+00 1.333760968079716003e+00 5.209263958605531997e+01 3.410066971679803771e+01 1.040394402338806579e+01
2.265000000000000124e+00 1.335030383375409135e+00 5.234060206452134167e+01 3.427133814319664395e+01 1.037102011336258300e+01
2.270000000000000018e+00 1.336300451299685221e+00 5.258934979033416823e+01 3.444262725763321953e+01 1.034113804747355125e+01
2.274999999999999911e+00 1.337571160276742388e+00 5.283887546103645150e+01 3.461453789536166425e+01 1.031436491762046437e+01
2.280000000000000249e+00 1.338842498756821042e+00 5.308916452522161933e+01 3.478705833771518741e+01 1.029076107928460004e+01
2.285000000000000142e+00 1.340114455216953049e+00 5.334021260890809657e+01 3.496018993842251632e+01 1.027038927987189609e+01
2.290000000000000036e+00 1.341387018161716460e+00 5.359200226911969622e+01 3.513391880339797524e+01 1.025331386455107641e+01
2.294999999999999929e+00 1.342660176123993576e+00 5.384453211786032512e+01 3.530824981783235472e+01 1.023958437931939081e+01
2.300000000000000266e+00 1.343933917665737443e+00 5.409778056096723020e+01 3.548316315547457833e+01 1.022927736477309146e+01
2.305000000000000160e+00 1.345208231378743458e+00 5.435173914424406405e+01 3.565865866413675178e+01 1.022244818934346000e+01
2.310000000000000053e+00 1.346483105885426967e+00 5.460639906172748681e+01 3.583473033280228037e+01 1.021915356331037827e+01
2.314999999999999947e+00 1.347758529839606201e+00 5.486175078699676533e+01 3.601137343489739351e+01 1.021945155530144866e+01
2.319999999999999840e+00 1.349034491927291413e+00 5.511778048312633160e+01 3.618857796500016377e+01 1.022339862263668486e+01
2.325000000000000178e+00 1.350310980867478472e+00 5.537447981012653031e+01 3.636634118929668347e+01 1.023105242927302960e+01
2.330000000000000071e+00 1.351587985412951776e+00 5.563183422677367673e+01 3.654465073454456814e+01 1.024246660897683370e+01
2.334999999999999964e+00 1.352865494351088493e+00 5.588983576258274155e+01 3.672350600879114779e+01 1.025769831939016896e+01
2.339999999999999858e+00 1.354143496504671029e+00 5.614847141982031786e+01 3.690289691643458525e+01 1.027680214501664047e+01
2.345000000000000195e+00 1.355421980732705700e+00 5.640773231631718687e+01 3.708281864611437584e+01 1.029982674218811134e+01
2.350000000000000089e+00 1.356700935931243857e+00 5.666760618971076724e+01 3.726326295824828350e+01 1.032682524569785087e+01
2.354999999999999982e+00 1.357980351034212774e+00 5.692808033004585155e+01 3.744422238079837939e+01 1.035785237484678944e+01
2.359999999999999876e+00 1.359260215014249207e+00 5.718914665939283282e+01 3.762569076704409099e+01 1.039295182143865759e+01
2.365000000000000213e+00 1.360540516883539608e+00 5.745079239950502625e+01 3.780766094837862568e+01 1.043217714788655570e+01
2.370000000000000107e+00 1.361821245694665894e+00 5.771300867368445608e+01 3.799012807682657922e+01 1.047557490411042025e+01
2.375000000000000000e+00 1.363102390541456321e+00 5.797578324558761409e+01 3.817308355252858121e+01 1.052319157838960351e+01
2.379999999999999893e+00 1.364383940559842134e+00 5.823910344098023728e+01 3.835651653214560497e+01 1.057507145256610670e+01
2.385000000000000231e+00 1.365665884928720875e+00 5.850296489016120205e+01 3.854042965254679842e+01 1.063126394098448912e+01
2.390000000000000124e+00 1.366948212870820356e+00 5.876734920773206028e+01 3.872480526949868818e+01 1.069180728950285086e+01
2.395000000000000018e+00 1.368230913653576408e+00 5.903225319194419285e+01 3.890964537650174293e+01 1.075674672159166434e+01
2.399999999999999911e+00 1.369513976590007287e+00 5.929766031339840993e+01 3.909493482740654002e+01 1.082612054807569990e+01
2.405000000000000249e+00 1.370797391039600077e+00 5.956356575709251899e+01 3.928067575517006560e+01 1.089997336414009865e+01
2.410000000000000142e+00 1.372081146409197538e+00 5.982995398039997070e+01 3.946685166291996438e+01 1.097834129470237130e+01
2.415000000000000036e+00 1.373365232153893167e+00 6.009682022469453955e+01 3.965346184743637536e+01 1.106126152170066668e+01
2.419999999999999929e+00 1.374649637777930256e+00 6.036415306246056645e+01 3.984050003864604150e+01 1.114877390033979232e+01
2.425000000000000266e+00 1.375934352835608943e+00 6.063193897096379459e+01 4.002795555717729314e+01 1.124091125650955902e+01
2.430000000000000160e+00 1.377219366932191491e+00 6.090017248836281993e+01 4.021582415273646660e+01 1.133770901229416772e+01
2.435000000000000053e+00 1.378504669724822440e+00 6.116884252741691341e+01 4.040409733869243780e+01 1.143919999188991987e+01
2.439999999999999947e+00 1.379790250923445205e+00 6.143794152489041238e+01 4.059277175315565955e+01 1.154541555965272082e+01
2.444999999999999840e+00 1.381076100291728892e+00 6.170745897396830060e+01 4.078183817539384393e+01 1.165638758792553809e+01
2.450000000000000178e+00 1.382362207647998886e+00 6.197738499555569547e+01 4.097128858855680278e+01 1.177214673680752099e+01
2.455000000000000071e+00 1.383648562866170106e+00 6.224771220819195605e+01 4.116112131191723478e+01 1.189271720327032256e+01
2.459999999999999964e+00 1.384935155876690471e+00 6.251843401572449466e+01 4.135132783244188914e+01 1.201814666912015284e+01
2.464999999999999858e+00 1.386221976667483702e+00 6.278953677238149567e+01 4.154189777484562285e+01 1.214842606133978187e+01
2.470000000000000195e+00 1.387509015284901448e+00 6.306101417649040286e+01 4.173282994933706647e+01 1.228360050365249023e+01
2.475000000000000089e+00 1.388796261834676082e+00 6.333285857204145231e+01 4.192411485466409715e+01 1.242368938218096908e+01
2.479999999999999982e+00 1.390083706482882597e+00 6.360506392325874003e+01 4.211575076657531724e+01 1.256871808803937007e+01
2.484999999999999876e+00 1.391371339456903167e+00 6.387761953356903888e+01 4.230772617063815488e+01 1.271870176577211176e+01
2.490000000000000213e+00 1.392659151046396371e+00 6.415051910813998859e+01 4.250003768486577371e+01 1.287366714058236283e+01
2.495000000000000107e+00 1.393947131604270639e+00 6.442375704110192203e+01 4.269268134192788011e+01 1.303363006955440895e+01
2.500000000000000000e+00 1.395235271547664579e+00 6.469732339794362019e+01 4.288565139613588428e+01 1.319861087439319824e+01
2.504999999999999893e+00 1.396523561358930632e+00 6.497121069576847674e+01 4.307893658268037740e+01 1.336861867244083690e+01
2.510000000000000231e+00 1.397811991586621838e+00 6.524541788372393114e+01 4.327253891607534086e+01 1.354367439980167021e+01
2.515000000000000124e+00 1.399100552846486600e+00 6.551993108230085738e+01 4.346644907906646438e+01 1.372379169390357845e+01
2.520000000000000018e+00 1.400389235822465217e+00 6.579474703392284596e+01 4.366065921244322112e+01 1.390897866813779338e+01
2.524999999999999911e+00 1.401678031267691527e+00 6.606986168148402783e+01 4.385516973877656000e+01 1.409925748827670411e+01
2.530000000000000249e+00 1.402966930005501656e+00 6.634526859882176097e+01 4.404997435121766358e+01 1.429462691314036782e+01
2.535000000000000142e+00 1.404255922930439437e+00 6.662095921877423166e+01 4.424506400776238735e+01 1.449509981190942121e+01
2.540000000000000036e+00 1.405545001009279815e+00 6.689693163171644130e+01 4.444044082202823631e+01 1.470068572104312388e+01
2.544999999999999929e+00 1.406834155282040921e+00 6.717317840752430413e+01 4.463609243286438755e+01 1.491139043341877013e+01
2.550000000000000266e+00 1.408123376863012810e+00 6.744969629439562198e+01 4.483201985629658282e+01 1.512721916359139129e+01
2.555000000000000160e+00 1.409412656941783526e+00 6.772647734093035865e+01 4.502821451888084425e+01 1.534818112415681313e+01
2.560000000000000053e+00 1.410701986784272943e+00 6.800352065649438771e+01 4.522467519194719188e+01 1.557427027645722184e+01
2.564999999999999947e+00 1.411991357733769048e+00 6.828082168957578801e+01 4.542139793636779643e+01 1.580549949015382083e+01
2.569999999999999840e+00 1.413280761211968217e+00 6.855837531995197764e+01 4.561837831860877657e+01 1.604186005168076790e+01
2.575000000000000178e+00 1.414570188720020605e+00 6.883617722220851931e+01 4.581560957851780103e+01 1.628336261202856505e+01
2.580000000000000071e+00 1.415859631839580635e+00 6.911422362892308513e+01 4.601309040429185870e+01 1.652999533882709926e+01
2.584999999999999964e+00 1.417149082233858159e+00 6.939251410643387885e+01 4.621081702605653163e+01 1.678176422736435924e+01
2.589999999999999858e+00 1.418438531648677170e+00 6.967103997368272417e+01 4.640878395087728592e+01 1.703866083410147070e+01
2.595000000000000195e+00 1.419727971913536280e+00 6.994980582745662900e+01 4.660699322511361942e+01 1.730068364748745324e+01
2.600000000000000089e+00 1.421017394942674095e+00 7.022880495556671576e+01 4.680543765688061342e+01 1.756782709987657043e+01
2.604999999999999982e+00 1.422306792736138581e+00 7.050803484523419229e+01 4.700411351937820115e+01 1.784008069268865171e+01
2.609999999999999876e+00 1.423596157380858207e+00 7.078749276069360974e+01 4.720301729370422095e+01 1.811744353140836949e+01
2.615000000000000213e+00 1.424885481051721747e+00 7.106717995705383828e+01 4.740215199293402293e+01 1.839990501695921665e+01
2.620000000000000107e+00 1.426174756012655642e+00 7.134709096143467377e+01 4.760150717416325250e+01 1.868745138599746980e+01
2.625000000000000000e+00 1.427463974617710019e+00 7.162722756189346285e+01 4.780108765682300032e+01 1.898007732837127293e+01
2.629999999999999893e+00 1.428753129312145598e+00 7.190758481300237293e+01 4.800088210898249486e+01 1.927776542073494781e+01
2.635000000000000231e+00 1.430042212633526821e+00 7.218816303338140017e+01 4.820089666857592903e+01 1.958051376995362958e+01
2.640000000000000124e+00 1.431331217212814755e+00 7.246896484920559089e+01 4.840112472034716973e+01 1.988829609853099711e+01
2.645000000000000018e+00 1.432620135775467096e+00 7.274998743069771479e+01 4.860156872834570407e+01 2.020110365031325728e+01
2.649999999999999911e+00 1.433908961142540850e+00 7.303122896111976559e+01 4.880222219616011614e+01 2.051892303946692309e+01
2.655000000000000249e+00 1.435197686231796554e+00 7.331269039014165401e+01 4.900308517035786338e+01 2.084173333334765843e+01
2.660000000000000142e+00 1.436486304058808727e+00 7.359437228807392728e+01 4.920415713225446552e+01 2.116952046746203564e+01
2.665000000000000036e+00 1.437774807738079197e+00 7.387628290813975696e+01 4.940543860143792188e+01 2.150226667612844622e+01
2.669999999999999929e+00 1.439063190484150212e+00 7.415840674396925181e+01 4.960692249987155122e+01 2.183995089257804878e+01
2.675000000000000266e+00 1.440351445612727099e+00 7.444075154483920187e+01 4.980861025834386169e+01 2.218255179801338528e+01
2.680000000000000160e+00 1.441639566541798700e+00 7.472332123806745585e+01 5.001050341041151626e+01 2.253004696283619879e+01
2.685000000000000053e+00 1.442927546792763360e+00 7.500611564597080871e+01 5.021259937444521881e+01 2.288241957081914890e+01
2.689999999999999947e+00 1.444215379991559578e+00 7.528913056971386197e+01 5.041489221519964303e+01 2.323964222321074402e+01
2.694999999999999840e+00 1.445503059869796658e+00 7.557237856822412425e+01 5.061739469105059186e+01 2.360169239976518085e+01
2.700000000000000178e+00 1.446790580265890691e+00 7.585585203273210197e+01 5.082009253194978982e+01 2.396854863086860377e+01
2.705000000000000071e+00 1.448077935126202975e+00 7.613955713023680971e+01 5.102299419485828480e+01 2.434018319551997678e+01
2.709999999999999964e+00 1.449365118506182437e+00 7.642349633646881557e+01 5.122609643289696635e+01 2.471656876609774756e+01
2.714999999999999858e+00 1.450652124571508272e+00 7.670766811377082206e+01 5.142939794188403368e+01 2.509767766110295639e+01
2.720000000000000195e+00 1.451938947599239915e+00 7.699208279546795097e+01 5.163290619549489691e+01 2.548348242526069640e+01
2.725000000000000089e+00 1.453225581978965009e+00 7.727673362660050316e+01 5.183660968038266503e+01 2.587396038308545343e+01
2.729999999999999982e+00 1.454512022213955591e+00 7.756163205082506806e+01 5.204052027451275819e+01 2.626906982361980880e+01
2.734999999999999876e+00 1.455798262922322506e+00 7.784677552913032628e+01 5.224463124746133502e+01 2.666878631243983122e+01
2.740000000000000213e+00 1.457084298838174696e+00 7.813217027190826514e+01 5.244894528797989608e+01 2.707308379046137858e+01
2.745000000000000107e+00 1.458370124812782276e+00 7.841781814075889656e+01 5.265346296947247140e+01 2.748192246009495676e+01
2.750000000000000000e+00 1.459655735815740485e+00 7.870372552649659781e+01 5.285818823460630256e+01 2.789527370647139648e+01
2.754999999999999893e+00 1.460941126936137202e+00 7.898989254272626681e+01 5.306311897274538580e+01 2.831310498159614042e+01
2.760000000000000231e+00 1.462226293383724007e+00 7.927632472689946042e+01 5.326825492857852140e+01 2.873537037046152776e+01
2.765000000000000124e+00 1.463511230490086357e+00 7.956302735195991715e+01 5.347360175132753568e+01 2.916205448285551682e+01
2.770000000000000018e+00 1.464795933709824194e+00 7.985000567781300163e+01 5.367916160643905243e+01 2.959311135583930152e+01
2.774999999999999911e+00 1.466080398621724123e+00 8.013726110524801527e+01 5.388493113389816358e+01 3.002849608853092889e+01
2.780000000000000249e+00 1.467364620929943797e+00 8.042479989860390788e+01 5.409091325854713261e+01 3.046818242766516249e+01
2.785000000000000142e+00 1.468648596465194744e+00 8.071262713585160498e+01 5.429711256633528649e+01 3.091213251439031851e+01
2.790000000000000036e+00 1.469932321185927426e+00 8.100074625760896652e+01 5.450352840669690124e+01 3.136029936279596342e+01
2.794999999999999929e+00 1.471215791179520282e+00 8.128916543849553022e+01 5.471016446208081163e+01 3.181265040654035303e+01
2.800000000000000266e+00 1.472499002663467449e+00 8.157788676540988604e+01 5.491702237441343470e+01 3.226914281507604443e+01
2.805000000000000160e+00 1.473781951986576466e+00 8.186691666394567335e+01 5.512410424556567534e+01 3.272973996620423520e+01
2.810000000000000053e+00 1.475064635630160437e+00 8.215626324956208748e+01 5.533141396191247452e+01 3.319439288328559456e+01
2.814999999999999947e+00 1.476347050209237288e+00 8.244592876555562100e+01 5.553895191070724024e+01 3.366305925877964000e+01
2.819999999999999840e+00 1.477629192473728592e+00 8.273592024091333030e+01 5.574672233214822370e+01 3.413570677271794551e+01
2.825000000000000178e+00 1.478911059309663267e+00 8.302624210685254980e+01 5.595472461779281304e+01 3.461227697792180180e+01
2.830000000000000071e+00 1.480192647740382617e+00 8.331690461572199524e+01 5.616296675004269900e+01 3.509273598766738189e+01
2.834999999999999964e+00 1.481473954927746250e+00 8.360791003399401689e+01 5.637144885436320152e+01 3.557703510140199654e+01
2.839999999999999858e+00 1.482754978173340454e+00 8.389926544954407461e+01 5.658017226201663163e+01 3.606512767946813369e+01
2.845000000000000195e+00 1.484035714919693882e+00 8.419097970807635534e+01 5.678914606290694422e+01 3.655697265655117434e+01
2.850000000000000089e+00 1.485316162751484814e+00 8.448305436203118290e+01 5.699836491770051339e+01 3.705251359438644698e+01
2.854999999999999982e+00 1.486596319396762178e+00 8.477551880682258911e+01 5.720784290265116567e+01 3.755169117911714238e+01
2.859999999999999876e+00 1.487876182728162133e+00 8.506834473447932510e+01 5.741757535500838117e+01 3.805449249218820995e+01
2.865000000000000213e+00 1.489155750764126207e+00 8.536155078631209392e+01 5.762756518726386901e+01 3.856085040902075178e+01
2.870000000000000107e+00 1.490435021670126092e+00 8.565514722999841979e+01 5.783781833628142977e+01 3.907071448273069336e+01
2.875000000000000000e+00 1.491713993759884893e+00 8.594914345456683691e+01 5.804834044584366382e+01 3.958403216740727260e+01
2.879999999999999893e+00 1.492992665496607696e+00 8.624354349320861957e+01 5.825913292260900533e+01 4.010075779353951475e+01
2.885000000000000231e+00 1.494271035494205480e+00 8.653835507448683018e+01 5.847020053293178421e+01 4.062083203254624664e+01
2.890000000000000124e+00 1.495549102518527240e+00 8.683358490578198996e+01 5.868154526601093579e+01 4.114420885924876359e+01
2.895000000000000018e+00 1.496826865488593894e+00 8.712924218004543775e+01 5.889317562920648186e+01 4.167083911979928246e+01
2.899999999999999911e+00 1.498104323477830180e+00 8.742533139066405568e+01 5.910508930248074932e+01 4.220065608710154947e+01
2.905000000000000249e+00 1.499381475715303225e+00 8.772186263373671977e+01 5.931729623527781570e+01 4.273361154994417888e+01
2.910000000000000142e+00 1.500658321586958444e+00 8.801884451578482071e+01 5.952979967399613770e+01 4.326966059503389062e+01
2.915000000000000036e+00 1.501934860636862323e+00 8.831628074655307614e+01 5.974260071823106699e+01 4.380874215668852401e+01
2.919999999999999929e+00 1.503211092568443430e+00 8.861418019148230485e+01 5.995570504524133071e+01 4.435079105651004738e+01
2.925000000000000266e+00 1.504487017245737190e+00 8.891255139579367039e+01 6.016911844288236466e+01 4.489575951112499297e+01
2.930000000000000160e+00 1.505762634694630231e+00 8.921140388746206895e+01 6.038284550334181944e+01 4.544359291318888694e+01
2.935000000000000053e+00 1.507037945104112264e+00 8.951074104134583820e+01 6.059688661542197252e+01 4.599422065234811896e+01
2.939999999999999947e+00 1.508312948827522426e+00 8.981057509842138131e+01 6.081125372413683294e+01 4.654760571570366068e+01
2.944999999999999840e+00 1.509587646383803383e+00 9.011091162552330047e+01 6.102594481212280186e+01 4.710367167744882266e+01
2.950000000000000178e+00 1.510862038458753664e+00 9.041176028615397797e+01 6.124097049385359526e+01 4.766236556175159222e+01
2.955000000000000071e+00 1.512136125906285322e+00 9.071312838470213080e+01 6.145633347948779601e+01 4.822362504682254070e+01
2.959999999999999964e+00 1.513409909749681370e+00 9.101502168418089411e+01 6.167203348034570354e+01 4.878739199965033890e+01
2.964999999999999858e+00 1.514683391182853445e+00 9.131745078246910907e+01 6.188808133576291937e+01 4.935360303472153021e+01
2.970000000000000195e+00 1.515956571571605682e+00 9.162042036993940997e+01 6.210447591696259906e+01 4.992218731304540569e+01
2.975000000000000089e+00 1.517229452454897709e+00 9.192394325589413029e+01 6.232123001263414608e+01 5.049310182986388185e+01
2.979999999999999982e+00 1.518502035546109630e+00 9.222802397949124042e+01 6.253834289181676809e+01 5.106627665528423421e+01
2.984999999999999876e+00 1.519774322734309235e+00 9.253267357929354375e+01 6.275582516158777935e+01 5.164164732817726389e+01
2.990000000000000213e+00 1.521046316085523209e+00 9.283789941934732326e+01 6.297367597373917647e+01 5.221914729127629329e+01
2.995000000000000107e+00 1.522318017844006111e+00 9.314371064370664044e+01 6.319190719888242569e+01 5.279871506650631829e+01
3.000000000000000000e+00 1.523589430433515579e+00 9.345010739539937106e+01 6.341051255839192891e+01 5.338027886200719507e+01
3.004999999999999893e+00 1.524860556458587313e+00 9.375710886229637708e+01 6.362950914506161837e+01 5.396378188982500745e+01
3.010000000000000231e+00 1.526131398705811604e+00 9.406472485123070726e+01 6.384890031494667539e+01 5.454917588990212352e+01
3.015000000000000124e+00 1.527401960145112314e+00 9.437294846811325044e+01 6.406868280534692417e+01 5.513634994775538445e+01
3.020000000000000018e+00 1.528672243931031183e+00 9.468179801350380842e+01 6.428887121358971513e+01 5.572527619243876273e+01
3.024999999999999911e+00 1.529942253404009023e+00 9.499127996469573532e+01 6.450946343975422792e+01 5.631585738145797393e+01
3.030000000000000249e+00 1.531211992091669805e+00 9.530140258062861847e+01 6.473047186914352835e+01 5.690804259465691928e+01
3.035000000000000142e+00 1.532481463710112957e+00 9.561217247359741123e+01 6.495189623586216499e+01 5.750176486150726163e+01
3.040000000000000036e+00 1.533750672165198337e+00 9.592360205740673962e+01 6.517374697814713613e+01 5.809695173468704610e+01
3.044999999999999929e+00 1.535019621553841640e+00 9.623569412186959937e+01 6.539602525274258937e+01 5.869353503998929966e+01
3.050000000000000266e+00 1.536288316165307810e+00 9.654846151311387814e+01 6.561873980906688075e+01 5.929144011616666177e+01
3.055000000000000160e+00 1.537556760482504448e+00 9.686190772451048758e+01 6.584189261707223295e+01 5.989060700977422869e+01
3.060000000000000053e+00 1.538824959183287211e+00 9.717604194113108917e+01 6.606549004679226300e+01 6.049095440069338991e+01
3.064999999999999947e+00 1.540092917141751672e+00 9.749087511580236765e+01 6.628954075865061668e+01 6.109241670896157927e+01
3.070000000000000284e+00 1.541360639429545376e+00 9.780641303008303566e+01 6.651404692450529410e+01 6.169492155415620260e+01
3.075000000000000178e+00 1.542628131317168361e+00 9.812266222763420842e+01 6.673901312559232224e+01 6.229839597027583409e+01
3.080000000000000071e+00 1.543895398275281439e+00 9.843963262858353858e+01 6.696444890660399096e+01 6.290277258673233973e+01
3.084999999999999964e+00 1.545162445976019150e+00 9.875733346357272069e+01 6.719035933664734728e+01 6.350798190415518718e+01
3.089999999999999858e+00 1.546429280294300046e+00 9.907576716593061406e+01 6.741674368090397707e+01 6.411393076356917220e+01
3.095000000000000195e+00 1.547695907309144969e+00 9.939494505684930914e+01 6.764361343177230879e+01 6.472056630641432662e+01
3.100000000000000089e+00 1.548962333304992001e+00 9.971487592475509132e+01 6.787097308315833288e+01 6.532780753825622355e+01
3.104999999999999982e+00 1.550228564773019402e+00 1.000355615769089468e+02 6.809882386945095334e+01 6.593558088249639582e+01
3.109999999999999876e+00 1.551494608412467890e+00 1.003570171925167926e+02 6.832717773135055950e+01 6.654381508264916079e+01
3.115000000000000213e+00 1.552760471131968911e+00 1.006792466889311726e+02 6.855603858813529428e+01 6.715242860947297743e+01
3.120000000000000107e+00 1.554026160050869576e+00 1.010022567825280646e+02 6.878540917628171769e+01 6.776135746586508901e+01
3.125000000000000000e+00 1.555291682500568706e+00 1.013260517418220132e+02 6.901529144555016160e+01 6.837051267448546810e+01
3.129999999999999893e+00 1.556557046025848434e+00 1.016506464659209286e+02 6.924570009095498335e+01 6.897983705912076857e+01
3.135000000000000231e+00 1.557822258386214909e+00 1.019760418109793534e+02 6.947663306960302521e+01 6.958923675896033956e+01
3.140000000000000124e+00 1.559087327557234559e+00 1.023022459467007081e+02 6.970809756882627539e+01 7.019864788190612614e+01
3.145000000000000018e+00 1.560352261731882795e+00 1.026292709362359972e+02 6.994010287388050529e+01 7.080798886980947771e+01
3.149999999999999911e+00 1.561617069321888263e+00 1.029571174185541338e+02 7.017264977176716911e+01 7.141718821286309549e+01
3.155000000000000249e+00 1.562881758959084433e+00 1.032857922875845844e+02 7.040574135840535064e+01 7.202615731347549399e+01
3.160000000000000142e+00 1.564146339496760740e+00 1.036153062920186869e+02 7.063939014268578376e+01 7.263484237076831107e+01
3.165000000000000036e+00 1.565410820011023496e+00 1.039456660644347181e+02 7.087359784467371071e+01 7.324315322978834786e+01
3.169999999999999929e+00 1.566675209802153468e+00 1.042768734723701698e+02 7.110836584885501566e+01 7.385100412136621628e+01
3.175000000000000266e+00 1.567939518395971676e+00 1.046089395657904362e+02 7.134370566392756530e+01 7.445833580097973936e+01
3.180000000000000160e+00 1.569203755545205192e+00 1.049418690126280183e+02 7.157961808311763718e+01 7.506506738504714349e+01
3.185000000000000053e+00 1.570467931230861369e+00 1.052756683413962406e+02 7.181610991668968325e+01 7.567111152898634430e+01
3.189999999999999947e+00 1.571732055663601191e+00 1.056103425060393874e+02 7.205318463761855696e+01 7.627640330472191010e+01
3.195000000000000284e+00 1.572996139285118833e+00 1.059458984251071882e+02 7.229084927342859146e+01 7.688086204246225464e+01
3.200000000000000178e+00 1.574260192769525224e+00 1.062823433259665649e+02 7.252910752494568669e+01 7.748440569715273796e+01
3.205000000000000071e+00 1.575524227024737378e+00 1.066196799951903955e+02 7.276796275561795824e+01 7.808695903974664532e+01
3.209999999999999964e+00 1.576788253193867284e+00 1.069579182461411193e+02 7.300742162676708347e+01 7.868845169434648312e+01
3.214999999999999858e+00 1.578052282656617233e+00 1.072970620832544313e+02 7.324749347068390648e+01 7.928880547229717024e+01
3.220000000000000195e+00 1.579316327030685141e+00 1.076371152544550966e+02 7.348817525767898928e+01 7.988794991435131010e+01
3.225000000000000089e+00 1.580580398173165202e+00 1.079780869353161563e+02 7.372947559041045906e+01 8.048578962073183618e+01
3.229999999999999982e+00 1.581844508181959430e+00 1.083199778108708955e+02 7.397139912512938054e+01 8.108226667707666024e+01
3.234999999999999876e+00 1.583108669397191415e+00 1.086627951708428412e+02 7.421394681120634118e+01 8.167728973716194218e+01
3.240000000000000213e+00 1.584372894402625409e+00 1.090065437967627417e+02 7.445712676027892485e+01 8.227079219500338070e+01
3.245000000000000107e+00 1.585637196027092743e+00 1.093512305042843167e+02 7.470094266760142432e+01 8.286269318967764264e+01
3.250000000000000000e+00 1.586901587345919129e+00 1.096968586518655258e+02 7.494540110381583986e+01 8.345293462416016439e+01
3.254999999999999893e+00 1.588166081682362174e+00 1.100434332396529840e+02 7.519050342649293839e+01 8.404142280243263485e+01
3.260000000000000231e+00 1.589430692609048013e+00 1.103909582779659360e+02 7.543625570585970763e+01 8.462808911679509549e+01
3.265000000000000124e+00 1.590695433949419924e+00 1.107394354367274332e+02 7.568265585786085126e+01 8.521284819165792612e+01
3.270000000000000018e+00 1.591960319779189614e+00 1.110888761446485660e+02 7.592971923780629595e+01 8.579564767508773571e+01
3.274999999999999911e+00 1.593225364427793389e+00 1.114392795955740638e+02 7.617744154123218436e+01 8.637639239456842688e+01
3.280000000000000249e+00 1.594490582479856755e+00 1.117906504427449192e+02 7.642583090032698578e+01 8.695503110857633544e+01
3.285000000000000142e+00 1.595755988776664358e+00 1.121429927801252830e+02 7.667488869314524891e+01 8.753147631307413690e+01
3.290000000000000036e+00 1.597021598417631694e+00 1.124963120082858126e+02 7.692462088166070089e+01 8.810564698428981956e+01
3.294999999999999929e+00 1.598287426761794583e+00 1.128506102217493350e+02 7.717502967307596862e+01 8.867749158454358849e+01
3.300000000000000266e+00 1.599553489429289543e+00 1.132058888839838460e+02 7.742611685103354091e+01 8.924692848783008969e+01
3.305000000000000160e+00 1.600819802302856587e+00 1.135621571711189404e+02 7.767787607549412598e+01 8.981373106549865781e+01
3.310000000000000053e+00 1.602086381529337800e+00 1.139194148654712251e+02 7.793034076782134889e+01 9.037814239732999511e+01
3.314999999999999947e+00 1.603353243521186133e+00 1.142776615112289136e+02 7.818349142749880798e+01 9.093992878118763201e+01
3.320000000000000284e+00 1.604620404957985969e+00 1.146369068600570955e+02 7.843734117883192880e+01 9.149903712552107038e+01
3.325000000000000178e+00 1.605887882787973897e+00 1.149971478372663540e+02 7.869188632373872849e+01 9.205537857433402849e+01
3.330000000000000071e+00 1.607155694229572163e+00 1.153583907119416665e+02 7.894713559336084074e+01 9.260890708894686441e+01
3.334999999999999964e+00 1.608423856772927873e+00 1.157206380084538608e+02 7.920308807216083835e+01 9.315954374848686825e+01
3.339999999999999858e+00 1.609692388181460876e+00 1.160838902919562372e+02 7.945974688145554410e+01 9.370722019059071783e+01
3.345000000000000195e+00 1.610961306493419842e+00 1.164481523403522942e+02 7.971711952757144104e+01 9.425188386083937075e+01
3.350000000000000089e+00 1.612230630023444355e+00 1.168134263201146581e+02 7.997520859008125171e+01 9.479346376932420526e+01
3.354999999999999982e+00 1.613500377364142535e+00 1.171797133353644682e+02 8.023401390736501071e+01 9.533189708994019895e+01
3.359999999999999876e+00 1.614770567387667999e+00 1.175470133968396595e+02 8.049353615495641634e+01 9.586711422724138743e+01
3.365000000000000213e+00 1.616041219247312144e+00 1.179153279750164387e+02 8.075378074547819551e+01 9.639905815627017205e+01
3.370000000000000107e+00 1.617312352379102647e+00 1.182846622640269203e+02 8.101475172804029512e+01 9.692767495664475064e+01
3.375000000000000000e+00 1.618583986503417060e+00 1.186550171260356166e+02 8.127644988125831560e+01 9.745288949667579459e+01
3.379999999999999893e+00 1.619856141626595081e+00 1.190263923408664226e+02 8.153887970428945664e+01 9.797466676619465886e+01
3.385000000000000231e+00 1.621128838042573905e+00 1.193987873320917004e+02 8.180203789195115860e+01 9.849292050606526061e+01
3.390000000000000124e+00 1.622402096334521149e+00 1.197722077594455357e+02 8.206593550650919155e+01 9.900761985205207338e+01
3.395000000000000018e+00 1.623675937376488410e+00 1.201466532732171402e+02 8.233056940964598880e+01 9.951868539773177247e+01
3.399999999999999911e+00 1.624950382335069499e+00 1.205221218229556683e+02 8.259593516778843991e+01 1.000261301193438186e+02
3.405000000000000249e+00 1.626225452671069327e+00 1.208986176680617177e+02 8.286204821675038090e+01 1.005297949487175089e+02
3.410000000000000142e+00 1.627501170141188780e+00 1.212761374481218155e+02 8.312890308901116043e+01 1.010296799784753006e+02
3.415000000000000036e+00 1.628777556799715365e+00 1.216546861721641335e+02 8.339650630910868756e+01 1.015257302273148667e+02
3.419999999999999929e+00 1.630054635000228513e+00 1.220342607313824601e+02 8.366485527098168973e+01 1.020179085055735015e+02
3.425000000000000266e+00 1.631332427397314877e+00 1.224148626472922530e+02 8.393395126736281497e+01 1.025061407755675731e+02
3.430000000000000160e+00 1.632610956948298497e+00 1.227964917764337400e+02 8.420379798061100018e+01 1.029904044957076366e+02
3.435000000000000053e+00 1.633890246914980304e+00 1.231791454985141314e+02 8.447439388711387664e+01 1.034706369774495158e+02
3.439999999999999947e+00 1.635170320865392934e+00 1.235628300656196359e+02 8.474574689393639915e+01 1.039467934537669294e+02
3.445000000000000284e+00 1.636451202675564431e+00 1.239475360989028729e+02 8.501784865150740700e+01 1.044188497331145129e+02
3.450000000000000178e+00 1.637732916531301264e+00 1.243332712582523669e+02 8.529070938222669440e+01 1.048867495618541028e+02
3.455000000000000071e+00 1.639015486929979559e+00 1.247200308128984290e+02 8.556432775279920122e+01 1.053504575087718678e+02
3.459999999999999964e+00 1.640298938682350771e+00 1.251078148272362398e+02 8.583870065342051703e+01 1.058099322721668614e+02
3.464999999999999858e+00 1.641583296914366441e+00 1.254966234406330585e+02 8.611383504293951319e+01 1.062651325610167419e+02
3.470000000000000195e+00 1.642868587069010289e+00 1.258864577010515546e+02 8.638973081870324222e+01 1.067160334809301219e+02
3.475000000000000089e+00 1.644154834908149621e+00 1.262773113900843640e+02 8.666638559884552251e+01 1.071625819138420326e+02
3.479999999999999982e+00 1.645442066514400281e+00 1.266691868424001370e+02 8.694380468853287880e+01 1.076047734178649193e+02
3.484999999999999876e+00 1.646730308293007594e+00 1.270620792113795829e+02 8.722198285186730971e+01 1.080425590843389188e+02
3.490000000000000213e+00 1.648019586973742623e+00 1.274559933524422348e+02 8.750092631112988784e+01 1.084759111307630661e+02
3.495000000000000107e+00 1.649309929612814640e+00 1.278509214023703890e+02 8.778062719642278466e+01 1.089047792112347679e+02
3.500000000000000000e+00 1.650601363594798476e+00 1.282468678622258267e+02 8.806109907937101866e+01 1.093291767045319318e+02
3.504999999999999893e+00 1.651893916634581849e+00 1.286433794523401559e+02 8.834192732707322193e+01 1.097399273529663617e+02
3.510000000000000231e+00 1.653187616779326907e+00 1.290409020895472736e+02 8.862352082445011092e+01 1.101459622368735438e+02
3.515000000000000124e+00 1.654482492410449757e+00 1.294394253055643560e+02 8.890587163505236390e+01 1.105472499977963992e+02
3.520000000000000018e+00 1.655778572245619973e+00 1.298389525386661205e+02 8.918898535981210784e+01 1.109437819568681789e+02
3.524999999999999911e+00 1.657075885340773880e+00 1.302394849155011229e+02 8.947286402324813537e+01 1.113355082953913495e+02
3.530000000000000249e+00 1.658374461092151142e+00 1.306410112415837261e+02 8.975749724816674302e+01 1.117224437427247352e+02
3.535000000000000142e+00 1.659674329238346902e+00 1.310435370467844791e+02 9.004289799424992680e+01 1.121045714092648211e+02
3.540000000000000036e+00 1.660975519862385452e+00 1.314470572664918393e+02 9.032905758359493120e+01 1.124818733738860033e+02
3.544999999999999929e+00 1.662278063393811456e+00 1.318515697319168112e+02 9.061597984348995283e+01 1.128543298138611135e+02
3.550000000000000266e+00 1.663581990610803807e+00 1.322570718832759269e+02 9.090366311116929410e+01 1.132219425605952523e+02
3.555000000000000160e+00 1.664887332642308815e+00 1.326635589905158952e+02 9.119210465673674548e+01 1.135846936189308565e+02
3.560000000000000053e+00 1.666194120970192039e+00 1.330710332184633558e+02 9.148130795576609842e+01 1.139425786321737064e+02
3.564999999999999947e+00 1.667502387431416100e+00 1.334794844656353803e+02 9.177126667671211635e+01 1.142956054660870393e+02
3.570000000000000284e+00 1.668812164220237593e+00 1.338889198748777574e+02 9.206198921520885392e+01 1.146437703842383797e+02
3.575000000000000178e+00 1.670123483890425531e+00 1.342993293328039783e+02 9.235346848600121916e+01 1.149870599756983722e+02
3.580000000000000071e+00 1.671436379357503110e+00 1.347107124736035075e+02 9.264570545031244819e+01 1.153254896066932531e+02
3.584999999999999964e+00 1.672750883901015451e+00 1.351230680724366664e+02 9.293870184283225910e+01 1.156590617499902294e+02
3.589999999999999858e+00 1.674067031166816655e+00 1.355363864718001992e+02 9.323244706765379419e+01 1.159877626347474404e+02
3.595000000000000195e+00 1.675384855169382847e+00 1.359506741336697928e+02 9.352695421102984596e+01 1.163116236723981558e+02
3.600000000000000089e+00 1.676704390294149860e+00 1.363659234235466897e+02 9.382221511527174584e+01 1.166306695594783633e+02
3.604999999999999982e+00 1.678025671299876453e+00 1.367821294888143200e+02 9.411822953666144542e+01 1.169448687229846939e+02
3.609999999999999876e+00 1.679348733321033071e+00 1.371992918185942472e+02 9.441499470911840319e+01 1.172542582653307477e+02
3.615000000000000213e+00 1.680673611870211692e+00 1.376174081353159977e+02 9.471251652980396329e+01 1.175588681798179351e+02
3.620000000000000107e+00 1.682000342840573426e+00 1.380364735172621806e+02 9.501078628659226410e+01 1.178586981399542708e+02
3.625000000000000000e+00 1.683328962508309878e+00 1.384564840958109642e+02 9.530980347767891203e+01 1.181537590028877389e+02
3.629999999999999893e+00 1.684659507535143819e+00 1.388774366967832918e+02 9.560956889915075863e+01 1.184440961280259188e+02
3.635000000000000231e+00 1.685992014970846498e+00 1.392993336664110302e+02 9.591008682701718158e+01 1.187297199824416225e+02
3.640000000000000124e+00 1.687326522255794936e+00 1.397221651993236833e+02 9.621134944839221248e+01 1.190106648130162483e+02
3.645000000000000018e+00 1.688663067223552527e+00 1.401459314728307106e+02 9.651335603368112004e+01 1.192869432484802417e+02
3.649999999999999911e+00 1.690001688103477839e+00 1.405706283095240110e+02 9.681610700864817431e+01 1.195586008839588885e+02
3.655000000000000249e+00 1.691342423523365834e+00 1.409962551639451931e+02 9.711960296798017112e+01 1.198256627741493929e+02
3.660000000000000142e+00 1.692685312512123508e+00 1.414228042410632327e+02 9.742383769035633634e+01 1.200881574299494758e+02
3.665000000000000036e+00 1.694030394502469727e+00 1.418502780658404845e+02 9.772881782669151107e+01 1.203461517765625217e+02
3.669999999999999929e+00 1.695377709333675487e+00 1.422786679229564299e+02 9.803453338061339650e+01 1.205996449680862952e+02
3.675000000000000266e+00 1.696727297254325917e+00 1.427079737649447964e+02 9.834098577166869859e+01 1.208486932906054818e+02
3.680000000000000160e+00 1.698079198925130706e+00 1.431381958992861030e+02 9.864818110305299115e+01 1.210933292365869249e+02
3.685000000000000053e+00 1.699433455421752726e+00 1.435693248656714616e+02 9.895610865224332997e+01 1.213336210324262936e+02
3.689999999999999947e+00 1.700790108237682396e+00 1.440013604718452882e+02 9.926476894308663645e+01 1.215695851718966907e+02
3.695000000000000284e+00 1.702149199287140036e+00 1.444343038577225116e+02 9.957416670692668959e+01 1.218012841868235654e+02
3.700000000000000178e+00 1.703510770908022831e+00 1.448681443817513070e+02 9.988429159162728865e+01 1.220287723271027573e+02
3.705000000000000071e+00 1.704874865864877798e+00 1.453028867289767163e+02 1.001951492507139108e+02 1.222521020569676864e+02
3.709999999999999964e+00 1.706241527351919807e+00 1.457385244772688964e+02 1.005067411224027012e+02 1.224713131374871153e+02
3.714999999999999858e+00 1.707610798996081591e+00 1.461750520476988129e+02 1.008190527476246103e+02 1.226864744147885347e+02
3.720000000000000195e+00 1.708982724860113711e+00 1.466124731004768194e+02 1.011320960287268633e+02 1.228976413950205000e+02
3.725000000000000089e+00 1.710357349445704500e+00 1.470507821307435279e+02 1.014458637808794350e+02 1.231048561530504912e+02
3.729999999999999982e+00 1.711734717696661745e+00 1.474899768533981046e+02 1.017603594194480934e+02 1.233082133494570769e+02
3.734999999999999876e+00 1.713114875002117454e+00 1.479300552263490829e+02 1.020755751877790374e+02 1.235077476142709685e+02
3.740000000000000213e+00 1.714497867199787251e+00 1.483710152948687266e+02 1.023915164836035814e+02 1.237035399576054857e+02
3.745000000000000107e+00 1.715883740579261962e+00 1.488128541056002518e+02 1.027081788263544979e+02 1.238956540587069810e+02
3.750000000000000000e+00 1.717272541885350057e+00 1.492555674555688938e+02 1.030255571315072132e+02 1.240841534104964836e+02
3.754999999999999893e+00 1.718664318321458495e+00 1.496991580578361152e+02 1.033436603716936020e+02 1.242691100598503624e+02
3.760000000000000231e+00 1.720059117553022654e+00 1.501436229489111156e+02 1.036624836813356723e+02 1.244506167965305963e+02
3.765000000000000124e+00 1.721456987710977105e+00 1.505889564869353592e+02 1.039820207824950842e+02 1.246287119962937311e+02
3.770000000000000018e+00 1.722857977395276574e+00 1.510351583092777901e+02 1.043022718973272447e+02 1.248034950556605196e+02
3.774999999999999911e+00 1.724262135678464647e+00 1.514822284827405383e+02 1.046232417683266505e+02 1.249750392446134555e+02
3.780000000000000249e+00 1.725669512109285098e+00 1.519301652827809619e+02 1.049449245585527137e+02 1.251434166412358024e+02
3.785000000000000142e+00 1.727080156716347847e+00 1.523789674962805236e+02 1.052673244472904628e+02 1.253087235547639153e+02
3.790000000000000036e+00 1.728494120011841551e+00 1.528286334108033770e+02 1.055904388999440755e+02 1.254710506685804745e+02
3.794999999999999929e+00 1.729911452995299248e+00 1.532791556442708440e+02 1.059142584374259286e+02 1.256304352214619513e+02
3.800000000000000266e+00 1.731332207157411762e+00 1.537305456101513244e+02 1.062387980615071399e+02 1.257870228268099169e+02
3.805000000000000160e+00 1.732756434483898600e+00 1.541827921335968483e+02 1.065640459459894771e+02 1.259408683489557745e+02
3.810000000000000053e+00 1.734184187459427706e+00 1.546358996983347538e+02 1.068900048690193643e+02 1.260920658087671740e+02
3.814999999999999947e+00 1.735615519071593615e+00 1.550898662301636080e+02 1.072166778019731055e+02 1.262407158156390494e+02
3.820000000000000284e+00 1.737050482814948671e+00 1.555444720200221411e+02 1.075439667220495039e+02 1.263872347152126991e+02
3.825000000000000178e+00 1.738489132695088868e+00 1.560001421534419137e+02 1.078720493548667747e+02 1.265310501021313172e+02
3.830000000000000071e+00 1.739931523232801869e+00 1.564566707531436407e+02 1.082008460779064336e+02 1.266726158229673445e+02
3.834999999999999964e+00 1.741377709468272084e+00 1.569140581294837204e+02 1.085303536578732917e+02 1.268120077207444183e+02
3.839999999999999858e+00 1.742827746965340152e+00 1.573722989824088074e+02 1.088605680245699290e+02 1.269493213695954239e+02
3.845000000000000195e+00 1.744281691815829705e+00 1.578313986279082712e+02 1.091914943438394090e+02 1.270846633655853566e+02
3.850000000000000089e+00 1.745739600643932299e+00 1.582913567699319231e+02 1.095231318929342734e+02 1.272181545584664946e+02
3.854999999999999982e+00 1.747201530610656750e+00 1.587521686677713149e+02 1.098554726930255470e+02 1.273498451555906286e+02
3.859999999999999876e+00 1.748667539418339745e+00 1.592138400278335837e+02 1.101885251799955370e+02 1.274798866483187396e+02
3.865000000000000213e+00 1.750137685315223512e+00 1.596763717084158429e+02 1.105222938132583295e+02 1.276083834420570042e+02
3.870000000000000107e+00 1.751612027100100555e+00 1.601397631445193781e+02 1.108567681251648622e+02 1.277354171179655964e+02
3.875000000000000000e+00 1.753090624127023878e+00 1.606040150505550343e+02 1.111919538159012575e+02 1.278611154871755673e+02
3.879999999999999893e+00 1.754573536310083837e+00 1.610691296264048162e+02 1.115278532547927455e+02 1.279855889268176128e+02
3.885000000000000231e+00 1.756060824128258258e+00 1.615351060983873310e+02 1.118644627296972516e+02 1.281089411420676072e+02
3.890000000000000124e+00 1.757552548630337386e+00 1.620019483569572003e+02 1.122017852618304516e+02 1.282312867735683426e+02
3.895000000000000018e+00 1.759048771439909009e+00 1.624696593976478596e+02 1.125398249200091527e+02 1.283527426139249883e+02
3.899999999999999911e+00 1.760549554760425739e+00 1.629382355696407103e+02 1.128785762286946692e+02 1.284734217235052256e+02
3.905000000000000249e+00 1.762054961380348228e+00 1.634076853315286257e+02 1.132180480578355741e+02 1.285934540999916464e+02
3.910000000000000142e+00 1.763565054678360111e+00 1.638780063979766339e+02 1.135582337588512871e+02 1.287129338998075525e+02
3.915000000000000036e+00 1.765079898628665322e+00 1.643491956295223986e+02 1.138991435333437039e+02 1.288320429339898681e+02
3.919999999999999929e+00 1.766599557806353804e+00 1.648212670218383948e+02 1.142407665743919836e+02 1.289508142651341416e+02
3.925000000000000266e+00 1.768124097392861804e+00 1.652942259039948283e+02 1.145831165379352399e+02 1.290693837160739577e+02
3.930000000000000160e+00 1.769653583181507006e+00 1.657680649560227835e+02 1.149261876697554783e+02 1.291879113781006652e+02
3.935000000000000053e+00 1.771188081583099816e+00 1.662427904850273706e+02 1.152699859519461540e+02 1.293065026564732705e+02
3.939999999999999947e+00 1.772727659631656794e+00 1.667184095842385432e+02 1.156145084566261261e+02 1.294252769451799168e+02
3.945000000000000284e+00 1.774272384990179141e+00 1.671949216721349671e+02 1.159597622595338038e+02 1.295443711742858284e+02
3.950000000000000178e+00 1.775822325956536885e+00 1.676723289531394698e+02 1.163057435258893406e+02 1.296638976346454228e+02
3.955000000000000071e+00 1.777377551469432548e+00 1.681506392947950133e+02 1.166524629344716146e+02 1.297840118698397021e+02
3.959999999999999964e+00 1.778938131114458976e+00 1.686298570868308673e+02 1.169999190931299893e+02 1.299048197802865729e+02
3.965000000000000302e+00 1.780504135130244192e+00 1.691099774468635246e+02 1.173481029489743150e+02 1.300264432697691745e+02
3.970000000000000195e+00 1.782075634414699072e+00 1.695910201467630429e+02 1.176970401022908135e+02 1.301490307596342006e+02
3.975000000000000089e+00 1.783652700531359159e+00 1.700729794823975851e+02 1.180467141328049081e+02 1.302726943927938521e+02
3.979999999999999982e+00 1.785235405715812629e+00 1.705558590832600601e+02 1.183971311540163214e+02 1.303975861252805828e+02
3.984999999999999876e+00 1.786823822882243729e+00 1.710396711196355284e+02 1.187483064682070619e+02 1.305238494531679123e+02
3.990000000000000213e+00 1.788418025630066133e+00 1.715244202493862247e+02 1.191002289164229637e+02 1.306515690324609693e+02
3.995000000000000107e+00 1.790018088250662442e+00 1.720101019196007144e+02 1.194529048520728907e+02 1.307809218559941939e+02
4.000000000000000000e+00 1.791624085734228267e+00 1.724967317803781555e+02 1.198063422276967316e+02 1.309120278033936984e+02
