% raindrop T-matrix calculations using the code of Leinonen, J., "Python code for T-matrix scattering calculations". Available at https://github.com/jleinonen/pytmatrix/. 
% 
% refractive index calculations after Ray, P., 1972:  Broadband Complex Refractive Indices of Ice and Water, Appl. Opt. 11, 1836-1844 
% 
% raindrop aspect ratio estimated with the methodology of Brandes, Edward & Zhang, Guifu & Vivekanandan, Jothiram. (2005). Corrigendum. Journal of Applied Meteorology. 44. 186-. 10.1175/1520-0450(2005)44<186:C>2.0.CO;2. 
% 
% wave length: 3.189281 mm 
% temperature: 303.15 K 
% refractive index: 3.677276611328125000e+00 + 2.194386243820190430e+00 i 
% 
%r_eqv[mm]               axial ratio              ext[mm2]                 sca[mm2]                 back[mm2]
5.000000000000000104e-03 9.999900000999989436e-01 3.996519804928318708e-07 1.681659444021280311e-12 2.522273254762024435e-12
1.000000000000000021e-02 9.999900000999989436e-01 3.202427780098178329e-06 1.076594013146948569e-10 1.614338177911638293e-10
1.499999999999999944e-02 9.999900000999989436e-01 1.083786288791217632e-05 1.226936908322847252e-09 1.838988948406226189e-09
2.000000000000000042e-02 9.999900000999989436e-01 2.578943591973836233e-05 6.898678042120689631e-09 1.033387649260198323e-08
2.500000000000000139e-02 9.999900000999989436e-01 5.062355771993296672e-05 2.634058463231308339e-08 3.942665258172312479e-08
2.999999999999999889e-02 9.999900000999989436e-01 8.802017678960491541e-05 7.874087378542331035e-08 1.177494796293557583e-07
3.500000000000000333e-02 9.999900000999989436e-01 1.408051827304842316e-04 1.988181779294644276e-07 2.969866832171499184e-07
4.000000000000000083e-02 9.999900000999989436e-01 2.119846890048153281e-04 4.436805116594141045e-07 6.619146955847333267e-07
4.499999999999999833e-02 9.999900000999989436e-01 3.047815511064434204e-04 9.010223596001831265e-07 1.342293953342260210e-06
5.000000000000000278e-02 9.999900000999989436e-01 4.226740446324018315e-04 1.698704551478399790e-06 2.526626283939388579e-06
5.500000000000000028e-02 9.999900000999989436e-01 5.694371598390155073e-04 3.015771299703123491e-06 4.477798939352094017e-06
5.999999999999999778e-02 9.999900000999989436e-01 7.491864268986040245e-04 5.094966953825323711e-06 7.550642426550309391e-06
6.500000000000000222e-02 9.999900000999989436e-01 9.664246320370335113e-04 8.256815036604365837e-06 1.221142390244892172e-05
7.000000000000000666e-02 9.999900000999989436e-01 1.226091611566026670e-03 1.291535174794848592e-05 1.905933787439175925e-05
7.499999999999999722e-02 9.999900000999989436e-01 1.533617151350310679e-03 1.959558012714962801e-05 2.885001393057845176e-05
8.000000000000000167e-02 9.999900000999989436e-01 1.894977028587961805e-03 2.895275375381854328e-05 4.252112385490602170e-05
8.500000000000000611e-02 9.999900000999989436e-01 2.316753295336513446e-03 4.179360647833133213e-05 6.122018182973960594e-05
8.999999999999999667e-02 9.999900000999989436e-01 2.806197249553070341e-03 5.909960038942413521e-05 8.633456895235378035e-05
9.500000000000000111e-02 9.999900000999989436e-01 3.371296252044117536e-03 8.205237327877944783e-05 1.195239815349640519e-04
1.000000000000000056e-01 9.999900000999989436e-01 4.020845145752739193e-03 1.120614760894099167e-04 1.627553753314830661e-04
1.049999999999999961e-01 9.999900000999989436e-01 4.764521104672782455e-03 1.507945184045416721e-04 2.183405347468801044e-04
1.100000000000000006e-01 9.999900000999989436e-01 5.612960872878890867e-03 2.002100239895969122e-04 2.889766861475963474e-04
1.150000000000000050e-01 9.999900000999989436e-01 6.577844552161400161e-03 2.625929920226740990e-04 3.777901376793918399e-04
1.199999999999999956e-01 9.999900000999989436e-01 7.671978784082266432e-03 3.405932542950124934e-04 4.883831145921440449e-04
1.250000000000000000e-01 9.999900000999989436e-01 8.909386964863881542e-03 4.372672956509895026e-04 6.248848262433262827e-04
1.300000000000000044e-01 9.999900000999989436e-01 1.030540075445125943e-02 5.561230679114589556e-04 7.920061775703760932e-04
1.350000000000000089e-01 9.999900000999989436e-01 1.187675203586303734e-02 7.011681519984964235e-04 9.950988203885101965e-04
1.400000000000000133e-01 9.999900000999989436e-01 1.364166925241707545e-02 8.769624827238288022e-04 1.240220532122624604e-03
1.449999999999999900e-01 9.999900000999989436e-01 1.561996945148126301e-02 1.088673579003275518e-03 1.534204206787593292e-03
1.499999999999999944e-01 9.999900000999989436e-01 1.783315890886077656e-02 1.342137183233655870e-03 1.884735068515241887e-03
1.549999999999999989e-01 9.999900000999989436e-01 2.030451943180837035e-02 1.643920789202987136e-03 2.300432863752357223e-03
1.600000000000000033e-01 9.999900000999989436e-01 2.305920171398327667e-02 2.001393517603088177e-03 2.790944725066006431e-03
1.650000000000000078e-01 9.999900000999989436e-01 2.612430793651627364e-02 2.422797414548516146e-03 3.367041969086331885e-03
1.700000000000000122e-01 9.999900000999989436e-01 2.952896740003096640e-02 2.917326170703508654e-03 4.040730471291908467e-03
1.750000000000000167e-01 9.999900000999989436e-01 3.330440477184174602e-02 3.495208051736055192e-03 4.825370763075026610e-03
1.799999999999999933e-01 9.999900000999989436e-01 3.748399739147861842e-02 4.167789594479092558e-03 5.735803493998711117e-03
1.849999999999999978e-01 9.999900000999989436e-01 4.210330426984967150e-02 4.947630332231408787e-03 6.788496522444393069e-03
1.900000000000000022e-01 1.000338260324268314e+00 4.720703593690812883e-02 5.850235408475293157e-03 8.004296598659543099e-03
1.950000000000000067e-01 1.000344839311130496e+00 5.282218724326678827e-02 6.887930731675199168e-03 9.398726850483131445e-03
2.000000000000000111e-01 1.000357515291503407e+00 5.899724942515677251e-02 8.078893071750452987e-03 1.099631867590180993e-02
2.050000000000000155e-01 1.000376259251188893e+00 6.577660669217091916e-02 9.441538406850063375e-03 1.282174457659853752e-02
2.099999999999999922e-01 1.000401042453005207e+00 7.320671480052969027e-02 1.099599890128699978e-02 1.490219373975196909e-02
2.149999999999999967e-01 1.000431836433301802e+00 8.133601906290592598e-02 1.276423893811102529e-02 1.726759835846400012e-02
2.200000000000000011e-01 1.000468612998516083e+00 9.021478788744732857e-02 1.477014895941297472e-02 1.995083666163976685e-02
2.250000000000000056e-01 1.000511344221778787e+00 9.989496439181284881e-02 1.703965060211008395e-02 2.298795952301976864e-02
2.300000000000000100e-01 1.000560002439564444e+00 1.104299706118232610e-01 1.960078800321314249e-02 2.641840262119354160e-02
2.350000000000000144e-01 1.000614560248383578e+00 1.218744647364449346e-01 2.248381635402147208e-02 3.028519846976716542e-02
2.399999999999999911e-01 1.000674990501522643e+00 1.342841167666648794e-01 2.572126991082612779e-02 3.463515653420357748e-02
2.449999999999999956e-01 1.000741266305821942e+00 1.477152823026585682e-01 2.934801968474742492e-02 3.951902674626014966e-02
2.500000000000000000e-01 1.000813361018499714e+00 1.622247575914163020e-01 3.340130723823108577e-02 4.499161474228249163e-02
2.550000000000000044e-01 1.000891248244015541e+00 1.778694390803494119e-01 3.792075549391255018e-02 5.111184919159086210e-02
2.600000000000000089e-01 1.000974901830975039e+00 1.947060260670324672e-01 4.294835366348681571e-02 5.794278996393384396e-02
2.650000000000000133e-01 1.001064295869075416e+00 2.127906980121223590e-01 4.852841804375383067e-02 6.555156891649775719e-02
2.700000000000000178e-01 1.001159404686088994e+00 2.321788141740793454e-01 5.470745239675291194e-02 7.400914758788848524e-02
2.750000000000000222e-01 1.001260202844886926e+00 2.529245684767930102e-01 6.153407563851944623e-02 8.339013638758313585e-02
2.800000000000000266e-01 1.001366665140501100e+00 2.750807695159425137e-01 6.905877844443536473e-02 9.377230189859626919e-02
2.850000000000000311e-01 1.001478766597222014e+00 2.986985008074043435e-01 7.733369262216950590e-02 1.052360548705632143e-01
2.899999999999999800e-01 1.001596482465736404e+00 3.238268571930301154e-01 8.641229825144582100e-02 1.178637827357187501e-01
2.949999999999999845e-01 1.001719788220298835e+00 3.505126520161098713e-01 9.634904609567569722e-02 1.317390102181094647e-01
2.999999999999999889e-01 1.001848659555939935e+00 3.788001993906691678e-01 1.071989191526522556e-01 1.469454111467695667e-01
3.049999999999999933e-01 1.001983072385710605e+00 4.087308971736817731e-01 1.190168738880409693e-01 1.635656068160580845e-01
3.099999999999999978e-01 1.002123002837959964e+00 4.403429427389865536e-01 1.318573572455642995e-01 1.816800435632948685e-01
3.150000000000000022e-01 1.002268427253648841e+00 4.736709700631596687e-01 1.457735865981681644e-01 2.013654787292807335e-01
3.200000000000000067e-01 1.002419322183694117e+00 5.087455496153506784e-01 1.608168276518692485e-01 2.226934779734345837e-01
3.250000000000000111e-01 1.002575664386349930e+00 5.455925982852809497e-01 1.770356736484250681e-01 2.457289160806550021e-01
3.300000000000000155e-01 1.002737430824617970e+00 5.842328942612605713e-01 1.944751724949667360e-01 2.705282603157555532e-01
3.350000000000000200e-01 1.002904598663692415e+00 6.246813520170040324e-01 2.131759378653277914e-01 2.971378885510834733e-01
3.400000000000000244e-01 1.003077145268434833e+00 6.669461579214480684e-01 2.331733671530821228e-01 3.255926346386069925e-01
3.450000000000000289e-01 1.003255048200880628e+00 7.110281217212891525e-01 2.544966438092571837e-01 3.559140546213159784e-01
3.500000000000000333e-01 1.003438285217776782e+00 7.569197031576178070e-01 2.771678953901570153e-01 3.881090575093315564e-01
3.549999999999999822e-01 1.003626834268148693e+00 8.046042169756966178e-01 3.012014045850191502e-01 4.221686705975667975e-01
3.599999999999999867e-01 1.003820673490896542e+00 8.540548957328137902e-01 3.266027301134591942e-01 4.580667935884690234e-01
3.649999999999999911e-01 1.004019781212422524e+00 9.052343777906842748e-01 3.533682043773735404e-01 4.957596534339971939e-01
3.699999999999999956e-01 1.004224135944284502e+00 9.580938229782515192e-01 3.814842837817549182e-01 5.351850708742964535e-01
3.750000000000000000e-01 1.004433716380879638e+00 1.012572618993649920e+00 4.109271965516146929e-01 5.762623379133646750e-01
3.800000000000000044e-01 1.004648501397155336e+00 1.068598191520550689e+00 4.416627657185767108e-01 6.188924044955984582e-01
3.850000000000000089e-01 1.004868470046347273e+00 1.126085826149301417e+00 4.736463642894270243e-01 6.629583537467370613e-01
3.900000000000000133e-01 1.005093601557745631e+00 1.184939046529991158e+00 5.068231466378050332e-01 7.083263712177946259e-01
3.950000000000000178e-01 1.005323875334485528e+00 1.245050443806605012e+00 5.411285892350515825e-01 7.548471070698633545e-01
4.000000000000000222e-01 1.005559270951367434e+00 1.306302193382072430e+00 5.764889732955920110e-01 8.023570953257795901e-01
4.050000000000000266e-01 1.005799768152698448e+00 1.368567447792731873e+00 6.128224627629715870e-01 8.506810304963405844e-01
4.100000000000000311e-01 1.006045346850164002e+00 1.431711880814561244e+00 6.500401066597409905e-01 8.996337521007040650e-01
4.150000000000000355e-01 1.006295987120720881e+00 1.495595079307135311e+00 6.880470078182782112e-01 9.490226529820351420e-01
4.199999999999999845e-01 1.006551669204517108e+00 1.560072969530615916e+00 7.267437119089007469e-01 9.986500456653427671e-01
4.249999999999999889e-01 1.006812373502834479e+00 1.624999311984232531e+00 7.660280367949834357e-01 1.048316563754212005e+00
4.299999999999999933e-01 1.007078080576055967e+00 1.690228061723922481e+00 8.057959826563496630e-01 1.097822468457460010e+00
4.349999999999999978e-01 1.007348771141657329e+00 1.755615150417226822e+00 8.459438131661489724e-01 1.146971314296559852e+00
4.400000000000000022e-01 1.007624426072219359e+00 1.821020962544257937e+00 8.863693030754316027e-01 1.195571618584528428e+00
4.450000000000000067e-01 1.007905026393466796e+00 1.886312027405208980e+00 9.269730729474301434e-01 1.243438765026736670e+00
4.500000000000000111e-01 1.008190553282325652e+00 1.951362501031649099e+00 9.676602409868525490e-01 1.290397685988030396e+00
4.550000000000000155e-01 1.008480988065006079e+00 2.016055764902691116e+00 1.008340998120313081e+00 1.336283251066628264e+00
4.600000000000000200e-01 1.008776312215104998e+00 2.080285779044182437e+00 1.048932004581510480e+00 1.380942220884379568e+00
4.650000000000000244e-01 1.009076507351731156e+00 2.143957879865440841e+00 1.089357064908830885e+00 1.424233858674121445e+00
4.700000000000000289e-01 1.009381555237651273e+00 2.206989425305982966e+00 1.129547460847282192e+00 1.466030167544644325e+00
4.750000000000000333e-01 1.009691437777457068e+00 2.269310401002500477e+00 1.169442709163944327e+00 1.506216403305919549e+00
4.799999999999999822e-01 1.010006137015752481e+00 2.330863162931750221e+00 1.208990360128808339e+00 1.544690721286019031e+00
4.849999999999999867e-01 1.010325635135361333e+00 2.391602543171049700e+00 1.248146437729467539e+00 1.581364449418718898e+00
4.899999999999999911e-01 1.010649914455556075e+00 2.451495491017984474e+00 1.286874632015913233e+00 1.616160113606158522e+00
4.949999999999999956e-01 1.010978957430304748e+00 2.510520665332370172e+00 1.325146914951180088e+00 1.649012592161437141e+00
5.000000000000000000e-01 1.011312746646537475e+00 2.568667414094682133e+00 1.362942340699951904e+00 1.679866518814741916e+00
5.050000000000000044e-01 1.011651264822433394e+00 2.625935351200363144e+00 1.400247037220265556e+00 1.708676836528226106e+00
5.100000000000000089e-01 1.011994494805724676e+00 2.682333429149316828e+00 1.437053568532054681e+00 1.735406706359299944e+00
5.150000000000000133e-01 1.012342419572020980e+00 2.737878790476542257e+00 1.473360423770603944e+00 1.760027420094049555e+00
5.200000000000000178e-01 1.012695022223150554e+00 2.792596142455608277e+00 1.509170994145536904e+00 1.782516239374918099e+00
5.250000000000000222e-01 1.013052285985520662e+00 2.846516816952194606e+00 1.544493828503886723e+00 1.802857284102245661e+00
5.300000000000000266e-01 1.013414194208494434e+00 2.899677830850729165e+00 1.579341365724638679e+00 1.821039066376350712e+00
5.350000000000000311e-01 1.013780730362787486e+00 2.952120679334416131e+00 1.613729352599533318e+00 1.837054431273969834e+00
5.400000000000000355e-01 1.014151878038878962e+00 3.003891288786566971e+00 1.647676820413693344e+00 1.850899942678358778e+00
5.450000000000000400e-01 1.014527620945441466e+00 3.055038679912998933e+00 1.681205222327191606e+00 1.862575246688353170e+00
5.500000000000000444e-01 1.014907942907788518e+00 3.105614375403596750e+00 1.714337990558620239e+00 1.872082286417960706e+00
5.550000000000000488e-01 1.015292827866336012e+00 3.155672077612712290e+00 1.747100329752760084e+00 1.879425246771636138e+00
5.600000000000000533e-01 1.015682259875082316e+00 3.205266858351266901e+00 1.779518844678128708e+00 1.884610571415834102e+00
5.650000000000000577e-01 1.016076223100103704e+00 3.254454924759032419e+00 1.811621015456245987e+00 1.887645748802544876e+00
5.700000000000000622e-01 1.016474701818065096e+00 3.303292716415019203e+00 1.843434872680917991e+00 1.888539826840052172e+00
5.750000000000000666e-01 1.016877680414747243e+00 3.351837263821262347e+00 1.874989306010525159e+00 1.887303719581007178e+00
5.799999999999999600e-01 1.017285143383589441e+00 3.400145263877559998e+00 1.906313236792740673e+00 1.883949221910289573e+00
5.849999999999999645e-01 1.017697075324246692e+00 3.448273455854371505e+00 1.937436222496273786e+00 1.878490471544733698e+00
5.899999999999999689e-01 1.018113460941162618e+00 3.496277588225003896e+00 1.968387173040909710e+00 1.870941995626233867e+00
5.949999999999999734e-01 1.018534285042156151e+00 3.544213125124691555e+00 1.999195586460531082e+00 1.861321410498071760e+00
5.999999999999999778e-01 1.018959532537025314e+00 3.592134322062674912e+00 2.029890211107675757e+00 1.849646876644208904e+00
6.049999999999999822e-01 1.019389188436160998e+00 3.640095192691037429e+00 2.060500577588940896e+00 1.835940220643133447e+00
6.099999999999999867e-01 1.019823237849180497e+00 3.688147646953897851e+00 2.091054748314022937e+00 1.820224213947923442e+00
6.149999999999999911e-01 1.020261665983570154e+00 3.736343759319123325e+00 2.121581854442387005e+00 1.802525687832128964e+00
6.199999999999999956e-01 1.020704458143344873e+00 3.784733279094452119e+00 2.152109541336082899e+00 1.782873146339876147e+00
6.250000000000000000e-01 1.021151599727719406e+00 3.833365539382358023e+00 2.182666096719763082e+00 1.761299091024914887e+00
6.300000000000000044e-01 1.021603076229795626e+00 3.882288694591717437e+00 2.213279310507207942e+00 1.737839237221162625e+00
6.350000000000000089e-01 1.022058873235258902e+00 3.931548776876096607e+00 2.243975918468912756e+00 1.712532448388477180e+00
6.400000000000000133e-01 1.022518976421092685e+00 3.981191892363440843e+00 2.274783943325225710e+00 1.685423056207053571e+00
6.450000000000000178e-01 1.022983371554301524e+00 4.031261670943926845e+00 2.305729815546849970e+00 1.656558569013045767e+00
6.500000000000000222e-01 1.023452044490649859e+00 4.081801362025801794e+00 2.336840449991331337e+00 1.625991398532392385e+00
6.550000000000000266e-01 1.023924981173411908e+00 4.132852036054228684e+00 2.368141961894400183e+00 1.593778669834656991e+00
6.600000000000000311e-01 1.024402167632133542e+00 4.184454161700701391e+00 2.399660537326656407e+00 1.559982335272791065e+00
6.650000000000000355e-01 1.024883589981409493e+00 4.236646392527372740e+00 2.431422307618211320e+00 1.524670687203574682e+00
6.700000000000000400e-01 1.025369234419667430e+00 4.289466029541721070e+00 2.463452425376672306e+00 1.487915943027251719e+00
6.750000000000000444e-01 1.025859087227968924e+00 4.342949119522594437e+00 2.495776361203885685e+00 1.449796909366426911e+00
6.800000000000000488e-01 1.026353134768820174e+00 4.397130008137827062e+00 2.528419128922350545e+00 1.410398260470428822e+00
6.850000000000000533e-01 1.026851363484993174e+00 4.452041401235196538e+00 2.561404996894792063e+00 1.369809815018160348e+00
6.900000000000000577e-01 1.027353759898360641e+00 4.507714346455963472e+00 2.594757981849162398e+00 1.328127995107209802e+00
6.950000000000000622e-01 1.027860310608740946e+00 4.564179203655661432e+00 2.628502381595453574e+00 1.285455190254155333e+00
7.000000000000000666e-01 1.028371002292754355e+00 4.621463508725793368e+00 2.662660844478715205e+00 1.241900176088049701e+00
7.049999999999999600e-01 1.028885821702690384e+00 4.679592937473766590e+00 2.697256219510677511e+00 1.197576320166979791e+00
7.099999999999999645e-01 1.029404755665387139e+00 4.738592300051352346e+00 2.732310739327939331e+00 1.152604935446313705e+00
7.149999999999999689e-01 1.029927791081118427e+00 4.798483511193988527e+00 2.767845303918256672e+00 1.107111605820471301e+00
7.199999999999999734e-01 1.030454914922495746e+00 4.859286998580581773e+00 2.803880731481677380e+00 1.061228953207369763e+00
7.249999999999999778e-01 1.030986114233377604e+00 4.921021229112128026e+00 2.840436960218374551e+00 1.015094545500587087e+00
7.299999999999999822e-01 1.031521376127789047e+00 4.983701915195229759e+00 2.877532606862064579e+00 9.688513436664708545e-01
7.349999999999999867e-01 1.032060687788854958e+00 5.047343377523146657e+00 2.915185864115978021e+00 9.226476958760839731e-01
7.399999999999999911e-01 1.032604036467738684e+00 5.111957118652562748e+00 2.953413761279688909e+00 8.766364872065103286e-01
7.449999999999999956e-01 1.033151409482594651e+00 5.177552430974382780e+00 2.992231766880196542e+00 8.309747323431647681e-01
7.500000000000000000e-01 1.033702794217528753e+00 5.244135973555343888e+00 3.031654429621822189e+00 7.858239879752757506e-01
7.550000000000000044e-01 1.034258178121568061e+00 5.311712278219048677e+00 3.071694981716434292e+00 7.413488344677960917e-01
7.600000000000000089e-01 1.034817548707643198e+00 5.380283628807405627e+00 3.112365920467582203e+00 6.977175513120533745e-01
7.650000000000000133e-01 1.035380893551575587e+00 5.449848857164571569e+00 3.153677051261236652e+00 6.550999224044455893e-01
7.700000000000000178e-01 1.035948200291078702e+00 5.520405072646460631e+00 3.195637557404091389e+00 6.136680082723225960e-01
7.750000000000000222e-01 1.036519456624765523e+00 5.591946796977447676e+00 3.238255430307272587e+00 5.735957258317714302e-01
7.800000000000000266e-01 1.037094650311166655e+00 5.664465370882568962e+00 3.281535666820159403e+00 5.350560483706994219e-01
7.850000000000000311e-01 1.037673769167756666e+00 5.737950256705324215e+00 3.325483286783351922e+00 4.982234140810322676e-01
7.900000000000000355e-01 1.038256801069989743e+00 5.812387898805762454e+00 3.370100200446861649e+00 4.632702176453147302e-01
7.950000000000000400e-01 1.038843733950345127e+00 5.887762553422826173e+00 3.415387414282578415e+00 4.303675302824034321e-01
8.000000000000000444e-01 1.039434555797379867e+00 5.964056131116755921e+00 3.461344100801404089e+00 3.996841341081864840e-01
8.050000000000000488e-01 1.040029254654790458e+00 6.041247877311947789e+00 3.507967200402230645e+00 3.713852221384378871e-01
8.100000000000000533e-01 1.040627818620484257e+00 6.119314936652435755e+00 3.555252483527791441e+00 3.456322638566541317e-01
8.150000000000000577e-01 1.041230235845658436e+00 6.198232816971613879e+00 3.603193784937380073e+00 3.225817120310866537e-01
8.200000000000000622e-01 1.041836494533886492e+00 6.277973646226298499e+00 3.651782687640562131e+00 3.023845401630705920e-01
8.250000000000000666e-01 1.042446582940215416e+00 6.358509386149443721e+00 3.701010161038337909e+00 2.851854865086341784e-01
8.300000000000000711e-01 1.043060489370268407e+00 6.439808964654482715e+00 3.750864564386824362e+00 2.711217360916047259e-01
8.349999999999999645e-01 1.043678202179357140e+00 6.521840413763036359e+00 3.801333215283173583e+00 2.603229784775591971e-01
8.399999999999999689e-01 1.044299709771603135e+00 6.604569889809102534e+00 3.852401483044725072e+00 2.529104223414783137e-01
8.449999999999999734e-01 1.044925000599063569e+00 6.687963026833726232e+00 3.904054016952175576e+00 2.489960256858455845e-01
8.499999999999999778e-01 1.045554063160868408e+00 6.771983922861437577e+00 3.956273668909194630e+00 2.486821554645142762e-01
8.549999999999999822e-01 1.046186886002363758e+00 6.856595820368304395e+00 4.009041864222250950e+00 2.520605867864986194e-01
8.599999999999999867e-01 1.046823457714263217e+00 6.941761649621422059e+00 4.062339086683651956e+00 2.592126317254377921e-01
8.649999999999999911e-01 1.047463766931806317e+00 7.027443913197843450e+00 4.116145169967918349e+00 2.702084789664793707e-01
8.699999999999999956e-01 1.048107802333925420e+00 7.113604478644663942e+00 4.170438505004141483e+00 2.851064705217827844e-01
8.750000000000000000e-01 1.048755552642418598e+00 7.200206357192408646e+00 4.225197209772499463e+00 3.039534762402386625e-01
8.800000000000000044e-01 1.049407006621131844e+00 7.287211184467916603e+00 4.280398157210633769e+00 3.267843189173299523e-01
8.850000000000000089e-01 1.050062153075147497e+00 7.374582859727568440e+00 4.336018674545286444e+00 3.536213790902696386e-01
8.900000000000000133e-01 1.050720980849978670e+00 7.462284588240220451e+00 4.392034876242166597e+00 3.844747832242956798e-01
8.950000000000000178e-01 1.051383478830772988e+00 7.550280809352327260e+00 4.448423104275406992e+00 4.193428267404260557e-01
9.000000000000000222e-01 1.052049635941522787e+00 7.638537163543674957e+00 4.505159092723396874e+00 4.582106618188741542e-01
9.050000000000000266e-01 1.052719441144281065e+00 7.727020550152219336e+00 4.562219302486575145e+00 5.010524790327010036e-01
9.100000000000000311e-01 1.053392883438386107e+00 7.815699422238203908e+00 4.619580532234140335e+00 5.478294008759774236e-01
9.150000000000000355e-01 1.054069951859691656e+00 7.904543001573482996e+00 4.677218758597532222e+00 5.984916743967744202e-01
9.200000000000000400e-01 1.054750635479804632e+00 7.993523171730690713e+00 4.735111805076225977e+00 6.529769802115218402e-01
9.250000000000000444e-01 1.055434923405329073e+00 8.082612891249622677e+00 4.793236837835546993e+00 7.112131628996437582e-01
9.300000000000000488e-01 1.056122804777117841e+00 8.171787000502666487e+00 4.851571958153192199e+00 7.731163534706634310e-01
9.350000000000000533e-01 1.056814268769528553e+00 8.261023531885122395e+00 4.910097349406808753e+00 8.385922133646277477e-01
9.400000000000000577e-01 1.057509304589689725e+00 8.350301298767215386e+00 4.968792310998028761e+00 9.075374360014916153e-01
9.450000000000000622e-01 1.058207901476769797e+00 8.439601871720219251e+00 5.027638228611490234e+00 9.798377083618780015e-01
9.500000000000000666e-01 1.058910048701254603e+00 8.528908608013567871e+00 5.086616380258178083e+00 1.055370887389032175e+00
9.550000000000000711e-01 1.059615735564230832e+00 8.618207831904298288e+00 5.145710573623846429e+00 1.134005702370886493e+00
9.599999999999999645e-01 1.060324951396675930e+00 8.707487755773628990e+00 5.204904781880452802e+00 1.215603059568372890e+00
9.649999999999999689e-01 1.061037685558753330e+00 8.796738620948058696e+00 5.264184712383439546e+00 1.300016513282388653e+00
9.699999999999999734e-01 1.061753927439116119e+00 8.885955051347169231e+00 5.323536137641940336e+00 1.387095788940555519e+00
9.749999999999999778e-01 1.062473666454213594e+00 8.975128991780120913e+00 5.382948684741027279e+00 1.476674315518411884e+00
9.799999999999999822e-01 1.063196892047607145e+00 9.064258854094246587e+00 5.442410653345116422e+00 1.568587950670348174e+00
9.849999999999999867e-01 1.063923593689290348e+00 9.153344431134865289e+00 5.501913249105087722e+00 1.662666299939226100e+00
9.899999999999999911e-01 1.064653760875015509e+00 9.242387464542288100e+00 5.561448208951608407e+00 1.758732697101869524e+00
9.949999999999999956e-01 1.065387383125626419e+00 9.331391408108972385e+00 5.621009184717911111e+00 1.856605676844791608e+00
1.000000000000000000e+00 1.066124449986396217e+00 9.420362237455680798e+00 5.680590736978391675e+00 1.956100616288913630e+00
1.005000000000000115e+00 1.066864951026373021e+00 9.509316275501111804e+00 5.740197897927225235e+00 2.057026092994216793e+00
1.010000000000000009e+00 1.067608875837728233e+00 9.598254921671520279e+00 5.799819899982566085e+00 2.159193815566127217e+00
1.015000000000000124e+00 1.068356214035114826e+00 9.687189422454066445e+00 5.859455254880653996e+00 2.262410248502424004e+00
1.020000000000000018e+00 1.069106955255026969e+00 9.776132358857571703e+00 5.919103910359512888e+00 2.366478964633246029e+00
1.024999999999999911e+00 1.069861089155168976e+00 9.865098702304926803e+00 5.978767269113346217e+00 2.471202022900129691e+00
1.030000000000000027e+00 1.070618605413826918e+00 9.954104056171823700e+00 6.038447401557101912e+00 2.576380033823463922e+00
1.034999999999999920e+00 1.071379493729249344e+00 1.004316671245937975e+01 6.098148783814893115e+00 2.681813110739150297e+00
1.040000000000000036e+00 1.072143743819029771e+00 1.013230450049998232e+01 6.157875347458607429e+00 2.787299717465451909e+00
1.044999999999999929e+00 1.072911345419497398e+00 1.022153766721407742e+01 6.217633395709312616e+00 2.892639411150380813e+00
1.050000000000000044e+00 1.073682288285112474e+00 1.031088725265839834e+01 6.277429821950169853e+00 2.997631294109556421e+00
1.054999999999999938e+00 1.074456562187866782e+00 1.040037526575724591e+01 6.337272572933673409e+00 3.102074960150445371e+00
1.060000000000000053e+00 1.075234156916690775e+00 1.049002391131300094e+01 6.397169944327386837e+00 3.205769632175831774e+00
1.064999999999999947e+00 1.076015062276864054e+00 1.057985714949959544e+01 6.457132148760704737e+00 3.308517982927267287e+00
1.070000000000000062e+00 1.076799268089433603e+00 1.066989954509009841e+01 6.517170300143424022e+00 3.410123300801458424e+00
1.074999999999999956e+00 1.077586764190635593e+00 1.076017493788580559e+01 6.577294605304731867e+00 3.510388615547327618e+00
1.080000000000000071e+00 1.078377540431322945e+00 1.085070843688585995e+01 6.637517160989697018e+00 3.609122130781146520e+00
1.084999999999999964e+00 1.079171586676399119e+00 1.094152604984410182e+01 6.697851316237526831e+00 3.706134111550673627e+00
1.090000000000000080e+00 1.079968892804255898e+00 1.103265297755559970e+01 6.758310180215959306e+00 3.801235926489236583e+00
1.094999999999999973e+00 1.080769448706216718e+00 1.112411475532785587e+01 6.818906811329710216e+00 3.894243328127310999e+00
1.100000000000000089e+00 1.081573244285985780e+00 1.121593749858143241e+01 6.879656393244994561e+00 3.984975810549867603e+00
1.104999999999999982e+00 1.082380269459101152e+00 1.130814659444304304e+01 6.940573021717646895e+00 4.073255986822760910e+00
1.110000000000000098e+00 1.083190514152395201e+00 1.140076733424724509e+01 7.001671738752324181e+00 4.158911166987370400e+00
1.114999999999999991e+00 1.084003968303457022e+00 1.149382497251050239e+01 7.062967894240837374e+00 4.241773497103160651e+00
1.120000000000000107e+00 1.084820621860102863e+00 1.158734430168115281e+01 7.124477183265692126e+00 4.321680001386139836e+00
1.125000000000000000e+00 1.085640464779849657e+00 1.168134946436989452e+01 7.186214845641425875e+00 4.398472825477669268e+00
1.130000000000000115e+00 1.086463487029394992e+00 1.177586449747181874e+01 7.248197304756051729e+00 4.472001031521938508e+00
1.135000000000000009e+00 1.087289678584100638e+00 1.187091212252007644e+01 7.310439570575790746e+00 4.542116671501808867e+00
1.140000000000000124e+00 1.088119029427482509e+00 1.196651065108988732e+01 7.372957364039063322e+00 4.608682498684459894e+00
1.145000000000000018e+00 1.088951529550704622e+00 1.206269016614374578e+01 7.435768156976445553e+00 4.671567201834181837e+00
1.150000000000000133e+00 1.089787168952079055e+00 1.215946665540595362e+01 7.498885962181144116e+00 4.730643675843289486e+00
1.155000000000000027e+00 1.090625937636568565e+00 1.225686067559508352e+01 7.562326938522430986e+00 4.785796721049817570e+00
1.159999999999999920e+00 1.091467825615297427e+00 1.235489095142995986e+01 7.626106386293471928e+00 4.836917422347028150e+00
1.165000000000000036e+00 1.092312822905064262e+00 1.245357501921073684e+01 7.690238646205054707e+00 4.883904170791137922e+00
1.169999999999999929e+00 1.093160919527861763e+00 1.255292954224757906e+01 7.754738998016376783e+00 4.926667154250963243e+00
1.175000000000000044e+00 1.094012105510399513e+00 1.265296970999613180e+01 7.819620672945061912e+00 4.965122129003465723e+00
1.179999999999999938e+00 1.094866370883633921e+00 1.275371022132994803e+01 7.884898384436134222e+00 4.999199321746279345e+00
1.185000000000000053e+00 1.095723705682299487e+00 1.285516319856431622e+01 7.950584376996038927e+00 5.028835352951888993e+00
1.189999999999999947e+00 1.096584099944449830e+00 1.295734116311277795e+01 8.016692222407836965e+00 5.053978856520283891e+00
1.195000000000000062e+00 1.097447543710998508e+00 1.306025426026481639e+01 8.083234038828647883e+00 5.074588169623713618e+00
1.199999999999999956e+00 1.098314027025267592e+00 1.316391030168362519e+01 8.150219927550603316e+00 5.090632865889075376e+00
1.205000000000000071e+00 1.099183539932540254e+00 1.326831725340048784e+01 8.217661580318090131e+00 5.102093545690712162e+00
1.209999999999999964e+00 1.100056072479618674e+00 1.337348212024089378e+01 8.285569791517662708e+00 5.108966316841359934e+00
1.215000000000000080e+00 1.100931614714385054e+00 1.347940813811174365e+01 8.353952493154970682e+00 5.111252294730126877e+00
1.219999999999999973e+00 1.101810156685369746e+00 1.358609970979452797e+01 8.422819377862079904e+00 5.108970605803695442e+00
1.225000000000000089e+00 1.102691688441321372e+00 1.369355500235869272e+01 8.492177220074026422e+00 5.102144749671500890e+00
1.229999999999999982e+00 1.103576200030784493e+00 1.380177920178460482e+01 8.562033206399803476e+00 5.090822055955450232e+00
1.235000000000000098e+00 1.104463681501680172e+00 1.391076921360847685e+01 8.632393625284045413e+00 5.075052561585242650e+00
1.239999999999999991e+00 1.105354122900890967e+00 1.402052234113643081e+01 8.703263794474825232e+00 5.054902598890230969e+00
1.245000000000000107e+00 1.106247514273852595e+00 1.413103423900711597e+01 8.774647292077391469e+00 5.030449079873108964e+00
1.250000000000000000e+00 1.107143845664148030e+00 1.424230057936927274e+01 8.846548640090787785e+00 5.001783712592381193e+00
1.255000000000000115e+00 1.108043107113107384e+00 1.435431393991976456e+01 8.918969362859130001e+00 4.969008276933045920e+00
1.260000000000000009e+00 1.108945288659413109e+00 1.446706694027344220e+01 8.991911840622091034e+00 4.932238563688787991e+00
1.265000000000000124e+00 1.109850380338708309e+00 1.458054916871392770e+01 9.065375530725416908e+00 4.891597513117868168e+00
1.270000000000000018e+00 1.110758372183210829e+00 1.469475245600344060e+01 9.139361857347049423e+00 4.847227571313542427e+00
1.275000000000000133e+00 1.111669254221331116e+00 1.480966369800605165e+01 9.213868827835408837e+00 4.799275293029591438e+00
1.280000000000000027e+00 1.112583016477296738e+00 1.492527170860986807e+01 9.288894956086750199e+00 4.747902442503546538e+00
1.284999999999999920e+00 1.113499648970778022e+00 1.504156215572790778e+01 9.364437486373489605e+00 4.693281110702915093e+00
1.290000000000000036e+00 1.114419141716522343e+00 1.515852074328415355e+01 9.440491982627179368e+00 4.635591719929291976e+00
1.294999999999999929e+00 1.115341484723989307e+00 1.527613344960658459e+01 9.517055651805609529e+00 4.575027093948883739e+00
1.300000000000000044e+00 1.116266667996994588e+00 1.539438298895090895e+01 9.594121927200662370e+00 4.511786627915974179e+00
1.304999999999999938e+00 1.117194681533353773e+00 1.551325470443511456e+01 9.671686625609273946e+00 4.446081806829068839e+00
1.310000000000000053e+00 1.118125515324534858e+00 1.563272936948246361e+01 9.749741112917703845e+00 4.378127854640717409e+00
1.314999999999999947e+00 1.119059159355313193e+00 1.575279073032504940e+01 9.828279554639205884e+00 4.308154253861557592e+00
1.320000000000000062e+00 1.119995603603431533e+00 1.587342112795313120e+01 9.907294599994269646e+00 4.236391485277311908e+00
1.324999999999999956e+00 1.120934838039265857e+00 1.599460030236437724e+01 9.986776701450583715e+00 4.163082726287434809e+00
1.330000000000000071e+00 1.121876852625492305e+00 1.611631264210897641e+01 1.006671774353738869e+01 4.088466570867037575e+00
1.334999999999999964e+00 1.122821637316764765e+00 1.623853827875035449e+01 1.014710826364757779e+01 4.012796688854249005e+00
1.340000000000000080e+00 1.123769182059389804e+00 1.636125897239296378e+01 1.022793898524324696e+01 3.936327505562081441e+00
1.344999999999999973e+00 1.124719476791012696e+00 1.648445571911621599e+01 1.030919859565690189e+01 3.859316803083928882e+00
1.350000000000000089e+00 1.125672511440304557e+00 1.660811073803758475e+01 1.039087790482625628e+01 3.782026372731514208e+00
1.354999999999999982e+00 1.126628275926654377e+00 1.673220559598412649e+01 1.047296577676153007e+01 3.704718837130128062e+00
1.360000000000000098e+00 1.127586760159866808e+00 1.685672320713035788e+01 1.055545240337517221e+01 3.627660032910354548e+00
1.364999999999999991e+00 1.128547954039863965e+00 1.698164574762384760e+01 1.063832527982205178e+01 3.551114695751030670e+00
1.370000000000000107e+00 1.129511847456391438e+00 1.710695561524612884e+01 1.072157369721957920e+01 3.475347667711423671e+00
1.375000000000000000e+00 1.130478430288730518e+00 1.723263804718122216e+01 1.080518766223760352e+01 3.400626222849353564e+00
1.380000000000000115e+00 1.131447692405412875e+00 1.735867628881681668e+01 1.088915471412638425e+01 3.327211284535035229e+00
1.385000000000000009e+00 1.132419623663941444e+00 1.748505605534613139e+01 1.097346499901284744e+01 3.255365809512992925e+00
1.390000000000000124e+00 1.133394213910515980e+00 1.761176263374463247e+01 1.105810712073872004e+01 3.185348040423878757e+00
1.395000000000000018e+00 1.134371452979762385e+00 1.773878267763350891e+01 1.114306994115250404e+01 3.117412898244724229e+00
1.400000000000000133e+00 1.135351330694467364e+00 1.786610410058356635e+01 1.122834416197305885e+01 3.051812034765274184e+00
1.405000000000000027e+00 1.136333836865317526e+00 1.799371529413167892e+01 1.131391886717999640e+01 2.988790576325460524e+00
1.409999999999999920e+00 1.137318961290643582e+00 1.812160513790489702e+01 1.139978426324100447e+01 2.928592645958535634e+00
1.415000000000000036e+00 1.138306693756168331e+00 1.824976395990129774e+01 1.148593014365924070e+01 2.871449686848347671e+00
1.419999999999999929e+00 1.139297024034760630e+00 1.837818338171865662e+01 1.157234859269655303e+01 2.817594681187705064e+00
1.425000000000000044e+00 1.140289941886192482e+00 1.850685612453744255e+01 1.165903056508280500e+01 2.767247007077296761e+00
1.429999999999999938e+00 1.141285437056903218e+00 1.863577445297275759e+01 1.174596647362130142e+01 2.720621839909230566e+00
1.435000000000000053e+00 1.142283499279765024e+00 1.876493464153163515e+01 1.183315092633210952e+01 2.677926695041919825e+00
1.439999999999999947e+00 1.143284118273856675e+00 1.889433053604167512e+01 1.192057442367125830e+01 2.639360093012154795e+00
1.445000000000000062e+00 1.144287283744239936e+00 1.902396023699454730e+01 1.200823158361212073e+01 2.605111817823498210e+00
1.449999999999999956e+00 1.145292985381740625e+00 1.915382025060176119e+01 1.209611544050980569e+01 2.575362861687474414e+00
1.455000000000000071e+00 1.146301212862736563e+00 1.928391079974293021e+01 1.218422153592169543e+01 2.550284838921021535e+00
1.459999999999999964e+00 1.147311955848947074e+00 1.941423094766908974e+01 1.227254382322793447e+01 2.530039194709713168e+00
1.465000000000000080e+00 1.148325203987230259e+00 1.954478167788172982e+01 1.236107841709035782e+01 2.514778433022990978e+00
1.469999999999999973e+00 1.149340946909383598e+00 1.967556532442456074e+01 1.244982124325727568e+01 2.504643645509834649e+00
1.475000000000000089e+00 1.150359174231948334e+00 1.980658415526077221e+01 1.253876863943606246e+01 2.499766661253936206e+00
1.479999999999999982e+00 1.151379875556021837e+00 1.993784358057529715e+01 1.262792001712979406e+01 2.500267673073318875e+00
1.485000000000000098e+00 1.152403040467071982e+00 2.006934724215456711e+01 1.271727128719835243e+01 2.506254857106943845e+00
1.489999999999999991e+00 1.153428658534756623e+00 2.020110209539884849e+01 1.280682279754122277e+01 2.517828527991413434e+00
1.495000000000000107e+00 1.154456719312749513e+00 2.033311412755256242e+01 1.289657332517970900e+01 2.535075363833361628e+00
1.500000000000000000e+00 1.155487212338569769e+00 2.046538914302536938e+01 1.298652326926104550e+01 2.558068822379180762e+00
1.505000000000000115e+00 1.156520127133416675e+00 2.059793955892528317e+01 1.307667237946318117e+01 2.586878493750754515e+00
1.510000000000000009e+00 1.157555453202008700e+00 2.073077335165770307e+01 1.316702262502960608e+01 2.621554022724811084e+00
1.515000000000000124e+00 1.158593180032429393e+00 2.086389917380070003e+01 1.325757506311735234e+01 2.662136936343905802e+00
1.520000000000000018e+00 1.159633297095975069e+00 2.099732898380824153e+01 1.334833291076010653e+01 2.708656557307191903e+00
1.525000000000000133e+00 1.160675793847010029e+00 2.113107307652655820e+01 1.343929892912690605e+01 2.761132781300918548e+00
1.530000000000000027e+00 1.161720659722826676e+00 2.126514348823340583e+01 1.353047646155942019e+01 2.819569735850888659e+00
1.535000000000000142e+00 1.162767884143507846e+00 2.139955294070525937e+01 1.362186990540833875e+01 2.883963074217331002e+00
1.540000000000000036e+00 1.163817456511797577e+00 2.153431340833891738e+01 1.371348265837966096e+01 2.954295137589214360e+00
1.544999999999999929e+00 1.164869366212974766e+00 2.166943863993088115e+01 1.380532089338980839e+01 3.030537201783506607e+00
1.550000000000000044e+00 1.165923602614732379e+00 2.180494213200275411e+01 1.389738996083043610e+01 3.112650068914070367e+00
1.554999999999999938e+00 1.166980155067061542e+00 2.194083748569639170e+01 1.398969539422985520e+01 3.200581514057629029e+00
1.560000000000000053e+00 1.168039012902141183e+00 2.207713926301703822e+01 1.408224318086302418e+01 3.294265575935306334e+00
1.564999999999999947e+00 1.169100165434231231e+00 2.221386112198260321e+01 1.417504062128370990e+01 3.393631343033479908e+00
1.570000000000000062e+00 1.170163601959574473e+00 2.235101776098585447e+01 1.426809405504051398e+01 3.498590824653318165e+00
1.574999999999999956e+00 1.171229311756297298e+00 2.248862429121600570e+01 1.436141182984144749e+01 3.609046727216237205e+00
1.580000000000000071e+00 1.172297284084322211e+00 2.262669409698656864e+01 1.445500046183601839e+01 3.724892559504217271e+00
1.584999999999999964e+00 1.173367508185281460e+00 2.276524219859360088e+01 1.454886795117668008e+01 3.846008049056831357e+00
1.590000000000000080e+00 1.174439973282435989e+00 2.290428329381221673e+01 1.464302307581828977e+01 3.972263462029917758e+00
1.594999999999999973e+00 1.175514668580601496e+00 2.304383192068718600e+01 1.473747447466648453e+01 4.103520434479671408e+00
1.600000000000000089e+00 1.176591583266077601e+00 2.318390050218186005e+01 1.483222803965499637e+01 4.239627230455971230e+00
1.604999999999999982e+00 1.177670706506583453e+00 2.332450512285320343e+01 1.492729584262082554e+01 4.380424301913693697e+00
1.610000000000000098e+00 1.178752027451198003e+00 2.346565845981164600e+01 1.502268434416317078e+01 4.525740994125937888e+00
1.614999999999999991e+00 1.179835535230304933e+00 2.360737286987734862e+01 1.511840234541633166e+01 4.675398952818286880e+00
1.620000000000000107e+00 1.180921218955544472e+00 2.374966216346841108e+01 1.521445901117236055e+01 4.829207939406588324e+00
1.625000000000000000e+00 1.182009067719768769e+00 2.389253916276332745e+01 1.531086391492472032e+01 4.986972161248278468e+00
1.630000000000000115e+00 1.183099070597002811e+00 2.403601344206390422e+01 1.540762486325704828e+01 5.148475940895174574e+00
1.635000000000000009e+00 1.184191216642411337e+00 2.418009974105998339e+01 1.550475014703531684e+01 5.313519967599301452e+00
1.640000000000000124e+00 1.185285494892271307e+00 2.432480775098134984e+01 1.560224895021998748e+01 5.481874286609608404e+00
1.645000000000000018e+00 1.186381894363947032e+00 2.447014786039414602e+01 1.570012979275682952e+01 5.653309869883587524e+00
1.650000000000000133e+00 1.187480404055874628e+00 2.461613016519577712e+01 1.579840109101727563e+01 5.827589266450520000e+00
1.655000000000000027e+00 1.188581012947548476e+00 2.476276305820156765e+01 1.589707016087129610e+01 6.004468926605742496e+00
1.660000000000000142e+00 1.189683709999514560e+00 2.491005571732183554e+01 1.599614565994903970e+01 6.183699031963319825e+00
1.665000000000000036e+00 1.190788484153369131e+00 2.505801493321144946e+01 1.609563454066477561e+01 6.365024181444121965e+00
1.669999999999999929e+00 1.191895324331762041e+00 2.520664928619736145e+01 1.619554517101541080e+01 6.548181556241578605e+00
1.675000000000000044e+00 1.193004219438406732e+00 2.535596440795712425e+01 1.629588446692117643e+01 6.732910009220792524e+00
1.679999999999999938e+00 1.194115158358093565e+00 2.550596537425268906e+01 1.639665827990724978e+01 6.918934910265769567e+00
1.685000000000000053e+00 1.195228129956711127e+00 2.565665766675853732e+01 1.649787377912892339e+01 7.105984937185595207e+00
1.689999999999999947e+00 1.196343123081270665e+00 2.580804510475422475e+01 1.659953660232364214e+01 7.293782265177966018e+00
1.695000000000000062e+00 1.197460126559938276e+00 2.596013153914849880e+01 1.670165374429319982e+01 7.482048990918420905e+00
1.699999999999999956e+00 1.198579129202069993e+00 2.611291918945378043e+01 1.680422932550042958e+01 7.670502024819649378e+00
1.705000000000000071e+00 1.199700119798254416e+00 2.626640984592238937e+01 1.690726899027921348e+01 7.858860097388981281e+00
1.709999999999999964e+00 1.200823087120360011e+00 2.642060421379092716e+01 1.701077644425062374e+01 8.046840256330476393e+00
1.715000000000000080e+00 1.201948019921588173e+00 2.657550323294390893e+01 1.711475736296529604e+01 8.234157079420484138e+00
1.719999999999999973e+00 1.203074906936531852e+00 2.673110501196041966e+01 1.721921297086858971e+01 8.420529075102688665e+00
1.725000000000000089e+00 1.204203736881238829e+00 2.688740922296311453e+01 1.732414821377672354e+01 8.605673132777354795e+00
1.729999999999999982e+00 1.205334498453282777e+00 2.704441419877290187e+01 1.742956573545005483e+01 8.789309973230494677e+00
1.735000000000000098e+00 1.206467180331836975e+00 2.720211655069588019e+01 1.753546752838375511e+01 8.971160923083528971e+00
1.739999999999999991e+00 1.207601771177756689e+00 2.736051273343146306e+01 1.764185524895303558e+01 9.150952856511162636e+00
1.745000000000000107e+00 1.208738259633664436e+00 2.751959843365944280e+01 1.774872973255796893e+01 9.328412676607385379e+00
1.750000000000000000e+00 1.209876634324042799e+00 2.767937000211593102e+01 1.785609340640102971e+01 9.503276418238193912e+00
1.755000000000000115e+00 1.211016883855332349e+00 2.783982127090144587e+01 1.796394563531005417e+01 9.675280090077489348e+00
1.760000000000000009e+00 1.212158996816034451e+00 2.800094619127878559e+01 1.807228652662114854e+01 9.844168802968322751e+00
1.765000000000000124e+00 1.213302961776821398e+00 2.816273790076568417e+01 1.818111497314655622e+01 1.000969203099749016e+01
1.770000000000000018e+00 1.214448767290650766e+00 2.832518971453360734e+01 1.829043056901261366e+01 1.017160773055637790e+01
1.775000000000000133e+00 1.215596401892885980e+00 2.848829497126255106e+01 1.840023283128826392e+01 1.032968045452743233e+01
1.780000000000000027e+00 1.216745854101423552e+00 2.865204397221931742e+01 1.851051821970983724e+01 1.048368084641141884e+01
1.785000000000000142e+00 1.217897112416823635e+00 2.881642981797295633e+01 1.862128622874497808e+01 1.063339218791155005e+01
1.790000000000000036e+00 1.219050165322449919e+00 2.898144289247531802e+01 1.873253316520983347e+01 1.077860494902647837e+01
1.794999999999999929e+00 1.220205001284612623e+00 2.914707409301378149e+01 1.884425602537991651e+01 1.091911687023650046e+01
1.800000000000000044e+00 1.221361608752716377e+00 2.931331472421949513e+01 1.895645232814550951e+01 1.105473864363960779e+01
1.804999999999999938e+00 1.222519976159418986e+00 2.948015471707816815e+01 1.906911740749420403e+01 1.118529209958040838e+01
1.810000000000000053e+00 1.223680091920789526e+00 2.964759606485825216e+01 1.918225076482876545e+01 1.131062888322857418e+01
1.814999999999999947e+00 1.224841944436477315e+00 2.981560618052110456e+01 1.929584210697808189e+01 1.143055105120295956e+01
1.820000000000000062e+00 1.226005522089884225e+00 2.998418717455034965e+01 1.940989136252281355e+01 1.154493258075338247e+01
1.824999999999999956e+00 1.227170813248343206e+00 3.015332721673441085e+01 1.952439088749714102e+01 1.165364256083907968e+01
1.830000000000000071e+00 1.228337806263303689e+00 3.032301723680511785e+01 1.963933728385703148e+01 1.175655669093743327e+01
1.834999999999999964e+00 1.229506489470522324e+00 3.049324724708691292e+01 1.975472552140852045e+01 1.185357072969983250e+01
1.840000000000000080e+00 1.230676851190258825e+00 3.066400756222659396e+01 1.987055031362999102e+01 1.194458917789331487e+01
1.844999999999999973e+00 1.231848879727479362e+00 3.083528780790686952e+01 1.998680477502723107e+01 1.202952925382397531e+01
1.850000000000000089e+00 1.233022563372064173e+00 3.100707877383367261e+01 2.010348476569119924e+01 1.210832315325709274e+01
1.854999999999999982e+00 1.234197890399023168e+00 3.117937144018392104e+01 2.022058414217306321e+01 1.218091724474227000e+01
1.860000000000000098e+00 1.235374849068715752e+00 3.135215624131666701e+01 2.033809653432455633e+01 1.224727134627303826e+01
1.864999999999999991e+00 1.236553427627077095e+00 3.152542437811214171e+01 2.045601713083623352e+01 1.230735549472198720e+01
1.870000000000000107e+00 1.237733614305851271e+00 3.169916793096311025e+01 2.057433972188658799e+01 1.236115863426634220e+01
1.875000000000000000e+00 1.238915397322829737e+00 3.187337768133057025e+01 2.069305768636317566e+01 1.240868263900733304e+01
1.880000000000000115e+00 1.240098764882095139e+00 3.204804692669881661e+01 2.081216660904167526e+01 1.244994086818187995e+01
1.885000000000000009e+00 1.241283705174272667e+00 3.222316785847928600e+01 2.093165921074546887e+01 1.248495995711206064e+01
1.890000000000000124e+00 1.242470206376787178e+00 3.239873458956932240e+01 2.105153165732685849e+01 1.251378403067935885e+01
1.895000000000000018e+00 1.243658256654124994e+00 3.257473933114438580e+01 2.117177719919117251e+01 1.253646760992213416e+01
1.900000000000000133e+00 1.244847844158103012e+00 3.275117767904919219e+01 2.129239136959817102e+01 1.255308068092865170e+01
1.905000000000000027e+00 1.246038957028144711e+00 3.292805962149978427e+01 2.141337115545014314e+01 1.256367466945526701e+01
1.910000000000000142e+00 1.247231583391559262e+00 3.310534946674732737e+01 2.153470657183988379e+01 1.256840577836643114e+01
1.915000000000000036e+00 1.248425711363831514e+00 3.328305816815499441e+01 2.165639438354759960e+01 1.256735194231871056e+01
1.919999999999999929e+00 1.249621329048912655e+00 3.346118263056450104e+01 2.177843188952678588e+01 1.256063453951185593e+01
1.925000000000000044e+00 1.250818424539521745e+00 3.363971931675549598e+01 2.190081346696481290e+01 1.254838870765049030e+01
1.929999999999999938e+00 1.252016985917450365e+00 3.381866623115278969e+01 2.202353590278727324e+01 1.253075793023125684e+01
1.935000000000000053e+00 1.253217001253874363e+00 3.399802078650203185e+01 2.214659432733906286e+01 1.250790053182369910e+01
1.939999999999999947e+00 1.254418458609672937e+00 3.417778167027231717e+01 2.226998505770137271e+01 1.247998545724685648e+01
1.945000000000000062e+00 1.255621346035752151e+00 3.435794945997437821e+01 2.239370679173966039e+01 1.244719330107209920e+01
1.949999999999999956e+00 1.256825651573374891e+00 3.453852509750714717e+01 2.251775524514835780e+01 1.240971861146393174e+01
1.955000000000000071e+00 1.258031363254499713e+00 3.471950631040132151e+01 2.264212848256142507e+01 1.236775277365746817e+01
1.959999999999999964e+00 1.259238469102119673e+00 3.490089511887262574e+01 2.276682331935256798e+01 1.232151398429162725e+01
1.965000000000000080e+00 1.260446957130616275e+00 3.508269341044238843e+01 2.289183831285467363e+01 1.227122049418663963e+01
1.969999999999999973e+00 1.261656815346111182e+00 3.526490395648740872e+01 2.301717206198357957e+01 1.221710337590233308e+01
1.975000000000000089e+00 1.262868031746829489e+00 3.544753007712069603e+01 2.314282378445841459e+01 1.215939825002971908e+01
1.979999999999999982e+00 1.264080594323466533e+00 3.563057391971982213e+01 2.326879099769714543e+01 1.209835654758160928e+01
1.985000000000000098e+00 1.265294491059563597e+00 3.581404084318758407e+01 2.339507536492854811e+01 1.203422853776705992e+01
1.989999999999999991e+00 1.266509709931886274e+00 3.599793394059746987e+01 2.352167495205199543e+01 1.196727758839815614e+01
1.995000000000000107e+00 1.267726238910813485e+00 3.618225959443942941e+01 2.364859140423111228e+01 1.189777292229649674e+01
2.000000000000000000e+00 1.268944065960727619e+00 3.636702249078355464e+01 2.377582415308466324e+01 1.182598674841331388e+01
2.004999999999999893e+00 1.270163179040415979e+00 3.655222879707240935e+01 2.390337440158495497e+01 1.175220157658127107e+01
2.010000000000000231e+00 1.271383566103475360e+00 3.673788404648234973e+01 2.403124308801071862e+01 1.167670413727261902e+01
2.015000000000000124e+00 1.272605215098723486e+00 3.692399614803439789e+01 2.415943238037734631e+01 1.159978287238755001e+01
2.020000000000000018e+00 1.273828113970618237e+00 3.711057064017392548e+01 2.428794330195728790e+01 1.152173255423685738e+01
2.024999999999999911e+00 1.275052250659680864e+00 3.729761747811884476e+01 2.441677989637103963e+01 1.144285379964768978e+01
2.030000000000000249e+00 1.276277613102927866e+00 3.748514150590859373e+01 2.454594194255596662e+01 1.136344902148054103e+01
2.035000000000000142e+00 1.277504189234306420e+00 3.767315244765070759e+01 2.467543437740935985e+01 1.128381990265910062e+01
2.040000000000000036e+00 1.278731966985139357e+00 3.786165770178755707e+01 2.480525873541536797e+01 1.120427481991417018e+01
2.044999999999999929e+00 1.279960934284574359e+00 3.805066576907825038e+01 2.493541916872523245e+01 1.112512436526228576e+01
2.049999999999999822e+00 1.281191079060038929e+00 3.824018581108765602e+01 2.506591962526821504e+01 1.104667525321417898e+01
2.055000000000000160e+00 1.282422389237703575e+00 3.843022644222697437e+01 2.519676320270407643e+01 1.096923683428577867e+01
2.060000000000000053e+00 1.283654852742951435e+00 3.862079623113289273e+01 2.532795373755819668e+01 1.089312030094113659e+01
2.064999999999999947e+00 1.284888457500850345e+00 3.881190419821117388e+01 2.545949643715029254e+01 1.081863596210812872e+01
2.069999999999999840e+00 1.286123191436637780e+00 3.900355982964447321e+01 2.559139534800531379e+01 1.074609354965935815e+01
2.075000000000000178e+00 1.287359042476205584e+00 3.919577169059606803e+01 2.572365494054774260e+01 1.067579461615535585e+01
2.080000000000000071e+00 1.288595998546594679e+00 3.938854875739805550e+01 2.585627983629452942e+01 1.060804890930404021e+01
2.084999999999999964e+00 1.289834047576496001e+00 3.958190039826938289e+01 2.598927482359508900e+01 1.054315552794764699e+01
2.089999999999999858e+00 1.291073177496757207e+00 3.977583545577040525e+01 2.612264584477400575e+01 1.048141464095352404e+01
2.095000000000000195e+00 1.292313376240894485e+00 3.997036683835141702e+01 2.625639672893206011e+01 1.042315455466579976e+01
2.100000000000000089e+00 1.293554631745612582e+00 4.016549369063448438e+01 2.639053269796901091e+01 1.036859597374062147e+01
2.104999999999999982e+00 1.294796931951329721e+00 4.036123115412346607e+01 2.652506165502673241e+01 1.031806485085972191e+01
2.109999999999999876e+00 1.296040264802710951e+00 4.055758574471058608e+01 2.665998651990302903e+01 1.027183580805852614e+01
2.115000000000000213e+00 1.297284618249205046e+00 4.075456596310100821e+01 2.679531345416974375e+01 1.023018140435089940e+01
2.120000000000000107e+00 1.298529980245588522e+00 4.095218017747863826e+01 2.693104793865369828e+01 1.019337106273095017e+01
2.125000000000000000e+00 1.299776338752518745e+00 4.115043528266038209e+01 2.706719482799899623e+01 1.016166642856880387e+01
2.129999999999999893e+00 1.301023681737088600e+00 4.134933787663230476e+01 2.720375931973051564e+01 1.013532056142650362e+01
2.135000000000000231e+00 1.302271997173391371e+00 4.154889577404899370e+01 2.734074734106818383e+01 1.011457815993022002e+01
2.140000000000000124e+00 1.303521273043090511e+00 4.174911603665977822e+01 2.747816427905092596e+01 1.009967515445484310e+01
2.145000000000000018e+00 1.304771497335994956e+00 4.195000429136399589e+01 2.761601516884272201e+01 1.009084110083484909e+01
2.149999999999999911e+00 1.306022658050641327e+00 4.215156577122569104e+01 2.775430450387212034e+01 1.008829316425026335e+01
2.155000000000000249e+00 1.307274743194883682e+00 4.235380641838742122e+01 2.789303667268216103e+01 1.009223797148069046e+01
2.160000000000000142e+00 1.308527740786487481e+00 4.255673252394359452e+01 2.803221937906792505e+01 1.010287644093495629e+01
2.165000000000000036e+00 1.309781638853730668e+00 4.276034560899713455e+01 2.817185327977612275e+01 1.012039628511720402e+01
2.169999999999999929e+00 1.311036425436011399e+00 4.296465271574395928e+01 2.831194599720292260e+01 1.014497436543451947e+01
2.175000000000000266e+00 1.312292088584462002e+00 4.316965679526260402e+01 2.845250068383701603e+01 1.017677178790890835e+01
2.180000000000000160e+00 1.313548616362568033e+00 4.337536047331905564e+01 2.859352152060496621e+01 1.021594577166022333e+01
2.185000000000000053e+00 1.314805996846795111e+00 4.358176999565652210e+01 2.873501166070011692e+01 1.026260271251421052e+01
2.189999999999999947e+00 1.316064218127219965e+00 4.378888138775795369e+01 2.887697592287776871e+01 1.031693055590497288e+01
2.194999999999999840e+00 1.317323268308171258e+00 4.399670004315011340e+01 2.901941844768520440e+01 1.037901608151349109e+01
2.200000000000000178e+00 1.318583135508872406e+00 4.420522576637247170e+01 2.916233979266362297e+01 1.044896187784337371e+01
2.205000000000000071e+00 1.319843807864092611e+00 4.441446110723829577e+01 2.930574563926307974e+01 1.052685250669466477e+01
2.209999999999999964e+00 1.321105273524805224e+00 4.462440547560640169e+01 2.944963716934219278e+01 1.061276917141306164e+01
2.214999999999999858e+00 1.322367520658849438e+00 4.483505960781709376e+01 2.959401797249990551e+01 1.070676576625662157e+01
2.220000000000000195e+00 1.323630537451601530e+00 4.504642255547950924e+01 2.973889004894092380e+01 1.080889289215453353e+01
2.225000000000000089e+00 1.324894312106648098e+00 4.525849202221633760e+01 2.988425348808022974e+01 1.091918277780462354e+01
2.229999999999999982e+00 1.326158832846469293e+00 4.547126894264038555e+01 3.003011216653939641e+01 1.103765205120323856e+01
2.234999999999999876e+00 1.327424087913126938e+00 4.568474949926911677e+01 3.017646673524522782e+01 1.116430396879366604e+01
2.240000000000000213e+00 1.328690065568957523e+00 4.589893253605202972e+01 3.032331849027895743e+01 1.129913049035541306e+01
2.245000000000000107e+00 1.329956754097271210e+00 4.611381459331595067e+01 3.047066760452745626e+01 1.144210345189195799e+01
2.250000000000000000e+00 1.331224141803060590e+00 4.632939280416977113e+01 3.061851484432425963e+01 1.159318192593464047e+01
2.254999999999999893e+00 1.332492217013710345e+00 4.654566408908854669e+01 3.076686120961608140e+01 1.175231095880503496e+01
2.260000000000000231e+00 1.333760968079716003e+00 4.676262440184692792e+01 3.091570620144902293e+01 1.191942051075912268e+01
2.265000000000000124e+00 1.335030383375409135e+00 4.698026906405933545e+01 3.106504832786168890e+01 1.209442830396827162e+01
2.270000000000000018e+00 1.336300451299685221e+00 4.719859438799598905e+01 3.121488913134071908e+01 1.227723339008321979e+01
2.274999999999999911e+00 1.337571160276742388e+00 4.741759503863519143e+01 3.136522627330808888e+01 1.246772305889155952e+01
2.280000000000000249e+00 1.338842498756821042e+00 4.763726663822976093e+01 3.151606001683452973e+01 1.266577558071891829e+01
2.285000000000000142e+00 1.340114455216953049e+00 4.785760279456262367e+01 3.166738669423612862e+01 1.287124385914563263e+01
2.290000000000000036e+00 1.341387018161716460e+00 4.807860025966686379e+01 3.181920854916785402e+01 1.308397607832297993e+01
2.294999999999999929e+00 1.342660176123993576e+00 4.830025024568884362e+01 3.197151951113744417e+01 1.330380524545809884e+01
2.300000000000000266e+00 1.343933917665737443e+00 4.852254937345378494e+01 3.212432086242115759e+01 1.353055030290313354e+01
2.305000000000000160e+00 1.345208231378743458e+00 4.874549007974319892e+01 3.227760800505917160e+01 1.376401581773239258e+01
2.310000000000000053e+00 1.346483105885426967e+00 4.896906773034961446e+01 3.243138037396956008e+01 1.400399923931576041e+01
2.314999999999999947e+00 1.347758529839606201e+00 4.919327484822297691e+01 3.258563446138526842e+01 1.425028205939863390e+01
2.319999999999999840e+00 1.349034491927291413e+00 4.941810605423916769e+01 3.274036733731429649e+01 1.450262640725694574e+01
2.325000000000000178e+00 1.350310980867478472e+00 4.964355528437231868e+01 3.289557715678500927e+01 1.476080152222990272e+01
2.330000000000000071e+00 1.351587985412951776e+00 4.986961630125766476e+01 3.305126087894349496e+01 1.502455461121731517e+01
2.334999999999999964e+00 1.352865494351088493e+00 5.009628143791585586e+01 3.320741346065718602e+01 1.529361981758094835e+01
2.339999999999999858e+00 1.354143496504671029e+00 5.032354621052651567e+01 3.336403307802502383e+01 1.556773120238954355e+01
2.345000000000000195e+00 1.355421980732705700e+00 5.055140441802734586e+01 3.352111683762799998e+01 1.584660507053451184e+01
2.350000000000000089e+00 1.356700935931243857e+00 5.077984923878621260e+01 3.367866053044161845e+01 1.612994826057086328e+01
2.354999999999999982e+00 1.357980351034212774e+00 5.100887579566175134e+01 3.383666103218128995e+01 1.641746896046864634e+01
2.359999999999999876e+00 1.359260215014249207e+00 5.123847662996661967e+01 3.399511311050804352e+01 1.670885373039224930e+01
2.365000000000000213e+00 1.360540516883539608e+00 5.146864893532256957e+01 3.415401660643235004e+01 1.700380057492832364e+01
2.370000000000000107e+00 1.361821245694665894e+00 5.169938602131881566e+01 3.431336518152858162e+01 1.730198138127645890e+01
2.375000000000000000e+00 1.363102390541456321e+00 5.193066234363618605e+01 3.447314999354910015e+01 1.760304659293245422e+01
2.379999999999999893e+00 1.364383940559842134e+00 5.216251256353179855e+01 3.463337916385940929e+01 1.790672538238557721e+01
2.385000000000000231e+00 1.365665884928720875e+00 5.239491355671885486e+01 3.479404392915211019e+01 1.821265281857771967e+01
2.390000000000000124e+00 1.366948212870820356e+00 5.262786034112106393e+01 3.495514031720624359e+01 1.852049241731666740e+01
2.395000000000000018e+00 1.368230913653576408e+00 5.286134848816120524e+01 3.511666421533345783e+01 1.882989752684721196e+01
2.399999999999999911e+00 1.369513976590007287e+00 5.309537614764975899e+01 3.527861359384030493e+01 1.914053146051138299e+01
2.405000000000000249e+00 1.370797391039600077e+00 5.332993910758908385e+01 3.544098548220971168e+01 1.945204211912167125e+01
2.410000000000000142e+00 1.372081146409197538e+00 5.356503377523067400e+01 3.560377456108236061e+01 1.976408246994454032e+01
2.415000000000000036e+00 1.373365232153893167e+00 5.380065900225820741e+01 3.576698118078272159e+01 2.007630559658883129e+01
2.419999999999999929e+00 1.374649637777930256e+00 5.403681133598058040e+01 3.593059982980221889e+01 2.038836382783657442e+01
2.425000000000000266e+00 1.375934352835608943e+00 5.427348877540385530e+01 3.609462821402451027e+01 2.069990406968596375e+01
2.430000000000000160e+00 1.377219366932191491e+00 5.451069091911531928e+01 3.625906501950484540e+01 2.101058222130651032e+01
2.435000000000000053e+00 1.378504669724822440e+00 5.474841557602845654e+01 3.642390587029031224e+01 2.132005607446382811e+01
2.439999999999999947e+00 1.379790250923445205e+00 5.498666202529629032e+01 3.658914931286751937e+01 2.162797518156142829e+01
2.444999999999999840e+00 1.381076100291728892e+00 5.522543100321495757e+01 3.675479451082713211e+01 2.193401101356764471e+01
2.450000000000000178e+00 1.382362207647998886e+00 5.546472177949593174e+01 3.692083809064060773e+01 2.223781941874857537e+01
2.455000000000000071e+00 1.383648562866170106e+00 5.570453451395862032e+01 3.708727905003008374e+01 2.253906579302600832e+01
2.459999999999999964e+00 1.384935155876690471e+00 5.594487056054654062e+01 3.725411579457284006e+01 2.283742811451464405e+01
2.464999999999999858e+00 1.386221976667483702e+00 5.618573139641451064e+01 3.742134774342058279e+01 2.313259266774580070e+01
2.470000000000000195e+00 1.387509015284901448e+00 5.642711771130028353e+01 3.758897259504486499e+01 2.342423068875869063e+01
2.475000000000000089e+00 1.388796261834676082e+00 5.666903153825874995e+01 3.775698995569423744e+01 2.371204204016779116e+01
2.479999999999999982e+00 1.390083706482882597e+00 5.691147574159636946e+01 3.792539947519448873e+01 2.399571856591676067e+01
2.484999999999999876e+00 1.391371339456903167e+00 5.715445342827106145e+01 3.809420180999731542e+01 2.427497298048862007e+01
2.490000000000000213e+00 1.392659151046396371e+00 5.739796638908639892e+01 3.826339517004848290e+01 2.454951764727671559e+01
2.495000000000000107e+00 1.393947131604270639e+00 5.764201814635430310e+01 3.843298046421142544e+01 2.481907373862680899e+01
2.500000000000000000e+00 1.395235271547664579e+00 5.788661320160807122e+01 3.860295781346857780e+01 2.508337568233417159e+01
2.504999999999999893e+00 1.396523561358930632e+00 5.813175395088164521e+01 3.877332748983435806e+01 2.534216726893039606e+01
2.510000000000000231e+00 1.397811991586621838e+00 5.837744584904614698e+01 3.894409022507318241e+01 2.559519146504485576e+01
2.515000000000000124e+00 1.399100552846486600e+00 5.862369279473412575e+01 3.911524691542020804e+01 2.584222677405430701e+01
2.520000000000000018e+00 1.400389235822465217e+00 5.887049998214192925e+01 3.928679988030347658e+01 2.608303028254695377e+01
2.524999999999999911e+00 1.401678031267691527e+00 5.911787099913463805e+01 3.945874795803110402e+01 2.631739627230691880e+01
2.530000000000000249e+00 1.402966930005501656e+00 5.936570531315701515e+01 3.963106641355457782e+01 2.654560664036383244e+01
2.535000000000000142e+00 1.404255922930439437e+00 5.961421255222236226e+01 3.980381106981310069e+01 2.676654669400282671e+01
2.540000000000000036e+00 1.405545001009279815e+00 5.986330135941768305e+01 3.997695902174203297e+01 2.698047728981627102e+01
2.544999999999999929e+00 1.406834155282040921e+00 6.011297469406998317e+01 4.015050949252045598e+01 2.718723756976269357e+01
2.550000000000000266e+00 1.408123376863012810e+00 6.036324140137110561e+01 4.032446824440876298e+01 2.738667947063239438e+01
2.555000000000000160e+00 1.409412656941783526e+00 6.061410256408680652e+01 4.049883287088069039e+01 2.757866052661926659e+01
2.560000000000000053e+00 1.410701986784272943e+00 6.086556986007121850e+01 4.067361206862986478e+01 2.776305503213122350e+01
2.564999999999999947e+00 1.411991357733769048e+00 6.111764500359258534e+01 4.084880381630659940e+01 2.793975611498466449e+01
2.569999999999999840e+00 1.413280761211968217e+00 6.137033561265078419e+01 4.102441268937376151e+01 2.810867149820575150e+01
2.575000000000000178e+00 1.414570188720020605e+00 6.162364747627239581e+01 4.120044161462122645e+01 2.826971464280413215e+01
2.580000000000000071e+00 1.415859631839580635e+00 6.187758743733083122e+01 4.137689418185897949e+01 2.842281865442297573e+01
2.584999999999999964e+00 1.417149082233858159e+00 6.213216074488030216e+01 4.155377322867406065e+01 2.856793914955846603e+01
2.589999999999999858e+00 1.418438531648677170e+00 6.238737315699228958e+01 4.173108105846256422e+01 2.870502920641132505e+01
2.595000000000000195e+00 1.419727971913536280e+00 6.264323119513949223e+01 4.190882276138313500e+01 2.883407628314563098e+01
2.600000000000000089e+00 1.421017394942674095e+00 6.289974097060329683e+01 4.208700165947208660e+01 2.895507482797097865e+01
2.604999999999999982e+00 1.422306792736138581e+00 6.315690801777441976e+01 4.226562064914708117e+01 2.906802309912664839e+01
2.609999999999999876e+00 1.423596157380858207e+00 6.341473635735069081e+01 4.244468193236023978e+01 2.917296301591548513e+01
2.615000000000000213e+00 1.424885481051721747e+00 6.367323346620676716e+01 4.262419076395935491e+01 2.926992295484063789e+01
2.620000000000000107e+00 1.426174756012655642e+00 6.393239045042068369e+01 4.280415266742909353e+01 2.935904067428220543e+01
2.625000000000000000e+00 1.427463974617710019e+00 6.419223928829396186e+01 4.298456773083397309e+01 2.944024318465922008e+01
2.629999999999999893e+00 1.428753129312145598e+00 6.445277182629787660e+01 4.316544122335850631e+01 2.951367488347388957e+01
2.635000000000000231e+00 1.430042212633526821e+00 6.471399124969538263e+01 4.334677431447795470e+01 2.957945101649900366e+01
2.640000000000000124e+00 1.431331217212814755e+00 6.497590395229941862e+01 4.352857371491766969e+01 2.963768857275242752e+01
2.645000000000000018e+00 1.432620135775467096e+00 6.523851390090555924e+01 4.371084185145016932e+01 2.968851184159288081e+01
2.649999999999999911e+00 1.433908961142540850e+00 6.550182512289389081e+01 4.389358194184792694e+01 2.973206918337989180e+01
2.655000000000000249e+00 1.435197686231796554e+00 6.576583947838585686e+01 4.407679588454492148e+01 2.976853862923723781e+01
2.660000000000000142e+00 1.436486304058808727e+00 6.603056457490023945e+01 4.426049146235872911e+01 2.979807148219320823e+01
2.665000000000000036e+00 1.437774807738079197e+00 6.629599818848086556e+01 4.444466517697268415e+01 2.982087576302578924e+01
2.669999999999999929e+00 1.439063190484150212e+00 6.656214769464176584e+01 4.462932574099873051e+01 2.983715316036894905e+01
2.675000000000000266e+00 1.440351445612727099e+00 6.682901390239098305e+01 4.481447417730177563e+01 2.984711865964375832e+01
2.680000000000000160e+00 1.441639566541798700e+00 6.709659795959801443e+01 4.500011214129274606e+01 2.985100910505379801e+01
2.685000000000000053e+00 1.442927546792763360e+00 6.736489539043927266e+01 4.518624241275566078e+01 2.984900047700320158e+01
2.689999999999999947e+00 1.444215379991559578e+00 6.763392240473581296e+01 4.537286959343940396e+01 2.984148409885273523e+01
2.694999999999999840e+00 1.445503059869796658e+00 6.790367240329848642e+01 4.555999384444987754e+01 2.982865507645759706e+01
2.700000000000000178e+00 1.446790580265890691e+00 6.817414826922356497e+01 4.574761983086636974e+01 2.981080008663261083e+01
2.705000000000000071e+00 1.448077935126202975e+00 6.844534846747467327e+01 4.593574716566416072e+01 2.978821856120431733e+01
2.709999999999999964e+00 1.449365118506182437e+00 6.871727506828342769e+01 4.612437961526012487e+01 2.976121200743076756e+01
2.714999999999999858e+00 1.450652124571508272e+00 6.898992673424446309e+01 4.631351809703315325e+01 2.973009912625785489e+01
2.720000000000000195e+00 1.451938947599239915e+00 6.926330374538407852e+01 4.650316356058070255e+01 2.969519702275867701e+01
2.725000000000000089e+00 1.453225581978965009e+00 6.953740518306626939e+01 4.669331851280644941e+01 2.965684148461585323e+01
2.729999999999999982e+00 1.454512022213955591e+00 6.981223029957467929e+01 4.688398347918406728e+01 2.961537868989416467e+01
2.734999999999999876e+00 1.455798262922322506e+00 7.008777815183574944e+01 4.707515941933951353e+01 2.957115544268870622e+01
2.740000000000000213e+00 1.457084298838174696e+00 7.036404563987407812e+01 4.726684684362787436e+01 2.952454228871400588e+01
2.745000000000000107e+00 1.458370124812782276e+00 7.064103376089555297e+01 4.745904830985768541e+01 2.947588384431729480e+01
2.750000000000000000e+00 1.459655735815740485e+00 7.091873786186675943e+01 4.765176269082737548e+01 2.942557995058762543e+01
2.754999999999999893e+00 1.460941126936137202e+00 7.119715649672755831e+01 4.784498872734357633e+01 2.937398799932183024e+01
2.760000000000000231e+00 1.462226293383724007e+00 7.147628776914775983e+01 4.803872912183668120e+01 2.932149429715851241e+01
2.765000000000000124e+00 1.463511230490086357e+00 7.175612875531170687e+01 4.823298366827035011e+01 2.926849184709053020e+01
2.770000000000000018e+00 1.464795933709824194e+00 7.203667449925568178e+01 4.842774956715668822e+01 2.921537392640992437e+01
2.774999999999999911e+00 1.466080398621724123e+00 7.231792399170456065e+01 4.862302943678851364e+01 2.916253205045061847e+01
2.780000000000000249e+00 1.467364620929943797e+00 7.259987221167020266e+01 4.881881970122263681e+01 2.911036141323554105e+01
2.785000000000000142e+00 1.468648596465194744e+00 7.288251665797342582e+01 4.901512095363944610e+01 2.905926321059120809e+01
2.790000000000000036e+00 1.469932321185927426e+00 7.316586337814671026e+01 4.921193728083963492e+01 2.900958087401204466e+01
2.794999999999999929e+00 1.471215791179520282e+00 7.344988931197607940e+01 4.940925911613237531e+01 2.896182229738059632e+01
2.800000000000000266e+00 1.472499002663467449e+00 7.373459892471909427e+01 4.960708672597504432e+01 2.891631933838625201e+01
2.805000000000000160e+00 1.473781951986576466e+00 7.401999009515044747e+01 4.980542193227846326e+01 2.887349697416435745e+01
2.810000000000000053e+00 1.475064635630160437e+00 7.430605787172038390e+01 5.000426375371061027e+01 2.883372623673828627e+01
2.814999999999999947e+00 1.476347050209237288e+00 7.459279486761535338e+01 5.020360460004579295e+01 2.879741650375650508e+01
2.819999999999999840e+00 1.477629192473728592e+00 7.488020041055710863e+01 5.040344659270760275e+01 2.876495048915458597e+01
2.825000000000000178e+00 1.478911059309663267e+00 7.516827107734260949e+01 5.060379131496620175e+01 2.873671438001018430e+01
2.830000000000000071e+00 1.480192647740382617e+00 7.545699966936990677e+01 5.080463157969774102e+01 2.871309016629543009e+01
2.834999999999999964e+00 1.481473954927746250e+00 7.574638102937964845e+01 5.100596549668987478e+01 2.869445204722270759e+01
2.839999999999999858e+00 1.482754978173340454e+00 7.603641495049619436e+01 5.120779408717549330e+01 2.868116426973632471e+01
2.845000000000000195e+00 1.484035714919693882e+00 7.632709510712875556e+01 5.141011203582910127e+01 2.867360540313927331e+01
2.850000000000000089e+00 1.485316162751484814e+00 7.661841747519176238e+01 5.161292136889845494e+01 2.867210430251826025e+01
2.854999999999999982e+00 1.486596319396762178e+00 7.691037667693471747e+01 5.181621391503732355e+01 2.867701085770670488e+01
2.859999999999999876e+00 1.487876182728162133e+00 7.720297185471314094e+01 5.201999188346979963e+01 2.868867781571193731e+01
2.865000000000000213e+00 1.489155750764126207e+00 7.749619590175674944e+01 5.222424946839117865e+01 2.870742326458406524e+01
2.870000000000000107e+00 1.490435021670126092e+00 7.779004767467034753e+01 5.242898700613831409e+01 2.873356462508860076e+01
2.875000000000000000e+00 1.491713993759884893e+00 7.808452311415419445e+01 5.263420161006214215e+01 2.876742034565084793e+01
2.879999999999999893e+00 1.492992665496607696e+00 7.837962345294499755e+01 5.283989512026808910e+01 2.880932597141567797e+01
2.885000000000000231e+00 1.494271035494205480e+00 7.867533617922539690e+01 5.304605622565425449e+01 2.885946976631682404e+01
2.890000000000000124e+00 1.495549102518527240e+00 7.897166275812975300e+01 5.325268671058390169e+01 2.891814898787747623e+01
2.895000000000000018e+00 1.496826865488593894e+00 7.926860012746725204e+01 5.345978289030564667e+01 2.898563660845668366e+01
2.899999999999999911e+00 1.498104323477830180e+00 7.956614804955255238e+01 5.366734654307638408e+01 2.906219409721773062e+01
2.905000000000000249e+00 1.499381475715303225e+00 7.986430074201589946e+01 5.387537140269719060e+01 2.914803754590284157e+01
2.910000000000000142e+00 1.500658321586958444e+00 8.016305820733511212e+01 5.408385694474287675e+01 2.924337561662396823e+01
2.915000000000000036e+00 1.501934860636862323e+00 8.046241864326005100e+01 5.429280203199036237e+01 2.934841922282707927e+01
2.919999999999999929e+00 1.503211092568443430e+00 8.076237825494973777e+01 5.450220059865668532e+01 2.946335459673039026e+01
2.925000000000000266e+00 1.504487017245737190e+00 8.106293987401728884e+01 5.471205758306383871e+01 2.958834787710424408e+01
2.930000000000000160e+00 1.505762634694630231e+00 8.136409788835833012e+01 5.492236471244503093e+01 2.972356406946613205e+01
2.935000000000000053e+00 1.507037945104112264e+00 8.166585874407572021e+01 5.513312665599933382e+01 2.986913671065393316e+01
2.939999999999999947e+00 1.508312948827522426e+00 8.196821607220093142e+01 5.534433846659813128e+01 3.002518586866034411e+01
2.944999999999999840e+00 1.509587646383803383e+00 8.227116928202558199e+01 5.555599715374040670e+01 3.019182295491297552e+01
2.950000000000000178e+00 1.510862038458753664e+00 8.257472379625622239e+01 5.576810694960983739e+01 3.036914825307947652e+01
2.955000000000000071e+00 1.512136125906285322e+00 8.287887002246733914e+01 5.598065757652214813e+01 3.055723975220854882e+01
2.959999999999999964e+00 1.513409909749681370e+00 8.318361717102089870e+01 5.619365503978468013e+01 3.075610204619635368e+01
2.964999999999999858e+00 1.514683391182853445e+00 8.348896898951794299e+01 5.640710084698328330e+01 3.096583524348348604e+01
2.970000000000000195e+00 1.515956571571605682e+00 8.379492311569399021e+01 5.662099257731782131e+01 3.118641977380150010e+01
2.975000000000000089e+00 1.517229452454897709e+00 8.410147362906973001e+01 5.683532002459664056e+01 3.141788745671932048e+01
2.979999999999999982e+00 1.518502035546109630e+00 8.440863588713490628e+01 5.705009807439158465e+01 3.166023345498193109e+01
2.984999999999999876e+00 1.519774322734309235e+00 8.471639688187791251e+01 5.726531526473169720e+01 3.191338371471556812e+01
2.990000000000000213e+00 1.521046316085523209e+00 8.502476894104327698e+01 5.748097604092557589e+01 3.217735462477458697e+01
2.995000000000000107e+00 1.522318017844006111e+00 8.533375019801933092e+01 5.769707835386905970e+01 3.245203689789893531e+01
3.000000000000000000e+00 1.523589430433515579e+00 8.564335511579352556e+01 5.791363428804405089e+01 3.273732902424854529e+01
3.004999999999999893e+00 1.524860556458587313e+00 8.595356253671400282e+01 5.813061769269643264e+01 3.303320277062744736e+01
3.010000000000000231e+00 1.526131398705811604e+00 8.626440265867381640e+01 5.834806152077537433e+01 3.333943400680664837e+01
3.015000000000000124e+00 1.527401960145112314e+00 8.657585978200943089e+01 5.856594476642845137e+01 3.365605550035611060e+01
3.020000000000000018e+00 1.528672243931031183e+00 8.688794770598966011e+01 5.878427567740238402e+01 3.398275774612375955e+01
3.024999999999999911e+00 1.529942253404009023e+00 8.720065981467236327e+01 5.900304719030345524e+01 3.431942605383921574e+01
3.030000000000000249e+00 1.531211992091669805e+00 8.751401304335411169e+01 5.922227482209896010e+01 3.466590612735335952e+01
3.035000000000000142e+00 1.532481463710112957e+00 8.782800286474665086e+01 5.944195395331306031e+01 3.502197778899524394e+01
3.040000000000000036e+00 1.533750672165198337e+00 8.814263832173959656e+01 5.966208792516314929e+01 3.538741628233574232e+01
3.044999999999999929e+00 1.535019621553841640e+00 8.845792338779702391e+01 5.988267203139314176e+01 3.576205286013880169e+01
3.050000000000000266e+00 1.536288316165307810e+00 8.877385708107333073e+01 6.010371155510789976e+01 3.614557481616171231e+01
3.055000000000000160e+00 1.537556760482504448e+00 8.909043673128353191e+01 6.032519829791660015e+01 3.653776235288374608e+01
3.060000000000000053e+00 1.538824959183287211e+00 8.940769411394165900e+01 6.054716319957726967e+01 3.693835566181749641e+01
3.064999999999999947e+00 1.540092917141751672e+00 8.972561368595789588e+01 6.076958368263789367e+01 3.734697202599911492e+01
3.070000000000000284e+00 1.541360639429545376e+00 9.004419976948801718e+01 6.099246561799147059e+01 3.776346348501297712e+01
3.075000000000000178e+00 1.542628131317168361e+00 9.036346667350952089e+01 6.121581821461176531e+01 3.818736219220036787e+01
3.080000000000000071e+00 1.543895398275281439e+00 9.068341258661770610e+01 6.143963915309624468e+01 3.861844213845186857e+01
3.084999999999999964e+00 1.545162445976019150e+00 9.100404180246896146e+01 6.166393461050490998e+01 3.905635462615268239e+01
3.089999999999999858e+00 1.546429280294300046e+00 9.132535059530069077e+01 6.188869176490553059e+01 3.950076811961933743e+01
3.095000000000000195e+00 1.547695907309144969e+00 9.164740146064039550e+01 6.211394390647041064e+01 3.995128274724104500e+01
3.100000000000000089e+00 1.548962333304992001e+00 9.197011577852130415e+01 6.233967178696142497e+01 4.040760734500507567e+01
3.104999999999999982e+00 1.550228564773019402e+00 9.229352533763601230e+01 6.256587288074025821e+01 4.086923066554587791e+01
3.109999999999999876e+00 1.551494608412467890e+00 9.261765071136775873e+01 6.279256062439684172e+01 4.133578835839438170e+01
3.115000000000000213e+00 1.552760471131968911e+00 9.294249038083108871e+01 6.301974829977998382e+01 4.180695134636650323e+01
3.120000000000000107e+00 1.554026160050869576e+00 9.326804199622506530e+01 6.324741726350421800e+01 4.228238468684631357e+01
3.125000000000000000e+00 1.555291682500568706e+00 9.359430818142551800e+01 6.347558203063233861e+01 4.276160970415315177e+01
3.129999999999999893e+00 1.556557046025848434e+00 9.392129640944159519e+01 6.370423442055192709e+01 4.324402393273513212e+01
3.135000000000000231e+00 1.557822258386214909e+00 9.424904952728282126e+01 6.393342064240519562e+01 4.372946586706364513e+01
3.140000000000000124e+00 1.559087327557234559e+00 9.457749256520514791e+01 6.416307341719146962e+01 4.421749451170062883e+01
3.145000000000000018e+00 1.560352261731882795e+00 9.490671719475483314e+01 6.439326450120631762e+01 4.470744742006431238e+01
3.149999999999999911e+00 1.561617069321888263e+00 9.523664826225871138e+01 6.462393857607619907e+01 4.519911174202312765e+01
3.155000000000000249e+00 1.562881758959084433e+00 9.556731587351768553e+01 6.485512845603778942e+01 4.569204770091015888e+01
3.160000000000000142e+00 1.564146339496760740e+00 9.589873601815595805e+01 6.508683648743455308e+01 4.618584126212456198e+01
3.165000000000000036e+00 1.565410820011023496e+00 9.623092285404872825e+01 6.531906804742091310e+01 4.667970605983471444e+01
3.169999999999999929e+00 1.566675209802153468e+00 9.656382769896683271e+01 6.555180108349728130e+01 4.717350681978874860e+01
3.175000000000000266e+00 1.567939518395971676e+00 9.689751434961388554e+01 6.578507027522780959e+01 4.766687076324995331e+01
3.180000000000000160e+00 1.569203755545205192e+00 9.723195875482291228e+01 6.601887604085291628e+01 4.815928612499020289e+01
3.185000000000000053e+00 1.570467931230861369e+00 9.756714935203342520e+01 6.625319402287482262e+01 4.865005055389017485e+01
3.189999999999999947e+00 1.571732055663601191e+00 9.790309600246402510e+01 6.648804037606953443e+01 4.913904063140157774e+01
3.195000000000000284e+00 1.572996139285118833e+00 9.823982925409754330e+01 6.672343816069516720e+01 4.962570612462361908e+01
3.200000000000000178e+00 1.574260192769525224e+00 9.857724756629629326e+01 6.695930075808470860e+01 5.010987998291913215e+01
3.205000000000000071e+00 1.575524227024737378e+00 9.891552142180444207e+01 6.719578351800910809e+01 5.059069577344718738e+01
3.209999999999999964e+00 1.576788253193867284e+00 9.925449492891304715e+01 6.743276481738503492e+01 5.106799773803455622e+01
3.214999999999999858e+00 1.578052282656617233e+00 9.959426525511541683e+01 6.767027072939600885e+01 5.154112733822197612e+01
3.220000000000000195e+00 1.579316327030685141e+00 9.993481080488949431e+01 6.790835791755488060e+01 5.201005821293473730e+01
3.225000000000000089e+00 1.580580398173165202e+00 1.002760842019399519e+02 6.814694964508757380e+01 5.247457297777543772e+01
3.229999999999999982e+00 1.581844508181959430e+00 1.006181697858469164e+02 6.838612264130073015e+01 5.293305293818005453e+01
3.234999999999999876e+00 1.583108669397191415e+00 1.009609605646029138e+02 6.862579142718618641e+01 5.338677895753646396e+01
3.240000000000000213e+00 1.584372894402625409e+00 1.013045646556905979e+02 6.886604659519895222e+01 5.383414527421423657e+01
3.245000000000000107e+00 1.585637196027092743e+00 1.016489151542215978e+02 6.910683479543656915e+01 5.427537363901917900e+01
3.250000000000000000e+00 1.586901587345919129e+00 1.019940123197130646e+02 6.934815210368327598e+01 5.470976344567235827e+01
3.254999999999999893e+00 1.588166081682362174e+00 1.023398831717535415e+02 6.959004809724041252e+01 5.513765549926813492e+01
3.260000000000000231e+00 1.589430692609048013e+00 1.026865287188410889e+02 6.983247868636675548e+01 5.555785731250166037e+01
3.265000000000000124e+00 1.590695433949419924e+00 1.030339285899909640e+02 7.007547303047513765e+01 5.597063636345627913e+01
3.270000000000000018e+00 1.591960319779189614e+00 1.033820769201609124e+02 7.031901128534028089e+01 5.637570054253468044e+01
3.274999999999999911e+00 1.593225364427793389e+00 1.037309612077044818e+02 7.056307948728937163e+01 5.677288865047041355e+01
3.280000000000000249e+00 1.594490582479856755e+00 1.040806281245770322e+02 7.080770385619790375e+01 5.716115908826767367e+01
3.285000000000000142e+00 1.595755988776664358e+00 1.044310930005065927e+02 7.105294139106810292e+01 5.754028671998477051e+01
3.290000000000000036e+00 1.597021598417631694e+00 1.047822584300109696e+02 7.129864301243515001e+01 5.791138905055060349e+01
3.294999999999999929e+00 1.598287426761794583e+00 1.051341730543699100e+02 7.154491730475064060e+01 5.827270690273259390e+01
3.300000000000000266e+00 1.599553489429289543e+00 1.054867681117690097e+02 7.179172467582520767e+01 5.862561525192761280e+01
3.305000000000000160e+00 1.600819802302856587e+00 1.058401326243019440e+02 7.203907437555224647e+01 5.896833236493058195e+01
3.310000000000000053e+00 1.602086381529337800e+00 1.061943478010097408e+02 7.228704512354521228e+01 5.930098645478384611e+01
3.314999999999999947e+00 1.603353243521186133e+00 1.065491723408196520e+02 7.253547047273707449e+01 5.962421922924897899e+01
3.320000000000000284e+00 1.604620404957985969e+00 1.069048644080712762e+02 7.278458479564980621e+01 5.993807329330515188e+01
3.325000000000000178e+00 1.605887882787973897e+00 1.072612874796638636e+02 7.303419137524937810e+01 6.024156194886946736e+01
3.330000000000000071e+00 1.607155694229572163e+00 1.076182450435460254e+02 7.328422754572812892e+01 6.053588858020834351e+01
3.334999999999999964e+00 1.608423856772927873e+00 1.079760997825432582e+02 7.353490957265759675e+01 6.081841411214622894e+01
3.339999999999999858e+00 1.609692388181460876e+00 1.083345384578369845e+02 7.378596977055303796e+01 6.109003749299106545e+01
3.345000000000000195e+00 1.610961306493419842e+00 1.086938861200533495e+02 7.403784018107691622e+01 6.135320066613155632e+01
3.350000000000000089e+00 1.612230630023444355e+00 1.090537867259870097e+02 7.429005862392443760e+01 6.160587167435496525e+01
3.354999999999999982e+00 1.613500377364142535e+00 1.094145872044718715e+02 7.454299583328818812e+01 6.184859494095690025e+01
3.359999999999999876e+00 1.614770567387667999e+00 1.097759665498985413e+02 7.479628771620878069e+01 6.208051696129128061e+01
3.365000000000000213e+00 1.616041219247312144e+00 1.101381634103113498e+02 7.505022843892874107e+01 6.230127799409692102e+01
3.370000000000000107e+00 1.617312352379102647e+00 1.105009352196625372e+02 7.530458109970579983e+01 6.251286830247141069e+01
3.375000000000000000e+00 1.618583986503417060e+00 1.108646435297786468e+02 7.555965893195320859e+01 6.271266129693644586e+01
3.379999999999999893e+00 1.619856141626595081e+00 1.112289490554335032e+02 7.581522441103612664e+01 6.290623468466159807e+01
3.385000000000000231e+00 1.621128838042573905e+00 1.115939106710959265e+02 7.607116851901062660e+01 6.308650262864249925e+01
3.390000000000000124e+00 1.622402096334521149e+00 1.119594297807775831e+02 7.632767840489435685e+01 6.325717013066829253e+01
3.395000000000000018e+00 1.623675937376488410e+00 1.123258502828777239e+02 7.658477127053863853e+01 6.342026798214418903e+01
3.399999999999999911e+00 1.624950382335069499e+00 1.126932873659573318e+02 7.684263196299599485e+01 6.357131692755653063e+01
3.405000000000000249e+00 1.626225452671069327e+00 1.130611083575018938e+02 7.710083453428977407e+01 6.371697234202754601e+01
3.410000000000000142e+00 1.627501170141188780e+00 1.134292663350560701e+02 7.735911137551639172e+01 6.385009348979625798e+01
3.415000000000000036e+00 1.628777556799715365e+00 1.137988064935283177e+02 7.761867053428906615e+01 6.397499401034435351e+01
3.419999999999999929e+00 1.630054635000228513e+00 1.141690399290550175e+02 7.787863177514746837e+01 6.409279412745993909e+01
3.425000000000000266e+00 1.631332427397314877e+00 1.145395730801451748e+02 7.813884306456289153e+01 6.420311771946195734e+01
3.430000000000000160e+00 1.632610956948298497e+00 1.149108356242469995e+02 7.839958229742211415e+01 6.430472356222735186e+01
3.435000000000000053e+00 1.633890246914980304e+00 1.152828577948610018e+02 7.866090724914627685e+01 6.439789001478240493e+01
3.439999999999999947e+00 1.635170320865392934e+00 1.156558991240993350e+02 7.892294974215766956e+01 6.448336498669718253e+01
3.445000000000000284e+00 1.636451202675564431e+00 1.160291553841482681e+02 7.918527244486379857e+01 6.456829676976404642e+01
3.450000000000000178e+00 1.637732916531301264e+00 1.164035976242461743e+02 7.944835249928539156e+01 6.463855145976886263e+01
3.455000000000000071e+00 1.639015486929979559e+00 1.167782435869012119e+02 7.971155497896387487e+01 6.470469127411985255e+01
3.459999999999999964e+00 1.640298938682350771e+00 1.171542264346804245e+02 7.997580659983813689e+01 6.476349191065020250e+01
3.464999999999999858e+00 1.641583296914366441e+00 1.175305725391761058e+02 8.024031985948005286e+01 6.482045567310761669e+01
3.470000000000000195e+00 1.642868587069010289e+00 1.179077243892000837e+02 8.050532065196887288e+01 6.486898259518720522e+01
3.475000000000000089e+00 1.644154834908149621e+00 1.182852451230972406e+02 8.077060994504263647e+01 6.491229156023631219e+01
3.479999999999999982e+00 1.645442066514400281e+00 1.186639163525980223e+02 8.103687601718030464e+01 6.495443315043841892e+01
3.484999999999999876e+00 1.646730308293007594e+00 1.190429734103117596e+02 8.130327478749313741e+01 6.499082938982407143e+01
3.490000000000000213e+00 1.648019586973742623e+00 1.194234982407671026e+02 8.157099669125602759e+01 6.502977929142177516e+01
3.495000000000000107e+00 1.649309929612814640e+00 1.198043552323262162e+02 8.183882898024506858e+01 6.506079954000604459e+01
3.500000000000000000e+00 1.650601363594798476e+00 1.201852036728951276e+02 8.210651476754932787e+01 6.508571116852239413e+01
3.504999999999999893e+00 1.651893916634581849e+00 1.205675766496514569e+02 8.237546589209947001e+01 6.510651206490314280e+01
3.510000000000000231e+00 1.653187616779326907e+00 1.209498835087541835e+02 8.264420142450467210e+01 6.512205904909949084e+01
3.515000000000000124e+00 1.654482492410449757e+00 1.213327163393581571e+02 8.291346859558973392e+01 6.514384742734225142e+01
3.520000000000000018e+00 1.655778572245619973e+00 1.217166882457346162e+02 8.318332149884687965e+01 6.515661572013351588e+01
3.524999999999999911e+00 1.657075885340773880e+00 1.221013325015513402e+02 8.345400148395204099e+01 6.517690369480490631e+01
3.530000000000000249e+00 1.658374461092151142e+00 1.224864254826411099e+02 8.372485244421967820e+01 6.519779158518575457e+01
3.535000000000000142e+00 1.659674329238346902e+00 1.228734493114121733e+02 8.399707611896633352e+01 6.521438226855505604e+01
3.540000000000000036e+00 1.660975519862385452e+00 1.232595753909275942e+02 8.426870824400484139e+01 6.523676466841196486e+01
3.544999999999999929e+00 1.662278063393811456e+00 1.236473458207055813e+02 8.454116611423319227e+01 6.524915291209400436e+01
3.550000000000000266e+00 1.663581990610803807e+00 1.240345134350495755e+02 8.481327641025654884e+01 6.527512699905226157e+01
3.555000000000000160e+00 1.664887332642308815e+00 1.244245631311114835e+02 8.508776581540547568e+01 6.530018505112491312e+01
3.560000000000000053e+00 1.666194120970192039e+00 1.248149159069912884e+02 8.536226538780348960e+01 6.532900298352188884e+01
3.564999999999999947e+00 1.667502387431416100e+00 1.252054644824558380e+02 8.563694318173095610e+01 6.536378782615361160e+01
3.570000000000000284e+00 1.668812164220237593e+00 1.255974982115889560e+02 8.591282983917642468e+01 6.540312782271593051e+01
3.575000000000000178e+00 1.670123483890425531e+00 1.259895694951256928e+02 8.618850738563594405e+01 6.544727000881590584e+01
3.580000000000000071e+00 1.671436379357503110e+00 1.263828224777596745e+02 8.646506009183764263e+01 6.549245921464060416e+01
3.584999999999999964e+00 1.672750883901015451e+00 1.267768045910695918e+02 8.674213775344617261e+01 6.554701752514456814e+01
3.589999999999999858e+00 1.674067031166816655e+00 1.271719459337934950e+02 8.702009281322435186e+01 6.560997586361946787e+01
3.595000000000000195e+00 1.675384855169382847e+00 1.275673074776040323e+02 8.729806914566714227e+01 6.567446281036420430e+01
3.600000000000000089e+00 1.676704390294149860e+00 1.279641946815235087e+02 8.757731528008415012e+01 6.574974402406198237e+01
3.604999999999999982e+00 1.678025671299876453e+00 1.283614961442610536e+02 8.785664035879393907e+01 6.582924394712888727e+01
3.609999999999999876e+00 1.679348733321033071e+00 1.287592501594746182e+02 8.813645362815213957e+01 6.592232454206505565e+01
3.615000000000000213e+00 1.680673611870211692e+00 1.291586205571798587e+02 8.841729595865373881e+01 6.602077257169499092e+01
3.620000000000000107e+00 1.682000342840573426e+00 1.295596156059592658e+02 8.869924268124646005e+01 6.612731471072973477e+01
3.625000000000000000e+00 1.683328962508309878e+00 1.299591738415730333e+02 8.898026064516116662e+01 6.624479201300529496e+01
3.629999999999999893e+00 1.684659507535143819e+00 1.303611153969175973e+02 8.926267329807696171e+01 6.636228374988658629e+01
3.635000000000000231e+00 1.685992014970846498e+00 1.307631229374889585e+02 8.954558054785456989e+01 6.651306997065107396e+01
3.640000000000000124e+00 1.687326522255794936e+00 1.311665912705912262e+02 8.982916922224670486e+01 6.665303386077559367e+01
3.645000000000000018e+00 1.688663067223552527e+00 1.315720065446791978e+02 9.011452515833892107e+01 6.681700644395823474e+01
3.649999999999999911e+00 1.690001688103477839e+00 1.319779304118926007e+02 9.040019581449683983e+01 6.698846920488861656e+01
3.655000000000000249e+00 1.691342423523365834e+00 1.323828315523419406e+02 9.068508026415557310e+01 6.717642384473414552e+01
3.660000000000000142e+00 1.692685312512123508e+00 1.327891305645802902e+02 9.097021062270556513e+01 6.735281612139651486e+01
3.665000000000000036e+00 1.694030394502469727e+00 1.331985403942214816e+02 9.125853951676464249e+01 6.757434397702101592e+01
3.669999999999999929e+00 1.695377709333675487e+00 1.336066499429288683e+02 9.154543176877044175e+01 6.777859348818033425e+01
3.675000000000000266e+00 1.696727297254325917e+00 1.340161496180464269e+02 9.183360312609704579e+01 6.802014071310274801e+01
3.680000000000000160e+00 1.698079198925130706e+00 1.344256233556967857e+02 9.212181763005750668e+01 6.826306164838811696e+01
3.685000000000000053e+00 1.699433455421752726e+00 1.348383636291664232e+02 9.241191042374870790e+01 6.851846787753588330e+01
3.689999999999999947e+00 1.700790108237682396e+00 1.352511772511844299e+02 9.270222205570166807e+01 6.879176142820435302e+01
3.695000000000000284e+00 1.702149199287140036e+00 1.356660793690934668e+02 9.299381441318840302e+01 6.907309527320506959e+01
3.700000000000000178e+00 1.703510770908022831e+00 1.360791913486391422e+02 9.328398070670365883e+01 6.936926249979771342e+01
3.705000000000000071e+00 1.704874865864877798e+00 1.364929215060231797e+02 9.357545611135967079e+01 6.967867128689039191e+01
3.709999999999999964e+00 1.706241527351919807e+00 1.369098827587489779e+02 9.386932495853497471e+01 7.000931045408633224e+01
3.714999999999999858e+00 1.707610798996081591e+00 1.373279114017938980e+02 9.416337404556452384e+01 7.036316748508346564e+01
3.720000000000000195e+00 1.708982724860113711e+00 1.377441789924392594e+02 9.445569992945581816e+01 7.070593565592031382e+01
3.725000000000000089e+00 1.710357349445704500e+00 1.381633871715697808e+02 9.475061404168710055e+01 7.108270341303943951e+01
3.729999999999999982e+00 1.711734717696661745e+00 1.385842060422893667e+02 9.504651890519247104e+01 7.145893724797716118e+01
3.734999999999999876e+00 1.713114875002117454e+00 1.390042318386785212e+02 9.534241494365568315e+01 7.185578958913187364e+01
3.740000000000000213e+00 1.714497867199787251e+00 1.394259965784266626e+02 9.563941446406795421e+01 7.226784330486204055e+01
3.745000000000000107e+00 1.715883740579261962e+00 1.398485927279397174e+02 9.593606967482743642e+01 7.268854542071487401e+01
3.750000000000000000e+00 1.717272541885350057e+00 1.402719672845159664e+02 9.623447415363841628e+01 7.313008048634152658e+01
3.754999999999999893e+00 1.718664318321458495e+00 1.406965510223418221e+02 9.653301540022233951e+01 7.358080764192611412e+01
3.760000000000000231e+00 1.720059117553022654e+00 1.411216582841998104e+02 9.683276152921254720e+01 7.406664631174618307e+01
3.765000000000000124e+00 1.721456987710977105e+00 1.415500967914483397e+02 9.713451163357214568e+01 7.453873141396454116e+01
3.770000000000000018e+00 1.722857977395276574e+00 1.419767595393910256e+02 9.743424725651740914e+01 7.503234864259826509e+01
3.774999999999999911e+00 1.724262135678464647e+00 1.424054377090619994e+02 9.773634843132091987e+01 7.555845778250834144e+01
3.780000000000000249e+00 1.725669512109285098e+00 1.428347332905088365e+02 9.803869448011026577e+01 7.606997635703164917e+01
3.785000000000000142e+00 1.727080156716347847e+00 1.432642630208705441e+02 9.834084796870200762e+01 7.660776724483034172e+01
3.790000000000000036e+00 1.728494120011841551e+00 1.436958247878334021e+02 9.864516073255872186e+01 7.715735745574635018e+01
3.794999999999999929e+00 1.729911452995299248e+00 1.441280510580085377e+02 9.894898464642383829e+01 7.773260765218246604e+01
3.800000000000000266e+00 1.731332207157411762e+00 1.445608059996665418e+02 9.925411727364397052e+01 7.830483508350658894e+01
3.805000000000000160e+00 1.732756434483898600e+00 1.449963428590497188e+02 9.956062871237230638e+01 7.888244855687344170e+01
3.810000000000000053e+00 1.734184187459427706e+00 1.454318329633532301e+02 9.986736147894946214e+01 7.948248215966269470e+01
3.814999999999999947e+00 1.735615519071593615e+00 1.458669305691876730e+02 1.001738688808853368e+02 8.010857476770254948e+01
3.820000000000000284e+00 1.737050482814948671e+00 1.463036032638419499e+02 1.004808290675919977e+02 8.070636939552034050e+01
3.825000000000000178e+00 1.738489132695088868e+00 1.467414349343786455e+02 1.007900243702179921e+02 8.137353415955914215e+01
3.830000000000000071e+00 1.739931523232801869e+00 1.471827842358897271e+02 1.011010618624498818e+02 8.201583256035918623e+01
3.834999999999999964e+00 1.741377709468272084e+00 1.476224206301179152e+02 1.014107930936314688e+02 8.265910443717056921e+01
3.839999999999999858e+00 1.742827746965340152e+00 1.480615562684648694e+02 1.017215023541563568e+02 8.334943559631022936e+01
3.845000000000000195e+00 1.744281691815829705e+00 1.485050978578590843e+02 1.020331690659606210e+02 8.401573975327904975e+01
3.850000000000000089e+00 1.745739600643932299e+00 1.489492935892615719e+02 1.023464008915001102e+02 8.468447379462025992e+01
3.854999999999999982e+00 1.747201530610656750e+00 1.493928092079603402e+02 1.026590610938540351e+02 8.540123245919387784e+01
3.859999999999999876e+00 1.748667539418339745e+00 1.498365824218707303e+02 1.029719413383056974e+02 8.608764657519989782e+01
3.865000000000000213e+00 1.750137685315223512e+00 1.502846840666570358e+02 1.032889229983285588e+02 8.680428478918543078e+01
3.870000000000000107e+00 1.751612027100100555e+00 1.507292433606390034e+02 1.036029806782908338e+02 8.754643372180970573e+01
3.875000000000000000e+00 1.753090624127023878e+00 1.511765570314858280e+02 1.039179853257435440e+02 8.824950688504380025e+01
3.879999999999999893e+00 1.754573536310083837e+00 1.516260278971767832e+02 1.042353349082338241e+02 8.898556390696923302e+01
3.885000000000000231e+00 1.756060824128258258e+00 1.520760213044400473e+02 1.045537418894928408e+02 8.975519004156188885e+01
3.890000000000000124e+00 1.757552548630337386e+00 1.525275343783086157e+02 1.048720555364766369e+02 9.048412864334623862e+01
3.895000000000000018e+00 1.759048771439909009e+00 1.529733803118264746e+02 1.051868576429105673e+02 9.128520598430607436e+01
3.899999999999999911e+00 1.760549554760425739e+00 1.534312135217496404e+02 1.055075172313414811e+02 9.197270463187987843e+01
3.905000000000000249e+00 1.762054961380348228e+00 1.538859915441249484e+02 1.058302332243730461e+02 9.277454922766999346e+01
3.910000000000000142e+00 1.763565054678360111e+00 1.543410403221087677e+02 1.061522138864512215e+02 9.354623219635951159e+01
3.915000000000000036e+00 1.765079898628665322e+00 1.548018356430294489e+02 1.064753290351557808e+02 9.427538375706116369e+01
3.919999999999999929e+00 1.766599557806353804e+00 1.552488614503257622e+02 1.067931837174174916e+02 9.511490283757228781e+01
3.925000000000000266e+00 1.768124097392861804e+00 1.557109524508877882e+02 1.071185160866376123e+02 9.581744945662387636e+01
3.930000000000000160e+00 1.769653583181507006e+00 1.561710032967578741e+02 1.074419328822266664e+02 9.658432004954255490e+01
3.935000000000000053e+00 1.771188081583099816e+00 1.566294095122838428e+02 1.077689582880790482e+02 9.740395847180799649e+01
3.939999999999999947e+00 1.772727659631656794e+00 1.570936538385130348e+02 1.080963046799698617e+02 9.817931118871831586e+01
3.945000000000000284e+00 1.774272384990179141e+00 1.575548549256138529e+02 1.084211462554854677e+02 9.891646931591330372e+01
3.950000000000000178e+00 1.775822325956536885e+00 1.580156955353151602e+02 1.087449907778808438e+02 9.978414274194923905e+01
3.955000000000000071e+00 1.777377551469432548e+00 1.584833391808775787e+02 1.090791391095895051e+02 1.005155136526655184e+02
3.959999999999999964e+00 1.778938131114458976e+00 1.589597996784742975e+02 1.094161368464497741e+02 1.013134879332748710e+02
3.965000000000000302e+00 1.780504135130244192e+00 1.594192192861708008e+02 1.097392007021541929e+02 1.020682937517802173e+02
3.970000000000000195e+00 1.782075634414699072e+00 1.598927659233305576e+02 1.100739799691025098e+02 1.028200058326901285e+02
3.975000000000000089e+00 1.783652700531359159e+00 1.603574095591432922e+02 1.104053833649647203e+02 1.036100966509932562e+02
3.979999999999999982e+00 1.785235405715812629e+00 1.608131783509502952e+02 1.107247770664127415e+02 1.043949763478210144e+02
3.984999999999999876e+00 1.786823822882243729e+00 1.612869178955259883e+02 1.110594936568766684e+02 1.051116788723246032e+02
3.990000000000000213e+00 1.788418025630066133e+00 1.617610644911819122e+02 1.113916750482972020e+02 1.060503516436756399e+02
3.995000000000000107e+00 1.790018088250662442e+00 1.622386617112975671e+02 1.117333176272806838e+02 1.067421324069126456e+02
4.000000000000000000e+00 1.791624085734228267e+00 1.627138596451345904e+02 1.120679658591712951e+02 1.074841364274122526e+02
